round,clients,denominator,local_loss,update_norm,pre_clip_norm_mean,pre_clip_norm_median,pre_clip_norm_p90,pre_clip_norm_p95,pre_clip_norm_max,frac_clipped,post_clip_norm_mean,shrinkage_mean,noise_std,noise_norm,clipped_aggregate_norm,signal_to_noise,download_bytes,upload_bytes,bytes_per_client,sparse_upload_bytes_diag,skipped_empty
1,84,94.200000,0.692826,10.776915,0.097431,0.086529,0.170556,0.185826,0.384108,0.000000,0.097431,1.000000,3.097064,1015.182851,1.077997,0.001062,36169728,36169728,861184,3739580,False
2,104,94.200000,0.685761,10.777104,0.286784,0.203792,0.555154,0.770679,1.253978,0.000000,0.286784,1.000000,3.097064,1015.185318,4.142763,0.004081,44781568,44781568,861184,3956420,False
3,90,94.200000,0.675677,10.746642,0.420009,0.264663,0.984127,1.105661,2.406519,0.022222,0.407960,0.994637,3.097064,1012.317767,5.459622,0.005393,38753280,38753280,861184,3851640,False
4,87,94.200000,0.671267,10.815238,0.447431,0.297352,0.934106,1.221975,1.758809,0.045977,0.438345,0.994743,3.097064,1018.825461,5.715172,0.005610,37461504,37461504,861184,4444180,False
5,80,94.200000,0.650846,10.773942,0.650630,0.509847,1.404730,1.584977,2.267376,0.075000,0.629675,0.989281,3.097064,1014.847654,7.518626,0.007409,34447360,34447360,861184,3162380,False
6,85,94.200000,0.626803,10.772773,0.804090,0.645652,1.696985,2.151004,2.632471,0.164706,0.728816,0.966194,3.097064,1014.738606,8.858631,0.008730,36600320,36600320,861184,3604640,False
7,91,94.200000,0.625957,10.807960,0.772327,0.625060,1.507183,1.870404,2.487554,0.109890,0.714388,0.973858,3.097064,1018.041313,9.329457,0.009164,39183872,39183872,861184,3907800,False
8,93,94.200000,0.600656,10.822074,0.851062,0.630314,1.932739,2.196676,2.828994,0.204301,0.747158,0.952337,3.097064,1019.431111,9.910558,0.009722,40045056,40045056,861184,4202380,False
9,82,94.200000,0.572833,10.808213,1.013057,0.829755,1.947953,2.287256,2.585805,0.268293,0.897128,0.945025,3.097064,1018.060656,10.502625,0.010316,35308544,35308544,861184,3063060,False
10,89,94.200000,0.575907,10.790054,0.931768,0.751607,1.984954,2.421457,2.790359,0.202247,0.813573,0.948932,3.097064,1016.411788,10.179593,0.010015,38322688,38322688,861184,3734120,False
11,80,94.200000,0.559040,10.750715,0.980105,0.826252,2.127190,2.503218,3.164481,0.250000,0.827669,0.937458,3.097064,1012.622621,9.883469,0.009760,34447360,34447360,861184,4030780,False
12,100,94.200000,0.540953,10.816477,1.091916,0.970276,2.018202,2.309046,3.296502,0.330000,0.931441,0.926455,3.097064,1018.832491,12.659000,0.012425,43059200,43059200,861184,4517500,False
13,73,94.200000,0.553171,10.836855,1.021240,0.920921,1.893726,2.141189,3.182365,0.246575,0.912191,0.952940,3.097064,1020.770035,10.268101,0.010059,31433216,31433216,861184,3587220,False
14,100,94.200000,0.501284,10.781083,1.221330,1.202877,2.023324,2.574670,3.403681,0.350000,1.045746,0.921970,3.097064,1015.505468,14.322696,0.014104,43059200,43059200,861184,4298580,False
15,86,94.200000,0.483691,10.804743,1.222746,1.172375,2.161452,2.328764,2.731264,0.360465,1.041457,0.915680,3.097064,1017.730668,12.531913,0.012314,37030912,37030912,861184,3855280,False
16,102,94.200000,0.503234,10.747540,1.253590,1.202394,2.229707,2.364359,3.993436,0.362745,1.050841,0.911570,3.097064,1012.350780,13.920747,0.013751,43920384,43920384,861184,4280640,False
17,73,94.200000,0.496047,10.757001,1.291304,1.175423,2.159185,2.287236,3.228902,0.438356,1.081332,0.904434,3.097064,1013.245698,11.741620,0.011588,31433216,31433216,861184,2901340,False
18,98,94.200000,0.486392,10.837927,1.201644,1.052337,2.082344,2.261769,3.260297,0.326531,1.038853,0.925913,3.097064,1020.851464,13.944741,0.013660,42198016,42198016,861184,4585360,False
19,99,94.200000,0.469998,10.721610,1.298600,1.306065,2.124267,2.294047,2.968597,0.373737,1.121860,0.916439,3.097064,1009.838586,14.564280,0.014422,42628608,42628608,861184,4087200,False
20,99,94.200000,0.427912,10.745475,1.513038,1.560145,2.362480,2.580762,3.554550,0.515152,1.200730,0.865161,3.097064,1012.059819,15.885262,0.015696,42628608,42628608,861184,4248660,False
21,94,94.200000,0.456001,10.766067,1.339079,1.230125,2.378112,2.707969,3.301117,0.382979,1.070432,0.886827,3.097064,1014.056598,13.799082,0.013608,40475648,40475648,861184,4470440,False
22,104,94.200000,0.436872,10.823245,1.527174,1.528633,2.496114,2.763992,4.642522,0.509615,1.161194,0.856604,3.097064,1019.493796,15.868421,0.015565,44781568,44781568,861184,4770740,False
23,111,94.200000,0.411974,10.789183,1.446231,1.516151,2.263024,2.564652,3.273143,0.504505,1.189201,0.885764,3.097064,1016.107275,17.412357,0.017136,47795712,47795712,861184,4867460,False
24,91,94.200000,0.391031,10.755177,1.587500,1.560524,2.498552,2.720069,3.516949,0.538462,1.246481,0.855392,3.097064,1012.923141,15.480324,0.015283,39183872,39183872,861184,3725020,False
25,104,94.200000,0.366061,10.813163,1.753291,1.721108,2.635133,2.967384,3.660569,0.605769,1.329102,0.827159,3.097064,1018.449761,17.523233,0.017206,44781568,44781568,861184,3389880,False
26,96,94.200000,0.389754,10.771762,1.645830,1.657266,2.756075,3.055815,4.327787,0.572917,1.241949,0.841263,3.097064,1014.555972,15.535108,0.015312,41336832,41336832,861184,3624140,False
27,89,94.200000,0.352672,10.812781,1.641844,1.698826,2.383836,2.751651,4.208871,0.595506,1.271457,0.841502,3.097064,1018.401621,15.542948,0.015262,38322688,38322688,861184,3484000,False
28,89,94.200000,0.358394,10.780634,1.640864,1.607713,2.595081,2.886047,3.080353,0.561798,1.294044,0.854069,3.097064,1015.403064,15.075453,0.014847,38322688,38322688,861184,3121820,False
29,112,94.200000,0.363677,10.762860,1.678106,1.586255,2.550305,2.896920,4.192542,0.508929,1.253177,0.832694,3.097064,1013.750461,17.626196,0.017387,48226304,48226304,861184,4372420,False
30,74,94.200000,0.360971,10.827178,1.696659,1.665864,2.616489,2.860463,3.720156,0.581081,1.275439,0.829754,3.097064,1019.859954,13.686837,0.013420,31863808,31863808,861184,3223740,False
31,103,94.200000,0.353291,10.759723,1.699435,1.620605,2.724657,3.019031,4.765743,0.572816,1.271847,0.837430,3.097064,1013.402439,16.835609,0.016613,44350976,44350976,861184,4395300,False
32,102,94.200000,0.384937,10.820714,1.702644,1.413246,3.497388,3.709048,4.650482,0.480392,1.244558,0.845134,3.097064,1019.242933,16.785479,0.016469,43920384,43920384,861184,4593420,False
33,108,94.200000,0.339327,10.797429,1.737855,1.775270,2.673026,3.155515,4.556411,0.611111,1.280940,0.819449,3.097064,1016.965943,17.453848,0.017163,46503936,46503936,861184,4533360,False
34,92,94.200000,0.338935,10.756019,1.775796,1.602048,2.871144,3.371225,3.957914,0.586957,1.323635,0.828029,3.097064,1013.060580,16.566301,0.016353,39614464,39614464,861184,3976180,False
35,100,94.200000,0.336825,10.794710,1.885933,1.874103,2.995527,3.438944,6.057021,0.610000,1.316898,0.792059,3.097064,1016.668435,17.013379,0.016734,43059200,43059200,861184,3943680,False
36,79,94.200000,0.325440,10.755397,1.884674,1.833696,2.944695,3.268215,5.684001,0.632911,1.315492,0.799180,3.097064,1013.127597,14.095673,0.013913,34016768,34016768,861184,2873260,False
37,83,94.200000,0.365118,10.755698,1.787653,1.626058,2.756396,3.583527,5.468062,0.566265,1.307813,0.833406,3.097064,1013.014890,15.412258,0.015214,35739136,35739136,861184,3454360,False
38,93,94.200000,0.356170,10.824002,1.729573,1.647132,2.924319,3.329200,3.802301,0.580645,1.282558,0.829314,3.097064,1019.538039,15.916843,0.015612,40045056,40045056,861184,4276220,False
39,105,94.200000,0.330648,10.790192,1.916134,1.717022,3.321590,3.855987,5.540020,0.600000,1.292906,0.790574,3.097064,1016.302650,16.496738,0.016232,45212160,45212160,861184,4249180,False
40,102,94.200000,0.334005,10.790989,1.697889,1.614571,2.767371,2.825435,4.819956,0.529412,1.294777,0.843287,3.097064,1016.314500,17.122658,0.016848,43920384,43920384,861184,4460560,False
41,98,94.200000,0.345661,10.775005,1.881844,1.679565,3.376110,3.963953,6.488161,0.591837,1.309260,0.812348,3.097064,1014.857367,17.232885,0.016981,42198016,42198016,861184,4224480,False
42,100,94.200000,0.359542,10.814230,1.892238,1.657118,3.093646,3.629123,7.218328,0.520000,1.282814,0.803142,3.097064,1018.580074,16.691485,0.016387,43059200,43059200,861184,4871620,False
43,90,94.200000,0.308716,10.738435,1.909960,1.762790,3.170637,3.556021,7.345500,0.655556,1.321360,0.796440,3.097064,1011.449769,16.144918,0.015962,38753280,38753280,861184,3932240,False
44,110,94.200000,0.301506,10.800869,2.009860,1.979672,3.198339,3.744350,5.050123,0.700000,1.346674,0.759842,3.097064,1017.298101,17.698610,0.017398,47365120,47365120,861184,4456660,False
45,107,94.200000,0.322585,10.811779,1.810915,1.688460,2.823758,3.159571,4.571921,0.626168,1.320589,0.813046,3.097064,1018.285955,18.160030,0.017834,46073344,46073344,861184,4517760,False
46,96,94.200000,0.314571,10.797401,1.957962,1.778841,3.614072,3.920036,6.676665,0.635417,1.299366,0.787517,3.097064,1016.977095,16.078632,0.015810,41336832,41336832,861184,4026880,False
47,80,94.200000,0.312915,10.768919,2.050923,1.785786,3.491536,3.818660,6.803546,0.675000,1.350425,0.774159,3.097064,1014.299199,14.865971,0.014656,34447360,34447360,861184,3014960,False
48,121,94.200000,0.307047,10.795934,2.025984,1.804049,3.257256,3.584228,9.169651,0.636364,1.345060,0.781337,3.097064,1016.806845,19.674789,0.019350,52101632,52101632,861184,4862780,False
49,100,94.200000,0.309452,10.794979,2.039718,1.950198,3.583840,4.243397,6.512538,0.650000,1.352234,0.774664,3.097064,1016.671219,17.057200,0.016777,43059200,43059200,861184,4172480,False
50,102,94.200000,0.312919,10.804236,2.018579,1.809995,3.068769,3.584306,8.235999,0.656863,1.336643,0.785227,3.097064,1017.654168,17.414983,0.017113,43920384,43920384,861184,4589520,False
51,88,94.200000,0.288713,10.781486,1.988501,1.794672,3.487752,3.863700,5.401877,0.636364,1.329505,0.780318,3.097064,1015.499881,15.363435,0.015129,37892096,37892096,861184,3481400,False
52,81,94.200000,0.275802,10.789211,2.130544,2.169115,3.188265,3.501066,5.547287,0.753086,1.378451,0.736988,3.097064,1016.261164,14.340404,0.014111,34877952,34877952,861184,2884700,False
53,80,94.200000,0.319221,10.800466,1.961516,1.821383,3.499165,4.121194,6.074099,0.575000,1.305404,0.788829,3.097064,1017.364366,14.619707,0.014370,34447360,34447360,861184,3456180,False
54,76,94.200000,0.340817,10.759531,1.771078,1.526696,3.001770,3.570722,5.148036,0.500000,1.253342,0.821016,3.097064,1013.523384,13.900813,0.013715,32724992,32724992,861184,3737240,False
55,88,94.200000,0.330746,10.819312,1.919128,1.862466,3.079459,3.553179,5.211983,0.613636,1.315097,0.786166,3.097064,1019.119487,16.063820,0.015762,37892096,37892096,861184,4289740,False
56,93,94.200000,0.295697,10.759865,1.950188,1.885958,2.834625,3.505875,7.368215,0.645161,1.356040,0.790337,3.097064,1013.496825,16.784992,0.016561,40045056,40045056,861184,3689660,False
57,91,94.200000,0.333048,10.793222,2.120887,1.851872,4.270571,4.582232,8.440282,0.615385,1.319959,0.770910,3.097064,1016.566860,16.263626,0.015999,39183872,39183872,861184,4405960,False
58,100,94.200000,0.307754,10.805732,2.049709,1.787066,3.502734,4.031023,5.215922,0.650000,1.329192,0.766266,3.097064,1017.722846,16.988284,0.016692,43059200,43059200,861184,4377880,False
59,101,94.200000,0.291934,10.784621,2.127898,1.791082,3.464855,4.351784,8.854710,0.623762,1.346123,0.769364,3.097064,1015.832814,16.769772,0.016508,43489792,43489792,861184,4199260,False
60,93,94.200000,0.279512,10.758743,2.178779,2.217760,3.474655,3.864768,5.375722,0.698925,1.371195,0.727442,3.097064,1013.356884,16.095888,0.015884,40045056,40045056,861184,3522480,False
61,109,94.200000,0.305572,10.789164,2.022809,1.689509,3.542286,4.177730,5.786419,0.614679,1.321119,0.778912,3.097064,1016.208093,18.382449,0.018089,46934528,46934528,861184,4624100,False
62,98,94.200000,0.334501,10.795875,2.228775,1.939628,3.937396,4.960676,11.495870,0.642857,1.331135,0.753262,3.097064,1016.839147,16.936898,0.016656,42198016,42198016,861184,4249700,False
63,96,94.200000,0.289395,10.735259,2.296179,2.058719,3.928276,4.695746,9.356553,0.677083,1.342176,0.726873,3.097064,1011.129886,16.328606,0.016149,41336832,41336832,861184,3856840,False
64,108,94.200000,0.297967,10.751237,1.977867,1.841408,3.278450,3.909272,5.087034,0.620370,1.317321,0.773548,3.097064,1012.548904,17.633280,0.017415,46503936,46503936,861184,4626440,False
65,104,94.200000,0.296560,10.786720,2.161267,1.982219,3.312708,3.992791,10.583914,0.721154,1.382241,0.752098,3.097064,1015.918149,17.549381,0.017274,44781568,44781568,861184,4165980,False
66,105,94.200000,0.271899,10.797340,2.110703,1.886124,3.631706,4.347982,7.741429,0.685714,1.349934,0.759378,3.097064,1016.837210,17.393261,0.017105,45212160,45212160,861184,4303000,False
67,79,94.200000,0.321424,10.797155,2.203226,1.825753,4.134072,5.077167,6.271675,0.645570,1.350540,0.757709,3.097064,1017.038875,14.868372,0.014619,34016768,34016768,861184,3618420,False
68,95,94.200000,0.332407,10.771754,2.235161,1.881473,3.988622,5.398917,14.295894,0.621053,1.285141,0.761007,3.097064,1014.670366,16.305977,0.016070,40906240,40906240,861184,4878120,False
69,88,94.200000,0.329622,10.767245,2.466386,1.772370,4.544934,5.856270,12.840276,0.636364,1.339166,0.742611,3.097064,1014.149316,15.483191,0.015267,37892096,37892096,861184,3978780,False
70,106,94.200000,0.314359,10.784917,2.221956,1.966222,3.355612,3.931014,11.446904,0.679245,1.360532,0.748947,3.097064,1015.836992,17.432791,0.017161,45642752,45642752,861184,4432480,False
71,97,94.200000,0.300000,10.785966,2.121084,1.892736,3.818970,4.434067,6.940768,0.649485,1.298611,0.750765,3.097064,1015.924596,15.995603,0.015745,41767424,41767424,861184,4386720,False
72,107,94.200000,0.288842,10.797143,2.252121,1.883338,4.007721,5.068862,14.252742,0.654206,1.327873,0.747992,3.097064,1016.936248,17.692915,0.017398,46073344,46073344,861184,4735640,False
73,88,94.200000,0.273377,10.764816,2.356915,2.014740,4.864441,5.995530,8.286347,0.659091,1.279468,0.720042,3.097064,1013.922300,14.427198,0.014229,37892096,37892096,861184,3237260,False
74,99,94.200000,0.314122,10.808255,2.198565,1.846885,4.044604,5.242094,8.548150,0.616162,1.346532,0.758231,3.097064,1017.962558,17.199496,0.016896,42628608,42628608,861184,4585360,False
75,95,94.200000,0.331994,10.767665,2.580136,1.859860,4.220516,5.609362,19.220829,0.673684,1.350933,0.725519,3.097064,1014.128751,16.611058,0.016380,40906240,40906240,861184,3756480,False
76,103,94.200000,0.323832,10.790443,2.271868,1.748421,4.416264,5.076979,9.420152,0.611650,1.308616,0.748863,3.097064,1016.300600,16.591680,0.016326,44350976,44350976,861184,4693000,False
77,100,94.200000,0.303539,10.795327,2.323999,1.896669,4.654414,5.372158,7.909458,0.630000,1.302127,0.734685,3.097064,1016.765390,15.873068,0.015611,43059200,43059200,861184,4044300,False
78,85,94.200000,0.299455,10.767125,2.338312,1.955271,4.492247,5.120410,6.088219,0.658824,1.342805,0.724935,3.097064,1014.102961,15.053275,0.014844,36600320,36600320,861184,3862560,False
79,87,94.200000,0.303780,10.789441,2.690414,2.068756,5.889739,7.436323,8.737918,0.655172,1.270996,0.684386,3.097064,1016.336773,14.169074,0.013941,37461504,37461504,861184,3114020,False
80,101,94.200000,0.310817,10.767681,2.606145,2.244036,4.846935,5.357242,10.531979,0.742574,1.376593,0.683854,3.097064,1014.118701,17.203384,0.016964,43489792,43489792,861184,4074720,False
81,85,94.200000,0.297810,10.826660,2.398278,1.850795,4.877085,5.741488,10.869402,0.611765,1.299920,0.732063,3.097064,1019.785222,14.564802,0.014282,36600320,36600320,861184,3823560,False
82,86,94.200000,0.290644,10.771902,2.139598,2.008864,3.477867,3.806760,8.739800,0.651163,1.297058,0.743360,3.097064,1014.647742,14.931628,0.014716,37030912,37030912,861184,3625700,False
83,92,94.200000,0.327225,10.732489,2.454002,1.841255,4.357779,4.735192,17.088585,0.641304,1.346959,0.727566,3.097064,1010.960396,16.017318,0.015844,39614464,39614464,861184,4269980,False
84,98,94.200000,0.305763,10.788711,2.401330,2.071871,4.122998,4.923642,8.717817,0.714286,1.369587,0.706609,3.097064,1016.198723,16.216144,0.015958,42198016,42198016,861184,3871660,False
85,80,94.200000,0.303522,10.773956,2.317177,1.774683,4.422094,4.832048,9.202648,0.600000,1.308930,0.746364,3.097064,1014.862480,13.939073,0.013735,34447360,34447360,861184,3781180,False
86,92,94.200000,0.308135,10.784436,2.322482,1.810375,4.380409,5.069520,10.411214,0.663043,1.331623,0.738695,3.097064,1015.719496,16.016090,0.015768,39614464,39614464,861184,4067700,False
87,106,94.200000,0.295356,10.719572,2.233850,1.734721,4.338672,5.108535,9.745857,0.603774,1.300107,0.754639,3.097064,1009.645960,16.886919,0.016726,45642752,45642752,861184,4936100,False
88,103,94.200000,0.312810,10.802548,2.438801,1.887449,4.494914,5.603077,16.270900,0.621359,1.330839,0.730083,3.097064,1017.485060,16.593157,0.016308,44350976,44350976,861184,4457700,False
89,78,94.200000,0.288337,10.783507,2.564113,2.086971,4.714536,5.808343,8.461332,0.628205,1.326814,0.701826,3.097064,1015.703242,13.715527,0.013503,33586176,33586176,861184,3130140,False
90,86,94.200000,0.284182,10.781092,2.702833,2.112227,5.477773,6.610896,8.769170,0.651163,1.314677,0.681857,3.097064,1015.405597,14.401222,0.014183,37030912,37030912,861184,3540940,False
91,94,94.200000,0.306253,10.793581,2.674819,2.151989,4.759732,5.341231,13.095994,0.723404,1.356904,0.680466,3.097064,1016.650444,15.781625,0.015523,40475648,40475648,861184,4011280,False
92,94,94.200000,0.301472,10.801668,2.392584,2.018862,4.833442,5.738284,9.359458,0.617021,1.298289,0.722715,3.097064,1017.425590,15.323678,0.015061,40475648,40475648,861184,4157920,False
93,110,94.200000,0.335614,10.815098,2.376884,1.950735,4.350656,5.243808,7.994542,0.663636,1.326449,0.717072,3.097064,1018.673954,17.627765,0.017305,47365120,47365120,861184,5608200,False
94,90,94.200000,0.316677,10.792230,2.396844,1.916988,4.232082,5.723318,12.025836,0.677778,1.347914,0.737506,3.097064,1016.473019,15.443953,0.015194,38753280,38753280,861184,3914300,False
95,122,94.200000,0.283198,10.768869,2.474226,2.064533,4.340663,4.904628,16.621217,0.663934,1.322053,0.720969,3.097064,1014.275092,17.720070,0.017471,52532224,52532224,861184,4978220,False
96,97,94.200000,0.296658,10.808527,2.753896,2.262510,5.071558,5.957921,11.386714,0.752577,1.392565,0.669445,3.097064,1018.048790,15.719292,0.015441,41767424,41767424,861184,3425240,False
97,97,94.200000,0.295214,10.803785,2.623126,2.207144,4.892347,6.113719,10.345878,0.608247,1.272167,0.690121,3.097064,1017.557295,14.747379,0.014493,41767424,41767424,861184,4089800,False
98,91,94.200000,0.316754,10.803091,2.688393,1.987940,5.690822,6.765971,13.039437,0.637363,1.298455,0.711827,3.097064,1017.532256,14.852819,0.014597,39183872,39183872,861184,4190160,False
99,100,94.200000,0.311217,10.807479,2.579987,1.943246,5.295062,6.532112,12.860595,0.660000,1.329240,0.717736,3.097064,1017.894488,16.384360,0.016096,43059200,43059200,861184,4230200,False
100,91,94.200000,0.295830,10.779513,2.468805,2.131334,4.401205,5.935882,10.649385,0.725275,1.338899,0.699263,3.097064,1015.389144,15.007434,0.014780,39183872,39183872,861184,3766880,False
101,89,94.200000,0.302177,10.804235,2.542903,2.146723,4.234994,5.604960,12.922495,0.674157,1.344340,0.698274,3.097064,1017.608789,14.582799,0.014330,38322688,38322688,861184,3446820,False
102,102,94.200000,0.286700,10.792069,2.426648,2.082823,4.528423,5.485508,8.393036,0.617647,1.260517,0.709337,3.097064,1016.511875,15.350884,0.015102,43920384,43920384,861184,4278300,False
103,99,94.200000,0.323461,10.783237,2.645008,2.023951,5.667831,7.631154,13.902170,0.646465,1.283301,0.707088,3.097064,1015.583944,15.410033,0.015174,42628608,42628608,861184,4403360,False
104,108,94.200000,0.325117,10.792131,2.895762,2.217744,5.758696,8.083418,13.821423,0.675926,1.328096,0.676766,3.097064,1016.429704,16.482680,0.016216,46503936,46503936,861184,4677140,False
105,100,94.200000,0.326537,10.793448,2.577490,2.205875,4.721673,6.173656,12.841640,0.650000,1.309652,0.687036,3.097064,1016.601251,15.909680,0.015650,43059200,43059200,861184,4287140,False
106,88,94.200000,0.278638,10.793624,2.480017,1.987581,5.259268,5.842473,9.694315,0.636364,1.241999,0.696581,3.097064,1016.732601,13.665898,0.013441,37892096,37892096,861184,3595280,False
107,98,94.200000,0.295321,10.783465,2.452254,1.857678,4.932671,6.337519,10.495197,0.632653,1.263897,0.719927,3.097064,1015.788381,14.851377,0.014621,42198016,42198016,861184,3947840,False
108,99,94.200000,0.349089,10.781444,2.892045,1.954365,5.752699,9.585567,20.962438,0.626263,1.295413,0.701333,3.097064,1015.549367,15.488367,0.015251,42628608,42628608,861184,4235140,False
109,89,94.200000,0.359036,10.798220,2.920713,2.109442,4.300507,5.367618,55.249784,0.662921,1.328227,0.715651,3.097064,1017.090222,15.168533,0.014914,38322688,38322688,861184,4228380,False
110,76,94.200000,0.338287,10.784384,2.998132,1.984953,5.648047,8.657669,14.650934,0.592105,1.300751,0.686002,3.097064,1015.748660,13.037803,0.012836,32724992,32724992,861184,3520660,False
111,106,94.200000,0.320446,10.807531,2.580892,1.973468,5.198872,5.874753,11.574461,0.669811,1.318234,0.699763,3.097064,1017.954478,16.419312,0.016130,45642752,45642752,861184,4468100,False
112,94,94.200000,0.308021,10.771863,2.688560,2.147032,5.205100,6.227737,10.427866,0.691489,1.319127,0.685160,3.097064,1014.609980,15.108905,0.014891,40475648,40475648,861184,3851120,False
113,112,94.200000,0.319803,10.759673,2.883060,2.090077,5.961732,7.764319,15.317133,0.705357,1.336531,0.685531,3.097064,1013.504230,17.382205,0.017151,48226304,48226304,861184,4928560,False
114,109,94.200000,0.354814,10.761076,3.200306,2.389422,6.030758,9.190323,20.468905,0.697248,1.339037,0.652755,3.097064,1013.550710,16.592039,0.016370,46934528,46934528,861184,4592900,False
115,100,94.200000,0.321558,10.807674,2.794938,2.165483,5.504722,7.037841,16.548271,0.680000,1.316359,0.685337,3.097064,1018.003634,15.985586,0.015703,43059200,43059200,861184,4362280,False
116,95,94.200000,0.304702,10.795653,2.934784,2.294013,5.071757,8.102091,10.724954,0.715789,1.332339,0.641919,3.097064,1016.860990,15.002051,0.014753,40906240,40906240,861184,3251560,False
117,102,94.200000,0.360165,10.771811,2.447597,1.768849,4.539136,5.936220,11.663211,0.656863,1.292636,0.723719,3.097064,1014.510215,16.784469,0.016544,43920384,43920384,861184,5493280,False
118,105,94.200000,0.317085,10.751786,3.090385,2.208044,5.954521,7.752165,14.653327,0.676190,1.315701,0.651319,3.097064,1012.642475,15.895316,0.015697,45212160,45212160,861184,4123860,False
119,91,94.200000,0.341580,10.781688,2.898575,2.202997,6.183136,7.892379,9.624081,0.648352,1.297702,0.668459,3.097064,1015.477771,14.596341,0.014374,39183872,39183872,861184,3452280,False
120,97,94.200000,0.346622,10.808079,2.668985,2.027450,5.222630,7.168201,12.615236,0.639175,1.319264,0.706159,3.097064,1017.958526,15.871002,0.015591,41767424,41767424,861184,4401020,False
121,103,94.200000,0.309405,10.760443,2.674949,1.959938,5.405061,6.207932,19.207262,0.621359,1.259096,0.710491,3.097064,1013.516315,15.587402,0.015380,44350976,44350976,861184,4445480,False
122,103,94.200000,0.326741,10.783560,3.060812,2.322146,5.905666,7.217634,27.117920,0.747573,1.320460,0.651946,3.097064,1015.621458,15.445102,0.015208,44350976,44350976,861184,3829020,False
123,88,94.200000,0.355613,10.797408,2.871841,2.337734,6.000838,6.811955,9.275627,0.659091,1.353421,0.662172,3.097064,1017.067537,14.614006,0.014369,37892096,37892096,861184,3857100,False
124,96,94.200000,0.318336,10.810659,2.995582,2.370126,5.806266,7.144807,17.160446,0.645833,1.291922,0.668842,3.097064,1018.247598,14.711915,0.014448,41336832,41336832,861184,3589300,False
125,92,94.200000,0.391321,10.794635,2.979966,2.039160,6.185297,7.208222,25.824810,0.608696,1.279154,0.694381,3.097064,1016.729479,14.775877,0.014533,39614464,39614464,861184,4565600,False
126,83,94.200000,0.347051,10.751548,3.059940,2.026182,6.587097,7.726804,12.380250,0.710843,1.333860,0.658523,3.097064,1012.697926,14.245028,0.014066,35739136,35739136,861184,3347760,False
127,94,94.200000,0.338125,10.795944,3.114049,2.283302,6.573174,7.212264,16.510551,0.723404,1.367851,0.647315,3.097064,1016.848865,15.200465,0.014949,40475648,40475648,861184,4002440,False
128,95,94.200000,0.326537,10.770080,2.782493,2.468037,6.035160,6.644368,11.992689,0.705263,1.297910,0.660449,3.097064,1014.422937,15.227157,0.015011,40906240,40906240,861184,4126200,False
129,103,94.200000,0.315852,10.770358,3.038399,2.358430,6.508441,7.360009,11.058444,0.679612,1.318807,0.646088,3.097064,1014.476823,15.426863,0.015207,44350976,44350976,861184,3623360,False
130,86,94.200000,0.365375,10.801792,2.877945,1.978236,6.983758,8.054062,10.107965,0.593023,1.276004,0.689917,3.097064,1017.408101,13.846337,0.013609,37030912,37030912,861184,4027920,False
131,85,94.200000,0.303159,10.824776,2.840851,2.001898,6.435977,8.076016,12.551540,0.564706,1.246265,0.696222,3.097064,1019.575238,13.741001,0.013477,36600320,36600320,861184,3545880,False
132,98,94.200000,0.347544,10.766459,3.221384,2.420152,6.738850,8.808126,16.047594,0.642857,1.310488,0.652942,3.097064,1014.131612,15.359718,0.015146,42198016,42198016,861184,4111640,False
133,86,94.200000,0.328610,10.788810,2.883560,2.119665,5.443419,6.541126,22.945218,0.686047,1.328287,0.685777,3.097064,1016.222655,14.385465,0.014156,37030912,37030912,861184,3645200,False
134,98,94.200000,0.364922,10.766176,2.973494,2.317341,5.825488,7.224701,16.835437,0.683673,1.313833,0.661840,3.097064,1014.086375,15.283261,0.015071,42198016,42198016,861184,4301960,False
135,103,94.200000,0.367684,10.773546,3.202708,2.464211,6.834255,8.566807,14.571695,0.699029,1.328438,0.636923,3.097064,1014.737934,15.833987,0.015604,44350976,44350976,861184,4667520,False
136,106,94.200000,0.423029,10.728026,3.695868,2.262232,6.639452,9.014685,29.984199,0.698113,1.331940,0.640167,3.097064,1010.463277,16.601063,0.016429,45642752,45642752,861184,5037240,False
137,90,94.200000,0.308346,10.790234,2.574700,1.969232,5.425212,7.087092,8.602096,0.644444,1.303717,0.707277,3.097064,1016.379481,14.969485,0.014728,38753280,38753280,861184,4063020,False
138,96,94.200000,0.273547,10.780521,2.710613,2.147996,6.363794,7.214833,8.296897,0.708333,1.281388,0.674387,3.097064,1015.425586,14.985485,0.014758,41336832,41336832,861184,3610100,False
139,89,94.200000,0.336190,10.757287,3.081189,2.082706,5.957499,9.272072,17.964803,0.617978,1.254459,0.671675,3.097064,1013.177695,13.928884,0.013748,38322688,38322688,861184,3634020,False
140,84,94.200000,0.361602,10.786884,3.257167,2.892779,6.830885,7.975189,13.039227,0.750000,1.329889,0.604598,3.097064,1016.034479,13.900284,0.013681,36169728,36169728,861184,3190720,False
141,100,94.200000,0.356173,10.773417,3.486543,2.844839,6.850851,8.294457,19.546484,0.690000,1.321987,0.611888,3.097064,1014.705638,15.059327,0.014841,43059200,43059200,861184,3636100,False
142,110,94.200000,0.362651,10.767409,3.460695,2.444760,7.030216,8.816406,21.648272,0.700000,1.292047,0.625913,3.097064,1014.256417,15.821880,0.015599,47365120,47365120,861184,4335240,False
143,85,94.200000,0.316147,10.807064,2.564589,1.590280,5.925603,8.491081,10.801601,0.552941,1.209455,0.733038,3.097064,1017.852237,13.526884,0.013290,36600320,36600320,861184,3998800,False
144,95,94.200000,0.341680,10.798827,3.512542,2.342223,7.084584,9.449214,21.177307,0.715789,1.371150,0.632468,3.097064,1017.088851,15.391548,0.015133,40906240,40906240,861184,3692780,False
145,88,94.200000,0.328754,10.766873,3.289929,2.444991,6.372075,8.173414,23.618788,0.750000,1.331082,0.622774,3.097064,1014.119034,14.285274,0.014086,37892096,37892096,861184,3454360,False
146,78,94.200000,0.390892,10.808937,3.263238,2.423109,6.711412,10.527663,15.080099,0.679487,1.296474,0.642867,3.097064,1018.083735,12.819666,0.012592,33586176,33586176,861184,3280420,False
147,79,94.200000,0.361957,10.748991,3.315798,2.653047,5.730917,8.035645,25.845623,0.708861,1.355840,0.635543,3.097064,1012.373448,13.533870,0.013368,34016768,34016768,861184,3445260,False
148,92,94.200000,0.353332,10.787010,3.555355,2.646597,6.284192,11.307669,17.979396,0.717391,1.339802,0.607574,3.097064,1016.046803,14.478050,0.014249,39614464,39614464,861184,3562520,False
149,82,94.200000,0.359936,10.792897,2.865994,2.078046,5.442270,6.008268,13.139614,0.609756,1.297926,0.678334,3.097064,1016.509033,13.673620,0.013452,35308544,35308544,861184,3837340,False
150,91,94.200000,0.327666,10.824151,3.219548,2.239790,6.614814,8.898304,21.213621,0.714286,1.304248,0.649148,3.097064,1019.504896,14.417354,0.014142,39183872,39183872,861184,3683940,False
151,99,94.200000,0.347298,10.750102,3.041852,2.358169,5.953521,7.115359,17.720923,0.676768,1.296096,0.642630,3.097064,1012.625495,14.842723,0.014658,42628608,42628608,861184,4037540,False
152,103,94.200000,0.364737,10.775452,3.118787,2.532468,6.291856,8.479698,14.189032,0.679612,1.290834,0.638062,3.097064,1014.838007,15.215361,0.014993,44350976,44350976,861184,3860480,False
153,80,94.200000,0.356640,10.770147,3.723191,2.856242,7.237182,9.973207,20.759514,0.750000,1.336736,0.600008,3.097064,1014.436117,13.328121,0.013138,34447360,34447360,861184,2919800,False
154,95,94.200000,0.339284,10.786553,3.597906,2.676684,6.661094,9.649946,19.716188,0.715789,1.342347,0.606610,3.097064,1016.004552,14.754554,0.014522,40906240,40906240,861184,3759080,False
155,93,94.200000,0.399477,10.814210,3.313273,2.700377,6.380876,8.113281,14.933604,0.688172,1.321344,0.629531,3.097064,1018.617430,14.657939,0.014390,40045056,40045056,861184,4041960,False
156,97,94.200000,0.362218,10.791704,3.495564,2.140338,7.111009,9.044800,25.141551,0.690722,1.288125,0.645184,3.097064,1016.477211,14.818830,0.014579,41767424,41767424,861184,3943940,False
157,88,94.200000,0.370732,10.781324,3.336044,2.591792,7.268111,8.155847,21.630930,0.670455,1.280493,0.629601,3.097064,1015.499947,14.034269,0.013820,37892096,37892096,861184,4140500,False
158,100,94.200000,0.363295,10.773645,3.720076,2.428816,8.110035,10.851971,28.839473,0.640000,1.244701,0.628427,3.097064,1014.786610,14.664443,0.014451,43059200,43059200,861184,4004780,False
159,96,94.200000,0.334387,10.807162,2.890778,2.241538,5.862281,6.835525,12.628455,0.729167,1.337312,0.663225,3.097064,1017.893701,15.130149,0.014864,41336832,41336832,861184,3862560,False
160,106,94.200000,0.389753,10.795115,3.843095,3.050155,7.514687,10.877676,18.551642,0.726415,1.317339,0.584533,3.097064,1016.776059,15.834329,0.015573,45642752,45642752,861184,4137640,False
161,95,94.200000,0.365724,10.829494,3.326084,2.512648,6.294496,8.227965,16.481291,0.726316,1.364362,0.624174,3.097064,1020.085930,15.388451,0.015085,40906240,40906240,861184,3780140,False
162,96,94.200000,0.348312,10.735884,3.490629,2.696855,7.145629,10.738199,19.887803,0.656250,1.258534,0.626821,3.097064,1011.153548,14.276884,0.014119,41336832,41336832,861184,3883620,False
163,110,94.200000,0.347213,10.757043,3.068628,1.893991,6.792882,8.210312,14.579500,0.645455,1.282762,0.673244,3.097064,1013.208209,16.119125,0.015909,47365120,47365120,861184,5114980,False
164,90,94.200000,0.356467,10.794266,3.050766,2.417132,6.455078,8.720265,13.277434,0.711111,1.282092,0.647466,3.097064,1016.734067,14.033060,0.013802,38753280,38753280,861184,3976700,False
165,94,94.200000,0.330821,10.767917,2.972410,2.072752,5.909867,8.713381,16.276412,0.744681,1.274429,0.665230,3.097064,1014.198308,14.674727,0.014469,40475648,40475648,861184,4057560,False
166,92,94.200000,0.401688,10.761206,3.951511,2.917295,8.482837,11.678337,15.698536,0.728261,1.312559,0.576430,3.097064,1013.594208,14.174262,0.013984,39614464,39614464,861184,3614260,False
167,89,94.200000,0.442786,10.785251,3.230402,2.533296,5.964304,8.016152,18.979344,0.662921,1.338566,0.641628,3.097064,1015.857677,14.257969,0.014035,38322688,38322688,861184,4377100,False
168,91,94.200000,0.317369,10.799953,3.157738,2.153475,7.487269,9.152687,14.558981,0.659341,1.281472,0.656652,3.097064,1017.239167,14.341550,0.014099,39183872,39183872,861184,3880240,False
169,81,94.200000,0.382986,10.808492,3.579838,2.633591,7.054101,8.709169,23.295351,0.740741,1.309569,0.606246,3.097064,1018.060698,13.669124,0.013427,34877952,34877952,861184,3153800,False
170,85,94.200000,0.339916,10.799097,2.828862,2.299268,5.534525,7.778947,14.711855,0.658824,1.226333,0.662643,3.097064,1017.179999,13.313476,0.013089,36600320,36600320,861184,3839160,False
171,96,94.200000,0.399518,10.801979,3.401011,2.630326,7.081740,8.720817,16.732462,0.708333,1.352250,0.621849,3.097064,1017.471779,15.247912,0.014986,41336832,41336832,861184,4632940,False
172,97,94.200000,0.388538,10.829942,3.221937,1.822565,6.429758,9.396398,23.078330,0.639175,1.259747,0.679335,3.097064,1020.033479,14.612617,0.014326,41767424,41767424,861184,4828460,False
173,89,94.200000,0.305570,10.763841,3.114811,2.160189,6.096693,9.033961,14.823631,0.696629,1.258999,0.654334,3.097064,1013.902668,13.533806,0.013348,38322688,38322688,861184,3453320,False
174,93,94.200000,0.373080,10.771366,3.742721,2.616784,7.857647,11.309489,15.938497,0.677419,1.320287,0.615689,3.097064,1014.577171,14.371103,0.014165,40045056,40045056,861184,3595540,False
175,86,94.200000,0.402560,10.811276,3.930380,2.777665,8.739395,11.240030,20.865081,0.709302,1.282416,0.590479,3.097064,1018.399803,13.772316,0.013523,37030912,37030912,861184,3766100,False
176,101,94.200000,0.351300,10.766533,3.642877,2.680748,7.960607,11.072433,16.371000,0.673267,1.274630,0.612384,3.097064,1014.081760,14.725345,0.014521,43489792,43489792,861184,3695380,False
177,88,94.200000,0.337687,10.757381,2.975374,2.351903,5.412969,7.097408,18.901921,0.625000,1.244440,0.668362,3.097064,1013.302375,13.742029,0.013562,37892096,37892096,861184,3912740,False
178,78,94.200000,0.399758,10.783347,3.556078,2.784292,7.596481,8.386229,9.779513,0.756410,1.323026,0.584198,3.097064,1015.714145,13.220475,0.013016,33586176,33586176,861184,3010800,False
179,105,94.200000,0.355981,10.810420,3.159641,2.363111,6.430444,6.934638,19.083388,0.704762,1.333452,0.636092,3.097064,1018.237220,15.832468,0.015549,45212160,45212160,861184,4581720,False
180,106,94.200000,0.429805,10.785525,3.532683,2.694527,7.360628,8.593200,28.901413,0.669811,1.308007,0.623424,3.097064,1015.888322,15.728330,0.015482,45642752,45642752,861184,5082740,False
181,107,94.200000,0.386386,10.797852,3.481753,2.323449,7.827855,10.117418,18.233671,0.682243,1.293250,0.640532,3.097064,1017.039509,16.017908,0.015750,46073344,46073344,861184,4961840,False
182,94,94.200000,0.400549,10.768228,3.076620,1.995466,5.963348,8.026971,29.916748,0.670213,1.313318,0.674344,3.097064,1014.320615,14.908704,0.014698,40475648,40475648,861184,4715880,False
183,113,94.200000,0.407224,10.786639,3.505690,2.882854,7.052084,8.928974,16.495494,0.681416,1.278262,0.604360,3.097064,1015.973921,15.832140,0.015583,48656896,48656896,861184,4889040,False
184,96,94.200000,0.416233,10.770447,3.747511,2.558901,7.402900,10.681499,23.556992,0.718750,1.322706,0.601225,3.097064,1014.513607,15.067846,0.014852,41336832,41336832,861184,4065100,False
185,97,94.200000,0.410466,10.765003,3.560399,2.682399,7.896625,9.883998,15.093888,0.711340,1.307362,0.603723,3.097064,1014.024854,14.441866,0.014242,41767424,41767424,861184,3972020,False
186,118,94.200000,0.362409,10.743290,3.479016,2.903285,7.254298,8.402777,13.123206,0.720339,1.279723,0.591793,3.097064,1011.841946,16.390215,0.016198,50809856,50809856,861184,4276740,False
187,80,94.200000,0.450492,10.823195,3.954103,2.634764,8.674400,9.683807,35.230745,0.687500,1.282620,0.607483,3.097064,1019.440056,13.244158,0.012992,34447360,34447360,861184,3496740,False
188,82,94.200000,0.403497,10.841791,3.347269,2.152800,6.849721,9.876541,17.012581,0.670732,1.284743,0.648185,3.097064,1021.229110,13.609886,0.013327,35308544,35308544,861184,3554200,False
189,92,94.200000,0.362818,10.786245,3.313059,2.438069,7.082051,8.745792,13.730583,0.695652,1.320675,0.623696,3.097064,1015.940418,14.522806,0.014295,39614464,39614464,861184,3673280,False
190,87,94.200000,0.464577,10.813869,3.122932,2.280023,6.452084,7.949351,16.150815,0.655172,1.273451,0.651250,3.097064,1018.591056,14.143554,0.013885,37461504,37461504,861184,4326660,False
191,85,94.200000,0.413924,10.772518,3.285269,2.227669,7.047154,7.992874,14.770071,0.729412,1.372742,0.636947,3.097064,1014.677356,14.426111,0.014217,36600320,36600320,861184,4138940,False
192,115,94.200000,0.412212,10.823229,3.594864,2.545601,8.382370,10.621190,12.217870,0.695652,1.260744,0.607730,3.097064,1019.403294,16.044748,0.015739,49518080,49518080,861184,4835480,False
193,88,94.200000,0.411495,10.786791,3.276785,2.522022,7.534121,9.416157,13.537444,0.727273,1.337642,0.626254,3.097064,1016.005458,14.345083,0.014119,37892096,37892096,861184,3949400,False
194,113,94.200000,0.359552,10.779622,3.228730,2.123054,6.429190,7.748331,17.653949,0.663717,1.241919,0.656832,3.097064,1015.325830,15.938589,0.015698,48656896,48656896,861184,4363840,False
195,92,94.200000,0.467868,10.805411,3.554404,2.760955,8.528731,10.213347,13.066282,0.750000,1.316639,0.600939,3.097064,1017.709008,14.602053,0.014348,39614464,39614464,861184,4206540,False
196,93,94.200000,0.399165,10.768824,2.936479,2.464126,6.488912,7.826734,8.897770,0.688172,1.251870,0.646907,3.097064,1014.310870,14.181350,0.013981,40045056,40045056,861184,4015960,False
197,84,94.200000,0.443311,10.779842,3.958625,2.806189,8.722355,12.623824,22.801528,0.738095,1.344190,0.602836,3.097064,1015.428633,13.992511,0.013780,36169728,36169728,861184,3265340,False
198,89,94.200000,0.437891,10.820125,3.712016,2.317601,8.694951,11.328293,19.315643,0.696629,1.284711,0.615791,3.097064,1019.211783,14.159309,0.013892,38322688,38322688,861184,3854500,False
199,99,94.200000,0.386674,10.774457,3.210463,2.666265,6.892752,8.700745,12.328957,0.707071,1.326254,0.626706,3.097064,1014.836397,14.853516,0.014636,42628608,42628608,861184,4017520,False
200,105,94.200000,0.379847,10.803844,3.239038,2.625337,6.735496,8.058628,9.851991,0.714286,1.313712,0.618403,3.097064,1017.539525,15.859810,0.015586,45212160,45212160,861184,4428580,False
201,93,94.200000,0.456620,10.787724,3.878593,2.831117,7.451652,9.455642,25.995986,0.720430,1.338446,0.578934,3.097064,1016.053468,14.745819,0.014513,40045056,40045056,861184,4018560,False
202,97,94.200000,0.459580,10.789401,3.115103,2.328214,5.978787,7.878101,15.118704,0.628866,1.261142,0.654188,3.097064,1016.273322,14.969725,0.014730,41767424,41767424,861184,5268640,False
203,101,94.200000,0.458618,10.788423,3.999216,2.428021,9.040109,11.430113,29.175792,0.683168,1.268086,0.614128,3.097064,1016.095127,14.869951,0.014634,43489792,43489792,861184,4453540,False
204,99,94.200000,0.437141,10.819967,3.722392,2.495036,7.789624,12.064461,21.609505,0.676768,1.252114,0.620840,3.097064,1019.217370,14.582519,0.014308,42628608,42628608,861184,4186260,False
205,107,94.200000,0.486688,10.797033,4.534594,3.025187,10.006136,12.030008,25.294656,0.757009,1.311532,0.562955,3.097064,1017.008537,15.746804,0.015483,46073344,46073344,861184,4206540,False
206,91,94.200000,0.431886,10.795689,3.904069,3.022270,9.159689,11.936927,15.738889,0.670330,1.253881,0.600344,3.097064,1016.815601,13.787808,0.013560,39183872,39183872,861184,3771820,False
207,84,94.200000,0.403208,10.847129,3.638420,3.113125,8.479099,9.589320,17.220948,0.654762,1.262289,0.594572,3.097064,1021.674758,13.327261,0.013045,36169728,36169728,861184,3356600,False
208,93,94.200000,0.430067,10.786779,4.097018,2.702708,9.130693,10.668853,26.261962,0.645161,1.267216,0.603130,3.097064,1016.005987,14.193737,0.013970,40045056,40045056,861184,3833960,False
209,91,94.200000,0.430210,10.807892,3.562425,2.368334,8.115885,9.990341,16.367647,0.725275,1.370658,0.626094,3.097064,1017.956285,15.010302,0.014746,39183872,39183872,861184,4179240,False
210,87,94.200000,0.425330,10.781188,3.147133,2.428335,6.732897,8.589342,17.369095,0.689655,1.307172,0.644593,3.097064,1015.462317,14.244621,0.014028,37461504,37461504,861184,3911700,False
211,89,94.200000,0.385956,10.771195,3.646930,2.875591,9.070489,11.984601,15.913660,0.674157,1.238599,0.611385,3.097064,1014.544244,13.371969,0.013180,38322688,38322688,861184,3403660,False
212,99,94.200000,0.482509,10.759794,4.309177,2.791224,10.600457,13.275030,16.473570,0.737374,1.327022,0.575081,3.097064,1013.464275,14.922622,0.014724,42628608,42628608,861184,4313660,False
213,87,94.200000,0.446994,10.796297,3.892175,3.014980,7.227259,10.653950,18.195822,0.747126,1.356987,0.575694,3.097064,1016.926818,14.459449,0.014219,37461504,37461504,861184,3453840,False
214,83,94.200000,0.504639,10.778350,5.279004,3.156747,8.951114,15.011987,91.511679,0.759036,1.365862,0.563143,3.097064,1015.231720,13.883064,0.013675,35739136,35739136,861184,3836820,False
215,86,94.200000,0.473691,10.776227,3.435657,2.582142,7.432773,9.250175,18.207394,0.651163,1.246977,0.625727,3.097064,1015.042098,13.376215,0.013178,37030912,37030912,861184,3831880,False
216,103,94.200000,0.432817,10.816770,3.804339,2.931995,8.170745,12.468710,16.329168,0.737864,1.303650,0.590752,3.097064,1018.757577,15.298566,0.015017,44350976,44350976,861184,4288700,False
217,112,94.200000,0.441270,10.782298,3.777910,2.829541,6.970788,10.601479,17.165603,0.794643,1.370628,0.579931,3.097064,1015.574000,16.496477,0.016244,48226304,48226304,861184,5026060,False
218,97,94.200000,0.477689,10.769086,4.477039,3.228868,10.194054,12.819597,20.033673,0.721649,1.320468,0.565528,3.097064,1014.370050,14.894668,0.014684,41767424,41767424,861184,4475640,False
219,108,94.200000,0.390837,10.764058,3.261995,2.243067,6.472807,8.221251,32.532478,0.592593,1.232006,0.665839,3.097064,1013.876870,15.440431,0.015229,46503936,46503936,861184,5028920,False
220,88,94.200000,0.432206,10.816456,3.835083,2.755043,7.541031,10.396255,18.236818,0.715909,1.301781,0.584602,3.097064,1018.888599,13.846020,0.013589,37892096,37892096,861184,4055220,False
221,92,94.200000,0.499610,10.798153,4.875481,2.702388,12.781584,15.382097,28.320347,0.695652,1.299745,0.576874,3.097064,1017.034963,14.232361,0.013994,39614464,39614464,861184,3817060,False
222,97,94.200000,0.443740,10.786174,4.078511,2.874392,9.790750,11.150735,29.459568,0.690722,1.323669,0.596219,3.097064,1015.960256,15.024210,0.014788,41767424,41767424,861184,4612140,False
223,92,94.200000,0.456054,10.820850,3.834571,2.709896,7.025234,9.959187,20.539074,0.782609,1.340861,0.580278,3.097064,1019.242954,14.375284,0.014104,39614464,39614464,861184,3575000,False
224,81,94.200000,0.480471,10.778031,3.512395,2.128170,7.746674,9.073888,29.411893,0.703704,1.282710,0.638256,3.097064,1015.195021,13.540126,0.013337,34877952,34877952,861184,3939780,False
225,104,94.200000,0.478579,10.785027,4.093340,2.800831,9.154597,11.765017,22.214872,0.701923,1.279390,0.595500,3.097064,1015.762810,15.235060,0.014999,44781568,44781568,861184,4617600,False
226,102,94.200000,0.467046,10.803184,4.559144,2.417197,11.905060,13.609924,27.065512,0.754902,1.302014,0.588600,3.097064,1017.539601,15.202923,0.014941,43920384,43920384,861184,3996980,False
227,107,94.200000,0.454997,10.763113,3.703775,2.951196,7.240447,8.499809,19.710940,0.719626,1.323128,0.592147,3.097064,1013.786832,15.815673,0.015601,46073344,46073344,861184,4878640,False
228,96,94.200000,0.499781,10.824200,4.368641,3.027952,8.882628,10.632989,31.738011,0.718750,1.275206,0.568561,3.097064,1019.457619,14.204449,0.013933,41336832,41336832,861184,4150900,False
229,80,94.200000,0.449903,10.801557,4.619882,3.428926,9.424682,14.981071,29.926765,0.762500,1.249938,0.535559,3.097064,1017.408855,12.565622,0.012351,34447360,34447360,861184,2518880,False
230,90,94.200000,0.408478,10.778945,3.875033,2.972228,7.865861,9.804512,17.427422,0.711111,1.322649,0.580714,3.097064,1015.271402,14.189896,0.013976,38753280,38753280,861184,3943160,False
231,98,94.200000,0.530289,10.825576,4.188704,2.598709,8.867992,12.633078,38.582549,0.683673,1.293411,0.622450,3.097064,1019.550142,14.932172,0.014646,42198016,42198016,861184,4530240,False
232,92,94.200000,0.468946,10.780774,4.499488,3.549472,10.010796,13.524516,19.523509,0.750000,1.290371,0.548528,3.097064,1015.384036,14.474699,0.014255,39614464,39614464,861184,3148600,False
233,90,94.200000,0.546787,10.744574,4.956360,3.512922,10.317392,14.256392,25.011170,0.800000,1.324219,0.498719,3.097064,1012.017817,14.101744,0.013934,38753280,38753280,861184,3551080,False
234,86,94.200000,0.452637,10.783398,3.603462,2.680184,7.682118,9.301925,12.284766,0.686047,1.296048,0.614843,3.097064,1015.688752,13.682488,0.013471,37030912,37030912,861184,3816540,False
235,75,94.200000,0.484415,10.783769,4.133733,3.055427,7.487351,11.906127,18.954300,0.786667,1.380690,0.556863,3.097064,1015.700231,12.907217,0.012708,32294400,32294400,861184,3055520,False
236,89,94.200000,0.435183,10.774075,3.528310,2.668535,6.939029,9.746701,20.516142,0.741573,1.296911,0.605437,3.097064,1014.810505,13.620876,0.013422,38322688,38322688,861184,3544320,False
237,88,94.200000,0.495466,10.802964,4.257889,2.299063,10.114502,15.022238,35.943855,0.772727,1.287192,0.607680,3.097064,1017.494582,13.906045,0.013667,37892096,37892096,861184,3501420,False
238,96,94.200000,0.440022,10.792527,3.658800,2.345007,7.198179,10.469532,33.733208,0.718750,1.310953,0.621811,3.097064,1016.509694,14.650647,0.014413,41336832,41336832,861184,4476420,False
239,80,94.200000,0.430662,10.782590,4.451400,3.040086,8.927966,11.841252,26.391104,0.725000,1.281191,0.568901,3.097064,1015.649094,12.801721,0.012604,34447360,34447360,861184,3293680,False
240,95,94.200000,0.460144,10.807790,4.208727,2.762752,9.581381,11.404587,26.384964,0.736842,1.346986,0.589030,3.097064,1017.982148,15.123360,0.014856,40906240,40906240,861184,4284540,False
241,93,94.200000,0.487668,10.793780,4.387394,2.429206,8.502226,11.575237,56.878604,0.763441,1.274483,0.617395,3.097064,1016.656052,14.227603,0.013995,40045056,40045056,861184,3684460,False
242,89,94.200000,0.455716,10.796092,3.813141,3.045814,8.064365,8.673122,21.380037,0.707865,1.309496,0.578620,3.097064,1016.887021,14.092631,0.013859,38322688,38322688,861184,3715660,False
243,89,94.200000,0.529161,10.802893,4.910410,3.760092,11.219879,16.036855,23.174223,0.719101,1.266714,0.524659,3.097064,1017.471823,13.669715,0.013435,38322688,38322688,861184,3578640,False
244,86,94.200000,0.445607,10.796387,4.151592,2.492121,8.402858,14.949503,26.866662,0.686047,1.263802,0.609076,3.097064,1016.997194,13.790416,0.013560,37030912,37030912,861184,3634280,False
245,97,94.200000,0.474838,10.817250,3.760193,2.943507,7.351707,10.044325,22.027586,0.731959,1.283066,0.589659,3.097064,1018.882536,14.916230,0.014640,41767424,41767424,861184,4240860,False
246,77,94.200000,0.445355,10.838773,3.021768,2.251704,6.337286,8.217121,14.182387,0.610390,1.126869,0.645111,3.097064,1020.870196,11.848940,0.011607,33155584,33155584,861184,3391700,False
247,95,94.200000,0.465846,10.752091,3.553012,2.860894,7.727894,9.931471,15.169065,0.694737,1.258481,0.599508,3.097064,1012.687976,14.037314,0.013861,40906240,40906240,861184,3706820,False
248,84,94.200000,0.481196,10.815686,4.109620,2.876924,8.891669,12.147980,18.684609,0.666667,1.291165,0.597985,3.097064,1018.795555,13.524399,0.013275,36169728,36169728,861184,3845660,False
249,102,94.200000,0.472226,10.833284,3.704598,2.654924,8.558324,9.919797,14.110476,0.725490,1.308728,0.600719,3.097064,1020.426285,15.013409,0.014713,43920384,43920384,861184,4604340,False
250,97,94.200000,0.513447,10.744970,3.990894,3.020382,8.507144,9.915263,23.074083,0.711340,1.295870,0.576785,3.097064,1012.089375,15.030987,0.014851,41767424,41767424,861184,4071600,False
251,103,94.200000,0.450848,10.805076,3.752358,2.802162,7.575516,9.785406,30.791825,0.737864,1.283260,0.591599,3.097064,1017.650020,14.999423,0.014739,44350976,44350976,861184,4429620,False
252,83,94.200000,0.508264,10.758490,3.695585,2.764719,7.701941,10.900771,14.572879,0.662651,1.228930,0.606880,3.097064,1013.322275,12.968854,0.012798,35739136,35739136,861184,3574740,False
253,88,94.200000,0.580654,10.805013,4.818168,3.683768,9.836807,14.633994,24.513704,0.750000,1.369070,0.526797,3.097064,1017.723242,14.439260,0.014188,37892096,37892096,861184,4235660,False
254,95,94.200000,0.452354,10.759815,4.257851,2.532294,8.882077,14.886537,34.349462,0.726316,1.230189,0.597566,3.097064,1013.479510,13.923702,0.013739,40906240,40906240,861184,3635840,False
255,95,94.200000,0.507932,10.763958,4.516170,3.542871,8.814787,11.569224,17.293922,0.810526,1.378803,0.521288,3.097064,1013.835967,14.936481,0.014733,40906240,40906240,861184,3946020,False
256,101,94.200000,0.508086,10.795862,4.837541,3.723049,9.688015,11.666161,38.352691,0.772277,1.317067,0.515893,3.097064,1016.893091,14.853630,0.014607,43489792,43489792,861184,3784300,False
257,106,94.200000,0.510440,10.795608,4.094219,2.482738,7.849058,11.994160,54.726953,0.622642,1.165140,0.630839,3.097064,1016.906781,14.722240,0.014477,45642752,45642752,861184,4407520,False
258,118,94.200000,0.441997,10.777805,3.395705,2.453249,6.958808,9.112481,19.838993,0.677966,1.304509,0.633972,3.097064,1015.041506,16.441500,0.016198,50809856,50809856,861184,5742360,False
259,92,94.200000,0.567874,10.802031,4.629389,3.191794,11.417626,12.715168,20.926849,0.739130,1.330564,0.550921,3.097064,1017.487415,14.399780,0.014152,39614464,39614464,861184,3560440,False
260,95,94.200000,0.505701,10.808156,3.800354,3.310130,8.340229,9.858506,22.954879,0.684211,1.223151,0.575864,3.097064,1018.007278,13.803082,0.013559,40906240,40906240,861184,3679780,False
261,98,94.200000,0.502828,10.800621,4.438404,2.872184,10.972374,12.438180,23.992808,0.765306,1.317711,0.571175,3.097064,1017.345793,14.797895,0.014546,42198016,42198016,861184,4113720,False
262,97,94.200000,0.550059,10.797074,4.725208,2.953415,11.723841,14.808324,21.524100,0.731959,1.298825,0.571591,3.097064,1017.027141,14.770193,0.014523,41767424,41767424,861184,4447040,False
263,106,94.200000,0.561691,10.792426,4.548572,3.562013,8.474024,9.321550,29.946570,0.764151,1.293114,0.525024,3.097064,1016.511396,15.473706,0.015222,45642752,45642752,861184,4151420,False
264,86,94.200000,0.508938,10.768612,5.283396,3.597908,10.887978,14.801160,30.814524,0.720930,1.247277,0.515036,3.097064,1014.316462,12.983263,0.012800,37030912,37030912,861184,2925780,False
265,100,94.200000,0.451461,10.786305,4.149056,2.823792,10.166835,12.872972,28.891267,0.730000,1.261028,0.582510,3.097064,1015.976821,14.776847,0.014544,43059200,43059200,861184,4163120,False
266,93,94.200000,0.553771,10.800030,4.312220,2.743272,9.092992,11.935001,24.980503,0.720430,1.277206,0.569133,3.097064,1017.255882,14.060064,0.013822,40045056,40045056,861184,3611920,False
267,85,94.200000,0.478664,10.815084,3.984629,2.744897,7.819557,11.489610,27.009421,0.729412,1.218873,0.590976,3.097064,1018.690587,13.313123,0.013069,36600320,36600320,861184,3345680,False
268,107,94.200000,0.534899,10.775869,5.308553,3.428146,9.637060,13.391816,60.134201,0.757009,1.285213,0.515120,3.097064,1014.955201,15.070716,0.014849,46073344,46073344,861184,4010760,False
269,102,94.200000,0.572896,10.787374,4.801954,3.814996,10.585309,13.142551,21.787999,0.794118,1.357319,0.523198,3.097064,1016.040952,15.304384,0.015063,43920384,43920384,861184,4288700,False
270,91,94.200000,0.405789,10.784651,4.021067,2.992731,8.865170,12.492740,18.061638,0.637363,1.214676,0.601526,3.097064,1015.804103,13.671431,0.013459,39183872,39183872,861184,3977480,False
271,95,94.200000,0.488327,10.802936,4.200264,2.170485,10.156030,12.585111,23.109986,0.652632,1.201260,0.619800,3.097064,1017.573437,14.039613,0.013797,40906240,40906240,861184,4120220,False
272,91,94.200000,0.554759,10.785735,4.388240,2.541236,11.082840,14.710060,18.682370,0.769231,1.348052,0.559599,3.097064,1015.982603,14.657099,0.014427,39183872,39183872,861184,4092400,False
273,85,94.200000,0.598763,10.788157,4.346269,2.084145,11.555304,15.404443,29.658772,0.682353,1.289673,0.642294,3.097064,1016.146094,13.960797,0.013739,36600320,36600320,861184,4244760,False
274,103,94.200000,0.541893,10.821494,4.790502,3.237787,9.723600,12.389753,54.589577,0.747573,1.298977,0.559222,3.097064,1019.276903,15.032168,0.014748,44350976,44350976,861184,3992560,False
275,97,94.200000,0.468417,10.803896,4.213156,3.308559,9.529478,10.505767,26.797486,0.670103,1.249744,0.571243,3.097064,1017.628602,13.850009,0.013610,41767424,41767424,861184,3799640,False
276,90,94.200000,0.532445,10.793554,5.014854,3.062145,10.601168,17.280019,40.259932,0.733333,1.264525,0.546249,3.097064,1016.618812,13.745107,0.013520,38753280,38753280,861184,3653520,False
277,85,94.200000,0.580045,10.773481,5.010369,2.529456,10.373713,16.179961,58.250118,0.717647,1.269843,0.594462,3.097064,1014.710365,13.679697,0.013481,36600320,36600320,861184,3986580,False
278,107,94.200000,0.519281,10.749678,4.343228,2.808781,9.324410,13.057038,27.783220,0.757009,1.316014,0.563027,3.097064,1012.548739,15.957068,0.015759,46073344,46073344,861184,4699760,False
279,100,94.200000,0.479449,10.828036,4.946271,3.242770,11.781485,15.911140,24.265366,0.710000,1.273639,0.556899,3.097064,1019.927611,14.850519,0.014560,43059200,43059200,861184,3859700,False
280,90,94.200000,0.538751,10.801262,4.585426,3.458485,9.870516,11.270018,31.422277,0.788889,1.301323,0.532337,3.097064,1017.402396,13.917778,0.013680,38753280,38753280,861184,3605940,False
281,95,94.200000,0.517284,10.793314,4.880251,3.866143,10.146072,10.524318,20.723892,0.831579,1.377532,0.493010,3.097064,1016.655893,14.722773,0.014482,40906240,40906240,861184,3590860,False
282,91,94.200000,0.548405,10.759244,4.651400,3.197107,9.032720,12.869131,35.383313,0.813187,1.345769,0.523363,3.097064,1013.497176,14.306815,0.014116,39183872,39183872,861184,3840980,False
283,95,94.200000,0.511827,10.765559,4.381421,2.963680,10.246851,12.792469,21.898218,0.800000,1.313605,0.547555,3.097064,1014.024029,14.745619,0.014542,40906240,40906240,861184,3743220,False
284,108,94.200000,0.478760,10.781543,4.345766,2.751790,10.071742,14.231546,20.976901,0.675926,1.225204,0.587205,3.097064,1015.480700,15.075095,0.014845,46503936,46503936,861184,4655560,False
285,97,94.200000,0.526372,10.789046,4.566554,2.909940,10.770983,13.476393,27.176339,0.742268,1.296674,0.571697,3.097064,1016.186975,14.578126,0.014346,41767424,41767424,861184,4184960,False
286,97,94.200000,0.551915,10.781450,4.783520,3.050628,10.771880,13.673158,61.931087,0.721649,1.263920,0.569851,3.097064,1015.526601,14.436556,0.014216,41767424,41767424,861184,3946280,False
287,98,94.200000,0.610415,10.791235,4.927956,3.508184,9.329082,11.408441,60.731063,0.734694,1.304163,0.527421,3.097064,1016.386384,14.868034,0.014628,42198016,42198016,861184,4199520,False
288,91,94.200000,0.532605,10.792636,3.833754,2.851813,9.318966,11.353289,18.559908,0.659341,1.283616,0.606636,3.097064,1016.507153,14.306321,0.014074,39183872,39183872,861184,4837040,False
289,99,94.200000,0.556770,10.774830,3.703902,3.124332,7.877294,9.145453,19.525601,0.727273,1.263635,0.582269,3.097064,1014.887921,14.761103,0.014545,42628608,42628608,861184,4826120,False
290,89,94.200000,0.516654,10.822865,4.427362,3.202754,9.283603,12.699403,22.843880,0.808989,1.360843,0.540727,3.097064,1019.305190,14.715056,0.014436,38322688,38322688,861184,3828240,False
291,96,94.200000,0.494354,10.799309,3.872483,3.282226,8.077190,12.444033,14.971520,0.729167,1.271292,0.571975,3.097064,1017.211500,14.245840,0.014005,41336832,41336832,861184,3917420,False
292,93,94.200000,0.543725,10.779793,4.381592,3.155893,10.552992,11.866887,18.432963,0.709677,1.265032,0.558307,3.097064,1015.361958,14.058836,0.013846,40045056,40045056,861184,4040660,False
293,92,94.200000,0.468811,10.785876,4.122426,3.268778,8.467497,10.470472,30.439698,0.695652,1.180958,0.574832,3.097064,1015.901701,13.460150,0.013249,39614464,39614464,861184,3306940,False
294,93,94.200000,0.608016,10.821087,4.918869,3.541400,10.963785,14.490678,25.827042,0.752688,1.299801,0.529119,3.097064,1019.236116,14.419757,0.014148,40045056,40045056,861184,3999840,False
295,107,94.200000,0.632369,10.838583,5.456929,3.857380,11.341114,14.960336,36.167683,0.785047,1.325106,0.512783,3.097064,1020.884208,15.971991,0.015645,46073344,46073344,861184,4439760,False
296,98,94.200000,0.591480,10.779531,4.830141,3.393813,10.593502,13.844360,26.496431,0.744898,1.268202,0.546648,3.097064,1015.305603,14.564260,0.014345,42198016,42198016,861184,3779880,False
297,88,94.200000,0.572541,10.785782,4.912665,4.359949,9.803111,11.365486,18.268957,0.852273,1.387222,0.473398,3.097064,1015.950116,14.221010,0.013998,37892096,37892096,861184,3577340,False
298,84,94.200000,0.566416,10.766433,5.379766,3.194355,14.289275,17.820943,26.873131,0.750000,1.276721,0.533651,3.097064,1014.153703,13.309781,0.013124,36169728,36169728,861184,3143660,False
299,101,94.200000,0.523996,10.811336,4.253722,3.068541,10.282854,11.494501,30.742255,0.732673,1.257201,0.564488,3.097064,1018.349665,15.013665,0.014743,43489792,43489792,861184,4032080,False
300,102,94.200000,0.596563,10.794759,4.138188,2.691559,10.841573,11.734309,24.258162,0.686275,1.209187,0.593652,3.097064,1016.809200,14.485721,0.014246,43920384,43920384,861184,4449380,False
301,96,94.200000,0.570640,10.808042,4.312154,2.735116,10.526851,14.773528,29.411162,0.666667,1.223880,0.601887,3.097064,1018.040611,14.474601,0.014218,41336832,41336832,861184,4594200,False
302,80,94.200000,0.663992,10.754087,4.766009,3.521479,9.226876,12.555772,30.046209,0.800000,1.369284,0.524547,3.097064,1012.912531,13.779640,0.013604,34447360,34447360,861184,3678220,False
303,85,94.200000,0.591213,10.777895,5.339534,3.729954,11.957359,12.842471,33.708651,0.752941,1.264549,0.506331,3.097064,1015.234842,12.977270,0.012783,36600320,36600320,861184,3323060,False
304,104,94.200000,0.540840,10.815214,4.651649,3.419097,11.471337,13.874513,25.052408,0.750000,1.294016,0.542062,3.097064,1018.630175,15.549302,0.015265,44781568,44781568,861184,4123600,False
305,100,94.200000,0.513836,10.778706,4.786473,3.094209,11.878290,13.961816,23.107596,0.760000,1.310864,0.544499,3.097064,1015.269830,15.143051,0.014915,43059200,43059200,861184,4138680,False
306,85,94.200000,0.597469,10.807691,5.555745,4.272513,11.231841,14.868651,26.215406,0.811765,1.333402,0.473032,3.097064,1017.968438,13.553216,0.013314,36600320,36600320,861184,2918760,False
307,87,94.200000,0.634826,10.723674,4.896687,3.684566,9.639674,13.905978,30.857678,0.747126,1.267937,0.515965,3.097064,1009.976256,13.460150,0.013327,37461504,37461504,861184,3336060,False
308,90,94.200000,0.492288,10.824453,3.916781,2.973455,8.535673,9.282583,19.916666,0.744444,1.257633,0.582122,3.097064,1019.507561,14.108569,0.013839,38753280,38753280,861184,3623100,False
309,96,94.200000,0.606346,10.787213,5.841501,4.448978,12.324375,16.618714,35.525991,0.833333,1.390068,0.471918,3.097064,1016.044487,15.386973,0.015144,41336832,41336832,861184,3672240,False
310,102,94.200000,0.620892,10.767549,5.323815,4.135043,12.536240,14.670138,22.272654,0.784314,1.331817,0.500591,3.097064,1014.149101,15.351666,0.015137,43920384,43920384,861184,4068480,False
311,92,94.200000,0.533176,10.773801,5.120173,3.140916,13.136104,15.140135,30.129990,0.728261,1.275075,0.553980,3.097064,1014.798396,14.142962,0.013937,39614464,39614464,861184,4009720,False
312,109,94.200000,0.561432,10.802537,4.679347,3.328578,9.714393,12.770737,37.777558,0.715596,1.229531,0.560130,3.097064,1017.503493,15.493708,0.015227,46934528,46934528,861184,4720820,False
313,101,94.200000,0.559876,10.789903,4.534847,3.363848,8.300674,14.656963,27.299381,0.772277,1.320621,0.546804,3.097064,1016.362678,15.270632,0.015025,43489792,43489792,861184,4423640,False
314,89,94.200000,0.600957,10.799879,3.983369,2.447422,9.383827,12.234411,21.289441,0.662921,1.202300,0.614549,3.097064,1017.210085,13.664039,0.013433,38322688,38322688,861184,4637100,False
315,101,94.200000,0.550621,10.795476,4.706404,3.307454,10.380420,13.415317,22.219609,0.831683,1.359851,0.505016,3.097064,1016.819395,15.335790,0.015082,43489792,43489792,861184,4158180,False
316,95,94.200000,0.523892,10.782443,4.084836,3.125927,9.549720,10.690176,16.185118,0.726316,1.229224,0.561749,3.097064,1015.656193,14.278577,0.014058,40906240,40906240,861184,4049240,False
317,97,94.200000,0.562616,10.756983,4.641611,3.681298,10.057818,13.409713,17.812724,0.731959,1.237097,0.525677,3.097064,1013.244157,14.256472,0.014070,41767424,41767424,861184,3589820,False
318,94,94.200000,0.597139,10.782901,4.571007,3.216132,10.277427,12.762740,24.443007,0.797872,1.296477,0.532165,3.097064,1015.572422,14.739711,0.014514,40475648,40475648,861184,3998280,False
319,93,94.200000,0.684760,10.799579,5.245037,4.275170,11.839493,14.372793,28.398200,0.838710,1.370048,0.482650,3.097064,1017.171166,14.999553,0.014746,40045056,40045056,861184,3559920,False
320,106,94.200000,0.507365,10.760945,4.557552,3.402051,10.211330,11.827173,25.939524,0.754717,1.263169,0.540875,3.097064,1013.563040,14.956737,0.014757,45642752,45642752,861184,3896880,False
321,91,94.200000,0.642861,10.824526,4.651516,3.473148,11.050986,13.544682,18.544457,0.791209,1.328599,0.544892,3.097064,1019.543614,14.781661,0.014498,39183872,39183872,861184,4197180,False
322,94,94.200000,0.641464,10.832279,5.386297,3.466184,12.060464,17.366586,28.333729,0.787234,1.350161,0.533834,3.097064,1020.275744,14.899934,0.014604,40475648,40475648,861184,4321980,False
323,103,94.200000,0.562449,10.792118,3.827175,2.853438,9.403800,11.212416,21.798846,0.708738,1.192586,0.598518,3.097064,1016.503258,14.660204,0.014422,44350976,44350976,861184,4155320,False
324,93,94.200000,0.567991,10.819669,5.941107,3.662369,15.063984,19.782678,27.179386,0.752688,1.293509,0.512506,3.097064,1019.047887,14.372386,0.014104,40045056,40045056,861184,3774420,False
325,93,94.200000,0.663923,10.772160,5.093974,3.288700,11.878124,13.769453,41.912917,0.731183,1.300841,0.528830,3.097064,1014.630647,14.148658,0.013945,40045056,40045056,861184,4484740,False
326,87,94.200000,0.648564,10.808722,5.320932,3.890204,13.213259,17.694041,22.367843,0.747126,1.311484,0.509283,3.097064,1017.968112,13.643127,0.013402,37461504,37461504,861184,3748680,False
327,99,94.200000,0.581690,10.785488,5.036479,3.897263,12.088420,14.997037,22.935682,0.757576,1.261028,0.523505,3.097064,1015.909311,14.665995,0.014436,42628608,42628608,861184,3863080,False
328,87,94.200000,0.541396,10.817599,4.341517,2.907854,9.813258,13.103864,21.694791,0.770115,1.294493,0.570660,3.097064,1018.864689,13.862137,0.013605,37461504,37461504,861184,4069520,False
329,88,94.200000,0.586176,10.750683,5.176839,3.999463,12.207521,14.794641,26.331816,0.738636,1.246382,0.534803,3.097064,1012.676478,13.614343,0.013444,37892096,37892096,861184,3736460,False
330,103,94.200000,0.669199,10.790317,5.030855,2.990553,12.362597,16.838207,27.640856,0.776699,1.343740,0.539640,3.097064,1016.343853,15.377299,0.015130,44350976,44350976,861184,4390620,False
331,95,94.200000,0.651954,10.795243,4.727592,3.035958,11.386631,16.061547,20.653936,0.768421,1.285874,0.543070,3.097064,1016.817146,14.483898,0.014244,40906240,40906240,861184,4034160,False
332,111,94.200000,0.700849,10.759573,5.904323,3.669781,12.873872,18.237264,44.666071,0.783784,1.321260,0.533174,3.097064,1013.444347,16.032157,0.015819,47795712,47795712,861184,4892940,False
333,104,94.200000,0.650532,10.771618,5.107473,3.260524,13.204512,17.639771,25.699097,0.750000,1.324103,0.536569,3.097064,1014.588349,15.812068,0.015585,44781568,44781568,861184,4655040,False
334,94,94.200000,0.555510,10.772084,4.577816,2.728405,8.679610,13.910941,35.472068,0.755319,1.318044,0.569126,3.097064,1014.615215,14.454919,0.014247,40475648,40475648,861184,4226040,False
335,97,94.200000,0.635708,10.780632,4.905065,3.796852,11.387449,13.182640,18.398631,0.773196,1.276061,0.495158,3.097064,1015.450385,14.377583,0.014159,41767424,41767424,861184,3835260,False
336,96,94.200000,0.567249,10.775161,4.601492,3.045247,9.918726,12.698490,34.863325,0.770833,1.298760,0.555238,3.097064,1014.935161,14.700800,0.014484,41336832,41336832,861184,4205500,False
337,91,94.200000,0.672777,10.779793,5.786643,3.212863,13.360143,20.874639,40.365281,0.769231,1.342538,0.535205,3.097064,1015.297207,14.505815,0.014287,39183872,39183872,861184,4291040,False
338,82,94.200000,0.601513,10.756150,4.636084,3.936943,9.705489,11.383404,19.231587,0.743902,1.322152,0.524884,3.097064,1013.243384,13.249344,0.013076,35308544,35308544,861184,3569540,False
339,104,94.200000,0.619394,10.793726,5.163318,3.783060,9.329399,13.939472,36.846799,0.807692,1.331843,0.495885,3.097064,1016.636174,15.268891,0.015019,44781568,44781568,861184,4220320,False
340,100,94.200000,0.624395,10.808101,5.219894,4.125401,10.508284,13.978263,25.941723,0.780000,1.302352,0.483106,3.097064,1018.061278,14.914571,0.014650,43059200,43059200,861184,4134780,False
341,94,94.200000,0.727988,10.813030,5.804550,3.058740,12.507676,14.839339,70.365783,0.712766,1.262376,0.551408,3.097064,1018.570739,14.159178,0.013901,40475648,40475648,861184,4202640,False
342,103,94.200000,0.576236,10.795649,5.219360,3.412510,12.221777,13.981035,28.398964,0.747573,1.272158,0.524618,3.097064,1016.769512,15.042704,0.014795,44350976,44350976,861184,4023240,False
343,95,94.200000,0.553074,10.760763,4.713904,3.065005,10.405404,14.099434,25.864484,0.757895,1.296348,0.549051,3.097064,1013.645716,14.685810,0.014488,40906240,40906240,861184,4087980,False
344,90,94.200000,0.579130,10.828329,4.256125,2.925736,8.916491,13.992445,17.844742,0.700000,1.227867,0.583354,3.097064,1019.968051,13.553411,0.013288,38753280,38753280,861184,4116060,False
345,88,94.200000,0.746260,10.828521,5.592080,3.832885,11.145884,17.586331,37.269053,0.829545,1.388555,0.491956,3.097064,1020.019149,14.504002,0.014219,37892096,37892096,861184,4227600,False
346,105,94.200000,0.638213,10.767542,4.764819,3.549619,10.142219,11.245467,36.875220,0.771429,1.284809,0.530128,3.097064,1014.172768,15.192829,0.014981,45212160,45212160,861184,4342520,False
347,99,94.200000,0.660953,10.837316,4.631840,3.401436,11.777745,12.347677,20.633098,0.808081,1.324788,0.525736,3.097064,1020.706209,15.246358,0.014937,42628608,42628608,861184,4120740,False
348,88,94.200000,0.647024,10.809583,4.829580,3.680410,11.052381,12.104997,16.248370,0.772727,1.302659,0.521968,3.097064,1018.123156,14.107269,0.013856,37892096,37892096,861184,3858920,False
349,101,94.200000,0.615599,10.804674,4.757819,3.318798,10.407445,14.502319,21.686144,0.792079,1.296707,0.520864,3.097064,1017.724802,14.965936,0.014705,43489792,43489792,861184,4202640,False
350,90,94.200000,0.575760,10.738778,4.433722,3.347258,8.632113,11.743659,28.665909,0.788889,1.303385,0.541788,3.097064,1011.495133,14.305059,0.014142,38753280,38753280,861184,3853460,False
351,103,94.200000,0.607303,10.803424,4.556149,3.279348,9.570833,13.121953,24.395827,0.757282,1.280117,0.539066,3.097064,1017.704182,15.169064,0.014905,44350976,44350976,861184,4542200,False
352,91,94.200000,0.615547,10.783520,3.981340,2.602662,9.614595,11.628401,14.712490,0.703297,1.219259,0.582010,3.097064,1015.701540,13.737422,0.013525,39183872,39183872,861184,3956680,False
353,73,94.200000,0.616866,10.784689,4.935697,3.658157,11.406620,15.914604,23.785290,0.739726,1.273942,0.532788,3.097064,1015.856372,12.427946,0.012234,31433216,31433216,861184,3323320,False
354,114,94.200000,0.657355,10.794454,6.089364,3.478944,12.494061,16.279778,57.251299,0.763158,1.300132,0.523937,3.097064,1016.688320,16.058938,0.015795,49087488,49087488,861184,5021640,False
355,92,94.200000,0.559633,10.782784,4.569971,3.214176,9.093067,14.964765,19.415777,0.717391,1.265451,0.558082,3.097064,1015.569938,14.153893,0.013937,39614464,39614464,861184,3967600,False
356,102,94.200000,0.611801,10.808248,4.569663,3.520935,9.187843,12.679734,24.923367,0.754902,1.267379,0.530739,3.097064,1018.059759,14.863050,0.014599,43920384,43920384,861184,4409340,False
357,107,94.200000,0.705605,10.754860,5.202465,4.129123,11.326791,14.128305,21.703453,0.747664,1.254569,0.511605,3.097064,1013.038657,15.054019,0.014860,46073344,46073344,861184,4373980,False
358,109,94.200000,0.576974,10.791312,4.531643,3.674329,10.015988,13.042294,25.910621,0.733945,1.207361,0.550869,3.097064,1016.403078,14.805489,0.014567,46934528,46934528,861184,4369560,False
359,86,94.200000,0.651583,10.777863,4.941406,3.709185,11.506444,12.950867,18.209699,0.767442,1.215920,0.503885,3.097064,1015.119978,13.040984,0.012847,37030912,37030912,861184,3083600,False
360,106,94.200000,0.641504,10.762580,4.632954,3.128170,10.135028,11.894144,29.723984,0.764151,1.331580,0.564205,3.097064,1013.698797,15.856032,0.015642,45642752,45642752,861184,4932980,False
361,97,94.200000,0.582739,10.757237,4.592546,2.907597,9.957622,13.925025,42.862277,0.742268,1.231289,0.574534,3.097064,1013.276315,14.293392,0.014106,41767424,41767424,861184,4331600,False
362,95,94.200000,0.620125,10.760484,5.093617,4.035622,11.139053,15.031473,29.235095,0.757895,1.312506,0.528354,3.097064,1013.486911,14.646880,0.014452,40906240,40906240,861184,4420780,False
363,83,94.200000,0.599769,10.784181,4.665895,3.307844,9.250090,11.658440,35.319460,0.734940,1.278218,0.551946,3.097064,1015.785271,13.493943,0.013284,35739136,35739136,861184,3876600,False
364,86,94.200000,0.758271,10.816610,5.525623,3.536071,12.203008,16.879804,28.976530,0.825581,1.307096,0.488539,3.097064,1018.839731,13.795180,0.013540,37030912,37030912,861184,3581240,False
365,94,94.200000,0.681846,10.760554,5.970912,4.518208,12.893068,17.040287,32.463427,0.829787,1.373756,0.466099,3.097064,1013.511240,14.772573,0.014576,40475648,40475648,861184,3750760,False
366,89,94.200000,0.589770,10.773179,4.183548,2.582673,10.031087,15.075553,17.213117,0.730337,1.205375,0.585165,3.097064,1014.757360,13.741390,0.013542,38322688,38322688,861184,3828760,False
367,108,94.200000,0.653262,10.806968,5.576933,4.401998,12.170648,16.451436,34.190245,0.703704,1.211461,0.521795,3.097064,1017.941283,14.654179,0.014396,46503936,46503936,861184,4396600,False
368,97,94.200000,0.561686,10.805344,4.925986,3.598916,9.707751,14.972851,26.837228,0.762887,1.244679,0.535770,3.097064,1017.808647,14.150469,0.013903,41767424,41767424,861184,3895840,False
369,105,94.200000,0.585479,10.747502,5.493330,3.315689,10.644935,17.340578,58.415176,0.771429,1.220099,0.522248,3.097064,1012.342024,14.608961,0.014431,45212160,45212160,861184,3659760,False
370,91,94.200000,0.735065,10.789982,6.301685,3.128193,17.216479,22.347970,33.554169,0.758242,1.252654,0.529221,3.097064,1016.342388,13.755843,0.013535,39183872,39183872,861184,3514160,False
371,93,94.200000,0.568569,10.786681,4.242690,2.503327,11.478297,12.868040,26.444158,0.720430,1.206113,0.599557,3.097064,1015.979344,13.864011,0.013646,40045056,40045056,861184,4272840,False
372,95,94.200000,0.629606,10.755446,5.382212,3.511249,12.383500,14.356716,46.592413,0.736842,1.270966,0.524631,3.097064,1013.152858,14.150753,0.013967,40906240,40906240,861184,4074460,False
373,75,94.200000,0.845284,10.808398,6.512825,3.741778,15.570021,19.856422,34.605025,0.840000,1.403763,0.484732,3.097064,1018.040184,13.308471,0.013073,32294400,32294400,861184,3714620,False
374,91,94.200000,0.549544,10.776747,5.432179,3.632090,12.296757,15.222097,34.027498,0.758242,1.197018,0.519077,3.097064,1015.138137,13.394038,0.013194,39183872,39183872,861184,3012620,False
375,101,94.200000,0.654673,10.789722,4.762601,3.817743,9.968745,13.740594,25.466316,0.732673,1.227006,0.536569,3.097064,1016.294748,14.584325,0.014350,43489792,43489792,861184,4024280,False
376,89,94.200000,0.622716,10.812511,5.541504,3.874349,11.344324,16.404159,28.678345,0.820225,1.353985,0.492946,3.097064,1018.451930,14.657114,0.014392,38322688,38322688,861184,4078620,False
377,105,94.200000,0.658083,10.761216,4.852597,2.815683,11.326612,13.673090,24.694038,0.790476,1.322790,0.546263,3.097064,1013.591718,15.617503,0.015408,45212160,45212160,861184,4996160,False
378,89,94.200000,0.633925,10.782722,5.310731,4.229934,12.171486,12.989674,22.095216,0.820225,1.330982,0.496006,3.097064,1015.608908,14.154648,0.013937,38322688,38322688,861184,3664180,False
379,96,94.200000,0.719209,10.753501,6.299181,4.236866,13.348609,20.414631,44.606859,0.802083,1.331079,0.466610,3.097064,1012.913832,14.667311,0.014480,41336832,41336832,861184,4302480,False
380,98,94.200000,0.612345,10.827459,4.523697,3.616316,9.936709,11.910339,23.108056,0.755102,1.279284,0.545374,3.097064,1019.808854,14.555469,0.014273,42198016,42198016,861184,4666220,False
381,113,94.200000,0.650865,10.797462,5.104502,3.369855,10.870578,17.642790,28.337905,0.743363,1.303055,0.528863,3.097064,1016.992283,15.906836,0.015641,48656896,48656896,861184,5219500,False
382,103,94.200000,0.623863,10.793540,5.280403,4.083711,12.335288,15.547075,29.194284,0.815534,1.311673,0.474791,3.097064,1016.554648,15.077012,0.014831,44350976,44350976,861184,4005300,False
383,91,94.200000,0.639851,10.763059,4.668406,3.111127,9.208108,11.882226,38.977069,0.758242,1.270483,0.557882,3.097064,1013.789099,14.237899,0.014044,39183872,39183872,861184,4284800,False
384,101,94.200000,0.668162,10.789699,4.948698,3.285671,11.462857,14.350820,43.679064,0.752475,1.247416,0.552370,3.097064,1016.256023,14.769376,0.014533,43489792,43489792,861184,4206540,False
385,89,94.200000,0.750617,10.820760,5.346397,3.938037,12.423957,14.876095,28.800570,0.808989,1.324289,0.501767,3.097064,1019.211676,14.429397,0.014157,38322688,38322688,861184,3955120,False
386,87,94.200000,0.604058,10.767287,5.418769,4.297260,11.161195,14.387424,23.876719,0.885057,1.377757,0.443450,3.097064,1014.154008,14.422412,0.014221,37461504,37461504,861184,3247920,False
387,93,94.200000,0.659833,10.793025,5.356129,3.467052,12.958926,15.380426,29.690971,0.731183,1.285838,0.538104,3.097064,1016.626493,14.300168,0.014066,40045056,40045056,861184,4391140,False
388,92,94.200000,0.766146,10.805971,7.507626,4.652529,16.414157,21.918805,66.536607,0.782609,1.291200,0.458497,3.097064,1017.857029,13.924572,0.013680,39614464,39614464,861184,3591640,False
389,79,94.200000,0.639044,10.789669,4.729699,3.468209,10.323450,12.880519,20.988125,0.822785,1.330891,0.507260,3.097064,1016.245497,13.370497,0.013157,34016768,34016768,861184,3520920,False
390,96,94.200000,0.629471,10.790640,5.138086,3.864515,10.826079,14.291709,26.146911,0.802083,1.348883,0.514785,3.097064,1016.295411,15.265124,0.015020,41336832,41336832,861184,4630600,False
391,89,94.200000,0.652473,10.788666,4.187653,2.712761,9.767219,12.809788,35.876191,0.741573,1.243580,0.587671,3.097064,1016.148100,14.233524,0.014007,38322688,38322688,861184,4396080,False
392,113,94.200000,0.644563,10.781207,4.457231,3.127436,10.186620,11.545788,22.274582,0.681416,1.170044,0.556959,3.097064,1015.470945,15.225167,0.014993,48656896,48656896,861184,5177640,False
393,86,94.200000,0.688759,10.783442,5.285324,3.899539,11.179582,16.436037,31.347981,0.767442,1.226511,0.516031,3.097064,1015.749390,13.174998,0.012971,37030912,37030912,861184,3069560,False
394,89,94.200000,0.753183,10.747326,6.634213,3.941486,16.313322,23.054023,47.700914,0.786517,1.287552,0.478026,3.097064,1012.295554,13.970570,0.013801,38322688,38322688,861184,3406260,False
395,104,94.200000,0.685531,10.782792,4.716910,3.521776,10.294891,12.872414,22.574394,0.769231,1.259827,0.521733,3.097064,1015.581931,14.771539,0.014545,44781568,44781568,861184,4422080,False
396,85,94.200000,0.690544,10.814364,5.872232,3.813316,12.139658,16.147453,27.205285,0.800000,1.308115,0.482139,3.097064,1018.570246,13.597234,0.013349,36600320,36600320,861184,3678480,False
397,105,94.200000,0.742798,10.779350,6.179157,4.502566,13.523372,16.165451,31.971265,0.790476,1.294342,0.457729,3.097064,1015.286660,15.234334,0.015005,45212160,45212160,861184,3834220,False
398,102,94.200000,0.700090,10.795194,5.143189,3.824081,12.896275,14.882998,26.479840,0.725490,1.196643,0.529029,3.097064,1016.798638,14.312652,0.014076,43920384,43920384,861184,4031820,False
399,79,94.200000,0.720630,10.776458,5.102918,3.047777,11.352134,17.002360,25.620109,0.759494,1.278011,0.543884,3.097064,1014.994350,13.043997,0.012851,34016768,34016768,861184,3917940,False
400,80,94.200000,0.773199,10.822738,5.945525,4.393502,13.341633,19.717619,26.992779,0.837500,1.327234,0.468574,3.097064,1019.420524,13.181726,0.012931,34447360,34447360,861184,3213080,False
401,92,94.200000,0.767152,10.813356,5.115984,3.530369,10.207879,14.783609,21.852842,0.836957,1.366147,0.505154,3.097064,1018.424075,15.019165,0.014747,39614464,39614464,861184,4417140,False
402,83,94.200000,0.646868,10.790627,4.735071,3.161187,11.223069,15.640484,21.064929,0.746988,1.227160,0.549707,3.097064,1016.357386,13.276313,0.013063,35739136,35739136,861184,3584880,False
403,97,94.200000,0.696090,10.791864,4.736915,3.346775,10.308068,13.739256,32.135492,0.814433,1.330507,0.523802,3.097064,1016.584277,14.972493,0.014728,41767424,41767424,861184,4517240,False
404,97,94.200000,0.750384,10.790867,5.229846,4.102118,11.363122,14.717534,40.061045,0.711340,1.211134,0.524100,3.097064,1016.397351,14.125634,0.013898,41767424,41767424,861184,4456400,False
405,99,94.200000,0.586276,10.808364,4.321573,2.740753,10.122398,12.313599,22.408273,0.696970,1.184293,0.581394,3.097064,1018.019641,14.205150,0.013954,42628608,42628608,861184,4420000,False
406,91,94.200000,0.668060,10.814712,5.240240,3.205974,12.475093,18.813957,30.665470,0.736264,1.211962,0.531939,3.097064,1018.706737,13.587756,0.013338,39183872,39183872,861184,3852160,False
407,96,94.200000,0.629428,10.784400,4.632729,3.279908,10.347247,12.180771,23.973295,0.770833,1.236716,0.534475,3.097064,1015.830728,14.060105,0.013841,41336832,41336832,861184,4150120,False
408,88,94.200000,0.590703,10.764231,4.231777,3.172102,9.204053,14.377827,22.898686,0.693182,1.140100,0.562601,3.097064,1013.959937,12.709944,0.012535,37892096,37892096,861184,3225300,False
409,75,94.200000,0.684626,10.800860,4.746728,4.098969,10.544894,12.291563,16.542619,0.786667,1.308918,0.508954,3.097064,1017.356199,12.762910,0.012545,32294400,32294400,861184,3612700,False
410,103,94.200000,0.711314,10.815183,5.867181,3.807591,13.522873,18.558304,47.739520,0.834951,1.316931,0.481300,3.097064,1018.614499,15.199432,0.014922,44350976,44350976,861184,4508660,False
411,93,94.200000,0.652357,10.803118,5.600485,3.245545,12.224949,15.810924,26.909489,0.774194,1.262366,0.530455,3.097064,1017.627492,14.013216,0.013770,40045056,40045056,861184,3754920,False
412,85,94.200000,0.697931,10.743540,5.585416,4.524041,13.213775,15.227790,28.536619,0.752941,1.283641,0.486527,3.097064,1011.905110,13.377700,0.013220,36600320,36600320,861184,3206840,False
413,101,94.200000,0.618439,10.814628,4.592437,2.807142,12.712222,15.076639,23.966097,0.683168,1.159518,0.577115,3.097064,1018.633596,14.066461,0.013809,43489792,43489792,861184,4757220,False
414,93,94.200000,0.763049,10.746020,4.759963,3.354186,10.439534,13.817535,34.269977,0.720430,1.268902,0.560497,3.097064,1012.202788,14.080268,0.013911,40045056,40045056,861184,4491500,False
415,104,94.200000,0.761607,10.804292,5.717001,3.698362,12.963632,15.914362,39.441467,0.817308,1.280075,0.492405,3.097064,1017.644330,15.071654,0.014810,44781568,44781568,861184,3815240,False
416,79,94.200000,0.742720,10.782220,4.767270,3.416553,10.391051,13.872550,17.447671,0.822785,1.348736,0.514092,3.097064,1015.565237,13.339177,0.013135,34016768,34016768,861184,3740880,False
417,115,94.200000,0.681423,10.736825,5.116647,3.423978,12.647039,16.081958,26.326353,0.739130,1.240095,0.536632,3.097064,1011.219076,15.968158,0.015791,49518080,49518080,861184,5236660,False
418,101,94.200000,0.692367,10.785163,4.743080,3.037606,11.309988,15.302575,21.345548,0.732673,1.254975,0.555125,3.097064,1015.902634,14.844816,0.014612,43489792,43489792,861184,4694040,False
419,93,94.200000,0.736198,10.777545,4.686066,3.058741,10.419326,13.361426,23.532648,0.817204,1.330993,0.524707,3.097064,1015.188880,14.353117,0.014138,40045056,40045056,861184,4235140,False
420,95,94.200000,0.689279,10.801112,5.647254,3.565474,12.439305,17.870349,37.709061,0.789474,1.303503,0.521807,3.097064,1017.342694,14.618948,0.014370,40906240,40906240,861184,4113980,False
421,110,94.200000,0.720871,10.795856,5.216814,3.059281,10.484376,13.823382,53.524817,0.809091,1.324009,0.512974,3.097064,1016.845111,16.057710,0.015792,47365120,47365120,861184,5205980,False
422,92,94.200000,0.602952,10.770131,5.344685,4.024741,12.095509,13.472546,44.149587,0.684783,1.201001,0.524420,3.097064,1014.427581,13.414852,0.013224,39614464,39614464,861184,3891160,False
423,95,94.200000,0.714455,10.706250,5.595033,3.387139,14.801144,18.192027,52.040059,0.694737,1.182650,0.554358,3.097064,1008.473663,13.665826,0.013551,40906240,40906240,861184,4261920,False
424,99,94.200000,0.754075,10.820312,6.879199,3.615568,16.542888,23.036763,49.120682,0.848485,1.383318,0.486415,3.097064,1019.221932,15.175194,0.014889,42628608,42628608,861184,4609020,False
425,102,94.200000,0.728815,10.801441,6.024774,4.848810,13.626152,16.168097,28.836666,0.833333,1.315911,0.452111,3.097064,1017.412394,14.988178,0.014732,43920384,43920384,861184,4050020,False
426,86,94.200000,0.663909,10.804071,4.527260,2.410811,11.918660,15.228065,24.485811,0.732558,1.230871,0.597379,3.097064,1017.606108,13.373099,0.013142,37030912,37030912,861184,3971500,False
427,99,94.200000,0.720283,10.833282,6.192809,3.432202,13.905741,16.336568,83.797155,0.818182,1.290952,0.508665,3.097064,1020.391156,14.759719,0.014465,42628608,42628608,861184,4169880,False
428,78,94.200000,0.773131,10.812614,5.864767,4.974571,13.548573,16.290685,23.205791,0.782051,1.259526,0.493821,3.097064,1018.457101,12.829150,0.012597,33586176,33586176,861184,3491800,False
429,105,94.200000,0.780020,10.776745,5.706040,3.354124,12.499030,15.066759,57.066815,0.761905,1.270518,0.521086,3.097064,1015.043275,15.068506,0.014845,45212160,45212160,861184,5109780,False
430,85,94.200000,0.762462,10.798211,5.517697,4.046248,12.790071,15.549334,25.186988,0.752941,1.201912,0.506926,3.097064,1017.069707,12.950110,0.012733,36600320,36600320,861184,3266640,False
431,82,94.200000,0.730915,10.814142,5.480043,4.222212,10.950823,16.638554,24.032004,0.804878,1.343805,0.491224,3.097064,1018.534431,13.365511,0.013122,35308544,35308544,861184,3734640,False
432,89,94.200000,0.670153,10.789158,4.954437,3.231684,9.747416,14.866024,32.311110,0.786517,1.293107,0.535487,3.097064,1016.264244,13.951585,0.013728,38322688,38322688,861184,3854500,False
433,99,94.200000,0.724929,10.799471,5.616896,4.802171,11.920443,16.054877,24.805472,0.767677,1.285725,0.481594,3.097064,1017.152329,14.685578,0.014438,42628608,42628608,861184,4010760,False
434,88,94.200000,0.726131,10.763481,5.497229,3.662665,13.428349,15.400286,30.928461,0.795455,1.266150,0.494491,3.097064,1013.853885,13.795431,0.013607,37892096,37892096,861184,3483480,False
435,90,94.200000,0.699344,10.772050,5.013027,2.454671,9.877551,12.527419,52.057248,0.722222,1.207137,0.576067,3.097064,1014.645636,13.507032,0.013312,38753280,38753280,861184,3945500,False
436,96,94.200000,0.876211,10.796592,7.425323,4.308082,15.337079,18.718098,116.699966,0.770833,1.288280,0.462403,3.097064,1016.978310,14.258080,0.014020,41336832,41336832,861184,4108520,False
437,96,94.200000,0.738954,10.770959,5.561211,3.406619,11.157369,14.292247,60.682814,0.739583,1.236835,0.540474,3.097064,1014.500075,14.457147,0.014251,41336832,41336832,861184,4482660,False
438,110,94.200000,0.681716,10.774899,4.920249,3.170683,12.573504,17.651405,28.786781,0.690909,1.124834,0.554961,3.097064,1014.911757,14.628176,0.014413,47365120,47365120,861184,4543760,False
439,99,94.200000,0.746969,10.823036,6.697082,4.582184,15.622398,19.113665,50.310968,0.777778,1.257181,0.473761,3.097064,1019.383558,14.479521,0.014204,42628608,42628608,861184,3794960,False
440,107,94.200000,0.766402,10.791444,4.791071,3.048616,11.524978,16.369737,30.248118,0.794393,1.239061,0.534108,3.097064,1016.303455,15.331299,0.015085,46073344,46073344,861184,4209140,False
441,82,94.200000,0.796801,10.749322,6.204228,4.914788,12.933158,18.613719,33.669299,0.817073,1.301393,0.461327,3.097064,1012.549610,12.933603,0.012773,35308544,35308544,861184,3184220,False
442,90,94.200000,0.696826,10.791965,5.696458,3.927705,11.436661,17.212159,28.700437,0.822222,1.284079,0.478995,3.097064,1016.401279,13.785626,0.013563,38753280,38753280,861184,3321500,False
443,99,94.200000,0.698141,10.788875,5.653549,4.660800,13.145757,18.089748,21.448930,0.777778,1.280363,0.485802,3.097064,1016.230692,14.534583,0.014302,42628608,42628608,861184,4035200,False
444,87,94.200000,0.744947,10.766657,6.066271,4.196820,12.163926,17.918309,42.063674,0.885057,1.416415,0.460887,3.097064,1014.176638,14.564966,0.014361,37461504,37461504,861184,3931980,False
445,113,94.200000,0.796693,10.800136,6.040732,3.398497,13.988615,19.098044,40.395008,0.814159,1.313594,0.499210,3.097064,1017.263967,16.312411,0.016036,48656896,48656896,861184,4852120,False
446,99,94.200000,0.647908,10.755403,6.015673,4.523005,14.097670,16.688194,54.334224,0.737374,1.206314,0.511101,3.097064,1013.082296,14.068140,0.013886,42628608,42628608,861184,3462420,False
447,86,94.200000,0.725417,10.807789,5.131482,4.112929,9.936081,14.377660,30.009170,0.755814,1.224079,0.506426,3.097064,1017.938692,13.161036,0.012929,37030912,37030912,861184,3495960,False
448,95,94.200000,0.697609,10.746101,5.585233,3.973792,12.870735,16.281981,29.253061,0.789474,1.266441,0.496076,3.097064,1012.207516,13.913367,0.013746,40906240,40906240,861184,3643900,False
449,106,94.200000,0.746512,10.820578,6.039236,3.798585,12.889295,17.865438,48.935938,0.764151,1.247030,0.492501,3.097064,1019.161916,14.718806,0.014442,45642752,45642752,861184,4235920,False
450,96,94.200000,0.647034,10.785253,5.537332,3.333287,13.749592,17.387051,36.815549,0.760417,1.240171,0.528369,3.097064,1015.882376,14.129342,0.013908,41336832,41336832,861184,3969680,False
451,103,94.200000,0.761588,10.796481,5.801188,3.536715,12.843009,18.508680,55.829415,0.747573,1.223239,0.501648,3.097064,1016.913446,14.733610,0.014489,44350976,44350976,861184,4501120,False
452,97,94.200000,0.734067,10.802232,5.106278,3.334283,11.865042,14.719770,23.425853,0.814433,1.288237,0.512876,3.097064,1017.485316,14.754703,0.014501,41767424,41767424,861184,4058860,False
453,94,94.200000,0.780913,10.777722,5.592923,3.859601,12.319417,17.196476,22.239364,0.829787,1.313656,0.490451,3.097064,1015.180342,14.128907,0.013918,40475648,40475648,861184,3819400,False
454,102,94.200000,0.863481,10.751294,6.584811,4.025216,15.954376,17.277510,37.485814,0.813725,1.287662,0.459380,3.097064,1012.619030,14.856228,0.014671,43920384,43920384,861184,3945760,False
455,109,94.200000,0.840680,10.787656,7.898453,5.080149,16.467847,23.072459,67.268790,0.889908,1.397894,0.378149,3.097064,1016.070634,15.826725,0.015576,46934528,46934528,861184,4000620,False
456,99,94.200000,0.789590,10.768279,6.809260,4.029387,14.297155,22.264494,47.747378,0.797980,1.269275,0.482625,3.097064,1014.261267,14.194407,0.013995,42628608,42628608,861184,3814460,False
457,93,94.200000,0.806476,10.802694,5.588932,3.154004,14.574332,17.511840,42.620567,0.720430,1.184932,0.544916,3.097064,1017.480779,13.354753,0.013125,40045056,40045056,861184,3895060,False
458,104,94.200000,0.854812,10.776199,5.985229,4.629126,11.959595,17.872079,27.537350,0.826923,1.315154,0.446433,3.097064,1014.861017,15.400032,0.015175,44781568,44781568,861184,4172740,False
459,90,94.200000,0.811429,10.808151,5.696669,4.031533,13.244646,15.657274,26.714984,0.788889,1.300589,0.495571,3.097064,1018.012239,14.211318,0.013960,38753280,38753280,861184,3995680,False
460,98,94.200000,0.862522,10.807688,6.721669,5.358173,14.282143,16.536380,29.271920,0.846939,1.402370,0.421082,3.097064,1017.929829,14.788434,0.014528,42198016,42198016,861184,4346420,False
461,88,94.200000,0.691561,10.801249,5.515072,3.365865,13.853770,19.556019,38.701948,0.715909,1.179662,0.535517,3.097064,1017.414339,12.892572,0.012672,37892096,37892096,861184,3648840,False
462,96,94.200000,0.758878,10.773475,6.914276,4.867381,16.509417,26.247378,35.704569,0.760417,1.246823,0.468100,3.097064,1014.759897,13.783750,0.013583,41336832,41336832,861184,3590860,False
463,100,94.200000,0.977452,10.811701,6.468668,4.416409,16.186258,17.374537,27.420610,0.790000,1.306722,0.449817,3.097064,1018.371239,14.873257,0.014605,43059200,43059200,861184,4669340,False
464,94,94.200000,0.776276,10.743269,5.824879,4.122226,14.435819,16.616245,22.015448,0.808511,1.268646,0.475320,3.097064,1011.914077,13.901349,0.013738,40475648,40475648,861184,3481400,False
465,91,94.200000,0.800481,10.805093,5.207834,3.940163,11.020489,14.635515,24.616190,0.802198,1.290042,0.497168,3.097064,1017.783317,14.214551,0.013966,39183872,39183872,861184,3969160,False
466,87,94.200000,0.824437,10.809499,5.592170,3.089241,15.230043,20.130253,32.566442,0.735632,1.218239,0.537567,3.097064,1018.165268,13.341411,0.013103,37461504,37461504,861184,3916640,False
467,89,94.200000,0.863244,10.784809,6.215361,4.082180,14.032245,22.019305,38.794265,0.808989,1.285766,0.465657,3.097064,1015.784503,13.972539,0.013755,38322688,38322688,861184,3596320,False
468,86,94.200000,0.847770,10.801134,6.707504,4.417726,14.586666,16.810718,36.116592,0.895349,1.421045,0.406054,3.097064,1017.359249,14.255319,0.014012,37030912,37030912,861184,3494140,False
469,96,94.200000,0.742682,10.787910,5.084928,3.308933,12.419807,16.356448,25.064876,0.760417,1.190995,0.531795,3.097064,1016.216801,13.923429,0.013701,41336832,41336832,861184,3547960,False
470,111,94.200000,0.767234,10.814027,5.586863,4.366913,13.097199,15.285688,29.455373,0.792793,1.223205,0.481419,3.097064,1018.544182,15.331698,0.015053,47795712,47795712,861184,4213300,False
471,77,94.200000,0.655621,10.791008,5.086355,4.188715,10.495299,13.522303,18.883150,0.792208,1.338144,0.488656,3.097064,1016.470959,12.841061,0.012633,33155584,33155584,861184,3538860,False
472,85,94.200000,0.767645,10.819692,5.826537,4.216597,12.131252,16.676509,48.358819,0.800000,1.249380,0.474981,3.097064,1019.174133,13.259949,0.013010,36600320,36600320,861184,3239340,False
473,84,94.200000,0.794452,10.794307,6.051035,3.965391,15.734053,18.952266,26.993498,0.797619,1.237066,0.485186,3.097064,1016.747353,13.140243,0.012924,36169728,36169728,861184,3208400,False
474,94,94.200000,0.829034,10.744645,5.756219,3.990406,12.638758,16.630750,41.040724,0.787234,1.256976,0.504335,3.097064,1012.030921,14.057114,0.013890,40475648,40475648,861184,4176640,False
475,111,94.200000,0.771253,10.821804,5.409467,3.359670,14.062157,19.016232,36.246077,0.738739,1.175509,0.531415,3.097064,1019.391615,14.991512,0.014706,47795712,47795712,861184,4469920,False
476,119,94.200000,0.838529,10.791288,5.852600,3.990698,12.968016,16.994117,30.934546,0.815126,1.314795,0.468455,3.097064,1016.349028,16.476173,0.016211,51240448,51240448,861184,5090800,False
477,78,94.200000,0.809606,10.783915,5.746432,3.434785,12.663092,16.295026,60.147727,0.794872,1.273772,0.502617,3.097064,1015.727934,13.113288,0.012910,33586176,33586176,861184,3458780,False
478,94,94.200000,0.896922,10.734015,7.668115,4.388188,19.178349,26.307121,36.265740,0.819149,1.319298,0.433107,3.097064,1011.120091,14.312936,0.014156,40475648,40475648,861184,3612180,False
479,85,94.200000,0.718634,10.769201,5.764081,3.972898,13.329355,18.539117,36.494333,0.670588,1.085202,0.530437,3.097064,1014.370941,12.096493,0.011925,36600320,36600320,861184,3090100,False
480,100,94.200000,0.797730,10.793199,6.233683,3.758829,14.262001,21.073639,45.598395,0.770000,1.244116,0.502121,3.097064,1016.694972,14.392243,0.014156,43059200,43059200,861184,4192760,False
481,96,94.200000,0.823952,10.805935,6.116758,3.059598,13.595076,18.275710,37.948007,0.791667,1.268171,0.512048,3.097064,1017.808452,14.536164,0.014282,41336832,41336832,861184,4270500,False
482,87,94.200000,0.760031,10.832229,6.095804,4.244925,13.189888,17.398096,55.631605,0.793103,1.328038,0.490047,3.097064,1020.310934,13.696796,0.013424,37461504,37461504,861184,3823560,False
483,98,94.200000,0.883223,10.787938,6.125227,4.344774,13.324618,15.464033,35.408930,0.816327,1.306059,0.462605,3.097064,1016.065941,14.754895,0.014522,42198016,42198016,861184,4373720,False
484,90,94.200000,0.756462,10.786149,5.412242,3.666276,10.110947,15.941662,47.941374,0.800000,1.247845,0.496850,3.097064,1015.896442,13.765383,0.013550,38753280,38753280,861184,3485300,False
485,119,94.200000,0.774212,10.792582,5.935955,3.936756,13.889691,18.160018,36.190827,0.773109,1.241195,0.496393,3.097064,1016.509788,15.985936,0.015726,51240448,51240448,861184,4741880,False
486,91,94.200000,0.809443,10.773475,5.961146,4.297416,13.289527,18.989382,21.754094,0.813187,1.313426,0.480110,3.097064,1014.782955,14.223390,0.014016,39183872,39183872,861184,4533880,False
487,100,94.200000,0.816272,10.754627,6.500895,4.642739,14.761071,19.256598,42.153032,0.820000,1.286098,0.470094,3.097064,1013.042116,14.918425,0.014726,43059200,43059200,861184,4136600,False
488,98,94.200000,0.803603,10.794804,5.558117,3.865643,13.435047,17.436661,26.415250,0.765306,1.226014,0.495367,3.097064,1016.782036,14.350527,0.014114,42198016,42198016,861184,4170400,False
489,101,94.200000,0.738658,10.713435,5.626612,3.939276,10.916308,14.621553,58.797444,0.792079,1.280127,0.512161,3.097064,1009.045564,14.935099,0.014801,43489792,43489792,861184,4812080,False
490,93,94.200000,0.922395,10.768236,7.366338,3.823719,18.210193,20.466890,51.355529,0.784946,1.298332,0.488352,3.097064,1014.299858,14.092449,0.013894,40045056,40045056,861184,4091620,False
491,114,94.200000,0.820641,10.766019,5.766277,4.050288,12.616012,16.003425,32.175072,0.780702,1.227984,0.484884,3.097064,1013.936943,15.802306,0.015585,49087488,49087488,861184,4520360,False
492,93,94.200000,0.674991,10.786636,4.689682,3.266118,11.739835,14.237642,20.614106,0.698925,1.132827,0.551042,3.097064,1015.947925,13.376912,0.013167,40045056,40045056,861184,3585660,False
493,103,94.200000,0.810697,10.788027,5.982418,4.336545,13.323217,16.594934,30.922377,0.825243,1.315094,0.458349,3.097064,1016.149034,15.308431,0.015065,44350976,44350976,861184,4339400,False
494,90,94.200000,0.912644,10.757407,5.613338,3.273232,13.847364,18.061254,33.484428,0.777778,1.255046,0.528128,3.097064,1013.312213,13.674787,0.013495,38753280,38753280,861184,4398420,False
495,81,94.200000,0.809489,10.827483,5.521730,4.469999,12.423603,14.736121,18.055032,0.790123,1.290187,0.481359,3.097064,1019.908418,12.847770,0.012597,34877952,34877952,861184,3509220,False
496,108,94.200000,0.735083,10.762525,6.176625,4.391694,13.730936,17.430507,76.526843,0.768519,1.268539,0.493954,3.097064,1013.649568,15.377058,0.015170,46503936,46503936,861184,4441320,False
497,95,94.200000,0.866213,10.805935,6.629646,4.169535,15.827123,20.861393,34.523557,0.852632,1.341356,0.447697,3.097064,1017.787230,14.644397,0.014388,40906240,40906240,861184,3909880,False
498,85,94.200000,0.801023,10.813158,5.946239,3.835136,13.337115,20.253423,30.653362,0.800000,1.292976,0.490011,3.097064,1018.475423,13.558093,0.013312,36600320,36600320,861184,3746340,False
499,98,94.200000,0.835534,10.799590,5.859085,3.947519,15.213298,18.059490,35.467082,0.806122,1.266768,0.473331,3.097064,1017.198872,14.649694,0.014402,42198016,42198016,861184,3966820,False
500,93,94.200000,0.835339,10.750994,6.616049,4.355641,15.238813,24.805419,36.600079,0.763441,1.304193,0.481639,3.097064,1012.719960,14.229317,0.014051,40045056,40045056,861184,4481880,False
501,73,94.200000,0.981286,10.800538,5.933204,4.095219,13.037793,19.615451,29.310135,0.808219,1.330350,0.481672,3.097064,1017.249315,12.960391,0.012741,31433216,31433216,861184,3492580,False
502,112,94.200000,0.801266,10.759368,6.232012,4.293740,15.363522,19.181370,25.983377,0.892857,1.389593,0.443943,3.097064,1013.335373,17.019535,0.016796,48226304,48226304,861184,5205200,False
503,99,94.200000,0.804053,10.824570,6.778025,4.065355,12.431028,17.658842,61.705480,0.828283,1.290285,0.466905,3.097064,1019.530703,14.575830,0.014297,42628608,42628608,861184,4037800,False
504,91,94.200000,1.005503,10.808899,6.755433,3.597942,13.596272,23.561201,84.772245,0.758242,1.277015,0.527967,3.097064,1018.074449,14.117094,0.013866,39183872,39183872,861184,4429880,False
505,80,94.200000,0.706710,10.764696,5.731997,3.855605,14.432576,16.310464,31.791703,0.750000,1.199626,0.501411,3.097064,1013.925283,12.432474,0.012262,34447360,34447360,861184,2984280,False
506,91,94.200000,0.749314,10.759489,6.395923,4.304368,13.991886,19.069461,60.925636,0.747253,1.207052,0.500529,3.097064,1013.416070,13.520193,0.013341,39183872,39183872,861184,3346460,False
507,95,94.200000,0.794751,10.798158,5.725307,4.390484,12.068398,15.412108,37.437676,0.778947,1.293829,0.475308,3.097064,1017.088170,14.215421,0.013977,40906240,40906240,861184,3914040,False
508,95,94.200000,0.826207,10.767874,6.535366,4.187030,16.460571,19.508254,34.907227,0.800000,1.227405,0.462025,3.097064,1014.257279,14.020860,0.013824,40906240,40906240,861184,3233360,False
509,82,94.200000,0.815719,10.748805,5.816135,3.513685,15.409169,18.219946,23.336337,0.829268,1.321670,0.492610,3.097064,1012.386430,13.566687,0.013401,35308544,35308544,861184,3899480,False
510,94,94.200000,0.770238,10.771418,4.762499,3.761387,10.216785,12.633981,17.831125,0.787234,1.296064,0.510188,3.097064,1014.538047,14.362630,0.014157,40475648,40475648,861184,4487080,False
511,115,94.200000,0.811870,10.754191,5.804645,3.913077,14.575880,18.300468,50.465476,0.765217,1.190290,0.512098,3.097064,1012.979677,15.644070,0.015444,49518080,49518080,861184,4746300,False
512,84,94.200000,0.925698,10.774024,7.613659,5.538203,17.548918,27.063228,39.031807,0.821429,1.309841,0.438030,3.097064,1014.848669,13.480971,0.013284,36169728,36169728,861184,3196440,False
513,83,94.200000,0.792271,10.774410,6.173541,4.712898,14.351608,19.147908,26.905317,0.843373,1.342715,0.455360,3.097064,1014.907877,13.396066,0.013199,35739136,35739136,861184,3323320,False
514,90,94.200000,0.812870,10.783116,5.922340,4.336935,15.035308,18.385171,26.942913,0.744444,1.237124,0.493788,3.097064,1015.710107,13.750793,0.013538,38753280,38753280,861184,3896880,False
515,89,94.200000,0.927154,10.829350,6.286684,3.948867,13.376373,18.050170,51.233751,0.808989,1.297203,0.476413,3.097064,1020.014224,13.794102,0.013523,38322688,38322688,861184,3955900,False
516,101,94.200000,0.916171,10.780915,6.815546,5.076107,15.299813,18.940853,33.920577,0.792079,1.278754,0.456681,3.097064,1015.454395,14.897479,0.014671,43489792,43489792,861184,3885700,False
517,104,94.200000,0.887082,10.794446,6.943607,5.026853,17.689953,20.560929,30.165864,0.836538,1.340856,0.446600,3.097064,1016.707017,15.598529,0.015342,44781568,44781568,861184,4437160,False
518,97,94.200000,0.837322,10.793823,6.035959,3.480411,15.366209,19.287731,29.965006,0.783505,1.291329,0.492586,3.097064,1016.661937,14.609907,0.014370,41767424,41767424,861184,4330560,False
519,92,94.200000,0.733511,10.806701,5.557772,2.922313,13.583844,19.509558,41.656712,0.695652,1.150030,0.558050,3.097064,1017.955102,13.406976,0.013170,39614464,39614464,861184,4130880,False
520,77,94.200000,0.877303,10.777156,6.657366,3.537280,19.399559,25.404471,55.285420,0.805195,1.294838,0.515777,3.097064,1015.114608,12.892249,0.012700,33155584,33155584,861184,3940040,False
521,80,94.200000,0.960321,10.772804,6.196535,3.485440,16.316453,18.263871,34.605399,0.775000,1.239597,0.503979,3.097064,1014.750190,13.018742,0.012830,34447360,34447360,861184,3539900,False
522,82,94.200000,0.922963,10.789019,7.811310,4.868322,19.899561,24.736308,46.074834,0.768293,1.271903,0.469251,3.097064,1016.264178,12.759941,0.012556,35308544,35308544,861184,3625960,False
523,88,94.200000,0.863550,10.809909,5.614201,4.319471,12.465737,15.861288,25.687135,0.829545,1.332369,0.481708,3.097064,1018.140370,14.190586,0.013938,37892096,37892096,861184,4166240,False
524,85,94.200000,1.147710,10.795171,7.953513,3.884074,16.196861,19.833057,150.395326,0.811765,1.315706,0.478934,3.097064,1016.843054,13.496937,0.013273,36600320,36600320,861184,4090840,False
525,92,94.200000,0.859523,10.804789,6.154682,4.312974,14.315873,17.140902,41.722777,0.815217,1.294249,0.476835,3.097064,1017.773905,14.432977,0.014181,39614464,39614464,861184,4177940,False
526,98,94.200000,0.780737,10.775018,5.556819,3.444377,12.563904,14.990125,50.505685,0.734694,1.254471,0.525202,3.097064,1014.910824,14.865827,0.014647,42198016,42198016,861184,4486560,False
527,86,94.200000,0.903581,10.800814,6.107848,4.043165,14.623570,19.031630,31.277838,0.779070,1.304485,0.488435,3.097064,1017.328490,13.954494,0.013717,37030912,37030912,861184,3837340,False
528,104,94.200000,0.925228,10.790907,6.134197,4.058491,13.611009,18.236755,33.642690,0.788462,1.294907,0.484845,3.097064,1016.322425,14.998254,0.014757,44781568,44781568,861184,4650620,False
529,92,94.200000,1.009036,10.798691,8.441709,4.629050,15.078007,19.791163,165.565033,0.804348,1.299183,0.443805,3.097064,1017.099610,14.068037,0.013832,39614464,39614464,861184,3995160,False
530,101,94.200000,0.942263,10.761860,6.669571,4.869954,13.728917,16.679984,47.101367,0.821782,1.294937,0.456590,3.097064,1013.691809,14.760359,0.014561,43489792,43489792,861184,3944460,False
531,83,94.200000,0.928417,10.792576,6.051921,3.517011,13.102610,17.847419,54.394026,0.771084,1.253309,0.525638,3.097064,1016.582193,13.398028,0.013179,35739136,35739136,861184,4013360,False
532,93,94.200000,0.963831,10.772500,6.461414,5.194522,13.014745,17.305933,55.751508,0.731183,1.287368,0.512235,3.097064,1014.640908,14.258376,0.014053,40045056,40045056,861184,4663880,False
533,111,94.200000,0.740597,10.752865,6.160701,3.416541,14.038630,17.764779,41.826859,0.810811,1.285618,0.492696,3.097064,1012.715259,15.754902,0.015557,47795712,47795712,861184,4927780,False
534,95,94.200000,0.967865,10.800119,6.869012,4.648893,15.474499,18.244798,46.063510,0.800000,1.298803,0.455942,3.097064,1017.323155,14.308109,0.014064,40906240,40906240,861184,4013620,False
535,100,94.200000,0.944638,10.810148,6.614454,3.933106,17.347893,21.165299,38.881726,0.770000,1.226899,0.480815,3.097064,1018.171804,14.283197,0.014028,43059200,43059200,861184,3962140,False
536,99,94.200000,0.894048,10.780937,7.063551,4.675200,18.113678,20.486070,40.399020,0.787879,1.255058,0.457595,3.097064,1015.410958,14.561176,0.014340,42628608,42628608,861184,3999840,False
537,90,94.200000,0.746275,10.780892,5.567760,3.445802,11.932024,15.803217,28.442961,0.811111,1.311839,0.495519,3.097064,1015.483699,14.398909,0.014179,38753280,38753280,861184,3998280,False
538,98,94.200000,0.704871,10.781636,6.277179,4.151951,14.587202,25.063927,33.027630,0.806122,1.290760,0.473543,3.097064,1015.543948,14.209895,0.013992,42198016,42198016,861184,4127500,False
539,105,94.200000,0.953449,10.792698,5.508765,3.995744,11.439135,16.021946,29.358862,0.828571,1.331894,0.483182,3.097064,1016.570207,15.360647,0.015110,45212160,45212160,861184,5276440,False
540,101,94.200000,0.814273,10.835531,5.416046,3.444571,12.416188,15.124581,26.306579,0.782178,1.231456,0.512861,3.097064,1020.587468,14.425603,0.014135,43489792,43489792,861184,4275440,False
541,80,94.200000,0.879659,10.749397,6.376956,4.551279,13.416112,20.270931,39.034473,0.750000,1.170853,0.475026,3.097064,1012.472049,12.050372,0.011902,34447360,34447360,861184,2705560,False
542,91,94.200000,1.049330,10.850661,5.970064,4.486657,14.504395,18.905454,33.041586,0.802198,1.302925,0.492024,3.097064,1022.026738,14.271751,0.013964,39183872,39183872,861184,4656340,False
543,80,94.200000,0.868579,10.750658,5.694591,3.733424,10.894985,18.597463,39.175249,0.775000,1.200728,0.504943,3.097064,1012.612435,12.667842,0.012510,34447360,34447360,861184,3225040,False
544,94,94.200000,1.000203,10.784788,7.535358,5.270802,17.141261,19.778967,40.028952,0.819149,1.331540,0.432238,3.097064,1015.785471,14.302021,0.014080,40475648,40475648,861184,4430660,False
545,99,94.200000,1.002704,10.792732,6.842622,5.431365,16.594111,18.724707,53.931903,0.828283,1.300956,0.427208,3.097064,1016.629160,14.661906,0.014422,42628608,42628608,861184,3751280,False
546,97,94.200000,0.750844,10.800461,6.069424,3.892959,15.978879,17.100538,25.262319,0.793814,1.252548,0.480799,3.097064,1017.344769,14.101989,0.013862,41767424,41767424,861184,4095000,False
547,79,94.200000,0.814493,10.792298,5.072274,3.641154,12.304247,13.976677,31.853592,0.759494,1.183721,0.516634,3.097064,1016.560804,12.243824,0.012044,34016768,34016768,861184,3097380,False
548,77,94.200000,0.802576,10.778736,6.621602,5.480779,14.469375,17.347810,43.688031,0.766234,1.209299,0.466741,3.097064,1015.291665,12.090906,0.011909,33155584,33155584,861184,2751060,False
549,88,94.200000,0.796753,10.773497,5.741515,4.276705,14.049544,19.309798,35.727505,0.750000,1.237612,0.507821,3.097064,1014.773852,13.206634,0.013014,37892096,37892096,861184,3730740,False
550,83,94.200000,0.932735,10.800376,7.607523,4.482865,19.133592,24.088822,30.537875,0.807229,1.258130,0.435602,3.097064,1017.296947,12.885795,0.012667,35739136,35739136,861184,3134300,False
551,95,94.200000,1.045925,10.775729,7.229449,4.370903,15.403353,21.735255,57.261281,0.821053,1.312901,0.462511,3.097064,1015.019484,14.350626,0.014138,40906240,40906240,861184,4275960,False
552,113,94.200000,0.897625,10.771223,6.448690,3.614414,15.906729,20.263702,39.633925,0.787611,1.267574,0.488154,3.097064,1014.508944,15.743978,0.015519,48656896,48656896,861184,5037500,False
553,97,94.200000,0.948150,10.750853,7.476229,5.110346,17.183018,20.499011,66.754879,0.876289,1.357522,0.423761,3.097064,1012.651302,14.567272,0.014385,41767424,41767424,861184,4291300,False
554,93,94.200000,0.832930,10.810190,6.758155,3.565489,15.983054,21.044276,79.093248,0.763441,1.196233,0.496241,3.097064,1018.283367,13.436764,0.013196,40045056,40045056,861184,3560960,False
555,110,94.200000,0.891762,10.766196,7.158482,5.554163,13.580900,20.595967,48.241047,0.845455,1.331932,0.408228,3.097064,1014.104819,15.376647,0.015163,47365120,47365120,861184,4319120,False
556,87,94.200000,0.824566,10.813892,6.616236,3.672189,17.313855,18.957239,48.277113,0.758621,1.281724,0.495223,3.097064,1018.639558,13.510481,0.013263,37461504,37461504,861184,4011540,False
557,102,94.200000,1.046600,10.751800,6.308353,4.823028,13.334164,14.204223,62.712255,0.823529,1.276432,0.460988,3.097064,1012.682133,14.848858,0.014663,43920384,43920384,861184,4184700,False
558,76,94.200000,0.981029,10.765585,8.053117,5.467281,16.967224,28.546200,40.330072,0.868421,1.357717,0.411122,3.097064,1014.021104,13.005936,0.012826,32724992,32724992,861184,2993120,False
559,91,94.200000,0.829084,10.779111,5.297500,3.297028,15.464204,16.229497,27.623205,0.725275,1.187646,0.536207,3.097064,1015.349112,13.341735,0.013140,39183872,39183872,861184,4454580,False
560,104,94.200000,0.885550,10.838323,6.440094,4.691733,15.093115,18.412340,36.886930,0.798077,1.267814,0.459650,3.097064,1020.912441,14.676279,0.014376,44781568,44781568,861184,4237220,False
561,92,94.200000,0.723581,10.754849,5.282228,3.608470,13.379853,15.880329,29.134041,0.706522,1.151043,0.536377,3.097064,1013.061782,13.152794,0.012983,39614464,39614464,861184,3986840,False
562,94,94.200000,1.002975,10.791000,6.515823,4.122212,12.251605,17.307584,89.964413,0.819149,1.304263,0.498172,3.097064,1016.404138,14.550689,0.014316,40475648,40475648,861184,4600440,False
563,99,94.200000,0.932196,10.780357,6.668826,4.397250,14.252125,18.993774,36.475508,0.797980,1.282814,0.468876,3.097064,1015.343624,14.632489,0.014411,42628608,42628608,861184,4154280,False
564,94,94.200000,0.929427,10.785901,5.807969,3.181106,14.315256,20.603221,39.804303,0.744681,1.198391,0.525796,3.097064,1015.915040,14.198158,0.013976,40475648,40475648,861184,4308200,False
565,96,94.200000,1.022483,10.813677,6.960635,6.155143,14.482858,16.759588,29.293074,0.802083,1.268376,0.425998,3.097064,1018.540137,14.241924,0.013983,41336832,41336832,861184,3593720,False
566,97,94.200000,0.977216,10.789131,8.093921,5.837779,18.831084,25.370184,64.274429,0.855670,1.296945,0.422373,3.097064,1016.262251,14.540491,0.014308,41767424,41767424,861184,3620240,False
567,87,94.200000,0.907204,10.786544,6.715443,3.750422,17.200389,22.778562,36.582640,0.781609,1.251480,0.477706,3.097064,1015.987330,13.382341,0.013172,37461504,37461504,861184,3807700,False
568,93,94.200000,0.938014,10.755523,6.758936,4.137046,17.519829,19.989511,46.166382,0.795699,1.288027,0.470565,3.097064,1013.093485,14.267035,0.014083,40045056,40045056,861184,4633460,False
569,77,94.200000,0.896603,10.774098,7.017018,4.889220,15.115210,19.415572,45.577096,0.792208,1.272071,0.457607,3.097064,1014.834060,12.756440,0.012570,33155584,33155584,861184,3207880,False
570,80,94.200000,0.878060,10.755639,4.606510,2.931127,9.154129,12.866485,30.127398,0.700000,1.143262,0.562650,3.097064,1013.103326,12.316615,0.012157,34447360,34447360,861184,3887000,False
571,105,94.200000,0.867092,10.768805,6.883530,4.826990,16.059064,24.624020,34.247521,0.742857,1.179051,0.475192,3.097064,1014.283443,14.125132,0.013926,45212160,45212160,861184,3758300,False
572,104,94.200000,0.849959,10.817708,6.709517,4.213098,17.663425,20.284352,37.523811,0.817308,1.255812,0.470109,3.097064,1018.907201,14.873184,0.014597,44781568,44781568,861184,4145180,False
573,94,94.200000,1.066902,10.772694,6.626082,4.345040,14.241262,23.891327,34.170986,0.851064,1.306120,0.459866,3.097064,1014.661632,14.397134,0.014189,40475648,40475648,861184,4024020,False
574,90,94.200000,1.000448,10.796303,7.636851,5.996150,18.417879,19.080526,23.988503,0.833333,1.309714,0.414049,3.097064,1016.898587,13.825117,0.013595,38753280,38753280,861184,3635580,False
575,95,94.200000,0.879294,10.794282,6.479670,4.331447,13.950673,20.121616,54.698711,0.789474,1.278141,0.485342,3.097064,1016.716849,14.416949,0.014180,40906240,40906240,861184,4191720,False
576,98,94.200000,0.865474,10.816298,7.704260,3.966904,18.766987,28.425262,61.039986,0.795918,1.255773,0.466845,3.097064,1018.755699,14.552018,0.014284,42198016,42198016,861184,4292600,False
577,91,94.200000,0.892064,10.769346,6.563668,4.367109,13.985440,18.469311,29.322511,0.791209,1.318514,0.457009,3.097064,1014.401784,14.269299,0.014067,39183872,39183872,861184,4193540,False
578,98,94.200000,0.983076,10.776423,6.528476,4.694396,13.403914,16.248010,41.747528,0.867347,1.359517,0.440116,3.097064,1014.930859,14.771191,0.014554,42198016,42198016,861184,4301180,False
579,73,94.200000,0.935262,10.769671,6.076470,4.348801,15.000776,19.018615,32.062638,0.821918,1.314131,0.466816,3.097064,1014.428437,12.370923,0.012195,31433216,31433216,861184,3477500,False
580,87,94.200000,0.903715,10.746446,5.499231,3.142097,13.911985,19.731852,42.480475,0.712644,1.144249,0.544220,3.097064,1012.313446,12.794894,0.012639,37461504,37461504,861184,3876080,False
581,101,94.200000,0.829164,10.771064,6.741228,4.454566,15.474925,20.642529,53.109844,0.792079,1.282467,0.452886,3.097064,1014.522129,14.851793,0.014639,43489792,43489792,861184,4294420,False
582,90,94.200000,0.928073,10.806455,6.924909,3.999761,19.815239,26.621723,38.618848,0.755556,1.209344,0.503979,3.097064,1017.838630,13.667019,0.013427,38753280,38753280,861184,3969420,False
583,85,94.200000,0.927360,10.792293,6.481599,4.394901,15.186650,18.548743,34.185467,0.858824,1.325151,0.448633,3.097064,1016.541516,13.723121,0.013500,36600320,36600320,861184,3728140,False
584,109,94.200000,0.978327,10.792503,7.159337,4.356138,16.351209,26.433061,55.075606,0.743119,1.190389,0.477589,3.097064,1016.528953,14.901729,0.014659,46934528,46934528,861184,4111900,False
585,99,94.200000,0.903727,10.788156,5.908223,5.222290,13.675538,16.580607,22.992903,0.787879,1.214477,0.462815,3.097064,1016.188102,14.203854,0.013978,42628608,42628608,861184,3785860,False
586,73,94.200000,0.870551,10.777021,6.439868,5.098576,14.037442,18.325195,42.040128,0.808219,1.291909,0.454014,3.097064,1015.116419,12.644685,0.012456,31433216,31433216,861184,3125720,False
587,112,94.200000,0.771680,10.769645,5.383657,3.124735,13.943518,16.224310,33.514995,0.785714,1.240089,0.523075,3.097064,1014.453960,15.454448,0.015234,48226304,48226304,861184,5076240,False
588,97,94.200000,1.066341,10.761382,6.347178,4.356101,15.575043,20.489606,39.838474,0.762887,1.196250,0.497713,3.097064,1013.571921,13.951797,0.013765,41767424,41767424,861184,4095260,False
589,106,94.200000,0.915500,10.801187,6.190748,4.086757,13.529748,19.823291,33.178804,0.783019,1.229938,0.495196,3.097064,1017.324580,14.852363,0.014599,45642752,45642752,861184,4549220,False
590,96,94.200000,1.097716,10.796326,7.272997,5.151523,14.649212,18.599222,46.043929,0.770833,1.236556,0.459200,3.097064,1016.925940,14.045546,0.013812,41336832,41336832,861184,4002960,False
591,82,94.200000,0.821223,10.783017,5.033651,3.979899,11.662409,14.043453,20.024968,0.768293,1.230390,0.515492,3.097064,1015.651050,13.050404,0.012849,35308544,35308544,861184,3870100,False
592,107,94.200000,0.927644,10.844255,7.103018,4.179794,17.516929,23.449740,30.532039,0.813084,1.282522,0.455641,3.097064,1021.465939,15.473672,0.015148,46073344,46073344,861184,4484220,False
593,73,94.200000,1.070496,10.808420,7.173904,4.911256,16.086941,17.179322,28.921913,0.876712,1.364737,0.428216,3.097064,1018.153804,12.564993,0.012341,31433216,31433216,861184,3290820,False
594,123,94.200000,0.912193,10.781655,5.323293,3.534190,11.881923,14.214617,44.009528,0.764228,1.206679,0.516501,3.097064,1015.512975,16.249747,0.016002,52962816,52962816,861184,5579340,False
595,94,94.200000,0.884777,10.796674,6.740259,5.094718,14.650397,21.382023,33.680413,0.765957,1.265800,0.465240,3.097064,1016.986207,14.004401,0.013770,40475648,40475648,861184,3778060,False
596,85,94.200000,1.012783,10.786319,6.274777,3.592779,13.174461,18.767392,42.313073,0.847059,1.322770,0.473405,3.097064,1015.972715,13.595067,0.013381,36600320,36600320,861184,4004780,False
597,81,94.200000,0.943772,10.769774,6.144009,3.208739,12.928960,21.585583,55.054742,0.691358,1.153893,0.554190,3.097064,1014.462258,12.538538,0.012360,34877952,34877952,861184,3560180,False
598,86,94.200000,0.752443,10.799167,5.512122,3.045830,14.584462,17.686712,28.444027,0.697674,1.109812,0.540863,3.097064,1017.244256,12.258041,0.012050,37030912,37030912,861184,3299920,False
599,117,94.200000,0.952618,10.781222,6.460983,4.314833,13.265648,21.471655,42.850459,0.769231,1.199651,0.474705,3.097064,1015.502285,15.112651,0.014882,50379264,50379264,861184,4732000,False
600,100,94.200000,1.002829,10.818331,7.357071,3.889740,16.725747,21.767246,57.945729,0.800000,1.259112,0.471739,3.097064,1018.944331,14.562430,0.014292,43059200,43059200,861184,4581720,False
601,92,94.200000,1.526393,10.779057,10.330678,5.194837,16.936866,27.171300,262.830095,0.782609,1.210978,0.449482,3.097064,1015.315254,13.258314,0.013058,39614464,39614464,861184,2922140,False
602,93,94.200000,1.036021,10.787357,6.752808,4.942526,13.902081,18.564119,34.815682,0.806452,1.260212,0.454116,3.097064,1016.050598,13.996707,0.013776,40045056,40045056,861184,3966040,False
603,94,94.200000,0.997203,10.794708,5.978944,4.052464,12.788925,16.364927,34.797368,0.797872,1.230661,0.467238,3.097064,1016.724607,13.753453,0.013527,40475648,40475648,861184,3964220,False
604,105,94.200000,1.008529,10.793284,5.429065,3.385688,12.832816,16.918781,33.878156,0.761905,1.182866,0.525231,3.097064,1016.617141,14.382819,0.014148,45212160,45212160,861184,4578340,False
605,97,94.200000,0.841079,10.765667,6.740532,4.750827,16.451920,19.722219,45.614505,0.793814,1.237258,0.463959,3.097064,1014.037179,14.030124,0.013836,41767424,41767424,861184,3758300,False
606,95,94.200000,1.024594,10.794615,6.975773,4.748583,13.909404,23.646091,31.140574,0.800000,1.300513,0.456386,3.097064,1016.684793,14.632425,0.014392,40906240,40906240,861184,4319120,False
607,90,94.200000,0.892086,10.801781,7.359482,3.941816,17.742972,24.504453,54.685119,0.777778,1.211930,0.469083,3.097064,1017.457173,13.225834,0.012999,38753280,38753280,861184,3443180,False
608,93,94.200000,0.835726,10.745920,5.985390,4.293316,12.335742,20.108127,35.546334,0.795699,1.221752,0.478937,3.097064,1012.261656,13.798657,0.013632,40045056,40045056,861184,3769480,False
609,100,94.200000,0.879327,10.721546,6.464889,3.997276,17.516283,20.485137,23.662923,0.800000,1.250432,0.466894,3.097064,1009.892632,14.403868,0.014263,43059200,43059200,861184,4124120,False
610,114,94.200000,0.978708,10.785547,6.100981,4.248180,12.685411,17.040282,42.194726,0.771930,1.214398,0.481510,3.097064,1015.961000,15.183328,0.014945,49087488,49087488,861184,4730180,False
611,102,94.200000,0.971538,10.780174,6.020427,4.063152,15.131633,18.421298,28.900800,0.735294,1.143335,0.485080,3.097064,1015.412524,13.863386,0.013653,43920384,43920384,861184,3701880,False
612,95,94.200000,1.101570,10.743790,8.652926,6.590843,18.516122,21.524988,48.305209,0.852632,1.340078,0.368485,3.097064,1011.916714,14.489209,0.014319,40906240,40906240,861184,3433820,False
613,93,94.200000,0.892249,10.824130,6.525737,3.731907,16.358895,19.283684,31.390702,0.870968,1.344263,0.454350,3.097064,1019.525791,14.618314,0.014338,40045056,40045056,861184,4238780,False
614,103,94.200000,1.050406,10.807018,6.706556,3.517050,14.027313,22.076122,105.718435,0.737864,1.164172,0.506543,3.097064,1017.890889,14.027156,0.013781,44350976,44350976,861184,4266600,False
615,92,94.200000,0.990889,10.781101,7.572309,4.914616,15.758310,25.205786,45.177780,0.826087,1.309868,0.435338,3.097064,1015.454964,14.046819,0.013833,39614464,39614464,861184,3961360,False
616,86,94.200000,0.913648,10.792136,6.232388,3.469690,15.672812,18.414225,22.622274,0.779070,1.215337,0.494914,3.097064,1016.533022,13.168880,0.012955,37030912,37030912,861184,3580720,False
617,102,94.200000,0.980782,10.820337,6.531042,4.330091,14.435897,18.085987,35.833796,0.754902,1.215847,0.466610,3.097064,1019.164360,14.179806,0.013913,43920384,43920384,861184,3894280,False
618,98,94.200000,0.875956,10.793436,5.455473,4.478714,12.381859,14.385872,20.114942,0.734694,1.198576,0.494078,3.097064,1016.649743,13.967688,0.013739,42198016,42198016,861184,4533880,False
619,98,94.200000,1.040936,10.760157,7.096712,4.337178,17.677001,23.173892,36.897104,0.826531,1.301022,0.458565,3.097064,1013.525114,14.949673,0.014750,42198016,42198016,861184,4518020,False
620,112,94.200000,1.011702,10.808359,6.406552,4.810008,13.785315,18.185521,33.020685,0.848214,1.300271,0.448241,3.097064,1018.110060,15.901809,0.015619,48226304,48226304,861184,4912960,False
621,84,94.200000,0.830953,10.820584,5.579954,2.545959,16.894164,23.009892,29.107478,0.678571,1.094272,0.573673,3.097064,1019.209479,12.159989,0.011931,36169728,36169728,861184,3675360,False
622,87,94.200000,1.003221,10.808233,5.556485,3.585450,12.945156,17.413800,30.553061,0.770115,1.218570,0.508893,3.097064,1017.998641,13.105628,0.012874,37461504,37461504,861184,3730220,False
623,102,94.200000,1.045023,10.834976,7.274953,4.875403,14.772722,21.712791,56.990365,0.843137,1.306192,0.453866,3.097064,1020.572387,14.840899,0.014542,43920384,43920384,861184,4617340,False
624,96,94.200000,1.032781,10.774607,7.360137,4.795275,17.414972,21.139604,62.612840,0.802083,1.279591,0.434753,3.097064,1014.858056,14.386743,0.014176,41336832,41336832,861184,4152460,False
625,83,94.200000,1.089904,10.823193,7.081786,4.275844,16.513801,23.029495,39.199099,0.819277,1.253938,0.434299,3.097064,1019.463197,13.190807,0.012939,35739136,35739136,861184,2995720,False
626,94,94.200000,0.919271,10.752247,7.001320,3.853852,19.002662,22.258273,40.324309,0.755319,1.167477,0.484917,3.097064,1012.772943,13.306058,0.013138,40475648,40475648,861184,3457480,False
627,94,94.200000,0.988643,10.761591,6.502852,4.186544,14.766571,17.965829,56.468453,0.840426,1.275819,0.446968,3.097064,1013.609702,14.038996,0.013850,40475648,40475648,861184,3832400,False
628,89,94.200000,1.022703,10.805144,5.356894,3.652099,11.172625,17.061691,32.901449,0.786517,1.256238,0.500485,3.097064,1017.708625,13.408412,0.013175,38322688,38322688,861184,4205240,False
629,89,94.200000,1.103846,10.771367,6.070357,4.337201,13.170565,17.425039,31.098360,0.842697,1.329888,0.459315,3.097064,1014.536109,14.087713,0.013886,38322688,38322688,861184,4424420,False
630,95,94.200000,0.970035,10.771138,6.741146,5.491860,13.756865,16.818423,35.078788,0.852632,1.314150,0.411371,3.097064,1014.547392,14.199973,0.013996,40906240,40906240,861184,3944980,False
631,107,94.200000,0.981230,10.827713,6.875856,5.991674,15.779880,18.315767,41.715845,0.794393,1.267961,0.434912,3.097064,1019.871823,14.888192,0.014598,46073344,46073344,861184,4402060,False
632,91,94.200000,1.146262,10.830328,7.527685,4.565414,16.355282,22.338828,60.821924,0.791209,1.241332,0.450730,3.097064,1020.194144,13.538279,0.013270,39183872,39183872,861184,3659500,False
633,99,94.200000,0.937760,10.779643,7.308878,4.142365,16.839496,21.934472,66.043513,0.818182,1.280478,0.461463,3.097064,1015.349824,14.550502,0.014331,42628608,42628608,861184,4354740,False
634,99,94.200000,1.002619,10.826626,8.017848,5.632822,19.394990,22.137521,47.574524,0.828283,1.269315,0.415821,3.097064,1019.795646,14.510801,0.014229,42628608,42628608,861184,3649620,False
635,107,94.200000,1.081592,10.797762,7.733148,4.335841,17.990542,27.807047,58.173565,0.728972,1.184604,0.487456,3.097064,1017.099478,14.366815,0.014125,46073344,46073344,861184,4288180,False
636,117,94.200000,0.975193,10.810554,6.757773,4.673601,13.694914,16.490139,40.090999,0.837607,1.288952,0.425542,3.097064,1018.132039,16.158570,0.015871,50379264,50379264,861184,4945980,False
637,89,94.200000,1.013376,10.798922,7.093050,4.151741,15.796448,19.709237,52.190875,0.887640,1.368945,0.423214,3.097064,1017.167227,14.242303,0.014002,38322688,38322688,861184,4100720,False
638,95,94.200000,0.939323,10.791272,6.656764,3.959750,17.723262,23.548608,39.559899,0.747368,1.196041,0.490161,3.097064,1016.423205,13.677604,0.013457,40906240,40906240,861184,4186000,False
639,92,94.200000,0.903747,10.769382,6.023223,3.957915,15.417384,19.839291,31.105978,0.760870,1.163379,0.481304,3.097064,1014.388109,13.058209,0.012873,39614464,39614464,861184,3417960,False
640,93,94.200000,1.059939,10.793156,7.683741,5.226888,17.571581,21.883823,45.130496,0.817204,1.250454,0.418271,3.097064,1016.587667,13.838908,0.013613,40045056,40045056,861184,3268720,False
641,81,94.200000,0.927800,10.814289,6.461356,3.707685,17.495524,22.038824,36.529285,0.765432,1.243261,0.498212,3.097064,1018.599128,12.945965,0.012710,34877952,34877952,861184,3708900,False
642,79,94.200000,1.040015,10.785006,6.849861,4.570989,14.882110,19.048565,34.541501,0.848101,1.324800,0.439624,3.097064,1015.857788,13.284381,0.013077,34016768,34016768,861184,3894280,False
643,91,94.200000,0.894436,10.768585,6.262221,4.921091,14.212440,17.789710,34.478788,0.769231,1.208860,0.466148,3.097064,1014.338324,13.377193,0.013188,39183872,39183872,861184,3733080,False
644,102,94.200000,0.895373,10.800483,6.215550,3.626797,14.152048,19.768313,35.630544,0.705882,1.139445,0.517643,3.097064,1017.312462,14.068341,0.013829,43920384,43920384,861184,4560400,False
645,104,94.200000,1.126146,10.785816,7.829314,6.050253,16.080265,22.300435,42.078239,0.865385,1.353368,0.399823,3.097064,1015.933912,15.315976,0.015076,44781568,44781568,861184,4432740,False
646,85,94.200000,1.002807,10.806372,7.279471,5.188653,18.835633,22.502235,23.895196,0.776471,1.201287,0.440835,3.097064,1017.881019,12.651885,0.012430,36600320,36600320,861184,2968680,False
647,115,94.200000,0.965803,10.835105,6.349035,4.603350,14.399058,18.590378,31.864580,0.826087,1.280283,0.452778,3.097064,1020.532384,16.007271,0.015685,49518080,49518080,861184,4876040,False
648,95,94.200000,0.925002,10.768942,5.875535,3.865331,14.244154,20.200218,40.691829,0.747368,1.188199,0.510893,3.097064,1014.340126,13.799799,0.013605,40906240,40906240,861184,4002180,False
649,89,94.200000,0.908168,10.768817,5.906419,3.391943,13.109124,17.772586,32.790596,0.786517,1.211099,0.499437,3.097064,1014.287483,13.368944,0.013181,38322688,38322688,861184,3646240,False
650,89,94.200000,0.886512,10.822234,6.096090,4.216070,15.322635,18.107843,28.919727,0.786517,1.240064,0.479233,3.097064,1019.411057,13.646043,0.013386,38322688,38322688,861184,3784560,False
651,94,94.200000,0.989280,10.808850,6.378932,3.921224,15.273579,17.305900,43.678084,0.765957,1.204290,0.476828,3.097064,1018.081302,13.671350,0.013429,40475648,40475648,861184,3942380,False
652,93,94.200000,0.988309,10.762154,6.049441,4.110174,14.683588,19.330959,44.095807,0.774194,1.212222,0.495384,3.097064,1013.625408,13.919328,0.013732,40045056,40045056,861184,3992300,False
653,98,94.200000,1.003863,10.808854,7.038651,4.379586,13.700325,17.609213,62.281855,0.806122,1.253821,0.458477,3.097064,1018.077155,14.650946,0.014391,42198016,42198016,861184,4386980,False
654,91,94.200000,1.143132,10.794624,6.387637,4.543641,13.220200,16.330724,19.883915,0.835165,1.303314,0.437611,3.097064,1016.856748,13.789132,0.013561,39183872,39183872,861184,4182620,False
655,107,94.200000,1.189755,10.768767,6.898761,3.843649,15.841735,20.355854,51.662899,0.803738,1.250247,0.484486,3.097064,1014.287284,15.329944,0.015114,46073344,46073344,861184,4904380,False
656,85,94.200000,1.115925,10.766895,6.660764,5.838607,14.660060,19.287169,28.882462,0.847059,1.314703,0.432596,3.097064,1014.142886,13.438870,0.013251,36600320,36600320,861184,3816540,False
657,97,94.200000,1.011945,10.751176,5.889230,3.712835,14.829449,17.219498,41.912511,0.783505,1.211031,0.493761,3.097064,1012.642354,14.031354,0.013856,41767424,41767424,861184,4104620,False
658,94,94.200000,1.137182,10.795070,8.683430,6.018471,22.587157,25.399983,45.808777,0.851064,1.304748,0.403102,3.097064,1016.771894,14.108412,0.013876,40475648,40475648,861184,3783260,False
659,90,94.200000,1.038450,10.829517,8.609059,4.845388,21.255804,31.234862,69.755902,0.833333,1.295297,0.434638,3.097064,1020.081505,13.953633,0.013679,38753280,38753280,861184,3699020,False
660,110,94.200000,1.063809,10.806163,7.257353,5.473432,13.843749,21.087633,45.374383,0.863636,1.326363,0.410460,3.097064,1017.816560,15.775073,0.015499,47365120,47365120,861184,4533880,False
661,87,94.200000,1.011099,10.772028,6.546187,4.513598,13.554822,20.190578,31.729416,0.816092,1.260202,0.453128,3.097064,1014.562230,13.531912,0.013338,37461504,37461504,861184,3903900,False
662,100,94.200000,1.093749,10.782909,6.825856,5.071169,13.770552,17.430945,42.237158,0.830000,1.305893,0.428728,3.097064,1015.619788,14.876921,0.014648,43059200,43059200,861184,4138680,False
663,106,94.200000,1.080206,10.792478,7.573665,4.545612,19.480143,23.817143,49.672348,0.754717,1.194857,0.469090,3.097064,1016.476884,14.203303,0.013973,45642752,45642752,861184,4000100,False
664,83,94.200000,1.144889,10.760241,8.073564,4.957629,17.258310,25.548735,65.200443,0.783133,1.212213,0.440390,3.097064,1013.609895,12.563071,0.012394,35739136,35739136,861184,3216200,False
665,99,94.200000,1.115833,10.800267,6.756747,4.490729,14.239141,20.784480,53.252438,0.828283,1.272262,0.443741,3.097064,1017.303938,14.505375,0.014259,42628608,42628608,861184,4148560,False
666,103,94.200000,1.149493,10.797982,7.910269,5.117953,19.518541,26.101602,46.164893,0.786408,1.254625,0.442634,3.097064,1017.069323,14.748318,0.014501,44350976,44350976,861184,4411680,False
667,88,94.200000,1.079158,10.761279,6.426743,4.452108,14.921804,18.025181,35.960152,0.852273,1.278873,0.449098,3.097064,1013.686179,13.965858,0.013777,37892096,37892096,861184,4106440,False
668,83,94.200000,0.930313,10.788458,6.794639,4.144682,15.218131,23.682085,48.728287,0.771084,1.211577,0.478667,3.097064,1016.111648,13.027223,0.012821,35739136,35739136,861184,3414320,False
669,95,94.200000,1.157320,10.786889,9.293134,5.093843,23.671327,37.367094,75.925205,0.810526,1.301993,0.422056,3.097064,1016.023521,14.110825,0.013888,40906240,40906240,861184,3744780,False
670,95,94.200000,1.189703,10.812878,8.617070,4.595656,18.434661,31.128349,81.555044,0.831579,1.300032,0.452795,3.097064,1018.512870,14.342583,0.014082,40906240,40906240,861184,4310540,False
671,84,94.200000,1.024647,10.798755,5.854468,3.619725,14.420842,18.709689,37.074076,0.738095,1.166879,0.522869,3.097064,1017.121965,13.142886,0.012922,36169728,36169728,861184,4111640,False
672,94,94.200000,1.054142,10.801201,6.899563,3.354727,18.368291,20.963860,52.324728,0.765957,1.212651,0.499365,3.097064,1017.421745,13.776931,0.013541,40475648,40475648,861184,4390360,False
673,89,94.200000,1.122989,10.814729,6.902191,4.549598,16.442036,21.041257,29.304558,0.786517,1.196854,0.475946,3.097064,1018.677791,13.224563,0.012982,38322688,38322688,861184,3571360,False
674,106,94.200000,1.138680,10.774026,7.564424,4.118527,19.308658,27.523066,40.544431,0.716981,1.123122,0.473385,3.097064,1014.816388,13.945095,0.013741,45642752,45642752,861184,3708900,False
675,86,94.200000,0.947682,10.802246,6.585598,4.307273,16.149414,19.589773,26.479432,0.837209,1.302086,0.435056,3.097064,1017.479209,13.759425,0.013523,37030912,37030912,861184,3781180,False
676,104,94.200000,0.899535,10.771970,6.649931,4.557302,14.857501,20.176692,40.460180,0.759615,1.195086,0.476116,3.097064,1014.629407,14.021752,0.013820,44781568,44781568,861184,4163900,False
677,96,94.200000,1.025635,10.828710,8.592621,5.844973,17.703620,29.781453,51.890642,0.843750,1.291792,0.412843,3.097064,1020.020736,14.444692,0.014161,41336832,41336832,861184,3822260,False
678,98,94.200000,1.194445,10.803248,7.414368,4.008413,17.900962,23.354252,46.976651,0.795918,1.262660,0.468436,3.097064,1017.618683,14.388224,0.014139,42198016,42198016,861184,4464980,False
679,82,94.200000,1.048028,10.798143,6.722129,4.394671,15.954284,22.751918,59.387902,0.743902,1.179018,0.481053,3.097064,1017.114352,12.471997,0.012262,35308544,35308544,861184,3101540,False
680,90,94.200000,1.216793,10.785480,6.759797,4.842986,15.421247,21.017809,35.101905,0.777778,1.203215,0.473063,3.097064,1015.881441,13.304789,0.013097,38753280,38753280,861184,3825380,False
681,99,94.200000,1.019170,10.795360,6.485963,3.833840,15.443893,19.558148,31.454548,0.838384,1.295454,0.457769,3.097064,1016.774084,14.831243,0.014587,42628608,42628608,861184,4529980,False
682,95,94.200000,1.086778,10.760000,7.806096,4.349236,16.721398,21.740329,83.661838,0.810526,1.218475,0.452982,3.097064,1013.522784,13.706394,0.013524,40906240,40906240,861184,3711500,False
683,88,94.200000,1.122908,10.816810,8.552342,6.057417,19.814312,22.581737,68.090318,0.829545,1.288706,0.413030,3.097064,1018.867197,13.614094,0.013362,37892096,37892096,861184,3599960,False
684,97,94.200000,1.157744,10.781003,8.150075,6.536923,16.523038,24.624402,44.380245,0.855670,1.319425,0.370659,3.097064,1015.430989,14.440057,0.014221,41767424,41767424,861184,3478280,False
685,94,94.200000,1.007665,10.803236,6.380866,3.951956,15.181500,23.640732,32.183830,0.744681,1.183789,0.495870,3.097064,1017.612173,13.372639,0.013141,40475648,40475648,861184,3907280,False
686,103,94.200000,1.147571,10.833520,8.699176,5.875414,16.450378,24.803230,57.461074,0.902913,1.372930,0.374220,3.097064,1020.395069,15.554971,0.015244,44350976,44350976,861184,4459520,False
687,94,94.200000,1.086273,10.818637,7.418872,4.051314,18.302313,21.282156,59.234592,0.744681,1.199125,0.465695,3.097064,1019.015876,13.396698,0.013147,40475648,40475648,861184,3551080,False
688,92,94.200000,0.998512,10.766764,7.957824,5.666142,18.815279,24.047493,48.142403,0.826087,1.255074,0.411676,3.097064,1014.074828,13.714732,0.013524,39614464,39614464,861184,3427060,False
689,79,94.200000,1.021269,10.806292,6.915534,4.555928,17.823119,18.773789,27.533859,0.797468,1.242685,0.452339,3.097064,1017.862764,12.566356,0.012346,34016768,34016768,861184,3102320,False
690,109,94.200000,1.049915,10.768315,6.440118,4.228666,15.229697,21.582952,37.879264,0.853211,1.308254,0.460248,3.097064,1014.272324,16.015860,0.015790,46934528,46934528,861184,5465980,False
691,84,94.200000,1.055267,10.767216,7.241376,4.412471,17.947481,20.355180,45.653133,0.750000,1.139937,0.474566,3.097064,1014.193232,12.532612,0.012357,36169728,36169728,861184,2902380,False
692,89,94.200000,1.040617,10.775143,6.576091,4.146195,15.608050,19.462563,38.194261,0.730337,1.194309,0.494659,3.097064,1014.960585,13.471052,0.013272,38322688,38322688,861184,4101500,False
693,100,94.200000,1.043863,10.763293,6.874647,5.193228,15.916796,18.671236,31.863839,0.880000,1.353182,0.414727,3.097064,1013.762298,15.381341,0.015173,43059200,43059200,861184,4734080,False
694,84,94.200000,1.126826,10.801298,6.656294,5.103821,14.485835,16.405279,29.351331,0.785714,1.239220,0.459129,3.097064,1017.483638,13.258699,0.013031,36169728,36169728,861184,3706300,False
695,86,94.200000,1.018732,10.762812,7.734871,5.318167,17.295008,20.654764,41.114172,0.825581,1.306308,0.426712,3.097064,1013.740147,13.564251,0.013380,37030912,37030912,861184,3708380,False
696,102,94.200000,1.035167,10.845646,7.819597,6.420984,15.422499,21.846411,52.337515,0.813725,1.235555,0.401876,3.097064,1021.578474,14.517246,0.014211,43920384,43920384,861184,3454880,False
697,102,94.200000,1.400465,10.811861,8.273292,5.261810,20.792693,23.635490,50.358529,0.843137,1.304177,0.409336,3.097064,1018.324365,14.933708,0.014665,43920384,43920384,861184,4308200,False
698,92,94.200000,0.947081,10.748229,5.812196,3.626848,14.186857,18.228915,23.946681,0.815217,1.265619,0.478237,3.097064,1012.340320,13.837673,0.013669,39614464,39614464,861184,4362800,False
699,98,94.200000,1.011672,10.813295,7.009761,4.121188,18.723239,25.146510,42.938902,0.826531,1.240012,0.462737,3.097064,1018.482052,14.201619,0.013944,42198016,42198016,861184,4044040,False
700,104,94.200000,1.019192,10.796961,6.753080,4.385614,14.623852,20.736863,52.020494,0.750000,1.187290,0.473862,3.097064,1016.959171,14.312331,0.014074,44781568,44781568,861184,4372940,False
701,92,94.200000,1.121152,10.795667,5.642162,2.846943,14.738788,17.657380,40.973803,0.771739,1.205613,0.538125,3.097064,1016.905261,14.046703,0.013813,39614464,39614464,861184,4767100,False
702,88,94.200000,1.094442,10.792184,6.391296,3.469013,15.708884,22.489961,43.797571,0.750000,1.231137,0.505400,3.097064,1016.611623,13.557180,0.013336,37892096,37892096,861184,4373200,False
703,92,94.200000,1.207052,10.776556,7.064990,4.563766,16.353401,20.687102,39.063623,0.782609,1.247761,0.462658,3.097064,1015.082063,14.002218,0.013794,39614464,39614464,861184,4202900,False
704,106,94.200000,1.194158,10.833835,7.966676,4.925873,17.522491,23.475771,52.282015,0.801887,1.277897,0.448002,3.097064,1020.424379,15.013767,0.014713,45642752,45642752,861184,4920500,False
705,96,94.200000,0.966682,10.782191,6.423017,4.183557,15.085978,19.816140,30.345279,0.781250,1.226251,0.478244,3.097064,1015.581135,14.082920,0.013867,41336832,41336832,861184,4049240,False
706,109,94.200000,1.131073,10.746129,6.848496,4.196940,16.743430,21.270506,72.412239,0.779817,1.220764,0.464006,3.097064,1012.158464,15.097214,0.014916,46934528,46934528,861184,4650620,False
707,104,94.200000,1.047378,10.796260,7.170458,4.918965,15.669372,19.246494,50.172813,0.817308,1.268273,0.447125,3.097064,1016.922295,14.973808,0.014725,44781568,44781568,861184,4573140,False
708,100,94.200000,1.127063,10.807072,8.359428,5.057533,21.673052,30.801448,46.274875,0.800000,1.229543,0.443035,3.097064,1017.844086,14.301457,0.014051,43059200,43059200,861184,3972540,False
709,94,94.200000,1.022769,10.782581,6.913853,5.288639,17.376578,20.156461,23.835778,0.797872,1.230371,0.439412,3.097064,1015.608924,13.701715,0.013491,40475648,40475648,861184,3676140,False
710,97,94.200000,0.995464,10.779939,7.025157,4.864135,16.215933,22.070649,46.733172,0.804124,1.260474,0.447866,3.097064,1015.326358,14.290094,0.014074,41767424,41767424,861184,4298840,False
711,97,94.200000,1.193682,10.830911,7.651629,5.386614,17.434835,20.225091,34.110741,0.824742,1.270739,0.423723,3.097064,1020.196368,14.305042,0.014022,41767424,41767424,861184,3934060,False
712,91,94.200000,1.228458,10.774251,8.055718,5.528947,17.354931,24.334855,41.836821,0.846154,1.284424,0.406676,3.097064,1014.795136,13.791989,0.013591,39183872,39183872,861184,3597360,False
713,93,94.200000,1.312693,10.795632,8.459043,5.956213,18.204738,26.244159,60.621540,0.827957,1.311846,0.404310,3.097064,1016.748360,14.190913,0.013957,40045056,40045056,861184,3619720,False
714,106,94.200000,1.075313,10.752279,8.255460,6.581100,15.999407,22.402841,44.551697,0.877358,1.334986,0.394368,3.097064,1012.789941,15.468042,0.015273,45642752,45642752,861184,4795700,False
715,85,94.200000,1.155541,10.798300,7.998485,4.633275,15.238254,37.098109,44.807739,0.823529,1.274482,0.436225,3.097064,1017.054119,13.297340,0.013074,36600320,36600320,861184,3907020,False
716,88,94.200000,1.066323,10.735188,7.009250,4.459616,16.363926,19.922087,36.145968,0.795455,1.232918,0.463515,3.097064,1011.147366,13.660641,0.013510,37892096,37892096,861184,3833440,False
717,94,94.200000,0.979820,10.780570,6.724419,4.144717,16.217436,21.058204,48.268054,0.712766,1.129661,0.491767,3.097064,1015.400369,13.208635,0.013008,40475648,40475648,861184,3588260,False
718,94,94.200000,1.232629,10.786434,6.912598,4.054351,16.921640,23.298056,35.419596,0.819149,1.262807,0.455190,3.097064,1016.031509,13.923771,0.013704,40475648,40475648,861184,4295200,False
719,105,94.200000,1.209119,10.792345,7.683188,3.791755,15.544393,22.070725,75.322647,0.790476,1.258579,0.471938,3.097064,1016.527131,14.708491,0.014469,45212160,45212160,861184,4954560,False
720,115,94.200000,1.399331,10.824151,8.186629,5.576151,17.213035,22.294637,58.769423,0.860870,1.325011,0.380381,3.097064,1019.440162,16.097348,0.015790,49518080,49518080,861184,4924400,False
721,88,94.200000,1.030725,10.795988,6.558481,4.001778,18.336717,21.463623,30.599312,0.715909,1.119814,0.494505,3.097064,1016.906919,12.492876,0.012285,37892096,37892096,861184,3287180,False
722,82,94.200000,1.158226,10.828399,6.051672,3.488406,14.125672,21.863621,34.894659,0.756098,1.238033,0.504738,3.097064,1019.975969,13.077975,0.012822,35308544,35308544,861184,4025840,False
723,86,94.200000,1.048098,10.823121,7.749843,5.606289,15.378766,21.465239,49.606031,0.767442,1.202946,0.423100,3.097064,1019.462825,12.728277,0.012485,37030912,37030912,861184,3309280,False
724,95,94.200000,1.044374,10.827095,5.618950,2.873971,12.727872,15.416979,61.049537,0.768421,1.179489,0.532870,3.097064,1019.847941,13.723544,0.013456,40906240,40906240,861184,4489160,False
725,83,94.200000,1.010638,10.777870,5.973531,4.406435,12.621990,20.142630,27.035194,0.746988,1.148064,0.481609,3.097064,1015.221067,12.424917,0.012239,35739136,35739136,861184,3304600,False
726,79,94.200000,1.133741,10.813128,7.217324,5.274209,14.735707,20.682039,44.756470,0.860759,1.336436,0.419523,3.097064,1018.512470,13.077235,0.012840,34016768,34016768,861184,3711240,False
727,94,94.200000,1.186660,10.791279,8.173010,6.070590,16.690595,25.912027,63.409273,0.819149,1.260158,0.403437,3.097064,1016.442689,13.872045,0.013648,40475648,40475648,861184,3657940,False
728,95,94.200000,1.073545,10.776750,7.549580,5.375493,17.623412,22.413370,32.780615,0.778947,1.179377,0.457901,3.097064,1015.120657,13.363032,0.013164,40906240,40906240,861184,3385200,False
729,77,94.200000,1.329113,10.776999,8.765985,7.353377,17.143550,20.119087,62.883018,0.870130,1.340454,0.374665,3.097064,1015.158197,12.985973,0.012792,33155584,33155584,861184,3109860,False
730,93,94.200000,1.072205,10.777625,7.600263,5.476713,14.626766,18.904470,85.602122,0.817204,1.283306,0.410695,3.097064,1015.177450,13.848421,0.013641,40045056,40045056,861184,3789500,False
731,81,94.200000,0.983874,10.775875,6.712169,6.173292,13.469894,17.993191,29.656552,0.790123,1.212263,0.406586,3.097064,1015.003356,12.521467,0.012336,34877952,34877952,861184,2612220,False
732,81,94.200000,1.086070,10.788635,6.920809,4.219876,19.811920,22.418287,39.893741,0.728395,1.147158,0.494670,3.097064,1016.219234,12.518918,0.012319,34877952,34877952,861184,3429920,False
733,89,94.200000,1.083150,10.768722,7.053814,4.790470,14.635518,21.685909,57.192463,0.797753,1.224350,0.454020,3.097064,1014.332432,13.390231,0.013201,38322688,38322688,861184,3597880,False
734,89,94.200000,1.218460,10.737795,6.599974,3.780650,14.885119,19.611115,63.390118,0.764045,1.191535,0.487943,3.097064,1011.395490,13.028220,0.012881,38322688,38322688,861184,3915080,False
735,84,94.200000,1.074743,10.767566,8.022513,6.035428,17.071972,21.910498,79.128012,0.845238,1.281046,0.426256,3.097064,1014.227648,13.140281,0.012956,36169728,36169728,861184,3560180,False
736,85,94.200000,1.331004,10.805177,6.576336,4.558072,15.053332,21.992203,39.571139,0.811765,1.255348,0.455981,3.097064,1017.767799,13.489293,0.013254,36600320,36600320,861184,4319900,False
737,96,94.200000,1.214788,10.812184,7.555310,4.742868,20.988293,25.823992,45.154761,0.750000,1.189690,0.475409,3.097064,1018.376076,13.747582,0.013500,41336832,41336832,861184,4202380,False
738,99,94.200000,1.203313,10.808225,6.289556,3.999477,13.964519,19.577920,43.058633,0.777778,1.216107,0.466117,3.097064,1018.014618,14.370630,0.014116,42628608,42628608,861184,4409600,False
739,90,94.200000,1.068803,10.790781,5.969838,3.247769,14.818349,18.541182,29.325109,0.766667,1.219371,0.518388,3.097064,1016.376588,13.621042,0.013402,38753280,38753280,861184,4421560,False
740,79,94.200000,1.111953,10.757830,7.629318,4.403457,17.384433,23.055000,47.007588,0.848101,1.304737,0.421559,3.097064,1013.316034,12.901913,0.012732,34016768,34016768,861184,3673280,False
741,96,94.200000,1.160654,10.743271,6.857459,4.245666,15.995297,22.800536,34.737446,0.770833,1.169466,0.485701,3.097064,1011.875949,13.791518,0.013630,41336832,41336832,861184,3943420,False
742,87,94.200000,1.091266,10.789850,8.129569,5.103964,16.060474,21.556950,76.275732,0.781609,1.255085,0.437751,3.097064,1016.256521,13.229324,0.013018,37461504,37461504,861184,3846960,False
743,97,94.200000,1.197684,10.736923,7.410792,3.850468,17.833618,24.711387,48.835432,0.773196,1.205794,0.472099,3.097064,1011.310864,13.842573,0.013688,41767424,41767424,861184,3996200,False
744,90,94.200000,1.167596,10.771233,7.755240,4.953664,16.286055,23.968804,53.296652,0.777778,1.207620,0.447635,3.097064,1014.575134,13.221292,0.013031,38753280,38753280,861184,3741920,False
745,82,94.200000,1.075524,10.821116,5.910061,3.215246,14.560650,19.745106,28.635186,0.743902,1.211067,0.535875,3.097064,1019.216450,12.719754,0.012480,35308544,35308544,861184,4397640,False
746,81,94.200000,1.077862,10.786914,5.748490,4.275857,12.109088,15.494098,45.795234,0.790123,1.273597,0.489599,3.097064,1016.012270,13.163252,0.012956,34877952,34877952,861184,4061720,False
747,113,94.200000,1.278039,10.785393,7.340205,6.315239,16.362923,20.495018,31.579669,0.849558,1.286062,0.403047,3.097064,1015.803460,15.829636,0.015583,48656896,48656896,861184,4626960,False
748,110,94.200000,1.164154,10.802431,7.722104,4.302097,21.072928,27.160995,48.997384,0.800000,1.210042,0.457800,3.097064,1017.471836,15.324890,0.015062,47365120,47365120,861184,4585100,False
749,109,94.200000,1.339815,10.800066,8.436869,4.790571,21.695072,24.140065,39.821210,0.807339,1.267032,0.428064,3.097064,1017.281539,15.223901,0.014965,46934528,46934528,861184,5085600,False
750,90,94.200000,1.148698,10.836134,6.637938,4.193923,14.758635,21.280650,37.706219,0.777778,1.195029,0.477441,3.097064,1020.675204,13.538258,0.013264,38753280,38753280,861184,3810300,False
751,96,94.200000,1.116859,10.774331,7.589821,4.304660,20.997785,25.696202,51.729078,0.739583,1.148274,0.479152,3.097064,1014.864689,13.439143,0.013242,41336832,41336832,861184,3786640,False
752,80,94.200000,1.207446,10.802088,7.146036,4.232854,14.006983,18.427662,62.542664,0.750000,1.152204,0.469323,3.097064,1017.542190,12.049169,0.011841,34447360,34447360,861184,3156400,False
753,76,94.200000,1.180561,10.762084,8.094604,5.575415,18.500164,26.003096,33.335895,0.815789,1.271189,0.425456,3.097064,1013.651707,12.556978,0.012388,32724992,32724992,861184,3418220,False
754,87,94.200000,1.360169,10.766627,8.514821,6.324371,22.146515,26.339468,38.797659,0.827586,1.303318,0.410424,3.097064,1014.112112,13.416461,0.013230,37461504,37461504,861184,3767400,False
755,101,94.200000,1.193678,10.780277,7.396505,4.110167,19.858637,25.148234,71.240456,0.732673,1.149232,0.492122,3.097064,1015.436284,13.743835,0.013535,43489792,43489792,861184,3901560,False
756,96,94.200000,1.065558,10.789951,7.002340,3.623877,15.130238,22.777087,48.295849,0.781250,1.227828,0.476084,3.097064,1016.299178,13.914508,0.013691,41336832,41336832,861184,4347980,False
757,83,94.200000,1.041461,10.767657,6.546291,4.229098,14.263776,17.883126,46.116893,0.771084,1.214721,0.471299,3.097064,1014.217091,12.929513,0.012748,35739136,35739136,861184,3632200,False
758,104,94.200000,1.129822,10.794154,7.475036,5.003241,16.429728,21.504159,28.603192,0.836538,1.293988,0.429453,3.097064,1016.778556,14.951137,0.014704,44781568,44781568,861184,4554420,False
759,96,94.200000,1.261260,10.769926,6.913413,5.224292,16.721067,20.077380,26.470745,0.812500,1.257002,0.420781,3.097064,1014.433585,14.074440,0.013874,41336832,41336832,861184,3885440,False
760,92,94.200000,1.198389,10.764951,7.632648,5.113027,21.128060,22.010944,35.417263,0.836957,1.297357,0.418958,3.097064,1013.950496,14.366818,0.014169,39614464,39614464,861184,4000620,False
761,104,94.200000,1.143453,10.773415,6.712616,4.424150,15.987571,21.272612,25.809990,0.778846,1.219250,0.455855,3.097064,1014.752316,14.628954,0.014416,44781568,44781568,861184,4515160,False
762,97,94.200000,1.080431,10.792059,8.362055,4.758246,19.378744,25.936648,61.210649,0.824742,1.304528,0.417806,3.097064,1016.593240,14.600996,0.014363,41767424,41767424,861184,4239300,False
763,82,94.200000,1.121973,10.830932,7.530573,4.060636,16.866427,25.348384,78.475184,0.743902,1.162353,0.475917,3.097064,1020.230746,12.418522,0.012172,35308544,35308544,861184,3229720,False
764,84,94.200000,1.066700,10.815705,7.076073,3.969234,17.242695,23.153138,50.522975,0.797619,1.243332,0.462014,3.097064,1018.746368,13.232965,0.012989,36169728,36169728,861184,3766100,False
765,75,94.200000,0.957331,10.796019,7.785135,5.919322,15.964682,27.433659,39.313344,0.773333,1.215363,0.434393,3.097064,1016.900321,12.067774,0.011867,32294400,32294400,861184,2923700,False
766,93,94.200000,1.001494,10.761979,5.978222,3.884576,15.440334,16.767947,45.293485,0.763441,1.195544,0.494695,3.097064,1013.719287,13.632154,0.013448,40045056,40045056,861184,4240340,False
767,100,94.200000,1.291466,10.780765,7.649073,4.348407,19.846908,29.498755,38.287161,0.780000,1.184147,0.472069,3.097064,1015.395746,13.889948,0.013679,43059200,43059200,861184,4255160,False
768,98,94.200000,1.242763,10.757107,7.392649,4.841573,18.060495,21.784287,36.455795,0.775510,1.186113,0.445951,3.097064,1013.232474,13.626056,0.013448,42198016,42198016,861184,3637400,False
769,89,94.200000,1.168116,10.816792,8.223018,4.686590,25.474819,29.907394,43.629447,0.775281,1.210727,0.455896,3.097064,1018.877884,13.543804,0.013293,38322688,38322688,861184,3730220,False
770,90,94.200000,1.031420,10.777530,6.541449,4.350777,12.996175,18.729979,40.733168,0.788889,1.200635,0.462399,3.097064,1015.226791,13.491109,0.013289,38753280,38753280,861184,3649620,False
771,74,94.200000,1.251292,10.812391,8.553788,5.429591,18.876671,25.508648,56.899328,0.878378,1.318124,0.384307,3.097064,1018.511320,12.280593,0.012057,31863808,31863808,861184,2953340,False
772,110,94.200000,1.198582,10.781006,7.350366,3.848087,20.018855,28.156213,43.819135,0.745455,1.174867,0.493094,3.097064,1015.493434,14.754206,0.014529,47365120,47365120,861184,4916600,False
773,98,94.200000,1.236836,10.810815,8.652146,5.500242,19.698551,22.609345,44.834762,0.836735,1.283766,0.410550,3.097064,1018.292254,14.754918,0.014490,42198016,42198016,861184,4028440,False
774,95,94.200000,1.073751,10.761598,6.343820,4.513211,14.728586,18.070939,33.042491,0.705263,1.085227,0.491822,3.097064,1013.652933,12.970436,0.012796,40906240,40906240,861184,3426280,False
775,103,94.200000,1.223515,10.818142,7.700233,4.583404,15.425739,22.208110,64.725579,0.796117,1.246568,0.439872,3.097064,1018.923479,14.839129,0.014564,44350976,44350976,861184,4366960,False
776,74,94.200000,1.069137,10.818934,6.478876,4.580402,14.243215,21.274093,31.156158,0.770270,1.176756,0.467603,3.097064,1019.103151,11.707450,0.011488,31863808,31863808,861184,2985320,False
777,89,94.200000,0.990013,10.754092,6.580486,3.886621,15.697480,24.271938,36.213245,0.741573,1.163203,0.499603,3.097064,1012.927232,13.299695,0.013130,38322688,38322688,861184,3748420,False
778,96,94.200000,1.077121,10.783266,6.917352,3.755608,15.760167,21.101270,63.112161,0.697917,1.107061,0.515925,3.097064,1015.655232,13.112342,0.012910,41336832,41336832,861184,3850340,False
779,98,94.200000,1.282574,10.805485,8.219434,5.981951,21.044565,25.598057,37.025524,0.816327,1.234461,0.411425,3.097064,1017.781925,14.257691,0.014009,42198016,42198016,861184,3611920,False
780,103,94.200000,1.165017,10.828106,7.303171,4.722199,17.448132,26.564997,44.673639,0.796117,1.232236,0.449546,3.097064,1019.893488,14.562428,0.014278,44350976,44350976,861184,4508400,False
781,102,94.200000,1.245510,10.807598,8.463684,5.529062,18.397810,28.729811,63.555697,0.823529,1.262382,0.406640,3.097064,1017.978754,14.563394,0.014306,43920384,43920384,861184,3986320,False
782,90,94.200000,1.406275,10.796114,7.528419,5.609371,16.512352,21.294715,27.937977,0.844444,1.285838,0.396288,3.097064,1016.916892,13.946135,0.013714,38753280,38753280,861184,3718520,False
783,87,94.200000,1.188590,10.811927,5.907016,4.270752,13.575714,16.473482,24.767219,0.827586,1.292454,0.442153,3.097064,1018.374812,13.353541,0.013113,37461504,37461504,861184,4048720,False
784,72,94.200000,1.249983,10.762875,7.592432,4.870709,18.343307,22.095685,40.496273,0.805556,1.244481,0.439863,3.097064,1013.756111,12.218367,0.012053,31002624,31002624,861184,3173820,False
785,116,94.200000,1.293269,10.784701,8.101575,4.976619,18.885459,24.668238,58.845479,0.775862,1.198757,0.436010,3.097064,1015.803049,15.171407,0.014935,49948672,49948672,861184,4622800,False
786,90,94.200000,1.147656,10.791350,6.935059,4.624111,17.405845,22.868332,34.651265,0.811111,1.262887,0.455152,3.097064,1016.406044,14.078890,0.013852,38753280,38753280,861184,4248400,False
787,94,94.200000,1.304791,10.777571,7.975286,4.606079,18.019892,23.609862,51.176406,0.723404,1.155528,0.465994,3.097064,1015.121853,13.104592,0.012909,40475648,40475648,861184,3868800,False
788,106,94.200000,1.041232,10.792037,6.876254,4.271590,14.361713,23.197609,42.993277,0.830189,1.272442,0.443216,3.097064,1016.591062,14.961018,0.014717,45642752,45642752,861184,4528420,False
789,99,94.200000,1.338152,10.794203,9.174264,5.268717,22.188509,35.990059,53.231579,0.787879,1.238759,0.416281,3.097064,1016.682674,14.260937,0.014027,42628608,42628608,861184,4100200,False
790,89,94.200000,1.231049,10.794304,8.144730,4.698420,22.280489,27.660150,45.697063,0.808989,1.226892,0.448402,3.097064,1016.782264,13.212031,0.012994,38322688,38322688,861184,3751800,False
791,90,94.200000,1.222925,10.802155,6.599933,4.963284,17.478899,20.180599,27.754736,0.777778,1.226430,0.448814,3.097064,1017.463488,13.423957,0.013194,38753280,38753280,861184,3941340,False
792,103,94.200000,1.077993,10.749217,6.492887,4.346422,15.769230,23.205307,29.695287,0.815534,1.238049,0.448928,3.097064,1012.519788,14.709781,0.014528,44350976,44350976,861184,4373460,False
793,74,94.200000,1.170179,10.782850,7.450871,6.053756,15.428598,22.552181,39.563896,0.824324,1.266119,0.395607,3.097064,1015.638617,12.500440,0.012308,31863808,31863808,861184,2866240,False
794,85,94.200000,1.190423,10.778056,7.929819,4.785456,19.181340,24.547292,48.957376,0.776471,1.204754,0.468653,3.097064,1015.203071,12.980861,0.012786,36600320,36600320,861184,3711760,False
795,86,94.200000,1.111608,10.799979,7.200954,5.198837,16.494732,20.364825,33.853739,0.848837,1.314617,0.405155,3.097064,1017.293697,13.541613,0.013311,37030912,37030912,861184,3791060,False
796,71,94.200000,1.204842,10.758205,7.207842,6.204487,17.155932,18.884875,23.323254,0.845070,1.324232,0.397940,3.097064,1013.348005,12.394455,0.012231,30572032,30572032,861184,3092440,False
797,97,94.200000,1.396817,10.778980,7.751131,3.759300,17.661387,21.487420,116.232034,0.845361,1.321426,0.471426,3.097064,1015.160054,14.779394,0.014559,41767424,41767424,861184,5450640,False
798,88,94.200000,0.993107,10.827415,6.060897,3.218713,16.403255,19.273689,46.730542,0.727273,1.104637,0.532630,3.097064,1019.862263,12.733752,0.012486,37892096,37892096,861184,3841760,False
799,90,94.200000,1.252183,10.801231,8.948114,5.731635,19.205300,25.067853,68.753975,0.822222,1.275126,0.401799,3.097064,1017.355526,13.763891,0.013529,38753280,38753280,861184,3820180,False
800,99,94.200000,1.122506,10.799336,8.300586,5.044601,17.857872,24.448662,107.761407,0.767677,1.198373,0.431481,3.097064,1017.241292,13.655114,0.013424,42628608,42628608,861184,3712800,False
801,99,94.200000,1.249180,10.819069,8.845097,5.731196,20.206189,27.765614,76.176476,0.797980,1.259299,0.426122,3.097064,1018.990445,14.360201,0.014093,42628608,42628608,861184,4039360,False
802,91,94.200000,1.138825,10.776977,7.525810,5.115941,19.127449,21.610189,41.135593,0.813187,1.233584,0.438324,3.097064,1015.062924,13.393277,0.013195,39183872,39183872,861184,3794440,False
803,77,94.200000,1.048702,10.798699,6.559283,4.537078,15.072390,23.683955,29.500418,0.831169,1.297207,0.448248,3.097064,1017.141597,12.565795,0.012354,33155584,33155584,861184,3729180,False
804,93,94.200000,1.166093,10.767398,7.615364,5.725908,16.871882,21.990611,35.007831,0.817204,1.262493,0.417724,3.097064,1014.200859,13.995230,0.013799,40045056,40045056,861184,3644940,False
805,100,94.200000,1.061488,10.795338,5.689189,4.157899,14.936904,18.437194,35.178249,0.780000,1.186752,0.485205,3.097064,1016.682843,14.194793,0.013962,43059200,43059200,861184,4472780,False
806,97,94.200000,1.119989,10.803916,7.816497,5.609463,20.708905,25.872471,33.065590,0.783505,1.205825,0.425551,3.097064,1017.602814,13.674354,0.013438,41767424,41767424,861184,3515200,False
807,100,94.200000,1.147195,10.802341,7.133802,3.711336,17.284706,25.465685,49.889422,0.770000,1.184316,0.478159,3.097064,1017.459893,13.889570,0.013651,43059200,43059200,861184,4260360,False
808,77,94.200000,1.244162,10.764807,7.047743,5.373810,13.682234,18.759773,44.614024,0.896104,1.344438,0.392636,3.097064,1013.911715,12.984166,0.012806,33155584,33155584,861184,3498820,False
809,88,94.200000,1.292641,10.748296,8.714826,5.430093,22.380976,27.790457,55.110522,0.806818,1.237264,0.400539,3.097064,1012.484827,13.237055,0.013074,37892096,37892096,861184,3252080,False
810,89,94.200000,1.023888,10.806535,6.782682,3.387824,14.529190,22.220457,53.194351,0.730337,1.138430,0.505812,3.097064,1017.848460,12.991716,0.012764,38322688,38322688,861184,3882580,False
811,100,94.200000,1.320491,10.775888,10.084700,6.841585,24.449735,30.752444,55.817610,0.840000,1.290969,0.365841,3.097064,1014.958669,14.468377,0.014255,43059200,43059200,861184,3704480,False
812,105,94.200000,1.157553,10.795095,7.291983,3.211823,16.697372,25.983946,55.377723,0.723810,1.168047,0.513802,3.097064,1016.790611,14.254906,0.014020,45212160,45212160,861184,4720300,False
813,82,94.200000,1.095824,10.767463,5.953538,4.517210,11.384690,18.365151,31.862209,0.768293,1.194401,0.478235,3.097064,1014.191604,12.533690,0.012358,35308544,35308544,861184,3517540,False
814,108,94.200000,1.211420,10.801584,7.184864,5.622065,16.144515,21.362625,30.389835,0.787037,1.219195,0.418155,3.097064,1017.419887,14.587298,0.014338,46503936,46503936,861184,4166760,False
815,96,94.200000,1.176572,10.824669,7.146102,5.624740,16.780460,21.544536,28.521261,0.843750,1.295464,0.408022,3.097064,1019.632242,14.444754,0.014167,41336832,41336832,861184,4157140,False
816,90,94.200000,1.088006,10.783155,7.217192,4.559894,15.270516,23.201292,40.303800,0.733333,1.133375,0.456439,3.097064,1015.728354,12.892654,0.012693,38753280,38753280,861184,3324880,False
817,78,94.200000,1.298187,10.758974,8.561138,6.108824,17.505802,24.801142,63.629476,0.833333,1.267877,0.401309,3.097064,1013.434384,12.876731,0.012706,33586176,33586176,861184,3185520,False
818,97,94.200000,1.183205,10.793634,7.599622,5.037451,15.921077,20.844479,68.480114,0.835052,1.278550,0.440961,3.097064,1016.603903,14.619258,0.014380,41767424,41767424,861184,4378660,False
819,92,94.200000,1.136801,10.770313,7.320799,4.906906,17.303714,20.387541,35.798753,0.782609,1.189334,0.452060,3.097064,1014.446659,13.224640,0.013036,39614464,39614464,861184,3783000,False
820,106,94.200000,1.122364,10.766710,7.347232,5.178403,18.940604,23.757096,37.239316,0.754717,1.172568,0.452241,3.097064,1014.091979,14.422926,0.014223,45642752,45642752,861184,4147260,False
821,96,94.200000,1.499512,10.793183,9.877122,7.071863,22.320267,30.301236,68.419125,0.875000,1.327062,0.360897,3.097064,1016.628879,14.509628,0.014272,41336832,41336832,861184,3737500,False
822,88,94.200000,1.300073,10.792146,8.874070,6.758736,20.143846,28.519277,30.316259,0.829545,1.259642,0.370056,3.097064,1016.541498,13.267230,0.013051,37892096,37892096,861184,3204240,False
823,79,94.200000,1.325669,10.808203,6.219432,4.015165,15.933276,17.573077,27.884115,0.784810,1.272649,0.462593,3.097064,1018.014543,12.626904,0.012403,34016768,34016768,861184,3892980,False
824,89,94.200000,1.229990,10.779134,6.879428,4.217585,12.130110,20.620765,58.592263,0.797753,1.229727,0.462921,3.097064,1015.266286,13.385068,0.013184,38322688,38322688,861184,4041180,False
825,85,94.200000,1.289768,10.775002,7.664618,5.225316,17.135636,24.714664,42.581575,0.823529,1.250207,0.392190,3.097064,1014.957018,12.900308,0.012710,36600320,36600320,861184,3055780,False
826,94,94.200000,1.377056,10.753475,7.994308,5.179727,17.977697,22.255911,64.321803,0.829787,1.271630,0.408083,3.097064,1012.900318,14.363986,0.014181,40475648,40475648,861184,4066920,False
827,108,94.200000,1.375179,10.786042,7.999381,4.464301,18.979396,23.823055,61.870517,0.805556,1.263930,0.442826,3.097064,1015.941550,15.240672,0.015002,46503936,46503936,861184,5015660,False
828,85,94.200000,1.316268,10.784901,7.815105,4.363956,19.606631,25.230193,46.835547,0.764706,1.219476,0.461773,3.097064,1015.769493,12.903219,0.012703,36600320,36600320,861184,3638700,False
829,92,94.200000,0.936118,10.796777,5.555368,4.176420,12.264593,14.955091,25.575496,0.728261,1.179454,0.491266,3.097064,1016.917228,13.599956,0.013374,39614464,39614464,861184,4353700,False
830,92,94.200000,1.238782,10.782569,9.163778,6.401943,20.831560,32.297661,49.676451,0.815217,1.277394,0.388146,3.097064,1015.698606,13.806081,0.013593,39614464,39614464,861184,3645200,False
831,100,94.200000,1.178046,10.771848,7.233345,4.661778,18.107766,21.412965,54.124960,0.740000,1.191881,0.470353,3.097064,1014.628980,14.027116,0.013825,43059200,43059200,861184,4856540,False
832,106,94.200000,1.210269,10.784195,8.108435,5.164286,16.824564,28.943119,53.968360,0.811321,1.241268,0.418086,3.097064,1015.784172,14.924437,0.014693,45642752,45642752,861184,4358380,False
833,104,94.200000,1.373990,10.769418,7.740038,4.793985,17.942231,21.630057,56.027712,0.817308,1.275056,0.441370,3.097064,1014.315235,14.833548,0.014624,44781568,44781568,861184,5167760,False
834,91,94.200000,1.465756,10.793450,9.972977,4.855562,22.731310,27.130128,80.715539,0.824176,1.250322,0.420883,3.097064,1016.609381,13.744573,0.013520,39183872,39183872,861184,3943420,False
835,80,94.200000,1.190053,10.784883,7.771873,4.172083,18.310543,21.924792,66.523807,0.762500,1.196402,0.470051,3.097064,1015.901200,12.324822,0.012132,34447360,34447360,861184,3810560,False
836,89,94.200000,1.391595,10.814944,7.649851,5.439982,20.531580,23.811293,33.676144,0.842697,1.303704,0.426083,3.097064,1018.707213,13.828283,0.013574,38322688,38322688,861184,4346420,False
837,101,94.200000,1.303578,10.763432,7.264924,3.915386,19.170314,25.762407,57.939619,0.782178,1.254832,0.468240,3.097064,1013.787324,14.621614,0.014423,43489792,43489792,861184,5375500,False
838,94,94.200000,1.423554,10.781251,7.695895,4.207905,20.505477,29.295142,38.260632,0.787234,1.262943,0.453956,3.097064,1015.492070,14.145923,0.013930,40475648,40475648,861184,4905420,False
839,85,94.200000,1.321235,10.775219,7.173511,3.966012,16.004742,18.274768,47.451208,0.800000,1.218336,0.462239,3.097064,1014.961706,13.047627,0.012855,36600320,36600320,861184,3812900,False
840,96,94.200000,1.355052,10.780623,9.479170,7.506590,22.731790,27.060181,41.396496,0.822917,1.259937,0.381696,3.097064,1015.405686,13.913299,0.013702,41336832,41336832,861184,3674060,False
841,77,94.200000,1.536078,10.769379,9.009984,6.600415,20.392424,26.632715,42.506532,0.857143,1.336462,0.374418,3.097064,1014.447138,12.851708,0.012669,33155584,33155584,861184,3356600,False
842,82,94.200000,1.191151,10.820917,9.618625,7.167468,19.947250,25.843981,61.546598,0.817073,1.239585,0.360416,3.097064,1019.292424,12.691531,0.012451,35308544,35308544,861184,2634840,False
843,102,94.200000,0.972428,10.736466,8.027305,3.915371,18.906875,28.520071,55.895947,0.745098,1.143881,0.479782,3.097064,1011.265705,13.770884,0.013617,43920384,43920384,861184,3948880,False
844,87,94.200000,1.272436,10.826404,7.279954,5.041396,16.034489,20.659585,39.502490,0.850575,1.312778,0.404876,3.097064,1019.769202,13.670422,0.013405,37461504,37461504,861184,3994120,False
845,90,94.200000,1.180902,10.843854,7.006355,4.441055,16.173741,21.130599,36.586631,0.766667,1.193399,0.454029,3.097064,1021.452283,13.545214,0.013261,38753280,38753280,861184,3739320,False
846,97,94.200000,1.283065,10.851740,7.741463,4.998661,19.958207,23.514198,47.582635,0.814433,1.274143,0.429188,3.097064,1022.181484,14.238936,0.013930,41767424,41767424,861184,4480840,False
847,93,94.200000,1.202261,10.785826,7.861710,4.707185,19.638362,24.456718,50.815368,0.784946,1.243948,0.441039,3.097064,1016.006890,13.748787,0.013532,40045056,40045056,861184,4097080,False
848,100,94.200000,1.234340,10.809727,7.669503,5.283192,19.004627,26.209768,37.328262,0.790000,1.222322,0.439976,3.097064,1018.095506,14.461373,0.014204,43059200,43059200,861184,4569240,False
849,79,94.200000,1.032886,10.770748,6.696701,4.535404,14.346778,18.375957,48.549923,0.772152,1.204929,0.457684,3.097064,1014.511170,12.421264,0.012244,34016768,34016768,861184,3348540,False
850,93,94.200000,1.311362,10.814488,6.944206,5.201744,16.984024,20.142963,33.534536,0.795699,1.205591,0.436013,3.097064,1018.701181,13.749772,0.013497,40045056,40045056,861184,4005040,False
851,99,94.200000,1.333953,10.774081,6.339528,3.771921,15.515593,18.818208,29.635031,0.808081,1.263559,0.471425,3.097064,1014.782040,14.710298,0.014496,42628608,42628608,861184,5012280,False
852,108,94.200000,1.187239,10.766213,6.909026,3.974869,16.217225,19.987771,39.808633,0.740741,1.171566,0.475777,3.097064,1014.063224,14.760134,0.014555,46503936,46503936,861184,4883840,False
853,91,94.200000,1.260877,10.790478,8.402306,5.175808,21.349538,25.116727,49.373434,0.813187,1.259744,0.437845,3.097064,1016.388331,13.714536,0.013493,39183872,39183872,861184,3747380,False
854,85,94.200000,1.225110,10.822154,9.388617,5.834651,21.614645,26.336691,92.087198,0.764706,1.149094,0.424420,3.097064,1019.366601,12.417405,0.012181,36600320,36600320,861184,2715700,False
855,107,94.200000,1.130752,10.811413,6.804936,3.871298,18.051383,23.869374,31.684141,0.728972,1.127134,0.500199,3.097064,1018.335390,14.217693,0.013962,46073344,46073344,861184,4729660,False
856,87,94.200000,1.366391,10.792921,6.118671,4.275310,13.645206,18.387022,35.896974,0.758621,1.171727,0.476775,3.097064,1016.590819,12.799991,0.012591,37461504,37461504,861184,3862300,False
857,98,94.200000,1.156768,10.809058,6.781668,4.097137,19.046855,22.373831,31.302943,0.724490,1.122441,0.486846,3.097064,1018.148790,13.266376,0.013030,42198016,42198016,861184,3764800,False
858,107,94.200000,1.467360,10.785680,9.126540,6.037028,20.360088,29.009662,60.080333,0.822430,1.272580,0.386176,3.097064,1015.890671,14.775621,0.014544,46073344,46073344,861184,4110600,False
859,98,94.200000,1.067688,10.778945,6.955403,4.562861,17.393692,22.235494,40.385429,0.795918,1.214904,0.458399,3.097064,1015.264996,14.024439,0.013814,42198016,42198016,861184,4073680,False
860,90,94.200000,1.320073,10.786518,7.026583,4.532095,18.226889,21.049104,36.553228,0.822222,1.262304,0.429859,3.097064,1015.974833,13.754349,0.013538,38753280,38753280,861184,4285840,False
861,71,94.200000,1.349433,10.770516,7.664849,5.465739,17.053055,19.490915,33.439215,0.887324,1.366652,0.383171,3.097064,1014.465034,12.644815,0.012465,30572032,30572032,861184,3439280,False
862,94,94.200000,1.206513,10.797636,6.798747,4.922644,15.220792,17.970827,32.320661,0.808511,1.237533,0.431748,3.097064,1017.095934,13.691595,0.013461,40475648,40475648,861184,3879200,False
863,113,94.200000,1.212807,10.790660,7.757489,5.083153,20.349394,23.017071,37.091892,0.796460,1.223294,0.418960,3.097064,1016.375315,15.456598,0.015208,48656896,48656896,861184,4598620,False
864,98,94.200000,1.215663,10.780849,6.764564,4.502551,14.739053,22.389601,56.603964,0.775510,1.204906,0.461803,3.097064,1015.485493,14.022831,0.013809,42198016,42198016,861184,4429620,False
865,89,94.200000,1.343400,10.789120,8.335527,4.792780,17.886902,27.562463,62.811693,0.719101,1.115642,0.477441,3.097064,1016.254480,12.692128,0.012489,38322688,38322688,861184,3127020,False
866,89,94.200000,1.324977,10.797001,8.249943,5.598516,18.086597,25.254378,55.956602,0.797753,1.289517,0.418521,3.097064,1016.998882,13.469153,0.013244,38322688,38322688,861184,4435080,False
867,102,94.200000,1.099904,10.772538,7.210218,4.873785,16.284400,20.952343,35.043772,0.823529,1.273545,0.427514,3.097064,1014.669425,14.898480,0.014683,43920384,43920384,861184,4514900,False
868,80,94.200000,1.114484,10.805283,6.808737,3.522833,17.623608,23.363203,37.493221,0.725000,1.134164,0.504135,3.097064,1017.833008,11.948781,0.011739,34447360,34447360,861184,3612180,False
869,82,94.200000,1.263274,10.780220,9.331208,5.904144,19.522792,29.665361,52.398699,0.731707,1.115469,0.448530,3.097064,1015.353952,12.112463,0.011929,35308544,35308544,861184,2753660,False
870,115,94.200000,1.134884,10.750632,6.432259,3.653774,14.583715,19.519620,42.717491,0.721739,1.102850,0.502731,3.097064,1012.618422,14.750414,0.014567,49518080,49518080,861184,4771260,False
871,101,94.200000,1.193811,10.767339,6.570146,4.318575,17.508861,21.508926,30.305548,0.792079,1.243544,0.453524,3.097064,1014.205036,14.307906,0.014108,43489792,43489792,861184,4862780,False
872,96,94.200000,1.356176,10.790488,10.423064,5.693820,25.007952,30.420493,116.962508,0.843750,1.269437,0.377190,3.097064,1016.283418,14.095171,0.013869,41336832,41336832,861184,3560440,False
873,94,94.200000,1.437451,10.769490,7.928298,6.523297,16.867148,21.000955,35.578734,0.819149,1.269066,0.383400,3.097064,1014.392406,14.076840,0.013877,40475648,40475648,861184,3641560,False
874,94,94.200000,1.436374,10.778162,8.631966,6.253734,21.358583,25.730954,42.483323,0.829787,1.290557,0.395756,3.097064,1015.230673,14.258348,0.014044,40475648,40475648,861184,4556760,False
875,97,94.200000,1.336552,10.829944,6.857056,5.166930,15.723132,18.049220,48.025851,0.793814,1.201655,0.438664,3.097064,1020.137233,13.924617,0.013650,41767424,41767424,861184,4198740,False
876,92,94.200000,1.347534,10.816920,8.047790,4.693699,21.561268,25.018564,44.790419,0.858696,1.314168,0.409121,3.097064,1018.820661,14.343744,0.014079,39614464,39614464,861184,4334460,False
877,89,94.200000,1.491087,10.808646,9.183362,5.950319,19.730655,34.866451,51.462737,0.797753,1.228758,0.406279,3.097064,1018.086088,13.280758,0.013045,38322688,38322688,861184,3587480,False
878,93,94.200000,1.066176,10.769505,6.142989,4.616698,13.704782,17.766137,34.262427,0.752688,1.151540,0.473352,3.097064,1014.385069,12.954494,0.012771,40045056,40045056,861184,3648320,False
879,86,94.200000,1.438105,10.772210,7.846606,4.966693,19.693211,24.259914,51.278871,0.790698,1.187919,0.426227,3.097064,1014.643886,12.845628,0.012660,37030912,37030912,861184,3246620,False
880,92,94.200000,1.242307,10.801511,6.815445,5.170759,17.183449,18.904385,30.110037,0.804348,1.242675,0.445846,3.097064,1017.400786,13.700967,0.013467,39614464,39614464,861184,4360980,False
881,98,94.200000,1.398148,10.770537,8.652638,6.300850,21.972200,27.506198,41.704668,0.755102,1.168216,0.425649,3.097064,1014.560230,13.585834,0.013391,42198016,42198016,861184,3537560,False
882,105,94.200000,1.230965,10.789888,7.363434,4.514379,17.385649,22.794225,37.783821,0.819048,1.254927,0.434145,3.097064,1016.262269,14.933686,0.014695,45212160,45212160,861184,4775160,False
883,84,94.200000,1.262219,10.787641,7.899915,4.033414,18.803674,24.900964,80.773368,0.750000,1.184284,0.471367,3.097064,1016.041474,12.758867,0.012557,36169728,36169728,861184,3634020,False
884,89,94.200000,1.145303,10.760469,8.288155,4.052431,19.238903,25.217582,122.301962,0.797753,1.229288,0.460185,3.097064,1013.522247,13.449442,0.013270,38322688,38322688,861184,3877900,False
885,89,94.200000,1.209572,10.791984,8.187408,5.953332,18.127351,24.314636,83.126137,0.752809,1.129504,0.436675,3.097064,1016.558625,12.864244,0.012655,38322688,38322688,861184,3055260,False
886,95,94.200000,1.168101,10.776620,6.733943,4.318324,17.216805,21.391307,27.034879,0.747368,1.172781,0.470292,3.097064,1015.066502,13.603768,0.013402,40906240,40906240,861184,4213820,False
887,86,94.200000,1.189631,10.831384,7.398473,5.194368,17.534232,21.708954,27.501290,0.802326,1.219148,0.440709,3.097064,1020.248230,13.014016,0.012756,37030912,37030912,861184,3746340,False
888,92,94.200000,1.728239,10.823036,9.351211,6.046698,22.777505,28.383530,54.502575,0.847826,1.325598,0.392963,3.097064,1019.472718,13.935055,0.013669,39614464,39614464,861184,3942380,False
889,81,94.200000,1.194376,10.837748,8.263308,6.033411,18.721684,26.903633,38.505279,0.790123,1.203530,0.401336,3.097064,1020.913836,12.363061,0.012110,34877952,34877952,861184,2903160,False
890,104,94.200000,1.157139,10.834020,8.727500,5.631697,22.447883,25.357056,66.126444,0.798077,1.224579,0.407394,3.097064,1020.499701,14.381097,0.014092,44781568,44781568,861184,4074980,False
891,88,94.200000,1.301560,10.814084,8.669818,6.506991,18.655092,26.067464,48.754047,0.806818,1.226354,0.400781,3.097064,1018.651047,13.413250,0.013168,37892096,37892096,861184,3312920,False
892,97,94.200000,1.346415,10.789319,6.896123,5.240541,15.324796,20.252230,34.395694,0.835052,1.267893,0.403231,3.097064,1016.247518,14.184644,0.013958,41767424,41767424,861184,4258800,False
893,84,94.200000,1.401261,10.775487,8.391124,5.441132,17.995858,27.506759,78.106111,0.785714,1.204493,0.431307,3.097064,1014.976710,12.614665,0.012429,36169728,36169728,861184,3278340,False
894,87,94.200000,1.334019,10.805409,6.886232,4.199198,14.229662,21.041718,36.021775,0.839080,1.297743,0.428038,3.097064,1017.821958,13.732352,0.013492,37461504,37461504,861184,4226820,False
895,82,94.200000,1.427180,10.771334,8.752135,7.448985,16.899412,21.891794,38.965975,0.829268,1.278724,0.370494,3.097064,1014.648679,12.984538,0.012797,35308544,35308544,861184,3313960,False
896,94,94.200000,1.072059,10.810292,8.052429,4.659440,18.083442,26.736297,47.259946,0.787234,1.211848,0.432307,3.097064,1018.172158,13.677328,0.013433,40475648,40475648,861184,3776760,False
897,95,94.200000,1.550611,10.792959,10.661851,6.231130,24.897266,39.221507,82.307913,0.842105,1.266515,0.374478,3.097064,1016.617456,14.318723,0.014085,40906240,40906240,861184,3760640,False
898,104,94.200000,1.427491,10.785252,8.625510,6.063941,20.100785,30.425145,42.095624,0.778846,1.194232,0.422543,3.097064,1015.939088,14.233874,0.014011,44781568,44781568,861184,4005820,False
899,87,94.200000,1.139772,10.794623,7.324676,4.461500,18.077372,25.359193,46.577801,0.770115,1.168939,0.445823,3.097064,1016.828458,12.898699,0.012685,37461504,37461504,861184,3571100,False
900,104,94.200000,1.308107,10.797279,7.152648,4.904288,17.926379,22.533889,37.906119,0.721154,1.140649,0.473885,3.097064,1017.066215,14.066257,0.013830,44781568,44781568,861184,4173000,False
901,100,94.200000,1.235307,10.806887,6.616363,4.228226,16.138714,19.746353,35.851025,0.780000,1.195447,0.462431,3.097064,1018.007384,14.118600,0.013869,43059200,43059200,861184,4672200,False
902,101,94.200000,1.401131,10.815474,7.284736,4.983747,15.345486,18.602010,57.302786,0.811881,1.227483,0.424020,3.097064,1018.735686,14.529978,0.014263,43489792,43489792,861184,4395560,False
903,99,94.200000,1.294882,10.789423,6.717795,4.073910,19.250838,22.030354,38.829411,0.757576,1.203680,0.480074,3.097064,1016.228907,14.099911,0.013875,42628608,42628608,861184,4629560,False
904,90,94.200000,1.649046,10.799641,8.833057,5.929342,21.405997,29.282786,42.214980,0.833333,1.293766,0.399328,3.097064,1017.216725,13.763292,0.013530,38753280,38753280,861184,4103840,False
905,92,94.200000,1.451799,10.801366,8.493181,6.017333,17.417989,23.426453,81.644491,0.858696,1.319585,0.384138,3.097064,1017.360241,14.027488,0.013788,39614464,39614464,861184,3900780,False
906,110,94.200000,1.279717,10.747949,8.251498,5.346418,18.707556,28.752492,58.947040,0.790909,1.203465,0.426569,3.097064,1012.354523,14.654429,0.014476,47365120,47365120,861184,4347200,False
907,103,94.200000,1.430413,10.788756,8.516353,5.515660,17.342723,27.078738,93.055985,0.815534,1.256683,0.409522,3.097064,1016.145490,14.576423,0.014345,44350976,44350976,861184,4388540,False
908,102,94.200000,1.272511,10.836398,7.139999,4.576455,15.614488,22.947938,83.727781,0.754902,1.174063,0.478416,3.097064,1020.731790,14.154718,0.013867,43920384,43920384,861184,4449120,False
909,87,94.200000,1.322039,10.786448,8.343125,5.576823,19.106846,27.471399,55.017936,0.781609,1.203255,0.420265,3.097064,1016.034902,13.035449,0.012830,37461504,37461504,861184,3513640,False
910,95,94.200000,1.396676,10.793693,7.343935,4.492086,19.180361,24.704459,33.081430,0.768421,1.183238,0.479567,3.097064,1016.699923,14.034967,0.013804,40906240,40906240,861184,4503460,False
911,96,94.200000,1.469116,10.789106,9.635882,6.537050,23.985096,31.257072,60.052390,0.822917,1.249818,0.389476,3.097064,1016.255897,14.220737,0.013993,41336832,41336832,861184,3686020,False
912,97,94.200000,1.148830,10.801800,7.958121,5.058934,19.841739,27.278155,55.817519,0.752577,1.171350,0.456646,3.097064,1017.424972,13.849134,0.013612,41767424,41767424,861184,4304040,False
913,95,94.200000,1.314230,10.815560,8.164763,5.475989,20.666038,26.154021,42.284396,0.778947,1.200997,0.422896,3.097064,1018.742387,13.715475,0.013463,40906240,40906240,861184,3583060,False
914,89,94.200000,1.075786,10.791022,7.719712,5.891676,18.859327,23.504059,36.043295,0.764045,1.157238,0.429717,3.097064,1016.367540,12.840882,0.012634,38322688,38322688,861184,3077360,False
915,100,94.200000,1.107227,10.760566,6.406962,3.472499,16.022681,20.417733,41.064756,0.710000,1.127574,0.508742,3.097064,1013.518872,13.563665,0.013383,43059200,43059200,861184,4602780,False
916,95,94.200000,1.479727,10.762936,8.681319,4.317520,23.949959,28.453148,57.800813,0.726316,1.155634,0.467187,3.097064,1013.803284,13.524539,0.013340,40906240,40906240,861184,4074980,False
917,97,94.200000,1.203661,10.747305,7.271858,4.436118,17.971774,23.680416,40.118941,0.752577,1.145320,0.462454,3.097064,1012.317978,13.533322,0.013369,41767424,41767424,861184,3914040,False
918,100,94.200000,1.212986,10.776666,6.242571,5.216001,13.702088,16.962908,22.697841,0.800000,1.216540,0.444593,3.097064,1015.088939,14.348676,0.014135,43059200,43059200,861184,4306640,False
919,99,94.200000,1.349267,10.781695,8.935045,5.144680,23.404211,28.272825,61.538798,0.858586,1.327434,0.413316,3.097064,1015.602333,15.060099,0.014829,42628608,42628608,861184,4749940,False
920,104,94.200000,1.715245,10.772472,9.813210,5.454257,21.399535,32.177497,84.875435,0.778846,1.194816,0.418479,3.097064,1014.653478,14.073623,0.013870,44781568,44781568,861184,3985280,False
921,86,94.200000,1.148595,10.787581,5.498310,3.015510,14.737361,23.624064,29.936406,0.674419,1.028602,0.554113,3.097064,1016.163447,12.165358,0.011972,37030912,37030912,861184,3665220,False
922,104,94.200000,1.379572,10.763435,8.133537,5.770136,19.523069,29.463599,55.321999,0.788462,1.218845,0.434205,3.097064,1013.766850,14.820224,0.014619,44781568,44781568,861184,4500080,False
923,97,94.200000,1.576655,10.795911,8.654586,6.096929,21.967175,26.111397,47.622384,0.793814,1.284541,0.426701,3.097064,1016.887944,14.079361,0.013846,41767424,41767424,861184,4704960,False
924,86,94.200000,1.230307,10.783241,8.066103,4.277328,22.417970,27.195383,57.484168,0.755814,1.181722,0.454255,3.097064,1015.750786,12.862296,0.012663,37030912,37030912,861184,3601780,False
925,90,94.200000,1.586496,10.798339,7.709856,5.287338,17.484285,28.523885,49.391379,0.777778,1.180613,0.428533,3.097064,1017.136505,13.101756,0.012881,38753280,38753280,861184,3537040,False
926,92,94.200000,1.319442,10.786424,8.076175,5.318455,16.935394,29.659037,37.584000,0.836957,1.287145,0.409761,3.097064,1016.016722,14.327051,0.014101,39614464,39614464,861184,4286100,False
927,96,94.200000,1.341216,10.823859,7.174334,5.013155,16.814113,18.777022,37.892176,0.802083,1.243587,0.439024,3.097064,1019.566183,14.232754,0.013960,41336832,41336832,861184,4676100,False
928,100,94.200000,1.151257,10.756781,7.415162,5.071578,17.310154,23.388709,41.324130,0.760000,1.182351,0.443060,3.097064,1013.191980,13.857103,0.013677,43059200,43059200,861184,4094740,False
929,82,94.200000,1.437199,10.828981,7.686038,3.608402,20.192267,28.606964,64.397588,0.719512,1.110870,0.493215,3.097064,1020.042318,12.303156,0.012061,35308544,35308544,861184,3728920,False
930,93,94.200000,1.368343,10.775770,7.998022,5.891325,17.057856,26.160988,55.708023,0.817204,1.231273,0.391276,3.097064,1014.916965,13.683530,0.013482,40045056,40045056,861184,3604900,False
931,82,94.200000,1.341830,10.780061,7.452511,4.700927,19.664732,24.947373,41.309850,0.756098,1.134470,0.452613,3.097064,1015.455708,12.484027,0.012294,35308544,35308544,861184,3002480,False
932,100,94.200000,1.375556,10.743212,8.203932,6.221489,17.844007,22.822592,54.650014,0.770000,1.190676,0.425455,3.097064,1011.909797,13.872096,0.013709,43059200,43059200,861184,4067440,False
933,108,94.200000,1.496187,10.807551,8.317309,4.793561,20.331858,25.119135,52.184231,0.750000,1.162492,0.463325,3.097064,1018.038596,14.496969,0.014240,46503936,46503936,861184,4665440,False
934,103,94.200000,1.204132,10.818209,6.712180,4.648343,16.546558,20.252685,26.625645,0.757282,1.176306,0.459933,3.097064,1019.055695,14.239153,0.013973,44350976,44350976,861184,4545840,False
935,93,94.200000,1.287669,10.790652,8.151570,5.265253,19.531387,25.746061,44.669917,0.784946,1.188476,0.416924,3.097064,1016.320354,13.431111,0.013215,40045056,40045056,861184,3309540,False
936,79,94.200000,1.526362,10.764219,8.211383,4.950763,19.145110,25.183001,38.121673,0.810127,1.232526,0.430363,3.097064,1013.927107,12.724729,0.012550,34016768,34016768,861184,3647280,False
937,100,94.200000,1.430928,10.820930,7.754818,4.469127,15.273538,24.843573,69.900985,0.800000,1.233023,0.455054,3.097064,1019.262219,14.425233,0.014153,43059200,43059200,861184,4809220,False
938,95,94.200000,1.409541,10.788753,8.103964,5.615172,21.148947,25.940257,50.287918,0.726316,1.133321,0.450096,3.097064,1016.253404,13.015117,0.012807,40906240,40906240,861184,3791320,False
939,101,94.200000,1.245026,10.765882,8.618068,5.810344,19.719968,24.219931,48.704814,0.752475,1.142578,0.434382,3.097064,1014.124177,13.393819,0.013207,43489792,43489792,861184,3231280,False
940,100,94.200000,1.518030,10.796043,8.846189,6.189469,16.890894,24.368053,88.773654,0.850000,1.275407,0.365201,3.097064,1016.918049,14.586891,0.014344,43059200,43059200,861184,3846440,False
941,102,94.200000,1.293528,10.826677,9.001827,5.849789,19.532223,27.915537,51.320144,0.803922,1.244542,0.388570,3.097064,1019.831189,14.073925,0.013800,43920384,43920384,861184,3871400,False
942,92,94.200000,1.127209,10.811703,7.560142,4.555094,18.869261,22.722236,60.582844,0.815217,1.231898,0.442265,3.097064,1018.337739,13.677281,0.013431,39614464,39614464,861184,4084860,False
943,93,94.200000,1.300069,10.783944,8.430754,4.892360,19.794697,27.915078,51.263971,0.870968,1.307026,0.382054,3.097064,1015.768955,13.724144,0.013511,40045056,40045056,861184,3877900,False
944,108,94.200000,1.409467,10.825764,8.695093,5.691378,21.374837,25.841031,45.895760,0.824074,1.282322,0.413563,3.097064,1019.555261,15.283655,0.014991,46503936,46503936,861184,5281640,False
945,80,94.200000,1.384755,10.801628,6.802825,4.621528,15.732083,22.077413,29.255786,0.800000,1.231105,0.453135,3.097064,1017.410748,12.938917,0.012717,34447360,34447360,861184,3943420,False
946,97,94.200000,1.650708,10.794782,8.543912,4.408340,20.230033,22.951351,86.551149,0.773196,1.185153,0.442869,3.097064,1016.836945,13.936621,0.013706,41767424,41767424,861184,4007900,False
947,107,94.200000,1.319005,10.808978,7.657913,4.941901,22.469498,24.901364,41.295655,0.794393,1.206275,0.434289,3.097064,1018.133541,14.865061,0.014600,46073344,46073344,861184,4495400,False
948,102,94.200000,1.566393,10.789486,9.900604,7.325407,22.611180,28.178247,56.336672,0.794118,1.225855,0.385588,3.097064,1016.261328,14.479291,0.014248,43920384,43920384,861184,3617640,False
949,108,94.200000,1.293813,10.819247,7.577623,5.230910,15.366363,24.018700,38.081781,0.787037,1.208770,0.438792,3.097064,1018.992212,14.616949,0.014345,46503936,46503936,861184,4329780,False
950,89,94.200000,1.195253,10.782859,7.934979,6.727009,18.912394,21.394574,25.310939,0.797753,1.267446,0.398844,3.097064,1015.626898,13.579782,0.013371,38322688,38322688,861184,4136860,False
951,104,94.200000,1.201834,10.789077,7.102890,4.044310,17.658454,23.634077,64.023505,0.778846,1.187757,0.473508,3.097064,1016.197884,14.329301,0.014101,44781568,44781568,861184,4801680,False
952,107,94.200000,1.367764,10.807729,9.395510,6.712858,22.792479,25.027354,62.966888,0.813084,1.255294,0.403334,3.097064,1018.035275,14.857939,0.014595,46073344,46073344,861184,4372420,False
953,106,94.200000,1.606992,10.817930,8.336892,5.930143,18.777151,25.991796,63.214700,0.820755,1.244602,0.422676,3.097064,1018.944881,14.716335,0.014443,45642752,45642752,861184,4523220,False
954,95,94.200000,1.422311,10.835472,9.956978,6.578457,27.071958,33.663770,46.072734,0.831579,1.273952,0.405326,3.097064,1020.554761,14.363053,0.014074,40906240,40906240,861184,4173780,False
955,112,94.200000,1.545134,10.762831,8.705290,5.639537,17.763727,24.122149,113.026012,0.803571,1.236119,0.415509,3.097064,1013.745916,15.181311,0.014975,48226304,48226304,861184,4882540,False
956,105,94.200000,1.314601,10.747025,8.426608,4.279679,21.187281,31.789577,55.149217,0.761905,1.159474,0.461905,3.097064,1012.282517,14.049134,0.013879,45212160,45212160,861184,4344860,False
957,100,94.200000,1.545735,10.813403,9.153767,4.480905,21.816586,27.848185,114.437087,0.780000,1.209141,0.447849,3.097064,1018.454509,14.305227,0.014046,43059200,43059200,861184,4642040,False
958,102,94.200000,1.214831,10.795052,9.449128,6.363894,23.306410,25.918689,51.331457,0.833333,1.259418,0.399913,3.097064,1016.732833,14.272954,0.014038,43920384,43920384,861184,4006860,False
959,84,94.200000,1.271716,10.790849,6.352076,3.538587,15.239484,24.457853,38.437805,0.761905,1.157226,0.509285,3.097064,1016.363836,12.525947,0.012324,36169728,36169728,861184,4144920,False
960,86,94.200000,1.575356,10.831312,8.832623,5.095008,17.420396,31.878755,132.067099,0.720930,1.082246,0.471863,3.097064,1020.307144,12.602219,0.012351,37030912,37030912,861184,3150160,False
961,94,94.200000,1.293580,10.791100,7.850551,4.602832,20.411041,24.547247,34.461036,0.734043,1.104978,0.462791,3.097064,1016.480482,13.007612,0.012797,40475648,40475648,861184,3341520,False
962,95,94.200000,1.597476,10.788695,9.794654,4.903341,20.283010,32.186419,88.783918,0.757895,1.198549,0.435943,3.097064,1016.109787,13.522280,0.013308,40906240,40906240,861184,3996460,False
963,97,94.200000,1.420880,10.792731,8.675318,4.853539,16.339872,25.394303,105.128529,0.845361,1.297657,0.412547,3.097064,1016.545865,14.466542,0.014231,41767424,41767424,861184,4773340,False
964,91,94.200000,1.366071,10.762548,8.441436,5.754822,20.157944,25.894192,48.404057,0.824176,1.255157,0.402715,3.097064,1013.719716,13.528900,0.013346,39183872,39183872,861184,3700320,False
965,99,94.200000,1.402421,10.767122,8.209835,4.564868,20.323856,26.244329,48.946732,0.797980,1.258204,0.421433,3.097064,1014.118183,14.274523,0.014076,42628608,42628608,861184,4559620,False
966,93,94.200000,1.203210,10.793838,7.704639,5.147295,20.769593,25.455534,36.788539,0.763441,1.159618,0.447680,3.097064,1016.661364,13.363493,0.013144,40045056,40045056,861184,3572660,False
967,84,94.200000,1.403884,10.787833,9.176303,5.657087,20.976585,23.930958,74.018277,0.857143,1.307345,0.362742,3.097064,1016.123211,13.137527,0.012929,36169728,36169728,861184,3421340,False
968,95,94.200000,1.676070,10.784032,10.816748,6.283407,25.332206,29.015523,101.715184,0.821053,1.235137,0.388058,3.097064,1015.677520,13.939198,0.013724,40906240,40906240,861184,3644420,False
969,72,94.200000,1.720033,10.750223,9.706913,6.765152,20.463447,29.956704,61.713784,0.833333,1.331913,0.380378,3.097064,1012.582748,12.044148,0.011894,31002624,31002624,861184,3371160,False
970,96,94.200000,1.529775,10.799132,11.228818,6.747167,25.069281,30.396029,92.019961,0.864583,1.297063,0.347341,3.097064,1017.201620,14.428034,0.014184,41336832,41336832,861184,3700580,False
971,98,94.200000,1.257102,10.793190,6.890857,3.803741,16.259508,23.538104,62.004914,0.765306,1.149160,0.486325,3.097064,1016.584448,13.717322,0.013494,42198016,42198016,861184,4397900,False
972,95,94.200000,1.552247,10.812190,9.726992,6.018293,23.649203,32.696779,56.655171,0.821053,1.255417,0.382167,3.097064,1018.435193,13.820701,0.013571,40906240,40906240,861184,3729700,False
973,83,94.200000,1.597055,10.795487,7.861928,5.459917,16.926440,21.798446,60.569934,0.831325,1.279785,0.410099,3.097064,1016.747684,13.293084,0.013074,35739136,35739136,861184,3997500,False
974,101,94.200000,1.562834,10.808254,8.109464,6.385168,18.619725,21.085024,38.254891,0.851485,1.328817,0.377139,3.097064,1018.010688,15.207167,0.014938,43489792,43489792,861184,4785300,False
975,94,94.200000,1.230486,10.794156,8.160129,5.304796,20.686163,28.844356,36.333806,0.734043,1.151956,0.448740,3.097064,1016.758186,13.130294,0.012914,40475648,40475648,861184,3694600,False
976,94,94.200000,1.268460,10.800190,6.312516,5.324099,14.760296,17.146806,19.994732,0.765957,1.165321,0.451023,3.097064,1017.262839,13.372406,0.013145,40475648,40475648,861184,3857880,False
977,80,94.200000,1.266702,10.794317,7.525159,4.958977,17.478311,23.784914,38.826222,0.787500,1.235349,0.445556,3.097064,1016.707625,12.715036,0.012506,34447360,34447360,861184,3704740,False
978,96,94.200000,1.197686,10.834951,7.674056,4.523243,18.110880,26.286376,35.156391,0.739583,1.111258,0.458535,3.097064,1020.558589,13.143225,0.012878,41336832,41336832,861184,3448900,False
979,87,94.200000,1.299761,10.784907,6.978757,4.465452,16.533767,21.871644,50.059738,0.781609,1.218374,0.468816,3.097064,1015.799577,13.312264,0.013105,37461504,37461504,861184,4106440,False
980,100,94.200000,1.357839,10.792723,7.043306,4.351262,16.712306,22.792058,40.790628,0.760000,1.157066,0.461484,3.097064,1016.554394,14.191392,0.013960,43059200,43059200,861184,4378660,False
981,92,94.200000,1.293695,10.787572,8.231481,4.406884,22.865574,28.460807,38.051757,0.804348,1.239393,0.433196,3.097064,1016.151149,13.760684,0.013542,39614464,39614464,861184,4275960,False
982,94,94.200000,1.393413,10.769302,9.147896,8.251581,21.505492,24.817041,54.290434,0.840426,1.311978,0.362082,3.097064,1014.369757,14.129040,0.013929,40475648,40475648,861184,3564080,False
983,95,94.200000,1.323632,10.825328,8.646915,5.763545,20.480949,23.471471,53.465283,0.736842,1.159315,0.440805,3.097064,1019.672085,13.606042,0.013344,40906240,40906240,861184,3957460,False
984,84,94.200000,1.418417,10.797273,8.460057,4.363083,20.687424,29.218615,38.258559,0.773810,1.160968,0.438889,3.097064,1016.995453,12.675622,0.012464,36169728,36169728,861184,3405220,False
985,106,94.200000,1.374364,10.763192,8.876485,4.474809,25.158710,34.809139,69.388029,0.783019,1.203651,0.450095,3.097064,1013.785994,14.795792,0.014595,45642752,45642752,861184,4601740,False
986,98,94.200000,1.380619,10.773035,8.029839,5.664341,17.527291,22.130592,59.238841,0.836735,1.310477,0.381261,3.097064,1014.699684,14.433562,0.014224,42198016,42198016,861184,4433780,False
987,91,94.200000,1.420689,10.820994,7.333170,4.505526,14.199801,23.206271,59.565767,0.780220,1.223349,0.461454,3.097064,1019.253410,13.549759,0.013294,39183872,39183872,861184,4467840,False
988,109,94.200000,1.533627,10.777933,8.669390,6.294457,22.369162,25.534962,37.289455,0.871560,1.333080,0.378455,3.097064,1015.153433,15.742979,0.015508,46934528,46934528,861184,5155800,False
989,80,94.200000,1.719090,10.795472,9.455044,4.892851,21.009042,34.623057,83.783687,0.787500,1.215138,0.433901,3.097064,1016.867076,12.710919,0.012500,34447360,34447360,861184,3456700,False
990,99,94.200000,1.403564,10.778172,8.521270,5.241985,19.818153,27.690690,44.311445,0.838384,1.271852,0.399191,3.097064,1015.217540,14.502931,0.014286,42628608,42628608,861184,4335240,False
991,96,94.200000,1.421049,10.803445,7.495264,4.187234,20.574193,24.603553,43.608632,0.739583,1.171695,0.477931,3.097064,1017.615567,13.681034,0.013444,41336832,41336832,861184,4451980,False
992,95,94.200000,1.377123,10.758200,7.659876,4.208032,18.407842,23.922580,68.896685,0.789474,1.227378,0.447115,3.097064,1013.371170,13.878062,0.013695,40906240,40906240,861184,4274140,False
993,103,94.200000,1.391805,10.770038,9.079691,6.112553,21.128910,27.770685,45.775362,0.844660,1.306774,0.364383,3.097064,1014.470103,14.854309,0.014642,44350976,44350976,861184,4408040,False
994,95,94.200000,1.444558,10.834256,8.053262,5.448614,17.739253,20.933030,48.282192,0.831579,1.276901,0.387011,3.097064,1020.459815,14.165391,0.013881,40906240,40906240,861184,4119440,False
995,106,94.200000,1.484107,10.769419,8.760812,5.950594,19.660341,27.581800,47.584433,0.830189,1.256959,0.393331,3.097064,1014.325683,14.856699,0.014647,45642752,45642752,861184,4220840,False
996,85,94.200000,1.430002,10.752400,7.977108,6.108594,15.953859,21.650891,40.195499,0.823529,1.282843,0.394432,3.097064,1012.798233,13.075196,0.012910,36600320,36600320,861184,3436680,False
997,84,94.200000,1.666865,10.765256,10.266541,7.342413,20.101890,25.322992,73.095751,0.880952,1.337116,0.337381,3.097064,1014.028518,13.717657,0.013528,36169728,36169728,861184,3514940,False
998,88,94.200000,1.423864,10.769227,7.444580,5.213466,16.667728,20.048925,44.132041,0.852273,1.282605,0.413132,3.097064,1014.367747,13.717616,0.013523,37892096,37892096,861184,4056260,False
999,90,94.200000,1.301390,10.777998,6.915265,5.363947,14.583907,18.133838,33.421795,0.788889,1.212046,0.436871,3.097064,1015.120719,13.578152,0.013376,38753280,38753280,861184,3995160,False
1000,108,94.200000,1.618423,10.796692,9.274896,4.858699,24.491418,30.792710,62.686951,0.787037,1.209034,0.428098,3.097064,1017.042095,14.547471,0.014304,46503936,46503936,861184,4416880,False
