tag,unit,method,rank,level,seed,local_lr,server_lr,status,failure,rounds_run,D,bytes_per_client_round,total_bytes,wall_time_s,split_fingerprint,code_sha256,checkpoint,val_ndcg
full_nodp_lr1.25_slr1_seed42_ddc39e6180cb,full,full,64,nodp,42,1.25,1,ok,,50,107648,861184,3998477312,6.45146454591,6faed6fc3d47b5b6fa638adfeea83cd7409d50c39fa01f85c10379d0daef6989,99a3b422c9c0a5526d5ce813945e378b322824a4042db111023b2f5f30c48c9d,checkpoints/extensions/effective_noise_v1/full_nodp_lr1.25_slr1_seed42_ddc39e6180cb.npz,0.00281179651208
full_clip_lr1.25_slr1_seed42_cfb2c047849e,full,full,64,clip,42,1.25,1,ok,,50,107648,861184,3998477312,8.34711820632,6faed6fc3d47b5b6fa638adfeea83cd7409d50c39fa01f85c10379d0daef6989,99a3b422c9c0a5526d5ce813945e378b322824a4042db111023b2f5f30c48c9d,checkpoints/extensions/effective_noise_v1/full_clip_lr1.25_slr1_seed42_cfb2c047849e.npz,0.00279647285908
full_eps8_lr1.25_slr1_seed42_6c271782d282,full,full,64,eps8,42,1.25,1,ok,,50,107648,861184,3998477312,6.35643456038,6faed6fc3d47b5b6fa638adfeea83cd7409d50c39fa01f85c10379d0daef6989,99a3b422c9c0a5526d5ce813945e378b322824a4042db111023b2f5f30c48c9d,checkpoints/extensions/effective_noise_v1/full_eps8_lr1.25_slr1_seed42_6c271782d282.npz,0.00230086964534
full_eps4_lr1.25_slr1_seed42_7a10d84590e8,full,full,64,eps4,42,1.25,1,ok,,50,107648,861184,3998477312,11.5367489513,6faed6fc3d47b5b6fa638adfeea83cd7409d50c39fa01f85c10379d0daef6989,99a3b422c9c0a5526d5ce813945e378b322824a4042db111023b2f5f30c48c9d,checkpoints/extensions/effective_noise_v1/full_eps4_lr1.25_slr1_seed42_7a10d84590e8.npz,0.00282702184101
full_eps2_lr1.25_slr1_seed42_baa65fc7c3d8,full,full,64,eps2,42,1.25,1,ok,,50,107648,861184,3998477312,6.39272233192,6faed6fc3d47b5b6fa638adfeea83cd7409d50c39fa01f85c10379d0daef6989,99a3b422c9c0a5526d5ce813945e378b322824a4042db111023b2f5f30c48c9d,checkpoints/extensions/effective_noise_v1/full_eps2_lr1.25_slr1_seed42_baa65fc7c3d8.npz,0.00297871496513
full_eps1_lr1.25_slr1_seed42_e2b4ff16136b,full,full,64,eps1,42,1.25,1,ok,,50,107648,861184,3998477312,6.36348715797,6faed6fc3d47b5b6fa638adfeea83cd7409d50c39fa01f85c10379d0daef6989,99a3b422c9c0a5526d5ce813945e378b322824a4042db111023b2f5f30c48c9d,checkpoints/extensions/effective_noise_v1/full_eps1_lr1.25_slr1_seed42_e2b4ff16136b.npz,0.00422675253878
full_nodp_lr1.25_slr1_seed123_c9d93ddd0a7c,full,full,64,nodp,123,1.25,1,ok,,50,107648,861184,4036369408,6.12272231188,6faed6fc3d47b5b6fa638adfeea83cd7409d50c39fa01f85c10379d0daef6989,99a3b422c9c0a5526d5ce813945e378b322824a4042db111023b2f5f30c48c9d,checkpoints/extensions/effective_noise_v1/full_nodp_lr1.25_slr1_seed123_c9d93ddd0a7c.npz,0.00476916041283
full_clip_lr1.25_slr1_seed123_e1fed221a1c8,full,full,64,clip,123,1.25,1,ok,,50,107648,861184,4036369408,11.0053324644,6faed6fc3d47b5b6fa638adfeea83cd7409d50c39fa01f85c10379d0daef6989,99a3b422c9c0a5526d5ce813945e378b322824a4042db111023b2f5f30c48c9d,checkpoints/extensions/effective_noise_v1/full_clip_lr1.25_slr1_seed123_e1fed221a1c8.npz,0.00466582365621
full_eps8_lr1.25_slr1_seed123_00b17da0d1c8,full,full,64,eps8,123,1.25,1,ok,,50,107648,861184,4036369408,6.40637325123,6faed6fc3d47b5b6fa638adfeea83cd7409d50c39fa01f85c10379d0daef6989,99a3b422c9c0a5526d5ce813945e378b322824a4042db111023b2f5f30c48c9d,checkpoints/extensions/effective_noise_v1/full_eps8_lr1.25_slr1_seed123_00b17da0d1c8.npz,0.00458360779295
full_eps4_lr1.25_slr1_seed123_d337ba32cfae,full,full,64,eps4,123,1.25,1,ok,,50,107648,861184,4036369408,6.57632101793,6faed6fc3d47b5b6fa638adfeea83cd7409d50c39fa01f85c10379d0daef6989,99a3b422c9c0a5526d5ce813945e378b322824a4042db111023b2f5f30c48c9d,checkpoints/extensions/effective_noise_v1/full_eps4_lr1.25_slr1_seed123_d337ba32cfae.npz,0.00466668112766
full_eps2_lr1.25_slr1_seed123_89596cb20e83,full,full,64,eps2,123,1.25,1,ok,,50,107648,861184,4036369408,11.4818628049,6faed6fc3d47b5b6fa638adfeea83cd7409d50c39fa01f85c10379d0daef6989,99a3b422c9c0a5526d5ce813945e378b322824a4042db111023b2f5f30c48c9d,checkpoints/extensions/effective_noise_v1/full_eps2_lr1.25_slr1_seed123_89596cb20e83.npz,0.0039857541481
full_eps1_lr1.25_slr1_seed123_dfea4b06181f,full,full,64,eps1,123,1.25,1,ok,,50,107648,861184,4036369408,11.6146267485,6faed6fc3d47b5b6fa638adfeea83cd7409d50c39fa01f85c10379d0daef6989,99a3b422c9c0a5526d5ce813945e378b322824a4042db111023b2f5f30c48c9d,checkpoints/extensions/effective_noise_v1/full_eps1_lr1.25_slr1_seed123_dfea4b06181f.npz,0.00454678943033
full_nodp_lr1.25_slr1_seed2026_f890773c889a,full,full,64,nodp,2026,1.25,1,ok,,50,107648,861184,4073400320,6.07499094866,6faed6fc3d47b5b6fa638adfeea83cd7409d50c39fa01f85c10379d0daef6989,99a3b422c9c0a5526d5ce813945e378b322824a4042db111023b2f5f30c48c9d,checkpoints/extensions/effective_noise_v1/full_nodp_lr1.25_slr1_seed2026_f890773c889a.npz,0.00661697715477
full_clip_lr1.25_slr1_seed2026_9d34bde48efc,full,full,64,clip,2026,1.25,1,ok,,50,107648,861184,4073400320,5.7651896188,6faed6fc3d47b5b6fa638adfeea83cd7409d50c39fa01f85c10379d0daef6989,99a3b422c9c0a5526d5ce813945e378b322824a4042db111023b2f5f30c48c9d,checkpoints/extensions/effective_noise_v1/full_clip_lr1.25_slr1_seed2026_9d34bde48efc.npz,0.00661697715477
full_eps8_lr1.25_slr1_seed2026_c7875697ffdd,full,full,64,eps8,2026,1.25,1,ok,,50,107648,861184,4073400320,6.13426636998,6faed6fc3d47b5b6fa638adfeea83cd7409d50c39fa01f85c10379d0daef6989,99a3b422c9c0a5526d5ce813945e378b322824a4042db111023b2f5f30c48c9d,checkpoints/extensions/effective_noise_v1/full_eps8_lr1.25_slr1_seed2026_c7875697ffdd.npz,0.00403110542528
full_eps4_lr1.25_slr1_seed2026_ac18a0547e84,full,full,64,eps4,2026,1.25,1,ok,,50,107648,861184,4073400320,6.09921089653,6faed6fc3d47b5b6fa638adfeea83cd7409d50c39fa01f85c10379d0daef6989,99a3b422c9c0a5526d5ce813945e378b322824a4042db111023b2f5f30c48c9d,checkpoints/extensions/effective_noise_v1/full_eps4_lr1.25_slr1_seed2026_ac18a0547e84.npz,0.00451332654253
full_eps2_lr1.25_slr1_seed2026_3bad56090343,full,full,64,eps2,2026,1.25,1,ok,,50,107648,861184,4073400320,6.07505638711,6faed6fc3d47b5b6fa638adfeea83cd7409d50c39fa01f85c10379d0daef6989,99a3b422c9c0a5526d5ce813945e378b322824a4042db111023b2f5f30c48c9d,checkpoints/extensions/effective_noise_v1/full_eps2_lr1.25_slr1_seed2026_3bad56090343.npz,0.00494234562512
full_eps1_lr1.25_slr1_seed2026_a7b468c57945,full,full,64,eps1,2026,1.25,1,ok,,50,107648,861184,4073400320,6.06554940157,6faed6fc3d47b5b6fa638adfeea83cd7409d50c39fa01f85c10379d0daef6989,99a3b422c9c0a5526d5ce813945e378b322824a4042db111023b2f5f30c48c9d,checkpoints/extensions/effective_noise_v1/full_eps1_lr1.25_slr1_seed2026_a7b468c57945.npz,0.00475778814632
full_nodp_lr2.5_slr1_seed42_6e3229067bf3,full,full,64,nodp,42,2.5,1,ok,,50,107648,861184,3998477312,5.78744709305,6faed6fc3d47b5b6fa638adfeea83cd7409d50c39fa01f85c10379d0daef6989,99a3b422c9c0a5526d5ce813945e378b322824a4042db111023b2f5f30c48c9d,checkpoints/extensions/effective_noise_v1/full_nodp_lr2.5_slr1_seed42_6e3229067bf3.npz,0.0335568618667
full_clip_lr2.5_slr1_seed42_0a2ca3725a00,full,full,64,clip,42,2.5,1,ok,,50,107648,861184,3998477312,5.57340629492,6faed6fc3d47b5b6fa638adfeea83cd7409d50c39fa01f85c10379d0daef6989,99a3b422c9c0a5526d5ce813945e378b322824a4042db111023b2f5f30c48c9d,checkpoints/extensions/effective_noise_v1/full_clip_lr2.5_slr1_seed42_0a2ca3725a00.npz,0.0330611399206
full_eps8_lr2.5_slr1_seed42_41bb372aaaf4,full,full,64,eps8,42,2.5,1,ok,,50,107648,861184,3998477312,10.2493269509,6faed6fc3d47b5b6fa638adfeea83cd7409d50c39fa01f85c10379d0daef6989,99a3b422c9c0a5526d5ce813945e378b322824a4042db111023b2f5f30c48c9d,checkpoints/extensions/effective_noise_v1/full_eps8_lr2.5_slr1_seed42_41bb372aaaf4.npz,0.011454179753
full_eps4_lr2.5_slr1_seed42_74bb64280228,full,full,64,eps4,42,2.5,1,ok,,50,107648,861184,3998477312,10.3711742423,6faed6fc3d47b5b6fa638adfeea83cd7409d50c39fa01f85c10379d0daef6989,99a3b422c9c0a5526d5ce813945e378b322824a4042db111023b2f5f30c48c9d,checkpoints/extensions/effective_noise_v1/full_eps4_lr2.5_slr1_seed42_74bb64280228.npz,0.00827240307479
full_eps2_lr2.5_slr1_seed42_80c4c2834715,full,full,64,eps2,42,2.5,1,ok,,50,107648,861184,3998477312,10.5982682416,6faed6fc3d47b5b6fa638adfeea83cd7409d50c39fa01f85c10379d0daef6989,99a3b422c9c0a5526d5ce813945e378b322824a4042db111023b2f5f30c48c9d,checkpoints/extensions/effective_noise_v1/full_eps2_lr2.5_slr1_seed42_80c4c2834715.npz,0.00654872442298
full_eps1_lr2.5_slr1_seed42_79a6c82234c7,full,full,64,eps1,42,2.5,1,ok,,50,107648,861184,3998477312,10.6463264013,6faed6fc3d47b5b6fa638adfeea83cd7409d50c39fa01f85c10379d0daef6989,99a3b422c9c0a5526d5ce813945e378b322824a4042db111023b2f5f30c48c9d,checkpoints/extensions/effective_noise_v1/full_eps1_lr2.5_slr1_seed42_79a6c82234c7.npz,0.005361485255
full_nodp_lr2.5_slr1_seed123_eaf2ab3628ed,full,full,64,nodp,123,2.5,1,ok,,50,107648,861184,4036369408,5.74296618439,6faed6fc3d47b5b6fa638adfeea83cd7409d50c39fa01f85c10379d0daef6989,99a3b422c9c0a5526d5ce813945e378b322824a4042db111023b2f5f30c48c9d,checkpoints/extensions/effective_noise_v1/full_nodp_lr2.5_slr1_seed123_eaf2ab3628ed.npz,0.0341327220083
full_clip_lr2.5_slr1_seed123_b0a5d4fd8995,full,full,64,clip,123,2.5,1,ok,,50,107648,861184,4036369408,6.20751140639,6faed6fc3d47b5b6fa638adfeea83cd7409d50c39fa01f85c10379d0daef6989,99a3b422c9c0a5526d5ce813945e378b322824a4042db111023b2f5f30c48c9d,checkpoints/extensions/effective_noise_v1/full_clip_lr2.5_slr1_seed123_b0a5d4fd8995.npz,0.0327250162326
full_eps8_lr2.5_slr1_seed123_fe9387faca61,full,full,64,eps8,123,2.5,1,ok,,50,107648,861184,4036369408,6.44016619306,6faed6fc3d47b5b6fa638adfeea83cd7409d50c39fa01f85c10379d0daef6989,99a3b422c9c0a5526d5ce813945e378b322824a4042db111023b2f5f30c48c9d,checkpoints/extensions/effective_noise_v1/full_eps8_lr2.5_slr1_seed123_fe9387faca61.npz,0.0172389493685
full_eps4_lr2.5_slr1_seed123_1493cf8e6f06,full,full,64,eps4,123,2.5,1,ok,,50,107648,861184,4036369408,6.17208970431,6faed6fc3d47b5b6fa638adfeea83cd7409d50c39fa01f85c10379d0daef6989,99a3b422c9c0a5526d5ce813945e378b322824a4042db111023b2f5f30c48c9d,checkpoints/extensions/effective_noise_v1/full_eps4_lr2.5_slr1_seed123_1493cf8e6f06.npz,0.011837396456
full_eps2_lr2.5_slr1_seed123_02512a6aaf1b,full,full,64,eps2,123,2.5,1,ok,,50,107648,861184,4036369408,6.21419577859,6faed6fc3d47b5b6fa638adfeea83cd7409d50c39fa01f85c10379d0daef6989,99a3b422c9c0a5526d5ce813945e378b322824a4042db111023b2f5f30c48c9d,checkpoints/extensions/effective_noise_v1/full_eps2_lr2.5_slr1_seed123_02512a6aaf1b.npz,0.00911898463278
full_eps1_lr2.5_slr1_seed123_e65aee6c1542,full,full,64,eps1,123,2.5,1,ok,,50,107648,861184,4036369408,6.21972998418,6faed6fc3d47b5b6fa638adfeea83cd7409d50c39fa01f85c10379d0daef6989,99a3b422c9c0a5526d5ce813945e378b322824a4042db111023b2f5f30c48c9d,checkpoints/extensions/effective_noise_v1/full_eps1_lr2.5_slr1_seed123_e65aee6c1542.npz,0.00585964712775
full_nodp_lr2.5_slr1_seed2026_81d85462aed9,full,full,64,nodp,2026,2.5,1,ok,,50,107648,861184,4073400320,6.12040343042,6faed6fc3d47b5b6fa638adfeea83cd7409d50c39fa01f85c10379d0daef6989,99a3b422c9c0a5526d5ce813945e378b322824a4042db111023b2f5f30c48c9d,checkpoints/extensions/effective_noise_v1/full_nodp_lr2.5_slr1_seed2026_81d85462aed9.npz,0.0390935499436
full_clip_lr2.5_slr1_seed2026_4e14ae57967e,full,full,64,clip,2026,2.5,1,ok,,50,107648,861184,4073400320,5.95305393264,6faed6fc3d47b5b6fa638adfeea83cd7409d50c39fa01f85c10379d0daef6989,99a3b422c9c0a5526d5ce813945e378b322824a4042db111023b2f5f30c48c9d,checkpoints/extensions/effective_noise_v1/full_clip_lr2.5_slr1_seed2026_4e14ae57967e.npz,0.0397940222971
full_eps8_lr2.5_slr1_seed2026_e86a0e3cd96e,full,full,64,eps8,2026,2.5,1,ok,,50,107648,861184,4073400320,5.73515782505,6faed6fc3d47b5b6fa638adfeea83cd7409d50c39fa01f85c10379d0daef6989,99a3b422c9c0a5526d5ce813945e378b322824a4042db111023b2f5f30c48c9d,checkpoints/extensions/effective_noise_v1/full_eps8_lr2.5_slr1_seed2026_e86a0e3cd96e.npz,0.0165387692228
full_eps4_lr2.5_slr1_seed2026_184b2a8db77d,full,full,64,eps4,2026,2.5,1,ok,,50,107648,861184,4073400320,6.03589518275,6faed6fc3d47b5b6fa638adfeea83cd7409d50c39fa01f85c10379d0daef6989,99a3b422c9c0a5526d5ce813945e378b322824a4042db111023b2f5f30c48c9d,checkpoints/extensions/effective_noise_v1/full_eps4_lr2.5_slr1_seed2026_184b2a8db77d.npz,0.0119003962583
full_eps2_lr2.5_slr1_seed2026_74b94f10e7b9,full,full,64,eps2,2026,2.5,1,ok,,50,107648,861184,4073400320,6.13593904488,6faed6fc3d47b5b6fa638adfeea83cd7409d50c39fa01f85c10379d0daef6989,99a3b422c9c0a5526d5ce813945e378b322824a4042db111023b2f5f30c48c9d,checkpoints/extensions/effective_noise_v1/full_eps2_lr2.5_slr1_seed2026_74b94f10e7b9.npz,0.00959521997959
full_eps1_lr2.5_slr1_seed2026_55705d84bfff,full,full,64,eps1,2026,2.5,1,ok,,50,107648,861184,4073400320,6.19052492641,6faed6fc3d47b5b6fa638adfeea83cd7409d50c39fa01f85c10379d0daef6989,99a3b422c9c0a5526d5ce813945e378b322824a4042db111023b2f5f30c48c9d,checkpoints/extensions/effective_noise_v1/full_eps1_lr2.5_slr1_seed2026_55705d84bfff.npz,0.00715239608437
full_nodp_lr5_slr0.5_seed42_b6d71196b887,full,full,64,nodp,42,5,0.5,ok,,50,107648,861184,3998477312,5.62264222559,6faed6fc3d47b5b6fa638adfeea83cd7409d50c39fa01f85c10379d0daef6989,99a3b422c9c0a5526d5ce813945e378b322824a4042db111023b2f5f30c48c9d,checkpoints/extensions/effective_noise_v1/full_nodp_lr5_slr0.5_seed42_b6d71196b887.npz,0.0447325748839
full_clip_lr5_slr0.5_seed42_538d4f23c682,full,full,64,clip,42,5,0.5,ok,,50,107648,861184,3998477312,5.75734789111,6faed6fc3d47b5b6fa638adfeea83cd7409d50c39fa01f85c10379d0daef6989,99a3b422c9c0a5526d5ce813945e378b322824a4042db111023b2f5f30c48c9d,checkpoints/extensions/effective_noise_v1/full_clip_lr5_slr0.5_seed42_538d4f23c682.npz,0.0447308199522
full_eps8_lr5_slr0.5_seed42_03f5d059af4f,full,full,64,eps8,42,5,0.5,ok,,50,107648,861184,3998477312,6.07282922044,6faed6fc3d47b5b6fa638adfeea83cd7409d50c39fa01f85c10379d0daef6989,99a3b422c9c0a5526d5ce813945e378b322824a4042db111023b2f5f30c48c9d,checkpoints/extensions/effective_noise_v1/full_eps8_lr5_slr0.5_seed42_03f5d059af4f.npz,0.0305557674106
full_eps4_lr5_slr0.5_seed42_17dbbef1244e,full,full,64,eps4,42,5,0.5,ok,,50,107648,861184,3998477312,3.66577256471,6faed6fc3d47b5b6fa638adfeea83cd7409d50c39fa01f85c10379d0daef6989,99a3b422c9c0a5526d5ce813945e378b322824a4042db111023b2f5f30c48c9d,checkpoints/extensions/effective_noise_v1/full_eps4_lr5_slr0.5_seed42_17dbbef1244e.npz,0.0212865518195
full_eps2_lr5_slr0.5_seed42_427b14d0dd35,full,full,64,eps2,42,5,0.5,ok,,50,107648,861184,3998477312,5.8877571309,6faed6fc3d47b5b6fa638adfeea83cd7409d50c39fa01f85c10379d0daef6989,99a3b422c9c0a5526d5ce813945e378b322824a4042db111023b2f5f30c48c9d,checkpoints/extensions/effective_noise_v1/full_eps2_lr5_slr0.5_seed42_427b14d0dd35.npz,0.0120302628151
full_eps1_lr5_slr0.5_seed42_c5506a3640e0,full,full,64,eps1,42,5,0.5,ok,,50,107648,861184,3998477312,11.0018168027,6faed6fc3d47b5b6fa638adfeea83cd7409d50c39fa01f85c10379d0daef6989,99a3b422c9c0a5526d5ce813945e378b322824a4042db111023b2f5f30c48c9d,checkpoints/extensions/effective_noise_v1/full_eps1_lr5_slr0.5_seed42_c5506a3640e0.npz,0.00721687459781
full_nodp_lr5_slr0.5_seed123_47c121688d2b,full,full,64,nodp,123,5,0.5,ok,,50,107648,861184,4036369408,10.8412195891,6faed6fc3d47b5b6fa638adfeea83cd7409d50c39fa01f85c10379d0daef6989,99a3b422c9c0a5526d5ce813945e378b322824a4042db111023b2f5f30c48c9d,checkpoints/extensions/effective_noise_v1/full_nodp_lr5_slr0.5_seed123_47c121688d2b.npz,0.0575147902631
full_clip_lr5_slr0.5_seed123_34f2deb53038,full,full,64,clip,123,5,0.5,ok,,50,107648,861184,4036369408,11.4426765805,6faed6fc3d47b5b6fa638adfeea83cd7409d50c39fa01f85c10379d0daef6989,99a3b422c9c0a5526d5ce813945e378b322824a4042db111023b2f5f30c48c9d,checkpoints/extensions/effective_noise_v1/full_clip_lr5_slr0.5_seed123_34f2deb53038.npz,0.0581678500265
full_eps8_lr5_slr0.5_seed123_c97cf8679d86,full,full,64,eps8,123,5,0.5,ok,,50,107648,861184,4036369408,11.5104201352,6faed6fc3d47b5b6fa638adfeea83cd7409d50c39fa01f85c10379d0daef6989,99a3b422c9c0a5526d5ce813945e378b322824a4042db111023b2f5f30c48c9d,checkpoints/extensions/effective_noise_v1/full_eps8_lr5_slr0.5_seed123_c97cf8679d86.npz,0.0407402516446
full_eps4_lr5_slr0.5_seed123_0caab15fc273,full,full,64,eps4,123,5,0.5,ok,,50,107648,861184,4036369408,5.8378072409,6faed6fc3d47b5b6fa638adfeea83cd7409d50c39fa01f85c10379d0daef6989,99a3b422c9c0a5526d5ce813945e378b322824a4042db111023b2f5f30c48c9d,checkpoints/extensions/effective_noise_v1/full_eps4_lr5_slr0.5_seed123_0caab15fc273.npz,0.0313213901025
full_eps2_lr5_slr0.5_seed123_8a0c616c405b,full,full,64,eps2,123,5,0.5,ok,,50,107648,861184,4036369408,6.24704748113,6faed6fc3d47b5b6fa638adfeea83cd7409d50c39fa01f85c10379d0daef6989,99a3b422c9c0a5526d5ce813945e378b322824a4042db111023b2f5f30c48c9d,checkpoints/extensions/effective_noise_v1/full_eps2_lr5_slr0.5_seed123_8a0c616c405b.npz,0.0201189029097
full_eps1_lr5_slr0.5_seed123_c574ccc68832,full,full,64,eps1,123,5,0.5,ok,,50,107648,861184,4036369408,6.3281645216,6faed6fc3d47b5b6fa638adfeea83cd7409d50c39fa01f85c10379d0daef6989,99a3b422c9c0a5526d5ce813945e378b322824a4042db111023b2f5f30c48c9d,checkpoints/extensions/effective_noise_v1/full_eps1_lr5_slr0.5_seed123_c574ccc68832.npz,0.0113608602038
full_nodp_lr5_slr0.5_seed2026_556501791a90,full,full,64,nodp,2026,5,0.5,ok,,50,107648,861184,4073400320,5.94962815195,6faed6fc3d47b5b6fa638adfeea83cd7409d50c39fa01f85c10379d0daef6989,99a3b422c9c0a5526d5ce813945e378b322824a4042db111023b2f5f30c48c9d,checkpoints/extensions/effective_noise_v1/full_nodp_lr5_slr0.5_seed2026_556501791a90.npz,0.0539886177942
full_clip_lr5_slr0.5_seed2026_b91d2363a33e,full,full,64,clip,2026,5,0.5,ok,,50,107648,861184,4073400320,6.04332588706,6faed6fc3d47b5b6fa638adfeea83cd7409d50c39fa01f85c10379d0daef6989,99a3b422c9c0a5526d5ce813945e378b322824a4042db111023b2f5f30c48c9d,checkpoints/extensions/effective_noise_v1/full_clip_lr5_slr0.5_seed2026_b91d2363a33e.npz,0.054608286518
full_eps8_lr5_slr0.5_seed2026_cd21f0eaccae,full,full,64,eps8,2026,5,0.5,ok,,50,107648,861184,4073400320,6.20493130665,6faed6fc3d47b5b6fa638adfeea83cd7409d50c39fa01f85c10379d0daef6989,99a3b422c9c0a5526d5ce813945e378b322824a4042db111023b2f5f30c48c9d,checkpoints/extensions/effective_noise_v1/full_eps8_lr5_slr0.5_seed2026_cd21f0eaccae.npz,0.0353648040336
full_eps4_lr5_slr0.5_seed2026_95bc5834a108,full,full,64,eps4,2026,5,0.5,ok,,50,107648,861184,4073400320,6.49507058691,6faed6fc3d47b5b6fa638adfeea83cd7409d50c39fa01f85c10379d0daef6989,99a3b422c9c0a5526d5ce813945e378b322824a4042db111023b2f5f30c48c9d,checkpoints/extensions/effective_noise_v1/full_eps4_lr5_slr0.5_seed2026_95bc5834a108.npz,0.0275898144455
full_eps2_lr5_slr0.5_seed2026_ab6357191da1,full,full,64,eps2,2026,5,0.5,ok,,50,107648,861184,4073400320,6.1881266525,6faed6fc3d47b5b6fa638adfeea83cd7409d50c39fa01f85c10379d0daef6989,99a3b422c9c0a5526d5ce813945e378b322824a4042db111023b2f5f30c48c9d,checkpoints/extensions/effective_noise_v1/full_eps2_lr5_slr0.5_seed2026_ab6357191da1.npz,0.0160468066184
full_eps1_lr5_slr0.5_seed2026_892146c464bf,full,full,64,eps1,2026,5,0.5,ok,,50,107648,861184,4073400320,6.03540792223,6faed6fc3d47b5b6fa638adfeea83cd7409d50c39fa01f85c10379d0daef6989,99a3b422c9c0a5526d5ce813945e378b322824a4042db111023b2f5f30c48c9d,checkpoints/extensions/effective_noise_v1/full_eps1_lr5_slr0.5_seed2026_892146c464bf.npz,0.0099273182493
full_nodp_lr5_slr1_seed42_d532bfec2c1d,full,full,64,nodp,42,5,1,ok,,50,107648,861184,3998477312,5.54034418892,6faed6fc3d47b5b6fa638adfeea83cd7409d50c39fa01f85c10379d0daef6989,99a3b422c9c0a5526d5ce813945e378b322824a4042db111023b2f5f30c48c9d,checkpoints/extensions/effective_noise_v1/full_nodp_lr5_slr1_seed42_d532bfec2c1d.npz,0.0495546836616
full_clip_lr5_slr1_seed42_4e423b440604,full,full,64,clip,42,5,1,ok,,50,107648,861184,3998477312,5.7547269417,6faed6fc3d47b5b6fa638adfeea83cd7409d50c39fa01f85c10379d0daef6989,99a3b422c9c0a5526d5ce813945e378b322824a4042db111023b2f5f30c48c9d,checkpoints/extensions/effective_noise_v1/full_clip_lr5_slr1_seed42_4e423b440604.npz,0.0518928635991
full_eps8_lr5_slr1_seed42_242a7b11256b,full,full,64,eps8,42,5,1,ok,,50,107648,861184,3998477312,5.79860787094,6faed6fc3d47b5b6fa638adfeea83cd7409d50c39fa01f85c10379d0daef6989,99a3b422c9c0a5526d5ce813945e378b322824a4042db111023b2f5f30c48c9d,checkpoints/extensions/effective_noise_v1/full_eps8_lr5_slr1_seed42_242a7b11256b.npz,0.0451210932525
full_eps4_lr5_slr1_seed42_bf6815777030,full,full,64,eps4,42,5,1,ok,,50,107648,861184,3998477312,5.97692568786,6faed6fc3d47b5b6fa638adfeea83cd7409d50c39fa01f85c10379d0daef6989,99a3b422c9c0a5526d5ce813945e378b322824a4042db111023b2f5f30c48c9d,checkpoints/extensions/effective_noise_v1/full_eps4_lr5_slr1_seed42_bf6815777030.npz,0.0344368308227
full_eps2_lr5_slr1_seed42_27c63a7a80da,full,full,64,eps2,42,5,1,ok,,50,107648,861184,3998477312,6.00416004751,6faed6fc3d47b5b6fa638adfeea83cd7409d50c39fa01f85c10379d0daef6989,99a3b422c9c0a5526d5ce813945e378b322824a4042db111023b2f5f30c48c9d,checkpoints/extensions/effective_noise_v1/full_eps2_lr5_slr1_seed42_27c63a7a80da.npz,0.0178072964932
full_eps1_lr5_slr1_seed42_71c978338130,full,full,64,eps1,42,5,1,ok,,50,107648,861184,3998477312,6.16626830865,6faed6fc3d47b5b6fa638adfeea83cd7409d50c39fa01f85c10379d0daef6989,99a3b422c9c0a5526d5ce813945e378b322824a4042db111023b2f5f30c48c9d,checkpoints/extensions/effective_noise_v1/full_eps1_lr5_slr1_seed42_71c978338130.npz,0.00670236586224
full_nodp_lr5_slr1_seed123_938012da16a2,full,full,64,nodp,123,5,1,ok,,50,107648,861184,4036369408,10.5329205925,6faed6fc3d47b5b6fa638adfeea83cd7409d50c39fa01f85c10379d0daef6989,99a3b422c9c0a5526d5ce813945e378b322824a4042db111023b2f5f30c48c9d,checkpoints/extensions/effective_noise_v1/full_nodp_lr5_slr1_seed123_938012da16a2.npz,0.0547463898015
full_clip_lr5_slr1_seed123_1df863bbdba6,full,full,64,clip,123,5,1,ok,,50,107648,861184,4036369408,6.04748206306,6faed6fc3d47b5b6fa638adfeea83cd7409d50c39fa01f85c10379d0daef6989,99a3b422c9c0a5526d5ce813945e378b322824a4042db111023b2f5f30c48c9d,checkpoints/extensions/effective_noise_v1/full_clip_lr5_slr1_seed123_1df863bbdba6.npz,0.057222173958
full_eps8_lr5_slr1_seed123_6b13e768702b,full,full,64,eps8,123,5,1,ok,,50,107648,861184,4036369408,10.8692482701,6faed6fc3d47b5b6fa638adfeea83cd7409d50c39fa01f85c10379d0daef6989,99a3b422c9c0a5526d5ce813945e378b322824a4042db111023b2f5f30c48c9d,checkpoints/extensions/effective_noise_v1/full_eps8_lr5_slr1_seed123_6b13e768702b.npz,0.0490897536372
full_eps4_lr5_slr1_seed123_77c78593b5a3,full,full,64,eps4,123,5,1,ok,,50,107648,861184,4036369408,10.8257792015,6faed6fc3d47b5b6fa638adfeea83cd7409d50c39fa01f85c10379d0daef6989,99a3b422c9c0a5526d5ce813945e378b322824a4042db111023b2f5f30c48c9d,checkpoints/extensions/effective_noise_v1/full_eps4_lr5_slr1_seed123_77c78593b5a3.npz,0.0436051823961
full_eps2_lr5_slr1_seed123_6b28693f9b9e,full,full,64,eps2,123,5,1,ok,,50,107648,861184,4036369408,10.7415393759,6faed6fc3d47b5b6fa638adfeea83cd7409d50c39fa01f85c10379d0daef6989,99a3b422c9c0a5526d5ce813945e378b322824a4042db111023b2f5f30c48c9d,checkpoints/extensions/effective_noise_v1/full_eps2_lr5_slr1_seed123_6b28693f9b9e.npz,0.0287643449424
full_eps1_lr5_slr1_seed123_901e4e904411,full,full,64,eps1,123,5,1,ok,,50,107648,861184,4036369408,5.88145191781,6faed6fc3d47b5b6fa638adfeea83cd7409d50c39fa01f85c10379d0daef6989,99a3b422c9c0a5526d5ce813945e378b322824a4042db111023b2f5f30c48c9d,checkpoints/extensions/effective_noise_v1/full_eps1_lr5_slr1_seed123_901e4e904411.npz,0.014148402562
full_nodp_lr5_slr1_seed2026_204b76694927,full,full,64,nodp,2026,5,1,ok,,50,107648,861184,4073400320,5.74483155273,6faed6fc3d47b5b6fa638adfeea83cd7409d50c39fa01f85c10379d0daef6989,99a3b422c9c0a5526d5ce813945e378b322824a4042db111023b2f5f30c48c9d,checkpoints/extensions/effective_noise_v1/full_nodp_lr5_slr1_seed2026_204b76694927.npz,0.0563168455637
full_clip_lr5_slr1_seed2026_4c5cea51f801,full,full,64,clip,2026,5,1,ok,,50,107648,861184,4073400320,6.00565419905,6faed6fc3d47b5b6fa638adfeea83cd7409d50c39fa01f85c10379d0daef6989,99a3b422c9c0a5526d5ce813945e378b322824a4042db111023b2f5f30c48c9d,checkpoints/extensions/effective_noise_v1/full_clip_lr5_slr1_seed2026_4c5cea51f801.npz,0.0581233285151
full_eps8_lr5_slr1_seed2026_da91220ba216,full,full,64,eps8,2026,5,1,ok,,50,107648,861184,4073400320,6.0514880605,6faed6fc3d47b5b6fa638adfeea83cd7409d50c39fa01f85c10379d0daef6989,99a3b422c9c0a5526d5ce813945e378b322824a4042db111023b2f5f30c48c9d,checkpoints/extensions/effective_noise_v1/full_eps8_lr5_slr1_seed2026_da91220ba216.npz,0.0497982138374
full_eps4_lr5_slr1_seed2026_5495a473fc61,full,full,64,eps4,2026,5,1,ok,,50,107648,861184,4073400320,6.08339237515,6faed6fc3d47b5b6fa638adfeea83cd7409d50c39fa01f85c10379d0daef6989,99a3b422c9c0a5526d5ce813945e378b322824a4042db111023b2f5f30c48c9d,checkpoints/extensions/effective_noise_v1/full_eps4_lr5_slr1_seed2026_5495a473fc61.npz,0.0406148259864
full_eps2_lr5_slr1_seed2026_21a65c163f7d,full,full,64,eps2,2026,5,1,ok,,50,107648,861184,4073400320,6.08721772395,6faed6fc3d47b5b6fa638adfeea83cd7409d50c39fa01f85c10379d0daef6989,99a3b422c9c0a5526d5ce813945e378b322824a4042db111023b2f5f30c48c9d,checkpoints/extensions/effective_noise_v1/full_eps2_lr5_slr1_seed2026_21a65c163f7d.npz,0.0212371842779
full_eps1_lr5_slr1_seed2026_43d7651b51a6,full,full,64,eps1,2026,5,1,ok,,50,107648,861184,4073400320,5.96739412006,6faed6fc3d47b5b6fa638adfeea83cd7409d50c39fa01f85c10379d0daef6989,99a3b422c9c0a5526d5ce813945e378b322824a4042db111023b2f5f30c48c9d,checkpoints/extensions/effective_noise_v1/full_eps1_lr5_slr1_seed2026_43d7651b51a6.npz,0.01014195052
two_r4_nodp_lr1.25_slr1_seed42_be9b06a1757c,two_r4,two,4,nodp,42,1.25,1,ok,,50,6984,55872,259413696,2.61408298183,6faed6fc3d47b5b6fa638adfeea83cd7409d50c39fa01f85c10379d0daef6989,99a3b422c9c0a5526d5ce813945e378b322824a4042db111023b2f5f30c48c9d,checkpoints/extensions/effective_noise_v1/two_r4_nodp_lr1.25_slr1_seed42_be9b06a1757c.npz,0.0052995976065
two_r4_clip_lr1.25_slr1_seed42_47397e043099,two_r4,two,4,clip,42,1.25,1,ok,,50,6984,55872,259413696,2.32970532402,6faed6fc3d47b5b6fa638adfeea83cd7409d50c39fa01f85c10379d0daef6989,99a3b422c9c0a5526d5ce813945e378b322824a4042db111023b2f5f30c48c9d,checkpoints/extensions/effective_noise_v1/two_r4_clip_lr1.25_slr1_seed42_47397e043099.npz,0.00530586436574
two_r4_eps8_lr1.25_slr1_seed42_b19a536ea0f3,two_r4,two,4,eps8,42,1.25,1,ok,,50,6984,55872,259413696,2.32749674749,6faed6fc3d47b5b6fa638adfeea83cd7409d50c39fa01f85c10379d0daef6989,99a3b422c9c0a5526d5ce813945e378b322824a4042db111023b2f5f30c48c9d,checkpoints/extensions/effective_noise_v1/two_r4_eps8_lr1.25_slr1_seed42_b19a536ea0f3.npz,0.00522971685978
two_r4_eps4_lr1.25_slr1_seed42_11f8faeb13a2,two_r4,two,4,eps4,42,1.25,1,ok,,50,6984,55872,259413696,2.21898778435,6faed6fc3d47b5b6fa638adfeea83cd7409d50c39fa01f85c10379d0daef6989,99a3b422c9c0a5526d5ce813945e378b322824a4042db111023b2f5f30c48c9d,checkpoints/extensions/effective_noise_v1/two_r4_eps4_lr1.25_slr1_seed42_11f8faeb13a2.npz,0.00546516100049
two_r4_eps2_lr1.25_slr1_seed42_3ee6d076f63a,two_r4,two,4,eps2,42,1.25,1,ok,,50,6984,55872,259413696,2.07801442686,6faed6fc3d47b5b6fa638adfeea83cd7409d50c39fa01f85c10379d0daef6989,99a3b422c9c0a5526d5ce813945e378b322824a4042db111023b2f5f30c48c9d,checkpoints/extensions/effective_noise_v1/two_r4_eps2_lr1.25_slr1_seed42_3ee6d076f63a.npz,0.00762065398503
two_r4_eps1_lr1.25_slr1_seed42_3342a75af5ef,two_r4,two,4,eps1,42,1.25,1,ok,,50,6984,55872,259413696,2.09684445336,6faed6fc3d47b5b6fa638adfeea83cd7409d50c39fa01f85c10379d0daef6989,99a3b422c9c0a5526d5ce813945e378b322824a4042db111023b2f5f30c48c9d,checkpoints/extensions/effective_noise_v1/two_r4_eps1_lr1.25_slr1_seed42_3342a75af5ef.npz,0.00749542694794
two_r4_nodp_lr1.25_slr1_seed123_3d6d5d6bde9e,two_r4,two,4,nodp,123,1.25,1,ok,,50,6984,55872,261872064,3.38739924598,6faed6fc3d47b5b6fa638adfeea83cd7409d50c39fa01f85c10379d0daef6989,99a3b422c9c0a5526d5ce813945e378b322824a4042db111023b2f5f30c48c9d,checkpoints/extensions/effective_noise_v1/two_r4_nodp_lr1.25_slr1_seed123_3d6d5d6bde9e.npz,0.00400320366535
two_r4_clip_lr1.25_slr1_seed123_0cbb52b5196e,two_r4,two,4,clip,123,1.25,1,ok,,50,6984,55872,261872064,2.05718246009,6faed6fc3d47b5b6fa638adfeea83cd7409d50c39fa01f85c10379d0daef6989,99a3b422c9c0a5526d5ce813945e378b322824a4042db111023b2f5f30c48c9d,checkpoints/extensions/effective_noise_v1/two_r4_clip_lr1.25_slr1_seed123_0cbb52b5196e.npz,0.00410966240574
two_r4_eps8_lr1.25_slr1_seed123_5bb5bb5f1324,two_r4,two,4,eps8,123,1.25,1,ok,,50,6984,55872,261872064,2.06816803012,6faed6fc3d47b5b6fa638adfeea83cd7409d50c39fa01f85c10379d0daef6989,99a3b422c9c0a5526d5ce813945e378b322824a4042db111023b2f5f30c48c9d,checkpoints/extensions/effective_noise_v1/two_r4_eps8_lr1.25_slr1_seed123_5bb5bb5f1324.npz,0.00637099702817
two_r4_eps4_lr1.25_slr1_seed123_2342d4a8cc01,two_r4,two,4,eps4,123,1.25,1,ok,,50,6984,55872,261872064,3.42373429891,6faed6fc3d47b5b6fa638adfeea83cd7409d50c39fa01f85c10379d0daef6989,99a3b422c9c0a5526d5ce813945e378b322824a4042db111023b2f5f30c48c9d,checkpoints/extensions/effective_noise_v1/two_r4_eps4_lr1.25_slr1_seed123_2342d4a8cc01.npz,0.00781568141673
two_r4_eps2_lr1.25_slr1_seed123_c791a546a3b7,two_r4,two,4,eps2,123,1.25,1,ok,,50,6984,55872,261872064,2.046135718,6faed6fc3d47b5b6fa638adfeea83cd7409d50c39fa01f85c10379d0daef6989,99a3b422c9c0a5526d5ce813945e378b322824a4042db111023b2f5f30c48c9d,checkpoints/extensions/effective_noise_v1/two_r4_eps2_lr1.25_slr1_seed123_c791a546a3b7.npz,0.0048149161543
two_r4_eps1_lr1.25_slr1_seed123_809aa0dfc521,two_r4,two,4,eps1,123,1.25,1,ok,,50,6984,55872,261872064,2.02022908907,6faed6fc3d47b5b6fa638adfeea83cd7409d50c39fa01f85c10379d0daef6989,99a3b422c9c0a5526d5ce813945e378b322824a4042db111023b2f5f30c48c9d,checkpoints/extensions/effective_noise_v1/two_r4_eps1_lr1.25_slr1_seed123_809aa0dfc521.npz,0.00703552792748
two_r4_nodp_lr1.25_slr1_seed2026_e89e58c53c3a,two_r4,two,4,nodp,2026,1.25,1,ok,,50,6984,55872,264274560,2.00091519486,6faed6fc3d47b5b6fa638adfeea83cd7409d50c39fa01f85c10379d0daef6989,99a3b422c9c0a5526d5ce813945e378b322824a4042db111023b2f5f30c48c9d,checkpoints/extensions/effective_noise_v1/two_r4_nodp_lr1.25_slr1_seed2026_e89e58c53c3a.npz,0.00709274200429
two_r4_clip_lr1.25_slr1_seed2026_7688c549181a,two_r4,two,4,clip,2026,1.25,1,ok,,50,6984,55872,264274560,3.45719957259,6faed6fc3d47b5b6fa638adfeea83cd7409d50c39fa01f85c10379d0daef6989,99a3b422c9c0a5526d5ce813945e378b322824a4042db111023b2f5f30c48c9d,checkpoints/extensions/effective_noise_v1/two_r4_clip_lr1.25_slr1_seed2026_7688c549181a.npz,0.00709274200429
two_r4_eps8_lr1.25_slr1_seed2026_3c127488510a,two_r4,two,4,eps8,2026,1.25,1,ok,,50,6984,55872,264274560,3.41790717188,6faed6fc3d47b5b6fa638adfeea83cd7409d50c39fa01f85c10379d0daef6989,99a3b422c9c0a5526d5ce813945e378b322824a4042db111023b2f5f30c48c9d,checkpoints/extensions/effective_noise_v1/two_r4_eps8_lr1.25_slr1_seed2026_3c127488510a.npz,0.00979485782513
two_r4_eps4_lr1.25_slr1_seed2026_b3aef195e79c,two_r4,two,4,eps4,2026,1.25,1,ok,,50,6984,55872,264274560,2.00594606064,6faed6fc3d47b5b6fa638adfeea83cd7409d50c39fa01f85c10379d0daef6989,99a3b422c9c0a5526d5ce813945e378b322824a4042db111023b2f5f30c48c9d,checkpoints/extensions/effective_noise_v1/two_r4_eps4_lr1.25_slr1_seed2026_b3aef195e79c.npz,0.0115921966339
two_r4_eps2_lr1.25_slr1_seed2026_863901a7204d,two_r4,two,4,eps2,2026,1.25,1,ok,,50,6984,55872,264274560,1.99100444,6faed6fc3d47b5b6fa638adfeea83cd7409d50c39fa01f85c10379d0daef6989,99a3b422c9c0a5526d5ce813945e378b322824a4042db111023b2f5f30c48c9d,checkpoints/extensions/effective_noise_v1/two_r4_eps2_lr1.25_slr1_seed2026_863901a7204d.npz,0.0156484391319
two_r4_eps1_lr1.25_slr1_seed2026_63af38856b2a,two_r4,two,4,eps1,2026,1.25,1,ok,,50,6984,55872,264274560,2.01329082064,6faed6fc3d47b5b6fa638adfeea83cd7409d50c39fa01f85c10379d0daef6989,99a3b422c9c0a5526d5ce813945e378b322824a4042db111023b2f5f30c48c9d,checkpoints/extensions/effective_noise_v1/two_r4_eps1_lr1.25_slr1_seed2026_63af38856b2a.npz,0.00556308584788
two_r4_nodp_lr2.5_slr1_seed42_f7c5d9c48a7e,two_r4,two,4,nodp,42,2.5,1,ok,,50,6984,55872,259413696,1.96602713782,6faed6fc3d47b5b6fa638adfeea83cd7409d50c39fa01f85c10379d0daef6989,99a3b422c9c0a5526d5ce813945e378b322824a4042db111023b2f5f30c48c9d,checkpoints/extensions/effective_noise_v1/two_r4_nodp_lr2.5_slr1_seed42_f7c5d9c48a7e.npz,0.0358943626071
two_r4_clip_lr2.5_slr1_seed42_1cc299288cbb,two_r4,two,4,clip,42,2.5,1,ok,,50,6984,55872,259413696,1.9920037007,6faed6fc3d47b5b6fa638adfeea83cd7409d50c39fa01f85c10379d0daef6989,99a3b422c9c0a5526d5ce813945e378b322824a4042db111023b2f5f30c48c9d,checkpoints/extensions/effective_noise_v1/two_r4_clip_lr2.5_slr1_seed42_1cc299288cbb.npz,0.0309427554909
two_r4_eps8_lr2.5_slr1_seed42_f633444a3fef,two_r4,two,4,eps8,42,2.5,1,ok,,50,6984,55872,259413696,1.99897577241,6faed6fc3d47b5b6fa638adfeea83cd7409d50c39fa01f85c10379d0daef6989,99a3b422c9c0a5526d5ce813945e378b322824a4042db111023b2f5f30c48c9d,checkpoints/extensions/effective_noise_v1/two_r4_eps8_lr2.5_slr1_seed42_f633444a3fef.npz,0.0204553358815
two_r4_eps4_lr2.5_slr1_seed42_bde1f2adf355,two_r4,two,4,eps4,42,2.5,1,ok,,50,6984,55872,259413696,1.99659666419,6faed6fc3d47b5b6fa638adfeea83cd7409d50c39fa01f85c10379d0daef6989,99a3b422c9c0a5526d5ce813945e378b322824a4042db111023b2f5f30c48c9d,checkpoints/extensions/effective_noise_v1/two_r4_eps4_lr2.5_slr1_seed42_bde1f2adf355.npz,0.0345530217338
two_r4_eps2_lr2.5_slr1_seed42_49c41878e0fe,two_r4,two,4,eps2,42,2.5,1,ok,,50,6984,55872,259413696,2.01583628077,6faed6fc3d47b5b6fa638adfeea83cd7409d50c39fa01f85c10379d0daef6989,99a3b422c9c0a5526d5ce813945e378b322824a4042db111023b2f5f30c48c9d,checkpoints/extensions/effective_noise_v1/two_r4_eps2_lr2.5_slr1_seed42_49c41878e0fe.npz,0.032158916148
two_r4_eps1_lr2.5_slr1_seed42_181891799290,two_r4,two,4,eps1,42,2.5,1,ok,,50,6984,55872,259413696,2.01154968794,6faed6fc3d47b5b6fa638adfeea83cd7409d50c39fa01f85c10379d0daef6989,99a3b422c9c0a5526d5ce813945e378b322824a4042db111023b2f5f30c48c9d,checkpoints/extensions/effective_noise_v1/two_r4_eps1_lr2.5_slr1_seed42_181891799290.npz,0.0128175976746
two_r4_nodp_lr2.5_slr1_seed123_ad24c8588cb0,two_r4,two,4,nodp,123,2.5,1,ok,,50,6984,55872,261872064,3.34112007078,6faed6fc3d47b5b6fa638adfeea83cd7409d50c39fa01f85c10379d0daef6989,99a3b422c9c0a5526d5ce813945e378b322824a4042db111023b2f5f30c48c9d,checkpoints/extensions/effective_noise_v1/two_r4_nodp_lr2.5_slr1_seed123_ad24c8588cb0.npz,0.0360199742586
two_r4_clip_lr2.5_slr1_seed123_20cbc2bdf866,two_r4,two,4,clip,123,2.5,1,ok,,50,6984,55872,261872064,2.01933970675,6faed6fc3d47b5b6fa638adfeea83cd7409d50c39fa01f85c10379d0daef6989,99a3b422c9c0a5526d5ce813945e378b322824a4042db111023b2f5f30c48c9d,checkpoints/extensions/effective_noise_v1/two_r4_clip_lr2.5_slr1_seed123_20cbc2bdf866.npz,0.0341021038583
two_r4_eps8_lr2.5_slr1_seed123_7bfd06d24cf5,two_r4,two,4,eps8,123,2.5,1,ok,,50,6984,55872,261872064,3.41454489902,6faed6fc3d47b5b6fa638adfeea83cd7409d50c39fa01f85c10379d0daef6989,99a3b422c9c0a5526d5ce813945e378b322824a4042db111023b2f5f30c48c9d,checkpoints/extensions/effective_noise_v1/two_r4_eps8_lr2.5_slr1_seed123_7bfd06d24cf5.npz,0.0398954026715
two_r4_eps4_lr2.5_slr1_seed123_cd16c2615a6e,two_r4,two,4,eps4,123,2.5,1,ok,,50,6984,55872,261872064,1.99977700226,6faed6fc3d47b5b6fa638adfeea83cd7409d50c39fa01f85c10379d0daef6989,99a3b422c9c0a5526d5ce813945e378b322824a4042db111023b2f5f30c48c9d,checkpoints/extensions/effective_noise_v1/two_r4_eps4_lr2.5_slr1_seed123_cd16c2615a6e.npz,0.037324341869
two_r4_eps2_lr2.5_slr1_seed123_08a3bf7a533c,two_r4,two,4,eps2,123,2.5,1,ok,,50,6984,55872,261872064,2.02340569813,6faed6fc3d47b5b6fa638adfeea83cd7409d50c39fa01f85c10379d0daef6989,99a3b422c9c0a5526d5ce813945e378b322824a4042db111023b2f5f30c48c9d,checkpoints/extensions/effective_noise_v1/two_r4_eps2_lr2.5_slr1_seed123_08a3bf7a533c.npz,0.0369494008951
two_r4_eps1_lr2.5_slr1_seed123_95e57ed936e0,two_r4,two,4,eps1,123,2.5,1,ok,,50,6984,55872,261872064,2.05617852788,6faed6fc3d47b5b6fa638adfeea83cd7409d50c39fa01f85c10379d0daef6989,99a3b422c9c0a5526d5ce813945e378b322824a4042db111023b2f5f30c48c9d,checkpoints/extensions/effective_noise_v1/two_r4_eps1_lr2.5_slr1_seed123_95e57ed936e0.npz,0.0121344387696
two_r4_nodp_lr2.5_slr1_seed2026_9b47cb6a6bf5,two_r4,two,4,nodp,2026,2.5,1,ok,,50,6984,55872,264274560,3.4112011753,6faed6fc3d47b5b6fa638adfeea83cd7409d50c39fa01f85c10379d0daef6989,99a3b422c9c0a5526d5ce813945e378b322824a4042db111023b2f5f30c48c9d,checkpoints/extensions/effective_noise_v1/two_r4_nodp_lr2.5_slr1_seed2026_9b47cb6a6bf5.npz,0.0349519529597
two_r4_clip_lr2.5_slr1_seed2026_c8855043969b,two_r4,two,4,clip,2026,2.5,1,ok,,50,6984,55872,264274560,3.45457204059,6faed6fc3d47b5b6fa638adfeea83cd7409d50c39fa01f85c10379d0daef6989,99a3b422c9c0a5526d5ce813945e378b322824a4042db111023b2f5f30c48c9d,checkpoints/extensions/effective_noise_v1/two_r4_clip_lr2.5_slr1_seed2026_c8855043969b.npz,0.0344825687689
two_r4_eps8_lr2.5_slr1_seed2026_f142a3292763,two_r4,two,4,eps8,2026,2.5,1,ok,,50,6984,55872,264274560,2.02956901118,6faed6fc3d47b5b6fa638adfeea83cd7409d50c39fa01f85c10379d0daef6989,99a3b422c9c0a5526d5ce813945e378b322824a4042db111023b2f5f30c48c9d,checkpoints/extensions/effective_noise_v1/two_r4_eps8_lr2.5_slr1_seed2026_f142a3292763.npz,0.039158270665
two_r4_eps4_lr2.5_slr1_seed2026_6f66ab3384d8,two_r4,two,4,eps4,2026,2.5,1,ok,,50,6984,55872,264274560,2.03305805475,6faed6fc3d47b5b6fa638adfeea83cd7409d50c39fa01f85c10379d0daef6989,99a3b422c9c0a5526d5ce813945e378b322824a4042db111023b2f5f30c48c9d,checkpoints/extensions/effective_noise_v1/two_r4_eps4_lr2.5_slr1_seed2026_6f66ab3384d8.npz,0.0405391477035
two_r4_eps2_lr2.5_slr1_seed2026_2ed332ffa966,two_r4,two,4,eps2,2026,2.5,1,ok,,50,6984,55872,264274560,2.0296214195,6faed6fc3d47b5b6fa638adfeea83cd7409d50c39fa01f85c10379d0daef6989,99a3b422c9c0a5526d5ce813945e378b322824a4042db111023b2f5f30c48c9d,checkpoints/extensions/effective_noise_v1/two_r4_eps2_lr2.5_slr1_seed2026_2ed332ffa966.npz,0.0431573728647
two_r4_eps1_lr2.5_slr1_seed2026_88f6a423023a,two_r4,two,4,eps1,2026,2.5,1,ok,,50,6984,55872,264274560,2.03813679703,6faed6fc3d47b5b6fa638adfeea83cd7409d50c39fa01f85c10379d0daef6989,99a3b422c9c0a5526d5ce813945e378b322824a4042db111023b2f5f30c48c9d,checkpoints/extensions/effective_noise_v1/two_r4_eps1_lr2.5_slr1_seed2026_88f6a423023a.npz,0.014868411438
two_r4_nodp_lr5_slr0.5_seed42_521ede28ff6c,two_r4,two,4,nodp,42,5,0.5,ok,,50,6984,55872,259413696,1.97321218811,6faed6fc3d47b5b6fa638adfeea83cd7409d50c39fa01f85c10379d0daef6989,99a3b422c9c0a5526d5ce813945e378b322824a4042db111023b2f5f30c48c9d,checkpoints/extensions/effective_noise_v1/two_r4_nodp_lr5_slr0.5_seed42_521ede28ff6c.npz,0.0422203089277
two_r4_clip_lr5_slr0.5_seed42_480b1d220d12,two_r4,two,4,clip,42,5,0.5,ok,,50,6984,55872,259413696,1.98401291855,6faed6fc3d47b5b6fa638adfeea83cd7409d50c39fa01f85c10379d0daef6989,99a3b422c9c0a5526d5ce813945e378b322824a4042db111023b2f5f30c48c9d,checkpoints/extensions/effective_noise_v1/two_r4_clip_lr5_slr0.5_seed42_480b1d220d12.npz,0.0407214363288
two_r4_eps8_lr5_slr0.5_seed42_8b8a15c34efe,two_r4,two,4,eps8,42,5,0.5,ok,,50,6984,55872,259413696,1.99610840902,6faed6fc3d47b5b6fa638adfeea83cd7409d50c39fa01f85c10379d0daef6989,99a3b422c9c0a5526d5ce813945e378b322824a4042db111023b2f5f30c48c9d,checkpoints/extensions/effective_noise_v1/two_r4_eps8_lr5_slr0.5_seed42_8b8a15c34efe.npz,0.0391218851208
two_r4_eps4_lr5_slr0.5_seed42_1e80a9032903,two_r4,two,4,eps4,42,5,0.5,ok,,50,6984,55872,259413696,1.99038614612,6faed6fc3d47b5b6fa638adfeea83cd7409d50c39fa01f85c10379d0daef6989,99a3b422c9c0a5526d5ce813945e378b322824a4042db111023b2f5f30c48c9d,checkpoints/extensions/effective_noise_v1/two_r4_eps4_lr5_slr0.5_seed42_1e80a9032903.npz,0.0415545266339
two_r4_eps2_lr5_slr0.5_seed42_58413b673d74,two_r4,two,4,eps2,42,5,0.5,ok,,50,6984,55872,259413696,3.36438602861,6faed6fc3d47b5b6fa638adfeea83cd7409d50c39fa01f85c10379d0daef6989,99a3b422c9c0a5526d5ce813945e378b322824a4042db111023b2f5f30c48c9d,checkpoints/extensions/effective_noise_v1/two_r4_eps2_lr5_slr0.5_seed42_58413b673d74.npz,0.0207720901666
two_r4_eps1_lr5_slr0.5_seed42_41d43ee607ab,two_r4,two,4,eps1,42,5,0.5,ok,,50,6984,55872,259413696,2.02088323236,6faed6fc3d47b5b6fa638adfeea83cd7409d50c39fa01f85c10379d0daef6989,99a3b422c9c0a5526d5ce813945e378b322824a4042db111023b2f5f30c48c9d,checkpoints/extensions/effective_noise_v1/two_r4_eps1_lr5_slr0.5_seed42_41d43ee607ab.npz,0.0214444529861
two_r4_nodp_lr5_slr0.5_seed123_b7e9a0fd15c5,two_r4,two,4,nodp,123,5,0.5,ok,,50,6984,55872,261872064,2.0709425658,6faed6fc3d47b5b6fa638adfeea83cd7409d50c39fa01f85c10379d0daef6989,99a3b422c9c0a5526d5ce813945e378b322824a4042db111023b2f5f30c48c9d,checkpoints/extensions/effective_noise_v1/two_r4_nodp_lr5_slr0.5_seed123_b7e9a0fd15c5.npz,0.0433173825592
two_r4_clip_lr5_slr0.5_seed123_557c529eda6d,two_r4,two,4,clip,123,5,0.5,ok,,50,6984,55872,261872064,2.05804087687,6faed6fc3d47b5b6fa638adfeea83cd7409d50c39fa01f85c10379d0daef6989,99a3b422c9c0a5526d5ce813945e378b322824a4042db111023b2f5f30c48c9d,checkpoints/extensions/effective_noise_v1/two_r4_clip_lr5_slr0.5_seed123_557c529eda6d.npz,0.0438484447353
two_r4_eps8_lr5_slr0.5_seed123_d89a9d1f0622,two_r4,two,4,eps8,123,5,0.5,ok,,50,6984,55872,261872064,3.43570228666,6faed6fc3d47b5b6fa638adfeea83cd7409d50c39fa01f85c10379d0daef6989,99a3b422c9c0a5526d5ce813945e378b322824a4042db111023b2f5f30c48c9d,checkpoints/extensions/effective_noise_v1/two_r4_eps8_lr5_slr0.5_seed123_d89a9d1f0622.npz,0.0439532938536
two_r4_eps4_lr5_slr0.5_seed123_c06727c3a7c5,two_r4,two,4,eps4,123,5,0.5,ok,,50,6984,55872,261872064,2.03974254522,6faed6fc3d47b5b6fa638adfeea83cd7409d50c39fa01f85c10379d0daef6989,99a3b422c9c0a5526d5ce813945e378b322824a4042db111023b2f5f30c48c9d,checkpoints/extensions/effective_noise_v1/two_r4_eps4_lr5_slr0.5_seed123_c06727c3a7c5.npz,0.0354181488956
two_r4_eps2_lr5_slr0.5_seed123_491406e41b01,two_r4,two,4,eps2,123,5,0.5,ok,,50,6984,55872,261872064,2.07170571573,6faed6fc3d47b5b6fa638adfeea83cd7409d50c39fa01f85c10379d0daef6989,99a3b422c9c0a5526d5ce813945e378b322824a4042db111023b2f5f30c48c9d,checkpoints/extensions/effective_noise_v1/two_r4_eps2_lr5_slr0.5_seed123_491406e41b01.npz,0.0188468236353
two_r4_eps1_lr5_slr0.5_seed123_1612371c85ac,two_r4,two,4,eps1,123,5,0.5,ok,,50,6984,55872,261872064,3.42343582213,6faed6fc3d47b5b6fa638adfeea83cd7409d50c39fa01f85c10379d0daef6989,99a3b422c9c0a5526d5ce813945e378b322824a4042db111023b2f5f30c48c9d,checkpoints/extensions/effective_noise_v1/two_r4_eps1_lr5_slr0.5_seed123_1612371c85ac.npz,0.0196604423957
two_r4_nodp_lr5_slr0.5_seed2026_6ba4aff45032,two_r4,two,4,nodp,2026,5,0.5,ok,,50,6984,55872,264274560,2.02688751649,6faed6fc3d47b5b6fa638adfeea83cd7409d50c39fa01f85c10379d0daef6989,99a3b422c9c0a5526d5ce813945e378b322824a4042db111023b2f5f30c48c9d,checkpoints/extensions/effective_noise_v1/two_r4_nodp_lr5_slr0.5_seed2026_6ba4aff45032.npz,0.012269802707
two_r4_clip_lr5_slr0.5_seed2026_9b3ca064ca51,two_r4,two,4,clip,2026,5,0.5,ok,,50,6984,55872,264274560,3.43038258329,6faed6fc3d47b5b6fa638adfeea83cd7409d50c39fa01f85c10379d0daef6989,99a3b422c9c0a5526d5ce813945e378b322824a4042db111023b2f5f30c48c9d,checkpoints/extensions/effective_noise_v1/two_r4_clip_lr5_slr0.5_seed2026_9b3ca064ca51.npz,0.0433783081743
two_r4_eps8_lr5_slr0.5_seed2026_75558ad482a0,two_r4,two,4,eps8,2026,5,0.5,ok,,50,6984,55872,264274560,2.0213932069,6faed6fc3d47b5b6fa638adfeea83cd7409d50c39fa01f85c10379d0daef6989,99a3b422c9c0a5526d5ce813945e378b322824a4042db111023b2f5f30c48c9d,checkpoints/extensions/effective_noise_v1/two_r4_eps8_lr5_slr0.5_seed2026_75558ad482a0.npz,0.0415889045488
two_r4_eps4_lr5_slr0.5_seed2026_d5fe329becdd,two_r4,two,4,eps4,2026,5,0.5,ok,,50,6984,55872,264274560,2.05712064914,6faed6fc3d47b5b6fa638adfeea83cd7409d50c39fa01f85c10379d0daef6989,99a3b422c9c0a5526d5ce813945e378b322824a4042db111023b2f5f30c48c9d,checkpoints/extensions/effective_noise_v1/two_r4_eps4_lr5_slr0.5_seed2026_d5fe329becdd.npz,0.0424329887008
two_r4_eps2_lr5_slr0.5_seed2026_1d6f3952217e,two_r4,two,4,eps2,2026,5,0.5,ok,,50,6984,55872,264274560,2.05898344703,6faed6fc3d47b5b6fa638adfeea83cd7409d50c39fa01f85c10379d0daef6989,99a3b422c9c0a5526d5ce813945e378b322824a4042db111023b2f5f30c48c9d,checkpoints/extensions/effective_noise_v1/two_r4_eps2_lr5_slr0.5_seed2026_1d6f3952217e.npz,0.0340839161227
two_r4_eps1_lr5_slr0.5_seed2026_0a433fe98af9,two_r4,two,4,eps1,2026,5,0.5,ok,,50,6984,55872,264274560,2.0579892816,6faed6fc3d47b5b6fa638adfeea83cd7409d50c39fa01f85c10379d0daef6989,99a3b422c9c0a5526d5ce813945e378b322824a4042db111023b2f5f30c48c9d,checkpoints/extensions/effective_noise_v1/two_r4_eps1_lr5_slr0.5_seed2026_0a433fe98af9.npz,0.0306145375935
two_r4_nodp_lr5_slr1_seed42_6d53698827b4,two_r4,two,4,nodp,42,5,1,diverged,non-finite local state at round 41,41,6984,55872,206670528,1.57464151178,6faed6fc3d47b5b6fa638adfeea83cd7409d50c39fa01f85c10379d0daef6989,99a3b422c9c0a5526d5ce813945e378b322824a4042db111023b2f5f30c48c9d,,
two_r4_clip_lr5_slr1_seed42_47f5d6832a9c,two_r4,two,4,clip,42,5,1,ok,,50,6984,55872,259413696,2.00282622594,6faed6fc3d47b5b6fa638adfeea83cd7409d50c39fa01f85c10379d0daef6989,99a3b422c9c0a5526d5ce813945e378b322824a4042db111023b2f5f30c48c9d,checkpoints/extensions/effective_noise_v1/two_r4_clip_lr5_slr1_seed42_47f5d6832a9c.npz,0.0491665016151
two_r4_eps8_lr5_slr1_seed42_365310753b13,two_r4,two,4,eps8,42,5,1,ok,,50,6984,55872,259413696,2.02060278784,6faed6fc3d47b5b6fa638adfeea83cd7409d50c39fa01f85c10379d0daef6989,99a3b422c9c0a5526d5ce813945e378b322824a4042db111023b2f5f30c48c9d,checkpoints/extensions/effective_noise_v1/two_r4_eps8_lr5_slr1_seed42_365310753b13.npz,0.0479672949857
two_r4_eps4_lr5_slr1_seed42_de6c97a28e91,two_r4,two,4,eps4,42,5,1,ok,,50,6984,55872,259413696,2.02008383907,6faed6fc3d47b5b6fa638adfeea83cd7409d50c39fa01f85c10379d0daef6989,99a3b422c9c0a5526d5ce813945e378b322824a4042db111023b2f5f30c48c9d,checkpoints/extensions/effective_noise_v1/two_r4_eps4_lr5_slr1_seed42_de6c97a28e91.npz,0.0379328215198
two_r4_eps2_lr5_slr1_seed42_7ee7871cb43a,two_r4,two,4,eps2,42,5,1,ok,,50,6984,55872,259413696,3.33851225674,6faed6fc3d47b5b6fa638adfeea83cd7409d50c39fa01f85c10379d0daef6989,99a3b422c9c0a5526d5ce813945e378b322824a4042db111023b2f5f30c48c9d,checkpoints/extensions/effective_noise_v1/two_r4_eps2_lr5_slr1_seed42_7ee7871cb43a.npz,0.0395692050309
two_r4_eps1_lr5_slr1_seed42_18a1c4b53d1a,two_r4,two,4,eps1,42,5,1,diverged,non-finite local state at round 47,47,6984,55872,239299776,1.84950611088,6faed6fc3d47b5b6fa638adfeea83cd7409d50c39fa01f85c10379d0daef6989,99a3b422c9c0a5526d5ce813945e378b322824a4042db111023b2f5f30c48c9d,,
two_r4_nodp_lr5_slr1_seed123_039122a316bb,two_r4,two,4,nodp,123,5,1,diverged,non-finite local state at round 42,42,6984,55872,214771968,1.61935730185,6faed6fc3d47b5b6fa638adfeea83cd7409d50c39fa01f85c10379d0daef6989,99a3b422c9c0a5526d5ce813945e378b322824a4042db111023b2f5f30c48c9d,,
two_r4_clip_lr5_slr1_seed123_92f5f19ff837,two_r4,two,4,clip,123,5,1,ok,,50,6984,55872,261872064,3.45485353936,6faed6fc3d47b5b6fa638adfeea83cd7409d50c39fa01f85c10379d0daef6989,99a3b422c9c0a5526d5ce813945e378b322824a4042db111023b2f5f30c48c9d,checkpoints/extensions/effective_noise_v1/two_r4_clip_lr5_slr1_seed123_92f5f19ff837.npz,0.0460250952029
two_r4_eps8_lr5_slr1_seed123_70da11fe6f01,two_r4,two,4,eps8,123,5,1,ok,,50,6984,55872,261872064,2.04050739482,6faed6fc3d47b5b6fa638adfeea83cd7409d50c39fa01f85c10379d0daef6989,99a3b422c9c0a5526d5ce813945e378b322824a4042db111023b2f5f30c48c9d,checkpoints/extensions/effective_noise_v1/two_r4_eps8_lr5_slr1_seed123_70da11fe6f01.npz,0.0473741911804
two_r4_eps4_lr5_slr1_seed123_714578f7cef1,two_r4,two,4,eps4,123,5,1,ok,,50,6984,55872,261872064,2.05357213598,6faed6fc3d47b5b6fa638adfeea83cd7409d50c39fa01f85c10379d0daef6989,99a3b422c9c0a5526d5ce813945e378b322824a4042db111023b2f5f30c48c9d,checkpoints/extensions/effective_noise_v1/two_r4_eps4_lr5_slr1_seed123_714578f7cef1.npz,0.0455976158681
two_r4_eps2_lr5_slr1_seed123_07dc9485f92f,two_r4,two,4,eps2,123,5,1,ok,,50,6984,55872,261872064,2.04643851705,6faed6fc3d47b5b6fa638adfeea83cd7409d50c39fa01f85c10379d0daef6989,99a3b422c9c0a5526d5ce813945e378b322824a4042db111023b2f5f30c48c9d,checkpoints/extensions/effective_noise_v1/two_r4_eps2_lr5_slr1_seed123_07dc9485f92f.npz,0.0315175555794
two_r4_eps1_lr5_slr1_seed123_2dd60d817a30,two_r4,two,4,eps1,123,5,1,diverged,non-finite local state at round 49,49,6984,55872,251535744,3.25978256296,6faed6fc3d47b5b6fa638adfeea83cd7409d50c39fa01f85c10379d0daef6989,99a3b422c9c0a5526d5ce813945e378b322824a4042db111023b2f5f30c48c9d,,
two_r4_nodp_lr5_slr1_seed2026_ff86ffe40dff,two_r4,two,4,nodp,2026,5,1,diverged,non-finite local state at round 39,39,6984,55872,196613568,2.50270122662,6faed6fc3d47b5b6fa638adfeea83cd7409d50c39fa01f85c10379d0daef6989,99a3b422c9c0a5526d5ce813945e378b322824a4042db111023b2f5f30c48c9d,,
two_r4_clip_lr5_slr1_seed2026_a1729b48eb93,two_r4,two,4,clip,2026,5,1,ok,,50,6984,55872,264274560,2.03041118104,6faed6fc3d47b5b6fa638adfeea83cd7409d50c39fa01f85c10379d0daef6989,99a3b422c9c0a5526d5ce813945e378b322824a4042db111023b2f5f30c48c9d,checkpoints/extensions/effective_noise_v1/two_r4_clip_lr5_slr1_seed2026_a1729b48eb93.npz,0.0508945081253
two_r4_eps8_lr5_slr1_seed2026_d4fa7947e7ac,two_r4,two,4,eps8,2026,5,1,ok,,50,6984,55872,264274560,2.04077674542,6faed6fc3d47b5b6fa638adfeea83cd7409d50c39fa01f85c10379d0daef6989,99a3b422c9c0a5526d5ce813945e378b322824a4042db111023b2f5f30c48c9d,checkpoints/extensions/effective_noise_v1/two_r4_eps8_lr5_slr1_seed2026_d4fa7947e7ac.npz,0.0474878953865
two_r4_eps4_lr5_slr1_seed2026_0554a4272675,two_r4,two,4,eps4,2026,5,1,ok,,50,6984,55872,264274560,2.05411024299,6faed6fc3d47b5b6fa638adfeea83cd7409d50c39fa01f85c10379d0daef6989,99a3b422c9c0a5526d5ce813945e378b322824a4042db111023b2f5f30c48c9d,checkpoints/extensions/effective_noise_v1/two_r4_eps4_lr5_slr1_seed2026_0554a4272675.npz,0.0375095910459
two_r4_eps2_lr5_slr1_seed2026_fd0c9fd08b60,two_r4,two,4,eps2,2026,5,1,ok,,50,6984,55872,264274560,2.06413860247,6faed6fc3d47b5b6fa638adfeea83cd7409d50c39fa01f85c10379d0daef6989,99a3b422c9c0a5526d5ce813945e378b322824a4042db111023b2f5f30c48c9d,checkpoints/extensions/effective_noise_v1/two_r4_eps2_lr5_slr1_seed2026_fd0c9fd08b60.npz,0.0416143297499
two_r4_eps1_lr5_slr1_seed2026_aee01f985597,two_r4,two,4,eps1,2026,5,1,diverged,non-finite local state at round 44,44,6984,55872,224270208,1.70310383849,6faed6fc3d47b5b6fa638adfeea83cd7409d50c39fa01f85c10379d0daef6989,99a3b422c9c0a5526d5ce813945e378b322824a4042db111023b2f5f30c48c9d,,
two_r8_nodp_lr1.25_slr1_seed42_543eb7e3dc87,two_r8,two,8,nodp,42,1.25,1,ok,,50,13968,111744,518827392,2.20120362286,6faed6fc3d47b5b6fa638adfeea83cd7409d50c39fa01f85c10379d0daef6989,99a3b422c9c0a5526d5ce813945e378b322824a4042db111023b2f5f30c48c9d,checkpoints/extensions/effective_noise_v1/two_r8_nodp_lr1.25_slr1_seed42_543eb7e3dc87.npz,0.00532194541231
two_r8_clip_lr1.25_slr1_seed42_641b8b8a4dcf,two_r8,two,8,clip,42,1.25,1,ok,,50,13968,111744,518827392,2.26855028234,6faed6fc3d47b5b6fa638adfeea83cd7409d50c39fa01f85c10379d0daef6989,99a3b422c9c0a5526d5ce813945e378b322824a4042db111023b2f5f30c48c9d,checkpoints/extensions/effective_noise_v1/two_r8_clip_lr1.25_slr1_seed42_641b8b8a4dcf.npz,0.00498705700808
two_r8_eps8_lr1.25_slr1_seed42_57465980c75b,two_r8,two,8,eps8,42,1.25,1,ok,,50,13968,111744,518827392,2.20458843932,6faed6fc3d47b5b6fa638adfeea83cd7409d50c39fa01f85c10379d0daef6989,99a3b422c9c0a5526d5ce813945e378b322824a4042db111023b2f5f30c48c9d,checkpoints/extensions/effective_noise_v1/two_r8_eps8_lr1.25_slr1_seed42_57465980c75b.npz,0.00415661625056
two_r8_eps4_lr1.25_slr1_seed42_40f86ec1449e,two_r8,two,8,eps4,42,1.25,1,ok,,50,13968,111744,518827392,3.75781026576,6faed6fc3d47b5b6fa638adfeea83cd7409d50c39fa01f85c10379d0daef6989,99a3b422c9c0a5526d5ce813945e378b322824a4042db111023b2f5f30c48c9d,checkpoints/extensions/effective_noise_v1/two_r8_eps4_lr1.25_slr1_seed42_40f86ec1449e.npz,0.00967749895854
two_r8_eps2_lr1.25_slr1_seed42_4cd34c6ada24,two_r8,two,8,eps2,42,1.25,1,ok,,50,13968,111744,518827392,2.25765252206,6faed6fc3d47b5b6fa638adfeea83cd7409d50c39fa01f85c10379d0daef6989,99a3b422c9c0a5526d5ce813945e378b322824a4042db111023b2f5f30c48c9d,checkpoints/extensions/effective_noise_v1/two_r8_eps2_lr1.25_slr1_seed42_4cd34c6ada24.npz,0.0049614125867
two_r8_eps1_lr1.25_slr1_seed42_70029f945288,two_r8,two,8,eps1,42,1.25,1,ok,,50,13968,111744,518827392,2.28692399897,6faed6fc3d47b5b6fa638adfeea83cd7409d50c39fa01f85c10379d0daef6989,99a3b422c9c0a5526d5ce813945e378b322824a4042db111023b2f5f30c48c9d,checkpoints/extensions/effective_noise_v1/two_r8_eps1_lr1.25_slr1_seed42_70029f945288.npz,0.00822156358064
two_r8_nodp_lr1.25_slr1_seed123_4f7b4db2ab86,two_r8,two,8,nodp,123,1.25,1,ok,,50,13968,111744,523744128,2.27729109954,6faed6fc3d47b5b6fa638adfeea83cd7409d50c39fa01f85c10379d0daef6989,99a3b422c9c0a5526d5ce813945e378b322824a4042db111023b2f5f30c48c9d,checkpoints/extensions/effective_noise_v1/two_r8_nodp_lr1.25_slr1_seed123_4f7b4db2ab86.npz,0.00421816778534
two_r8_clip_lr1.25_slr1_seed123_215feae5833e,two_r8,two,8,clip,123,1.25,1,ok,,50,13968,111744,523744128,3.86793671735,6faed6fc3d47b5b6fa638adfeea83cd7409d50c39fa01f85c10379d0daef6989,99a3b422c9c0a5526d5ce813945e378b322824a4042db111023b2f5f30c48c9d,checkpoints/extensions/effective_noise_v1/two_r8_clip_lr1.25_slr1_seed123_215feae5833e.npz,0.00421816778534
two_r8_eps8_lr1.25_slr1_seed123_25da3e495326,two_r8,two,8,eps8,123,1.25,1,ok,,50,13968,111744,523744128,2.25575965736,6faed6fc3d47b5b6fa638adfeea83cd7409d50c39fa01f85c10379d0daef6989,99a3b422c9c0a5526d5ce813945e378b322824a4042db111023b2f5f30c48c9d,checkpoints/extensions/effective_noise_v1/two_r8_eps8_lr1.25_slr1_seed123_25da3e495326.npz,0.00528637437047
two_r8_eps4_lr1.25_slr1_seed123_c404f3e55a5a,two_r8,two,8,eps4,123,1.25,1,ok,,50,13968,111744,523744128,3.82307372428,6faed6fc3d47b5b6fa638adfeea83cd7409d50c39fa01f85c10379d0daef6989,99a3b422c9c0a5526d5ce813945e378b322824a4042db111023b2f5f30c48c9d,checkpoints/extensions/effective_noise_v1/two_r8_eps4_lr1.25_slr1_seed123_c404f3e55a5a.npz,0.012659046136
two_r8_eps2_lr1.25_slr1_seed123_d7b6ad452819,two_r8,two,8,eps2,123,1.25,1,ok,,50,13968,111744,523744128,2.27737463173,6faed6fc3d47b5b6fa638adfeea83cd7409d50c39fa01f85c10379d0daef6989,99a3b422c9c0a5526d5ce813945e378b322824a4042db111023b2f5f30c48c9d,checkpoints/extensions/effective_noise_v1/two_r8_eps2_lr1.25_slr1_seed123_d7b6ad452819.npz,0.00957410797966
two_r8_eps1_lr1.25_slr1_seed123_23c9e62044f9,two_r8,two,8,eps1,123,1.25,1,ok,,50,13968,111744,523744128,3.85810682829,6faed6fc3d47b5b6fa638adfeea83cd7409d50c39fa01f85c10379d0daef6989,99a3b422c9c0a5526d5ce813945e378b322824a4042db111023b2f5f30c48c9d,checkpoints/extensions/effective_noise_v1/two_r8_eps1_lr1.25_slr1_seed123_23c9e62044f9.npz,0.00416885824378
two_r8_nodp_lr1.25_slr1_seed2026_da380830cb05,two_r8,two,8,nodp,2026,1.25,1,ok,,50,13968,111744,528549120,2.20836326946,6faed6fc3d47b5b6fa638adfeea83cd7409d50c39fa01f85c10379d0daef6989,99a3b422c9c0a5526d5ce813945e378b322824a4042db111023b2f5f30c48c9d,checkpoints/extensions/effective_noise_v1/two_r8_nodp_lr1.25_slr1_seed2026_da380830cb05.npz,0.00529582885062
two_r8_clip_lr1.25_slr1_seed2026_b419b96b2ef0,two_r8,two,8,clip,2026,1.25,1,ok,,50,13968,111744,528549120,2.30117324833,6faed6fc3d47b5b6fa638adfeea83cd7409d50c39fa01f85c10379d0daef6989,99a3b422c9c0a5526d5ce813945e378b322824a4042db111023b2f5f30c48c9d,checkpoints/extensions/effective_noise_v1/two_r8_clip_lr1.25_slr1_seed2026_b419b96b2ef0.npz,0.00529582885062
two_r8_eps8_lr1.25_slr1_seed2026_0d1946b1dff2,two_r8,two,8,eps8,2026,1.25,1,ok,,50,13968,111744,528549120,2.27630462404,6faed6fc3d47b5b6fa638adfeea83cd7409d50c39fa01f85c10379d0daef6989,99a3b422c9c0a5526d5ce813945e378b322824a4042db111023b2f5f30c48c9d,checkpoints/extensions/effective_noise_v1/two_r8_eps8_lr1.25_slr1_seed2026_0d1946b1dff2.npz,0.00682121155804
two_r8_eps4_lr1.25_slr1_seed2026_6bd8b0d69fd2,two_r8,two,8,eps4,2026,1.25,1,ok,,50,13968,111744,528549120,2.26565923262,6faed6fc3d47b5b6fa638adfeea83cd7409d50c39fa01f85c10379d0daef6989,99a3b422c9c0a5526d5ce813945e378b322824a4042db111023b2f5f30c48c9d,checkpoints/extensions/effective_noise_v1/two_r8_eps4_lr1.25_slr1_seed2026_6bd8b0d69fd2.npz,0.0122393851484
two_r8_eps2_lr1.25_slr1_seed2026_499737004e78,two_r8,two,8,eps2,2026,1.25,1,ok,,50,13968,111744,528549120,2.27280633058,6faed6fc3d47b5b6fa638adfeea83cd7409d50c39fa01f85c10379d0daef6989,99a3b422c9c0a5526d5ce813945e378b322824a4042db111023b2f5f30c48c9d,checkpoints/extensions/effective_noise_v1/two_r8_eps2_lr1.25_slr1_seed2026_499737004e78.npz,0.012707042141
two_r8_eps1_lr1.25_slr1_seed2026_fbdce39984d8,two_r8,two,8,eps1,2026,1.25,1,ok,,50,13968,111744,528549120,2.30594127253,6faed6fc3d47b5b6fa638adfeea83cd7409d50c39fa01f85c10379d0daef6989,99a3b422c9c0a5526d5ce813945e378b322824a4042db111023b2f5f30c48c9d,checkpoints/extensions/effective_noise_v1/two_r8_eps1_lr1.25_slr1_seed2026_fbdce39984d8.npz,0.0044874417522
two_r8_nodp_lr2.5_slr1_seed42_d7f9528d3f50,two_r8,two,8,nodp,42,2.5,1,ok,,50,13968,111744,518827392,2.19505701587,6faed6fc3d47b5b6fa638adfeea83cd7409d50c39fa01f85c10379d0daef6989,99a3b422c9c0a5526d5ce813945e378b322824a4042db111023b2f5f30c48c9d,checkpoints/extensions/effective_noise_v1/two_r8_nodp_lr2.5_slr1_seed42_d7f9528d3f50.npz,0.0331115704752
two_r8_clip_lr2.5_slr1_seed42_9f981aef8090,two_r8,two,8,clip,42,2.5,1,ok,,50,13968,111744,518827392,2.22380849998,6faed6fc3d47b5b6fa638adfeea83cd7409d50c39fa01f85c10379d0daef6989,99a3b422c9c0a5526d5ce813945e378b322824a4042db111023b2f5f30c48c9d,checkpoints/extensions/effective_noise_v1/two_r8_clip_lr2.5_slr1_seed42_9f981aef8090.npz,0.0287164487559
two_r8_eps8_lr2.5_slr1_seed42_5281228d1c65,two_r8,two,8,eps8,42,2.5,1,ok,,50,13968,111744,518827392,3.81058932655,6faed6fc3d47b5b6fa638adfeea83cd7409d50c39fa01f85c10379d0daef6989,99a3b422c9c0a5526d5ce813945e378b322824a4042db111023b2f5f30c48c9d,checkpoints/extensions/effective_noise_v1/two_r8_eps8_lr2.5_slr1_seed42_5281228d1c65.npz,0.0409730879856
two_r8_eps4_lr2.5_slr1_seed42_349f0ec32d32,two_r8,two,8,eps4,42,2.5,1,ok,,50,13968,111744,518827392,2.24190435186,6faed6fc3d47b5b6fa638adfeea83cd7409d50c39fa01f85c10379d0daef6989,99a3b422c9c0a5526d5ce813945e378b322824a4042db111023b2f5f30c48c9d,checkpoints/extensions/effective_noise_v1/two_r8_eps4_lr2.5_slr1_seed42_349f0ec32d32.npz,0.0377495164007
two_r8_eps2_lr2.5_slr1_seed42_9224580ab612,two_r8,two,8,eps2,42,2.5,1,ok,,50,13968,111744,518827392,2.35670122784,6faed6fc3d47b5b6fa638adfeea83cd7409d50c39fa01f85c10379d0daef6989,99a3b422c9c0a5526d5ce813945e378b322824a4042db111023b2f5f30c48c9d,checkpoints/extensions/effective_noise_v1/two_r8_eps2_lr2.5_slr1_seed42_9224580ab612.npz,0.020022234874
two_r8_eps1_lr2.5_slr1_seed42_b16ff1b01cc1,two_r8,two,8,eps1,42,2.5,1,ok,,50,13968,111744,518827392,2.29990886804,6faed6fc3d47b5b6fa638adfeea83cd7409d50c39fa01f85c10379d0daef6989,99a3b422c9c0a5526d5ce813945e378b322824a4042db111023b2f5f30c48c9d,checkpoints/extensions/effective_noise_v1/two_r8_eps1_lr2.5_slr1_seed42_b16ff1b01cc1.npz,0.01016625819
two_r8_nodp_lr2.5_slr1_seed123_e47f014c640a,two_r8,two,8,nodp,123,2.5,1,ok,,50,13968,111744,523744128,3.84874131065,6faed6fc3d47b5b6fa638adfeea83cd7409d50c39fa01f85c10379d0daef6989,99a3b422c9c0a5526d5ce813945e378b322824a4042db111023b2f5f30c48c9d,checkpoints/extensions/effective_noise_v1/two_r8_nodp_lr2.5_slr1_seed123_e47f014c640a.npz,0.0375415435876
two_r8_clip_lr2.5_slr1_seed123_3d7ac325c23e,two_r8,two,8,clip,123,2.5,1,ok,,50,13968,111744,523744128,3.8598430315,6faed6fc3d47b5b6fa638adfeea83cd7409d50c39fa01f85c10379d0daef6989,99a3b422c9c0a5526d5ce813945e378b322824a4042db111023b2f5f30c48c9d,checkpoints/extensions/effective_noise_v1/two_r8_clip_lr2.5_slr1_seed123_3d7ac325c23e.npz,0.0365672893147
two_r8_eps8_lr2.5_slr1_seed123_b2d4100f4dc1,two_r8,two,8,eps8,123,2.5,1,ok,,50,13968,111744,523744128,2.26755066868,6faed6fc3d47b5b6fa638adfeea83cd7409d50c39fa01f85c10379d0daef6989,99a3b422c9c0a5526d5ce813945e378b322824a4042db111023b2f5f30c48c9d,checkpoints/extensions/effective_noise_v1/two_r8_eps8_lr2.5_slr1_seed123_b2d4100f4dc1.npz,0.0454997697885
two_r8_eps4_lr2.5_slr1_seed123_f0e43503d028,two_r8,two,8,eps4,123,2.5,1,ok,,50,13968,111744,523744128,2.2812243253,6faed6fc3d47b5b6fa638adfeea83cd7409d50c39fa01f85c10379d0daef6989,99a3b422c9c0a5526d5ce813945e378b322824a4042db111023b2f5f30c48c9d,checkpoints/extensions/effective_noise_v1/two_r8_eps4_lr2.5_slr1_seed123_f0e43503d028.npz,0.0397736703122
two_r8_eps2_lr2.5_slr1_seed123_59cc6370e2cb,two_r8,two,8,eps2,123,2.5,1,ok,,50,13968,111744,523744128,3.83656021953,6faed6fc3d47b5b6fa638adfeea83cd7409d50c39fa01f85c10379d0daef6989,99a3b422c9c0a5526d5ce813945e378b322824a4042db111023b2f5f30c48c9d,checkpoints/extensions/effective_noise_v1/two_r8_eps2_lr2.5_slr1_seed123_59cc6370e2cb.npz,0.0331515741623
two_r8_eps1_lr2.5_slr1_seed123_90101f3ffda4,two_r8,two,8,eps1,123,2.5,1,ok,,50,13968,111744,523744128,2.32889942359,6faed6fc3d47b5b6fa638adfeea83cd7409d50c39fa01f85c10379d0daef6989,99a3b422c9c0a5526d5ce813945e378b322824a4042db111023b2f5f30c48c9d,checkpoints/extensions/effective_noise_v1/two_r8_eps1_lr2.5_slr1_seed123_90101f3ffda4.npz,0.0218194664653
two_r8_nodp_lr2.5_slr1_seed2026_caccf883eb71,two_r8,two,8,nodp,2026,2.5,1,ok,,50,13968,111744,528549120,2.23891038261,6faed6fc3d47b5b6fa638adfeea83cd7409d50c39fa01f85c10379d0daef6989,99a3b422c9c0a5526d5ce813945e378b322824a4042db111023b2f5f30c48c9d,checkpoints/extensions/effective_noise_v1/two_r8_nodp_lr2.5_slr1_seed2026_caccf883eb71.npz,0.0411438869723
two_r8_clip_lr2.5_slr1_seed2026_1c15ab230de7,two_r8,two,8,clip,2026,2.5,1,ok,,50,13968,111744,528549120,2.24758458603,6faed6fc3d47b5b6fa638adfeea83cd7409d50c39fa01f85c10379d0daef6989,99a3b422c9c0a5526d5ce813945e378b322824a4042db111023b2f5f30c48c9d,checkpoints/extensions/effective_noise_v1/two_r8_clip_lr2.5_slr1_seed2026_1c15ab230de7.npz,0.0382217769293
two_r8_eps8_lr2.5_slr1_seed2026_fece26051899,two_r8,two,8,eps8,2026,2.5,1,ok,,50,13968,111744,528549120,2.27650466282,6faed6fc3d47b5b6fa638adfeea83cd7409d50c39fa01f85c10379d0daef6989,99a3b422c9c0a5526d5ce813945e378b322824a4042db111023b2f5f30c48c9d,checkpoints/extensions/effective_noise_v1/two_r8_eps8_lr2.5_slr1_seed2026_fece26051899.npz,0.0326665463992
two_r8_eps4_lr2.5_slr1_seed2026_05e95b1f1c6d,two_r8,two,8,eps4,2026,2.5,1,ok,,50,13968,111744,528549120,2.30673348531,6faed6fc3d47b5b6fa638adfeea83cd7409d50c39fa01f85c10379d0daef6989,99a3b422c9c0a5526d5ce813945e378b322824a4042db111023b2f5f30c48c9d,checkpoints/extensions/effective_noise_v1/two_r8_eps4_lr2.5_slr1_seed2026_05e95b1f1c6d.npz,0.0421806948327
two_r8_eps2_lr2.5_slr1_seed2026_e127dfbd84af,two_r8,two,8,eps2,2026,2.5,1,ok,,50,13968,111744,528549120,2.30231012683,6faed6fc3d47b5b6fa638adfeea83cd7409d50c39fa01f85c10379d0daef6989,99a3b422c9c0a5526d5ce813945e378b322824a4042db111023b2f5f30c48c9d,checkpoints/extensions/effective_noise_v1/two_r8_eps2_lr2.5_slr1_seed2026_e127dfbd84af.npz,0.0352363321431
two_r8_eps1_lr2.5_slr1_seed2026_a6f99db02097,two_r8,two,8,eps1,2026,2.5,1,ok,,50,13968,111744,528549120,2.32507910114,6faed6fc3d47b5b6fa638adfeea83cd7409d50c39fa01f85c10379d0daef6989,99a3b422c9c0a5526d5ce813945e378b322824a4042db111023b2f5f30c48c9d,checkpoints/extensions/effective_noise_v1/two_r8_eps1_lr2.5_slr1_seed2026_a6f99db02097.npz,0.013729215913
two_r8_nodp_lr5_slr0.5_seed42_9c52c394096f,two_r8,two,8,nodp,42,5,0.5,ok,,50,13968,111744,518827392,2.22140491661,6faed6fc3d47b5b6fa638adfeea83cd7409d50c39fa01f85c10379d0daef6989,99a3b422c9c0a5526d5ce813945e378b322824a4042db111023b2f5f30c48c9d,checkpoints/extensions/effective_noise_v1/two_r8_nodp_lr5_slr0.5_seed42_9c52c394096f.npz,0.0484642003435
two_r8_clip_lr5_slr0.5_seed42_453775f7229b,two_r8,two,8,clip,42,5,0.5,ok,,50,13968,111744,518827392,2.21604766231,6faed6fc3d47b5b6fa638adfeea83cd7409d50c39fa01f85c10379d0daef6989,99a3b422c9c0a5526d5ce813945e378b322824a4042db111023b2f5f30c48c9d,checkpoints/extensions/effective_noise_v1/two_r8_clip_lr5_slr0.5_seed42_453775f7229b.npz,0.0504705294612
two_r8_eps8_lr5_slr0.5_seed42_077f8ecca124,two_r8,two,8,eps8,42,5,0.5,ok,,50,13968,111744,518827392,2.24467121344,6faed6fc3d47b5b6fa638adfeea83cd7409d50c39fa01f85c10379d0daef6989,99a3b422c9c0a5526d5ce813945e378b322824a4042db111023b2f5f30c48c9d,checkpoints/extensions/effective_noise_v1/two_r8_eps8_lr5_slr0.5_seed42_077f8ecca124.npz,0.0474575388939
two_r8_eps4_lr5_slr0.5_seed42_060bb0eb8821,two_r8,two,8,eps4,42,5,0.5,ok,,50,13968,111744,518827392,2.24974888284,6faed6fc3d47b5b6fa638adfeea83cd7409d50c39fa01f85c10379d0daef6989,99a3b422c9c0a5526d5ce813945e378b322824a4042db111023b2f5f30c48c9d,checkpoints/extensions/effective_noise_v1/two_r8_eps4_lr5_slr0.5_seed42_060bb0eb8821.npz,0.0486288628468
two_r8_eps2_lr5_slr0.5_seed42_980aaae9f410,two_r8,two,8,eps2,42,5,0.5,ok,,50,13968,111744,518827392,3.77301993687,6faed6fc3d47b5b6fa638adfeea83cd7409d50c39fa01f85c10379d0daef6989,99a3b422c9c0a5526d5ce813945e378b322824a4042db111023b2f5f30c48c9d,checkpoints/extensions/effective_noise_v1/two_r8_eps2_lr5_slr0.5_seed42_980aaae9f410.npz,0.0366068158228
two_r8_eps1_lr5_slr0.5_seed42_b7a04b438150,two_r8,two,8,eps1,42,5,0.5,ok,,50,13968,111744,518827392,3.85757518932,6faed6fc3d47b5b6fa638adfeea83cd7409d50c39fa01f85c10379d0daef6989,99a3b422c9c0a5526d5ce813945e378b322824a4042db111023b2f5f30c48c9d,checkpoints/extensions/effective_noise_v1/two_r8_eps1_lr5_slr0.5_seed42_b7a04b438150.npz,0.0189615368807
two_r8_nodp_lr5_slr0.5_seed123_bc63da5432ee,two_r8,two,8,nodp,123,5,0.5,ok,,50,13968,111744,523744128,2.28200719506,6faed6fc3d47b5b6fa638adfeea83cd7409d50c39fa01f85c10379d0daef6989,99a3b422c9c0a5526d5ce813945e378b322824a4042db111023b2f5f30c48c9d,checkpoints/extensions/effective_noise_v1/two_r8_nodp_lr5_slr0.5_seed123_bc63da5432ee.npz,0.0463326858012
two_r8_clip_lr5_slr0.5_seed123_c6e53a9a66ac,two_r8,two,8,clip,123,5,0.5,ok,,50,13968,111744,523744128,3.8736543674,6faed6fc3d47b5b6fa638adfeea83cd7409d50c39fa01f85c10379d0daef6989,99a3b422c9c0a5526d5ce813945e378b322824a4042db111023b2f5f30c48c9d,checkpoints/extensions/effective_noise_v1/two_r8_clip_lr5_slr0.5_seed123_c6e53a9a66ac.npz,0.0471013505266
two_r8_eps8_lr5_slr0.5_seed123_fb92bcafbdc7,two_r8,two,8,eps8,123,5,0.5,ok,,50,13968,111744,523744128,3.8708969662,6faed6fc3d47b5b6fa638adfeea83cd7409d50c39fa01f85c10379d0daef6989,99a3b422c9c0a5526d5ce813945e378b322824a4042db111023b2f5f30c48c9d,checkpoints/extensions/effective_noise_v1/two_r8_eps8_lr5_slr0.5_seed123_fb92bcafbdc7.npz,0.0456196009494
two_r8_eps4_lr5_slr0.5_seed123_9c0b9d4630d5,two_r8,two,8,eps4,123,5,0.5,ok,,50,13968,111744,523744128,2.3271214366,6faed6fc3d47b5b6fa638adfeea83cd7409d50c39fa01f85c10379d0daef6989,99a3b422c9c0a5526d5ce813945e378b322824a4042db111023b2f5f30c48c9d,checkpoints/extensions/effective_noise_v1/two_r8_eps4_lr5_slr0.5_seed123_9c0b9d4630d5.npz,0.0448350011417
two_r8_eps2_lr5_slr0.5_seed123_4db8d84d64f2,two_r8,two,8,eps2,123,5,0.5,ok,,50,13968,111744,523744128,2.32512994204,6faed6fc3d47b5b6fa638adfeea83cd7409d50c39fa01f85c10379d0daef6989,99a3b422c9c0a5526d5ce813945e378b322824a4042db111023b2f5f30c48c9d,checkpoints/extensions/effective_noise_v1/two_r8_eps2_lr5_slr0.5_seed123_4db8d84d64f2.npz,0.0460204687138
two_r8_eps1_lr5_slr0.5_seed123_868e722f499b,two_r8,two,8,eps1,123,5,0.5,ok,,50,13968,111744,523744128,2.30239184294,6faed6fc3d47b5b6fa638adfeea83cd7409d50c39fa01f85c10379d0daef6989,99a3b422c9c0a5526d5ce813945e378b322824a4042db111023b2f5f30c48c9d,checkpoints/extensions/effective_noise_v1/two_r8_eps1_lr5_slr0.5_seed123_868e722f499b.npz,0.0282589202251
two_r8_nodp_lr5_slr0.5_seed2026_5b8f4b8a9533,two_r8,two,8,nodp,2026,5,0.5,ok,,50,13968,111744,528549120,2.1788339708,6faed6fc3d47b5b6fa638adfeea83cd7409d50c39fa01f85c10379d0daef6989,99a3b422c9c0a5526d5ce813945e378b322824a4042db111023b2f5f30c48c9d,checkpoints/extensions/effective_noise_v1/two_r8_nodp_lr5_slr0.5_seed2026_5b8f4b8a9533.npz,0.049145306591
two_r8_clip_lr5_slr0.5_seed2026_5e8b28abc8db,two_r8,two,8,clip,2026,5,0.5,ok,,50,13968,111744,528549120,2.23635363486,6faed6fc3d47b5b6fa638adfeea83cd7409d50c39fa01f85c10379d0daef6989,99a3b422c9c0a5526d5ce813945e378b322824a4042db111023b2f5f30c48c9d,checkpoints/extensions/effective_noise_v1/two_r8_clip_lr5_slr0.5_seed2026_5e8b28abc8db.npz,0.0493046767013
two_r8_eps8_lr5_slr0.5_seed2026_9f72ab175718,two_r8,two,8,eps8,2026,5,0.5,ok,,50,13968,111744,528549120,2.25104295742,6faed6fc3d47b5b6fa638adfeea83cd7409d50c39fa01f85c10379d0daef6989,99a3b422c9c0a5526d5ce813945e378b322824a4042db111023b2f5f30c48c9d,checkpoints/extensions/effective_noise_v1/two_r8_eps8_lr5_slr0.5_seed2026_9f72ab175718.npz,0.0447825232741
two_r8_eps4_lr5_slr0.5_seed2026_888baed0155d,two_r8,two,8,eps4,2026,5,0.5,ok,,50,13968,111744,528549120,2.29570922442,6faed6fc3d47b5b6fa638adfeea83cd7409d50c39fa01f85c10379d0daef6989,99a3b422c9c0a5526d5ce813945e378b322824a4042db111023b2f5f30c48c9d,checkpoints/extensions/effective_noise_v1/two_r8_eps4_lr5_slr0.5_seed2026_888baed0155d.npz,0.0483500414872
two_r8_eps2_lr5_slr0.5_seed2026_a1d3f3303423,two_r8,two,8,eps2,2026,5,0.5,ok,,50,13968,111744,528549120,2.29283648729,6faed6fc3d47b5b6fa638adfeea83cd7409d50c39fa01f85c10379d0daef6989,99a3b422c9c0a5526d5ce813945e378b322824a4042db111023b2f5f30c48c9d,checkpoints/extensions/effective_noise_v1/two_r8_eps2_lr5_slr0.5_seed2026_a1d3f3303423.npz,0.0437355159776
two_r8_eps1_lr5_slr0.5_seed2026_9d7d97bfedb2,two_r8,two,8,eps1,2026,5,0.5,ok,,50,13968,111744,528549120,3.85461431928,6faed6fc3d47b5b6fa638adfeea83cd7409d50c39fa01f85c10379d0daef6989,99a3b422c9c0a5526d5ce813945e378b322824a4042db111023b2f5f30c48c9d,checkpoints/extensions/effective_noise_v1/two_r8_eps1_lr5_slr0.5_seed2026_9d7d97bfedb2.npz,0.0099178962368
two_r8_nodp_lr5_slr1_seed42_bdcaca9e771f,two_r8,two,8,nodp,42,5,1,diverged,non-finite Q at round 47,47,13968,111744,478599552,2.06023130659,6faed6fc3d47b5b6fa638adfeea83cd7409d50c39fa01f85c10379d0daef6989,99a3b422c9c0a5526d5ce813945e378b322824a4042db111023b2f5f30c48c9d,,
two_r8_clip_lr5_slr1_seed42_b66aabf94c9a,two_r8,two,8,clip,42,5,1,ok,,50,13968,111744,518827392,2.25721200928,6faed6fc3d47b5b6fa638adfeea83cd7409d50c39fa01f85c10379d0daef6989,99a3b422c9c0a5526d5ce813945e378b322824a4042db111023b2f5f30c48c9d,checkpoints/extensions/effective_noise_v1/two_r8_clip_lr5_slr1_seed42_b66aabf94c9a.npz,0.055768760075
two_r8_eps8_lr5_slr1_seed42_b42ff29e586c,two_r8,two,8,eps8,42,5,1,ok,,50,13968,111744,518827392,2.26680631936,6faed6fc3d47b5b6fa638adfeea83cd7409d50c39fa01f85c10379d0daef6989,99a3b422c9c0a5526d5ce813945e378b322824a4042db111023b2f5f30c48c9d,checkpoints/extensions/effective_noise_v1/two_r8_eps8_lr5_slr1_seed42_b42ff29e586c.npz,0.0542057048611
two_r8_eps4_lr5_slr1_seed42_409c295dbd46,two_r8,two,8,eps4,42,5,1,ok,,50,13968,111744,518827392,2.23826516885,6faed6fc3d47b5b6fa638adfeea83cd7409d50c39fa01f85c10379d0daef6989,99a3b422c9c0a5526d5ce813945e378b322824a4042db111023b2f5f30c48c9d,checkpoints/extensions/effective_noise_v1/two_r8_eps4_lr5_slr1_seed42_409c295dbd46.npz,0.054345518976
two_r8_eps2_lr5_slr1_seed42_35af45666df6,two_r8,two,8,eps2,42,5,1,ok,,50,13968,111744,518827392,2.29365358036,6faed6fc3d47b5b6fa638adfeea83cd7409d50c39fa01f85c10379d0daef6989,99a3b422c9c0a5526d5ce813945e378b322824a4042db111023b2f5f30c48c9d,checkpoints/extensions/effective_noise_v1/two_r8_eps2_lr5_slr1_seed42_35af45666df6.npz,0.0339775820129
two_r8_eps1_lr5_slr1_seed42_0214bf9f0b8b,two_r8,two,8,eps1,42,5,1,ok,,50,13968,111744,518827392,2.26236220449,6faed6fc3d47b5b6fa638adfeea83cd7409d50c39fa01f85c10379d0daef6989,99a3b422c9c0a5526d5ce813945e378b322824a4042db111023b2f5f30c48c9d,checkpoints/extensions/effective_noise_v1/two_r8_eps1_lr5_slr1_seed42_0214bf9f0b8b.npz,0.0169252238246
two_r8_nodp_lr5_slr1_seed123_39ffbfe58323,two_r8,two,8,nodp,123,5,1,diverged,non-finite local state at round 50,50,13968,111744,514245888,2.11610695627,6faed6fc3d47b5b6fa638adfeea83cd7409d50c39fa01f85c10379d0daef6989,99a3b422c9c0a5526d5ce813945e378b322824a4042db111023b2f5f30c48c9d,,
two_r8_clip_lr5_slr1_seed123_685ed18dcb65,two_r8,two,8,clip,123,5,1,ok,,50,13968,111744,523744128,3.86405404285,6faed6fc3d47b5b6fa638adfeea83cd7409d50c39fa01f85c10379d0daef6989,99a3b422c9c0a5526d5ce813945e378b322824a4042db111023b2f5f30c48c9d,checkpoints/extensions/effective_noise_v1/two_r8_clip_lr5_slr1_seed123_685ed18dcb65.npz,0.0476582864327
two_r8_eps8_lr5_slr1_seed123_09b3ebb86076,two_r8,two,8,eps8,123,5,1,ok,,50,13968,111744,523744128,3.92639430147,6faed6fc3d47b5b6fa638adfeea83cd7409d50c39fa01f85c10379d0daef6989,99a3b422c9c0a5526d5ce813945e378b322824a4042db111023b2f5f30c48c9d,checkpoints/extensions/effective_noise_v1/two_r8_eps8_lr5_slr1_seed123_09b3ebb86076.npz,0.0500056429833
two_r8_eps4_lr5_slr1_seed123_21b566701f4e,two_r8,two,8,eps4,123,5,1,ok,,50,13968,111744,523744128,3.92543232441,6faed6fc3d47b5b6fa638adfeea83cd7409d50c39fa01f85c10379d0daef6989,99a3b422c9c0a5526d5ce813945e378b322824a4042db111023b2f5f30c48c9d,checkpoints/extensions/effective_noise_v1/two_r8_eps4_lr5_slr1_seed123_21b566701f4e.npz,0.0509950520918
two_r8_eps2_lr5_slr1_seed123_e2d269b078e7,two_r8,two,8,eps2,123,5,1,ok,,50,13968,111744,523744128,2.26045596041,6faed6fc3d47b5b6fa638adfeea83cd7409d50c39fa01f85c10379d0daef6989,99a3b422c9c0a5526d5ce813945e378b322824a4042db111023b2f5f30c48c9d,checkpoints/extensions/effective_noise_v1/two_r8_eps2_lr5_slr1_seed123_e2d269b078e7.npz,0.0448443000815
two_r8_eps1_lr5_slr1_seed123_68c15650c398,two_r8,two,8,eps1,123,5,1,diverged,non-finite local state at round 43,43,13968,111744,439489152,1.90431854408,6faed6fc3d47b5b6fa638adfeea83cd7409d50c39fa01f85c10379d0daef6989,99a3b422c9c0a5526d5ce813945e378b322824a4042db111023b2f5f30c48c9d,,
two_r8_nodp_lr5_slr1_seed2026_63d7c1d6e67e,two_r8,two,8,nodp,2026,5,1,ok,,50,13968,111744,528549120,2.24180017132,6faed6fc3d47b5b6fa638adfeea83cd7409d50c39fa01f85c10379d0daef6989,99a3b422c9c0a5526d5ce813945e378b322824a4042db111023b2f5f30c48c9d,checkpoints/extensions/effective_noise_v1/two_r8_nodp_lr5_slr1_seed2026_63d7c1d6e67e.npz,0.0342907836197
two_r8_clip_lr5_slr1_seed2026_d31c1675cb14,two_r8,two,8,clip,2026,5,1,ok,,50,13968,111744,528549120,2.23270392232,6faed6fc3d47b5b6fa638adfeea83cd7409d50c39fa01f85c10379d0daef6989,99a3b422c9c0a5526d5ce813945e378b322824a4042db111023b2f5f30c48c9d,checkpoints/extensions/effective_noise_v1/two_r8_clip_lr5_slr1_seed2026_d31c1675cb14.npz,0.0488217875359
two_r8_eps8_lr5_slr1_seed2026_e621781482ae,two_r8,two,8,eps8,2026,5,1,ok,,50,13968,111744,528549120,2.25290405098,6faed6fc3d47b5b6fa638adfeea83cd7409d50c39fa01f85c10379d0daef6989,99a3b422c9c0a5526d5ce813945e378b322824a4042db111023b2f5f30c48c9d,checkpoints/extensions/effective_noise_v1/two_r8_eps8_lr5_slr1_seed2026_e621781482ae.npz,0.0456634974254
two_r8_eps4_lr5_slr1_seed2026_7fff11487168,two_r8,two,8,eps4,2026,5,1,ok,,50,13968,111744,528549120,2.35439336486,6faed6fc3d47b5b6fa638adfeea83cd7409d50c39fa01f85c10379d0daef6989,99a3b422c9c0a5526d5ce813945e378b322824a4042db111023b2f5f30c48c9d,checkpoints/extensions/effective_noise_v1/two_r8_eps4_lr5_slr1_seed2026_7fff11487168.npz,0.0454392329005
two_r8_eps2_lr5_slr1_seed2026_cef7985f7892,two_r8,two,8,eps2,2026,5,1,ok,,50,13968,111744,528549120,2.37811512221,6faed6fc3d47b5b6fa638adfeea83cd7409d50c39fa01f85c10379d0daef6989,99a3b422c9c0a5526d5ce813945e378b322824a4042db111023b2f5f30c48c9d,checkpoints/extensions/effective_noise_v1/two_r8_eps2_lr5_slr1_seed2026_cef7985f7892.npz,0.0403922051356
two_r8_eps1_lr5_slr1_seed2026_74d6e272ccd5,two_r8,two,8,eps1,2026,5,1,ok,,50,13968,111744,528549120,2.3649123041,6faed6fc3d47b5b6fa638adfeea83cd7409d50c39fa01f85c10379d0daef6989,99a3b422c9c0a5526d5ce813945e378b322824a4042db111023b2f5f30c48c9d,checkpoints/extensions/effective_noise_v1/two_r8_eps1_lr5_slr1_seed2026_74d6e272ccd5.npz,0.0175902415559
two_r16_nodp_lr1.25_slr1_seed42_4dcf84285e30,two_r16,two,16,nodp,42,1.25,1,ok,,50,27936,223488,1037654784,4.67934776843,6faed6fc3d47b5b6fa638adfeea83cd7409d50c39fa01f85c10379d0daef6989,99a3b422c9c0a5526d5ce813945e378b322824a4042db111023b2f5f30c48c9d,checkpoints/extensions/effective_noise_v1/two_r16_nodp_lr1.25_slr1_seed42_4dcf84285e30.npz,0.00210417361301
two_r16_clip_lr1.25_slr1_seed42_23e5f4983c87,two_r16,two,16,clip,42,1.25,1,ok,,50,27936,223488,1037654784,2.74018297624,6faed6fc3d47b5b6fa638adfeea83cd7409d50c39fa01f85c10379d0daef6989,99a3b422c9c0a5526d5ce813945e378b322824a4042db111023b2f5f30c48c9d,checkpoints/extensions/effective_noise_v1/two_r16_clip_lr1.25_slr1_seed42_23e5f4983c87.npz,0.00208884996001
two_r16_eps8_lr1.25_slr1_seed42_3cc64bf59232,two_r16,two,16,eps8,42,1.25,1,ok,,50,27936,223488,1037654784,2.83756390121,6faed6fc3d47b5b6fa638adfeea83cd7409d50c39fa01f85c10379d0daef6989,99a3b422c9c0a5526d5ce813945e378b322824a4042db111023b2f5f30c48c9d,checkpoints/extensions/effective_noise_v1/two_r16_eps8_lr1.25_slr1_seed42_3cc64bf59232.npz,0.00318078769833
two_r16_eps4_lr1.25_slr1_seed42_11d47ab132e3,two_r16,two,16,eps4,42,1.25,1,ok,,50,27936,223488,1037654784,2.86343804747,6faed6fc3d47b5b6fa638adfeea83cd7409d50c39fa01f85c10379d0daef6989,99a3b422c9c0a5526d5ce813945e378b322824a4042db111023b2f5f30c48c9d,checkpoints/extensions/effective_noise_v1/two_r16_eps4_lr1.25_slr1_seed42_11d47ab132e3.npz,0.00342058511051
two_r16_eps2_lr1.25_slr1_seed42_35dad4fc2301,two_r16,two,16,eps2,42,1.25,1,ok,,50,27936,223488,1037654784,2.85503551178,6faed6fc3d47b5b6fa638adfeea83cd7409d50c39fa01f85c10379d0daef6989,99a3b422c9c0a5526d5ce813945e378b322824a4042db111023b2f5f30c48c9d,checkpoints/extensions/effective_noise_v1/two_r16_eps2_lr1.25_slr1_seed42_35dad4fc2301.npz,0.0103256853548
two_r16_eps1_lr1.25_slr1_seed42_47e71badee22,two_r16,two,16,eps1,42,1.25,1,ok,,50,27936,223488,1037654784,4.82079872396,6faed6fc3d47b5b6fa638adfeea83cd7409d50c39fa01f85c10379d0daef6989,99a3b422c9c0a5526d5ce813945e378b322824a4042db111023b2f5f30c48c9d,checkpoints/extensions/effective_noise_v1/two_r16_eps1_lr1.25_slr1_seed42_47e71badee22.npz,0.00728906933599
two_r16_nodp_lr1.25_slr1_seed123_27ecead3255c,two_r16,two,16,nodp,123,1.25,1,ok,,50,27936,223488,1047488256,4.87301819213,6faed6fc3d47b5b6fa638adfeea83cd7409d50c39fa01f85c10379d0daef6989,99a3b422c9c0a5526d5ce813945e378b322824a4042db111023b2f5f30c48c9d,checkpoints/extensions/effective_noise_v1/two_r16_nodp_lr1.25_slr1_seed123_27ecead3255c.npz,0.00221646893933
two_r16_clip_lr1.25_slr1_seed123_9588b71cbf30,two_r16,two,16,clip,123,1.25,1,ok,,50,27936,223488,1047488256,2.8786687199,6faed6fc3d47b5b6fa638adfeea83cd7409d50c39fa01f85c10379d0daef6989,99a3b422c9c0a5526d5ce813945e378b322824a4042db111023b2f5f30c48c9d,checkpoints/extensions/effective_noise_v1/two_r16_clip_lr1.25_slr1_seed123_9588b71cbf30.npz,0.00221646893933
two_r16_eps8_lr1.25_slr1_seed123_8c6f82eadc95,two_r16,two,16,eps8,123,1.25,1,ok,,50,27936,223488,1047488256,2.92908417527,6faed6fc3d47b5b6fa638adfeea83cd7409d50c39fa01f85c10379d0daef6989,99a3b422c9c0a5526d5ce813945e378b322824a4042db111023b2f5f30c48c9d,checkpoints/extensions/effective_noise_v1/two_r16_eps8_lr1.25_slr1_seed123_8c6f82eadc95.npz,0.00561432117461
two_r16_eps4_lr1.25_slr1_seed123_70ac2108a190,two_r16,two,16,eps4,123,1.25,1,ok,,50,27936,223488,1047488256,2.86159736384,6faed6fc3d47b5b6fa638adfeea83cd7409d50c39fa01f85c10379d0daef6989,99a3b422c9c0a5526d5ce813945e378b322824a4042db111023b2f5f30c48c9d,checkpoints/extensions/effective_noise_v1/two_r16_eps4_lr1.25_slr1_seed123_70ac2108a190.npz,0.00453101672459
two_r16_eps2_lr1.25_slr1_seed123_b4cf6c97fb15,two_r16,two,16,eps2,123,1.25,1,ok,,50,27936,223488,1047488256,3.01904207468,6faed6fc3d47b5b6fa638adfeea83cd7409d50c39fa01f85c10379d0daef6989,99a3b422c9c0a5526d5ce813945e378b322824a4042db111023b2f5f30c48c9d,checkpoints/extensions/effective_noise_v1/two_r16_eps2_lr1.25_slr1_seed123_b4cf6c97fb15.npz,0.0128612075595
two_r16_eps1_lr1.25_slr1_seed123_ec38e4109641,two_r16,two,16,eps1,123,1.25,1,ok,,50,27936,223488,1047488256,4.82686759066,6faed6fc3d47b5b6fa638adfeea83cd7409d50c39fa01f85c10379d0daef6989,99a3b422c9c0a5526d5ce813945e378b322824a4042db111023b2f5f30c48c9d,checkpoints/extensions/effective_noise_v1/two_r16_eps1_lr1.25_slr1_seed123_ec38e4109641.npz,0.00609613854427
two_r16_nodp_lr1.25_slr1_seed2026_9b0991baadf5,two_r16,two,16,nodp,2026,1.25,1,ok,,50,27936,223488,1057098240,2.86652821209,6faed6fc3d47b5b6fa638adfeea83cd7409d50c39fa01f85c10379d0daef6989,99a3b422c9c0a5526d5ce813945e378b322824a4042db111023b2f5f30c48c9d,checkpoints/extensions/effective_noise_v1/two_r16_nodp_lr1.25_slr1_seed2026_9b0991baadf5.npz,0.00920215464854
two_r16_clip_lr1.25_slr1_seed2026_23fc2e484a8a,two_r16,two,16,clip,2026,1.25,1,ok,,50,27936,223488,1057098240,2.94226446282,6faed6fc3d47b5b6fa638adfeea83cd7409d50c39fa01f85c10379d0daef6989,99a3b422c9c0a5526d5ce813945e378b322824a4042db111023b2f5f30c48c9d,checkpoints/extensions/effective_noise_v1/two_r16_clip_lr1.25_slr1_seed2026_23fc2e484a8a.npz,0.00920215464854
two_r16_eps8_lr1.25_slr1_seed2026_7bf42ea92a4c,two_r16,two,16,eps8,2026,1.25,1,ok,,50,27936,223488,1057098240,2.95283603203,6faed6fc3d47b5b6fa638adfeea83cd7409d50c39fa01f85c10379d0daef6989,99a3b422c9c0a5526d5ce813945e378b322824a4042db111023b2f5f30c48c9d,checkpoints/extensions/effective_noise_v1/two_r16_eps8_lr1.25_slr1_seed2026_7bf42ea92a4c.npz,0.00741967938809
two_r16_eps4_lr1.25_slr1_seed2026_f8134a1fe54d,two_r16,two,16,eps4,2026,1.25,1,ok,,50,27936,223488,1057098240,2.97035333514,6faed6fc3d47b5b6fa638adfeea83cd7409d50c39fa01f85c10379d0daef6989,99a3b422c9c0a5526d5ce813945e378b322824a4042db111023b2f5f30c48c9d,checkpoints/extensions/effective_noise_v1/two_r16_eps4_lr1.25_slr1_seed2026_f8134a1fe54d.npz,0.00657838596798
two_r16_eps2_lr1.25_slr1_seed2026_d8fa8b5cdf8e,two_r16,two,16,eps2,2026,1.25,1,ok,,50,27936,223488,1057098240,2.93588978332,6faed6fc3d47b5b6fa638adfeea83cd7409d50c39fa01f85c10379d0daef6989,99a3b422c9c0a5526d5ce813945e378b322824a4042db111023b2f5f30c48c9d,checkpoints/extensions/effective_noise_v1/two_r16_eps2_lr1.25_slr1_seed2026_d8fa8b5cdf8e.npz,0.00996851779918
two_r16_eps1_lr1.25_slr1_seed2026_510247ea4cfe,two_r16,two,16,eps1,2026,1.25,1,ok,,50,27936,223488,1057098240,2.91921622306,6faed6fc3d47b5b6fa638adfeea83cd7409d50c39fa01f85c10379d0daef6989,99a3b422c9c0a5526d5ce813945e378b322824a4042db111023b2f5f30c48c9d,checkpoints/extensions/effective_noise_v1/two_r16_eps1_lr1.25_slr1_seed2026_510247ea4cfe.npz,0.00774390743763
two_r16_nodp_lr2.5_slr1_seed42_fec17e3fab58,two_r16,two,16,nodp,42,2.5,1,ok,,50,27936,223488,1037654784,2.84422671329,6faed6fc3d47b5b6fa638adfeea83cd7409d50c39fa01f85c10379d0daef6989,99a3b422c9c0a5526d5ce813945e378b322824a4042db111023b2f5f30c48c9d,checkpoints/extensions/effective_noise_v1/two_r16_nodp_lr2.5_slr1_seed42_fec17e3fab58.npz,0.0146499143708
two_r16_clip_lr2.5_slr1_seed42_a7b8c2e14ef5,two_r16,two,16,clip,42,2.5,1,ok,,50,27936,223488,1037654784,2.87288129516,6faed6fc3d47b5b6fa638adfeea83cd7409d50c39fa01f85c10379d0daef6989,99a3b422c9c0a5526d5ce813945e378b322824a4042db111023b2f5f30c48c9d,checkpoints/extensions/effective_noise_v1/two_r16_clip_lr2.5_slr1_seed42_a7b8c2e14ef5.npz,0.012908264844
two_r16_eps8_lr2.5_slr1_seed42_fd42cf08841d,two_r16,two,16,eps8,42,2.5,1,ok,,50,27936,223488,1037654784,4.75261724554,6faed6fc3d47b5b6fa638adfeea83cd7409d50c39fa01f85c10379d0daef6989,99a3b422c9c0a5526d5ce813945e378b322824a4042db111023b2f5f30c48c9d,checkpoints/extensions/effective_noise_v1/two_r16_eps8_lr2.5_slr1_seed42_fd42cf08841d.npz,0.0330786409809
two_r16_eps4_lr2.5_slr1_seed42_1055d528f32c,two_r16,two,16,eps4,42,2.5,1,ok,,50,27936,223488,1037654784,2.88576009031,6faed6fc3d47b5b6fa638adfeea83cd7409d50c39fa01f85c10379d0daef6989,99a3b422c9c0a5526d5ce813945e378b322824a4042db111023b2f5f30c48c9d,checkpoints/extensions/effective_noise_v1/two_r16_eps4_lr2.5_slr1_seed42_1055d528f32c.npz,0.0344907025392
two_r16_eps2_lr2.5_slr1_seed42_1b6c4454e751,two_r16,two,16,eps2,42,2.5,1,ok,,50,27936,223488,1037654784,4.88303944096,6faed6fc3d47b5b6fa638adfeea83cd7409d50c39fa01f85c10379d0daef6989,99a3b422c9c0a5526d5ce813945e378b322824a4042db111023b2f5f30c48c9d,checkpoints/extensions/effective_noise_v1/two_r16_eps2_lr2.5_slr1_seed42_1b6c4454e751.npz,0.0386519270451
two_r16_eps1_lr2.5_slr1_seed42_ef3c38a772e6,two_r16,two,16,eps1,42,2.5,1,ok,,50,27936,223488,1037654784,3.02722185943,6faed6fc3d47b5b6fa638adfeea83cd7409d50c39fa01f85c10379d0daef6989,99a3b422c9c0a5526d5ce813945e378b322824a4042db111023b2f5f30c48c9d,checkpoints/extensions/effective_noise_v1/two_r16_eps1_lr2.5_slr1_seed42_ef3c38a772e6.npz,0.00745652935919
two_r16_nodp_lr2.5_slr1_seed123_faf4020a04e0,two_r16,two,16,nodp,123,2.5,1,ok,,50,27936,223488,1047488256,4.88760746177,6faed6fc3d47b5b6fa638adfeea83cd7409d50c39fa01f85c10379d0daef6989,99a3b422c9c0a5526d5ce813945e378b322824a4042db111023b2f5f30c48c9d,checkpoints/extensions/effective_noise_v1/two_r16_nodp_lr2.5_slr1_seed123_faf4020a04e0.npz,0.0163215081465
two_r16_clip_lr2.5_slr1_seed123_d796896b3e03,two_r16,two,16,clip,123,2.5,1,ok,,50,27936,223488,1047488256,4.82847773097,6faed6fc3d47b5b6fa638adfeea83cd7409d50c39fa01f85c10379d0daef6989,99a3b422c9c0a5526d5ce813945e378b322824a4042db111023b2f5f30c48c9d,checkpoints/extensions/effective_noise_v1/two_r16_clip_lr2.5_slr1_seed123_d796896b3e03.npz,0.0149466644766
two_r16_eps8_lr2.5_slr1_seed123_5df8fbf13e33,two_r16,two,16,eps8,123,2.5,1,ok,,50,27936,223488,1047488256,2.89119698387,6faed6fc3d47b5b6fa638adfeea83cd7409d50c39fa01f85c10379d0daef6989,99a3b422c9c0a5526d5ce813945e378b322824a4042db111023b2f5f30c48c9d,checkpoints/extensions/effective_noise_v1/two_r16_eps8_lr2.5_slr1_seed123_5df8fbf13e33.npz,0.0369958296811
two_r16_eps4_lr2.5_slr1_seed123_6282030e1077,two_r16,two,16,eps4,123,2.5,1,ok,,50,27936,223488,1047488256,2.92960922141,6faed6fc3d47b5b6fa638adfeea83cd7409d50c39fa01f85c10379d0daef6989,99a3b422c9c0a5526d5ce813945e378b322824a4042db111023b2f5f30c48c9d,checkpoints/extensions/effective_noise_v1/two_r16_eps4_lr2.5_slr1_seed123_6282030e1077.npz,0.0355969187522
two_r16_eps2_lr2.5_slr1_seed123_ac4d03ff7048,two_r16,two,16,eps2,123,2.5,1,ok,,50,27936,223488,1047488256,2.9439964965,6faed6fc3d47b5b6fa638adfeea83cd7409d50c39fa01f85c10379d0daef6989,99a3b422c9c0a5526d5ce813945e378b322824a4042db111023b2f5f30c48c9d,checkpoints/extensions/effective_noise_v1/two_r16_eps2_lr2.5_slr1_seed123_ac4d03ff7048.npz,0.0281828410777
two_r16_eps1_lr2.5_slr1_seed123_f36d88e5dc21,two_r16,two,16,eps1,123,2.5,1,ok,,50,27936,223488,1047488256,2.94541643281,6faed6fc3d47b5b6fa638adfeea83cd7409d50c39fa01f85c10379d0daef6989,99a3b422c9c0a5526d5ce813945e378b322824a4042db111023b2f5f30c48c9d,checkpoints/extensions/effective_noise_v1/two_r16_eps1_lr2.5_slr1_seed123_f36d88e5dc21.npz,0.0147152392218
two_r16_nodp_lr2.5_slr1_seed2026_2b820f664a83,two_r16,two,16,nodp,2026,2.5,1,ok,,50,27936,223488,1057098240,2.85219345149,6faed6fc3d47b5b6fa638adfeea83cd7409d50c39fa01f85c10379d0daef6989,99a3b422c9c0a5526d5ce813945e378b322824a4042db111023b2f5f30c48c9d,checkpoints/extensions/effective_noise_v1/two_r16_nodp_lr2.5_slr1_seed2026_2b820f664a83.npz,0.044615522755
two_r16_clip_lr2.5_slr1_seed2026_9ab9e55ab5b2,two_r16,two,16,clip,2026,2.5,1,ok,,50,27936,223488,1057098240,2.89011719357,6faed6fc3d47b5b6fa638adfeea83cd7409d50c39fa01f85c10379d0daef6989,99a3b422c9c0a5526d5ce813945e378b322824a4042db111023b2f5f30c48c9d,checkpoints/extensions/effective_noise_v1/two_r16_clip_lr2.5_slr1_seed2026_9ab9e55ab5b2.npz,0.044286487863
two_r16_eps8_lr2.5_slr1_seed2026_660200cb6db0,two_r16,two,16,eps8,2026,2.5,1,ok,,50,27936,223488,1057098240,2.89758316707,6faed6fc3d47b5b6fa638adfeea83cd7409d50c39fa01f85c10379d0daef6989,99a3b422c9c0a5526d5ce813945e378b322824a4042db111023b2f5f30c48c9d,checkpoints/extensions/effective_noise_v1/two_r16_eps8_lr2.5_slr1_seed2026_660200cb6db0.npz,0.0456975099834
two_r16_eps4_lr2.5_slr1_seed2026_9927f1b24e54,two_r16,two,16,eps4,2026,2.5,1,ok,,50,27936,223488,1057098240,2.97792419884,6faed6fc3d47b5b6fa638adfeea83cd7409d50c39fa01f85c10379d0daef6989,99a3b422c9c0a5526d5ce813945e378b322824a4042db111023b2f5f30c48c9d,checkpoints/extensions/effective_noise_v1/two_r16_eps4_lr2.5_slr1_seed2026_9927f1b24e54.npz,0.0424635134496
two_r16_eps2_lr2.5_slr1_seed2026_e84d6901dac9,two_r16,two,16,eps2,2026,2.5,1,ok,,50,27936,223488,1057098240,4.90234870091,6faed6fc3d47b5b6fa638adfeea83cd7409d50c39fa01f85c10379d0daef6989,99a3b422c9c0a5526d5ce813945e378b322824a4042db111023b2f5f30c48c9d,checkpoints/extensions/effective_noise_v1/two_r16_eps2_lr2.5_slr1_seed2026_e84d6901dac9.npz,0.0318687022413
two_r16_eps1_lr2.5_slr1_seed2026_31ba0312efe1,two_r16,two,16,eps1,2026,2.5,1,ok,,50,27936,223488,1057098240,2.95383536071,6faed6fc3d47b5b6fa638adfeea83cd7409d50c39fa01f85c10379d0daef6989,99a3b422c9c0a5526d5ce813945e378b322824a4042db111023b2f5f30c48c9d,checkpoints/extensions/effective_noise_v1/two_r16_eps1_lr2.5_slr1_seed2026_31ba0312efe1.npz,0.010562094361
two_r16_nodp_lr5_slr0.5_seed42_66358ea36302,two_r16,two,16,nodp,42,5,0.5,ok,,50,27936,223488,1037654784,2.83855486196,6faed6fc3d47b5b6fa638adfeea83cd7409d50c39fa01f85c10379d0daef6989,99a3b422c9c0a5526d5ce813945e378b322824a4042db111023b2f5f30c48c9d,checkpoints/extensions/effective_noise_v1/two_r16_nodp_lr5_slr0.5_seed42_66358ea36302.npz,0.0367391739623
two_r16_clip_lr5_slr0.5_seed42_13ae626d1ff8,two_r16,two,16,clip,42,5,0.5,ok,,50,27936,223488,1037654784,2.8670587698,6faed6fc3d47b5b6fa638adfeea83cd7409d50c39fa01f85c10379d0daef6989,99a3b422c9c0a5526d5ce813945e378b322824a4042db111023b2f5f30c48c9d,checkpoints/extensions/effective_noise_v1/two_r16_clip_lr5_slr0.5_seed42_13ae626d1ff8.npz,0.0309790726661
two_r16_eps8_lr5_slr0.5_seed42_b848a7d2496f,two_r16,two,16,eps8,42,5,0.5,ok,,50,27936,223488,1037654784,2.79599994514,6faed6fc3d47b5b6fa638adfeea83cd7409d50c39fa01f85c10379d0daef6989,99a3b422c9c0a5526d5ce813945e378b322824a4042db111023b2f5f30c48c9d,checkpoints/extensions/effective_noise_v1/two_r16_eps8_lr5_slr0.5_seed42_b848a7d2496f.npz,0.0366409022617
two_r16_eps4_lr5_slr0.5_seed42_8e5da8f94c8a,two_r16,two,16,eps4,42,5,0.5,ok,,50,27936,223488,1037654784,2.00892311521,6faed6fc3d47b5b6fa638adfeea83cd7409d50c39fa01f85c10379d0daef6989,99a3b422c9c0a5526d5ce813945e378b322824a4042db111023b2f5f30c48c9d,checkpoints/extensions/effective_noise_v1/two_r16_eps4_lr5_slr0.5_seed42_8e5da8f94c8a.npz,0.0388814056278
two_r16_eps2_lr5_slr0.5_seed42_0280fffc1135,two_r16,two,16,eps2,42,5,0.5,ok,,50,27936,223488,1037654784,2.91032120772,6faed6fc3d47b5b6fa638adfeea83cd7409d50c39fa01f85c10379d0daef6989,99a3b422c9c0a5526d5ce813945e378b322824a4042db111023b2f5f30c48c9d,checkpoints/extensions/effective_noise_v1/two_r16_eps2_lr5_slr0.5_seed42_0280fffc1135.npz,0.0355787499249
two_r16_eps1_lr5_slr0.5_seed42_0d2b05b86d52,two_r16,two,16,eps1,42,5,0.5,ok,,50,27936,223488,1037654784,2.94958607946,6faed6fc3d47b5b6fa638adfeea83cd7409d50c39fa01f85c10379d0daef6989,99a3b422c9c0a5526d5ce813945e378b322824a4042db111023b2f5f30c48c9d,checkpoints/extensions/effective_noise_v1/two_r16_eps1_lr5_slr0.5_seed42_0d2b05b86d52.npz,0.0212898861035
two_r16_nodp_lr5_slr0.5_seed123_07a22603d87e,two_r16,two,16,nodp,123,5,0.5,ok,,50,27936,223488,1047488256,4.77739791106,6faed6fc3d47b5b6fa638adfeea83cd7409d50c39fa01f85c10379d0daef6989,99a3b422c9c0a5526d5ce813945e378b322824a4042db111023b2f5f30c48c9d,checkpoints/extensions/effective_noise_v1/two_r16_nodp_lr5_slr0.5_seed123_07a22603d87e.npz,0.0380364226006
two_r16_clip_lr5_slr0.5_seed123_50f82971524f,two_r16,two,16,clip,123,5,0.5,ok,,50,27936,223488,1047488256,4.84714200255,6faed6fc3d47b5b6fa638adfeea83cd7409d50c39fa01f85c10379d0daef6989,99a3b422c9c0a5526d5ce813945e378b322824a4042db111023b2f5f30c48c9d,checkpoints/extensions/effective_noise_v1/two_r16_clip_lr5_slr0.5_seed123_50f82971524f.npz,0.0346860501282
two_r16_eps8_lr5_slr0.5_seed123_d52bc6c30e58,two_r16,two,16,eps8,123,5,0.5,ok,,50,27936,223488,1047488256,4.83080015704,6faed6fc3d47b5b6fa638adfeea83cd7409d50c39fa01f85c10379d0daef6989,99a3b422c9c0a5526d5ce813945e378b322824a4042db111023b2f5f30c48c9d,checkpoints/extensions/effective_noise_v1/two_r16_eps8_lr5_slr0.5_seed123_d52bc6c30e58.npz,0.0382273992761
two_r16_eps4_lr5_slr0.5_seed123_c58f72c2a3d7,two_r16,two,16,eps4,123,5,0.5,ok,,50,27936,223488,1047488256,2.9240167588,6faed6fc3d47b5b6fa638adfeea83cd7409d50c39fa01f85c10379d0daef6989,99a3b422c9c0a5526d5ce813945e378b322824a4042db111023b2f5f30c48c9d,checkpoints/extensions/effective_noise_v1/two_r16_eps4_lr5_slr0.5_seed123_c58f72c2a3d7.npz,0.0380300182058
two_r16_eps2_lr5_slr0.5_seed123_3b89cb001700,two_r16,two,16,eps2,123,5,0.5,ok,,50,27936,223488,1047488256,2.94661665801,6faed6fc3d47b5b6fa638adfeea83cd7409d50c39fa01f85c10379d0daef6989,99a3b422c9c0a5526d5ce813945e378b322824a4042db111023b2f5f30c48c9d,checkpoints/extensions/effective_noise_v1/two_r16_eps2_lr5_slr0.5_seed123_3b89cb001700.npz,0.0241915855898
two_r16_eps1_lr5_slr0.5_seed123_67d809fca414,two_r16,two,16,eps1,123,5,0.5,ok,,50,27936,223488,1047488256,2.91978048813,6faed6fc3d47b5b6fa638adfeea83cd7409d50c39fa01f85c10379d0daef6989,99a3b422c9c0a5526d5ce813945e378b322824a4042db111023b2f5f30c48c9d,checkpoints/extensions/effective_noise_v1/two_r16_eps1_lr5_slr0.5_seed123_67d809fca414.npz,0.0235893101028
two_r16_nodp_lr5_slr0.5_seed2026_a90c5fb655cd,two_r16,two,16,nodp,2026,5,0.5,ok,,50,27936,223488,1057098240,2.85232267249,6faed6fc3d47b5b6fa638adfeea83cd7409d50c39fa01f85c10379d0daef6989,99a3b422c9c0a5526d5ce813945e378b322824a4042db111023b2f5f30c48c9d,checkpoints/extensions/effective_noise_v1/two_r16_nodp_lr5_slr0.5_seed2026_a90c5fb655cd.npz,0.0482334978292
two_r16_clip_lr5_slr0.5_seed2026_8e365e59d240,two_r16,two,16,clip,2026,5,0.5,ok,,50,27936,223488,1057098240,2.90219647717,6faed6fc3d47b5b6fa638adfeea83cd7409d50c39fa01f85c10379d0daef6989,99a3b422c9c0a5526d5ce813945e378b322824a4042db111023b2f5f30c48c9d,checkpoints/extensions/effective_noise_v1/two_r16_clip_lr5_slr0.5_seed2026_8e365e59d240.npz,0.0497187852842
two_r16_eps8_lr5_slr0.5_seed2026_ca329f735e3f,two_r16,two,16,eps8,2026,5,0.5,ok,,50,27936,223488,1057098240,2.90087178722,6faed6fc3d47b5b6fa638adfeea83cd7409d50c39fa01f85c10379d0daef6989,99a3b422c9c0a5526d5ce813945e378b322824a4042db111023b2f5f30c48c9d,checkpoints/extensions/effective_noise_v1/two_r16_eps8_lr5_slr0.5_seed2026_ca329f735e3f.npz,0.0434288983061
two_r16_eps4_lr5_slr0.5_seed2026_fc3f56ea602d,two_r16,two,16,eps4,2026,5,0.5,ok,,50,27936,223488,1057098240,2.95771981683,6faed6fc3d47b5b6fa638adfeea83cd7409d50c39fa01f85c10379d0daef6989,99a3b422c9c0a5526d5ce813945e378b322824a4042db111023b2f5f30c48c9d,checkpoints/extensions/effective_noise_v1/two_r16_eps4_lr5_slr0.5_seed2026_fc3f56ea602d.npz,0.0469347836955
two_r16_eps2_lr5_slr0.5_seed2026_c89d3621aebf,two_r16,two,16,eps2,2026,5,0.5,ok,,50,27936,223488,1057098240,2.93409432564,6faed6fc3d47b5b6fa638adfeea83cd7409d50c39fa01f85c10379d0daef6989,99a3b422c9c0a5526d5ce813945e378b322824a4042db111023b2f5f30c48c9d,checkpoints/extensions/effective_noise_v1/two_r16_eps2_lr5_slr0.5_seed2026_c89d3621aebf.npz,0.0379158067362
two_r16_eps1_lr5_slr0.5_seed2026_960ab62e1f13,two_r16,two,16,eps1,2026,5,0.5,ok,,50,27936,223488,1057098240,4.91526887566,6faed6fc3d47b5b6fa638adfeea83cd7409d50c39fa01f85c10379d0daef6989,99a3b422c9c0a5526d5ce813945e378b322824a4042db111023b2f5f30c48c9d,checkpoints/extensions/effective_noise_v1/two_r16_eps1_lr5_slr0.5_seed2026_960ab62e1f13.npz,0.0204979743103
two_r16_nodp_lr5_slr1_seed42_42815f86d9a8,two_r16,two,16,nodp,42,5,1,ok,,50,27936,223488,1037654784,2.75784711912,6faed6fc3d47b5b6fa638adfeea83cd7409d50c39fa01f85c10379d0daef6989,99a3b422c9c0a5526d5ce813945e378b322824a4042db111023b2f5f30c48c9d,checkpoints/extensions/effective_noise_v1/two_r16_nodp_lr5_slr1_seed42_42815f86d9a8.npz,0.04599484459
two_r16_clip_lr5_slr1_seed42_374d2c055f67,two_r16,two,16,clip,42,5,1,ok,,50,27936,223488,1037654784,2.89546616469,6faed6fc3d47b5b6fa638adfeea83cd7409d50c39fa01f85c10379d0daef6989,99a3b422c9c0a5526d5ce813945e378b322824a4042db111023b2f5f30c48c9d,checkpoints/extensions/effective_noise_v1/two_r16_clip_lr5_slr1_seed42_374d2c055f67.npz,0.045826421102
two_r16_eps8_lr5_slr1_seed42_04323ae79dc9,two_r16,two,16,eps8,42,5,1,ok,,50,27936,223488,1037654784,2.91881084628,6faed6fc3d47b5b6fa638adfeea83cd7409d50c39fa01f85c10379d0daef6989,99a3b422c9c0a5526d5ce813945e378b322824a4042db111023b2f5f30c48c9d,checkpoints/extensions/effective_noise_v1/two_r16_eps8_lr5_slr1_seed42_04323ae79dc9.npz,0.04837578173
two_r16_eps4_lr5_slr1_seed42_0dd93be6ce83,two_r16,two,16,eps4,42,5,1,ok,,50,27936,223488,1037654784,2.98628494609,6faed6fc3d47b5b6fa638adfeea83cd7409d50c39fa01f85c10379d0daef6989,99a3b422c9c0a5526d5ce813945e378b322824a4042db111023b2f5f30c48c9d,checkpoints/extensions/effective_noise_v1/two_r16_eps4_lr5_slr1_seed42_0dd93be6ce83.npz,0.0515216831371
two_r16_eps2_lr5_slr1_seed42_2367a85737a7,two_r16,two,16,eps2,42,5,1,ok,,50,27936,223488,1037654784,4.92715179175,6faed6fc3d47b5b6fa638adfeea83cd7409d50c39fa01f85c10379d0daef6989,99a3b422c9c0a5526d5ce813945e378b322824a4042db111023b2f5f30c48c9d,checkpoints/extensions/effective_noise_v1/two_r16_eps2_lr5_slr1_seed42_2367a85737a7.npz,0.0362902414618
two_r16_eps1_lr5_slr1_seed42_d0029082a131,two_r16,two,16,eps1,42,5,1,diverged,non-finite local state at round 49,49,27936,223488,996756480,2.7271569334,6faed6fc3d47b5b6fa638adfeea83cd7409d50c39fa01f85c10379d0daef6989,99a3b422c9c0a5526d5ce813945e378b322824a4042db111023b2f5f30c48c9d,,
two_r16_nodp_lr5_slr1_seed123_6a2a16fcb23d,two_r16,two,16,nodp,123,5,1,ok,,50,27936,223488,1047488256,4.8735842118,6faed6fc3d47b5b6fa638adfeea83cd7409d50c39fa01f85c10379d0daef6989,99a3b422c9c0a5526d5ce813945e378b322824a4042db111023b2f5f30c48c9d,checkpoints/extensions/effective_noise_v1/two_r16_nodp_lr5_slr1_seed123_6a2a16fcb23d.npz,0.0474209595611
two_r16_clip_lr5_slr1_seed123_c2d49498c195,two_r16,two,16,clip,123,5,1,ok,,50,27936,223488,1047488256,2.88435526565,6faed6fc3d47b5b6fa638adfeea83cd7409d50c39fa01f85c10379d0daef6989,99a3b422c9c0a5526d5ce813945e378b322824a4042db111023b2f5f30c48c9d,checkpoints/extensions/effective_noise_v1/two_r16_clip_lr5_slr1_seed123_c2d49498c195.npz,0.0501477744098
two_r16_eps8_lr5_slr1_seed123_4729d9829b12,two_r16,two,16,eps8,123,5,1,ok,,50,27936,223488,1047488256,4.97506116517,6faed6fc3d47b5b6fa638adfeea83cd7409d50c39fa01f85c10379d0daef6989,99a3b422c9c0a5526d5ce813945e378b322824a4042db111023b2f5f30c48c9d,checkpoints/extensions/effective_noise_v1/two_r16_eps8_lr5_slr1_seed123_4729d9829b12.npz,0.0432237863956
two_r16_eps4_lr5_slr1_seed123_9c60785da9ec,two_r16,two,16,eps4,123,5,1,ok,,50,27936,223488,1047488256,2.95754312351,6faed6fc3d47b5b6fa638adfeea83cd7409d50c39fa01f85c10379d0daef6989,99a3b422c9c0a5526d5ce813945e378b322824a4042db111023b2f5f30c48c9d,checkpoints/extensions/effective_noise_v1/two_r16_eps4_lr5_slr1_seed123_9c60785da9ec.npz,0.0475415193406
two_r16_eps2_lr5_slr1_seed123_d1b56abba71b,two_r16,two,16,eps2,123,5,1,ok,,50,27936,223488,1047488256,2.99802837893,6faed6fc3d47b5b6fa638adfeea83cd7409d50c39fa01f85c10379d0daef6989,99a3b422c9c0a5526d5ce813945e378b322824a4042db111023b2f5f30c48c9d,checkpoints/extensions/effective_noise_v1/two_r16_eps2_lr5_slr1_seed123_d1b56abba71b.npz,0.0296816341047
two_r16_eps1_lr5_slr1_seed123_02ce690af3b5,two_r16,two,16,eps1,123,5,1,ok,,50,27936,223488,1047488256,2.99437134899,6faed6fc3d47b5b6fa638adfeea83cd7409d50c39fa01f85c10379d0daef6989,99a3b422c9c0a5526d5ce813945e378b322824a4042db111023b2f5f30c48c9d,checkpoints/extensions/effective_noise_v1/two_r16_eps1_lr5_slr1_seed123_02ce690af3b5.npz,0.0146716734387
two_r16_nodp_lr5_slr1_seed2026_619a948b64ef,two_r16,two,16,nodp,2026,5,1,diverged,non-finite local state at round 50,50,27936,223488,1034302464,2.69851938169,6faed6fc3d47b5b6fa638adfeea83cd7409d50c39fa01f85c10379d0daef6989,99a3b422c9c0a5526d5ce813945e378b322824a4042db111023b2f5f30c48c9d,,
two_r16_clip_lr5_slr1_seed2026_6bc48d82902d,two_r16,two,16,clip,2026,5,1,ok,,50,27936,223488,1057098240,2.96666471474,6faed6fc3d47b5b6fa638adfeea83cd7409d50c39fa01f85c10379d0daef6989,99a3b422c9c0a5526d5ce813945e378b322824a4042db111023b2f5f30c48c9d,checkpoints/extensions/effective_noise_v1/two_r16_clip_lr5_slr1_seed2026_6bc48d82902d.npz,0.0495302561214
two_r16_eps8_lr5_slr1_seed2026_fa8f44580053,two_r16,two,16,eps8,2026,5,1,ok,,50,27936,223488,1057098240,3.02103424072,6faed6fc3d47b5b6fa638adfeea83cd7409d50c39fa01f85c10379d0daef6989,99a3b422c9c0a5526d5ce813945e378b322824a4042db111023b2f5f30c48c9d,checkpoints/extensions/effective_noise_v1/two_r16_eps8_lr5_slr1_seed2026_fa8f44580053.npz,0.0486901434754
two_r16_eps4_lr5_slr1_seed2026_ceb0555ea645,two_r16,two,16,eps4,2026,5,1,ok,,50,27936,223488,1057098240,3.05620281678,6faed6fc3d47b5b6fa638adfeea83cd7409d50c39fa01f85c10379d0daef6989,99a3b422c9c0a5526d5ce813945e378b322824a4042db111023b2f5f30c48c9d,checkpoints/extensions/effective_noise_v1/two_r16_eps4_lr5_slr1_seed2026_ceb0555ea645.npz,0.0405248791646
two_r16_eps2_lr5_slr1_seed2026_803a2e50de06,two_r16,two,16,eps2,2026,5,1,ok,,50,27936,223488,1057098240,3.12959675118,6faed6fc3d47b5b6fa638adfeea83cd7409d50c39fa01f85c10379d0daef6989,99a3b422c9c0a5526d5ce813945e378b322824a4042db111023b2f5f30c48c9d,checkpoints/extensions/effective_noise_v1/two_r16_eps2_lr5_slr1_seed2026_803a2e50de06.npz,0.0323948567967
two_r16_eps1_lr5_slr1_seed2026_9cc1261fc5bb,two_r16,two,16,eps1,2026,5,1,ok,,50,27936,223488,1057098240,5.74912882131,6faed6fc3d47b5b6fa638adfeea83cd7409d50c39fa01f85c10379d0daef6989,99a3b422c9c0a5526d5ce813945e378b322824a4042db111023b2f5f30c48c9d,checkpoints/extensions/effective_noise_v1/two_r16_eps1_lr5_slr1_seed2026_9cc1261fc5bb.npz,0.0126356823021
two_r32_nodp_lr1.25_slr1_seed42_a1b94e208e8a,two_r32,two,32,nodp,42,1.25,1,ok,,50,55872,446976,2075309568,4.03726002015,6faed6fc3d47b5b6fa638adfeea83cd7409d50c39fa01f85c10379d0daef6989,99a3b422c9c0a5526d5ce813945e378b322824a4042db111023b2f5f30c48c9d,checkpoints/extensions/effective_noise_v1/two_r32_nodp_lr1.25_slr1_seed42_a1b94e208e8a.npz,0.00254001766396
two_r32_clip_lr1.25_slr1_seed42_ecdb76bb3090,two_r32,two,32,clip,42,1.25,1,ok,,50,55872,446976,2075309568,4.03199366387,6faed6fc3d47b5b6fa638adfeea83cd7409d50c39fa01f85c10379d0daef6989,99a3b422c9c0a5526d5ce813945e378b322824a4042db111023b2f5f30c48c9d,checkpoints/extensions/effective_noise_v1/two_r32_clip_lr1.25_slr1_seed42_ecdb76bb3090.npz,0.00254001766396
two_r32_eps8_lr1.25_slr1_seed42_df6429e514f0,two_r32,two,32,eps8,42,1.25,1,ok,,50,55872,446976,2075309568,4.16658633854,6faed6fc3d47b5b6fa638adfeea83cd7409d50c39fa01f85c10379d0daef6989,99a3b422c9c0a5526d5ce813945e378b322824a4042db111023b2f5f30c48c9d,checkpoints/extensions/effective_noise_v1/two_r32_eps8_lr1.25_slr1_seed42_df6429e514f0.npz,0.00539163665053
two_r32_eps4_lr1.25_slr1_seed42_0487cfec8511,two_r32,two,32,eps4,42,1.25,1,ok,,50,55872,446976,2075309568,7.24504322559,6faed6fc3d47b5b6fa638adfeea83cd7409d50c39fa01f85c10379d0daef6989,99a3b422c9c0a5526d5ce813945e378b322824a4042db111023b2f5f30c48c9d,checkpoints/extensions/effective_noise_v1/two_r32_eps4_lr1.25_slr1_seed42_0487cfec8511.npz,0.00582256470271
two_r32_eps2_lr1.25_slr1_seed42_196aca2f0655,two_r32,two,32,eps2,42,1.25,1,ok,,50,55872,446976,2075309568,4.3511926271,6faed6fc3d47b5b6fa638adfeea83cd7409d50c39fa01f85c10379d0daef6989,99a3b422c9c0a5526d5ce813945e378b322824a4042db111023b2f5f30c48c9d,checkpoints/extensions/effective_noise_v1/two_r32_eps2_lr1.25_slr1_seed42_196aca2f0655.npz,0.0056280674114
two_r32_eps1_lr1.25_slr1_seed42_f7aa9acc6254,two_r32,two,32,eps1,42,1.25,1,ok,,50,55872,446976,2075309568,7.20994673762,6faed6fc3d47b5b6fa638adfeea83cd7409d50c39fa01f85c10379d0daef6989,99a3b422c9c0a5526d5ce813945e378b322824a4042db111023b2f5f30c48c9d,checkpoints/extensions/effective_noise_v1/two_r32_eps1_lr1.25_slr1_seed42_f7aa9acc6254.npz,0.00341845662481
two_r32_nodp_lr1.25_slr1_seed123_ea986e9cf529,two_r32,two,32,nodp,123,1.25,1,ok,,50,55872,446976,2094976512,7.30317138508,6faed6fc3d47b5b6fa638adfeea83cd7409d50c39fa01f85c10379d0daef6989,99a3b422c9c0a5526d5ce813945e378b322824a4042db111023b2f5f30c48c9d,checkpoints/extensions/effective_noise_v1/two_r32_nodp_lr1.25_slr1_seed123_ea986e9cf529.npz,0.00244078147833
two_r32_clip_lr1.25_slr1_seed123_d2a250cfdf9d,two_r32,two,32,clip,123,1.25,1,ok,,50,55872,446976,2094976512,4.21052038856,6faed6fc3d47b5b6fa638adfeea83cd7409d50c39fa01f85c10379d0daef6989,99a3b422c9c0a5526d5ce813945e378b322824a4042db111023b2f5f30c48c9d,checkpoints/extensions/effective_noise_v1/two_r32_clip_lr1.25_slr1_seed123_d2a250cfdf9d.npz,0.00244078147833
two_r32_eps8_lr1.25_slr1_seed123_bc9de4995708,two_r32,two,32,eps8,123,1.25,1,ok,,50,55872,446976,2094976512,4.32985081989,6faed6fc3d47b5b6fa638adfeea83cd7409d50c39fa01f85c10379d0daef6989,99a3b422c9c0a5526d5ce813945e378b322824a4042db111023b2f5f30c48c9d,checkpoints/extensions/effective_noise_v1/two_r32_eps8_lr1.25_slr1_seed123_bc9de4995708.npz,0.00392269574829
two_r32_eps4_lr1.25_slr1_seed123_17fb8e8ac402,two_r32,two,32,eps4,123,1.25,1,ok,,50,55872,446976,2094976512,4.37052445207,6faed6fc3d47b5b6fa638adfeea83cd7409d50c39fa01f85c10379d0daef6989,99a3b422c9c0a5526d5ce813945e378b322824a4042db111023b2f5f30c48c9d,checkpoints/extensions/effective_noise_v1/two_r32_eps4_lr1.25_slr1_seed123_17fb8e8ac402.npz,0.00817482397491
two_r32_eps2_lr1.25_slr1_seed123_b1bc509e81f4,two_r32,two,32,eps2,123,1.25,1,ok,,50,55872,446976,2094976512,4.31998730265,6faed6fc3d47b5b6fa638adfeea83cd7409d50c39fa01f85c10379d0daef6989,99a3b422c9c0a5526d5ce813945e378b322824a4042db111023b2f5f30c48c9d,checkpoints/extensions/effective_noise_v1/two_r32_eps2_lr1.25_slr1_seed123_b1bc509e81f4.npz,0.00336234244654
two_r32_eps1_lr1.25_slr1_seed123_35a9d9b8a055,two_r32,two,32,eps1,123,1.25,1,ok,,50,55872,446976,2094976512,4.41176444758,6faed6fc3d47b5b6fa638adfeea83cd7409d50c39fa01f85c10379d0daef6989,99a3b422c9c0a5526d5ce813945e378b322824a4042db111023b2f5f30c48c9d,checkpoints/extensions/effective_noise_v1/two_r32_eps1_lr1.25_slr1_seed123_35a9d9b8a055.npz,0.00776472704467
two_r32_nodp_lr1.25_slr1_seed2026_72492686b4e5,two_r32,two,32,nodp,2026,1.25,1,ok,,50,55872,446976,2114196480,4.2664341433,6faed6fc3d47b5b6fa638adfeea83cd7409d50c39fa01f85c10379d0daef6989,99a3b422c9c0a5526d5ce813945e378b322824a4042db111023b2f5f30c48c9d,checkpoints/extensions/effective_noise_v1/two_r32_nodp_lr1.25_slr1_seed2026_72492686b4e5.npz,0.00681064238778
two_r32_clip_lr1.25_slr1_seed2026_59c898482000,two_r32,two,32,clip,2026,1.25,1,ok,,50,55872,446976,2114196480,4.2249219669,6faed6fc3d47b5b6fa638adfeea83cd7409d50c39fa01f85c10379d0daef6989,99a3b422c9c0a5526d5ce813945e378b322824a4042db111023b2f5f30c48c9d,checkpoints/extensions/effective_noise_v1/two_r32_clip_lr1.25_slr1_seed2026_59c898482000.npz,0.00681064238778
two_r32_eps8_lr1.25_slr1_seed2026_9885e17f36fb,two_r32,two,32,eps8,2026,1.25,1,ok,,50,55872,446976,2114196480,4.3553204108,6faed6fc3d47b5b6fa638adfeea83cd7409d50c39fa01f85c10379d0daef6989,99a3b422c9c0a5526d5ce813945e378b322824a4042db111023b2f5f30c48c9d,checkpoints/extensions/effective_noise_v1/two_r32_eps8_lr1.25_slr1_seed2026_9885e17f36fb.npz,0.00444912352128
two_r32_eps4_lr1.25_slr1_seed2026_d1889361889b,two_r32,two,32,eps4,2026,1.25,1,ok,,50,55872,446976,2114196480,7.49756813422,6faed6fc3d47b5b6fa638adfeea83cd7409d50c39fa01f85c10379d0daef6989,99a3b422c9c0a5526d5ce813945e378b322824a4042db111023b2f5f30c48c9d,checkpoints/extensions/effective_noise_v1/two_r32_eps4_lr1.25_slr1_seed2026_d1889361889b.npz,0.0086716260087
two_r32_eps2_lr1.25_slr1_seed2026_9059bd2e08d8,two_r32,two,32,eps2,2026,1.25,1,ok,,50,55872,446976,2114196480,4.6260220781,6faed6fc3d47b5b6fa638adfeea83cd7409d50c39fa01f85c10379d0daef6989,99a3b422c9c0a5526d5ce813945e378b322824a4042db111023b2f5f30c48c9d,checkpoints/extensions/effective_noise_v1/two_r32_eps2_lr1.25_slr1_seed2026_9059bd2e08d8.npz,0.00929731567633
two_r32_eps1_lr1.25_slr1_seed2026_ed659e98ca6f,two_r32,two,32,eps1,2026,1.25,1,ok,,50,55872,446976,2114196480,4.45291044377,6faed6fc3d47b5b6fa638adfeea83cd7409d50c39fa01f85c10379d0daef6989,99a3b422c9c0a5526d5ce813945e378b322824a4042db111023b2f5f30c48c9d,checkpoints/extensions/effective_noise_v1/two_r32_eps1_lr1.25_slr1_seed2026_ed659e98ca6f.npz,0.00635199520628
two_r32_nodp_lr2.5_slr1_seed42_dbfbbccb5839,two_r32,two,32,nodp,42,2.5,1,ok,,50,55872,446976,2075309568,4.20845874306,6faed6fc3d47b5b6fa638adfeea83cd7409d50c39fa01f85c10379d0daef6989,99a3b422c9c0a5526d5ce813945e378b322824a4042db111023b2f5f30c48c9d,checkpoints/extensions/effective_noise_v1/two_r32_nodp_lr2.5_slr1_seed42_dbfbbccb5839.npz,0.0175524317107
two_r32_clip_lr2.5_slr1_seed42_a65eeb76f2a3,two_r32,two,32,clip,42,2.5,1,ok,,50,55872,446976,2075309568,4.20491056703,6faed6fc3d47b5b6fa638adfeea83cd7409d50c39fa01f85c10379d0daef6989,99a3b422c9c0a5526d5ce813945e378b322824a4042db111023b2f5f30c48c9d,checkpoints/extensions/effective_noise_v1/two_r32_clip_lr2.5_slr1_seed42_a65eeb76f2a3.npz,0.0162600232422
two_r32_eps8_lr2.5_slr1_seed42_203f83d8770c,two_r32,two,32,eps8,42,2.5,1,ok,,50,55872,446976,2075309568,7.33496414497,6faed6fc3d47b5b6fa638adfeea83cd7409d50c39fa01f85c10379d0daef6989,99a3b422c9c0a5526d5ce813945e378b322824a4042db111023b2f5f30c48c9d,checkpoints/extensions/effective_noise_v1/two_r32_eps8_lr2.5_slr1_seed42_203f83d8770c.npz,0.0374494970314
two_r32_eps4_lr2.5_slr1_seed42_0d720689c8ac,two_r32,two,32,eps4,42,2.5,1,ok,,50,55872,446976,2075309568,4.30585256778,6faed6fc3d47b5b6fa638adfeea83cd7409d50c39fa01f85c10379d0daef6989,99a3b422c9c0a5526d5ce813945e378b322824a4042db111023b2f5f30c48c9d,checkpoints/extensions/effective_noise_v1/two_r32_eps4_lr2.5_slr1_seed42_0d720689c8ac.npz,0.0394108012955
two_r32_eps2_lr2.5_slr1_seed42_59e8283aedb5,two_r32,two,32,eps2,42,2.5,1,ok,,50,55872,446976,2075309568,4.35938059539,6faed6fc3d47b5b6fa638adfeea83cd7409d50c39fa01f85c10379d0daef6989,99a3b422c9c0a5526d5ce813945e378b322824a4042db111023b2f5f30c48c9d,checkpoints/extensions/effective_noise_v1/two_r32_eps2_lr2.5_slr1_seed42_59e8283aedb5.npz,0.0204579531381
two_r32_eps1_lr2.5_slr1_seed42_c5d3b1769980,two_r32,two,32,eps1,42,2.5,1,ok,,50,55872,446976,2075309568,7.58043085877,6faed6fc3d47b5b6fa638adfeea83cd7409d50c39fa01f85c10379d0daef6989,99a3b422c9c0a5526d5ce813945e378b322824a4042db111023b2f5f30c48c9d,checkpoints/extensions/effective_noise_v1/two_r32_eps1_lr2.5_slr1_seed42_c5d3b1769980.npz,0.00579768656835
two_r32_nodp_lr2.5_slr1_seed123_9b4d57aa314f,two_r32,two,32,nodp,123,2.5,1,ok,,50,55872,446976,2094976512,7.24084634706,6faed6fc3d47b5b6fa638adfeea83cd7409d50c39fa01f85c10379d0daef6989,99a3b422c9c0a5526d5ce813945e378b322824a4042db111023b2f5f30c48c9d,checkpoints/extensions/effective_noise_v1/two_r32_nodp_lr2.5_slr1_seed123_9b4d57aa314f.npz,0.0203955467111
two_r32_clip_lr2.5_slr1_seed123_15698ac65f79,two_r32,two,32,clip,123,2.5,1,ok,,50,55872,446976,2094976512,4.17310390435,6faed6fc3d47b5b6fa638adfeea83cd7409d50c39fa01f85c10379d0daef6989,99a3b422c9c0a5526d5ce813945e378b322824a4042db111023b2f5f30c48c9d,checkpoints/extensions/effective_noise_v1/two_r32_clip_lr2.5_slr1_seed123_15698ac65f79.npz,0.0207209883723
two_r32_eps8_lr2.5_slr1_seed123_ac49026ad763,two_r32,two,32,eps8,123,2.5,1,ok,,50,55872,446976,2094976512,4.48635201342,6faed6fc3d47b5b6fa638adfeea83cd7409d50c39fa01f85c10379d0daef6989,99a3b422c9c0a5526d5ce813945e378b322824a4042db111023b2f5f30c48c9d,checkpoints/extensions/effective_noise_v1/two_r32_eps8_lr2.5_slr1_seed123_ac49026ad763.npz,0.0369223388623
two_r32_eps4_lr2.5_slr1_seed123_91ad5c8e9b35,two_r32,two,32,eps4,123,2.5,1,ok,,50,55872,446976,2094976512,4.34745578002,6faed6fc3d47b5b6fa638adfeea83cd7409d50c39fa01f85c10379d0daef6989,99a3b422c9c0a5526d5ce813945e378b322824a4042db111023b2f5f30c48c9d,checkpoints/extensions/effective_noise_v1/two_r32_eps4_lr2.5_slr1_seed123_91ad5c8e9b35.npz,0.0334715748035
two_r32_eps2_lr2.5_slr1_seed123_66663b4cc3d6,two_r32,two,32,eps2,123,2.5,1,ok,,50,55872,446976,2094976512,4.44208821468,6faed6fc3d47b5b6fa638adfeea83cd7409d50c39fa01f85c10379d0daef6989,99a3b422c9c0a5526d5ce813945e378b322824a4042db111023b2f5f30c48c9d,checkpoints/extensions/effective_noise_v1/two_r32_eps2_lr2.5_slr1_seed123_66663b4cc3d6.npz,0.0178905315635
two_r32_eps1_lr2.5_slr1_seed123_d741bb7ec00b,two_r32,two,32,eps1,123,2.5,1,ok,,50,55872,446976,2094976512,4.56181561574,6faed6fc3d47b5b6fa638adfeea83cd7409d50c39fa01f85c10379d0daef6989,99a3b422c9c0a5526d5ce813945e378b322824a4042db111023b2f5f30c48c9d,checkpoints/extensions/effective_noise_v1/two_r32_eps1_lr2.5_slr1_seed123_d741bb7ec00b.npz,0.0126464234486
two_r32_nodp_lr2.5_slr1_seed2026_1c7c8de8d085,two_r32,two,32,nodp,2026,2.5,1,ok,,50,55872,446976,2114196480,4.30101755075,6faed6fc3d47b5b6fa638adfeea83cd7409d50c39fa01f85c10379d0daef6989,99a3b422c9c0a5526d5ce813945e378b322824a4042db111023b2f5f30c48c9d,checkpoints/extensions/effective_noise_v1/two_r32_nodp_lr2.5_slr1_seed2026_1c7c8de8d085.npz,0.0376413235501
two_r32_clip_lr2.5_slr1_seed2026_4339243cfe31,two_r32,two,32,clip,2026,2.5,1,ok,,50,55872,446976,2114196480,4.24348662328,6faed6fc3d47b5b6fa638adfeea83cd7409d50c39fa01f85c10379d0daef6989,99a3b422c9c0a5526d5ce813945e378b322824a4042db111023b2f5f30c48c9d,checkpoints/extensions/effective_noise_v1/two_r32_clip_lr2.5_slr1_seed2026_4339243cfe31.npz,0.0378025923043
two_r32_eps8_lr2.5_slr1_seed2026_fe4d43d53e61,two_r32,two,32,eps8,2026,2.5,1,ok,,50,55872,446976,2114196480,4.37842972204,6faed6fc3d47b5b6fa638adfeea83cd7409d50c39fa01f85c10379d0daef6989,99a3b422c9c0a5526d5ce813945e378b322824a4042db111023b2f5f30c48c9d,checkpoints/extensions/effective_noise_v1/two_r32_eps8_lr2.5_slr1_seed2026_fe4d43d53e61.npz,0.0425801533158
two_r32_eps4_lr2.5_slr1_seed2026_bb9577121fa3,two_r32,two,32,eps4,2026,2.5,1,ok,,50,55872,446976,2114196480,7.66231573559,6faed6fc3d47b5b6fa638adfeea83cd7409d50c39fa01f85c10379d0daef6989,99a3b422c9c0a5526d5ce813945e378b322824a4042db111023b2f5f30c48c9d,checkpoints/extensions/effective_noise_v1/two_r32_eps4_lr2.5_slr1_seed2026_bb9577121fa3.npz,0.0472016391121
two_r32_eps2_lr2.5_slr1_seed2026_a19679db7c8e,two_r32,two,32,eps2,2026,2.5,1,ok,,50,55872,446976,2114196480,4.4358253032,6faed6fc3d47b5b6fa638adfeea83cd7409d50c39fa01f85c10379d0daef6989,99a3b422c9c0a5526d5ce813945e378b322824a4042db111023b2f5f30c48c9d,checkpoints/extensions/effective_noise_v1/two_r32_eps2_lr2.5_slr1_seed2026_a19679db7c8e.npz,0.0245278623462
two_r32_eps1_lr2.5_slr1_seed2026_a292e1a4c513,two_r32,two,32,eps1,2026,2.5,1,ok,,50,55872,446976,2114196480,4.60348446481,6faed6fc3d47b5b6fa638adfeea83cd7409d50c39fa01f85c10379d0daef6989,99a3b422c9c0a5526d5ce813945e378b322824a4042db111023b2f5f30c48c9d,checkpoints/extensions/effective_noise_v1/two_r32_eps1_lr2.5_slr1_seed2026_a292e1a4c513.npz,0.0119135977397
two_r32_nodp_lr5_slr0.5_seed42_5fa7ebce36af,two_r32,two,32,nodp,42,5,0.5,ok,,50,55872,446976,2075309568,4.18931498285,6faed6fc3d47b5b6fa638adfeea83cd7409d50c39fa01f85c10379d0daef6989,99a3b422c9c0a5526d5ce813945e378b322824a4042db111023b2f5f30c48c9d,checkpoints/extensions/effective_noise_v1/two_r32_nodp_lr5_slr0.5_seed42_5fa7ebce36af.npz,0.0449502028985
two_r32_clip_lr5_slr0.5_seed42_c669d2a6a847,two_r32,two,32,clip,42,5,0.5,ok,,50,55872,446976,2075309568,4.27521847934,6faed6fc3d47b5b6fa638adfeea83cd7409d50c39fa01f85c10379d0daef6989,99a3b422c9c0a5526d5ce813945e378b322824a4042db111023b2f5f30c48c9d,checkpoints/extensions/effective_noise_v1/two_r32_clip_lr5_slr0.5_seed42_c669d2a6a847.npz,0.0428463726024
two_r32_eps8_lr5_slr0.5_seed42_9cf7ae2654b8,two_r32,two,32,eps8,42,5,0.5,ok,,50,55872,446976,2075309568,4.3403493939,6faed6fc3d47b5b6fa638adfeea83cd7409d50c39fa01f85c10379d0daef6989,99a3b422c9c0a5526d5ce813945e378b322824a4042db111023b2f5f30c48c9d,checkpoints/extensions/effective_noise_v1/two_r32_eps8_lr5_slr0.5_seed42_9cf7ae2654b8.npz,0.0418642040126
two_r32_eps4_lr5_slr0.5_seed42_4c3e939777cd,two_r32,two,32,eps4,42,5,0.5,ok,,50,55872,446976,2075309568,4.33619627543,6faed6fc3d47b5b6fa638adfeea83cd7409d50c39fa01f85c10379d0daef6989,99a3b422c9c0a5526d5ce813945e378b322824a4042db111023b2f5f30c48c9d,checkpoints/extensions/effective_noise_v1/two_r32_eps4_lr5_slr0.5_seed42_4c3e939777cd.npz,0.0382751193313
two_r32_eps2_lr5_slr0.5_seed42_0f2b71152f1d,two_r32,two,32,eps2,42,5,0.5,ok,,50,55872,446976,2075309568,7.57900849264,6faed6fc3d47b5b6fa638adfeea83cd7409d50c39fa01f85c10379d0daef6989,99a3b422c9c0a5526d5ce813945e378b322824a4042db111023b2f5f30c48c9d,checkpoints/extensions/effective_noise_v1/two_r32_eps2_lr5_slr0.5_seed42_0f2b71152f1d.npz,0.0320407516489
two_r32_eps1_lr5_slr0.5_seed42_976590af7412,two_r32,two,32,eps1,42,5,0.5,ok,,50,55872,446976,2075309568,7.64525824785,6faed6fc3d47b5b6fa638adfeea83cd7409d50c39fa01f85c10379d0daef6989,99a3b422c9c0a5526d5ce813945e378b322824a4042db111023b2f5f30c48c9d,checkpoints/extensions/effective_noise_v1/two_r32_eps1_lr5_slr0.5_seed42_976590af7412.npz,0.0133150949812
two_r32_nodp_lr5_slr0.5_seed123_8529f9657627,two_r32,two,32,nodp,123,5,0.5,ok,,50,55872,446976,2094976512,7.3964377502,6faed6fc3d47b5b6fa638adfeea83cd7409d50c39fa01f85c10379d0daef6989,99a3b422c9c0a5526d5ce813945e378b322824a4042db111023b2f5f30c48c9d,checkpoints/extensions/effective_noise_v1/two_r32_nodp_lr5_slr0.5_seed123_8529f9657627.npz,0.0458180609462
two_r32_clip_lr5_slr0.5_seed123_20808c158ad9,two_r32,two,32,clip,123,5,0.5,ok,,50,55872,446976,2094976512,4.42807664163,6faed6fc3d47b5b6fa638adfeea83cd7409d50c39fa01f85c10379d0daef6989,99a3b422c9c0a5526d5ce813945e378b322824a4042db111023b2f5f30c48c9d,checkpoints/extensions/effective_noise_v1/two_r32_clip_lr5_slr0.5_seed123_20808c158ad9.npz,0.0412431204172
two_r32_eps8_lr5_slr0.5_seed123_35bd4629dae9,two_r32,two,32,eps8,123,5,0.5,ok,,50,55872,446976,2094976512,4.3851781683,6faed6fc3d47b5b6fa638adfeea83cd7409d50c39fa01f85c10379d0daef6989,99a3b422c9c0a5526d5ce813945e378b322824a4042db111023b2f5f30c48c9d,checkpoints/extensions/effective_noise_v1/two_r32_eps8_lr5_slr0.5_seed123_35bd4629dae9.npz,0.049457227767
two_r32_eps4_lr5_slr0.5_seed123_f55f17a77b87,two_r32,two,32,eps4,123,5,0.5,ok,,50,55872,446976,2094976512,4.2831174396,6faed6fc3d47b5b6fa638adfeea83cd7409d50c39fa01f85c10379d0daef6989,99a3b422c9c0a5526d5ce813945e378b322824a4042db111023b2f5f30c48c9d,checkpoints/extensions/effective_noise_v1/two_r32_eps4_lr5_slr0.5_seed123_f55f17a77b87.npz,0.0458701196972
two_r32_eps2_lr5_slr0.5_seed123_e59adaa225b6,two_r32,two,32,eps2,123,5,0.5,ok,,50,55872,446976,2094976512,4.57832515333,6faed6fc3d47b5b6fa638adfeea83cd7409d50c39fa01f85c10379d0daef6989,99a3b422c9c0a5526d5ce813945e378b322824a4042db111023b2f5f30c48c9d,checkpoints/extensions/effective_noise_v1/two_r32_eps2_lr5_slr0.5_seed123_e59adaa225b6.npz,0.0387115622116
two_r32_eps1_lr5_slr0.5_seed123_80a9c9c1a45d,two_r32,two,32,eps1,123,5,0.5,ok,,50,55872,446976,2094976512,4.50446925871,6faed6fc3d47b5b6fa638adfeea83cd7409d50c39fa01f85c10379d0daef6989,99a3b422c9c0a5526d5ce813945e378b322824a4042db111023b2f5f30c48c9d,checkpoints/extensions/effective_noise_v1/two_r32_eps1_lr5_slr0.5_seed123_80a9c9c1a45d.npz,0.0133626473591
two_r32_nodp_lr5_slr0.5_seed2026_f5ef92b76125,two_r32,two,32,nodp,2026,5,0.5,ok,,50,55872,446976,2114196480,4.41836652625,6faed6fc3d47b5b6fa638adfeea83cd7409d50c39fa01f85c10379d0daef6989,99a3b422c9c0a5526d5ce813945e378b322824a4042db111023b2f5f30c48c9d,checkpoints/extensions/effective_noise_v1/two_r32_nodp_lr5_slr0.5_seed2026_f5ef92b76125.npz,0.0500758143948
two_r32_clip_lr5_slr0.5_seed2026_4064f435ceb4,two_r32,two,32,clip,2026,5,0.5,ok,,50,55872,446976,2114196480,4.35418157652,6faed6fc3d47b5b6fa638adfeea83cd7409d50c39fa01f85c10379d0daef6989,99a3b422c9c0a5526d5ce813945e378b322824a4042db111023b2f5f30c48c9d,checkpoints/extensions/effective_noise_v1/two_r32_clip_lr5_slr0.5_seed2026_4064f435ceb4.npz,0.053901717747
two_r32_eps8_lr5_slr0.5_seed2026_6b1eaea38c9f,two_r32,two,32,eps8,2026,5,0.5,ok,,50,55872,446976,2114196480,4.40200234484,6faed6fc3d47b5b6fa638adfeea83cd7409d50c39fa01f85c10379d0daef6989,99a3b422c9c0a5526d5ce813945e378b322824a4042db111023b2f5f30c48c9d,checkpoints/extensions/effective_noise_v1/two_r32_eps8_lr5_slr0.5_seed2026_6b1eaea38c9f.npz,0.0476234823126
two_r32_eps4_lr5_slr0.5_seed2026_048d20e6fda9,two_r32,two,32,eps4,2026,5,0.5,ok,,50,55872,446976,2114196480,7.67359641381,6faed6fc3d47b5b6fa638adfeea83cd7409d50c39fa01f85c10379d0daef6989,99a3b422c9c0a5526d5ce813945e378b322824a4042db111023b2f5f30c48c9d,checkpoints/extensions/effective_noise_v1/two_r32_eps4_lr5_slr0.5_seed2026_048d20e6fda9.npz,0.0467933067783
two_r32_eps2_lr5_slr0.5_seed2026_1215b39a7de6,two_r32,two,32,eps2,2026,5,0.5,ok,,50,55872,446976,2114196480,4.48361960612,6faed6fc3d47b5b6fa638adfeea83cd7409d50c39fa01f85c10379d0daef6989,99a3b422c9c0a5526d5ce813945e378b322824a4042db111023b2f5f30c48c9d,checkpoints/extensions/effective_noise_v1/two_r32_eps2_lr5_slr0.5_seed2026_1215b39a7de6.npz,0.0431830592876
two_r32_eps1_lr5_slr0.5_seed2026_2706422f7a4a,two_r32,two,32,eps1,2026,5,0.5,ok,,50,55872,446976,2114196480,4.57266582362,6faed6fc3d47b5b6fa638adfeea83cd7409d50c39fa01f85c10379d0daef6989,99a3b422c9c0a5526d5ce813945e378b322824a4042db111023b2f5f30c48c9d,checkpoints/extensions/effective_noise_v1/two_r32_eps1_lr5_slr0.5_seed2026_2706422f7a4a.npz,0.0139446920528
two_r32_nodp_lr5_slr1_seed42_db15baf36f76,two_r32,two,32,nodp,42,5,1,ok,,50,55872,446976,2075309568,4.17608263437,6faed6fc3d47b5b6fa638adfeea83cd7409d50c39fa01f85c10379d0daef6989,99a3b422c9c0a5526d5ce813945e378b322824a4042db111023b2f5f30c48c9d,checkpoints/extensions/effective_noise_v1/two_r32_nodp_lr5_slr1_seed42_db15baf36f76.npz,0.0460461189286
two_r32_clip_lr5_slr1_seed42_7073a3e1f727,two_r32,two,32,clip,42,5,1,ok,,50,55872,446976,2075309568,7.41265663691,6faed6fc3d47b5b6fa638adfeea83cd7409d50c39fa01f85c10379d0daef6989,99a3b422c9c0a5526d5ce813945e378b322824a4042db111023b2f5f30c48c9d,checkpoints/extensions/effective_noise_v1/two_r32_clip_lr5_slr1_seed42_7073a3e1f727.npz,0.0467623254247
two_r32_eps8_lr5_slr1_seed42_c4552ba096ed,two_r32,two,32,eps8,42,5,1,ok,,50,55872,446976,2075309568,4.45156461932,6faed6fc3d47b5b6fa638adfeea83cd7409d50c39fa01f85c10379d0daef6989,99a3b422c9c0a5526d5ce813945e378b322824a4042db111023b2f5f30c48c9d,checkpoints/extensions/effective_noise_v1/two_r32_eps8_lr5_slr1_seed42_c4552ba096ed.npz,0.0566129467629
two_r32_eps4_lr5_slr1_seed42_5b94855cdf40,two_r32,two,32,eps4,42,5,1,ok,,50,55872,446976,2075309568,7.50072170328,6faed6fc3d47b5b6fa638adfeea83cd7409d50c39fa01f85c10379d0daef6989,99a3b422c9c0a5526d5ce813945e378b322824a4042db111023b2f5f30c48c9d,checkpoints/extensions/effective_noise_v1/two_r32_eps4_lr5_slr1_seed42_5b94855cdf40.npz,0.045472644817
two_r32_eps2_lr5_slr1_seed42_c3300996770f,two_r32,two,32,eps2,42,5,1,ok,,50,55872,446976,2075309568,7.61902349256,6faed6fc3d47b5b6fa638adfeea83cd7409d50c39fa01f85c10379d0daef6989,99a3b422c9c0a5526d5ce813945e378b322824a4042db111023b2f5f30c48c9d,checkpoints/extensions/effective_noise_v1/two_r32_eps2_lr5_slr1_seed42_c3300996770f.npz,0.0289541782187
two_r32_eps1_lr5_slr1_seed42_e4b7e3bbc123,two_r32,two,32,eps1,42,5,1,ok,,50,55872,446976,2075309568,4.50645841938,6faed6fc3d47b5b6fa638adfeea83cd7409d50c39fa01f85c10379d0daef6989,99a3b422c9c0a5526d5ce813945e378b322824a4042db111023b2f5f30c48c9d,checkpoints/extensions/effective_noise_v1/two_r32_eps1_lr5_slr1_seed42_e4b7e3bbc123.npz,0.00908084439547
two_r32_nodp_lr5_slr1_seed123_1b7e8934a4c1,two_r32,two,32,nodp,123,5,1,ok,,50,55872,446976,2094976512,4.3548453832,6faed6fc3d47b5b6fa638adfeea83cd7409d50c39fa01f85c10379d0daef6989,99a3b422c9c0a5526d5ce813945e378b322824a4042db111023b2f5f30c48c9d,checkpoints/extensions/effective_noise_v1/two_r32_nodp_lr5_slr1_seed123_1b7e8934a4c1.npz,0.0462427908514
two_r32_clip_lr5_slr1_seed123_a267ee3f3bbd,two_r32,two,32,clip,123,5,1,ok,,50,55872,446976,2094976512,4.33414700162,6faed6fc3d47b5b6fa638adfeea83cd7409d50c39fa01f85c10379d0daef6989,99a3b422c9c0a5526d5ce813945e378b322824a4042db111023b2f5f30c48c9d,checkpoints/extensions/effective_noise_v1/two_r32_clip_lr5_slr1_seed123_a267ee3f3bbd.npz,0.048741879795
two_r32_eps8_lr5_slr1_seed123_ac1e3d0870d6,two_r32,two,32,eps8,123,5,1,ok,,50,55872,446976,2094976512,4.41488568019,6faed6fc3d47b5b6fa638adfeea83cd7409d50c39fa01f85c10379d0daef6989,99a3b422c9c0a5526d5ce813945e378b322824a4042db111023b2f5f30c48c9d,checkpoints/extensions/effective_noise_v1/two_r32_eps8_lr5_slr1_seed123_ac1e3d0870d6.npz,0.0453571034739
two_r32_eps4_lr5_slr1_seed123_273c63b659a5,two_r32,two,32,eps4,123,5,1,ok,,50,55872,446976,2094976512,4.49204632081,6faed6fc3d47b5b6fa638adfeea83cd7409d50c39fa01f85c10379d0daef6989,99a3b422c9c0a5526d5ce813945e378b322824a4042db111023b2f5f30c48c9d,checkpoints/extensions/effective_noise_v1/two_r32_eps4_lr5_slr1_seed123_273c63b659a5.npz,0.0486417367355
two_r32_eps2_lr5_slr1_seed123_5a49cd04f7f7,two_r32,two,32,eps2,123,5,1,ok,,50,55872,446976,2094976512,4.48562473152,6faed6fc3d47b5b6fa638adfeea83cd7409d50c39fa01f85c10379d0daef6989,99a3b422c9c0a5526d5ce813945e378b322824a4042db111023b2f5f30c48c9d,checkpoints/extensions/effective_noise_v1/two_r32_eps2_lr5_slr1_seed123_5a49cd04f7f7.npz,0.0244636847722
two_r32_eps1_lr5_slr1_seed123_0919583ab275,two_r32,two,32,eps1,123,5,1,ok,,50,55872,446976,2094976512,4.46194513142,6faed6fc3d47b5b6fa638adfeea83cd7409d50c39fa01f85c10379d0daef6989,99a3b422c9c0a5526d5ce813945e378b322824a4042db111023b2f5f30c48c9d,checkpoints/extensions/effective_noise_v1/two_r32_eps1_lr5_slr1_seed123_0919583ab275.npz,0.0103924005498
two_r32_nodp_lr5_slr1_seed2026_65a877d7f2df,two_r32,two,32,nodp,2026,5,1,ok,,50,55872,446976,2114196480,4.12067146599,6faed6fc3d47b5b6fa638adfeea83cd7409d50c39fa01f85c10379d0daef6989,99a3b422c9c0a5526d5ce813945e378b322824a4042db111023b2f5f30c48c9d,checkpoints/extensions/effective_noise_v1/two_r32_nodp_lr5_slr1_seed2026_65a877d7f2df.npz,0.0495351022117
two_r32_clip_lr5_slr1_seed2026_e97bef3692ab,two_r32,two,32,clip,2026,5,1,ok,,50,55872,446976,2114196480,4.21684935782,6faed6fc3d47b5b6fa638adfeea83cd7409d50c39fa01f85c10379d0daef6989,99a3b422c9c0a5526d5ce813945e378b322824a4042db111023b2f5f30c48c9d,checkpoints/extensions/effective_noise_v1/two_r32_clip_lr5_slr1_seed2026_e97bef3692ab.npz,0.0527703767484
two_r32_eps8_lr5_slr1_seed2026_c17b78611d06,two_r32,two,32,eps8,2026,5,1,ok,,50,55872,446976,2114196480,4.25583089329,6faed6fc3d47b5b6fa638adfeea83cd7409d50c39fa01f85c10379d0daef6989,99a3b422c9c0a5526d5ce813945e378b322824a4042db111023b2f5f30c48c9d,checkpoints/extensions/effective_noise_v1/two_r32_eps8_lr5_slr1_seed2026_c17b78611d06.npz,0.0505709473734
two_r32_eps4_lr5_slr1_seed2026_5ae914932435,two_r32,two,32,eps4,2026,5,1,ok,,50,55872,446976,2114196480,6.4293790143,6faed6fc3d47b5b6fa638adfeea83cd7409d50c39fa01f85c10379d0daef6989,99a3b422c9c0a5526d5ce813945e378b322824a4042db111023b2f5f30c48c9d,checkpoints/extensions/effective_noise_v1/two_r32_eps4_lr5_slr1_seed2026_5ae914932435.npz,0.0485077275214
two_r32_eps2_lr5_slr1_seed2026_19157aad627e,two_r32,two,32,eps2,2026,5,1,ok,,50,55872,446976,2114196480,4.25585361663,6faed6fc3d47b5b6fa638adfeea83cd7409d50c39fa01f85c10379d0daef6989,99a3b422c9c0a5526d5ce813945e378b322824a4042db111023b2f5f30c48c9d,checkpoints/extensions/effective_noise_v1/two_r32_eps2_lr5_slr1_seed2026_19157aad627e.npz,0.0318986481719
two_r32_eps1_lr5_slr1_seed2026_5ae2c62015a3,two_r32,two,32,eps1,2026,5,1,ok,,50,55872,446976,2114196480,4.28466252424,6faed6fc3d47b5b6fa638adfeea83cd7409d50c39fa01f85c10379d0daef6989,99a3b422c9c0a5526d5ce813945e378b322824a4042db111023b2f5f30c48c9d,checkpoints/extensions/effective_noise_v1/two_r32_eps1_lr5_slr1_seed2026_5ae2c62015a3.npz,0.0104166319121
fixed_r4_nodp_lr1.25_slr1_seed42_908b3a357d0d,fixed_r4,fixed,4,nodp,42,1.25,1,ok,,50,6728,53824,249904832,2.0518255122,6faed6fc3d47b5b6fa638adfeea83cd7409d50c39fa01f85c10379d0daef6989,99a3b422c9c0a5526d5ce813945e378b322824a4042db111023b2f5f30c48c9d,checkpoints/extensions/effective_noise_v1/fixed_r4_nodp_lr1.25_slr1_seed42_908b3a357d0d.npz,0.0034337171621
fixed_r4_clip_lr1.25_slr1_seed42_4906ae127040,fixed_r4,fixed,4,clip,42,1.25,1,ok,,50,6728,53824,249904832,2.07102496922,6faed6fc3d47b5b6fa638adfeea83cd7409d50c39fa01f85c10379d0daef6989,99a3b422c9c0a5526d5ce813945e378b322824a4042db111023b2f5f30c48c9d,checkpoints/extensions/effective_noise_v1/fixed_r4_clip_lr1.25_slr1_seed42_4906ae127040.npz,0.00327940226328
fixed_r4_eps8_lr1.25_slr1_seed42_8d7bef22c952,fixed_r4,fixed,4,eps8,42,1.25,1,ok,,50,6728,53824,249904832,3.37650934514,6faed6fc3d47b5b6fa638adfeea83cd7409d50c39fa01f85c10379d0daef6989,99a3b422c9c0a5526d5ce813945e378b322824a4042db111023b2f5f30c48c9d,checkpoints/extensions/effective_noise_v1/fixed_r4_eps8_lr1.25_slr1_seed42_8d7bef22c952.npz,0.0058089753875
fixed_r4_eps4_lr1.25_slr1_seed42_8dae4f57d965,fixed_r4,fixed,4,eps4,42,1.25,1,ok,,50,6728,53824,249904832,2.084795231,6faed6fc3d47b5b6fa638adfeea83cd7409d50c39fa01f85c10379d0daef6989,99a3b422c9c0a5526d5ce813945e378b322824a4042db111023b2f5f30c48c9d,checkpoints/extensions/effective_noise_v1/fixed_r4_eps4_lr1.25_slr1_seed42_8dae4f57d965.npz,0.00739549548947
fixed_r4_eps2_lr1.25_slr1_seed42_0fcd642c0428,fixed_r4,fixed,4,eps2,42,1.25,1,ok,,50,6728,53824,249904832,3.29451434128,6faed6fc3d47b5b6fa638adfeea83cd7409d50c39fa01f85c10379d0daef6989,99a3b422c9c0a5526d5ce813945e378b322824a4042db111023b2f5f30c48c9d,checkpoints/extensions/effective_noise_v1/fixed_r4_eps2_lr1.25_slr1_seed42_0fcd642c0428.npz,0.00748848770757
fixed_r4_eps1_lr1.25_slr1_seed42_978c1d172903,fixed_r4,fixed,4,eps1,42,1.25,1,ok,,50,6728,53824,249904832,3.68215212971,6faed6fc3d47b5b6fa638adfeea83cd7409d50c39fa01f85c10379d0daef6989,99a3b422c9c0a5526d5ce813945e378b322824a4042db111023b2f5f30c48c9d,checkpoints/extensions/effective_noise_v1/fixed_r4_eps1_lr1.25_slr1_seed42_978c1d172903.npz,0.00504686027268
fixed_r4_nodp_lr1.25_slr1_seed123_54132e5247cf,fixed_r4,fixed,4,nodp,123,1.25,1,ok,,50,6728,53824,252273088,1.97742428072,6faed6fc3d47b5b6fa638adfeea83cd7409d50c39fa01f85c10379d0daef6989,99a3b422c9c0a5526d5ce813945e378b322824a4042db111023b2f5f30c48c9d,checkpoints/extensions/effective_noise_v1/fixed_r4_nodp_lr1.25_slr1_seed123_54132e5247cf.npz,0.00269266396214
fixed_r4_clip_lr1.25_slr1_seed123_f554102964d3,fixed_r4,fixed,4,clip,123,1.25,1,ok,,50,6728,53824,252273088,1.94474734738,6faed6fc3d47b5b6fa638adfeea83cd7409d50c39fa01f85c10379d0daef6989,99a3b422c9c0a5526d5ce813945e378b322824a4042db111023b2f5f30c48c9d,checkpoints/extensions/effective_noise_v1/fixed_r4_clip_lr1.25_slr1_seed123_f554102964d3.npz,0.00269266396214
fixed_r4_eps8_lr1.25_slr1_seed123_1a2e8cdc4b7d,fixed_r4,fixed,4,eps8,123,1.25,1,ok,,50,6728,53824,252273088,1.9815876931,6faed6fc3d47b5b6fa638adfeea83cd7409d50c39fa01f85c10379d0daef6989,99a3b422c9c0a5526d5ce813945e378b322824a4042db111023b2f5f30c48c9d,checkpoints/extensions/effective_noise_v1/fixed_r4_eps8_lr1.25_slr1_seed123_1a2e8cdc4b7d.npz,0.00461471236256
fixed_r4_eps4_lr1.25_slr1_seed123_e4ec0cc7fe63,fixed_r4,fixed,4,eps4,123,1.25,1,ok,,50,6728,53824,252273088,1.93963891082,6faed6fc3d47b5b6fa638adfeea83cd7409d50c39fa01f85c10379d0daef6989,99a3b422c9c0a5526d5ce813945e378b322824a4042db111023b2f5f30c48c9d,checkpoints/extensions/effective_noise_v1/fixed_r4_eps4_lr1.25_slr1_seed123_e4ec0cc7fe63.npz,0.00403565272343
fixed_r4_eps2_lr1.25_slr1_seed123_56074d4817f0,fixed_r4,fixed,4,eps2,123,1.25,1,ok,,50,6728,53824,252273088,1.94077004679,6faed6fc3d47b5b6fa638adfeea83cd7409d50c39fa01f85c10379d0daef6989,99a3b422c9c0a5526d5ce813945e378b322824a4042db111023b2f5f30c48c9d,checkpoints/extensions/effective_noise_v1/fixed_r4_eps2_lr1.25_slr1_seed123_56074d4817f0.npz,0.00185720712797
fixed_r4_eps1_lr1.25_slr1_seed123_4a3ff80eb3af,fixed_r4,fixed,4,eps1,123,1.25,1,ok,,50,6728,53824,252273088,1.95257143863,6faed6fc3d47b5b6fa638adfeea83cd7409d50c39fa01f85c10379d0daef6989,99a3b422c9c0a5526d5ce813945e378b322824a4042db111023b2f5f30c48c9d,checkpoints/extensions/effective_noise_v1/fixed_r4_eps1_lr1.25_slr1_seed123_4a3ff80eb3af.npz,0.00234650161546
fixed_r4_nodp_lr1.25_slr1_seed2026_4079900735ba,fixed_r4,fixed,4,nodp,2026,1.25,1,ok,,50,6728,53824,254587520,1.9812037833,6faed6fc3d47b5b6fa638adfeea83cd7409d50c39fa01f85c10379d0daef6989,99a3b422c9c0a5526d5ce813945e378b322824a4042db111023b2f5f30c48c9d,checkpoints/extensions/effective_noise_v1/fixed_r4_nodp_lr1.25_slr1_seed2026_4079900735ba.npz,0.00577742864304
fixed_r4_clip_lr1.25_slr1_seed2026_dad2d322c9aa,fixed_r4,fixed,4,clip,2026,1.25,1,ok,,50,6728,53824,254587520,1.97855353728,6faed6fc3d47b5b6fa638adfeea83cd7409d50c39fa01f85c10379d0daef6989,99a3b422c9c0a5526d5ce813945e378b322824a4042db111023b2f5f30c48c9d,checkpoints/extensions/effective_noise_v1/fixed_r4_clip_lr1.25_slr1_seed2026_dad2d322c9aa.npz,0.00577742864304
fixed_r4_eps8_lr1.25_slr1_seed2026_fecb2d29220f,fixed_r4,fixed,4,eps8,2026,1.25,1,ok,,50,6728,53824,254587520,3.27956925612,6faed6fc3d47b5b6fa638adfeea83cd7409d50c39fa01f85c10379d0daef6989,99a3b422c9c0a5526d5ce813945e378b322824a4042db111023b2f5f30c48c9d,checkpoints/extensions/effective_noise_v1/fixed_r4_eps8_lr1.25_slr1_seed2026_fecb2d29220f.npz,0.0035070587622
fixed_r4_eps4_lr1.25_slr1_seed2026_1c74a131ec80,fixed_r4,fixed,4,eps4,2026,1.25,1,ok,,50,6728,53824,254587520,2.00596516486,6faed6fc3d47b5b6fa638adfeea83cd7409d50c39fa01f85c10379d0daef6989,99a3b422c9c0a5526d5ce813945e378b322824a4042db111023b2f5f30c48c9d,checkpoints/extensions/effective_noise_v1/fixed_r4_eps4_lr1.25_slr1_seed2026_1c74a131ec80.npz,0.00390215683419
fixed_r4_eps2_lr1.25_slr1_seed2026_5f9713d6b2e2,fixed_r4,fixed,4,eps2,2026,1.25,1,ok,,50,6728,53824,254587520,1.94549626391,6faed6fc3d47b5b6fa638adfeea83cd7409d50c39fa01f85c10379d0daef6989,99a3b422c9c0a5526d5ce813945e378b322824a4042db111023b2f5f30c48c9d,checkpoints/extensions/effective_noise_v1/fixed_r4_eps2_lr1.25_slr1_seed2026_5f9713d6b2e2.npz,0.00470552071633
fixed_r4_eps1_lr1.25_slr1_seed2026_e89bf528ddcf,fixed_r4,fixed,4,eps1,2026,1.25,1,ok,,50,6728,53824,254587520,3.1842423398,6faed6fc3d47b5b6fa638adfeea83cd7409d50c39fa01f85c10379d0daef6989,99a3b422c9c0a5526d5ce813945e378b322824a4042db111023b2f5f30c48c9d,checkpoints/extensions/effective_noise_v1/fixed_r4_eps1_lr1.25_slr1_seed2026_e89bf528ddcf.npz,0.00476159211056
fixed_r4_nodp_lr2.5_slr1_seed42_c1b7d3d57896,fixed_r4,fixed,4,nodp,42,2.5,1,ok,,50,6728,53824,249904832,1.94685780257,6faed6fc3d47b5b6fa638adfeea83cd7409d50c39fa01f85c10379d0daef6989,99a3b422c9c0a5526d5ce813945e378b322824a4042db111023b2f5f30c48c9d,checkpoints/extensions/effective_noise_v1/fixed_r4_nodp_lr2.5_slr1_seed42_c1b7d3d57896.npz,0.0114086766357
fixed_r4_clip_lr2.5_slr1_seed42_22b4f5eb4932,fixed_r4,fixed,4,clip,42,2.5,1,ok,,50,6728,53824,249904832,1.91942582931,6faed6fc3d47b5b6fa638adfeea83cd7409d50c39fa01f85c10379d0daef6989,99a3b422c9c0a5526d5ce813945e378b322824a4042db111023b2f5f30c48c9d,checkpoints/extensions/effective_noise_v1/fixed_r4_clip_lr2.5_slr1_seed42_22b4f5eb4932.npz,0.0111740355913
fixed_r4_eps8_lr2.5_slr1_seed42_d0bdff786019,fixed_r4,fixed,4,eps8,42,2.5,1,ok,,50,6728,53824,249904832,1.92302822229,6faed6fc3d47b5b6fa638adfeea83cd7409d50c39fa01f85c10379d0daef6989,99a3b422c9c0a5526d5ce813945e378b322824a4042db111023b2f5f30c48c9d,checkpoints/extensions/effective_noise_v1/fixed_r4_eps8_lr2.5_slr1_seed42_d0bdff786019.npz,0.010569801211
fixed_r4_eps4_lr2.5_slr1_seed42_7742ed3c994c,fixed_r4,fixed,4,eps4,42,2.5,1,ok,,50,6728,53824,249904832,2.08267474454,6faed6fc3d47b5b6fa638adfeea83cd7409d50c39fa01f85c10379d0daef6989,99a3b422c9c0a5526d5ce813945e378b322824a4042db111023b2f5f30c48c9d,checkpoints/extensions/effective_noise_v1/fixed_r4_eps4_lr2.5_slr1_seed42_7742ed3c994c.npz,0.00966568976008
fixed_r4_eps2_lr2.5_slr1_seed42_d5c0724ff6d9,fixed_r4,fixed,4,eps2,42,2.5,1,ok,,50,6728,53824,249904832,3.11758094933,6faed6fc3d47b5b6fa638adfeea83cd7409d50c39fa01f85c10379d0daef6989,99a3b422c9c0a5526d5ce813945e378b322824a4042db111023b2f5f30c48c9d,checkpoints/extensions/effective_noise_v1/fixed_r4_eps2_lr2.5_slr1_seed42_d5c0724ff6d9.npz,0.00836895518704
fixed_r4_eps1_lr2.5_slr1_seed42_84fa2706d13b,fixed_r4,fixed,4,eps1,42,2.5,1,ok,,50,6728,53824,249904832,1.87060441636,6faed6fc3d47b5b6fa638adfeea83cd7409d50c39fa01f85c10379d0daef6989,99a3b422c9c0a5526d5ce813945e378b322824a4042db111023b2f5f30c48c9d,checkpoints/extensions/effective_noise_v1/fixed_r4_eps1_lr2.5_slr1_seed42_84fa2706d13b.npz,0.00723213083651
fixed_r4_nodp_lr2.5_slr1_seed123_6cbc7455df32,fixed_r4,fixed,4,nodp,123,2.5,1,ok,,50,6728,53824,252273088,1.91324783955,6faed6fc3d47b5b6fa638adfeea83cd7409d50c39fa01f85c10379d0daef6989,99a3b422c9c0a5526d5ce813945e378b322824a4042db111023b2f5f30c48c9d,checkpoints/extensions/effective_noise_v1/fixed_r4_nodp_lr2.5_slr1_seed123_6cbc7455df32.npz,0.0174684689577
fixed_r4_clip_lr2.5_slr1_seed123_9e2c10a2c3f1,fixed_r4,fixed,4,clip,123,2.5,1,ok,,50,6728,53824,252273088,3.20384448022,6faed6fc3d47b5b6fa638adfeea83cd7409d50c39fa01f85c10379d0daef6989,99a3b422c9c0a5526d5ce813945e378b322824a4042db111023b2f5f30c48c9d,checkpoints/extensions/effective_noise_v1/fixed_r4_clip_lr2.5_slr1_seed123_9e2c10a2c3f1.npz,0.017249089048
fixed_r4_eps8_lr2.5_slr1_seed123_0c0754345410,fixed_r4,fixed,4,eps8,123,2.5,1,ok,,50,6728,53824,252273088,1.97003053594,6faed6fc3d47b5b6fa638adfeea83cd7409d50c39fa01f85c10379d0daef6989,99a3b422c9c0a5526d5ce813945e378b322824a4042db111023b2f5f30c48c9d,checkpoints/extensions/effective_noise_v1/fixed_r4_eps8_lr2.5_slr1_seed123_0c0754345410.npz,0.00682433776413
fixed_r4_eps4_lr2.5_slr1_seed123_8390fb539f2e,fixed_r4,fixed,4,eps4,123,2.5,1,ok,,50,6728,53824,252273088,1.90234028921,6faed6fc3d47b5b6fa638adfeea83cd7409d50c39fa01f85c10379d0daef6989,99a3b422c9c0a5526d5ce813945e378b322824a4042db111023b2f5f30c48c9d,checkpoints/extensions/effective_noise_v1/fixed_r4_eps4_lr2.5_slr1_seed123_8390fb539f2e.npz,0.00584780009947
fixed_r4_eps2_lr2.5_slr1_seed123_e91006e6405f,fixed_r4,fixed,4,eps2,123,2.5,1,ok,,50,6728,53824,252273088,1.89993937965,6faed6fc3d47b5b6fa638adfeea83cd7409d50c39fa01f85c10379d0daef6989,99a3b422c9c0a5526d5ce813945e378b322824a4042db111023b2f5f30c48c9d,checkpoints/extensions/effective_noise_v1/fixed_r4_eps2_lr2.5_slr1_seed123_e91006e6405f.npz,0.00324096477918
fixed_r4_eps1_lr2.5_slr1_seed123_b5634d98bb34,fixed_r4,fixed,4,eps1,123,2.5,1,ok,,50,6728,53824,252273088,1.92458530143,6faed6fc3d47b5b6fa638adfeea83cd7409d50c39fa01f85c10379d0daef6989,99a3b422c9c0a5526d5ce813945e378b322824a4042db111023b2f5f30c48c9d,checkpoints/extensions/effective_noise_v1/fixed_r4_eps1_lr2.5_slr1_seed123_b5634d98bb34.npz,0.00249578556093
fixed_r4_nodp_lr2.5_slr1_seed2026_5735ed2b8e0e,fixed_r4,fixed,4,nodp,2026,2.5,1,ok,,50,6728,53824,254587520,1.8886949122,6faed6fc3d47b5b6fa638adfeea83cd7409d50c39fa01f85c10379d0daef6989,99a3b422c9c0a5526d5ce813945e378b322824a4042db111023b2f5f30c48c9d,checkpoints/extensions/effective_noise_v1/fixed_r4_nodp_lr2.5_slr1_seed2026_5735ed2b8e0e.npz,0.0161251906867
fixed_r4_clip_lr2.5_slr1_seed2026_de1281da0df7,fixed_r4,fixed,4,clip,2026,2.5,1,ok,,50,6728,53824,254587520,1.91314475611,6faed6fc3d47b5b6fa638adfeea83cd7409d50c39fa01f85c10379d0daef6989,99a3b422c9c0a5526d5ce813945e378b322824a4042db111023b2f5f30c48c9d,checkpoints/extensions/effective_noise_v1/fixed_r4_clip_lr2.5_slr1_seed2026_de1281da0df7.npz,0.0157309871913
fixed_r4_eps8_lr2.5_slr1_seed2026_81a6e4d7444b,fixed_r4,fixed,4,eps8,2026,2.5,1,ok,,50,6728,53824,254587520,1.92859212309,6faed6fc3d47b5b6fa638adfeea83cd7409d50c39fa01f85c10379d0daef6989,99a3b422c9c0a5526d5ce813945e378b322824a4042db111023b2f5f30c48c9d,checkpoints/extensions/effective_noise_v1/fixed_r4_eps8_lr2.5_slr1_seed2026_81a6e4d7444b.npz,0.00831012539405
fixed_r4_eps4_lr2.5_slr1_seed2026_44f8e7b65eaf,fixed_r4,fixed,4,eps4,2026,2.5,1,ok,,50,6728,53824,254587520,1.90084827691,6faed6fc3d47b5b6fa638adfeea83cd7409d50c39fa01f85c10379d0daef6989,99a3b422c9c0a5526d5ce813945e378b322824a4042db111023b2f5f30c48c9d,checkpoints/extensions/effective_noise_v1/fixed_r4_eps4_lr2.5_slr1_seed2026_44f8e7b65eaf.npz,0.00588498084857
fixed_r4_eps2_lr2.5_slr1_seed2026_54c746b37f6f,fixed_r4,fixed,4,eps2,2026,2.5,1,ok,,50,6728,53824,254587520,3.22884630412,6faed6fc3d47b5b6fa638adfeea83cd7409d50c39fa01f85c10379d0daef6989,99a3b422c9c0a5526d5ce813945e378b322824a4042db111023b2f5f30c48c9d,checkpoints/extensions/effective_noise_v1/fixed_r4_eps2_lr2.5_slr1_seed2026_54c746b37f6f.npz,0.00746358416005
fixed_r4_eps1_lr2.5_slr1_seed2026_222aac89b136,fixed_r4,fixed,4,eps1,2026,2.5,1,ok,,50,6728,53824,254587520,3.22057221364,6faed6fc3d47b5b6fa638adfeea83cd7409d50c39fa01f85c10379d0daef6989,99a3b422c9c0a5526d5ce813945e378b322824a4042db111023b2f5f30c48c9d,checkpoints/extensions/effective_noise_v1/fixed_r4_eps1_lr2.5_slr1_seed2026_222aac89b136.npz,0.00677882268746
fixed_r4_nodp_lr5_slr0.5_seed42_9520a1b247c4,fixed_r4,fixed,4,nodp,42,5,0.5,ok,,50,6728,53824,249904832,3.17850088701,6faed6fc3d47b5b6fa638adfeea83cd7409d50c39fa01f85c10379d0daef6989,99a3b422c9c0a5526d5ce813945e378b322824a4042db111023b2f5f30c48c9d,checkpoints/extensions/effective_noise_v1/fixed_r4_nodp_lr5_slr0.5_seed42_9520a1b247c4.npz,0.0355656757883
fixed_r4_clip_lr5_slr0.5_seed42_43f8ea014977,fixed_r4,fixed,4,clip,42,5,0.5,ok,,50,6728,53824,249904832,1.92276973743,6faed6fc3d47b5b6fa638adfeea83cd7409d50c39fa01f85c10379d0daef6989,99a3b422c9c0a5526d5ce813945e378b322824a4042db111023b2f5f30c48c9d,checkpoints/extensions/effective_noise_v1/fixed_r4_clip_lr5_slr0.5_seed42_43f8ea014977.npz,0.0234666702379
fixed_r4_eps8_lr5_slr0.5_seed42_7f8b281aa4e3,fixed_r4,fixed,4,eps8,42,5,0.5,ok,,50,6728,53824,249904832,3.21676875651,6faed6fc3d47b5b6fa638adfeea83cd7409d50c39fa01f85c10379d0daef6989,99a3b422c9c0a5526d5ce813945e378b322824a4042db111023b2f5f30c48c9d,checkpoints/extensions/effective_noise_v1/fixed_r4_eps8_lr5_slr0.5_seed42_7f8b281aa4e3.npz,0.0237579470385
fixed_r4_eps4_lr5_slr0.5_seed42_bc121f6cff9b,fixed_r4,fixed,4,eps4,42,5,0.5,ok,,50,6728,53824,249904832,1.86655625049,6faed6fc3d47b5b6fa638adfeea83cd7409d50c39fa01f85c10379d0daef6989,99a3b422c9c0a5526d5ce813945e378b322824a4042db111023b2f5f30c48c9d,checkpoints/extensions/effective_noise_v1/fixed_r4_eps4_lr5_slr0.5_seed42_bc121f6cff9b.npz,0.0185256402071
fixed_r4_eps2_lr5_slr0.5_seed42_a2fada726b9a,fixed_r4,fixed,4,eps2,42,5,0.5,ok,,50,6728,53824,249904832,1.88277835678,6faed6fc3d47b5b6fa638adfeea83cd7409d50c39fa01f85c10379d0daef6989,99a3b422c9c0a5526d5ce813945e378b322824a4042db111023b2f5f30c48c9d,checkpoints/extensions/effective_noise_v1/fixed_r4_eps2_lr5_slr0.5_seed42_a2fada726b9a.npz,0.0131131250902
fixed_r4_eps1_lr5_slr0.5_seed42_6289caeff181,fixed_r4,fixed,4,eps1,42,5,0.5,ok,,50,6728,53824,249904832,1.8979759831,6faed6fc3d47b5b6fa638adfeea83cd7409d50c39fa01f85c10379d0daef6989,99a3b422c9c0a5526d5ce813945e378b322824a4042db111023b2f5f30c48c9d,checkpoints/extensions/effective_noise_v1/fixed_r4_eps1_lr5_slr0.5_seed42_6289caeff181.npz,0.0107389650011
fixed_r4_nodp_lr5_slr0.5_seed123_1de5745ddfed,fixed_r4,fixed,4,nodp,123,5,0.5,ok,,50,6728,53824,252273088,1.91358640604,6faed6fc3d47b5b6fa638adfeea83cd7409d50c39fa01f85c10379d0daef6989,99a3b422c9c0a5526d5ce813945e378b322824a4042db111023b2f5f30c48c9d,checkpoints/extensions/effective_noise_v1/fixed_r4_nodp_lr5_slr0.5_seed123_1de5745ddfed.npz,0.0358761374307
fixed_r4_clip_lr5_slr0.5_seed123_47fb1a091e39,fixed_r4,fixed,4,clip,123,5,0.5,ok,,50,6728,53824,252273088,1.89231880009,6faed6fc3d47b5b6fa638adfeea83cd7409d50c39fa01f85c10379d0daef6989,99a3b422c9c0a5526d5ce813945e378b322824a4042db111023b2f5f30c48c9d,checkpoints/extensions/effective_noise_v1/fixed_r4_clip_lr5_slr0.5_seed123_47fb1a091e39.npz,0.0324026134462
fixed_r4_eps8_lr5_slr0.5_seed123_6a0b5f669f7d,fixed_r4,fixed,4,eps8,123,5,0.5,ok,,50,6728,53824,252273088,1.91993573401,6faed6fc3d47b5b6fa638adfeea83cd7409d50c39fa01f85c10379d0daef6989,99a3b422c9c0a5526d5ce813945e378b322824a4042db111023b2f5f30c48c9d,checkpoints/extensions/effective_noise_v1/fixed_r4_eps8_lr5_slr0.5_seed123_6a0b5f669f7d.npz,0.019580669115
fixed_r4_eps4_lr5_slr0.5_seed123_77eaa1067835,fixed_r4,fixed,4,eps4,123,5,0.5,ok,,50,6728,53824,252273088,1.90346103162,6faed6fc3d47b5b6fa638adfeea83cd7409d50c39fa01f85c10379d0daef6989,99a3b422c9c0a5526d5ce813945e378b322824a4042db111023b2f5f30c48c9d,checkpoints/extensions/effective_noise_v1/fixed_r4_eps4_lr5_slr0.5_seed123_77eaa1067835.npz,0.0154633909434
fixed_r4_eps2_lr5_slr0.5_seed123_13bdcf6e2db5,fixed_r4,fixed,4,eps2,123,5,0.5,ok,,50,6728,53824,252273088,1.96221935004,6faed6fc3d47b5b6fa638adfeea83cd7409d50c39fa01f85c10379d0daef6989,99a3b422c9c0a5526d5ce813945e378b322824a4042db111023b2f5f30c48c9d,checkpoints/extensions/effective_noise_v1/fixed_r4_eps2_lr5_slr0.5_seed123_13bdcf6e2db5.npz,0.00988200893913
fixed_r4_eps1_lr5_slr0.5_seed123_d88442278b19,fixed_r4,fixed,4,eps1,123,5,0.5,ok,,50,6728,53824,252273088,1.92268407624,6faed6fc3d47b5b6fa638adfeea83cd7409d50c39fa01f85c10379d0daef6989,99a3b422c9c0a5526d5ce813945e378b322824a4042db111023b2f5f30c48c9d,checkpoints/extensions/effective_noise_v1/fixed_r4_eps1_lr5_slr0.5_seed123_d88442278b19.npz,0.00491759126211
fixed_r4_nodp_lr5_slr0.5_seed2026_d2fff5918a50,fixed_r4,fixed,4,nodp,2026,5,0.5,ok,,50,6728,53824,254587520,1.91626156494,6faed6fc3d47b5b6fa638adfeea83cd7409d50c39fa01f85c10379d0daef6989,99a3b422c9c0a5526d5ce813945e378b322824a4042db111023b2f5f30c48c9d,checkpoints/extensions/effective_noise_v1/fixed_r4_nodp_lr5_slr0.5_seed2026_d2fff5918a50.npz,0.0369945609015
fixed_r4_clip_lr5_slr0.5_seed2026_3953e5208796,fixed_r4,fixed,4,clip,2026,5,0.5,ok,,50,6728,53824,254587520,1.94031072501,6faed6fc3d47b5b6fa638adfeea83cd7409d50c39fa01f85c10379d0daef6989,99a3b422c9c0a5526d5ce813945e378b322824a4042db111023b2f5f30c48c9d,checkpoints/extensions/effective_noise_v1/fixed_r4_clip_lr5_slr0.5_seed2026_3953e5208796.npz,0.0272017725925
fixed_r4_eps8_lr5_slr0.5_seed2026_b208fcc6c7ba,fixed_r4,fixed,4,eps8,2026,5,0.5,ok,,50,6728,53824,254587520,1.94192199688,6faed6fc3d47b5b6fa638adfeea83cd7409d50c39fa01f85c10379d0daef6989,99a3b422c9c0a5526d5ce813945e378b322824a4042db111023b2f5f30c48c9d,checkpoints/extensions/effective_noise_v1/fixed_r4_eps8_lr5_slr0.5_seed2026_b208fcc6c7ba.npz,0.0250331817191
fixed_r4_eps4_lr5_slr0.5_seed2026_1b9051e90946,fixed_r4,fixed,4,eps4,2026,5,0.5,ok,,50,6728,53824,254587520,1.92199775856,6faed6fc3d47b5b6fa638adfeea83cd7409d50c39fa01f85c10379d0daef6989,99a3b422c9c0a5526d5ce813945e378b322824a4042db111023b2f5f30c48c9d,checkpoints/extensions/effective_noise_v1/fixed_r4_eps4_lr5_slr0.5_seed2026_1b9051e90946.npz,0.0215254445583
fixed_r4_eps2_lr5_slr0.5_seed2026_e1b2976d4991,fixed_r4,fixed,4,eps2,2026,5,0.5,ok,,50,6728,53824,254587520,3.2407118734,6faed6fc3d47b5b6fa638adfeea83cd7409d50c39fa01f85c10379d0daef6989,99a3b422c9c0a5526d5ce813945e378b322824a4042db111023b2f5f30c48c9d,checkpoints/extensions/effective_noise_v1/fixed_r4_eps2_lr5_slr0.5_seed2026_e1b2976d4991.npz,0.0147727436674
fixed_r4_eps1_lr5_slr0.5_seed2026_3d6dfe298d6c,fixed_r4,fixed,4,eps1,2026,5,0.5,ok,,50,6728,53824,254587520,1.95863699913,6faed6fc3d47b5b6fa638adfeea83cd7409d50c39fa01f85c10379d0daef6989,99a3b422c9c0a5526d5ce813945e378b322824a4042db111023b2f5f30c48c9d,checkpoints/extensions/effective_noise_v1/fixed_r4_eps1_lr5_slr0.5_seed2026_3d6dfe298d6c.npz,0.00644965397571
fixed_r4_nodp_lr5_slr1_seed42_1cdf2170bda2,fixed_r4,fixed,4,nodp,42,5,1,ok,,50,6728,53824,249904832,1.92282691039,6faed6fc3d47b5b6fa638adfeea83cd7409d50c39fa01f85c10379d0daef6989,99a3b422c9c0a5526d5ce813945e378b322824a4042db111023b2f5f30c48c9d,checkpoints/extensions/effective_noise_v1/fixed_r4_nodp_lr5_slr1_seed42_1cdf2170bda2.npz,0.0446999023038
fixed_r4_clip_lr5_slr1_seed42_07d3f85e99d1,fixed_r4,fixed,4,clip,42,5,1,ok,,50,6728,53824,249904832,3.11162594333,6faed6fc3d47b5b6fa638adfeea83cd7409d50c39fa01f85c10379d0daef6989,99a3b422c9c0a5526d5ce813945e378b322824a4042db111023b2f5f30c48c9d,checkpoints/extensions/effective_noise_v1/fixed_r4_clip_lr5_slr1_seed42_07d3f85e99d1.npz,0.0444955933466
fixed_r4_eps8_lr5_slr1_seed42_59b14c21ba9b,fixed_r4,fixed,4,eps8,42,5,1,ok,,50,6728,53824,249904832,3.14540688694,6faed6fc3d47b5b6fa638adfeea83cd7409d50c39fa01f85c10379d0daef6989,99a3b422c9c0a5526d5ce813945e378b322824a4042db111023b2f5f30c48c9d,checkpoints/extensions/effective_noise_v1/fixed_r4_eps8_lr5_slr1_seed42_59b14c21ba9b.npz,0.0385049157887
fixed_r4_eps4_lr5_slr1_seed42_6f9f995dc335,fixed_r4,fixed,4,eps4,42,5,1,ok,,50,6728,53824,249904832,3.22548840381,6faed6fc3d47b5b6fa638adfeea83cd7409d50c39fa01f85c10379d0daef6989,99a3b422c9c0a5526d5ce813945e378b322824a4042db111023b2f5f30c48c9d,checkpoints/extensions/effective_noise_v1/fixed_r4_eps4_lr5_slr1_seed42_6f9f995dc335.npz,0.0322343939709
fixed_r4_eps2_lr5_slr1_seed42_abad5f3fcf49,fixed_r4,fixed,4,eps2,42,5,1,ok,,50,6728,53824,249904832,1.90772347525,6faed6fc3d47b5b6fa638adfeea83cd7409d50c39fa01f85c10379d0daef6989,99a3b422c9c0a5526d5ce813945e378b322824a4042db111023b2f5f30c48c9d,checkpoints/extensions/effective_noise_v1/fixed_r4_eps2_lr5_slr1_seed42_abad5f3fcf49.npz,0.0227990473625
fixed_r4_eps1_lr5_slr1_seed42_98697ef25e7f,fixed_r4,fixed,4,eps1,42,5,1,ok,,50,6728,53824,249904832,1.85652284976,6faed6fc3d47b5b6fa638adfeea83cd7409d50c39fa01f85c10379d0daef6989,99a3b422c9c0a5526d5ce813945e378b322824a4042db111023b2f5f30c48c9d,checkpoints/extensions/effective_noise_v1/fixed_r4_eps1_lr5_slr1_seed42_98697ef25e7f.npz,0.0139288496213
fixed_r4_nodp_lr5_slr1_seed123_91480fea1260,fixed_r4,fixed,4,nodp,123,5,1,ok,,50,6728,53824,252273088,1.89364340343,6faed6fc3d47b5b6fa638adfeea83cd7409d50c39fa01f85c10379d0daef6989,99a3b422c9c0a5526d5ce813945e378b322824a4042db111023b2f5f30c48c9d,checkpoints/extensions/effective_noise_v1/fixed_r4_nodp_lr5_slr1_seed123_91480fea1260.npz,0.0428218149216
fixed_r4_clip_lr5_slr1_seed123_c3889d49f113,fixed_r4,fixed,4,clip,123,5,1,ok,,50,6728,53824,252273088,1.91668066103,6faed6fc3d47b5b6fa638adfeea83cd7409d50c39fa01f85c10379d0daef6989,99a3b422c9c0a5526d5ce813945e378b322824a4042db111023b2f5f30c48c9d,checkpoints/extensions/effective_noise_v1/fixed_r4_clip_lr5_slr1_seed123_c3889d49f113.npz,0.0452937657374
fixed_r4_eps8_lr5_slr1_seed123_da6fcd4ed16d,fixed_r4,fixed,4,eps8,123,5,1,ok,,50,6728,53824,252273088,1.9353485005,6faed6fc3d47b5b6fa638adfeea83cd7409d50c39fa01f85c10379d0daef6989,99a3b422c9c0a5526d5ce813945e378b322824a4042db111023b2f5f30c48c9d,checkpoints/extensions/effective_noise_v1/fixed_r4_eps8_lr5_slr1_seed123_da6fcd4ed16d.npz,0.0346008008441
fixed_r4_eps4_lr5_slr1_seed123_35b9c80e4244,fixed_r4,fixed,4,eps4,123,5,1,ok,,50,6728,53824,252273088,1.88439177629,6faed6fc3d47b5b6fa638adfeea83cd7409d50c39fa01f85c10379d0daef6989,99a3b422c9c0a5526d5ce813945e378b322824a4042db111023b2f5f30c48c9d,checkpoints/extensions/effective_noise_v1/fixed_r4_eps4_lr5_slr1_seed123_35b9c80e4244.npz,0.0268544753344
fixed_r4_eps2_lr5_slr1_seed123_f9fb64cf02b8,fixed_r4,fixed,4,eps2,123,5,1,ok,,50,6728,53824,252273088,1.97528586816,6faed6fc3d47b5b6fa638adfeea83cd7409d50c39fa01f85c10379d0daef6989,99a3b422c9c0a5526d5ce813945e378b322824a4042db111023b2f5f30c48c9d,checkpoints/extensions/effective_noise_v1/fixed_r4_eps2_lr5_slr1_seed123_f9fb64cf02b8.npz,0.0157063053582
fixed_r4_eps1_lr5_slr1_seed123_f74a00d47e5d,fixed_r4,fixed,4,eps1,123,5,1,ok,,50,6728,53824,252273088,1.97314980626,6faed6fc3d47b5b6fa638adfeea83cd7409d50c39fa01f85c10379d0daef6989,99a3b422c9c0a5526d5ce813945e378b322824a4042db111023b2f5f30c48c9d,checkpoints/extensions/effective_noise_v1/fixed_r4_eps1_lr5_slr1_seed123_f74a00d47e5d.npz,0.00710190865187
fixed_r4_nodp_lr5_slr1_seed2026_8ff350f58ec6,fixed_r4,fixed,4,nodp,2026,5,1,ok,,50,6728,53824,254587520,3.3729956029,6faed6fc3d47b5b6fa638adfeea83cd7409d50c39fa01f85c10379d0daef6989,99a3b422c9c0a5526d5ce813945e378b322824a4042db111023b2f5f30c48c9d,checkpoints/extensions/effective_noise_v1/fixed_r4_nodp_lr5_slr1_seed2026_8ff350f58ec6.npz,0.0468359548915
fixed_r4_clip_lr5_slr1_seed2026_c4f29e688811,fixed_r4,fixed,4,clip,2026,5,1,ok,,50,6728,53824,254587520,1.99026870169,6faed6fc3d47b5b6fa638adfeea83cd7409d50c39fa01f85c10379d0daef6989,99a3b422c9c0a5526d5ce813945e378b322824a4042db111023b2f5f30c48c9d,checkpoints/extensions/effective_noise_v1/fixed_r4_clip_lr5_slr1_seed2026_c4f29e688811.npz,0.0449711761231
fixed_r4_eps8_lr5_slr1_seed2026_a2d207b1c6ce,fixed_r4,fixed,4,eps8,2026,5,1,ok,,50,6728,53824,254587520,3.34308248851,6faed6fc3d47b5b6fa638adfeea83cd7409d50c39fa01f85c10379d0daef6989,99a3b422c9c0a5526d5ce813945e378b322824a4042db111023b2f5f30c48c9d,checkpoints/extensions/effective_noise_v1/fixed_r4_eps8_lr5_slr1_seed2026_a2d207b1c6ce.npz,0.0405553009547
fixed_r4_eps4_lr5_slr1_seed2026_1ff173be83c5,fixed_r4,fixed,4,eps4,2026,5,1,ok,,50,6728,53824,254587520,1.99315733928,6faed6fc3d47b5b6fa638adfeea83cd7409d50c39fa01f85c10379d0daef6989,99a3b422c9c0a5526d5ce813945e378b322824a4042db111023b2f5f30c48c9d,checkpoints/extensions/effective_noise_v1/fixed_r4_eps4_lr5_slr1_seed2026_1ff173be83c5.npz,0.0362865571317
fixed_r4_eps2_lr5_slr1_seed2026_9610c5efaecd,fixed_r4,fixed,4,eps2,2026,5,1,ok,,50,6728,53824,254587520,2.01017710567,6faed6fc3d47b5b6fa638adfeea83cd7409d50c39fa01f85c10379d0daef6989,99a3b422c9c0a5526d5ce813945e378b322824a4042db111023b2f5f30c48c9d,checkpoints/extensions/effective_noise_v1/fixed_r4_eps2_lr5_slr1_seed2026_9610c5efaecd.npz,0.0255178394012
fixed_r4_eps1_lr5_slr1_seed2026_dac78effafd5,fixed_r4,fixed,4,eps1,2026,5,1,ok,,50,6728,53824,254587520,3.43858453725,6faed6fc3d47b5b6fa638adfeea83cd7409d50c39fa01f85c10379d0daef6989,99a3b422c9c0a5526d5ce813945e378b322824a4042db111023b2f5f30c48c9d,checkpoints/extensions/effective_noise_v1/fixed_r4_eps1_lr5_slr1_seed2026_dac78effafd5.npz,0.0105364620946
fixed_r8_nodp_lr1.25_slr1_seed42_1d2e21ae5716,fixed_r8,fixed,8,nodp,42,1.25,1,ok,,50,13456,107648,499809664,2.04562194739,6faed6fc3d47b5b6fa638adfeea83cd7409d50c39fa01f85c10379d0daef6989,99a3b422c9c0a5526d5ce813945e378b322824a4042db111023b2f5f30c48c9d,checkpoints/extensions/effective_noise_v1/fixed_r8_nodp_lr1.25_slr1_seed42_1d2e21ae5716.npz,0.00539194305249
fixed_r8_clip_lr1.25_slr1_seed42_863c7fd1050a,fixed_r8,fixed,8,clip,42,1.25,1,ok,,50,13456,107648,499809664,2.08498613723,6faed6fc3d47b5b6fa638adfeea83cd7409d50c39fa01f85c10379d0daef6989,99a3b422c9c0a5526d5ce813945e378b322824a4042db111023b2f5f30c48c9d,checkpoints/extensions/effective_noise_v1/fixed_r8_clip_lr1.25_slr1_seed42_863c7fd1050a.npz,0.00505705464826
fixed_r8_eps8_lr1.25_slr1_seed42_220c91b5a7f9,fixed_r8,fixed,8,eps8,42,1.25,1,ok,,50,13456,107648,499809664,2.06868520193,6faed6fc3d47b5b6fa638adfeea83cd7409d50c39fa01f85c10379d0daef6989,99a3b422c9c0a5526d5ce813945e378b322824a4042db111023b2f5f30c48c9d,checkpoints/extensions/effective_noise_v1/fixed_r8_eps8_lr1.25_slr1_seed42_220c91b5a7f9.npz,0.0020661380139
fixed_r8_eps4_lr1.25_slr1_seed42_cf6d4c4a00b3,fixed_r8,fixed,8,eps4,42,1.25,1,ok,,50,13456,107648,499809664,3.49696784653,6faed6fc3d47b5b6fa638adfeea83cd7409d50c39fa01f85c10379d0daef6989,99a3b422c9c0a5526d5ce813945e378b322824a4042db111023b2f5f30c48c9d,checkpoints/extensions/effective_noise_v1/fixed_r8_eps4_lr1.25_slr1_seed42_cf6d4c4a00b3.npz,0.00170687620253
fixed_r8_eps2_lr1.25_slr1_seed42_89cb18be178a,fixed_r8,fixed,8,eps2,42,1.25,1,ok,,50,13456,107648,499809664,2.0874577025,6faed6fc3d47b5b6fa638adfeea83cd7409d50c39fa01f85c10379d0daef6989,99a3b422c9c0a5526d5ce813945e378b322824a4042db111023b2f5f30c48c9d,checkpoints/extensions/effective_noise_v1/fixed_r8_eps2_lr1.25_slr1_seed42_89cb18be178a.npz,0.00138280447714
fixed_r8_eps1_lr1.25_slr1_seed42_84e9d02ec1c4,fixed_r8,fixed,8,eps1,42,1.25,1,ok,,50,13456,107648,499809664,2.09318222478,6faed6fc3d47b5b6fa638adfeea83cd7409d50c39fa01f85c10379d0daef6989,99a3b422c9c0a5526d5ce813945e378b322824a4042db111023b2f5f30c48c9d,checkpoints/extensions/effective_noise_v1/fixed_r8_eps1_lr1.25_slr1_seed42_84e9d02ec1c4.npz,0.00266463843086
fixed_r8_nodp_lr1.25_slr1_seed123_b2634bf96150,fixed_r8,fixed,8,nodp,123,1.25,1,ok,,50,13456,107648,504546176,2.12737312075,6faed6fc3d47b5b6fa638adfeea83cd7409d50c39fa01f85c10379d0daef6989,99a3b422c9c0a5526d5ce813945e378b322824a4042db111023b2f5f30c48c9d,checkpoints/extensions/effective_noise_v1/fixed_r8_nodp_lr1.25_slr1_seed123_b2634bf96150.npz,0.00409276847617
fixed_r8_clip_lr1.25_slr1_seed123_6de4ce10db3a,fixed_r8,fixed,8,clip,123,1.25,1,ok,,50,13456,107648,504546176,2.12285782397,6faed6fc3d47b5b6fa638adfeea83cd7409d50c39fa01f85c10379d0daef6989,99a3b422c9c0a5526d5ce813945e378b322824a4042db111023b2f5f30c48c9d,checkpoints/extensions/effective_noise_v1/fixed_r8_clip_lr1.25_slr1_seed123_6de4ce10db3a.npz,0.00409276847617
fixed_r8_eps8_lr1.25_slr1_seed123_4d2fdbaa27a3,fixed_r8,fixed,8,eps8,123,1.25,1,ok,,50,13456,107648,504546176,2.13216929231,6faed6fc3d47b5b6fa638adfeea83cd7409d50c39fa01f85c10379d0daef6989,99a3b422c9c0a5526d5ce813945e378b322824a4042db111023b2f5f30c48c9d,checkpoints/extensions/effective_noise_v1/fixed_r8_eps8_lr1.25_slr1_seed123_4d2fdbaa27a3.npz,0.00263208047813
fixed_r8_eps4_lr1.25_slr1_seed123_9bc1de104a9d,fixed_r8,fixed,8,eps4,123,1.25,1,ok,,50,13456,107648,504546176,2.13259284943,6faed6fc3d47b5b6fa638adfeea83cd7409d50c39fa01f85c10379d0daef6989,99a3b422c9c0a5526d5ce813945e378b322824a4042db111023b2f5f30c48c9d,checkpoints/extensions/effective_noise_v1/fixed_r8_eps4_lr1.25_slr1_seed123_9bc1de104a9d.npz,0.00145280211731
fixed_r8_eps2_lr1.25_slr1_seed123_3ef9f2247848,fixed_r8,fixed,8,eps2,123,1.25,1,ok,,50,13456,107648,504546176,2.14994887821,6faed6fc3d47b5b6fa638adfeea83cd7409d50c39fa01f85c10379d0daef6989,99a3b422c9c0a5526d5ce813945e378b322824a4042db111023b2f5f30c48c9d,checkpoints/extensions/effective_noise_v1/fixed_r8_eps2_lr1.25_slr1_seed123_3ef9f2247848.npz,0.00135928592002
fixed_r8_eps1_lr1.25_slr1_seed123_59305772ec6c,fixed_r8,fixed,8,eps1,123,1.25,1,ok,,50,13456,107648,504546176,2.14432819188,6faed6fc3d47b5b6fa638adfeea83cd7409d50c39fa01f85c10379d0daef6989,99a3b422c9c0a5526d5ce813945e378b322824a4042db111023b2f5f30c48c9d,checkpoints/extensions/effective_noise_v1/fixed_r8_eps1_lr1.25_slr1_seed123_59305772ec6c.npz,0.00248903952176
fixed_r8_nodp_lr1.25_slr1_seed2026_1e4dd73c3d7c,fixed_r8,fixed,8,nodp,2026,1.25,1,ok,,50,13456,107648,509175040,2.14064363018,6faed6fc3d47b5b6fa638adfeea83cd7409d50c39fa01f85c10379d0daef6989,99a3b422c9c0a5526d5ce813945e378b322824a4042db111023b2f5f30c48c9d,checkpoints/extensions/effective_noise_v1/fixed_r8_nodp_lr1.25_slr1_seed2026_1e4dd73c3d7c.npz,0.00512430509935
fixed_r8_clip_lr1.25_slr1_seed2026_053d0a1d3738,fixed_r8,fixed,8,clip,2026,1.25,1,ok,,50,13456,107648,509175040,2.14979704004,6faed6fc3d47b5b6fa638adfeea83cd7409d50c39fa01f85c10379d0daef6989,99a3b422c9c0a5526d5ce813945e378b322824a4042db111023b2f5f30c48c9d,checkpoints/extensions/effective_noise_v1/fixed_r8_clip_lr1.25_slr1_seed2026_053d0a1d3738.npz,0.00512430509935
fixed_r8_eps8_lr1.25_slr1_seed2026_8f6b4f7f1c97,fixed_r8,fixed,8,eps8,2026,1.25,1,ok,,50,13456,107648,509175040,3.64915503003,6faed6fc3d47b5b6fa638adfeea83cd7409d50c39fa01f85c10379d0daef6989,99a3b422c9c0a5526d5ce813945e378b322824a4042db111023b2f5f30c48c9d,checkpoints/extensions/effective_noise_v1/fixed_r8_eps8_lr1.25_slr1_seed2026_8f6b4f7f1c97.npz,0.00460853678776
fixed_r8_eps4_lr1.25_slr1_seed2026_9a836a725e5a,fixed_r8,fixed,8,eps4,2026,1.25,1,ok,,50,13456,107648,509175040,3.58533896878,6faed6fc3d47b5b6fa638adfeea83cd7409d50c39fa01f85c10379d0daef6989,99a3b422c9c0a5526d5ce813945e378b322824a4042db111023b2f5f30c48c9d,checkpoints/extensions/effective_noise_v1/fixed_r8_eps4_lr1.25_slr1_seed2026_9a836a725e5a.npz,0.00435985084163
fixed_r8_eps2_lr1.25_slr1_seed2026_14f0385a86dd,fixed_r8,fixed,8,eps2,2026,1.25,1,ok,,50,13456,107648,509175040,3.640466813,6faed6fc3d47b5b6fa638adfeea83cd7409d50c39fa01f85c10379d0daef6989,99a3b422c9c0a5526d5ce813945e378b322824a4042db111023b2f5f30c48c9d,checkpoints/extensions/effective_noise_v1/fixed_r8_eps2_lr1.25_slr1_seed2026_14f0385a86dd.npz,0.00349139387987
fixed_r8_eps1_lr1.25_slr1_seed2026_541f62d3b257,fixed_r8,fixed,8,eps1,2026,1.25,1,ok,,50,13456,107648,509175040,2.18762134202,6faed6fc3d47b5b6fa638adfeea83cd7409d50c39fa01f85c10379d0daef6989,99a3b422c9c0a5526d5ce813945e378b322824a4042db111023b2f5f30c48c9d,checkpoints/extensions/effective_noise_v1/fixed_r8_eps1_lr1.25_slr1_seed2026_541f62d3b257.npz,0.00220522758379
fixed_r8_nodp_lr2.5_slr1_seed42_9b542146518b,fixed_r8,fixed,8,nodp,42,2.5,1,ok,,50,13456,107648,499809664,3.57838998176,6faed6fc3d47b5b6fa638adfeea83cd7409d50c39fa01f85c10379d0daef6989,99a3b422c9c0a5526d5ce813945e378b322824a4042db111023b2f5f30c48c9d,checkpoints/extensions/effective_noise_v1/fixed_r8_nodp_lr2.5_slr1_seed42_9b542146518b.npz,0.0231185295596
fixed_r8_clip_lr2.5_slr1_seed42_8f63f82d9740,fixed_r8,fixed,8,clip,42,2.5,1,ok,,50,13456,107648,499809664,2.05976874474,6faed6fc3d47b5b6fa638adfeea83cd7409d50c39fa01f85c10379d0daef6989,99a3b422c9c0a5526d5ce813945e378b322824a4042db111023b2f5f30c48c9d,checkpoints/extensions/effective_noise_v1/fixed_r8_clip_lr2.5_slr1_seed42_8f63f82d9740.npz,0.0204379798601
fixed_r8_eps8_lr2.5_slr1_seed42_425b2ce2d19f,fixed_r8,fixed,8,eps8,42,2.5,1,ok,,50,13456,107648,499809664,2.07091962546,6faed6fc3d47b5b6fa638adfeea83cd7409d50c39fa01f85c10379d0daef6989,99a3b422c9c0a5526d5ce813945e378b322824a4042db111023b2f5f30c48c9d,checkpoints/extensions/effective_noise_v1/fixed_r8_eps8_lr2.5_slr1_seed42_425b2ce2d19f.npz,0.00955444141372
fixed_r8_eps4_lr2.5_slr1_seed42_ebcc23d0db6a,fixed_r8,fixed,8,eps4,42,2.5,1,ok,,50,13456,107648,499809664,2.023997535,6faed6fc3d47b5b6fa638adfeea83cd7409d50c39fa01f85c10379d0daef6989,99a3b422c9c0a5526d5ce813945e378b322824a4042db111023b2f5f30c48c9d,checkpoints/extensions/effective_noise_v1/fixed_r8_eps4_lr2.5_slr1_seed42_ebcc23d0db6a.npz,0.00686754830036
fixed_r8_eps2_lr2.5_slr1_seed42_8c92bf7e2031,fixed_r8,fixed,8,eps2,42,2.5,1,ok,,50,13456,107648,499809664,2.0858770404,6faed6fc3d47b5b6fa638adfeea83cd7409d50c39fa01f85c10379d0daef6989,99a3b422c9c0a5526d5ce813945e378b322824a4042db111023b2f5f30c48c9d,checkpoints/extensions/effective_noise_v1/fixed_r8_eps2_lr2.5_slr1_seed42_8c92bf7e2031.npz,0.00379483610418
fixed_r8_eps1_lr2.5_slr1_seed42_11a8c5485474,fixed_r8,fixed,8,eps1,42,2.5,1,ok,,50,13456,107648,499809664,2.0930121867,6faed6fc3d47b5b6fa638adfeea83cd7409d50c39fa01f85c10379d0daef6989,99a3b422c9c0a5526d5ce813945e378b322824a4042db111023b2f5f30c48c9d,checkpoints/extensions/effective_noise_v1/fixed_r8_eps1_lr2.5_slr1_seed42_11a8c5485474.npz,0.00285831854057
fixed_r8_nodp_lr2.5_slr1_seed123_cd40859c8ab4,fixed_r8,fixed,8,nodp,123,2.5,1,ok,,50,13456,107648,504546176,2.14143769164,6faed6fc3d47b5b6fa638adfeea83cd7409d50c39fa01f85c10379d0daef6989,99a3b422c9c0a5526d5ce813945e378b322824a4042db111023b2f5f30c48c9d,checkpoints/extensions/effective_noise_v1/fixed_r8_nodp_lr2.5_slr1_seed123_cd40859c8ab4.npz,0.0245876024951
fixed_r8_clip_lr2.5_slr1_seed123_09e5dea752e3,fixed_r8,fixed,8,clip,123,2.5,1,ok,,50,13456,107648,504546176,2.13553141616,6faed6fc3d47b5b6fa638adfeea83cd7409d50c39fa01f85c10379d0daef6989,99a3b422c9c0a5526d5ce813945e378b322824a4042db111023b2f5f30c48c9d,checkpoints/extensions/effective_noise_v1/fixed_r8_clip_lr2.5_slr1_seed123_09e5dea752e3.npz,0.0250748731351
fixed_r8_eps8_lr2.5_slr1_seed123_ffdc8f3c0991,fixed_r8,fixed,8,eps8,123,2.5,1,ok,,50,13456,107648,504546176,2.15551147517,6faed6fc3d47b5b6fa638adfeea83cd7409d50c39fa01f85c10379d0daef6989,99a3b422c9c0a5526d5ce813945e378b322824a4042db111023b2f5f30c48c9d,checkpoints/extensions/effective_noise_v1/fixed_r8_eps8_lr2.5_slr1_seed123_ffdc8f3c0991.npz,0.0109693967578
fixed_r8_eps4_lr2.5_slr1_seed123_93b93a4c8f65,fixed_r8,fixed,8,eps4,123,2.5,1,ok,,50,13456,107648,504546176,2.17404052243,6faed6fc3d47b5b6fa638adfeea83cd7409d50c39fa01f85c10379d0daef6989,99a3b422c9c0a5526d5ce813945e378b322824a4042db111023b2f5f30c48c9d,checkpoints/extensions/effective_noise_v1/fixed_r8_eps4_lr2.5_slr1_seed123_93b93a4c8f65.npz,0.00505585818793
fixed_r8_eps2_lr2.5_slr1_seed123_144594ef6d82,fixed_r8,fixed,8,eps2,123,2.5,1,ok,,50,13456,107648,504546176,2.16347470134,6faed6fc3d47b5b6fa638adfeea83cd7409d50c39fa01f85c10379d0daef6989,99a3b422c9c0a5526d5ce813945e378b322824a4042db111023b2f5f30c48c9d,checkpoints/extensions/effective_noise_v1/fixed_r8_eps2_lr2.5_slr1_seed123_144594ef6d82.npz,0.00239571283296
fixed_r8_eps1_lr2.5_slr1_seed123_28a07802bac0,fixed_r8,fixed,8,eps1,123,2.5,1,ok,,50,13456,107648,504546176,2.11724874936,6faed6fc3d47b5b6fa638adfeea83cd7409d50c39fa01f85c10379d0daef6989,99a3b422c9c0a5526d5ce813945e378b322824a4042db111023b2f5f30c48c9d,checkpoints/extensions/effective_noise_v1/fixed_r8_eps1_lr2.5_slr1_seed123_28a07802bac0.npz,0.00229392090562
fixed_r8_nodp_lr2.5_slr1_seed2026_4e2da405f73f,fixed_r8,fixed,8,nodp,2026,2.5,1,ok,,50,13456,107648,509175040,3.63229224086,6faed6fc3d47b5b6fa638adfeea83cd7409d50c39fa01f85c10379d0daef6989,99a3b422c9c0a5526d5ce813945e378b322824a4042db111023b2f5f30c48c9d,checkpoints/extensions/effective_noise_v1/fixed_r8_nodp_lr2.5_slr1_seed2026_4e2da405f73f.npz,0.0310846485218
fixed_r8_clip_lr2.5_slr1_seed2026_845e312438b9,fixed_r8,fixed,8,clip,2026,2.5,1,ok,,50,13456,107648,509175040,3.57955009025,6faed6fc3d47b5b6fa638adfeea83cd7409d50c39fa01f85c10379d0daef6989,99a3b422c9c0a5526d5ce813945e378b322824a4042db111023b2f5f30c48c9d,checkpoints/extensions/effective_noise_v1/fixed_r8_clip_lr2.5_slr1_seed2026_845e312438b9.npz,0.0294627037632
fixed_r8_eps8_lr2.5_slr1_seed2026_89e3e78120e2,fixed_r8,fixed,8,eps8,2026,2.5,1,ok,,50,13456,107648,509175040,2.14855698589,6faed6fc3d47b5b6fa638adfeea83cd7409d50c39fa01f85c10379d0daef6989,99a3b422c9c0a5526d5ce813945e378b322824a4042db111023b2f5f30c48c9d,checkpoints/extensions/effective_noise_v1/fixed_r8_eps8_lr2.5_slr1_seed2026_89e3e78120e2.npz,0.00868287188242
fixed_r8_eps4_lr2.5_slr1_seed2026_3d26c1bebb1b,fixed_r8,fixed,8,eps4,2026,2.5,1,ok,,50,13456,107648,509175040,2.1437410349,6faed6fc3d47b5b6fa638adfeea83cd7409d50c39fa01f85c10379d0daef6989,99a3b422c9c0a5526d5ce813945e378b322824a4042db111023b2f5f30c48c9d,checkpoints/extensions/effective_noise_v1/fixed_r8_eps4_lr2.5_slr1_seed2026_3d26c1bebb1b.npz,0.00559334330456
fixed_r8_eps2_lr2.5_slr1_seed2026_b5debc3a6eaf,fixed_r8,fixed,8,eps2,2026,2.5,1,ok,,50,13456,107648,509175040,2.13908225577,6faed6fc3d47b5b6fa638adfeea83cd7409d50c39fa01f85c10379d0daef6989,99a3b422c9c0a5526d5ce813945e378b322824a4042db111023b2f5f30c48c9d,checkpoints/extensions/effective_noise_v1/fixed_r8_eps2_lr2.5_slr1_seed2026_b5debc3a6eaf.npz,0.00392017229765
fixed_r8_eps1_lr2.5_slr1_seed2026_381fbe77c1c5,fixed_r8,fixed,8,eps1,2026,2.5,1,ok,,50,13456,107648,509175040,2.16263208631,6faed6fc3d47b5b6fa638adfeea83cd7409d50c39fa01f85c10379d0daef6989,99a3b422c9c0a5526d5ce813945e378b322824a4042db111023b2f5f30c48c9d,checkpoints/extensions/effective_noise_v1/fixed_r8_eps1_lr2.5_slr1_seed2026_381fbe77c1c5.npz,0.00345951076799
fixed_r8_nodp_lr5_slr0.5_seed42_7f06e4f07b9c,fixed_r8,fixed,8,nodp,42,5,0.5,ok,,50,13456,107648,499809664,3.51389522664,6faed6fc3d47b5b6fa638adfeea83cd7409d50c39fa01f85c10379d0daef6989,99a3b422c9c0a5526d5ce813945e378b322824a4042db111023b2f5f30c48c9d,checkpoints/extensions/effective_noise_v1/fixed_r8_nodp_lr5_slr0.5_seed42_7f06e4f07b9c.npz,0.0433972441827
fixed_r8_clip_lr5_slr0.5_seed42_ebc7330b067f,fixed_r8,fixed,8,clip,42,5,0.5,ok,,50,13456,107648,499809664,3.59661625419,6faed6fc3d47b5b6fa638adfeea83cd7409d50c39fa01f85c10379d0daef6989,99a3b422c9c0a5526d5ce813945e378b322824a4042db111023b2f5f30c48c9d,checkpoints/extensions/effective_noise_v1/fixed_r8_clip_lr5_slr0.5_seed42_ebc7330b067f.npz,0.0374329930691
fixed_r8_eps8_lr5_slr0.5_seed42_05150e75ebe8,fixed_r8,fixed,8,eps8,42,5,0.5,ok,,50,13456,107648,499809664,2.07964008208,6faed6fc3d47b5b6fa638adfeea83cd7409d50c39fa01f85c10379d0daef6989,99a3b422c9c0a5526d5ce813945e378b322824a4042db111023b2f5f30c48c9d,checkpoints/extensions/effective_noise_v1/fixed_r8_eps8_lr5_slr0.5_seed42_05150e75ebe8.npz,0.0277104121893
fixed_r8_eps4_lr5_slr0.5_seed42_6dd9454d7d99,fixed_r8,fixed,8,eps4,42,5,0.5,ok,,50,13456,107648,499809664,2.12152581662,6faed6fc3d47b5b6fa638adfeea83cd7409d50c39fa01f85c10379d0daef6989,99a3b422c9c0a5526d5ce813945e378b322824a4042db111023b2f5f30c48c9d,checkpoints/extensions/effective_noise_v1/fixed_r8_eps4_lr5_slr0.5_seed42_6dd9454d7d99.npz,0.0226982786449
fixed_r8_eps2_lr5_slr0.5_seed42_40c1bb810e3a,fixed_r8,fixed,8,eps2,42,5,0.5,ok,,50,13456,107648,499809664,2.10632014275,6faed6fc3d47b5b6fa638adfeea83cd7409d50c39fa01f85c10379d0daef6989,99a3b422c9c0a5526d5ce813945e378b322824a4042db111023b2f5f30c48c9d,checkpoints/extensions/effective_noise_v1/fixed_r8_eps2_lr5_slr0.5_seed42_40c1bb810e3a.npz,0.0140918026704
fixed_r8_eps1_lr5_slr0.5_seed42_847095a3ad50,fixed_r8,fixed,8,eps1,42,5,0.5,ok,,50,13456,107648,499809664,2.12260441296,6faed6fc3d47b5b6fa638adfeea83cd7409d50c39fa01f85c10379d0daef6989,99a3b422c9c0a5526d5ce813945e378b322824a4042db111023b2f5f30c48c9d,checkpoints/extensions/effective_noise_v1/fixed_r8_eps1_lr5_slr0.5_seed42_847095a3ad50.npz,0.00764878153307
fixed_r8_nodp_lr5_slr0.5_seed123_d577a7c6ef70,fixed_r8,fixed,8,nodp,123,5,0.5,ok,,50,13456,107648,504546176,2.10931289569,6faed6fc3d47b5b6fa638adfeea83cd7409d50c39fa01f85c10379d0daef6989,99a3b422c9c0a5526d5ce813945e378b322824a4042db111023b2f5f30c48c9d,checkpoints/extensions/effective_noise_v1/fixed_r8_nodp_lr5_slr0.5_seed123_d577a7c6ef70.npz,0.0420885925622
fixed_r8_clip_lr5_slr0.5_seed123_a9d5c4c7fb7b,fixed_r8,fixed,8,clip,123,5,0.5,ok,,50,13456,107648,504546176,2.17442870047,6faed6fc3d47b5b6fa638adfeea83cd7409d50c39fa01f85c10379d0daef6989,99a3b422c9c0a5526d5ce813945e378b322824a4042db111023b2f5f30c48c9d,checkpoints/extensions/effective_noise_v1/fixed_r8_clip_lr5_slr0.5_seed123_a9d5c4c7fb7b.npz,0.0422525193706
fixed_r8_eps8_lr5_slr0.5_seed123_4171cbc84082,fixed_r8,fixed,8,eps8,123,5,0.5,ok,,50,13456,107648,504546176,2.14388207439,6faed6fc3d47b5b6fa638adfeea83cd7409d50c39fa01f85c10379d0daef6989,99a3b422c9c0a5526d5ce813945e378b322824a4042db111023b2f5f30c48c9d,checkpoints/extensions/effective_noise_v1/fixed_r8_eps8_lr5_slr0.5_seed123_4171cbc84082.npz,0.0359001780443
fixed_r8_eps4_lr5_slr0.5_seed123_d41e13d8e72f,fixed_r8,fixed,8,eps4,123,5,0.5,ok,,50,13456,107648,504546176,2.19525256101,6faed6fc3d47b5b6fa638adfeea83cd7409d50c39fa01f85c10379d0daef6989,99a3b422c9c0a5526d5ce813945e378b322824a4042db111023b2f5f30c48c9d,checkpoints/extensions/effective_noise_v1/fixed_r8_eps4_lr5_slr0.5_seed123_d41e13d8e72f.npz,0.0301744129624
fixed_r8_eps2_lr5_slr0.5_seed123_661e307fa82a,fixed_r8,fixed,8,eps2,123,5,0.5,ok,,50,13456,107648,504546176,3.68255009968,6faed6fc3d47b5b6fa638adfeea83cd7409d50c39fa01f85c10379d0daef6989,99a3b422c9c0a5526d5ce813945e378b322824a4042db111023b2f5f30c48c9d,checkpoints/extensions/effective_noise_v1/fixed_r8_eps2_lr5_slr0.5_seed123_661e307fa82a.npz,0.0204386992473
fixed_r8_eps1_lr5_slr0.5_seed123_f2fd6ccc6c50,fixed_r8,fixed,8,eps1,123,5,0.5,ok,,50,13456,107648,504546176,2.15603339579,6faed6fc3d47b5b6fa638adfeea83cd7409d50c39fa01f85c10379d0daef6989,99a3b422c9c0a5526d5ce813945e378b322824a4042db111023b2f5f30c48c9d,checkpoints/extensions/effective_noise_v1/fixed_r8_eps1_lr5_slr0.5_seed123_f2fd6ccc6c50.npz,0.00955991123789
fixed_r8_nodp_lr5_slr0.5_seed2026_5c0c5aafe28d,fixed_r8,fixed,8,nodp,2026,5,0.5,ok,,50,13456,107648,509175040,3.70382935181,6faed6fc3d47b5b6fa638adfeea83cd7409d50c39fa01f85c10379d0daef6989,99a3b422c9c0a5526d5ce813945e378b322824a4042db111023b2f5f30c48c9d,checkpoints/extensions/effective_noise_v1/fixed_r8_nodp_lr5_slr0.5_seed2026_5c0c5aafe28d.npz,0.0475700304238
fixed_r8_clip_lr5_slr0.5_seed2026_aeb86d126d6d,fixed_r8,fixed,8,clip,2026,5,0.5,ok,,50,13456,107648,509175040,2.21643746644,6faed6fc3d47b5b6fa638adfeea83cd7409d50c39fa01f85c10379d0daef6989,99a3b422c9c0a5526d5ce813945e378b322824a4042db111023b2f5f30c48c9d,checkpoints/extensions/effective_noise_v1/fixed_r8_clip_lr5_slr0.5_seed2026_aeb86d126d6d.npz,0.043642653845
fixed_r8_eps8_lr5_slr0.5_seed2026_33c9e76f2055,fixed_r8,fixed,8,eps8,2026,5,0.5,ok,,50,13456,107648,509175040,2.16655065306,6faed6fc3d47b5b6fa638adfeea83cd7409d50c39fa01f85c10379d0daef6989,99a3b422c9c0a5526d5ce813945e378b322824a4042db111023b2f5f30c48c9d,checkpoints/extensions/effective_noise_v1/fixed_r8_eps8_lr5_slr0.5_seed2026_33c9e76f2055.npz,0.0257167064415
fixed_r8_eps4_lr5_slr0.5_seed2026_3aea04b74ca6,fixed_r8,fixed,8,eps4,2026,5,0.5,ok,,50,13456,107648,509175040,3.61747601628,6faed6fc3d47b5b6fa638adfeea83cd7409d50c39fa01f85c10379d0daef6989,99a3b422c9c0a5526d5ce813945e378b322824a4042db111023b2f5f30c48c9d,checkpoints/extensions/effective_noise_v1/fixed_r8_eps4_lr5_slr0.5_seed2026_3aea04b74ca6.npz,0.0179137674888
fixed_r8_eps2_lr5_slr0.5_seed2026_29a4d96e4d07,fixed_r8,fixed,8,eps2,2026,5,0.5,ok,,50,13456,107648,509175040,2.14833060838,6faed6fc3d47b5b6fa638adfeea83cd7409d50c39fa01f85c10379d0daef6989,99a3b422c9c0a5526d5ce813945e378b322824a4042db111023b2f5f30c48c9d,checkpoints/extensions/effective_noise_v1/fixed_r8_eps2_lr5_slr0.5_seed2026_29a4d96e4d07.npz,0.0111707125841
fixed_r8_eps1_lr5_slr0.5_seed2026_07d4d02f7784,fixed_r8,fixed,8,eps1,2026,5,0.5,ok,,50,13456,107648,509175040,2.11833089776,6faed6fc3d47b5b6fa638adfeea83cd7409d50c39fa01f85c10379d0daef6989,99a3b422c9c0a5526d5ce813945e378b322824a4042db111023b2f5f30c48c9d,checkpoints/extensions/effective_noise_v1/fixed_r8_eps1_lr5_slr0.5_seed2026_07d4d02f7784.npz,0.0067726139283
fixed_r8_nodp_lr5_slr1_seed42_70b4cf43fcbf,fixed_r8,fixed,8,nodp,42,5,1,ok,,50,13456,107648,499809664,2.07524655852,6faed6fc3d47b5b6fa638adfeea83cd7409d50c39fa01f85c10379d0daef6989,99a3b422c9c0a5526d5ce813945e378b322824a4042db111023b2f5f30c48c9d,checkpoints/extensions/effective_noise_v1/fixed_r8_nodp_lr5_slr1_seed42_70b4cf43fcbf.npz,0.0517188519781
fixed_r8_clip_lr5_slr1_seed42_8bf1aef828fe,fixed_r8,fixed,8,clip,42,5,1,ok,,50,13456,107648,499809664,3.54986962117,6faed6fc3d47b5b6fa638adfeea83cd7409d50c39fa01f85c10379d0daef6989,99a3b422c9c0a5526d5ce813945e378b322824a4042db111023b2f5f30c48c9d,checkpoints/extensions/effective_noise_v1/fixed_r8_clip_lr5_slr1_seed42_8bf1aef828fe.npz,0.0530590194418
fixed_r8_eps8_lr5_slr1_seed42_1635c19e1040,fixed_r8,fixed,8,eps8,42,5,1,ok,,50,13456,107648,499809664,2.12933188397,6faed6fc3d47b5b6fa638adfeea83cd7409d50c39fa01f85c10379d0daef6989,99a3b422c9c0a5526d5ce813945e378b322824a4042db111023b2f5f30c48c9d,checkpoints/extensions/effective_noise_v1/fixed_r8_eps8_lr5_slr1_seed42_1635c19e1040.npz,0.0451362253389
fixed_r8_eps4_lr5_slr1_seed42_b0b275706fa5,fixed_r8,fixed,8,eps4,42,5,1,ok,,50,13456,107648,499809664,2.10056033544,6faed6fc3d47b5b6fa638adfeea83cd7409d50c39fa01f85c10379d0daef6989,99a3b422c9c0a5526d5ce813945e378b322824a4042db111023b2f5f30c48c9d,checkpoints/extensions/effective_noise_v1/fixed_r8_eps4_lr5_slr1_seed42_b0b275706fa5.npz,0.0394617960351
fixed_r8_eps2_lr5_slr1_seed42_6ab195887ca0,fixed_r8,fixed,8,eps2,42,5,1,ok,,50,13456,107648,499809664,2.09895160701,6faed6fc3d47b5b6fa638adfeea83cd7409d50c39fa01f85c10379d0daef6989,99a3b422c9c0a5526d5ce813945e378b322824a4042db111023b2f5f30c48c9d,checkpoints/extensions/effective_noise_v1/fixed_r8_eps2_lr5_slr1_seed42_6ab195887ca0.npz,0.0233451513773
fixed_r8_eps1_lr5_slr1_seed42_38bc00ced6fd,fixed_r8,fixed,8,eps1,42,5,1,ok,,50,13456,107648,499809664,2.19989050925,6faed6fc3d47b5b6fa638adfeea83cd7409d50c39fa01f85c10379d0daef6989,99a3b422c9c0a5526d5ce813945e378b322824a4042db111023b2f5f30c48c9d,checkpoints/extensions/effective_noise_v1/fixed_r8_eps1_lr5_slr1_seed42_38bc00ced6fd.npz,0.00950388824407
fixed_r8_nodp_lr5_slr1_seed123_40575ed5df79,fixed_r8,fixed,8,nodp,123,5,1,ok,,50,13456,107648,504546176,2.13180338033,6faed6fc3d47b5b6fa638adfeea83cd7409d50c39fa01f85c10379d0daef6989,99a3b422c9c0a5526d5ce813945e378b322824a4042db111023b2f5f30c48c9d,checkpoints/extensions/effective_noise_v1/fixed_r8_nodp_lr5_slr1_seed123_40575ed5df79.npz,0.0496765982195
fixed_r8_clip_lr5_slr1_seed123_af78a90b2b5f,fixed_r8,fixed,8,clip,123,5,1,ok,,50,13456,107648,504546176,2.10080403276,6faed6fc3d47b5b6fa638adfeea83cd7409d50c39fa01f85c10379d0daef6989,99a3b422c9c0a5526d5ce813945e378b322824a4042db111023b2f5f30c48c9d,checkpoints/extensions/effective_noise_v1/fixed_r8_clip_lr5_slr1_seed123_af78a90b2b5f.npz,0.0519298829085
fixed_r8_eps8_lr5_slr1_seed123_75a90be0b8bd,fixed_r8,fixed,8,eps8,123,5,1,ok,,50,13456,107648,504546176,2.17319083493,6faed6fc3d47b5b6fa638adfeea83cd7409d50c39fa01f85c10379d0daef6989,99a3b422c9c0a5526d5ce813945e378b322824a4042db111023b2f5f30c48c9d,checkpoints/extensions/effective_noise_v1/fixed_r8_eps8_lr5_slr1_seed123_75a90be0b8bd.npz,0.0496250237131
fixed_r8_eps4_lr5_slr1_seed123_d1c7867fc23a,fixed_r8,fixed,8,eps4,123,5,1,ok,,50,13456,107648,504546176,2.18837367836,6faed6fc3d47b5b6fa638adfeea83cd7409d50c39fa01f85c10379d0daef6989,99a3b422c9c0a5526d5ce813945e378b322824a4042db111023b2f5f30c48c9d,checkpoints/extensions/effective_noise_v1/fixed_r8_eps4_lr5_slr1_seed123_d1c7867fc23a.npz,0.0407091075264
fixed_r8_eps2_lr5_slr1_seed123_41a8c27032a3,fixed_r8,fixed,8,eps2,123,5,1,ok,,50,13456,107648,504546176,2.14841714129,6faed6fc3d47b5b6fa638adfeea83cd7409d50c39fa01f85c10379d0daef6989,99a3b422c9c0a5526d5ce813945e378b322824a4042db111023b2f5f30c48c9d,checkpoints/extensions/effective_noise_v1/fixed_r8_eps2_lr5_slr1_seed123_41a8c27032a3.npz,0.0303446673766
fixed_r8_eps1_lr5_slr1_seed123_ba99a5278f02,fixed_r8,fixed,8,eps1,123,5,1,ok,,50,13456,107648,504546176,2.17408140469,6faed6fc3d47b5b6fa638adfeea83cd7409d50c39fa01f85c10379d0daef6989,99a3b422c9c0a5526d5ce813945e378b322824a4042db111023b2f5f30c48c9d,checkpoints/extensions/effective_noise_v1/fixed_r8_eps1_lr5_slr1_seed123_ba99a5278f02.npz,0.0104915683428
fixed_r8_nodp_lr5_slr1_seed2026_982eb7e94231,fixed_r8,fixed,8,nodp,2026,5,1,ok,,50,13456,107648,509175040,3.63287277427,6faed6fc3d47b5b6fa638adfeea83cd7409d50c39fa01f85c10379d0daef6989,99a3b422c9c0a5526d5ce813945e378b322824a4042db111023b2f5f30c48c9d,checkpoints/extensions/effective_noise_v1/fixed_r8_nodp_lr5_slr1_seed2026_982eb7e94231.npz,0.0530403903565
fixed_r8_clip_lr5_slr1_seed2026_727dca24554b,fixed_r8,fixed,8,clip,2026,5,1,ok,,50,13456,107648,509175040,3.76986325253,6faed6fc3d47b5b6fa638adfeea83cd7409d50c39fa01f85c10379d0daef6989,99a3b422c9c0a5526d5ce813945e378b322824a4042db111023b2f5f30c48c9d,checkpoints/extensions/effective_noise_v1/fixed_r8_clip_lr5_slr1_seed2026_727dca24554b.npz,0.0555690341109
fixed_r8_eps8_lr5_slr1_seed2026_25db696587e9,fixed_r8,fixed,8,eps8,2026,5,1,ok,,50,13456,107648,509175040,3.71266467683,6faed6fc3d47b5b6fa638adfeea83cd7409d50c39fa01f85c10379d0daef6989,99a3b422c9c0a5526d5ce813945e378b322824a4042db111023b2f5f30c48c9d,checkpoints/extensions/effective_noise_v1/fixed_r8_eps8_lr5_slr1_seed2026_25db696587e9.npz,0.0452368868389
fixed_r8_eps4_lr5_slr1_seed2026_263267bf06e6,fixed_r8,fixed,8,eps4,2026,5,1,ok,,50,13456,107648,509175040,2.201478214,6faed6fc3d47b5b6fa638adfeea83cd7409d50c39fa01f85c10379d0daef6989,99a3b422c9c0a5526d5ce813945e378b322824a4042db111023b2f5f30c48c9d,checkpoints/extensions/effective_noise_v1/fixed_r8_eps4_lr5_slr1_seed2026_263267bf06e6.npz,0.0298234673239
fixed_r8_eps2_lr5_slr1_seed2026_57715adf8fd4,fixed_r8,fixed,8,eps2,2026,5,1,ok,,50,13456,107648,509175040,3.77918272372,6faed6fc3d47b5b6fa638adfeea83cd7409d50c39fa01f85c10379d0daef6989,99a3b422c9c0a5526d5ce813945e378b322824a4042db111023b2f5f30c48c9d,checkpoints/extensions/effective_noise_v1/fixed_r8_eps2_lr5_slr1_seed2026_57715adf8fd4.npz,0.0144130334008
fixed_r8_eps1_lr5_slr1_seed2026_e5ba94c0b3cd,fixed_r8,fixed,8,eps1,2026,5,1,ok,,50,13456,107648,509175040,2.18742626812,6faed6fc3d47b5b6fa638adfeea83cd7409d50c39fa01f85c10379d0daef6989,99a3b422c9c0a5526d5ce813945e378b322824a4042db111023b2f5f30c48c9d,checkpoints/extensions/effective_noise_v1/fixed_r8_eps1_lr5_slr1_seed2026_e5ba94c0b3cd.npz,0.00769540188562
fixed_r16_nodp_lr1.25_slr1_seed42_32d3b9a36457,fixed_r16,fixed,16,nodp,42,1.25,1,ok,,50,26912,215296,999619328,2.50413476862,6faed6fc3d47b5b6fa638adfeea83cd7409d50c39fa01f85c10379d0daef6989,99a3b422c9c0a5526d5ce813945e378b322824a4042db111023b2f5f30c48c9d,checkpoints/extensions/effective_noise_v1/fixed_r16_nodp_lr1.25_slr1_seed42_32d3b9a36457.npz,0.00222638782272
fixed_r16_clip_lr1.25_slr1_seed42_47aafe926845,fixed_r16,fixed,16,clip,42,1.25,1,ok,,50,26912,215296,999619328,2.49314207677,6faed6fc3d47b5b6fa638adfeea83cd7409d50c39fa01f85c10379d0daef6989,99a3b422c9c0a5526d5ce813945e378b322824a4042db111023b2f5f30c48c9d,checkpoints/extensions/effective_noise_v1/fixed_r16_clip_lr1.25_slr1_seed42_47aafe926845.npz,0.00220741918519
fixed_r16_eps8_lr1.25_slr1_seed42_e9366f75b5fe,fixed_r16,fixed,16,eps8,42,1.25,1,ok,,50,26912,215296,999619328,2.46407926828,6faed6fc3d47b5b6fa638adfeea83cd7409d50c39fa01f85c10379d0daef6989,99a3b422c9c0a5526d5ce813945e378b322824a4042db111023b2f5f30c48c9d,checkpoints/extensions/effective_noise_v1/fixed_r16_eps8_lr1.25_slr1_seed42_e9366f75b5fe.npz,0.0026555815371
fixed_r16_eps4_lr1.25_slr1_seed42_2a3435be40d0,fixed_r16,fixed,16,eps4,42,1.25,1,ok,,50,26912,215296,999619328,2.50645140186,6faed6fc3d47b5b6fa638adfeea83cd7409d50c39fa01f85c10379d0daef6989,99a3b422c9c0a5526d5ce813945e378b322824a4042db111023b2f5f30c48c9d,checkpoints/extensions/effective_noise_v1/fixed_r16_eps4_lr1.25_slr1_seed42_2a3435be40d0.npz,0.00296829587268
fixed_r16_eps2_lr1.25_slr1_seed42_5df9550f0862,fixed_r16,fixed,16,eps2,42,1.25,1,ok,,50,26912,215296,999619328,2.5279381061,6faed6fc3d47b5b6fa638adfeea83cd7409d50c39fa01f85c10379d0daef6989,99a3b422c9c0a5526d5ce813945e378b322824a4042db111023b2f5f30c48c9d,checkpoints/extensions/effective_noise_v1/fixed_r16_eps2_lr1.25_slr1_seed42_5df9550f0862.npz,0.00369278699231
fixed_r16_eps1_lr1.25_slr1_seed42_88c24b9000cf,fixed_r16,fixed,16,eps1,42,1.25,1,ok,,50,26912,215296,999619328,2.55209270772,6faed6fc3d47b5b6fa638adfeea83cd7409d50c39fa01f85c10379d0daef6989,99a3b422c9c0a5526d5ce813945e378b322824a4042db111023b2f5f30c48c9d,checkpoints/extensions/effective_noise_v1/fixed_r16_eps1_lr1.25_slr1_seed42_88c24b9000cf.npz,0.00351045370183
fixed_r16_nodp_lr1.25_slr1_seed123_f48fc014f1fa,fixed_r16,fixed,16,nodp,123,1.25,1,ok,,50,26912,215296,1009092352,2.71794228721,6faed6fc3d47b5b6fa638adfeea83cd7409d50c39fa01f85c10379d0daef6989,99a3b422c9c0a5526d5ce813945e378b322824a4042db111023b2f5f30c48c9d,checkpoints/extensions/effective_noise_v1/fixed_r16_nodp_lr1.25_slr1_seed123_f48fc014f1fa.npz,0.00221646893933
fixed_r16_clip_lr1.25_slr1_seed123_a97919546abe,fixed_r16,fixed,16,clip,123,1.25,1,ok,,50,26912,215296,1009092352,2.6899609128,6faed6fc3d47b5b6fa638adfeea83cd7409d50c39fa01f85c10379d0daef6989,99a3b422c9c0a5526d5ce813945e378b322824a4042db111023b2f5f30c48c9d,checkpoints/extensions/effective_noise_v1/fixed_r16_clip_lr1.25_slr1_seed123_a97919546abe.npz,0.00221646893933
fixed_r16_eps8_lr1.25_slr1_seed123_abf7050caaaf,fixed_r16,fixed,16,eps8,123,1.25,1,ok,,50,26912,215296,1009092352,2.68873929419,6faed6fc3d47b5b6fa638adfeea83cd7409d50c39fa01f85c10379d0daef6989,99a3b422c9c0a5526d5ce813945e378b322824a4042db111023b2f5f30c48c9d,checkpoints/extensions/effective_noise_v1/fixed_r16_eps8_lr1.25_slr1_seed123_abf7050caaaf.npz,0.00212669605062
fixed_r16_eps4_lr1.25_slr1_seed123_c4e8dc0a3ce2,fixed_r16,fixed,16,eps4,123,1.25,1,ok,,50,26912,215296,1009092352,4.75326868705,6faed6fc3d47b5b6fa638adfeea83cd7409d50c39fa01f85c10379d0daef6989,99a3b422c9c0a5526d5ce813945e378b322824a4042db111023b2f5f30c48c9d,checkpoints/extensions/effective_noise_v1/fixed_r16_eps4_lr1.25_slr1_seed123_c4e8dc0a3ce2.npz,0.00215273805839
fixed_r16_eps2_lr1.25_slr1_seed123_30db19ca2b54,fixed_r16,fixed,16,eps2,123,1.25,1,ok,,50,26912,215296,1009092352,4.73915091995,6faed6fc3d47b5b6fa638adfeea83cd7409d50c39fa01f85c10379d0daef6989,99a3b422c9c0a5526d5ce813945e378b322824a4042db111023b2f5f30c48c9d,checkpoints/extensions/effective_noise_v1/fixed_r16_eps2_lr1.25_slr1_seed123_30db19ca2b54.npz,0.00175031657125
fixed_r16_eps1_lr1.25_slr1_seed123_b92951085b66,fixed_r16,fixed,16,eps1,123,1.25,1,ok,,50,26912,215296,1009092352,2.73120929208,6faed6fc3d47b5b6fa638adfeea83cd7409d50c39fa01f85c10379d0daef6989,99a3b422c9c0a5526d5ce813945e378b322824a4042db111023b2f5f30c48c9d,checkpoints/extensions/effective_noise_v1/fixed_r16_eps1_lr1.25_slr1_seed123_b92951085b66.npz,0.0021284558357
fixed_r16_nodp_lr1.25_slr1_seed2026_743584dd271f,fixed_r16,fixed,16,nodp,2026,1.25,1,ok,,50,26912,215296,1018350080,2.60679176915,6faed6fc3d47b5b6fa638adfeea83cd7409d50c39fa01f85c10379d0daef6989,99a3b422c9c0a5526d5ce813945e378b322824a4042db111023b2f5f30c48c9d,checkpoints/extensions/effective_noise_v1/fixed_r16_nodp_lr1.25_slr1_seed2026_743584dd271f.npz,0.00954931927592
fixed_r16_clip_lr1.25_slr1_seed2026_a12e598ed854,fixed_r16,fixed,16,clip,2026,1.25,1,ok,,50,26912,215296,1018350080,4.41041138675,6faed6fc3d47b5b6fa638adfeea83cd7409d50c39fa01f85c10379d0daef6989,99a3b422c9c0a5526d5ce813945e378b322824a4042db111023b2f5f30c48c9d,checkpoints/extensions/effective_noise_v1/fixed_r16_clip_lr1.25_slr1_seed2026_a12e598ed854.npz,0.00954931927592
fixed_r16_eps8_lr1.25_slr1_seed2026_947d6e51a804,fixed_r16,fixed,16,eps8,2026,1.25,1,ok,,50,26912,215296,1018350080,2.67480090633,6faed6fc3d47b5b6fa638adfeea83cd7409d50c39fa01f85c10379d0daef6989,99a3b422c9c0a5526d5ce813945e378b322824a4042db111023b2f5f30c48c9d,checkpoints/extensions/effective_noise_v1/fixed_r16_eps8_lr1.25_slr1_seed2026_947d6e51a804.npz,0.00309746655919
fixed_r16_eps4_lr1.25_slr1_seed2026_1f7cdd89ef9c,fixed_r16,fixed,16,eps4,2026,1.25,1,ok,,50,26912,215296,1018350080,2.70529903844,6faed6fc3d47b5b6fa638adfeea83cd7409d50c39fa01f85c10379d0daef6989,99a3b422c9c0a5526d5ce813945e378b322824a4042db111023b2f5f30c48c9d,checkpoints/extensions/effective_noise_v1/fixed_r16_eps4_lr1.25_slr1_seed2026_1f7cdd89ef9c.npz,0.00341922291182
fixed_r16_eps2_lr1.25_slr1_seed2026_1e27b824f24c,fixed_r16,fixed,16,eps2,2026,1.25,1,ok,,50,26912,215296,1018350080,2.67660442088,6faed6fc3d47b5b6fa638adfeea83cd7409d50c39fa01f85c10379d0daef6989,99a3b422c9c0a5526d5ce813945e378b322824a4042db111023b2f5f30c48c9d,checkpoints/extensions/effective_noise_v1/fixed_r16_eps2_lr1.25_slr1_seed2026_1e27b824f24c.npz,0.00366390661102
fixed_r16_eps1_lr1.25_slr1_seed2026_96cc4adc6f2e,fixed_r16,fixed,16,eps1,2026,1.25,1,ok,,50,26912,215296,1018350080,4.45315050147,6faed6fc3d47b5b6fa638adfeea83cd7409d50c39fa01f85c10379d0daef6989,99a3b422c9c0a5526d5ce813945e378b322824a4042db111023b2f5f30c48c9d,checkpoints/extensions/effective_noise_v1/fixed_r16_eps1_lr1.25_slr1_seed2026_96cc4adc6f2e.npz,0.00361957618394
fixed_r16_nodp_lr2.5_slr1_seed42_b2a2a0f3e5b6,fixed_r16,fixed,16,nodp,42,2.5,1,ok,,50,26912,215296,999619328,2.60053826682,6faed6fc3d47b5b6fa638adfeea83cd7409d50c39fa01f85c10379d0daef6989,99a3b422c9c0a5526d5ce813945e378b322824a4042db111023b2f5f30c48c9d,checkpoints/extensions/effective_noise_v1/fixed_r16_nodp_lr2.5_slr1_seed42_b2a2a0f3e5b6.npz,0.0151835066218
fixed_r16_clip_lr2.5_slr1_seed42_b35ecbdec790,fixed_r16,fixed,16,clip,42,2.5,1,ok,,50,26912,215296,999619328,2.59639981296,6faed6fc3d47b5b6fa638adfeea83cd7409d50c39fa01f85c10379d0daef6989,99a3b422c9c0a5526d5ce813945e378b322824a4042db111023b2f5f30c48c9d,checkpoints/extensions/effective_noise_v1/fixed_r16_clip_lr2.5_slr1_seed42_b35ecbdec790.npz,0.0154859256363
fixed_r16_eps8_lr2.5_slr1_seed42_1c42ff80238c,fixed_r16,fixed,16,eps8,42,2.5,1,ok,,50,26912,215296,999619328,2.65085201059,6faed6fc3d47b5b6fa638adfeea83cd7409d50c39fa01f85c10379d0daef6989,99a3b422c9c0a5526d5ce813945e378b322824a4042db111023b2f5f30c48c9d,checkpoints/extensions/effective_noise_v1/fixed_r16_eps8_lr2.5_slr1_seed42_1c42ff80238c.npz,0.00595216720554
fixed_r16_eps4_lr2.5_slr1_seed42_1eaa185eacd9,fixed_r16,fixed,16,eps4,42,2.5,1,ok,,50,26912,215296,999619328,2.6557813473,6faed6fc3d47b5b6fa638adfeea83cd7409d50c39fa01f85c10379d0daef6989,99a3b422c9c0a5526d5ce813945e378b322824a4042db111023b2f5f30c48c9d,checkpoints/extensions/effective_noise_v1/fixed_r16_eps4_lr2.5_slr1_seed42_1eaa185eacd9.npz,0.00666012969093
fixed_r16_eps2_lr2.5_slr1_seed42_a5fa423ed441,fixed_r16,fixed,16,eps2,42,2.5,1,ok,,50,26912,215296,999619328,2.641861137,6faed6fc3d47b5b6fa638adfeea83cd7409d50c39fa01f85c10379d0daef6989,99a3b422c9c0a5526d5ce813945e378b322824a4042db111023b2f5f30c48c9d,checkpoints/extensions/effective_noise_v1/fixed_r16_eps2_lr2.5_slr1_seed42_a5fa423ed441.npz,0.00569881366251
fixed_r16_eps1_lr2.5_slr1_seed42_3b59203813bb,fixed_r16,fixed,16,eps1,42,2.5,1,ok,,50,26912,215296,999619328,2.60995889362,6faed6fc3d47b5b6fa638adfeea83cd7409d50c39fa01f85c10379d0daef6989,99a3b422c9c0a5526d5ce813945e378b322824a4042db111023b2f5f30c48c9d,checkpoints/extensions/effective_noise_v1/fixed_r16_eps1_lr2.5_slr1_seed42_3b59203813bb.npz,0.00462836741491
fixed_r16_nodp_lr2.5_slr1_seed123_335d923ab736,fixed_r16,fixed,16,nodp,123,2.5,1,ok,,50,26912,215296,1009092352,2.68953490444,6faed6fc3d47b5b6fa638adfeea83cd7409d50c39fa01f85c10379d0daef6989,99a3b422c9c0a5526d5ce813945e378b322824a4042db111023b2f5f30c48c9d,checkpoints/extensions/effective_noise_v1/fixed_r16_nodp_lr2.5_slr1_seed123_335d923ab736.npz,0.0187933371728
fixed_r16_clip_lr2.5_slr1_seed123_73c9fa962bfa,fixed_r16,fixed,16,clip,123,2.5,1,ok,,50,26912,215296,1009092352,2.66843067762,6faed6fc3d47b5b6fa638adfeea83cd7409d50c39fa01f85c10379d0daef6989,99a3b422c9c0a5526d5ce813945e378b322824a4042db111023b2f5f30c48c9d,checkpoints/extensions/effective_noise_v1/fixed_r16_clip_lr2.5_slr1_seed123_73c9fa962bfa.npz,0.0178235479071
fixed_r16_eps8_lr2.5_slr1_seed123_6c40cd1afa7a,fixed_r16,fixed,16,eps8,123,2.5,1,ok,,50,26912,215296,1009092352,2.76665501855,6faed6fc3d47b5b6fa638adfeea83cd7409d50c39fa01f85c10379d0daef6989,99a3b422c9c0a5526d5ce813945e378b322824a4042db111023b2f5f30c48c9d,checkpoints/extensions/effective_noise_v1/fixed_r16_eps8_lr2.5_slr1_seed123_6c40cd1afa7a.npz,0.00645725748634
fixed_r16_eps4_lr2.5_slr1_seed123_8398e6cd265c,fixed_r16,fixed,16,eps4,123,2.5,1,ok,,50,26912,215296,1009092352,2.71019836981,6faed6fc3d47b5b6fa638adfeea83cd7409d50c39fa01f85c10379d0daef6989,99a3b422c9c0a5526d5ce813945e378b322824a4042db111023b2f5f30c48c9d,checkpoints/extensions/effective_noise_v1/fixed_r16_eps4_lr2.5_slr1_seed123_8398e6cd265c.npz,0.00456773209202
fixed_r16_eps2_lr2.5_slr1_seed123_6d39a929781a,fixed_r16,fixed,16,eps2,123,2.5,1,ok,,50,26912,215296,1009092352,4.50034612883,6faed6fc3d47b5b6fa638adfeea83cd7409d50c39fa01f85c10379d0daef6989,99a3b422c9c0a5526d5ce813945e378b322824a4042db111023b2f5f30c48c9d,checkpoints/extensions/effective_noise_v1/fixed_r16_eps2_lr2.5_slr1_seed123_6d39a929781a.npz,0.00374864854638
fixed_r16_eps1_lr2.5_slr1_seed123_eed80e34dde2,fixed_r16,fixed,16,eps1,123,2.5,1,ok,,50,26912,215296,1009092352,4.4614430517,6faed6fc3d47b5b6fa638adfeea83cd7409d50c39fa01f85c10379d0daef6989,99a3b422c9c0a5526d5ce813945e378b322824a4042db111023b2f5f30c48c9d,checkpoints/extensions/effective_noise_v1/fixed_r16_eps1_lr2.5_slr1_seed123_eed80e34dde2.npz,0.00334939990345
fixed_r16_nodp_lr2.5_slr1_seed2026_ace31280c140,fixed_r16,fixed,16,nodp,2026,2.5,1,ok,,50,26912,215296,1018350080,4.54483533744,6faed6fc3d47b5b6fa638adfeea83cd7409d50c39fa01f85c10379d0daef6989,99a3b422c9c0a5526d5ce813945e378b322824a4042db111023b2f5f30c48c9d,checkpoints/extensions/effective_noise_v1/fixed_r16_nodp_lr2.5_slr1_seed2026_ace31280c140.npz,0.0430293281881
fixed_r16_clip_lr2.5_slr1_seed2026_28c43aa1d40d,fixed_r16,fixed,16,clip,2026,2.5,1,ok,,50,26912,215296,1018350080,2.73194218054,6faed6fc3d47b5b6fa638adfeea83cd7409d50c39fa01f85c10379d0daef6989,99a3b422c9c0a5526d5ce813945e378b322824a4042db111023b2f5f30c48c9d,checkpoints/extensions/effective_noise_v1/fixed_r16_clip_lr2.5_slr1_seed2026_28c43aa1d40d.npz,0.0430553728173
fixed_r16_eps8_lr2.5_slr1_seed2026_033ba5470bd6,fixed_r16,fixed,16,eps8,2026,2.5,1,ok,,50,26912,215296,1018350080,4.52937706094,6faed6fc3d47b5b6fa638adfeea83cd7409d50c39fa01f85c10379d0daef6989,99a3b422c9c0a5526d5ce813945e378b322824a4042db111023b2f5f30c48c9d,checkpoints/extensions/effective_noise_v1/fixed_r16_eps8_lr2.5_slr1_seed2026_033ba5470bd6.npz,0.0126062356788
fixed_r16_eps4_lr2.5_slr1_seed2026_f38453eaaccb,fixed_r16,fixed,16,eps4,2026,2.5,1,ok,,50,26912,215296,1018350080,2.72598242573,6faed6fc3d47b5b6fa638adfeea83cd7409d50c39fa01f85c10379d0daef6989,99a3b422c9c0a5526d5ce813945e378b322824a4042db111023b2f5f30c48c9d,checkpoints/extensions/effective_noise_v1/fixed_r16_eps4_lr2.5_slr1_seed2026_f38453eaaccb.npz,0.0107161035746
fixed_r16_eps2_lr2.5_slr1_seed2026_0f96b86c5846,fixed_r16,fixed,16,eps2,2026,2.5,1,ok,,50,26912,215296,1018350080,2.75164588634,6faed6fc3d47b5b6fa638adfeea83cd7409d50c39fa01f85c10379d0daef6989,99a3b422c9c0a5526d5ce813945e378b322824a4042db111023b2f5f30c48c9d,checkpoints/extensions/effective_noise_v1/fixed_r16_eps2_lr2.5_slr1_seed2026_0f96b86c5846.npz,0.0091644339723
fixed_r16_eps1_lr2.5_slr1_seed2026_258b6a79fd1b,fixed_r16,fixed,16,eps1,2026,2.5,1,ok,,50,26912,215296,1018350080,2.68546576612,6faed6fc3d47b5b6fa638adfeea83cd7409d50c39fa01f85c10379d0daef6989,99a3b422c9c0a5526d5ce813945e378b322824a4042db111023b2f5f30c48c9d,checkpoints/extensions/effective_noise_v1/fixed_r16_eps1_lr2.5_slr1_seed2026_258b6a79fd1b.npz,0.00578638721274
fixed_r16_nodp_lr5_slr0.5_seed42_0588a769fc1b,fixed_r16,fixed,16,nodp,42,5,0.5,ok,,50,26912,215296,999619328,2.60656143539,6faed6fc3d47b5b6fa638adfeea83cd7409d50c39fa01f85c10379d0daef6989,99a3b422c9c0a5526d5ce813945e378b322824a4042db111023b2f5f30c48c9d,checkpoints/extensions/effective_noise_v1/fixed_r16_nodp_lr5_slr0.5_seed42_0588a769fc1b.npz,0.0367282057393
fixed_r16_clip_lr5_slr0.5_seed42_0343f5362a2b,fixed_r16,fixed,16,clip,42,5,0.5,ok,,50,26912,215296,999619328,2.6319474522,6faed6fc3d47b5b6fa638adfeea83cd7409d50c39fa01f85c10379d0daef6989,99a3b422c9c0a5526d5ce813945e378b322824a4042db111023b2f5f30c48c9d,checkpoints/extensions/effective_noise_v1/fixed_r16_clip_lr5_slr0.5_seed42_0343f5362a2b.npz,0.0313657525822
fixed_r16_eps8_lr5_slr0.5_seed42_355825e04b73,fixed_r16,fixed,16,eps8,42,5,0.5,ok,,50,26912,215296,999619328,2.65054327436,6faed6fc3d47b5b6fa638adfeea83cd7409d50c39fa01f85c10379d0daef6989,99a3b422c9c0a5526d5ce813945e378b322824a4042db111023b2f5f30c48c9d,checkpoints/extensions/effective_noise_v1/fixed_r16_eps8_lr5_slr0.5_seed42_355825e04b73.npz,0.0219642594697
fixed_r16_eps4_lr5_slr0.5_seed42_c256a2538873,fixed_r16,fixed,16,eps4,42,5,0.5,ok,,50,26912,215296,999619328,1.84881669097,6faed6fc3d47b5b6fa638adfeea83cd7409d50c39fa01f85c10379d0daef6989,99a3b422c9c0a5526d5ce813945e378b322824a4042db111023b2f5f30c48c9d,checkpoints/extensions/effective_noise_v1/fixed_r16_eps4_lr5_slr0.5_seed42_c256a2538873.npz,0.0152879011907
fixed_r16_eps2_lr5_slr0.5_seed42_a4845e024a13,fixed_r16,fixed,16,eps2,42,5,0.5,ok,,50,26912,215296,999619328,2.64185063913,6faed6fc3d47b5b6fa638adfeea83cd7409d50c39fa01f85c10379d0daef6989,99a3b422c9c0a5526d5ce813945e378b322824a4042db111023b2f5f30c48c9d,checkpoints/extensions/effective_noise_v1/fixed_r16_eps2_lr5_slr0.5_seed42_a4845e024a13.npz,0.0104734809468
fixed_r16_eps1_lr5_slr0.5_seed42_6be08e26e8cf,fixed_r16,fixed,16,eps1,42,5,0.5,ok,,50,26912,215296,999619328,2.76973910443,6faed6fc3d47b5b6fa638adfeea83cd7409d50c39fa01f85c10379d0daef6989,99a3b422c9c0a5526d5ce813945e378b322824a4042db111023b2f5f30c48c9d,checkpoints/extensions/effective_noise_v1/fixed_r16_eps1_lr5_slr0.5_seed42_6be08e26e8cf.npz,0.00776720127788
fixed_r16_nodp_lr5_slr0.5_seed123_05691ce9a080,fixed_r16,fixed,16,nodp,123,5,0.5,ok,,50,26912,215296,1009092352,2.72015145514,6faed6fc3d47b5b6fa638adfeea83cd7409d50c39fa01f85c10379d0daef6989,99a3b422c9c0a5526d5ce813945e378b322824a4042db111023b2f5f30c48c9d,checkpoints/extensions/effective_noise_v1/fixed_r16_nodp_lr5_slr0.5_seed123_05691ce9a080.npz,0.0385512463268
fixed_r16_clip_lr5_slr0.5_seed123_02ad597b2c53,fixed_r16,fixed,16,clip,123,5,0.5,ok,,50,26912,215296,1009092352,2.6948370114,6faed6fc3d47b5b6fa638adfeea83cd7409d50c39fa01f85c10379d0daef6989,99a3b422c9c0a5526d5ce813945e378b322824a4042db111023b2f5f30c48c9d,checkpoints/extensions/effective_noise_v1/fixed_r16_clip_lr5_slr0.5_seed123_02ad597b2c53.npz,0.035869274413
fixed_r16_eps8_lr5_slr0.5_seed123_35b882f5a18a,fixed_r16,fixed,16,eps8,123,5,0.5,ok,,50,26912,215296,1009092352,2.66888876446,6faed6fc3d47b5b6fa638adfeea83cd7409d50c39fa01f85c10379d0daef6989,99a3b422c9c0a5526d5ce813945e378b322824a4042db111023b2f5f30c48c9d,checkpoints/extensions/effective_noise_v1/fixed_r16_eps8_lr5_slr0.5_seed123_35b882f5a18a.npz,0.0143531133279
fixed_r16_eps4_lr5_slr0.5_seed123_42f14a8a1ef9,fixed_r16,fixed,16,eps4,123,5,0.5,ok,,50,26912,215296,1009092352,2.71603067778,6faed6fc3d47b5b6fa638adfeea83cd7409d50c39fa01f85c10379d0daef6989,99a3b422c9c0a5526d5ce813945e378b322824a4042db111023b2f5f30c48c9d,checkpoints/extensions/effective_noise_v1/fixed_r16_eps4_lr5_slr0.5_seed123_42f14a8a1ef9.npz,0.0136208088574
fixed_r16_eps2_lr5_slr0.5_seed123_397a9d178aa7,fixed_r16,fixed,16,eps2,123,5,0.5,ok,,50,26912,215296,1009092352,2.68676615693,6faed6fc3d47b5b6fa638adfeea83cd7409d50c39fa01f85c10379d0daef6989,99a3b422c9c0a5526d5ce813945e378b322824a4042db111023b2f5f30c48c9d,checkpoints/extensions/effective_noise_v1/fixed_r16_eps2_lr5_slr0.5_seed123_397a9d178aa7.npz,0.00879692699381
fixed_r16_eps1_lr5_slr0.5_seed123_26cb6b6e05da,fixed_r16,fixed,16,eps1,123,5,0.5,ok,,50,26912,215296,1009092352,4.47580455802,6faed6fc3d47b5b6fa638adfeea83cd7409d50c39fa01f85c10379d0daef6989,99a3b422c9c0a5526d5ce813945e378b322824a4042db111023b2f5f30c48c9d,checkpoints/extensions/effective_noise_v1/fixed_r16_eps1_lr5_slr0.5_seed123_26cb6b6e05da.npz,0.0044320804072
fixed_r16_nodp_lr5_slr0.5_seed2026_806fc4cc898d,fixed_r16,fixed,16,nodp,2026,5,0.5,ok,,50,26912,215296,1018350080,4.43661119975,6faed6fc3d47b5b6fa638adfeea83cd7409d50c39fa01f85c10379d0daef6989,99a3b422c9c0a5526d5ce813945e378b322824a4042db111023b2f5f30c48c9d,checkpoints/extensions/effective_noise_v1/fixed_r16_nodp_lr5_slr0.5_seed2026_806fc4cc898d.npz,0.0493928469372
fixed_r16_clip_lr5_slr0.5_seed2026_c8cd285057f1,fixed_r16,fixed,16,clip,2026,5,0.5,ok,,50,26912,215296,1018350080,4.54898747616,6faed6fc3d47b5b6fa638adfeea83cd7409d50c39fa01f85c10379d0daef6989,99a3b422c9c0a5526d5ce813945e378b322824a4042db111023b2f5f30c48c9d,checkpoints/extensions/effective_noise_v1/fixed_r16_clip_lr5_slr0.5_seed2026_c8cd285057f1.npz,0.0540000879622
fixed_r16_eps8_lr5_slr0.5_seed2026_82386e4eaabb,fixed_r16,fixed,16,eps8,2026,5,0.5,ok,,50,26912,215296,1018350080,4.59666617773,6faed6fc3d47b5b6fa638adfeea83cd7409d50c39fa01f85c10379d0daef6989,99a3b422c9c0a5526d5ce813945e378b322824a4042db111023b2f5f30c48c9d,checkpoints/extensions/effective_noise_v1/fixed_r16_eps8_lr5_slr0.5_seed2026_82386e4eaabb.npz,0.0398446126906
fixed_r16_eps4_lr5_slr0.5_seed2026_9358167cf79a,fixed_r16,fixed,16,eps4,2026,5,0.5,ok,,50,26912,215296,1018350080,2.71269012988,6faed6fc3d47b5b6fa638adfeea83cd7409d50c39fa01f85c10379d0daef6989,99a3b422c9c0a5526d5ce813945e378b322824a4042db111023b2f5f30c48c9d,checkpoints/extensions/effective_noise_v1/fixed_r16_eps4_lr5_slr0.5_seed2026_9358167cf79a.npz,0.0346433206257
fixed_r16_eps2_lr5_slr0.5_seed2026_f60d511d48e9,fixed_r16,fixed,16,eps2,2026,5,0.5,ok,,50,26912,215296,1018350080,2.74840469565,6faed6fc3d47b5b6fa638adfeea83cd7409d50c39fa01f85c10379d0daef6989,99a3b422c9c0a5526d5ce813945e378b322824a4042db111023b2f5f30c48c9d,checkpoints/extensions/effective_noise_v1/fixed_r16_eps2_lr5_slr0.5_seed2026_f60d511d48e9.npz,0.0216397620891
fixed_r16_eps1_lr5_slr0.5_seed2026_05ed7daf5f67,fixed_r16,fixed,16,eps1,2026,5,0.5,ok,,50,26912,215296,1018350080,2.68789705262,6faed6fc3d47b5b6fa638adfeea83cd7409d50c39fa01f85c10379d0daef6989,99a3b422c9c0a5526d5ce813945e378b322824a4042db111023b2f5f30c48c9d,checkpoints/extensions/effective_noise_v1/fixed_r16_eps1_lr5_slr0.5_seed2026_05ed7daf5f67.npz,0.0108336186802
fixed_r16_nodp_lr5_slr1_seed42_d4418d1c970e,fixed_r16,fixed,16,nodp,42,5,1,ok,,50,26912,215296,999619328,2.62698024791,6faed6fc3d47b5b6fa638adfeea83cd7409d50c39fa01f85c10379d0daef6989,99a3b422c9c0a5526d5ce813945e378b322824a4042db111023b2f5f30c48c9d,checkpoints/extensions/effective_noise_v1/fixed_r16_nodp_lr5_slr1_seed42_d4418d1c970e.npz,0.0460959874196
fixed_r16_clip_lr5_slr1_seed42_33fdeed6e83e,fixed_r16,fixed,16,clip,42,5,1,ok,,50,26912,215296,999619328,2.60653599817,6faed6fc3d47b5b6fa638adfeea83cd7409d50c39fa01f85c10379d0daef6989,99a3b422c9c0a5526d5ce813945e378b322824a4042db111023b2f5f30c48c9d,checkpoints/extensions/effective_noise_v1/fixed_r16_clip_lr5_slr1_seed42_33fdeed6e83e.npz,0.0484318047323
fixed_r16_eps8_lr5_slr1_seed42_0e12083cf842,fixed_r16,fixed,16,eps8,42,5,1,ok,,50,26912,215296,999619328,2.62515767105,6faed6fc3d47b5b6fa638adfeea83cd7409d50c39fa01f85c10379d0daef6989,99a3b422c9c0a5526d5ce813945e378b322824a4042db111023b2f5f30c48c9d,checkpoints/extensions/effective_noise_v1/fixed_r16_eps8_lr5_slr1_seed42_0e12083cf842.npz,0.0404504667131
fixed_r16_eps4_lr5_slr1_seed42_a69af6cb5f01,fixed_r16,fixed,16,eps4,42,5,1,ok,,50,26912,215296,999619328,2.73620491009,6faed6fc3d47b5b6fa638adfeea83cd7409d50c39fa01f85c10379d0daef6989,99a3b422c9c0a5526d5ce813945e378b322824a4042db111023b2f5f30c48c9d,checkpoints/extensions/effective_noise_v1/fixed_r16_eps4_lr5_slr1_seed42_a69af6cb5f01.npz,0.0355608675278
fixed_r16_eps2_lr5_slr1_seed42_0a377a43569a,fixed_r16,fixed,16,eps2,42,5,1,ok,,50,26912,215296,999619328,2.69616715424,6faed6fc3d47b5b6fa638adfeea83cd7409d50c39fa01f85c10379d0daef6989,99a3b422c9c0a5526d5ce813945e378b322824a4042db111023b2f5f30c48c9d,checkpoints/extensions/effective_noise_v1/fixed_r16_eps2_lr5_slr1_seed42_0a377a43569a.npz,0.0242284456577
fixed_r16_eps1_lr5_slr1_seed42_c01d135f5abc,fixed_r16,fixed,16,eps1,42,5,1,ok,,50,26912,215296,999619328,2.70142857824,6faed6fc3d47b5b6fa638adfeea83cd7409d50c39fa01f85c10379d0daef6989,99a3b422c9c0a5526d5ce813945e378b322824a4042db111023b2f5f30c48c9d,checkpoints/extensions/effective_noise_v1/fixed_r16_eps1_lr5_slr1_seed42_c01d135f5abc.npz,0.0131456877141
fixed_r16_nodp_lr5_slr1_seed123_5f1ba9823ac8,fixed_r16,fixed,16,nodp,123,5,1,ok,,50,26912,215296,1009092352,2.64688674919,6faed6fc3d47b5b6fa638adfeea83cd7409d50c39fa01f85c10379d0daef6989,99a3b422c9c0a5526d5ce813945e378b322824a4042db111023b2f5f30c48c9d,checkpoints/extensions/effective_noise_v1/fixed_r16_nodp_lr5_slr1_seed123_5f1ba9823ac8.npz,0.0486489012503
fixed_r16_clip_lr5_slr1_seed123_6decedc910df,fixed_r16,fixed,16,clip,123,5,1,ok,,50,26912,215296,1009092352,2.7722154269,6faed6fc3d47b5b6fa638adfeea83cd7409d50c39fa01f85c10379d0daef6989,99a3b422c9c0a5526d5ce813945e378b322824a4042db111023b2f5f30c48c9d,checkpoints/extensions/effective_noise_v1/fixed_r16_clip_lr5_slr1_seed123_6decedc910df.npz,0.0487025550084
fixed_r16_eps8_lr5_slr1_seed123_036712634a35,fixed_r16,fixed,16,eps8,123,5,1,ok,,50,26912,215296,1009092352,4.60001650266,6faed6fc3d47b5b6fa638adfeea83cd7409d50c39fa01f85c10379d0daef6989,99a3b422c9c0a5526d5ce813945e378b322824a4042db111023b2f5f30c48c9d,checkpoints/extensions/effective_noise_v1/fixed_r16_eps8_lr5_slr1_seed123_036712634a35.npz,0.035618618583
fixed_r16_eps4_lr5_slr1_seed123_b560dcaf59c7,fixed_r16,fixed,16,eps4,123,5,1,ok,,50,26912,215296,1009092352,4.69302808121,6faed6fc3d47b5b6fa638adfeea83cd7409d50c39fa01f85c10379d0daef6989,99a3b422c9c0a5526d5ce813945e378b322824a4042db111023b2f5f30c48c9d,checkpoints/extensions/effective_noise_v1/fixed_r16_eps4_lr5_slr1_seed123_b560dcaf59c7.npz,0.0277460904487
fixed_r16_eps2_lr5_slr1_seed123_8064b76173b3,fixed_r16,fixed,16,eps2,123,5,1,ok,,50,26912,215296,1009092352,2.73493324127,6faed6fc3d47b5b6fa638adfeea83cd7409d50c39fa01f85c10379d0daef6989,99a3b422c9c0a5526d5ce813945e378b322824a4042db111023b2f5f30c48c9d,checkpoints/extensions/effective_noise_v1/fixed_r16_eps2_lr5_slr1_seed123_8064b76173b3.npz,0.0173175421206
fixed_r16_eps1_lr5_slr1_seed123_600cb36a6097,fixed_r16,fixed,16,eps1,123,5,1,ok,,50,26912,215296,1009092352,2.78221366461,6faed6fc3d47b5b6fa638adfeea83cd7409d50c39fa01f85c10379d0daef6989,99a3b422c9c0a5526d5ce813945e378b322824a4042db111023b2f5f30c48c9d,checkpoints/extensions/effective_noise_v1/fixed_r16_eps1_lr5_slr1_seed123_600cb36a6097.npz,0.00734983093243
fixed_r16_nodp_lr5_slr1_seed2026_d63daac11115,fixed_r16,fixed,16,nodp,2026,5,1,ok,,50,26912,215296,1018350080,2.65438857954,6faed6fc3d47b5b6fa638adfeea83cd7409d50c39fa01f85c10379d0daef6989,99a3b422c9c0a5526d5ce813945e378b322824a4042db111023b2f5f30c48c9d,checkpoints/extensions/effective_noise_v1/fixed_r16_nodp_lr5_slr1_seed2026_d63daac11115.npz,0.0525836041177
fixed_r16_clip_lr5_slr1_seed2026_7fa27d659f7b,fixed_r16,fixed,16,clip,2026,5,1,ok,,50,26912,215296,1018350080,4.7054775022,6faed6fc3d47b5b6fa638adfeea83cd7409d50c39fa01f85c10379d0daef6989,99a3b422c9c0a5526d5ce813945e378b322824a4042db111023b2f5f30c48c9d,checkpoints/extensions/effective_noise_v1/fixed_r16_clip_lr5_slr1_seed2026_7fa27d659f7b.npz,0.056263801454
fixed_r16_eps8_lr5_slr1_seed2026_01c7bed6c266,fixed_r16,fixed,16,eps8,2026,5,1,ok,,50,26912,215296,1018350080,2.67757936101,6faed6fc3d47b5b6fa638adfeea83cd7409d50c39fa01f85c10379d0daef6989,99a3b422c9c0a5526d5ce813945e378b322824a4042db111023b2f5f30c48c9d,checkpoints/extensions/effective_noise_v1/fixed_r16_eps8_lr5_slr1_seed2026_01c7bed6c266.npz,0.0487562320771
fixed_r16_eps4_lr5_slr1_seed2026_dc85ff957336,fixed_r16,fixed,16,eps4,2026,5,1,ok,,50,26912,215296,1018350080,2.77935526706,6faed6fc3d47b5b6fa638adfeea83cd7409d50c39fa01f85c10379d0daef6989,99a3b422c9c0a5526d5ce813945e378b322824a4042db111023b2f5f30c48c9d,checkpoints/extensions/effective_noise_v1/fixed_r16_eps4_lr5_slr1_seed2026_dc85ff957336.npz,0.044130544056
fixed_r16_eps2_lr5_slr1_seed2026_126b1ae5d2af,fixed_r16,fixed,16,eps2,2026,5,1,ok,,50,26912,215296,1018350080,4.79793146625,6faed6fc3d47b5b6fa638adfeea83cd7409d50c39fa01f85c10379d0daef6989,99a3b422c9c0a5526d5ce813945e378b322824a4042db111023b2f5f30c48c9d,checkpoints/extensions/effective_noise_v1/fixed_r16_eps2_lr5_slr1_seed2026_126b1ae5d2af.npz,0.0311693149333
fixed_r16_eps1_lr5_slr1_seed2026_9cfb4183ceef,fixed_r16,fixed,16,eps1,2026,5,1,ok,,50,26912,215296,1018350080,2.86158480775,6faed6fc3d47b5b6fa638adfeea83cd7409d50c39fa01f85c10379d0daef6989,99a3b422c9c0a5526d5ce813945e378b322824a4042db111023b2f5f30c48c9d,checkpoints/extensions/effective_noise_v1/fixed_r16_eps1_lr5_slr1_seed2026_9cfb4183ceef.npz,0.0146315793896
fixed_r32_nodp_lr1.25_slr1_seed42_5a41e4ba71f0,fixed_r32,fixed,32,nodp,42,1.25,1,ok,,50,53824,430592,1999238656,3.53790706396,6faed6fc3d47b5b6fa638adfeea83cd7409d50c39fa01f85c10379d0daef6989,99a3b422c9c0a5526d5ce813945e378b322824a4042db111023b2f5f30c48c9d,checkpoints/extensions/effective_noise_v1/fixed_r32_nodp_lr1.25_slr1_seed42_5a41e4ba71f0.npz,0.0037185805982
fixed_r32_clip_lr1.25_slr1_seed42_0e8c4b506dc5,fixed_r32,fixed,32,clip,42,1.25,1,ok,,50,53824,430592,1999238656,3.72917203512,6faed6fc3d47b5b6fa638adfeea83cd7409d50c39fa01f85c10379d0daef6989,99a3b422c9c0a5526d5ce813945e378b322824a4042db111023b2f5f30c48c9d,checkpoints/extensions/effective_noise_v1/fixed_r32_clip_lr1.25_slr1_seed42_0e8c4b506dc5.npz,0.00379217236246
fixed_r32_eps8_lr1.25_slr1_seed42_66d31fc22317,fixed_r32,fixed,32,eps8,42,1.25,1,ok,,50,53824,430592,1999238656,3.65045766253,6faed6fc3d47b5b6fa638adfeea83cd7409d50c39fa01f85c10379d0daef6989,99a3b422c9c0a5526d5ce813945e378b322824a4042db111023b2f5f30c48c9d,checkpoints/extensions/effective_noise_v1/fixed_r32_eps8_lr1.25_slr1_seed42_66d31fc22317.npz,0.00497525292524
fixed_r32_eps4_lr1.25_slr1_seed42_72e61bdff706,fixed_r32,fixed,32,eps4,42,1.25,1,ok,,50,53824,430592,1999238656,3.8337478945,6faed6fc3d47b5b6fa638adfeea83cd7409d50c39fa01f85c10379d0daef6989,99a3b422c9c0a5526d5ce813945e378b322824a4042db111023b2f5f30c48c9d,checkpoints/extensions/effective_noise_v1/fixed_r32_eps4_lr1.25_slr1_seed42_72e61bdff706.npz,0.00468874368021
fixed_r32_eps2_lr1.25_slr1_seed42_f50761064fd3,fixed_r32,fixed,32,eps2,42,1.25,1,ok,,50,53824,430592,1999238656,3.71468904335,6faed6fc3d47b5b6fa638adfeea83cd7409d50c39fa01f85c10379d0daef6989,99a3b422c9c0a5526d5ce813945e378b322824a4042db111023b2f5f30c48c9d,checkpoints/extensions/effective_noise_v1/fixed_r32_eps2_lr1.25_slr1_seed42_f50761064fd3.npz,0.00510741116978
fixed_r32_eps1_lr1.25_slr1_seed42_fa9f36175a15,fixed_r32,fixed,32,eps1,42,1.25,1,ok,,50,53824,430592,1999238656,3.73325496633,6faed6fc3d47b5b6fa638adfeea83cd7409d50c39fa01f85c10379d0daef6989,99a3b422c9c0a5526d5ce813945e378b322824a4042db111023b2f5f30c48c9d,checkpoints/extensions/effective_noise_v1/fixed_r32_eps1_lr1.25_slr1_seed42_fa9f36175a15.npz,0.0049858694412
fixed_r32_nodp_lr1.25_slr1_seed123_dd8173f40976,fixed_r32,fixed,32,nodp,123,1.25,1,ok,,50,53824,430592,2018184704,3.7820885554,6faed6fc3d47b5b6fa638adfeea83cd7409d50c39fa01f85c10379d0daef6989,99a3b422c9c0a5526d5ce813945e378b322824a4042db111023b2f5f30c48c9d,checkpoints/extensions/effective_noise_v1/fixed_r32_nodp_lr1.25_slr1_seed123_dd8173f40976.npz,0.00313762802255
fixed_r32_clip_lr1.25_slr1_seed123_437f679e642d,fixed_r32,fixed,32,clip,123,1.25,1,ok,,50,53824,430592,2018184704,6.4514085222,6faed6fc3d47b5b6fa638adfeea83cd7409d50c39fa01f85c10379d0daef6989,99a3b422c9c0a5526d5ce813945e378b322824a4042db111023b2f5f30c48c9d,checkpoints/extensions/effective_noise_v1/fixed_r32_clip_lr1.25_slr1_seed123_437f679e642d.npz,0.00313762802255
fixed_r32_eps8_lr1.25_slr1_seed123_6bd64ac64e35,fixed_r32,fixed,32,eps8,123,1.25,1,ok,,50,53824,430592,2018184704,3.84398829192,6faed6fc3d47b5b6fa638adfeea83cd7409d50c39fa01f85c10379d0daef6989,99a3b422c9c0a5526d5ce813945e378b322824a4042db111023b2f5f30c48c9d,checkpoints/extensions/effective_noise_v1/fixed_r32_eps8_lr1.25_slr1_seed123_6bd64ac64e35.npz,0.00279291905899
fixed_r32_eps4_lr1.25_slr1_seed123_8ca4c9f83115,fixed_r32,fixed,32,eps4,123,1.25,1,ok,,50,53824,430592,2018184704,6.51885608118,6faed6fc3d47b5b6fa638adfeea83cd7409d50c39fa01f85c10379d0daef6989,99a3b422c9c0a5526d5ce813945e378b322824a4042db111023b2f5f30c48c9d,checkpoints/extensions/effective_noise_v1/fixed_r32_eps4_lr1.25_slr1_seed123_8ca4c9f83115.npz,0.0030356208777
fixed_r32_eps2_lr1.25_slr1_seed123_3bebbd576df8,fixed_r32,fixed,32,eps2,123,1.25,1,ok,,50,53824,430592,2018184704,6.59506254364,6faed6fc3d47b5b6fa638adfeea83cd7409d50c39fa01f85c10379d0daef6989,99a3b422c9c0a5526d5ce813945e378b322824a4042db111023b2f5f30c48c9d,checkpoints/extensions/effective_noise_v1/fixed_r32_eps2_lr1.25_slr1_seed123_3bebbd576df8.npz,0.00242228498112
fixed_r32_eps1_lr1.25_slr1_seed123_16fe3db9dfa6,fixed_r32,fixed,32,eps1,123,1.25,1,ok,,50,53824,430592,2018184704,3.82607516646,6faed6fc3d47b5b6fa638adfeea83cd7409d50c39fa01f85c10379d0daef6989,99a3b422c9c0a5526d5ce813945e378b322824a4042db111023b2f5f30c48c9d,checkpoints/extensions/effective_noise_v1/fixed_r32_eps1_lr1.25_slr1_seed123_16fe3db9dfa6.npz,0.00220376706104
fixed_r32_nodp_lr1.25_slr1_seed2026_189c977de293,fixed_r32,fixed,32,nodp,2026,1.25,1,ok,,50,53824,430592,2036700160,6.54882408027,6faed6fc3d47b5b6fa638adfeea83cd7409d50c39fa01f85c10379d0daef6989,99a3b422c9c0a5526d5ce813945e378b322824a4042db111023b2f5f30c48c9d,checkpoints/extensions/effective_noise_v1/fixed_r32_nodp_lr1.25_slr1_seed2026_189c977de293.npz,0.00885923707854
fixed_r32_clip_lr1.25_slr1_seed2026_eaed3eb97cf7,fixed_r32,fixed,32,clip,2026,1.25,1,ok,,50,53824,430592,2036700160,3.93657257129,6faed6fc3d47b5b6fa638adfeea83cd7409d50c39fa01f85c10379d0daef6989,99a3b422c9c0a5526d5ce813945e378b322824a4042db111023b2f5f30c48c9d,checkpoints/extensions/effective_noise_v1/fixed_r32_clip_lr1.25_slr1_seed2026_eaed3eb97cf7.npz,0.00885923707854
fixed_r32_eps8_lr1.25_slr1_seed2026_b3aaa7a1d326,fixed_r32,fixed,32,eps8,2026,1.25,1,ok,,50,53824,430592,2036700160,3.84776444547,6faed6fc3d47b5b6fa638adfeea83cd7409d50c39fa01f85c10379d0daef6989,99a3b422c9c0a5526d5ce813945e378b322824a4042db111023b2f5f30c48c9d,checkpoints/extensions/effective_noise_v1/fixed_r32_eps8_lr1.25_slr1_seed2026_b3aaa7a1d326.npz,0.00252556373767
fixed_r32_eps4_lr1.25_slr1_seed2026_5a062c5a40d1,fixed_r32,fixed,32,eps4,2026,1.25,1,ok,,50,53824,430592,2036700160,3.79823751748,6faed6fc3d47b5b6fa638adfeea83cd7409d50c39fa01f85c10379d0daef6989,99a3b422c9c0a5526d5ce813945e378b322824a4042db111023b2f5f30c48c9d,checkpoints/extensions/effective_noise_v1/fixed_r32_eps4_lr1.25_slr1_seed2026_5a062c5a40d1.npz,0.00348542638296
fixed_r32_eps2_lr1.25_slr1_seed2026_2b6a1d617cfb,fixed_r32,fixed,32,eps2,2026,1.25,1,ok,,50,53824,430592,2036700160,3.82990117185,6faed6fc3d47b5b6fa638adfeea83cd7409d50c39fa01f85c10379d0daef6989,99a3b422c9c0a5526d5ce813945e378b322824a4042db111023b2f5f30c48c9d,checkpoints/extensions/effective_noise_v1/fixed_r32_eps2_lr1.25_slr1_seed2026_2b6a1d617cfb.npz,0.00332295952544
fixed_r32_eps1_lr1.25_slr1_seed2026_3e5b3d83ce7e,fixed_r32,fixed,32,eps1,2026,1.25,1,ok,,50,53824,430592,2036700160,3.75272473786,6faed6fc3d47b5b6fa638adfeea83cd7409d50c39fa01f85c10379d0daef6989,99a3b422c9c0a5526d5ce813945e378b322824a4042db111023b2f5f30c48c9d,checkpoints/extensions/effective_noise_v1/fixed_r32_eps1_lr1.25_slr1_seed2026_3e5b3d83ce7e.npz,0.00295307054375
fixed_r32_nodp_lr2.5_slr1_seed42_4ee1a834d04d,fixed_r32,fixed,32,nodp,42,2.5,1,ok,,50,53824,430592,1999238656,3.73243369721,6faed6fc3d47b5b6fa638adfeea83cd7409d50c39fa01f85c10379d0daef6989,99a3b422c9c0a5526d5ce813945e378b322824a4042db111023b2f5f30c48c9d,checkpoints/extensions/effective_noise_v1/fixed_r32_nodp_lr2.5_slr1_seed42_4ee1a834d04d.npz,0.0306962575463
fixed_r32_clip_lr2.5_slr1_seed42_f9f7bd8a919f,fixed_r32,fixed,32,clip,42,2.5,1,ok,,50,53824,430592,1999238656,3.65983307641,6faed6fc3d47b5b6fa638adfeea83cd7409d50c39fa01f85c10379d0daef6989,99a3b422c9c0a5526d5ce813945e378b322824a4042db111023b2f5f30c48c9d,checkpoints/extensions/effective_noise_v1/fixed_r32_clip_lr2.5_slr1_seed42_f9f7bd8a919f.npz,0.0323029427462
fixed_r32_eps8_lr2.5_slr1_seed42_c3ba69650f25,fixed_r32,fixed,32,eps8,42,2.5,1,ok,,50,53824,430592,1999238656,3.78152485657,6faed6fc3d47b5b6fa638adfeea83cd7409d50c39fa01f85c10379d0daef6989,99a3b422c9c0a5526d5ce813945e378b322824a4042db111023b2f5f30c48c9d,checkpoints/extensions/effective_noise_v1/fixed_r32_eps8_lr2.5_slr1_seed42_c3ba69650f25.npz,0.0107882435988
fixed_r32_eps4_lr2.5_slr1_seed42_a17a6cb6824b,fixed_r32,fixed,32,eps4,42,2.5,1,ok,,50,53824,430592,1999238656,3.76001900528,6faed6fc3d47b5b6fa638adfeea83cd7409d50c39fa01f85c10379d0daef6989,99a3b422c9c0a5526d5ce813945e378b322824a4042db111023b2f5f30c48c9d,checkpoints/extensions/effective_noise_v1/fixed_r32_eps4_lr2.5_slr1_seed42_a17a6cb6824b.npz,0.00667427553811
fixed_r32_eps2_lr2.5_slr1_seed42_748562c23358,fixed_r32,fixed,32,eps2,42,2.5,1,ok,,50,53824,430592,1999238656,3.87966327276,6faed6fc3d47b5b6fa638adfeea83cd7409d50c39fa01f85c10379d0daef6989,99a3b422c9c0a5526d5ce813945e378b322824a4042db111023b2f5f30c48c9d,checkpoints/extensions/effective_noise_v1/fixed_r32_eps2_lr2.5_slr1_seed42_748562c23358.npz,0.0050019997052
fixed_r32_eps1_lr2.5_slr1_seed42_4eca2cf21a1f,fixed_r32,fixed,32,eps1,42,2.5,1,ok,,50,53824,430592,1999238656,3.75974161364,6faed6fc3d47b5b6fa638adfeea83cd7409d50c39fa01f85c10379d0daef6989,99a3b422c9c0a5526d5ce813945e378b322824a4042db111023b2f5f30c48c9d,checkpoints/extensions/effective_noise_v1/fixed_r32_eps1_lr2.5_slr1_seed42_4eca2cf21a1f.npz,0.00502295186624
fixed_r32_nodp_lr2.5_slr1_seed123_b0ffe57f1f7d,fixed_r32,fixed,32,nodp,123,2.5,1,ok,,50,53824,430592,2018184704,3.83433020581,6faed6fc3d47b5b6fa638adfeea83cd7409d50c39fa01f85c10379d0daef6989,99a3b422c9c0a5526d5ce813945e378b322824a4042db111023b2f5f30c48c9d,checkpoints/extensions/effective_noise_v1/fixed_r32_nodp_lr2.5_slr1_seed123_b0ffe57f1f7d.npz,0.0332434327446
fixed_r32_clip_lr2.5_slr1_seed123_9230cc4177e2,fixed_r32,fixed,32,clip,123,2.5,1,ok,,50,53824,430592,2018184704,3.75265904237,6faed6fc3d47b5b6fa638adfeea83cd7409d50c39fa01f85c10379d0daef6989,99a3b422c9c0a5526d5ce813945e378b322824a4042db111023b2f5f30c48c9d,checkpoints/extensions/effective_noise_v1/fixed_r32_clip_lr2.5_slr1_seed123_9230cc4177e2.npz,0.0325271902306
fixed_r32_eps8_lr2.5_slr1_seed123_cf2e58641865,fixed_r32,fixed,32,eps8,123,2.5,1,ok,,50,53824,430592,2018184704,3.79699286167,6faed6fc3d47b5b6fa638adfeea83cd7409d50c39fa01f85c10379d0daef6989,99a3b422c9c0a5526d5ce813945e378b322824a4042db111023b2f5f30c48c9d,checkpoints/extensions/effective_noise_v1/fixed_r32_eps8_lr2.5_slr1_seed123_cf2e58641865.npz,0.00860832694409
fixed_r32_eps4_lr2.5_slr1_seed123_1163a370e2df,fixed_r32,fixed,32,eps4,123,2.5,1,ok,,50,53824,430592,2018184704,6.49658044614,6faed6fc3d47b5b6fa638adfeea83cd7409d50c39fa01f85c10379d0daef6989,99a3b422c9c0a5526d5ce813945e378b322824a4042db111023b2f5f30c48c9d,checkpoints/extensions/effective_noise_v1/fixed_r32_eps4_lr2.5_slr1_seed123_1163a370e2df.npz,0.00597237262737
fixed_r32_eps2_lr2.5_slr1_seed123_4851496679d9,fixed_r32,fixed,32,eps2,123,2.5,1,ok,,50,53824,430592,2018184704,6.45887191407,6faed6fc3d47b5b6fa638adfeea83cd7409d50c39fa01f85c10379d0daef6989,99a3b422c9c0a5526d5ce813945e378b322824a4042db111023b2f5f30c48c9d,checkpoints/extensions/effective_noise_v1/fixed_r32_eps2_lr2.5_slr1_seed123_4851496679d9.npz,0.00430034430304
fixed_r32_eps1_lr2.5_slr1_seed123_6205a7ddd3e2,fixed_r32,fixed,32,eps1,123,2.5,1,ok,,50,53824,430592,2018184704,6.62075985502,6faed6fc3d47b5b6fa638adfeea83cd7409d50c39fa01f85c10379d0daef6989,99a3b422c9c0a5526d5ce813945e378b322824a4042db111023b2f5f30c48c9d,checkpoints/extensions/effective_noise_v1/fixed_r32_eps1_lr2.5_slr1_seed123_6205a7ddd3e2.npz,0.00379986705753
fixed_r32_nodp_lr2.5_slr1_seed2026_c7fcb9e4ccde,fixed_r32,fixed,32,nodp,2026,2.5,1,ok,,50,53824,430592,2036700160,6.44929136336,6faed6fc3d47b5b6fa638adfeea83cd7409d50c39fa01f85c10379d0daef6989,99a3b422c9c0a5526d5ce813945e378b322824a4042db111023b2f5f30c48c9d,checkpoints/extensions/effective_noise_v1/fixed_r32_nodp_lr2.5_slr1_seed2026_c7fcb9e4ccde.npz,0.0462329090731
fixed_r32_clip_lr2.5_slr1_seed2026_0a2eee2bf7d2,fixed_r32,fixed,32,clip,2026,2.5,1,ok,,50,53824,430592,2036700160,3.81109579559,6faed6fc3d47b5b6fa638adfeea83cd7409d50c39fa01f85c10379d0daef6989,99a3b422c9c0a5526d5ce813945e378b322824a4042db111023b2f5f30c48c9d,checkpoints/extensions/effective_noise_v1/fixed_r32_clip_lr2.5_slr1_seed2026_0a2eee2bf7d2.npz,0.0462516106543
fixed_r32_eps8_lr2.5_slr1_seed2026_940e2c748a28,fixed_r32,fixed,32,eps8,2026,2.5,1,ok,,50,53824,430592,2036700160,3.85450891312,6faed6fc3d47b5b6fa638adfeea83cd7409d50c39fa01f85c10379d0daef6989,99a3b422c9c0a5526d5ce813945e378b322824a4042db111023b2f5f30c48c9d,checkpoints/extensions/effective_noise_v1/fixed_r32_eps8_lr2.5_slr1_seed2026_940e2c748a28.npz,0.0146499309246
fixed_r32_eps4_lr2.5_slr1_seed2026_e8202d5a6d47,fixed_r32,fixed,32,eps4,2026,2.5,1,ok,,50,53824,430592,2036700160,3.90675888862,6faed6fc3d47b5b6fa638adfeea83cd7409d50c39fa01f85c10379d0daef6989,99a3b422c9c0a5526d5ce813945e378b322824a4042db111023b2f5f30c48c9d,checkpoints/extensions/effective_noise_v1/fixed_r32_eps4_lr2.5_slr1_seed2026_e8202d5a6d47.npz,0.0125534923307
fixed_r32_eps2_lr2.5_slr1_seed2026_1b2f77fa4539,fixed_r32,fixed,32,eps2,2026,2.5,1,ok,,50,53824,430592,2036700160,4.04707749374,6faed6fc3d47b5b6fa638adfeea83cd7409d50c39fa01f85c10379d0daef6989,99a3b422c9c0a5526d5ce813945e378b322824a4042db111023b2f5f30c48c9d,checkpoints/extensions/effective_noise_v1/fixed_r32_eps2_lr2.5_slr1_seed2026_1b2f77fa4539.npz,0.00960637702859
fixed_r32_eps1_lr2.5_slr1_seed2026_53e85ec6d99e,fixed_r32,fixed,32,eps1,2026,2.5,1,ok,,50,53824,430592,2036700160,3.87771962583,6faed6fc3d47b5b6fa638adfeea83cd7409d50c39fa01f85c10379d0daef6989,99a3b422c9c0a5526d5ce813945e378b322824a4042db111023b2f5f30c48c9d,checkpoints/extensions/effective_noise_v1/fixed_r32_eps1_lr2.5_slr1_seed2026_53e85ec6d99e.npz,0.00583798667977
fixed_r32_nodp_lr5_slr0.5_seed42_8f3073f31055,fixed_r32,fixed,32,nodp,42,5,0.5,ok,,50,53824,430592,1999238656,3.78643438965,6faed6fc3d47b5b6fa638adfeea83cd7409d50c39fa01f85c10379d0daef6989,99a3b422c9c0a5526d5ce813945e378b322824a4042db111023b2f5f30c48c9d,checkpoints/extensions/effective_noise_v1/fixed_r32_nodp_lr5_slr0.5_seed42_8f3073f31055.npz,0.0474933114409
fixed_r32_clip_lr5_slr0.5_seed42_276ca7c685a1,fixed_r32,fixed,32,clip,42,5,0.5,ok,,50,53824,430592,1999238656,3.77093193121,6faed6fc3d47b5b6fa638adfeea83cd7409d50c39fa01f85c10379d0daef6989,99a3b422c9c0a5526d5ce813945e378b322824a4042db111023b2f5f30c48c9d,checkpoints/extensions/effective_noise_v1/fixed_r32_clip_lr5_slr0.5_seed42_276ca7c685a1.npz,0.0469558738646
fixed_r32_eps8_lr5_slr0.5_seed42_2917a1766087,fixed_r32,fixed,32,eps8,42,5,0.5,ok,,50,53824,430592,1999238656,3.80594118498,6faed6fc3d47b5b6fa638adfeea83cd7409d50c39fa01f85c10379d0daef6989,99a3b422c9c0a5526d5ce813945e378b322824a4042db111023b2f5f30c48c9d,checkpoints/extensions/effective_noise_v1/fixed_r32_eps8_lr5_slr0.5_seed42_2917a1766087.npz,0.0343193085775
fixed_r32_eps4_lr5_slr0.5_seed42_f593499dde01,fixed_r32,fixed,32,eps4,42,5,0.5,ok,,50,53824,430592,1999238656,3.80249717645,6faed6fc3d47b5b6fa638adfeea83cd7409d50c39fa01f85c10379d0daef6989,99a3b422c9c0a5526d5ce813945e378b322824a4042db111023b2f5f30c48c9d,checkpoints/extensions/effective_noise_v1/fixed_r32_eps4_lr5_slr0.5_seed42_f593499dde01.npz,0.0227631525043
fixed_r32_eps2_lr5_slr0.5_seed42_44ce923bbae5,fixed_r32,fixed,32,eps2,42,5,0.5,ok,,50,53824,430592,1999238656,3.82577730156,6faed6fc3d47b5b6fa638adfeea83cd7409d50c39fa01f85c10379d0daef6989,99a3b422c9c0a5526d5ce813945e378b322824a4042db111023b2f5f30c48c9d,checkpoints/extensions/effective_noise_v1/fixed_r32_eps2_lr5_slr0.5_seed42_44ce923bbae5.npz,0.0107596231342
fixed_r32_eps1_lr5_slr0.5_seed42_49f240c1f1b5,fixed_r32,fixed,32,eps1,42,5,0.5,ok,,50,53824,430592,1999238656,6.46710371505,6faed6fc3d47b5b6fa638adfeea83cd7409d50c39fa01f85c10379d0daef6989,99a3b422c9c0a5526d5ce813945e378b322824a4042db111023b2f5f30c48c9d,checkpoints/extensions/effective_noise_v1/fixed_r32_eps1_lr5_slr0.5_seed42_49f240c1f1b5.npz,0.005370873998
fixed_r32_nodp_lr5_slr0.5_seed123_cee1b74e9954,fixed_r32,fixed,32,nodp,123,5,0.5,ok,,50,53824,430592,2018184704,6.41502115224,6faed6fc3d47b5b6fa638adfeea83cd7409d50c39fa01f85c10379d0daef6989,99a3b422c9c0a5526d5ce813945e378b322824a4042db111023b2f5f30c48c9d,checkpoints/extensions/effective_noise_v1/fixed_r32_nodp_lr5_slr0.5_seed123_cee1b74e9954.npz,0.0461717871962
fixed_r32_clip_lr5_slr0.5_seed123_c1ddb9ecc8d6,fixed_r32,fixed,32,clip,123,5,0.5,ok,,50,53824,430592,2018184704,3.7905261023,6faed6fc3d47b5b6fa638adfeea83cd7409d50c39fa01f85c10379d0daef6989,99a3b422c9c0a5526d5ce813945e378b322824a4042db111023b2f5f30c48c9d,checkpoints/extensions/effective_noise_v1/fixed_r32_clip_lr5_slr0.5_seed123_c1ddb9ecc8d6.npz,0.0452324335662
fixed_r32_eps8_lr5_slr0.5_seed123_ab1b938d4df9,fixed_r32,fixed,32,eps8,123,5,0.5,ok,,50,53824,430592,2018184704,3.87766596116,6faed6fc3d47b5b6fa638adfeea83cd7409d50c39fa01f85c10379d0daef6989,99a3b422c9c0a5526d5ce813945e378b322824a4042db111023b2f5f30c48c9d,checkpoints/extensions/effective_noise_v1/fixed_r32_eps8_lr5_slr0.5_seed123_ab1b938d4df9.npz,0.0376854205628
fixed_r32_eps4_lr5_slr0.5_seed123_545519fde197,fixed_r32,fixed,32,eps4,123,5,0.5,ok,,50,53824,430592,2018184704,3.91832960211,6faed6fc3d47b5b6fa638adfeea83cd7409d50c39fa01f85c10379d0daef6989,99a3b422c9c0a5526d5ce813945e378b322824a4042db111023b2f5f30c48c9d,checkpoints/extensions/effective_noise_v1/fixed_r32_eps4_lr5_slr0.5_seed123_545519fde197.npz,0.026406394491
fixed_r32_eps2_lr5_slr0.5_seed123_a89cd275ed3e,fixed_r32,fixed,32,eps2,123,5,0.5,ok,,50,53824,430592,2018184704,3.92778829113,6faed6fc3d47b5b6fa638adfeea83cd7409d50c39fa01f85c10379d0daef6989,99a3b422c9c0a5526d5ce813945e378b322824a4042db111023b2f5f30c48c9d,checkpoints/extensions/effective_noise_v1/fixed_r32_eps2_lr5_slr0.5_seed123_a89cd275ed3e.npz,0.0126044582176
fixed_r32_eps1_lr5_slr0.5_seed123_12f89e46126b,fixed_r32,fixed,32,eps1,123,5,0.5,ok,,50,53824,430592,2018184704,6.74349970929,6faed6fc3d47b5b6fa638adfeea83cd7409d50c39fa01f85c10379d0daef6989,99a3b422c9c0a5526d5ce813945e378b322824a4042db111023b2f5f30c48c9d,checkpoints/extensions/effective_noise_v1/fixed_r32_eps1_lr5_slr0.5_seed123_12f89e46126b.npz,0.00635026860557
fixed_r32_nodp_lr5_slr0.5_seed2026_413d969e3a26,fixed_r32,fixed,32,nodp,2026,5,0.5,ok,,50,53824,430592,2036700160,3.91403851192,6faed6fc3d47b5b6fa638adfeea83cd7409d50c39fa01f85c10379d0daef6989,99a3b422c9c0a5526d5ce813945e378b322824a4042db111023b2f5f30c48c9d,checkpoints/extensions/effective_noise_v1/fixed_r32_nodp_lr5_slr0.5_seed2026_413d969e3a26.npz,0.0537327573553
fixed_r32_clip_lr5_slr0.5_seed2026_7297ff1aa2c9,fixed_r32,fixed,32,clip,2026,5,0.5,ok,,50,53824,430592,2036700160,3.84749819152,6faed6fc3d47b5b6fa638adfeea83cd7409d50c39fa01f85c10379d0daef6989,99a3b422c9c0a5526d5ce813945e378b322824a4042db111023b2f5f30c48c9d,checkpoints/extensions/effective_noise_v1/fixed_r32_clip_lr5_slr0.5_seed2026_7297ff1aa2c9.npz,0.0552677718046
fixed_r32_eps8_lr5_slr0.5_seed2026_aac7afffb3b4,fixed_r32,fixed,32,eps8,2026,5,0.5,ok,,50,53824,430592,2036700160,6.64530425146,6faed6fc3d47b5b6fa638adfeea83cd7409d50c39fa01f85c10379d0daef6989,99a3b422c9c0a5526d5ce813945e378b322824a4042db111023b2f5f30c48c9d,checkpoints/extensions/effective_noise_v1/fixed_r32_eps8_lr5_slr0.5_seed2026_aac7afffb3b4.npz,0.0390564741007
fixed_r32_eps4_lr5_slr0.5_seed2026_84dce8a35edb,fixed_r32,fixed,32,eps4,2026,5,0.5,ok,,50,53824,430592,2036700160,3.88996436633,6faed6fc3d47b5b6fa638adfeea83cd7409d50c39fa01f85c10379d0daef6989,99a3b422c9c0a5526d5ce813945e378b322824a4042db111023b2f5f30c48c9d,checkpoints/extensions/effective_noise_v1/fixed_r32_eps4_lr5_slr0.5_seed2026_84dce8a35edb.npz,0.027801535241
fixed_r32_eps2_lr5_slr0.5_seed2026_80199067f85b,fixed_r32,fixed,32,eps2,2026,5,0.5,ok,,50,53824,430592,2036700160,3.86788411997,6faed6fc3d47b5b6fa638adfeea83cd7409d50c39fa01f85c10379d0daef6989,99a3b422c9c0a5526d5ce813945e378b322824a4042db111023b2f5f30c48c9d,checkpoints/extensions/effective_noise_v1/fixed_r32_eps2_lr5_slr0.5_seed2026_80199067f85b.npz,0.0164144942034
fixed_r32_eps1_lr5_slr0.5_seed2026_fdd31e321ab9,fixed_r32,fixed,32,eps1,2026,5,0.5,ok,,50,53824,430592,2036700160,3.83897103369,6faed6fc3d47b5b6fa638adfeea83cd7409d50c39fa01f85c10379d0daef6989,99a3b422c9c0a5526d5ce813945e378b322824a4042db111023b2f5f30c48c9d,checkpoints/extensions/effective_noise_v1/fixed_r32_eps1_lr5_slr0.5_seed2026_fdd31e321ab9.npz,0.00829542142286
fixed_r32_nodp_lr5_slr1_seed42_82ba8e0a1eac,fixed_r32,fixed,32,nodp,42,5,1,ok,,50,53824,430592,1999238656,3.69972563256,6faed6fc3d47b5b6fa638adfeea83cd7409d50c39fa01f85c10379d0daef6989,99a3b422c9c0a5526d5ce813945e378b322824a4042db111023b2f5f30c48c9d,checkpoints/extensions/effective_noise_v1/fixed_r32_nodp_lr5_slr1_seed42_82ba8e0a1eac.npz,0.0517848174059
fixed_r32_clip_lr5_slr1_seed42_e7af281fead1,fixed_r32,fixed,32,clip,42,5,1,ok,,50,53824,430592,1999238656,3.83453106973,6faed6fc3d47b5b6fa638adfeea83cd7409d50c39fa01f85c10379d0daef6989,99a3b422c9c0a5526d5ce813945e378b322824a4042db111023b2f5f30c48c9d,checkpoints/extensions/effective_noise_v1/fixed_r32_clip_lr5_slr1_seed42_e7af281fead1.npz,0.0548365862578
fixed_r32_eps8_lr5_slr1_seed42_6e1b48f661ac,fixed_r32,fixed,32,eps8,42,5,1,ok,,50,53824,430592,1999238656,3.92524741404,6faed6fc3d47b5b6fa638adfeea83cd7409d50c39fa01f85c10379d0daef6989,99a3b422c9c0a5526d5ce813945e378b322824a4042db111023b2f5f30c48c9d,checkpoints/extensions/effective_noise_v1/fixed_r32_eps8_lr5_slr1_seed42_6e1b48f661ac.npz,0.0478219337605
fixed_r32_eps4_lr5_slr1_seed42_30c0364ea71d,fixed_r32,fixed,32,eps4,42,5,1,ok,,50,53824,430592,1999238656,3.9750105273,6faed6fc3d47b5b6fa638adfeea83cd7409d50c39fa01f85c10379d0daef6989,99a3b422c9c0a5526d5ce813945e378b322824a4042db111023b2f5f30c48c9d,checkpoints/extensions/effective_noise_v1/fixed_r32_eps4_lr5_slr1_seed42_30c0364ea71d.npz,0.0371452752192
fixed_r32_eps2_lr5_slr1_seed42_d786258fdf7f,fixed_r32,fixed,32,eps2,42,5,1,ok,,50,53824,430592,1999238656,3.88541876152,6faed6fc3d47b5b6fa638adfeea83cd7409d50c39fa01f85c10379d0daef6989,99a3b422c9c0a5526d5ce813945e378b322824a4042db111023b2f5f30c48c9d,checkpoints/extensions/effective_noise_v1/fixed_r32_eps2_lr5_slr1_seed42_d786258fdf7f.npz,0.0216469416985
fixed_r32_eps1_lr5_slr1_seed42_c78467bf46f8,fixed_r32,fixed,32,eps1,42,5,1,ok,,50,53824,430592,1999238656,3.90187495947,6faed6fc3d47b5b6fa638adfeea83cd7409d50c39fa01f85c10379d0daef6989,99a3b422c9c0a5526d5ce813945e378b322824a4042db111023b2f5f30c48c9d,checkpoints/extensions/effective_noise_v1/fixed_r32_eps1_lr5_slr1_seed42_c78467bf46f8.npz,0.00602377544628
fixed_r32_nodp_lr5_slr1_seed123_37d75e9fa445,fixed_r32,fixed,32,nodp,123,5,1,ok,,50,53824,430592,2018184704,5.82339770813,6faed6fc3d47b5b6fa638adfeea83cd7409d50c39fa01f85c10379d0daef6989,99a3b422c9c0a5526d5ce813945e378b322824a4042db111023b2f5f30c48c9d,checkpoints/extensions/effective_noise_v1/fixed_r32_nodp_lr5_slr1_seed123_37d75e9fa445.npz,0.0505220905347
fixed_r32_clip_lr5_slr1_seed123_647ae9521cf0,fixed_r32,fixed,32,clip,123,5,1,ok,,50,53824,430592,2018184704,5.48245026078,6faed6fc3d47b5b6fa638adfeea83cd7409d50c39fa01f85c10379d0daef6989,99a3b422c9c0a5526d5ce813945e378b322824a4042db111023b2f5f30c48c9d,checkpoints/extensions/effective_noise_v1/fixed_r32_clip_lr5_slr1_seed123_647ae9521cf0.npz,0.0522715223246
fixed_r32_eps8_lr5_slr1_seed123_edfd052fef83,fixed_r32,fixed,32,eps8,123,5,1,ok,,50,53824,430592,2018184704,3.82587675191,6faed6fc3d47b5b6fa638adfeea83cd7409d50c39fa01f85c10379d0daef6989,99a3b422c9c0a5526d5ce813945e378b322824a4042db111023b2f5f30c48c9d,checkpoints/extensions/effective_noise_v1/fixed_r32_eps8_lr5_slr1_seed123_edfd052fef83.npz,0.0459882653254
fixed_r32_eps4_lr5_slr1_seed123_8deb0f64d626,fixed_r32,fixed,32,eps4,123,5,1,ok,,50,53824,430592,2018184704,5.40653320216,6faed6fc3d47b5b6fa638adfeea83cd7409d50c39fa01f85c10379d0daef6989,99a3b422c9c0a5526d5ce813945e378b322824a4042db111023b2f5f30c48c9d,checkpoints/extensions/effective_noise_v1/fixed_r32_eps4_lr5_slr1_seed123_8deb0f64d626.npz,0.0376753238287
fixed_r32_eps2_lr5_slr1_seed123_780bc4eccb07,fixed_r32,fixed,32,eps2,123,5,1,ok,,50,53824,430592,2018184704,4.92669552471,6faed6fc3d47b5b6fa638adfeea83cd7409d50c39fa01f85c10379d0daef6989,99a3b422c9c0a5526d5ce813945e378b322824a4042db111023b2f5f30c48c9d,checkpoints/extensions/effective_noise_v1/fixed_r32_eps2_lr5_slr1_seed123_780bc4eccb07.npz,0.020176822652
fixed_r32_eps1_lr5_slr1_seed123_6244c409454a,fixed_r32,fixed,32,eps1,123,5,1,ok,,50,53824,430592,2018184704,3.89266591147,6faed6fc3d47b5b6fa638adfeea83cd7409d50c39fa01f85c10379d0daef6989,99a3b422c9c0a5526d5ce813945e378b322824a4042db111023b2f5f30c48c9d,checkpoints/extensions/effective_noise_v1/fixed_r32_eps1_lr5_slr1_seed123_6244c409454a.npz,0.00899616987442
fixed_r32_nodp_lr5_slr1_seed2026_3150ed009610,fixed_r32,fixed,32,nodp,2026,5,1,ok,,50,53824,430592,2036700160,3.70550861768,6faed6fc3d47b5b6fa638adfeea83cd7409d50c39fa01f85c10379d0daef6989,99a3b422c9c0a5526d5ce813945e378b322824a4042db111023b2f5f30c48c9d,checkpoints/extensions/effective_noise_v1/fixed_r32_nodp_lr5_slr1_seed2026_3150ed009610.npz,0.0545340081107
fixed_r32_clip_lr5_slr1_seed2026_66aaaca064b7,fixed_r32,fixed,32,clip,2026,5,1,ok,,50,53824,430592,2036700160,3.79965373874,6faed6fc3d47b5b6fa638adfeea83cd7409d50c39fa01f85c10379d0daef6989,99a3b422c9c0a5526d5ce813945e378b322824a4042db111023b2f5f30c48c9d,checkpoints/extensions/effective_noise_v1/fixed_r32_clip_lr5_slr1_seed2026_66aaaca064b7.npz,0.0577325923879
fixed_r32_eps8_lr5_slr1_seed2026_5b6a4c971bd4,fixed_r32,fixed,32,eps8,2026,5,1,ok,,50,53824,430592,2036700160,3.9073776938,6faed6fc3d47b5b6fa638adfeea83cd7409d50c39fa01f85c10379d0daef6989,99a3b422c9c0a5526d5ce813945e378b322824a4042db111023b2f5f30c48c9d,checkpoints/extensions/effective_noise_v1/fixed_r32_eps8_lr5_slr1_seed2026_5b6a4c971bd4.npz,0.0476390520982
fixed_r32_eps4_lr5_slr1_seed2026_b7bbd217992a,fixed_r32,fixed,32,eps4,2026,5,1,ok,,50,53824,430592,2036700160,3.87147908751,6faed6fc3d47b5b6fa638adfeea83cd7409d50c39fa01f85c10379d0daef6989,99a3b422c9c0a5526d5ce813945e378b322824a4042db111023b2f5f30c48c9d,checkpoints/extensions/effective_noise_v1/fixed_r32_eps4_lr5_slr1_seed2026_b7bbd217992a.npz,0.0404472924039
fixed_r32_eps2_lr5_slr1_seed2026_8587b6612e5f,fixed_r32,fixed,32,eps2,2026,5,1,ok,,50,53824,430592,2036700160,3.82623491623,6faed6fc3d47b5b6fa638adfeea83cd7409d50c39fa01f85c10379d0daef6989,99a3b422c9c0a5526d5ce813945e378b322824a4042db111023b2f5f30c48c9d,checkpoints/extensions/effective_noise_v1/fixed_r32_eps2_lr5_slr1_seed2026_8587b6612e5f.npz,0.0226456892376
fixed_r32_eps1_lr5_slr1_seed2026_7ee61fa156aa,fixed_r32,fixed,32,eps1,2026,5,1,ok,,50,53824,430592,2036700160,3.20283782389,6faed6fc3d47b5b6fa638adfeea83cd7409d50c39fa01f85c10379d0daef6989,99a3b422c9c0a5526d5ce813945e378b322824a4042db111023b2f5f30c48c9d,checkpoints/extensions/effective_noise_v1/fixed_r32_eps1_lr5_slr1_seed2026_7ee61fa156aa.npz,0.0133482586067
