unit,level,seed,replicate,alpha,branch,closure_max_abs,direct_interaction_inner,direct_local_inner,direct_score_energy,interaction_score_energy,lag,local_interaction_inner,local_score_energy,max_user_norm,mean_user_norm,p_difference_fro,pair_flip_all,pair_flip_exposed,pair_flip_high,pair_flip_low,pair_flip_medium,pair_flip_unexposed,phase,q_difference_fro,score_difference_energy,score_difference_rms,score_ratio_to_pulse,score_reference_rms,score_rms_all,score_rms_exposed,score_rms_high,score_rms_low,score_rms_medium,score_rms_unexposed,tau,top10_churn_all,top10_churn_exposed,top10_churn_high,top10_churn_low,top10_churn_medium,top10_churn_unexposed,users_all,users_exposed,users_high,users_low,users_medium,users_unexposed
fixed_r8,eps1,123,0,0.25,retained,2.68188249386e-15,0,0,480.052249914,0,-1,0,0,5.09331901845,1.94884172312,0,0.0112501658705,0.0120927526596,0.0112569888179,0.0109717868339,0.0115297379032,0.0111567659198,pulse,0.911075207214,480.052249914,0.0174062736774,1,0.51165897841,0.0174062736774,0.0172589108446,0.00907913079115,0.0234780236203,0.0164381954187,0.0174225319686,0.0316081765858,0.0478768577495,0.0521276595745,0.0501597444089,0.0467084639498,0.0467741935484,0.0474056603774,942,94,313,319,310,848
fixed_r8,eps1,123,0,0.25,retained,2.62290189568e-15,-0.0346238347711,0.0604197420483,496.332584445,0.00325930622669,0,0.000494429012663,2.75857230611,5.11121443762,1.99251847444,0.176859554288,0.0113496881635,0.0113447473404,0.0111446685304,0.0112901645768,0.0116179435484,0.0113502358491,before_reset,0.910595691187,499.14699673,0.0177490774323,1.01969426433,0.526952633041,0.0177490774323,0.0205893616525,0.00936700287189,0.0238013992615,0.0169038613787,0.0174057222539,0.0316081765858,0.0445859872611,0.0414893617021,0.0402555910543,0.0448275862069,0.0487096774194,0.044929245283,942,94,313,319,310,848
fixed_r8,eps1,123,0,0.25,retained,2.62290189568e-15,-0.0346238347711,0.0604197420483,496.332584445,0.00325930622669,0,0.000494429012663,2.75857230611,5.11121443762,1.99251847444,0.176859554288,0.0113496881635,0.0113447473404,0.0111446685304,0.0112901645768,0.0116179435484,0.0113502358491,after_reset,0.910595691187,499.14699673,0.0177490774323,1.01969426433,0.526952633041,0.0177490774323,0.0205893616525,0.00936700287189,0.0238013992615,0.0169038613787,0.0174057222539,0.0316081765858,0.0445859872611,0.0414893617021,0.0402555910543,0.0448275862069,0.0487096774194,0.044929245283,942,94,313,319,310,848
fixed_r8,eps1,123,0,0.25,shared_reset,2.33493779866e-15,0,0,0,0,0,0,2.75857230611,5.11121443762,1.99251847444,0.176859554288,0.0002570992569,0.00257646276596,0.000262080670927,0.000244905956113,0.000264616935484,0,after_reset,0,2.75857230611,0.00131948281655,0.0758050138128,0.526952633041,0.00131948281655,0.00417700758049,0.000833328178349,0.00166283377424,0.00132062583108,0,0.0316081765858,0.000743099787686,0.00744680851064,0.000319488817891,0.000626959247649,0.00129032258065,0,942,94,313,319,310,848
fixed_r8,eps1,123,0,0.25,local_reset,2.81719092499e-15,0,0,496.332584445,0,0,0,0,5.10891576032,1.99266878226,0,0.0113662752123,0.0115109707447,0.0111821086262,0.0112901645768,0.0116305443548,0.0113502358491,after_reset,0.910595691187,496.332584445,0.0176989681101,1.0168154562,0.526952633041,0.0176989681101,0.0201524500931,0.00933132713985,0.0237411978744,0.0168511629972,0.0174057222539,0.0316081765858,0.0442675159236,0.0382978723404,0.0405750798722,0.0438871473354,0.0483870967742,0.044929245283,942,94,313,319,310,848
fixed_r8,eps1,123,0,0.25,retained,2.98545910216e-15,-0.0731309909105,0.0592754526962,512.646481809,0.00678287858898,1,-4.29658336079e-05,5.85958942937,5.27324983407,2.03329098167,0.25511012108,0.0112128450106,0.0117603058511,0.0109699480831,0.0115595611285,0.0111013104839,0.0111521594929,after_reset,0.910109313822,518.485057109,0.0180896296276,1.03925917533,0.541706007709,0.0180896296276,0.0209857572099,0.00966338887261,0.0241542050478,0.0173125010545,0.0177395098861,0.0316081765858,0.0446921443737,0.0553191489362,0.0424920127796,0.0504702194357,0.0409677419355,0.0435141509434,942,94,313,319,310,848
fixed_r8,eps1,123,0,0.25,shared_reset,2.74173045378e-15,-3.76826887562e-09,-4.58943352716e-05,5.01251558305e-05,2.94126235545e-10,1,3.28696112076e-08,2.76840757274,5.27034777332,2.03346846897,0.175219621183,0.000248805732484,0.00249335106383,0.00022464057508,0.000244905956113,0.000277217741935,0,after_reset,0.000270738718028,2.76836596772,0.00132182299789,0.0759394585186,0.541706007709,0.00132182299789,0.00418438215748,0.00082801105582,0.00168430696225,0.00130299418604,5.58255194061e-06,0.0316081765858,0.00222929936306,0.0223404255319,0.00159744408946,0.00156739811912,0.00354838709677,0,942,94,313,319,310,848
fixed_r8,eps1,123,0,0.25,local_reset,2.88657986403e-15,-0.0389823449639,-0.00724720058886,512.630714109,0.00319582650839,1,-0.000320004257336,2.74495843387,5.27324983407,2.03343788135,0.174815513742,0.0111838176752,0.0114694148936,0.0108950678914,0.0114860893417,0.0111643145161,0.0111521594929,after_reset,0.910097038027,515.28576927,0.0180337326592,1.03604786374,0.541706007709,0.0180337326592,0.0205001029438,0.00962382019235,0.0240886509421,0.0172514306248,0.0177392379375,0.0316081765858,0.043949044586,0.0478723404255,0.0418530351438,0.0501567398119,0.0396774193548,0.0435141509434,942,94,313,319,310,848
fixed_r8,eps1,123,0,0.25,retained,2.95596880306e-15,-0.178568317251,0.010673516947,562.623963903,0.0193107882425,4,-0.00204569621569,17.6115317927,5.27324983407,2.16166183195,0.431057919351,0.0107276738323,0.0108460771277,0.0110073881789,0.0102615595611,0.0109248991935,0.0107145489387,after_reset,0.908597035675,579.914925491,0.0191312653818,1.09910172253,0.584974134467,0.0191312653818,0.0220410967688,0.0106159171996,0.0252754746558,0.0184661502769,0.0187809766709,0.0316081765858,0.0435244161359,0.0468085106383,0.0405750798722,0.0476489028213,0.0422580645161,0.0431603773585,942,94,313,319,310,848
fixed_r8,eps1,123,0,0.25,shared_reset,3.0184188482e-15,-1.18714461744e-08,-9.95617565509e-05,0.000208908511657,1.14895566729e-09,4,3.2498960329e-07,2.75262935794,5.27034777332,2.16220598994,0.170441127884,0.00021563163482,0.00216090425532,0.000174720447284,0.000232660658307,0.000239415322581,0,after_reset,0.000553541018507,2.75263977032,0.00131806322494,0.0757234574939,0.584974134467,0.00131806322494,0.00417236604135,0.000821738862764,0.00168926955943,0.00128874103654,1.16856612787e-05,0.0316081765858,0.000743099787686,0.00744680851064,0.000958466453674,0.000626959247649,0.000645161290323,0,942,94,313,319,310,848
fixed_r8,eps1,123,0,0.25,local_reset,2.60902410787e-15,-0.146653172313,-0.0541923932273,562.566677848,0.0149235629934,4,-0.00220233532875,13.5731881484,5.27324983407,2.16180047612,0.378646136685,0.0107608479299,0.0112200797872,0.0110323482428,0.0102982954545,0.0109627016129,0.0107099425118,after_reset,0.908557696783,575.748693758,0.0190624199763,1.09514651611,0.584974134467,0.0190624199763,0.0214429091169,0.0105741508979,0.0251923106325,0.0183907882462,0.0187799763746,0.0316081765858,0.0436305732484,0.0468085106383,0.0415335463259,0.0473354231975,0.041935483871,0.0432783018868,942,94,313,319,310,848
fixed_r8,eps1,123,0,0.25,retained,2.91997329094e-15,-0.311320078271,-0.219723146403,663.599115483,0.0461292919995,10,-0.00154426855038,47.0730531236,5.62936173817,2.4170210237,0.667797587402,0.01008492569,0.0100980718085,0.0101712260383,0.00993093652038,0.01015625,0.0100834684552,after_reset,0.905566297385,709.653122913,0.0211633596309,1.21584665524,0.678941832466,0.0211633596309,0.0243425356531,0.0125242935587,0.0274900445314,0.0206151098872,0.0207810278658,0.0316081765858,0.0377919320594,0.0404255319149,0.0348242811502,0.0391849529781,0.0393548387097,0.0375,942,94,313,319,310,848
fixed_r8,eps1,123,0,0.25,shared_reset,2.88039991164e-15,-5.95915079117e-08,-0.000331713628105,0.000943313234503,3.67067512048e-09,10,9.09858605492e-07,2.60600284762,5.62709118486,2.41816075265,0.157145249518,0.000207338110403,0.00191156914894,0.000162240415335,0.00019592476489,0.000264616935484,1.84257075472e-05,after_reset,0.00104384324281,2.6062844378,0.00128254454633,0.0736828898647,0.678941832466,0.00128254454633,0.00405932500023,0.000756791186363,0.00167715430973,0.00123517227131,2.59692883587e-05,0.0316081765858,0.00106157112527,0.00957446808511,0.000638977635783,0.000940438871473,0.00161290322581,0.000117924528302,942,94,313,319,310,848
fixed_r8,eps1,123,0,0.25,local_reset,3.00627578387e-15,-0.281263755046,-0.267614151861,663.438361832,0.0407674611201,10,-0.00286701450217,41.563369729,5.62936143776,2.41714624517,0.627676001331,0.0100724854034,0.00993184840426,0.0101961861022,0.00990644592476,0.0101184475806,0.0100880748821,after_reset,0.905469302599,703.93900918,0.0210779839338,1.21094177447,0.678941832466,0.0210779839338,0.0236108674267,0.012476741208,0.0273914979193,0.0205131609495,0.0207782150018,0.0316081765858,0.037898089172,0.0414893617021,0.0354632587859,0.0388714733542,0.0393548387097,0.0375,942,94,313,319,310,848
fixed_r8,eps1,123,0,1,retained,2.8449465006e-15,0,0,7680.83582567,0,-1,0,0,5.09331901845,1.94884172312,0,0.0439307988323,0.0444647606383,0.0441418730032,0.0443157327586,0.0433215725806,0.0438716096698,pulse,3.64430080024,7680.83582567,0.0696250939258,1,0.51165897841,0.0696250939258,0.0690356426245,0.0363165226261,0.0939120935109,0.0657527808786,0.0696901270873,0.0316081765858,0.161677282378,0.164893617021,0.156549520767,0.162382445141,0.166129032258,0.161320754717,942,94,313,319,310,848
fixed_r8,eps1,123,0,1,retained,2.8380076067e-15,-3.65852521326,1.00511522252,7941.41445713,0.839789717368,0,0.0302094287215,44.439178283,5.11777616139,1.99177061758,0.709867977467,0.0439598261677,0.0437583111702,0.043455471246,0.0445116575235,0.0439012096774,0.0439821639151,before_reset,3.64239234926,7981.44702401,0.0709745047194,1.01938109836,0.526952633041,0.0709745047194,0.082165783381,0.0374382061222,0.0951823272515,0.0675962627424,0.0696232953578,0.0316081765858,0.156687898089,0.154255319149,0.156549520767,0.156739811912,0.156774193548,0.15695754717,942,94,313,319,310,848
fixed_r8,eps1,123,0,1,retained,2.8380076067e-15,-3.65852521326,1.00511522252,7941.41445713,0.839789717368,0,0.0302094287215,44.439178283,5.11777616139,1.99177061758,0.709867977467,0.0439598261677,0.0437583111702,0.043455471246,0.0445116575235,0.0439012096774,0.0439821639151,after_reset,3.64239234926,7981.44702401,0.0709745047194,1.01938109836,0.526952633041,0.0709745047194,0.082165783381,0.0374382061222,0.0951823272515,0.0675962627424,0.0696232953578,0.0316081765858,0.156687898089,0.154255319149,0.156549520767,0.156739811912,0.156774193548,0.15695754717,942,94,313,319,310,848
fixed_r8,eps1,123,0,1,shared_reset,2.6645352591e-15,0,0,0,0,0,0,44.439178283,5.11777616139,1.99177061758,0.709867977467,0.0010781581741,0.0108045212766,0.00117312300319,0.000881661442006,0.00118447580645,0,after_reset,0,44.439178283,0.00529595837282,0.0760639314679,0.526952633041,0.00529595837282,0.0167650976518,0.00339914253814,0.00665842894836,0.0052857758182,0,0.0316081765858,0.00382165605096,0.0382978723404,0.00287539936102,0.00407523510972,0.00451612903226,0,942,94,313,319,310,848
fixed_r8,eps1,123,0,1,local_reset,2.74780198595e-15,0,0,7941.41445713,0,0,0,0,5.10891576032,1.99266878226,0,0.0438603038747,0.0427609707447,0.0433306709265,0.0442789968652,0.0439642137097,0.0439821639151,after_reset,3.64239234926,7941.41445713,0.0707962874532,1.01682142833,0.526952633041,0.0707962874532,0.0806102868991,0.0373255397594,0.0949653281806,0.0674050692028,0.0696232953578,0.0316081765858,0.156794055202,0.155319148936,0.158466453674,0.155172413793,0.156774193548,0.15695754717,942,94,313,319,310,848
fixed_r8,eps1,123,0,1,retained,2.85882428841e-15,-7.59126065495,1.12063515562,8202.56359615,1.75815921522,1,-0.00745556722639,94.8999126974,5.28129461479,2.03172826107,1.02684830527,0.0436944333864,0.044298537234,0.0436426717252,0.0439238832288,0.0435105846774,0.0436274690448,after_reset,3.64045722741,8286.26550593,0.0723170955253,1.0386642437,0.541706007709,0.0723170955253,0.0837421809433,0.0385981457329,0.0965863951332,0.0691933754985,0.0709374335825,0.0316081765858,0.161889596603,0.185106382979,0.154952076677,0.167398119122,0.163225806452,0.159316037736,942,94,313,319,310,848
fixed_r8,eps1,123,0,1,shared_reset,2.44249065418e-15,-3.69158367725e-07,-0.000832675527015,0.000831232117738,7.65474116889e-08,1,8.910746329e-06,44.5711392424,5.27034777332,2.03273868127,0.703106868417,0.00098692940552,0.00980718085106,0.00102336261981,0.000857170846395,0.00108366935484,9.21285377358e-06,after_reset,0.00109076844239,44.5703222832,0.00530376704008,0.0761760845268,0.541706007709,0.00530376704008,0.0167896783717,0.003376398274,0.00674464120393,0.00521128383985,2.27225022954e-05,0.0316081765858,0.00530785562633,0.0531914893617,0.00415335463259,0.00470219435737,0.00709677419355,0,942,94,313,319,310,848
fixed_r8,eps1,123,0,1,local_reset,2.40779618466e-15,-3.97720292118,-0.0282280356956,8202.27882473,0.833792500131,1,-0.0227429447827,44.7315510466,5.28129461479,2.03259871946,0.70588796761,0.0436612592887,0.0438414228723,0.0436551517572,0.0438626567398,0.0434601814516,0.0436412883255,after_reset,3.64040627608,8239.78782048,0.0721139969383,1.03574721228,0.541706007709,0.0721139969383,0.0819778044132,0.038467037475,0.0963477144173,0.0689650251838,0.0709362075489,0.0316081765858,0.16008492569,0.167021276596,0.153354632588,0.165203761755,0.161612903226,0.159316037736,942,94,313,319,310,848
fixed_r8,eps1,123,0,1,retained,2.49800180541e-15,-18.9802327441,0.613443218757,9002.72296135,5.01003606625,4,-0.139414987148,285.68068447,5.28129461479,2.15817184426,1.73610502849,0.04296875,0.0432180851064,0.0438548322684,0.042025862069,0.0430443548387,0.0429411114387,after_reset,3.63445111913,9256.40127286,0.076433305096,1.09778387053,0.584974134467,0.076433305096,0.0879017623765,0.0423343757796,0.101011408302,0.0737781908323,0.0750542221966,0.0316081765858,0.157855626327,0.167021276596,0.15750798722,0.159247648903,0.156774193548,0.156839622642,942,94,313,319,310,848
fixed_r8,eps1,123,0,1,shared_reset,2.58473797921e-15,-1.24200733446e-06,-0.0018924472997,0.00340628549849,2.97405608983e-07,4,3.59207055268e-05,44.2701386968,5.27034777332,2.16151534209,0.683584723671,0.000916434447983,0.00910073138298,0.000936002396166,0.000832680250784,0.000982862903226,9.21285377358e-06,after_reset,0.00222302180096,44.2698297425,0.00528585783848,0.0759188611524,0.584974134467,0.00528585783848,0.0167325228357,0.00334700959473,0.00675638533468,0.00515921756356,4.71844981323e-05,0.0316081765858,0.00382165605096,0.0382978723404,0.00351437699681,0.00344827586207,0.00451612903226,0,942,94,313,319,310,848
fixed_r8,eps1,123,0,1,local_reset,2.80331313718e-15,-15.5324070007,-0.498199825156,9001.75025918,3.88251500066,4,-0.145636119462,220.766927266,5.28129461479,2.15897937882,1.52712533813,0.0428319068471,0.0418882978723,0.0437674720447,0.0419278996865,0.0428175403226,0.0429365050118,after_reset,3.63429249355,9194.04721556,0.0761754305781,1.09408011225,0.584974134467,0.0761754305781,0.0856620266879,0.0421891790691,0.100697813473,0.0734923061636,0.0750500576506,0.0316081765858,0.156581740977,0.153191489362,0.155271565495,0.159247648903,0.155161290323,0.15695754717,942,94,313,319,310,848
fixed_r8,eps1,123,0,1,retained,3.0548480412e-15,-36.1491920361,-3.19940961229,10620.4483353,11.9446806641,10,-0.0987185881715,761.744467242,5.63183021888,2.41035593096,2.68666441066,0.0413598062633,0.0407247340426,0.0419578674121,0.0403360109718,0.0418094758065,0.0414302034198,after_reset,3.62244601439,11315.2428428,0.0845071571991,1.21374568326,0.678941832466,0.0845071571991,0.0970955206696,0.0498684831553,0.10984982739,0.0822956500079,0.0829942754009,0.0316081765858,0.138853503185,0.13829787234,0.143450479233,0.13855799373,0.134516129032,0.13891509434,942,94,313,319,310,848
fixed_r8,eps1,123,0,1,shared_reset,3.26301485831e-15,-5.59810779374e-06,-0.00594415270605,0.0154767998583,9.46930519729e-07,10,7.89560950014e-05,41.8878973736,5.62709043646,2.41754401734,0.629990009256,0.000763004246285,0.00714760638298,0.000761281948882,0.00067349137931,0.00085685483871,5.52771226415e-05,after_reset,0.00418387381322,41.891633531,0.00514191864159,0.0738515146143,0.678941832466,0.00514191864159,0.0162743987618,0.0030732490581,0.00670979958046,0.00494739269963,0.000105156872983,0.0316081765858,0.00297239915074,0.0276595744681,0.00287539936102,0.00282131661442,0.00322580645161,0.000235849056604,942,94,313,319,310,848
fixed_r8,eps1,123,0,1,local_reset,3.12250225676e-15,-32.8549324652,-3.97435009578,10617.631761,10.5728981968,10,-0.178548099744,673.606913215,5.63182824021,2.4110602054,2.52719489849,0.0412810177813,0.0399767287234,0.0419079472843,0.0402747844828,0.0416834677419,0.0414255969929,after_reset,3.62205136628,11227.7959111,0.0841799779745,1.20904652659,0.678941832466,0.0841799779745,0.0942981621813,0.0496899554078,0.109475130892,0.0818985771054,0.0829824631175,0.0316081765858,0.138959660297,0.13829787234,0.143130990415,0.13855799373,0.135161290323,0.139033018868,942,94,313,319,310,848
fixed_r8,eps1,123,1,0.25,retained,2.59167687311e-15,0,0,486.445533392,0,-1,0,0,5.09331901845,1.94884172312,0,0.0118224190552,0.0115431882022,0.0123177915335,0.011657523511,0.0114919354839,0.0118515533411,pulse,0.918657081737,486.445533392,0.0175217977421,1,0.51165897841,0.0175217977421,0.0175340201921,0.00921041296943,0.0235654522632,0.0166077957258,0.0175205219893,0.0316081765858,0.0460721868365,0.0460674157303,0.0447284345048,0.0485893416928,0.0448387096774,0.0460726846424,942,89,313,319,310,853
fixed_r8,eps1,123,1,0.25,retained,2.72698530424e-15,0.0201919994411,-0.0516980957675,500.437526014,0.00338588164007,0,-0.000390574386052,2.85487364321,5.09331901845,1.98595486853,0.179379892153,0.0116358147558,0.0129915730337,0.0117062699681,0.0111309757053,0.0120841733871,0.0114943581477,before_reset,0.91822277249,503.231992197,0.0178215582457,1.01710786233,0.524416204112,0.0178215582457,0.0206164047107,0.00954524214137,0.023878581076,0.0169228987729,0.0175042604473,0.0316081765858,0.0450106157113,0.0460674157303,0.0405750798722,0.0457680250784,0.0487096774194,0.0449003516999,942,89,313,319,310,853
fixed_r8,eps1,123,1,0.25,retained,2.72698530424e-15,0.0201919994411,-0.0516980957675,500.437526014,0.00338588164007,0,-0.000390574386052,2.85487364321,5.09331901845,1.98595486853,0.179379892153,0.0116358147558,0.0129915730337,0.0117062699681,0.0111309757053,0.0120841733871,0.0114943581477,after_reset,0.91822277249,503.231992197,0.0178215582457,1.01710786233,0.524416204112,0.0178215582457,0.0206164047107,0.00954524214137,0.023878581076,0.0169228987729,0.0175042604473,0.0316081765858,0.0450106157113,0.0460674157303,0.0405750798722,0.0457680250784,0.0487096774194,0.0449003516999,942,89,313,319,310,853
fixed_r8,eps1,123,1,0.25,shared_reset,2.18575157973e-15,0,0,0,0,0,0,2.85487364321,5.09331901845,1.98595486853,0.179379892153,0.000228071921444,0.0024139747191,0.000312000798722,0.000110207680251,0.000264616935484,0,after_reset,0,2.85487364321,0.00134231671569,0.0766083900438,0.524416204112,0.00134231671569,0.00436702267079,0.000927464961366,0.00171721619976,0.00125388665421,0,0.0316081765858,0.00148619957537,0.0157303370787,0.00159744408946,0.000940438871473,0.00193548387097,0,942,89,313,319,310,853
fixed_r8,eps1,123,1,0.25,local_reset,2.6142282783e-15,0,0,500.437526014,0,0,0,0,5.09331901845,1.98585097031,0,0.0115445859873,0.0120259831461,0.0116064297125,0.0110819945141,0.0119581653226,0.0114943581477,after_reset,0.91822277249,500.437526014,0.0177720074689,1.01427991183,0.524416204112,0.0177720074689,0.0201585908491,0.00950148819692,0.0238144867998,0.0168823043158,0.0175042604473,0.0316081765858,0.0444798301486,0.0404494382022,0.0415335463259,0.0442006269592,0.0477419354839,0.0449003516999,942,89,313,319,310,853
fixed_r8,eps1,123,1,0.25,retained,2.96984659087e-15,0.0133181158658,-0.0665297056271,515.909205135,0.00641682111044,1,-0.00149985804535,5.51138632223,5.09331901845,2.02553622943,0.246587077983,0.0114865313163,0.0114554073034,0.0116064297125,0.011277919279,0.011580141129,0.0114897787222,after_reset,0.917757330349,521.317585383,0.018138974923,1.03522339374,0.539326194159,0.018138974923,0.0208626802882,0.00978177652254,0.0241837372545,0.0173597728139,0.0178308364114,0.0316081765858,0.0464968152866,0.0449438202247,0.0463258785942,0.0495297805643,0.0435483870968,0.0466588511137,942,89,313,319,310,853
fixed_r8,eps1,123,1,0.25,shared_reset,2.90045765183e-15,2.961604969e-10,-6.92348613519e-05,2.37885298678e-05,1.5265269474e-10,1,1.0401857217e-07,2.86827625189,5.09331901845,2.02556475202,0.177851394024,0.000252952494692,0.00267731741573,0.00033696086262,0.000146943573668,0.000277217741935,0,after_reset,0.000182286915348,2.86816177948,0.00134543702541,0.0767864716406,0.539326194159,0.00134543702541,0.00437715825531,0.000930495877561,0.00171709962595,0.00126192012884,3.80699031759e-06,0.0316081765858,0.00169851380042,0.0168539325843,0.000958466453674,0.0012539184953,0.00290322580645,0.000117233294256,942,89,313,319,310,853
fixed_r8,eps1,123,1,0.25,local_reset,2.74086309204e-15,-0.00603773060174,-0.00852301353524,515.907396458,0.0030316572196,1,-0.000789722150608,2.59035066993,5.09331901845,2.02543453583,0.169164447827,0.0114575039809,0.0111481741573,0.0115939496805,0.0112901645768,0.0114919354839,0.0114897787222,after_reset,0.917753325203,518.470077853,0.0180893683171,1.03239225697,0.539326194159,0.0180893683171,0.0204019814314,0.00973520203255,0.0241212148235,0.0173183793603,0.0178308039411,0.0316081765858,0.0462845010616,0.0426966292135,0.0466453674121,0.0489028213166,0.0432258064516,0.0466588511137,942,89,313,319,310,853
fixed_r8,eps1,123,1,0.25,retained,2.57346227661e-15,-0.00161315646402,-0.159588453036,564.430980784,0.0178282689697,4,-0.00378812726109,16.1512938697,5.09331901845,2.15786639631,0.411262129027,0.0112957802548,0.0121137640449,0.0117936301917,0.0113146551724,0.0107736895161,0.0112104337632,after_reset,0.916416516487,580.270123449,0.019137123436,1.09218949549,0.583740516098,0.019137123436,0.0215421640347,0.0107372977182,0.0252222299749,0.0184886388398,0.0188685342816,0.0316081765858,0.0468152866242,0.0460674157303,0.0476038338658,0.0485893416928,0.0441935483871,0.0468933177022,942,89,313,319,310,853
fixed_r8,eps1,123,1,0.25,shared_reset,2.86142637362e-15,3.48662430485e-09,-0.00034392496286,0.000203206766214,1.17764248854e-09,4,-6.54117691416e-07,2.87826784378,5.09331901845,2.15787832834,0.17325785005,0.000240512208068,0.00250175561798,0.000361920926518,0.000159188871473,0.000201612903226,4.57942555686e-06,after_reset,0.000507408746396,2.87778190053,0.00134769150632,0.076915138855,0.583740516098,0.00134769150632,0.00438436636204,0.00091573433176,0.00172108943064,0.00127447764042,1.14130551286e-05,0.0316081765858,0.00127388535032,0.0134831460674,0.00223642172524,0.000626959247649,0.000967741935484,0,942,89,313,319,310,853
fixed_r8,eps1,123,1,0.25,local_reset,3.04790914729e-15,-0.020254583809,-0.0805898224472,564.40737498,0.0138553727287,4,-0.0030140005991,12.5200340882,5.09331901845,2.1577732713,0.36216394057,0.0112584593949,0.01171875,0.01171875,0.0113024098746,0.0107484879032,0.0112104337632,after_reset,0.916393800197,576.733547627,0.0190787167363,1.08885612179,0.583740516098,0.0190787167363,0.0209904662906,0.0106869363581,0.0251485731312,0.0184378535643,0.0188680930592,0.0316081765858,0.0464968152866,0.0426966292135,0.0466453674121,0.0489028213166,0.0438709677419,0.0468933177022,942,89,313,319,310,853
fixed_r8,eps1,123,1,0.25,retained,3.59434704222e-15,0.0528692120952,-0.642388202973,658.335325091,0.0441482808297,10,-0.0132940781714,44.8290777994,5.15174658971,2.38683337137,0.648900999655,0.0105161889597,0.00864641853933,0.0102211461661,0.0108003526646,0.0105216733871,0.0107112763775,after_reset,0.913650298336,702.002925033,0.0210489779771,1.20130241696,0.673509706659,0.0210489779771,0.0231073647484,0.0123194033903,0.0274715389939,0.0204082584707,0.0208224911991,0.0316081765858,0.0385350318471,0.0415730337079,0.0428115015974,0.0360501567398,0.0367741935484,0.0382180539273,942,89,313,319,310,853
fixed_r8,eps1,123,1,0.25,shared_reset,3.53883589099e-15,3.80055688679e-08,-0.000899645437529,0.00081020929841,3.40664188906e-09,10,-1.56552619618e-06,2.76658196245,5.15107481247,2.3866082026,0.1612251471,0.000186604299363,0.0018433988764,0.000237120607029,0.000171434169279,0.000151209677419,1.37382766706e-05,after_reset,0.000945016702474,2.76558982924,0.00132116006457,0.0754009425296,0.673509706659,0.00132116006457,0.00429753880727,0.000878992316114,0.00169420154304,0.00125307735403,2.42173352494e-05,0.0316081765858,0.000424628450106,0.00449438202247,0.000319488817891,0.000626959247649,0.000322580645161,0,942,89,313,319,310,853
fixed_r8,eps1,123,1,0.25,local_reset,3.21964677141e-15,0.0348172413001,-0.526671265574,658.236919066,0.0395295501594,10,-0.0125772203854,40.1446859263,5.15009197423,2.38675532314,0.613909775168,0.0105244824841,0.00877808988764,0.01024610623,0.0107881073668,0.0105342741935,0.0107066969519,after_reset,0.913576930194,697.412272053,0.020980041623,1.19736809726,0.673509706659,0.020980041623,0.0224513353309,0.0122563868632,0.027396567187,0.0203344420205,0.0208205412828,0.0316081765858,0.0386411889597,0.0426966292135,0.0428115015974,0.0366771159875,0.0364516129032,0.0382180539273,942,89,313,319,310,853
fixed_r8,eps1,123,1,1,retained,3.28903571045e-15,0,0,7783.12839144,0,-1,0,0,5.09331901845,1.94884172312,0,0.0461451698514,0.0455582865169,0.0472119608626,0.0453076018809,0.0459299395161,0.0462064038687,pulse,3.67462833987,7783.12839144,0.0700871903251,1,0.51165897841,0.0700871903251,0.0701360796587,0.0368416510772,0.0942618085823,0.0664311819765,0.070082087363,0.0316081765858,0.165923566879,0.167415730337,0.160383386581,0.168652037618,0.168709677419,0.165767878077,942,89,313,319,310,853
fixed_r8,eps1,123,1,1,retained,2.87096735274e-15,0.0328827685651,-0.747298717649,8006.99327766,0.85013755431,0,-0.0210431737526,44.6991471698,5.09331901845,1.98602604129,0.710245988693,0.0452909368365,0.0474455758427,0.0455146765176,0.043789184953,0.0466103830645,0.045066126905,before_reset,3.67288888751,8051.07164413,0.0712833987676,1.01706743325,0.524416204112,0.0712833987676,0.0824399002239,0.0381795617097,0.0955172667058,0.0676790532064,0.070017015208,0.0316081765858,0.161889596603,0.169662921348,0.157188498403,0.163009404389,0.165483870968,0.161078546307,942,89,313,319,310,853
fixed_r8,eps1,123,1,1,retained,2.87096735274e-15,0.0328827685651,-0.747298717649,8006.99327766,0.85013755431,0,-0.0210431737526,44.6991471698,5.09331901845,1.98602604129,0.710245988693,0.0452909368365,0.0474455758427,0.0455146765176,0.043789184953,0.0466103830645,0.045066126905,after_reset,3.67288888751,8051.07164413,0.0712833987676,1.01706743325,0.524416204112,0.0712833987676,0.0824399002239,0.0381795617097,0.0955172667058,0.0676790532064,0.070017015208,0.0316081765858,0.161889596603,0.169662921348,0.157188498403,0.163009404389,0.165483870968,0.161078546307,942,89,313,319,310,853
fixed_r8,eps1,123,1,1,shared_reset,2.13197515198e-15,0,0,0,0,0,0,44.6991471698,5.09331901845,1.98602604129,0.710245988693,0.00106571788747,0.0112798455056,0.00136032348243,0.000722472570533,0.00112147177419,0,after_reset,0,44.6991471698,0.00531142644378,0.0757831269757,0.524416204112,0.00531142644378,0.0172799157033,0.00368677190158,0.00673188954678,0.00503666012219,0,0.0316081765858,0.00456475583864,0.0483146067416,0.0038338658147,0.00438871473354,0.00548387096774,0,942,89,313,319,310,853
fixed_r8,eps1,123,1,1,local_reset,2.70616862252e-15,0,0,8006.99327766,0,0,0,0,5.09331901845,1.98585097031,0,0.0451458001592,0.0459094101124,0.0451277955272,0.0437769396552,0.0465725806452,0.045066126905,after_reset,3.67288888751,8006.99327766,0.0710879981866,1.014279469,0.524416204112,0.0710879981866,0.0806342889175,0.0380060185583,0.0952578608824,0.0675292038157,0.070017015208,0.0316081765858,0.160721868365,0.157303370787,0.157188498403,0.161755485893,0.163225806452,0.161078546307,942,89,313,319,310,853
fixed_r8,eps1,123,1,1,retained,3.58046925442e-15,-1.87368934469,-0.859120486956,8254.51775541,1.63169204223,1,-0.094803748031,87.4394077133,5.09331901845,2.02524356526,0.98283220311,0.0456226778132,0.046875,0.0455770766773,0.044670846395,0.0466481854839,0.0454920134818,after_reset,3.67102777948,8337.93362801,0.0725422079109,1.0350280497,0.539326194159,0.0725422079109,0.0834050445902,0.0391074926067,0.0967227992013,0.0694241928687,0.0713135393779,0.0316081765858,0.161889596603,0.142696629213,0.154313099042,0.167398119122,0.163870967742,0.163892145369,942,89,313,319,310,853
fixed_r8,eps1,123,1,1,shared_reset,2.42297501507e-15,-4.70718099479e-08,-0.00115404493092,0.000380224696019,3.91645835984e-08,1,1.24011938581e-05,44.9076603932,5.09331901845,2.02563492241,0.704222607361,0.00106157112527,0.0111481741573,0.00123552316294,0.000710227272727,0.00124747983871,9.15885111372e-06,after_reset,0.000733357512592,44.9057572754,0.00532368763069,0.0759580688852,0.539326194159,0.00532368763069,0.0173197415289,0.00369653123984,0.00673216889684,0.00506829028443,1.52178361711e-05,0.0316081765858,0.00488322717622,0.0505617977528,0.00511182108626,0.00407523510972,0.00548387096774,0.000117233294256,942,89,313,319,310,853
fixed_r8,eps1,123,1,1,local_reset,3.39311911901e-15,-1.85791821898,-0.0315099585809,8254.50065019,0.781545610907,1,-0.0509883270087,41.7104674759,5.09331901845,2.02507251931,0.679099263236,0.0455521828556,0.0461288623596,0.0455146765176,0.0445239028213,0.0466481854839,0.0454920134818,after_reset,3.67101098763,8293.11183027,0.0723469644733,1.03224232756,0.539326194159,0.0723469644733,0.0815910195436,0.0389212209478,0.0964712679652,0.0692707576907,0.0713134605076,0.0316081765858,0.161571125265,0.139325842697,0.154952076677,0.167398119122,0.162258064516,0.163892145369,942,89,313,319,310,853
fixed_r8,eps1,123,1,1,retained,3.15719672628e-15,-6.99931638222,-1.91330657236,9030.91490444,4.58296324021,4,-0.251776079763,259.18764181,5.09331901845,2.15681865403,1.64818022872,0.0455480360934,0.0457338483146,0.0457517971246,0.0456382249216,0.0452494959677,0.0455286488863,after_reset,3.66568232062,9276.35671142,0.0765156502162,1.09172089595,0.583740516098,0.0765156502162,0.0860991296167,0.0429236395115,0.100849908732,0.0739209991381,0.0754456317916,0.0316081765858,0.15923566879,0.168539325843,0.157827476038,0.162695924765,0.157096774194,0.158264947245,942,89,313,319,310,853
fixed_r8,eps1,123,1,1,shared_reset,2.72872002771e-15,-2.99510661982e-07,-0.00535129758914,0.00311347918133,2.88329542793e-07,4,-2.60473966176e-05,45.1324928942,5.09331901845,2.15792848274,0.686510113973,0.000999369692144,0.010314255618,0.00124800319489,0.000722472570533,0.00103326612903,2.74765533411e-05,after_reset,0.0020061130306,45.1248513727,0.00533665889953,0.0761431422029,0.583740516098,0.00533665889953,0.0173614540947,0.00363931418531,0.00675283616208,0.00512296416004,4.47019109836e-05,0.0316081765858,0.00424628450106,0.0449438202247,0.00575079872204,0.00313479623824,0.00387096774194,0,942,89,313,319,310,853
fixed_r8,eps1,123,1,1,local_reset,2.99760216649e-15,-6.95218753797,-0.76041635666,9030.55115095,3.58218859337,4,-0.203450071483,202.170820708,5.09331901845,2.15666275822,1.45570266466,0.045419486465,0.0442854634831,0.0455396365815,0.0456504702194,0.045060483871,0.0455378077374,after_reset,3.6655918132,9220.47205232,0.0762848208715,1.08842743614,0.583740516098,0.0762848208715,0.0839178349485,0.0427211316104,0.100554822703,0.0737279122065,0.0754439314993,0.0316081765858,0.159447983015,0.17191011236,0.158785942492,0.162068965517,0.157419354839,0.158147713951,942,89,313,319,310,853
fixed_r8,eps1,123,1,1,retained,4.4408920985e-15,-11.9149994034,-8.8266485528,10533.1451674,11.3180535042,10,-0.854787684253,718.052075555,5.1469917046,2.38508577462,2.59760809216,0.0407792595541,0.0398086376404,0.0395991413738,0.041144200627,0.0415952620968,0.0408805319461,after_reset,3.65460497667,11219.3224251,0.0841482071578,1.20062177935,0.673509706659,0.0841482071578,0.0923204470912,0.0492373550146,0.109852614087,0.0815545081099,0.0832493294805,0.0316081765858,0.138428874735,0.161797752809,0.139616613419,0.139811912226,0.135806451613,0.135990621336,942,89,313,319,310,853
fixed_r8,eps1,123,1,1,shared_reset,4.37497260641e-15,9.99570178043e-07,-0.0141017105336,0.0124287998081,8.42927445318e-07,10,-7.1831996103e-05,43.596157518,5.15178407743,2.38662977263,0.640380224292,0.000651041666667,0.00675912921348,0.000836162140575,0.000575528996865,0.000541834677419,1.37382766706e-05,after_reset,0.00374570004401,43.5802420749,0.00524452756055,0.074828617558,0.673509706659,0.00524452756055,0.0170597269481,0.00349302900992,0.00667634543651,0.00503913998216,9.51587586217e-05,0.0316081765858,0.00254777070064,0.0258426966292,0.00255591054313,0.0025078369906,0.00258064516129,0.000117233294256,942,89,313,319,310,853
fixed_r8,eps1,123,1,1,local_reset,2.870099991e-15,-11.9067503071,-7.11191096787,10531.6463997,10.1492652325,10,-0.810854972537,644.148996524,5.14022096966,2.38495181716,2.45944824523,0.0406009487792,0.0380091292135,0.0393869808307,0.0410829741379,0.0413306451613,0.040871373095,after_reset,3.65431258792,11146.285629,0.0838738612459,1.19670742766,0.673509706659,0.0838738612459,0.0897068721044,0.0489851536909,0.109550943563,0.0812661409079,0.0832417138527,0.0316081765858,0.136730360934,0.144943820225,0.138338658147,0.138244514107,0.133548387097,0.135873388042,942,89,313,319,310,853
fixed_r8,eps1,2026,0,0.25,retained,2.85882428841e-15,0,0,492.895148978,0,-1,0,0,4.93714351605,1.93948609113,0,0.0115072651274,0.0107323232323,0.0126797124601,0.0106778996865,0.0111769153226,0.0115982725386,pulse,0.92095165182,492.895148978,0.0176375730226,1,0.506767240561,0.0176375730226,0.0182994007443,0.00982610815908,0.0243602046676,0.0153999755117,0.0175582127023,0.0316081765858,0.0467091295117,0.0464646464646,0.0472843450479,0.0451410658307,0.0477419354839,0.0467378410439,942,99,313,319,310,843
fixed_r8,eps1,2026,0,0.25,retained,2.73392419814e-15,0.0226949483193,-0.0732489011622,511.165432613,0.00387203046738,0,0.000914765469847,3.24158446244,4.93714351605,1.98474230669,0.191081744039,0.0110677083333,0.0108112373737,0.0114441892971,0.0104085031348,0.0113659274194,0.0110978276987,before_reset,0.920411461247,514.311610731,0.0180166780202,1.02149417027,0.521284376798,0.0180166780202,0.0216262853283,0.0101416190944,0.024811562823,0.0157807845318,0.017544112224,0.0316081765858,0.047983014862,0.0585858585859,0.0575079872204,0.0376175548589,0.0490322580645,0.0467378410439,942,99,313,319,310,843
fixed_r8,eps1,2026,0,0.25,retained,2.73392419814e-15,0.0226949483193,-0.0732489011622,511.165432613,0.00387203046738,0,0.000914765469847,3.24158446244,4.93714351605,1.98474230669,0.191081744039,0.0110677083333,0.0108112373737,0.0114441892971,0.0104085031348,0.0113659274194,0.0110978276987,after_reset,0.920411461247,514.311610731,0.0180166780202,1.02149417027,0.521284376798,0.0180166780202,0.0216262853283,0.0101416190944,0.024811562823,0.0157807845318,0.017544112224,0.0316081765858,0.047983014862,0.0585858585859,0.0575079872204,0.0376175548589,0.0490322580645,0.0467378410439,942,99,313,319,310,843
fixed_r8,eps1,2026,0,0.25,shared_reset,3.00454106039e-15,0,0,0,0,0,0,3.24158446244,4.93714351605,1.98474230669,0.191081744039,0.000182457537155,0.00173611111111,0.000162240415335,0.000171434169279,0.000214213709677,0,after_reset,0,3.24158446244,0.00143034309543,0.0810963670342,0.521284376798,0.00143034309543,0.00441212774336,0.000873404244049,0.00189048982007,0.00133000399353,0,0.0316081765858,0.00148619957537,0.0141414141414,0.00127795527157,0.0012539184953,0.00193548387097,0,942,99,313,319,310,843
fixed_r8,eps1,2026,0,0.25,local_reset,2.73392419814e-15,0,0,511.165432613,0,0,0,0,4.93714351605,1.98463131932,0,0.0110179471868,0.0103377525253,0.0113693091054,0.010335031348,0.0113659274194,0.0110978276987,after_reset,0.920411461247,511.165432613,0.0179614871298,1.01836500446,0.521284376798,0.0179614871298,0.0211849544492,0.0101006246831,0.0247457117415,0.0157224453687,0.017544112224,0.0316081765858,0.047983014862,0.0585858585859,0.0575079872204,0.0376175548589,0.0490322580645,0.0467378410439,942,99,313,319,310,843
fixed_r8,eps1,2026,0,0.25,retained,3.53883589099e-15,0.00402032089553,-0.0694332862043,531.102593517,0.00885569737929,1,0.00348789670086,7.55135576799,4.93714351605,2.03438529174,0.28888789757,0.0114492104565,0.0110874368687,0.0119933107029,0.0113636363636,0.0109879032258,0.0114916963227,after_reset,0.919828196578,538.538954845,0.0184361449689,1.04527674785,0.537286928806,0.0184361449689,0.0220498220122,0.0104621284338,0.0252704833692,0.016284310718,0.0179641288577,0.0316081765858,0.0466029723992,0.0444444444444,0.0479233226837,0.0451410658307,0.0467741935484,0.0468564650059,942,99,313,319,310,843
fixed_r8,eps1,2026,0,0.25,shared_reset,2.85535484146e-15,3.1072282573e-09,-8.8798491696e-05,3.78265018399e-05,3.53184393068e-10,1,-2.7632922638e-07,3.2472885243,4.93714351605,2.03443668525,0.189176135637,0.000232218683652,0.0022095959596,0.000187200479233,0.000171434169279,0.000340221774194,0,after_reset,0.000259288078633,3.24714820772,0.00143157006529,0.0811659327196,0.537286928806,0.00143157006529,0.00441589051859,0.000867778158209,0.00189452689414,0.00133182124159,4.7783965811e-06,0.0316081765858,0.00127388535032,0.0121212121212,0.00127795527157,0.000940438871473,0.00161290322581,0,942,99,313,319,310,843
fixed_r8,eps1,2026,0,0.25,local_reset,3.35018471298e-15,-0.0173089424787,0.00232631046371,531.090467881,0.00469697518895,1,0.00248665259177,4.00425062961,4.93714351605,2.03428044562,0.210428583677,0.0113828622611,0.0104561237374,0.0119309105431,0.011277919279,0.0109375,0.0114916963227,after_reset,0.919816459492,535.074423527,0.0183767475389,1.04190908326,0.537286928806,0.0183767475389,0.0215743021756,0.0104182049598,0.0251995459453,0.0162217301036,0.0179639274729,0.0316081765858,0.0462845010616,0.0414141414141,0.0476038338658,0.0451410658307,0.0461290322581,0.0468564650059,942,99,313,319,310,843
fixed_r8,eps1,2026,0,0.25,retained,2.73392419814e-15,0.0700214359253,-0.143961474556,581.896929379,0.0228597404939,4,0.00797664567281,20.6595673521,5.21666386671,2.15697892132,0.465076349206,0.0113953025478,0.0116003787879,0.0115814696486,0.0111677115987,0.0114415322581,0.0113712188612,after_reset,0.918347937476,602.447429686,0.0194993947259,1.10555997137,0.580026080065,0.0194993947259,0.0231305077217,0.0114475321561,0.0264175016262,0.0174624710073,0.0190275521473,0.0316081765858,0.0478768577495,0.0494949494949,0.0482428115016,0.0479623824451,0.0474193548387,0.0476868327402,942,99,313,319,310,843
fixed_r8,eps1,2026,0,0.25,shared_reset,2.46677678284e-15,8.53915808997e-09,-0.00026178800539,0.000217613803332,1.89589257466e-09,4,2.05920147869e-07,3.25844084277,5.21858477305,2.15671177005,0.184349223318,0.00023636544586,0.00217013888889,0.000299520766773,0.000159188871473,0.000252016129032,9.2674970344e-06,after_reset,0.000592401762353,3.25813531138,0.00143398996193,0.0813031339456,0.580026080065,0.00143398996193,0.00442323654956,0.000837800763652,0.00189469074723,0.00135860370618,1.20839748423e-05,0.0316081765858,0.00127388535032,0.0121212121212,0.000638977635783,0.000940438871473,0.00225806451613,0,942,99,313,319,310,843
fixed_r8,eps1,2026,0,0.25,local_reset,2.72698530424e-15,0.0469751695444,-0.0592938324126,581.843372918,0.0175973182003,4,0.00663152811358,15.9056910755,5.21666211237,2.15687049886,0.408014597083,0.0113123673036,0.0108112373737,0.0115190694888,0.0110207680251,0.0114037298387,0.0113712188612,after_reset,0.918302923804,597.755287042,0.0194233110847,1.10124624629,0.580026080065,0.0194233110847,0.0225204657743,0.0113963469942,0.0263172573906,0.0173942384029,0.019026536885,0.0316081765858,0.0480891719745,0.0515151515152,0.0479233226837,0.048275862069,0.048064516129,0.0476868327402,942,99,313,319,310,843
fixed_r8,eps1,2026,0,0.25,retained,2.89351875793e-15,0.0696563596981,-0.426768540375,686.68672053,0.0603623720696,10,0.0133143634981,61.0861925744,5.81723728529,2.41058816466,0.758920120469,0.0106115644904,0.0123500631313,0.0105456269968,0.0102615595611,0.0110383064516,0.0104073991696,after_reset,0.915025171911,747.145679842,0.0217152182029,1.23119083193,0.670644100608,0.0217152182029,0.0252221868805,0.0134920206579,0.0287044174117,0.0200310986213,0.0212654534839,0.0316081765858,0.0420382165605,0.0454545454545,0.0380191693291,0.0460815047022,0.041935483871,0.0416370106762,942,99,313,319,310,843
fixed_r8,eps1,2026,0,0.25,shared_reset,3.18148285494e-15,7.16046881863e-08,-0.000729905828775,0.000999374617158,6.72434963058e-09,10,1.05284777404e-07,3.23607470093,5.82196461549,2.41013279605,0.174805972537,0.000211484872611,0.00193339646465,0.00022464057508,0.000183679467085,0.000226814516129,9.2674970344e-06,after_reset,0.00116432170707,3.23561462439,0.00142902539852,0.081021657384,0.670644100608,0.00142902539852,0.00440723295563,0.000789927520607,0.00192797379351,0.00132301474302,2.93154647268e-05,0.0316081765858,0.000955414012739,0.00808080808081,0.000319488817891,0.00156739811912,0.000967741935484,0.00011862396204,942,99,313,319,310,843
fixed_r8,eps1,2026,0,0.25,local_reset,3.7444006229e-15,0.0482995384683,-0.335369660335,686.527450252,0.0531291970719,10,0.0116155119892,53.8260118132,5.81723232887,2.41048554939,0.712176669916,0.0105576565817,0.0118371212121,0.0105206669329,0.0102003330721,0.0109627016129,0.0104073991696,after_reset,0.914908334528,739.855682043,0.0216090194115,1.22516966387,0.670644100608,0.0216090194115,0.0243661433278,0.0134349761307,0.0285633508748,0.0199280674399,0.021261782751,0.0316081765858,0.0422505307856,0.0474747474747,0.0380191693291,0.046394984326,0.0422580645161,0.0416370106762,942,99,313,319,310,843
fixed_r8,eps1,2026,0,1,retained,2.6645352591e-15,0,0,7886.32228604,0,-1,0,0,4.93714351605,1.93948609113,0,0.0459792993631,0.0438762626263,0.0487220447284,0.0432748824451,0.0459929435484,0.0462262752076,pulse,3.68380659667,7886.32228604,0.0705502916538,1,0.506767240561,0.0705502916538,0.0731976022656,0.0393044323716,0.0974408180446,0.0615999017166,0.0702328504063,0.0316081765858,0.161677282378,0.159595959596,0.166773162939,0.160501567398,0.157741935484,0.161921708185,942,99,313,319,310,843
fixed_r8,eps1,2026,0,1,retained,3.20576898361e-15,-0.264243923625,-1.17933281362,8178.66532371,0.990514856428,0,0.05505684154,51.8918652525,4.93714351605,1.98474732118,0.764139170737,0.0451126260616,0.0473879419192,0.0466004392971,0.0436912225705,0.0450730846774,0.0448454181495,before_reset,3.68165291628,8228.77066403,0.0720657701542,1.02148082545,0.521284376798,0.0720657701542,0.0864971586086,0.0405681516786,0.0992443756906,0.0631218178001,0.0701765235558,0.0316081765858,0.164012738854,0.186868686869,0.174760383387,0.152978056426,0.164516129032,0.161328588375,942,99,313,319,310,843
fixed_r8,eps1,2026,0,1,retained,3.20576898361e-15,-0.264243923625,-1.17933281362,8178.66532371,0.990514856428,0,0.05505684154,51.8918652525,4.93714351605,1.98474732118,0.764139170737,0.0451126260616,0.0473879419192,0.0466004392971,0.0436912225705,0.0450730846774,0.0448454181495,after_reset,3.68165291628,8228.77066403,0.0720657701542,1.02148082545,0.521284376798,0.0720657701542,0.0864971586086,0.0405681516786,0.0992443756906,0.0631218178001,0.0701765235558,0.0316081765858,0.164012738854,0.186868686869,0.174760383387,0.152978056426,0.164516129032,0.161328588375,942,99,313,319,310,843
fixed_r8,eps1,2026,0,1,shared_reset,2.72698530424e-15,0,0,0,0,0,0,51.8918652525,4.93714351605,1.98474732118,0.764139170737,0.00104498407643,0.00994318181818,0.0011232028754,0.000844925548589,0.001171875,0,after_reset,0,51.8918652525,0.00572283459343,0.0811170933425,0.521284376798,0.00572283459343,0.0176530214051,0.0034633370252,0.00758387551086,0.0053126770613,0,0.0316081765858,0.00541401273885,0.0515151515152,0.00638977635783,0.00438871473354,0.00548387096774,0,942,99,313,319,310,843
fixed_r8,eps1,2026,0,1,local_reset,3.20576898361e-15,0,0,8178.66532371,0,0,0,0,4.93714351605,1.98463131932,0,0.0448721138535,0.0450994318182,0.0462884384984,0.0435687695925,0.044783266129,0.0448454181495,after_reset,3.68165291628,8178.66532371,0.0718460293457,1.01836615642,0.521284376798,0.0718460293457,0.0847399433695,0.0404024080592,0.0989830550136,0.0628897839203,0.0701765235558,0.0316081765858,0.163163481953,0.178787878788,0.172523961661,0.152037617555,0.165161290323,0.161328588375,942,99,313,319,310,843
fixed_r8,eps1,2026,0,1,retained,2.41473507856e-15,-3.35988732818,-1.25335927874,8497.75268042,2.27526046849,1,0.22549378652,121.342665874,4.93714351605,2.03385622795,1.15768247816,0.044921875,0.0450205176768,0.0457892372204,0.0439851097179,0.0450100806452,0.0449102906287,after_reset,3.67933394843,8612.59510112,0.0737273404717,1.04503239807,0.537286928806,0.0737273404717,0.0881876071735,0.0418438406366,0.101058782607,0.0651179352883,0.0718384289904,0.0316081765858,0.16050955414,0.173737373737,0.163897763578,0.163009404389,0.154516129032,0.158956109134,942,99,313,319,310,843
fixed_r8,eps1,2026,0,1,shared_reset,2.80331313718e-15,6.72892343896e-08,-0.00143897963667,0.000599875645491,8.9218455571e-08,1,-1.37911421173e-05,51.9876906162,4.93714351605,2.03442948238,0.756546243973,0.00109889198514,0.010377209596,0.00111072284345,0.000918397335423,0.00127268145161,9.2674970344e-06,after_reset,0.00103491282676,51.9853851741,0.0057279891405,0.0811901553662,0.537286928806,0.0057279891405,0.0176688341728,0.00343928388045,0.00760028898817,0.00532119063343,1.90315919756e-05,0.0316081765858,0.00477707006369,0.0454545454545,0.00607028753994,0.00344827586207,0.00483870967742,0,942,99,313,319,310,843
fixed_r8,eps1,2026,0,1,local_reset,2.74780198595e-15,-3.01956520765,-0.0842080493371,8497.56347801,1.21482592586,1,0.163390913624,64.7288996102,4.93714351605,2.03375226247,0.846002726132,0.0448099124204,0.0439946338384,0.0458141972843,0.0437769396552,0.0448588709677,0.0449056568802,after_reset,3.67928749392,8557.62643885,0.0734916867353,1.04169217465,0.537286928806,0.0734916867353,0.0863012666159,0.0416658769014,0.100778822091,0.0648696925252,0.0718376434986,0.0316081765858,0.16093418259,0.177777777778,0.161980830671,0.164890282132,0.155806451613,0.158956109134,942,99,313,319,310,843
fixed_r8,eps1,2026,0,1,retained,3.26952007135e-15,-3.92772965239,-2.92588268594,9310.30096787,5.86204512937,4,0.515014654058,331.333258917,5.21123055319,2.15656413071,1.8620220655,0.0440800822718,0.043915719697,0.0455021964856,0.0417932014107,0.0449974798387,0.0440993846382,after_reset,3.67340869252,9634.81907655,0.077980018664,1.10531107436,0.580026080065,0.077980018664,0.0925085733787,0.0457944131454,0.105650341853,0.069818072543,0.0760920206791,0.0316081765858,0.158492569002,0.159595959596,0.164217252396,0.157680250784,0.153548387097,0.158362989324,942,99,313,319,310,843
fixed_r8,eps1,2026,0,1,shared_reset,2.88571250229e-15,-1.61846234914e-07,-0.00431749067607,0.00343011095593,4.82687375956e-07,4,2.25153148936e-05,52.1971045,5.21859015969,2.15672434059,0.737534799308,0.00087911358811,0.00824652777778,0.000848642172524,0.000832680250784,0.000957661290323,1.39012455516e-05,after_reset,0.00235771362939,52.1919448192,0.00573935770516,0.0813512966512,0.580026080065,0.00573935770516,0.0177034354596,0.00331925377601,0.00760355187213,0.00542947953466,4.80044154855e-05,0.0316081765858,0.0052016985138,0.0484848484848,0.00511182108626,0.00438871473354,0.00612903225806,0.00011862396204,942,99,313,319,310,843
fixed_r8,eps1,2026,0,1,local_reset,2.8449465006e-15,-3.72849797225,-1.56695933408,9309.45642012,4.52323573705,4,0.429342974452,255.643086251,5.21122429767,2.15640866785,1.63543795196,0.0439100650212,0.0423374368687,0.0451901956869,0.0417442202194,0.0448462701613,0.0440947508897,after_reset,3.67323024505,9559.89051345,0.0776762073006,1.10100476525,0.580026080065,0.0776762073006,0.0900729399283,0.0455865799869,0.105250118624,0.0695477955643,0.076087952946,0.0316081765858,0.157537154989,0.150505050505,0.163258785942,0.157053291536,0.152258064516,0.158362989324,942,99,313,319,310,843
fixed_r8,eps1,2026,0,1,retained,3.60475538308e-15,-14.9317415975,-8.07665076295,10986.6051092,15.4878755528,10,0.831647266998,979.665042847,5.80202160755,2.40902892044,3.03885195551,0.0414925026539,0.0445470328283,0.0418829872204,0.0400911050157,0.0425403225806,0.0411337855872,after_reset,3.66014376242,11937.4045374,0.0867993571362,1.23031889878,0.670644100608,0.0867993571362,0.100847761813,0.0539299128465,0.114754392457,0.0800410101156,0.0849973282455,0.0316081765858,0.147239915074,0.150505050505,0.146006389776,0.149529780564,0.146129032258,0.146856465006,942,99,313,319,310,843
fixed_r8,eps1,2026,0,1,shared_reset,2.58777374529e-15,2.04259050005e-06,-0.0118302213652,0.0158581010084,1.73565471997e-06,10,2.66279361091e-05,51.9242242904,5.82198032884,2.41015398344,0.699905721154,0.000833499203822,0.00757575757576,0.000773761980831,0.000844925548589,0.000882056451613,4.17037366548e-05,after_reset,0.00466511509073,51.9164810253,0.00572419179357,0.0811363306854,0.670644100608,0.00572419179357,0.0176539102442,0.00313115246882,0.00773834962626,0.0052960296651,0.000116939964761,0.0316081765858,0.0031847133758,0.0282828282828,0.00223642172524,0.00344827586207,0.00387096774194,0.000237247924081,942,99,313,319,310,843
fixed_r8,eps1,2026,0,1,local_reset,3.48332473976e-15,-14.6569535165,-6.63454318414,10984.1049902,13.6403727024,10,0.724866621254,863.67793172,5.80200371274,2.40883312237,2.85249536116,0.0413058983546,0.0424952651515,0.041758186901,0.0397237460815,0.0424773185484,0.0411662218268,after_reset,3.65967525524,11820.2900345,0.0863725256916,1.22426886788,0.670644100608,0.0863725256916,0.0974079976368,0.0537009580486,0.114190946868,0.0796214850699,0.0849825698877,0.0316081765858,0.147239915074,0.150505050505,0.14696485623,0.148902821317,0.145806451613,0.146856465006,942,99,313,319,310,843
fixed_r8,eps1,2026,1,0.25,retained,2.99760216649e-15,0,0,491.72814894,0,-1,0,0,4.93714351605,1.93948609113,0,0.0108479299363,0.0103092783505,0.0115565095847,0.0105064655172,0.0104838709677,0.0109097633136,pulse,0.920857770543,491.72814894,0.0176166809057,1,0.506767240561,0.0176166809057,0.0175677114615,0.00980145597494,0.0243827941881,0.0153060975997,0.0176222935432,0.0316081765858,0.0496815286624,0.0505154639175,0.0479233226837,0.0542319749216,0.0467741935484,0.0495857988166,942,97,313,319,310,845
fixed_r8,eps1,2026,1,0.25,retained,3.70536934469e-15,0.0254095104869,0.0041432583426,508.827340843,0.00405446723458,0,0.00129479532119,3.37951975336,4.93714351605,1.98451358563,0.195501542303,0.0111879644374,0.0118798324742,0.0116064297125,0.0113881269592,0.0105594758065,0.0111085428994,before_reset,0.920393126875,512.272610192,0.0179809287799,1.02067630538,0.520280911089,0.0179809287799,0.0209344328779,0.0100873717738,0.0247596547872,0.0157758841638,0.0176102210386,0.0316081765858,0.0550955414013,0.0432989690722,0.0543130990415,0.0551724137931,0.0558064516129,0.056449704142,942,97,313,319,310,845
fixed_r8,eps1,2026,1,0.25,retained,3.70536934469e-15,0.0254095104869,0.0041432583426,508.827340843,0.00405446723458,0,0.00129479532119,3.37951975336,4.93714351605,1.98451358563,0.195501542303,0.0111879644374,0.0118798324742,0.0116064297125,0.0113881269592,0.0105594758065,0.0111085428994,after_reset,0.920393126875,512.272610192,0.0179809287799,1.02067630538,0.520280911089,0.0179809287799,0.0209344328779,0.0100873717738,0.0247596547872,0.0157758841638,0.0176102210386,0.0316081765858,0.0550955414013,0.0432989690722,0.0543130990415,0.0551724137931,0.0558064516129,0.056449704142,942,97,313,319,310,845
fixed_r8,eps1,2026,1,0.25,shared_reset,2.16840434497e-15,0,0,0,0,0,0,3.37951975336,4.93714351605,1.98451358563,0.195501542303,0.000335887738854,0.00326192010309,0.000262080670927,0.000208170062696,0.000541834677419,0,after_reset,0,3.37951975336,0.00146045791758,0.0829019907554,0.520280911089,0.00146045791758,0.00455122841007,0.000970583638949,0.00174445464787,0.00154879228307,0,0.0316081765858,0.00106157112527,0.0103092783505,0.00127795527157,0.000940438871473,0.000967741935484,0,942,97,313,319,310,845
fixed_r8,eps1,2026,1,0.25,local_reset,3.70536934469e-15,0,0,508.827340843,0,0,0,0,4.93714351605,1.98437165593,0,0.0111257630042,0.0112757731959,0.0115315495208,0.0113024098746,0.0105342741935,0.0111085428994,after_reset,0.920393126875,508.827340843,0.0179203617572,1.01723825578,0.520280911089,0.0179203617572,0.0204238539181,0.0100360644538,0.0246974294614,0.0156996925907,0.0176102210386,0.0316081765858,0.0553078556263,0.0453608247423,0.0536741214058,0.0561128526646,0.0561290322581,0.056449704142,942,97,313,319,310,845
fixed_r8,eps1,2026,1,0.25,retained,2.85882428841e-15,0.033173697281,0.070139982472,524.990278201,0.00824553156197,1,0.00244746708152,7.03720744785,5.23745994241,2.02565348544,0.278931799197,0.0111506435775,0.0123228092784,0.0114067492013,0.0106289184953,0.0114289314516,0.0110160872781,after_reset,0.919864257885,532.247253474,0.0183281346755,1.04038523338,0.535420185503,0.0183281346755,0.0214464584307,0.0104383619651,0.0251441601497,0.016129701538,0.017935516459,0.0316081765858,0.0487261146497,0.0443298969072,0.0495207667732,0.0454545454545,0.0512903225806,0.0492307692308,942,97,313,319,310,845
fixed_r8,eps1,2026,1,0.25,shared_reset,3.18321757842e-15,-3.11138879604e-11,-5.41261163568e-05,9.45298524454e-05,7.30947725394e-10,1,6.73104902761e-08,3.37154458186,5.22567857425,2.02557556801,0.192916846982,0.0002570992569,0.00245650773196,0.000249600638978,0.000159188871473,0.000365423387097,4.62278106509e-06,after_reset,0.000384188336937,3.37153099477,0.00145873072708,0.0828039478541,0.535420185503,0.00145873072708,0.00454579081765,0.000937245485573,0.00175392725238,0.00155356187938,7.58630223947e-06,0.0316081765858,0.00106157112527,0.0103092783505,0.000319488817891,0.000940438871473,0.00193548387097,0,942,97,313,319,310,845
fixed_r8,eps1,2026,1,0.25,local_reset,3.13638004457e-15,0.00808690366952,0.069535138117,524.969458527,0.00383452850867,1,0.000999676475307,3.27430728829,5.23745994241,2.02550620382,0.190312642465,0.0110925889066,0.0117590206186,0.0113069089457,0.0105676920063,0.0114163306452,0.0110160872781,after_reset,0.919846292072,528.404843781,0.0182618574287,1.03662304645,0.535420185503,0.0182618574287,0.0208928314957,0.0103788049721,0.025078495052,0.0160450482088,0.017935162378,0.0316081765858,0.0486199575372,0.0432989690722,0.0492012779553,0.0454545454545,0.0512903225806,0.0492307692308,942,97,313,319,310,845
fixed_r8,eps1,2026,1,0.25,retained,3.40699690682e-15,0.0874499912413,-0.0451075235381,574.795090791,0.0209326840094,4,0.00713002208487,19.2036238193,5.23745994241,2.1511951416,0.445432292534,0.0107152335456,0.00926224226804,0.0107702675719,0.0107636167712,0.0106098790323,0.0108820266272,after_reset,0.918147818605,594.118592274,0.0193641360174,1.09919320904,0.580543781488,0.0193641360174,0.0223665646917,0.0114799592667,0.0260380233821,0.017569789125,0.0189891275476,0.0316081765858,0.0453290870488,0.0463917525773,0.0428115015974,0.041065830721,0.0522580645161,0.0452071005917,942,97,313,319,310,845
fixed_r8,eps1,2026,1,0.25,shared_reset,4.08310538158e-15,2.24384253461e-09,-0.000181647077279,0.000250777106733,1.62452394045e-09,4,2.77063411172e-07,3.45612868235,5.22567857425,2.15079764189,0.188830791103,0.000240512208068,0.00233569587629,0.000162240415335,0.000244905956113,0.00031502016129,0,after_reset,0.000589872947507,3.45601672554,0.00147689449151,0.0838350027121,0.580543781488,0.00147689449151,0.00460229364869,0.000901394115769,0.00180390694437,0.00156817037012,1.28427439923e-05,0.0316081765858,0.000955414012739,0.00927835051546,0.000319488817891,0.000313479623824,0.00225806451613,0,942,97,313,319,310,845
fixed_r8,eps1,2026,1,0.25,local_reset,3.57353036051e-15,0.0627617209252,-0.0387546310292,574.736644194,0.0158938901589,4,0.00506415639755,14.6018762021,5.23745994241,2.15105252287,0.388347316924,0.0107235270701,0.00934278350515,0.0108326677316,0.0107391261755,0.0105972782258,0.0108820266272,after_reset,0.91810347055,589.412556779,0.0192872915215,1.09483117874,0.580543781488,0.0192872915215,0.0217201368996,0.0114137499014,0.025960240816,0.017474681566,0.0189880839294,0.0316081765858,0.0446921443737,0.040206185567,0.0421725239617,0.0404388714734,0.0516129032258,0.0452071005917,942,97,313,319,310,845
fixed_r8,eps1,2026,1,0.25,retained,3.26377379983e-15,0.205538441835,-0.166983652631,671.525143246,0.0521703549457,10,0.0270819604767,52.9499811498,5.59104151753,2.38780337608,0.705019428225,0.0103005573248,0.0115576675258,0.00990914536741,0.0103840125392,0.0106098790323,0.01015625,after_reset,0.915065852365,724.65856825,0.0213859362887,1.21395945146,0.663672573485,0.0213859362887,0.0244664177812,0.0132478090071,0.0278568105983,0.0203480993302,0.0210034302108,0.0316081765858,0.0454352441614,0.0494845360825,0.0482428115016,0.0473354231975,0.0406451612903,0.0449704142012,942,97,313,319,310,845
fixed_r8,eps1,2026,1,0.25,shared_reset,3.0253577421e-15,-4.22659311976e-08,-0.000454679267001,0.00106761100702,5.7453721654e-09,10,3.8936500787e-07,3.24864469936,5.5913324417,2.38687461815,0.17450922043,0.000223925159236,0.00201353092784,0.000199680511182,0.000220415360502,0.000252016129032,1.84911242604e-05,after_reset,0.00115801769789,3.24880365178,0.00143193493656,0.081282901372,0.663672573485,0.00143193493656,0.00446153742412,0.000852100375188,0.00175966591598,0.00152028381084,2.87121603201e-05,0.0316081765858,0.00116772823779,0.00927835051546,0.000638977635783,0.0012539184953,0.00161290322581,0.000236686390533,942,97,313,319,310,845
fixed_r8,eps1,2026,1,0.25,local_reset,4.0674928703e-15,0.184156895781,-0.13841575438,671.375745322,0.0458597629676,10,0.0239981903749,46.5846361339,5.59106250974,2.38766673245,0.661259410229,0.0102010350318,0.0105911726804,0.00982178514377,0.0101880877743,0.0105972782258,0.01015625,after_reset,0.914957937744,718.145719882,0.0212896166342,1.20849192582,0.663672573485,0.0212896166342,0.0236605547521,0.0131761668072,0.0277598264976,0.0202241555124,0.0210003292686,0.0316081765858,0.0452229299363,0.0474226804124,0.0476038338658,0.0470219435737,0.0409677419355,0.0449704142012,942,97,313,319,310,845
fixed_r8,eps1,2026,1,1,retained,3.35842464949e-15,0,0,7867.6505119,0,-1,0,0,4.93714351605,1.93948609113,0,0.0439639729299,0.0446198453608,0.0447908346645,0.0434340713166,0.0436743951613,0.043888683432,pulse,3.6834311172,7867.6505119,0.0704667241998,1,0.506767240561,0.0704667241998,0.0702708464967,0.0392058238372,0.0975311778213,0.0612243907053,0.0704891747414,0.0316081765858,0.174840764331,0.174226804124,0.181150159744,0.17460815047,0.168709677419,0.174911242604,942,97,313,319,310,845
fixed_r8,eps1,2026,1,1,retained,2.77555756156e-15,0.137457760333,-0.0914450910623,8141.20320344,1.03241821729,0,0.0802724079257,53.8045493205,4.93714351605,1.98465888448,0.779958238694,0.0441920448514,0.0467541881443,0.0454522763578,0.0431034482759,0.0440398185484,0.0438979289941,before_reset,3.68156716871,8196.29274113,0.0719234122826,1.02067199943,0.520280911089,0.0719234122826,0.0837362633528,0.0403571946899,0.0990378640196,0.063098730628,0.0704407397935,0.0316081765858,0.17940552017,0.172164948454,0.189776357827,0.174294670846,0.174193548387,0.180236686391,942,97,313,319,310,845
fixed_r8,eps1,2026,1,1,retained,2.77555756156e-15,0.137457760333,-0.0914450910623,8141.20320344,1.03241821729,0,0.0802724079257,53.8045493205,4.93714351605,1.98465888448,0.779958238694,0.0441920448514,0.0467541881443,0.0454522763578,0.0431034482759,0.0440398185484,0.0438979289941,after_reset,3.68156716871,8196.29274113,0.0719234122826,1.02067199943,0.520280911089,0.0719234122826,0.0837362633528,0.0403571946899,0.0990378640196,0.063098730628,0.0704407397935,0.0316081765858,0.17940552017,0.172164948454,0.189776357827,0.174294670846,0.174193548387,0.180236686391,942,97,313,319,310,845
fixed_r8,eps1,2026,1,1,shared_reset,1.97064586871e-15,0,0,0,0,0,0,53.8045493205,4.93714351605,1.98465888448,0.779958238694,0.00124817542463,0.0121214561856,0.000973442492013,0.00095513322884,0.00182711693548,0,after_reset,0,53.8045493205,0.00582734930994,0.0826964695197,0.520280911089,0.00582734930994,0.0181597822269,0.00386565676552,0.00697177741381,0.00617120534195,0,0.0316081765858,0.00403397027601,0.039175257732,0.00319488817891,0.00282131661442,0.00612903225806,0,942,97,313,319,310,845
fixed_r8,eps1,2026,1,1,local_reset,2.77555756156e-15,0,0,8141.20320344,0,0,0,0,4.93714351605,1.98437165593,0,0.0439390923567,0.0442976804124,0.0451402755591,0.0429565047022,0.0437373991935,0.0438979289941,after_reset,3.68156716871,8141.20320344,0.0716812962472,1.0172361077,0.520280911089,0.0716812962472,0.0816952152,0.0401441423373,0.0987895255514,0.0627986331909,0.0704407397935,0.0316081765858,0.178768577495,0.165979381443,0.188817891374,0.173354231975,0.174193548387,0.180236686391,942,97,313,319,310,845
fixed_r8,eps1,2026,1,1,retained,2.73392419814e-15,-0.945251870261,0.843705379574,8399.8320923,2.11172351105,1,0.154916856531,112.704665609,5.27471535942,2.02573278315,1.11598752292,0.0438146894904,0.0449420103093,0.0448532348243,0.0424544474922,0.0441658266129,0.0436852810651,after_reset,3.67946281583,8514.75522215,0.0733073696258,1.04031187001,0.535420185503,0.0733073696258,0.0857733869131,0.0417591827723,0.100576535969,0.0644973753452,0.0717378857044,0.0316081765858,0.173673036093,0.175257731959,0.176038338658,0.170532915361,0.174516129032,0.17349112426,942,97,313,319,310,845
fixed_r8,eps1,2026,1,1,shared_reset,2.61596300177e-15,-2.76935598573e-07,-0.000835759587495,0.00152201055209,1.88418540435e-07,1,4.24670729892e-06,53.6316273007,5.22567857425,2.0257350683,0.769345603337,0.00109474522293,0.0105509020619,0.000985922523962,0.000820434952978,0.00148689516129,9.24556213018e-06,after_reset,0.00154614662922,53.6314859201,0.00581796986924,0.0825633649827,0.535420185503,0.00581796986924,0.0181303304393,0.00373056510944,0.0070044015674,0.00619021695456,3.04406279307e-05,0.0316081765858,0.00488322717622,0.0474226804124,0.00479233226837,0.00376175548589,0.00612903225806,0,942,97,313,319,310,845
fixed_r8,eps1,2026,1,1,local_reset,2.89004931098e-15,-1.06049044184,0.996575779254,8399.50049071,0.986754208413,1,0.0642910114897,52.7054972078,5.27471535942,2.02541331262,0.763264124882,0.0437234607219,0.0440157860825,0.044915634984,0.0422830133229,0.044002016129,0.0436899038462,after_reset,3.67938928571,8453.19349483,0.0730418825433,1.03654431752,0.535420185503,0.0730418825433,0.0835554401086,0.0415128474973,0.100315132616,0.0641607013486,0.0717364771488,0.0316081765858,0.172292993631,0.163917525773,0.174440894569,0.168965517241,0.173548387097,0.17325443787,942,97,313,319,310,845
fixed_r8,eps1,2026,1,1,retained,2.82239509541e-15,-2.84953372206,-1.62708108334,9196.64688242,5.3552562032,4,0.452570524404,307.053355383,5.27471535942,2.15120670833,1.78100985801,0.0427282377919,0.0427271262887,0.043218350639,0.0428218064263,0.0421370967742,0.0427283653846,after_reset,3.67259705744,9501.00740544,0.0774366187167,1.09891043746,0.580543781488,0.0774366187167,0.0894011255127,0.0459255979983,0.104130330136,0.0702418092271,0.0759426640033,0.0316081765858,0.163375796178,0.153608247423,0.156869009585,0.156739811912,0.176774193548,0.16449704142,942,97,313,319,310,845
fixed_r8,eps1,2026,1,1,shared_reset,3.28231365698e-15,-5.20203037422e-07,-0.00290139881457,0.00396716530486,4.11894221446e-07,4,2.9845039639e-05,54.9908922129,5.22567857425,2.15095542056,0.753281804571,0.000957902070064,0.00926224226804,0.000748801916933,0.000869416144201,0.00126008064516,4.62278106509e-06,after_reset,0.00235725376372,54.9891156421,0.00589114782474,0.0836018403245,0.580543781488,0.00589114782474,0.0183579776906,0.00357962198942,0.00720669394613,0.00625126745317,5.11191029233e-05,0.0316081765858,0.00435244161359,0.0412371134021,0.00319488817891,0.00376175548589,0.00612903225806,0.000118343195266,942,97,313,319,310,845
fixed_r8,eps1,2026,1,1,local_reset,3.19145751493e-15,-2.94243552462,-1.32895021332,9195.74234137,4.07224356353,4,0.322559743845,233.831926061,5.27471535942,2.15088188306,1.55391089448,0.0425333399682,0.0408344072165,0.0430561102236,0.0426993534483,0.0418346774194,0.0427283653846,after_reset,3.67242044438,9425.74885901,0.0771293168881,1.09454948792,0.580543781488,0.0771293168881,0.0868141059306,0.0456528640535,0.103821822874,0.06986281917,0.0759385820296,0.0316081765858,0.162208067941,0.144329896907,0.155591054313,0.156739811912,0.174516129032,0.16426035503,942,97,313,319,310,845
fixed_r8,eps1,2026,1,1,retained,3.12770642719e-15,-4.94907027388,-5.73018656046,10744.1029418,13.2946834246,10,1.73231946341,842.767857104,5.5804947506,2.38782409867,2.81327551139,0.0411317343418,0.0435325386598,0.0401482627796,0.0410339929467,0.0422253024194,0.0408561390533,after_reset,3.6602645187,11582.2716076,0.0854984862068,1.21331716747,0.663672573485,0.0854984862068,0.0977078633149,0.0529784728837,0.111395480365,0.0813009684777,0.0839834407574,0.0316081765858,0.161146496815,0.158762886598,0.165495207668,0.158934169279,0.159032258065,0.161420118343,942,97,313,319,310,845
fixed_r8,eps1,2026,1,1,shared_reset,3.0813025742e-15,-5.12443582606e-06,-0.00730706951381,0.0169215566184,1.46133997144e-06,10,4.82924699836e-05,51.6269531351,5.59127432374,2.38703935421,0.695840662449,0.00100766321656,0.00934278350515,0.000761281948882,0.00101635971787,0.00124747983871,5.0850591716e-05,after_reset,0.00463176225308,51.6293483501,0.00570834055201,0.081007604892,0.663672573485,0.00570834055201,0.0177857054173,0.00338155243606,0.00702151441404,0.00606120910395,0.000114485121364,0.0316081765858,0.00435244161359,0.0371134020619,0.00479233226837,0.00376175548589,0.00451612903226,0.000591715976331,942,97,313,319,310,845
fixed_r8,eps1,2026,1,1,local_reset,2.78943534937e-15,-4.87120639365,-5.0004354053,10741.7566982,11.6907208444,10,1.53627579323,741.74448869,5.58059478116,2.38747778935,2.63909959533,0.0409119559448,0.0413579252577,0.0400109824281,0.0409237852665,0.0418094758065,0.0408607618343,after_reset,3.65983351003,11478.5211758,0.0851146902014,1.20787068177,0.663672573485,0.0851146902014,0.094492669067,0.0526869620324,0.111011772152,0.0808071071868,0.083971177237,0.0316081765858,0.159978768577,0.147422680412,0.16517571885,0.157993730408,0.156774193548,0.161420118343,942,97,313,319,310,845
fixed_r8,eps1,42,0,0.25,retained,2.69922972862e-15,0,0,462.418668871,0,-1,0,0,4.9365369655,1.86859582602,0,0.0111340565287,0.010546875,0.0106329872204,0.0112901645768,0.0114793346774,0.0111960827465,pulse,0.925309032594,462.418668871,0.0170835936388,1,0.49278541745,0.0170835936388,0.0175862146437,0.00927607171533,0.0235275753116,0.0151772587651,0.0170296336089,0.0316081765858,0.0457537154989,0.0444444444444,0.0450479233227,0.0467084639498,0.0454838709677,0.0458920187793,942,90,313,319,310,852
fixed_r8,eps1,42,0,0.25,retained,2.79637424327e-15,-0.0127118793758,-0.0337216232037,477.390698595,0.00370999940471,0,-0.00165136453166,3.06168068831,4.9365369655,1.90800955748,0.18553609617,0.0107110867834,0.0113715277778,0.0108950678914,0.0107513714734,0.0104838709677,0.0106413218897,before_reset,0.924871857323,480.359919549,0.0174118506996,1.01921475468,0.505579955581,0.0174118506996,0.0207780262209,0.00954460693208,0.0239181829537,0.0155107698462,0.0170174297406,0.0316081765858,0.0445859872611,0.0377777777778,0.0444089456869,0.0467084639498,0.0425806451613,0.0453051643192,942,90,313,319,310,852
fixed_r8,eps1,42,0,0.25,retained,2.79637424327e-15,-0.0127118793758,-0.0337216232037,477.390698595,0.00370999940471,0,-0.00165136453166,3.06168068831,4.9365369655,1.90800955748,0.18553609617,0.0107110867834,0.0113715277778,0.0108950678914,0.0107513714734,0.0104838709677,0.0106413218897,after_reset,0.924871857323,480.359919549,0.0174118506996,1.01921475468,0.505579955581,0.0174118506996,0.0207780262209,0.00954460693208,0.0239181829537,0.0155107698462,0.0170174297406,0.0316081765858,0.0445859872611,0.0377777777778,0.0444089456869,0.0467084639498,0.0425806451613,0.0453051643192,942,90,313,319,310,852
fixed_r8,eps1,42,0,0.25,shared_reset,2.47718512369e-15,0,0,0,0,0,0,3.06168068831,4.9365369655,1.90800955748,0.18553609617,0.000252952494692,0.00264756944444,0.000262080670927,0.000318377742947,0.000176411290323,0,after_reset,0,3.06168068831,0.00139008545865,0.0813696162551,0.505579955581,0.00139008545865,0.00449723619146,0.000774594053209,0.00189897494035,0.00124708112521,0,0.0316081765858,0.000743099787686,0.00777777777778,0.000638977635783,0.0012539184953,0.000322580645161,0,942,90,313,319,310,852
fixed_r8,eps1,42,0,0.25,local_reset,2.79637424327e-15,0,0,477.390698595,0,0,0,0,4.9365369655,1.90806061492,0,0.0106613256369,0.0108506944444,0.0108701078275,0.0107268808777,0.0103830645161,0.0106413218897,after_reset,0.924871857323,477.390698595,0.0173579538509,1.01605986527,0.505579955581,0.0173579538509,0.020300542341,0.00951414250433,0.0238448985023,0.0154621355764,0.0170174297406,0.0316081765858,0.0443736730361,0.0355555555556,0.0437699680511,0.0467084639498,0.0425806451613,0.0453051643192,942,90,313,319,310,852
fixed_r8,eps1,42,0,0.25,retained,2.56045185054e-15,-0.0216358241652,-0.0350875940832,492.833482945,0.00759347693273,1,-0.00378709939839,6.40746140715,4.9365369655,1.95046618425,0.265404075337,0.0109681860403,0.0105034722222,0.0110573083067,0.0106656543887,0.011189516129,0.0110172755282,after_reset,0.924412107387,499.127516794,0.0177487310872,1.03893428177,0.519721895871,0.0177487310872,0.021118534891,0.00987051160792,0.024247893949,0.0159325632107,0.0173545977039,0.0316081765858,0.0470276008493,0.0433333333333,0.0523961661342,0.0470219435737,0.0416129032258,0.0474178403756,942,90,313,319,310,852
fixed_r8,eps1,42,0,0.25,shared_reset,2.72698530424e-15,-4.03693920899e-09,-3.96209911861e-05,4.86458201251e-05,3.80019942544e-10,1,3.17715078158e-07,3.07954750085,4.9365369655,1.95052065451,0.183939577013,0.000248805732484,0.00251736111111,0.000287040734824,0.000269396551724,0.000189012096774,9.16960093897e-06,after_reset,0.000291303861848,3.07951753242,0.00139412878198,0.0816062949902,0.519721895871,0.00139412878198,0.0045102859827,0.000770489248524,0.00191551740997,0.00123729143351,5.45780951403e-06,0.0316081765858,0.00148619957537,0.0155555555556,0.00191693290735,0.00188087774295,0.000645161290323,0,942,90,313,319,310,852
fixed_r8,eps1,42,0,0.25,local_reset,2.56045185054e-15,-0.00858832661311,0.00382405209291,492.822690879,0.00360893510679,1,-0.00203203065244,3.04266602312,4.9365369655,1.95051045345,0.182977084552,0.0109681860403,0.0105034722222,0.0110947484026,0.0106166731975,0.0112021169355,0.0110172755282,after_reset,0.924400518052,495.855373227,0.017690457509,1.03552319746,0.519721895871,0.017690457509,0.0206019638584,0.00983940399535,0.0241707993748,0.0158754960896,0.0173544034509,0.0316081765858,0.0464968152866,0.0377777777778,0.0514376996805,0.0467084639498,0.0412903225806,0.0474178403756,942,90,313,319,310,852
fixed_r8,eps1,42,0,0.25,retained,2.66583630171e-15,-0.114949289707,-0.102900872003,540.101214614,0.0207653063946,4,-0.010896920597,18.4790688008,5.18554721588,2.06330112982,0.438561554283,0.0106944997346,0.0118489583333,0.010495706869,0.0108125979624,0.0107736895161,0.0105725498826,after_reset,0.922912922937,558.143554557,0.0187687137095,1.09863967186,0.562016731216,0.0187687137095,0.0223389806532,0.0107120816662,0.0253192334458,0.0171725252083,0.0183510550791,0.0316081765858,0.0446921443737,0.0444444444444,0.0495207667732,0.0360501567398,0.0487096774194,0.0447183098592,942,90,313,319,310,852
fixed_r8,eps1,42,0,0.25,shared_reset,2.66952258909e-15,5.49999539485e-10,-0.000174790080211,0.000279577570801,2.1536662885e-09,4,8.81378664054e-07,3.07519070841,5.18767975502,2.06368581675,0.17898287935,0.000228071921444,0.00225694444444,0.000262080670927,0.000269396551724,0.000151209677419,1.37544014085e-05,after_reset,0.000684039332938,3.07512247183,0.00139313358254,0.081548040301,0.562016731216,0.00139313358254,0.0045069061362,0.000744056239352,0.00194262898392,0.00120633547672,1.35004603621e-05,0.0316081765858,0.000955414012739,0.00888888888889,0.000638977635783,0.0012539184953,0.000967741935484,0.000117370892019,942,90,313,319,310,852
fixed_r8,eps1,42,0,0.25,local_reset,3.07870048899e-15,-0.105631018238,-0.0769045008393,540.048907886,0.0154773010401,4,-0.00830846735446,13.8045331742,5.18554620659,2.06333555832,0.379101132725,0.0106613256369,0.0115451388889,0.0104582667732,0.0108125979624,0.0107106854839,0.0105679650822,after_reset,0.922858952589,553.487230389,0.0186902605511,1.09404736183,0.562016731216,0.0186902605511,0.0216469061964,0.0106729191121,0.0252117097503,0.0170997704204,0.0183501407636,0.0316081765858,0.0440552016985,0.0377777777778,0.0485623003195,0.0351097178683,0.0487096774194,0.0447183098592,942,90,313,319,310,852
fixed_r8,eps1,42,0,0.25,retained,3.31679128607e-15,-0.19139725735,-0.532505481009,635.12606932,0.0547429056997,10,-0.0320521571801,54.5868456273,5.52144671288,2.30215081714,0.71587072374,0.0104456940021,0.0100260416667,0.0106329872204,0.010396257837,0.0103074596774,0.0104900234742,after_reset,0.920021088935,688.255748062,0.0208418601028,1.21999273358,0.649006391376,0.0208418601028,0.024781824666,0.0125093112651,0.027615488453,0.0194219300289,0.0203812377997,0.0316081765858,0.0447983014862,0.04,0.0402555910543,0.0495297805643,0.0445161290323,0.0453051643192,942,90,313,319,310,852
fixed_r8,eps1,42,0,0.25,shared_reset,3.44863027024e-15,1.86155462752e-09,-0.000337537828873,0.000936153894338,5.33119232325e-09,10,8.31803503415e-07,2.936670392,5.52461135802,2.30282890141,0.165992433446,0.000182457537155,0.00177951388889,0.000212160543131,0.000183679467085,0.000151209677419,1.37544014085e-05,after_reset,0.00115230669918,2.9369331429,0.00136147158907,0.0796946835574,0.649006391376,0.00136147158907,0.0044038166434,0.000701263279683,0.00191089917727,0.00117409108061,2.80783561361e-05,0.0316081765858,0.00106157112527,0.0111111111111,0.000319488817891,0.000626959247649,0.00225806451613,0,942,90,313,319,310,852
fixed_r8,eps1,42,0,0.25,local_reset,3.32546490345e-15,-0.182444003372,-0.477849501086,634.971011061,0.0474568275458,10,-0.0285606698213,47.441166025,5.52145295281,2.30217809019,0.667181925713,0.010383492569,0.00941840277778,0.010508186901,0.010396257837,0.0102444556452,0.0104854386737,after_reset,0.919895944912,681.081925565,0.0207329562127,1.21361796886,0.649006391376,0.0207329562127,0.0238309717075,0.0124648623738,0.0274538854049,0.0193321413415,0.0203782162627,0.0316081765858,0.0443736730361,0.0355555555556,0.0399361022364,0.0492163009404,0.0438709677419,0.0453051643192,942,90,313,319,310,852
fixed_r8,eps1,42,0,1,retained,2.63677968348e-15,0,0,7398.69852184,0,-1,0,0,4.9365369655,1.86859582602,0,0.0439930002654,0.0424479166667,0.0435178714058,0.044609619906,0.0438382056452,0.0441562133216,pulse,3.70123611091,7398.69852184,0.0683343737235,1,0.49278541745,0.0683343737235,0.0703448573651,0.0371042858719,0.094110300282,0.0607090343649,0.0681185336451,0.0316081765858,0.155307855626,0.168888888889,0.155271565495,0.160188087774,0.150322580645,0.153873239437,942,90,313,319,310,852
fixed_r8,eps1,42,0,1,retained,2.77555756156e-15,-2.28131578613,-0.276163947421,7638.28173753,0.953120747444,0,-0.108267517907,49.1804868494,4.9365369655,1.90756956381,0.743592415463,0.0431055931529,0.0447482638889,0.0422199480831,0.0441932797806,0.0428805443548,0.0429320715962,before_reset,3.69949040806,7683.08385062,0.0696352821073,1.01903739382,0.505579955581,0.0696352821073,0.0830047371428,0.0381679225414,0.0956584332046,0.062030949793,0.0680698475625,0.0316081765858,0.160191082803,0.146666666667,0.153354632588,0.169905956113,0.157096774194,0.16161971831,942,90,313,319,310,852
fixed_r8,eps1,42,0,1,retained,2.77555756156e-15,-2.28131578613,-0.276163947421,7638.28173753,0.953120747444,0,-0.108267517907,49.1804868494,4.9365369655,1.90756956381,0.743592415463,0.0431055931529,0.0447482638889,0.0422199480831,0.0441932797806,0.0428805443548,0.0429320715962,after_reset,3.69949040806,7683.08385062,0.0696352821073,1.01903739382,0.505579955581,0.0696352821073,0.0830047371428,0.0381679225414,0.0956584332046,0.062030949793,0.0680698475625,0.0316081765858,0.160191082803,0.146666666667,0.153354632588,0.169905956113,0.157096774194,0.16161971831,942,90,313,319,310,852
fixed_r8,eps1,42,0,1,shared_reset,2.65065747129e-15,0,0,0,0,0,0,49.1804868494,4.9365369655,1.90756956381,0.743592415463,0.000928874734607,0.00972222222222,0.000811202076677,0.00095513322884,0.00102066532258,0,after_reset,0,49.1804868494,0.00557131821585,0.0815302447695,0.505579955581,0.00557131821585,0.0180244558049,0.00311911838133,0.00759443252617,0.00501471730099,0,0.0316081765858,0.00350318471338,0.0366666666667,0.00255591054313,0.00501567398119,0.00290322580645,0,942,90,313,319,310,852
fixed_r8,eps1,42,0,1,local_reset,2.77555756156e-15,0,0,7638.28173753,0,0,0,0,4.9365369655,1.90806061492,0,0.043047538482,0.044140625,0.0423073083067,0.0441075626959,0.0427041330645,0.0429320715962,after_reset,3.69949040806,7638.28173753,0.0694319542989,1.01606191022,0.505579955581,0.0694319542989,0.0812023918813,0.0380566446609,0.095379785414,0.0618486659994,0.0680698475625,0.0316081765858,0.159129511677,0.135555555556,0.152715654952,0.168652037618,0.155806451613,0.16161971831,942,90,313,319,310,852
fixed_r8,eps1,42,0,1,retained,2.87270207622e-15,-4.32203565605,-0.103634521691,7885.42057483,1.96369298337,1,-0.249372964837,103.618984307,4.9365369655,1.94959596991,1.06729864032,0.0434041600318,0.0442274305556,0.0426317891374,0.0441075626959,0.0434601814516,0.0433171948357,after_reset,3.69766051107,7981.65316583,0.070975421265,1.03864888778,0.519721895871,0.070975421265,0.0843505907538,0.0394616278739,0.0969727668515,0.063706460145,0.069412210443,0.0316081765858,0.158174097665,0.161111111111,0.162939297125,0.160188087774,0.151290322581,0.157863849765,942,90,313,319,310,852
fixed_r8,eps1,42,0,1,shared_reset,2.57432963835e-15,-4.1209934531e-07,-0.000665247827614,0.000790824896593,1.00520334573e-07,1,2.37514782659e-05,49.4488506417,4.9365369655,1.95010315524,0.737045992266,0.000870820063694,0.008984375,0.000848642172524,0.000967378526646,0.000793850806452,1.37544014085e-05,after_reset,0.00117501425508,49.4483577502,0.00558647023536,0.0817519782644,0.519721895871,0.00558647023536,0.0180733492325,0.00310207895133,0.00766168541417,0.00497115167506,2.19977920394e-05,0.0316081765858,0.00445859872611,0.0455555555556,0.00479233226837,0.00532915360502,0.00322580645161,0.000117370892019,942,90,313,319,310,852
fixed_r8,eps1,42,0,1,local_reset,2.87270207622e-15,-2.03282028173,0.246062497611,7885.23559715,0.938874754478,1,-0.134272082736,49.4986818292,4.9365369655,1.95004816238,0.738055753765,0.0433502521231,0.0437065972222,0.0424445886581,0.0441198079937,0.0434727822581,0.0433126100352,after_reset,3.69761164604,7931.831094,0.0707535575753,1.03540215151,0.519721895871,0.0707535575753,0.0823832098074,0.0393462532572,0.0966784518222,0.0634885176789,0.0694113807756,0.0316081765858,0.157643312102,0.153333333333,0.162619808307,0.159561128527,0.15064516129,0.158098591549,942,90,313,319,310,852
fixed_r8,eps1,42,0,1,retained,2.72698530424e-15,-15.3153352675,-0.314805408941,8642.07181426,5.37390605453,4,-0.708492337128,299.133494912,5.17947247761,2.06058659112,1.76435418662,0.0424545514862,0.0450086805556,0.0422823482428,0.0422217868339,0.0428679435484,0.0421847491197,after_reset,3.69171354349,8913.9019492,0.0750059090923,1.09763073846,0.562016731216,0.0750059090923,0.0892293935407,0.0427981762472,0.101206113845,0.0686001461027,0.073342525303,0.0316081765858,0.161146496815,0.168888888889,0.169009584665,0.151410658307,0.163225806452,0.160328638498,942,90,313,319,310,852
fixed_r8,eps1,42,0,1,shared_reset,3.105155022e-15,-7.36054133816e-07,-0.00296593136962,0.00451310181412,5.54105719359e-07,4,6.60981525761e-05,49.3470285736,5.18768282034,2.06330637013,0.717066459031,0.000887407112527,0.00889756944444,0.000836162140575,0.000967378526646,0.00085685483871,4.12632042254e-05,after_reset,0.00274736918768,49.345741091,0.00558067062277,0.0816671071774,0.562016731216,0.00558067062277,0.0180539423934,0.00299899551563,0.00776922726656,0.00484178744287,5.42128693089e-05,0.0316081765858,0.00403397027601,0.0388888888889,0.00447284345048,0.00407523510972,0.00354838709677,0.000352112676056,942,90,313,319,310,852
fixed_r8,eps1,42,0,1,local_reset,3.85282084014e-15,-13.2445955548,-0.182192694921,8641.19488787,4.024449655,4,-0.539044473803,224.4886779,5.17946957493,2.06096886113,1.52861058641,0.0422679471868,0.043359375,0.0421450678914,0.0421115791536,0.0425529233871,0.0421526555164,after_reset,3.69149184528,8841.77634998,0.0747018428191,1.09318105587,0.562016731216,0.0747018428191,0.0865490912627,0.0426511768136,0.100788710502,0.0683161649242,0.0733386980335,0.0316081765858,0.160403397028,0.163333333333,0.168690095847,0.150470219436,0.162258064516,0.160093896714,942,90,313,319,310,852
fixed_r8,eps1,42,0,1,retained,3.59261231875e-15,-30.3115295567,-5.59584713056,10163.8143024,14.1333122557,10,-2.08237284375,881.702613167,5.51045820301,2.29700013503,2.87670150338,0.0410653861465,0.0429253472222,0.0398362619808,0.0419646355799,0.0413810483871,0.040868911385,after_reset,3.68024835427,10983.6707288,0.0832597888933,1.21841738435,0.649006391376,0.0832597888933,0.098955963202,0.0499176224808,0.1103822506,0.0775310264428,0.0814252432703,0.0316081765858,0.15042462845,0.155555555556,0.144408945687,0.15736677116,0.14935483871,0.149882629108,942,90,313,319,310,852
fixed_r8,eps1,42,0,1,shared_reset,3.97902197302e-15,-1.96208227989e-06,-0.00573827454313,0.0151434299748,1.37328747602e-06,10,7.35414888965e-05,47.1078074682,5.52459299673,2.30249539411,0.664862152089,0.000800325106157,0.00772569444444,0.000823682108626,0.000746963166144,0.000831653225806,6.87720070423e-05,after_reset,0.00462653843965,47.1116188812,0.00545287531025,0.0797969603455,0.649006391376,0.00545287531025,0.0176378539285,0.00283062571544,0.00764367302745,0.00470537830783,0.000112773872231,0.0316081765858,0.00307855626327,0.03,0.00319488817891,0.00282131661442,0.00322580645161,0.000234741784038,942,90,313,319,310,852
fixed_r8,eps1,42,0,1,local_reset,3.68368530124e-15,-28.2850335209,-5.03897546672,10161.2425898,12.2746992933,10,-1.85182498149,767.606864544,5.51049008392,2.29729264785,2.683370593,0.0407792595541,0.03984375,0.0396241014377,0.041707484326,0.0409904233871,0.0408780809859,after_reset,3.67973563598,10870.7724857,0.0828307809692,1.21213931519,0.649006391376,0.0828307809692,0.0952144156813,0.0497450116808,0.109745556825,0.0771759783984,0.0814127258897,0.0316081765858,0.148832271762,0.138888888889,0.142811501597,0.155485893417,0.148064516129,0.149882629108,942,90,313,319,310,852
fixed_r8,eps1,42,1,0.25,retained,3.58740814832e-15,0,0,465.415961031,0,-1,0,0,4.9365369655,1.86859582602,0,0.0108562234607,0.0112528669725,0.0113069089457,0.0107636167712,0.0104964717742,0.0108043217287,pulse,0.918060124394,465.415961031,0.0171388701864,1,0.49278541745,0.0171388701864,0.0161167732328,0.00930021116575,0.023594175986,0.0152451728528,0.0172681384837,0.0316081765858,0.0440552016985,0.0357798165138,0.0424920127796,0.0467084639498,0.0429032258065,0.0451380552221,942,109,313,319,310,833
fixed_r8,eps1,42,1,0.25,retained,3.65332764041e-15,-0.0537622370822,-0.166583131149,485.369538717,0.00447652370453,0,0.000620123218093,3.78108308001,4.9365369655,1.9200941002,0.20575463083,0.0104871616242,0.0103927752294,0.0111072284345,0.010335031348,0.010017641129,0.0104995123049,before_reset,0.917545217421,488.71564783,0.0175626349835,1.0247253636,0.508389293198,0.0175626349835,0.0197645091038,0.00960572057032,0.0240426242585,0.0157887832999,0.0172537368854,0.0316081765858,0.045966029724,0.048623853211,0.0421725239617,0.0495297805643,0.0461290322581,0.0456182472989,942,109,313,319,310,833
fixed_r8,eps1,42,1,0.25,retained,3.65332764041e-15,-0.0537622370822,-0.166583131149,485.369538717,0.00447652370453,0,0.000620123218093,3.78108308001,4.9365369655,1.9200941002,0.20575463083,0.0104871616242,0.0103927752294,0.0111072284345,0.010335031348,0.010017641129,0.0104995123049,after_reset,0.917545217421,488.71564783,0.0175626349835,1.0247253636,0.508389293198,0.0175626349835,0.0197645091038,0.00960572057032,0.0240426242585,0.0157887832999,0.0172537368854,0.0316081765858,0.045966029724,0.048623853211,0.0421725239617,0.0495297805643,0.0461290322581,0.0456182472989,942,109,313,319,310,833
fixed_r8,eps1,42,1,0.25,shared_reset,2.05532205838e-15,0,0,0,0,0,0,3.78108308001,4.9365369655,1.9200941002,0.20575463083,0.000294420116773,0.00254443807339,0.000237120607029,0.000367358934169,0.000277217741935,0,after_reset,0,3.78108308001,0.00154479075925,0.0901337569195,0.508389293198,0.00154479075925,0.00454131749208,0.00079638319949,0.00201754708054,0.00155643040927,0,0.0316081765858,0.00191082802548,0.0165137614679,0.000958466453674,0.00282131661442,0.00193548387097,0,942,109,313,319,310,833
fixed_r8,eps1,42,1,0.25,local_reset,3.65332764041e-15,0,0,485.369538717,0,0,0,0,4.9365369655,1.92028996441,0,0.0104332537155,0.00992689220183,0.010994908147,0.010335031348,0.00996723790323,0.0104995123049,after_reset,0.917545217421,485.369538717,0.0175024083171,1.02121132413,0.508389293198,0.0175024083171,0.0192972739119,0.00957549336459,0.0239664845702,0.0157230819343,0.0172537368854,0.0316081765858,0.0453290870488,0.043119266055,0.0421725239617,0.048275862069,0.0454838709677,0.0456182472989,942,109,313,319,310,833
fixed_r8,eps1,42,1,0.25,retained,3.55618312575e-15,-0.0698551910461,-0.327166640749,501.810739763,0.00770729478504,1,0.00157037995357,6.64297529708,4.9365369655,1.9588913731,0.2699615748,0.0108147558386,0.010715309633,0.0110198682109,0.0106289184953,0.010798891129,0.0108277686074,after_reset,0.917087784812,507.670519451,0.0178999791515,1.04440835113,0.52154409987,0.0178999791515,0.0201054699184,0.0099588245744,0.0244607676785,0.0160559248269,0.0175909386653,0.0316081765858,0.0434182590234,0.0422018348624,0.0428115015974,0.0429467084639,0.0445161290323,0.0435774309724,942,109,313,319,310,833
fixed_r8,eps1,42,1,0.25,shared_reset,2.86844658269e-15,1.05473883955e-09,-4.09290732242e-05,3.95434921491e-05,4.26026090948e-10,1,8.53078315306e-07,3.81940947889,4.9365369655,1.95894471171,0.204665800092,0.000315153927813,0.00268778669725,0.000174720447284,0.000342868338558,0.000428427419355,4.6893757503e-06,after_reset,0.000266445060496,3.81936887293,0.00155259203932,0.0905889374527,0.52154409987,0.00155259203932,0.00456423118657,0.000790061500797,0.00203172527748,0.00156427285079,4.91376393371e-06,0.0316081765858,0.00212314225053,0.0183486238532,0.00159744408946,0.0025078369906,0.00225806451613,0,942,109,313,319,310,833
fixed_r8,eps1,42,1,0.25,local_reset,2.69576028167e-15,-0.0176016057476,-0.15040209943,501.798306345,0.00289822596998,1,0.00114886962762,2.50702864609,4.9365369655,1.95907538938,0.165380561163,0.0107898752654,0.0105002866972,0.0110573083067,0.0105554467085,0.0107610887097,0.0108277686074,after_reset,0.917076420073,503.974523546,0.0178347014759,1.0405996009,0.52154409987,0.0178347014759,0.0195991872946,0.00992815744012,0.0243765453857,0.0159860182244,0.0175907241101,0.0316081765858,0.0432059447983,0.0403669724771,0.0428115015974,0.0426332288401,0.0441935483871,0.0435774309724,942,109,313,319,310,833
fixed_r8,eps1,42,1,0.25,retained,3.0184188482e-15,-0.085617523221,-0.598279274057,549.852232419,0.0199516283454,4,0.0031716918767,18.255214669,5.14407090213,2.07746829311,0.434757494249,0.0103088508493,0.0105361238532,0.0104832268371,0.0104207484326,0.010017641129,0.0102791116447,after_reset,0.915680833998,566.765948506,0.0189131308738,1.10352261661,0.564831023299,0.0189131308738,0.0208816823015,0.0109825913556,0.0255806212352,0.0170826144486,0.0186401660651,0.0316081765858,0.0423566878981,0.0422018348624,0.0396166134185,0.0476489028213,0.0396774193548,0.0423769507803,942,109,313,319,310,833
fixed_r8,eps1,42,1,0.25,shared_reset,3.25434124093e-15,2.52798382791e-09,-0.000196418542646,0.000146621718807,1.37968590604e-09,4,1.45995944255e-06,3.93153935978,5.13630272511,2.07758966672,0.20170451678,0.000252952494692,0.00218606651376,0.000274560702875,0.000244905956113,0.000239415322581,0,after_reset,0.000488145449394,3.93129607077,0.00157517724379,0.0919067141917,0.564831023299,0.00157517724379,0.00463056631393,0.000768755662199,0.0020792911733,0.00157921500227,9.85956777298e-06,0.0316081765858,0.00169851380042,0.0137614678899,0.00159744408946,0.00156739811912,0.00193548387097,0.000120048019208,942,109,313,319,310,833
fixed_r8,eps1,42,1,0.25,local_reset,2.74997039029e-15,-0.0355458817981,-0.429140090745,549.812144968,0.0144286297581,4,0.00337332238204,13.1863072007,5.14407214383,2.07764088174,0.369518413194,0.0103503184713,0.0109303325688,0.0105705870607,0.0104085031348,0.0100680443548,0.0102744222689,after_reset,0.91564555423,562.090255498,0.0188349547446,1.09896128157,0.564831023299,0.0188349547446,0.0202671829886,0.0109479567088,0.0254779140147,0.0170003447489,0.0186394037521,0.0316081765858,0.0422505307856,0.0412844036697,0.0392971246006,0.0473354231975,0.04,0.0423769507803,942,109,313,319,310,833
fixed_r8,eps1,42,1,0.25,retained,2.89351875793e-15,-0.196472661185,-1.94378452831,651.928916372,0.0519333541781,10,0.0118436603378,52.9870343813,5.31850491399,2.31676274805,0.703868845937,0.0100019904459,0.0102852637615,0.00975938498403,0.0100901253918,0.01015625,0.00996492346939,after_reset,0.912634373293,700.711057049,0.0210296012611,1.22701210946,0.65368622933,0.0210296012611,0.0227799474246,0.0127895254031,0.027907267129,0.0194234463421,0.0207896639292,0.0316081765858,0.0435244161359,0.056880733945,0.0405750798722,0.0445141065831,0.0454838709677,0.0417767106843,942,109,313,319,310,833
fixed_r8,eps1,42,1,0.25,shared_reset,3.51108031538e-15,-2.36494341207e-09,-0.000905094828643,0.000811538435119,6.50378711158e-09,10,1.88772306601e-06,3.81635999278,5.32018308986,2.31739992424,0.189260035835,0.000232218683652,0.00197104357798,0.000187200479233,0.000293887147335,0.000214213709677,4.6893757503e-06,after_reset,0.00106931059051,3.81536511878,0.00155177805317,0.0905414438815,0.65368622933,0.00155177805317,0.00456133359341,0.00071036877927,0.00207324868847,0.00154421513538,2.50319504504e-05,0.0316081765858,0.000955414012739,0.00825688073394,0.000638977635783,0.0012539184953,0.000967741935484,0,942,109,313,319,310,833
fixed_r8,eps1,42,1,0.25,local_reset,4.27435864481e-15,-0.155958501496,-1.75267584455,651.786651683,0.0447202719542,10,0.0123927931181,45.6551868323,5.31850236454,2.31688933909,0.653190182964,0.00992734872611,0.00974770642202,0.00965954472843,0.0100411442006,0.0100806451613,0.00995085534214,after_reset,0.912525758314,693.694075681,0.0209240401952,1.22085294816,0.65368622933,0.0209240401952,0.0219430921423,0.0127495836791,0.0277703290234,0.0193051419948,0.0207869989672,0.0316081765858,0.0426751592357,0.0495412844037,0.0402555910543,0.0432601880878,0.0445161290323,0.0417767106843,942,109,313,319,310,833
fixed_r8,eps1,42,1,1,retained,2.70616862252e-15,0,0,7446.65567705,0,-1,0,0,4.9365369655,1.86859582602,0,0.0434829485138,0.0432912844037,0.0445911541534,0.0431769200627,0.0426789314516,0.0435080282113,pulse,3.67224054146,7446.65567705,0.068555482129,1,0.49278541745,0.068555482129,0.0644670941776,0.0372008459992,0.0943767054156,0.0609806929708,0.0690725553352,0.0316081765858,0.152866242038,0.142201834862,0.151757188498,0.15329153605,0.153548387097,0.154261704682,942,109,313,319,310,833
fixed_r8,eps1,42,1,1,retained,4.05231403988e-15,-5.08030403588,-2.97587944991,7766.02823124,1.16631244986,0,0.0442726146515,61.5621073824,4.9365369655,1.91918173523,0.83008795134,0.0430516852442,0.0428254013761,0.0443789936102,0.0427483346395,0.0420236895161,0.043081295018,before_reset,3.67019822881,7812.73282933,0.0702203580221,1.02428508766,0.508389293198,0.0702203580221,0.0788225624312,0.0384098810952,0.0961423840276,0.0631051482209,0.0690154562374,0.0316081765858,0.154670912951,0.148623853211,0.149201277955,0.160188087774,0.154516129032,0.155462184874,942,109,313,319,310,833
fixed_r8,eps1,42,1,1,retained,4.05231403988e-15,-5.08030403588,-2.97587944991,7766.02823124,1.16631244986,0,0.0442726146515,61.5621073824,4.9365369655,1.91918173523,0.83008795134,0.0430516852442,0.0428254013761,0.0443789936102,0.0427483346395,0.0420236895161,0.043081295018,after_reset,3.67019822881,7812.73282933,0.0702203580221,1.02428508766,0.508389293198,0.0702203580221,0.0788225624312,0.0384098810952,0.0961423840276,0.0631051482209,0.0690154562374,0.0316081765858,0.154670912951,0.148623853211,0.149201277955,0.160188087774,0.154516129032,0.155462184874,942,109,313,319,310,833
fixed_r8,eps1,42,1,1,shared_reset,2.28289609439e-15,0,0,0,0,0,0,61.5621073824,4.9365369655,1.91918173523,0.83008795134,0.00119012075372,0.0102852637615,0.00117312300319,0.00112656739812,0.00127268145161,0,after_reset,0,61.5621073824,0.0062333037682,0.0909234910852,0.508389293198,0.0062333037682,0.0183244308437,0.00319154455317,0.00813909036512,0.00629394137777,0,0.0316081765858,0.00509554140127,0.0440366972477,0.00351437699681,0.00721003134796,0.00451612903226,0,942,109,313,319,310,833
fixed_r8,eps1,42,1,1,local_reset,4.05231403988e-15,0,0,7766.02823124,0,0,0,0,4.9365369655,1.92028996441,0,0.0427987327495,0.0406393348624,0.044191793131,0.0423932210031,0.0418094758065,0.043081295018,after_reset,3.67019822881,7766.02823124,0.0700101543861,1.02121890492,0.508389293198,0.0700101543861,0.0771897044912,0.0383023604077,0.0958665665701,0.062892867031,0.0690154562374,0.0316081765858,0.153821656051,0.14128440367,0.148881789137,0.159247648903,0.153225806452,0.155462184874,942,109,313,319,310,833
fixed_r8,eps1,42,1,1,retained,2.93515212135e-15,-7.63425388702,-5.90908066033,8029.21224244,2.00141834139,1,0.109103337602,107.769791355,4.9365369655,1.9575590862,1.08724438762,0.0426038349257,0.0431120986239,0.0439172324281,0.041266653605,0.0426537298387,0.042537327431,after_reset,3.66838282238,8112.11498972,0.0715531243648,1.04372578447,0.52154409987,0.0715531243648,0.0801788133605,0.0397980103729,0.0978012010562,0.0641541610318,0.0703462226649,0.0316081765858,0.152335456476,0.147706422018,0.151437699681,0.151097178683,0.154516129032,0.152941176471,942,109,313,319,310,833
fixed_r8,eps1,42,1,1,shared_reset,2.55351295664e-15,-6.53493646426e-08,-0.000778995556349,0.000651142068346,1.12234678123e-07,1,5.6686093449e-05,62.1354812837,4.9365369655,1.95807272828,0.825396441261,0.00120256104034,0.0102852637615,0.00101088258786,0.00112656739812,0.00147429435484,1.40681272509e-05,after_reset,0.0010768284811,62.1346877883,0.00626222421355,0.0913453456832,0.52154409987,0.00626222421355,0.0184093675906,0.00316541974441,0.00819277628974,0.006322756565,1.99349079381e-05,0.0316081765858,0.00583864118896,0.0504587155963,0.0038338658147,0.00689655172414,0.00677419354839,0,942,109,313,319,310,833
fixed_r8,eps1,42,1,1,local_reset,2.65065747129e-15,-2.65352539218,-2.76934154294,8028.99788001,0.746376585206,1,0.0778896577783,40.3258193993,4.9365369655,1.95860773591,0.663190219661,0.0425001658705,0.0422520068807,0.0439796325879,0.0410217476489,0.0425277217742,0.0425326380552,after_reset,3.66833481655,8059.38012144,0.0713201705049,1.04032775046,0.52154409987,0.0713201705049,0.0783709135048,0.0396874358,0.0974897950746,0.0639224049216,0.0703452968906,0.0316081765858,0.152123142251,0.145871559633,0.151118210863,0.14921630094,0.156129032258,0.152941176471,942,109,313,319,310,833
fixed_r8,eps1,42,1,1,retained,3.12597170371e-15,-13.1688373745,-11.0911922039,8798.16641869,5.15589154256,4,0.211627285643,294.914119421,5.15932565248,2.07514171501,1.74716686632,0.0410819731953,0.0421444954128,0.0410842651757,0.0409360305643,0.0412298387097,0.0409429396759,after_reset,3.66278982071,9050.13962507,0.0755769206226,1.10241979599,0.564831023299,0.0755769206226,0.0832750384803,0.0438441783771,0.102270422904,0.0682122257256,0.074510782393,0.0316081765858,0.149256900212,0.149541284404,0.144728434505,0.151724137931,0.151290322581,0.149219687875,942,109,313,319,310,833
fixed_r8,eps1,42,1,1,shared_reset,3.24740234703e-15,-3.15760978205e-07,-0.0033166573674,0.00237361232005,3.64370316226e-07,4,9.99310734322e-05,64.0017266077,5.13629869958,2.07676165368,0.813689114316,0.00115279989384,0.00971186926606,0.00106080271565,0.00117554858934,0.00122227822581,3.28256302521e-05,after_reset,0.00196991938225,63.9976665003,0.00635541072209,0.0927046317046,0.564831023299,0.00635541072209,0.0186830740746,0.00308144426085,0.00838927527242,0.00638175928217,3.96898363302e-05,0.0316081765858,0.00509554140127,0.043119266055,0.00415335463259,0.00658307210031,0.00451612903226,0.000120048019208,942,109,313,319,310,833
fixed_r8,eps1,42,1,1,local_reset,2.60208521397e-15,-8.3434696885,-8.08917350265,8797.49945315,3.71206501305,4,0.220536851085,212.095859626,5.15933127128,2.07611760521,1.48173239858,0.0409907444268,0.0413202408257,0.0411341853035,0.0408748040752,0.0409652217742,0.0409476290516,after_reset,3.66264420719,8980.88316511,0.0752871879559,1.09819354511,0.564831023299,0.0752871879559,0.0809973869507,0.0437147282752,0.101879342691,0.0679241193061,0.0745076233997,0.0316081765858,0.147983014862,0.138532110092,0.14249201278,0.150470219436,0.150967741935,0.149219687875,942,109,313,319,310,833
fixed_r8,eps1,42,1,1,retained,4.74273398332e-15,-29.9255458345,-34.4901435672,10432.9740449,13.4001248017,10,0.805541685912,854.56669304,5.31376073966,2.31153165915,2.82615580928,0.0398835589172,0.0395283830275,0.0391498602236,0.040323765674,0.0401713709677,0.0399300345138,after_reset,3.65069237794,11173.7205673,0.0839770193779,1.22494973079,0.65368622933,0.0839770193779,0.0908845001952,0.0509607705864,0.111533567131,0.0775008565673,0.0830306536432,0.0316081765858,0.146072186837,0.15871559633,0.145686900958,0.147335423197,0.145161290323,0.144417767107,942,109,313,319,310,833
fixed_r8,eps1,42,1,1,shared_reset,3.33934269126e-15,-2.61172196659e-06,-0.015281437523,0.0132297729466,1.72020700634e-06,10,0.000136931370972,62.0344460295,5.32019097226,2.31672257339,0.762987512904,0.00102010350318,0.00856508027523,0.000811202076677,0.00113881269592,0.00110887096774,3.28256302521e-05,after_reset,0.00431551055733,62.0173832869,0.00625631017301,0.0912590791972,0.65368622933,0.00625631017301,0.0183899448719,0.00284832298767,0.00836057585207,0.00623052047146,0.000100996864377,0.0316081765858,0.0052016985138,0.0412844036697,0.00287539936102,0.00595611285266,0.00677419354839,0.000480192076831,942,109,313,319,310,833
fixed_r8,eps1,42,1,1,local_reset,4.21884749358e-15,-25.72906888,-31.0879121795,10430.5783428,11.5153541801,10,0.834328684096,734.870734913,5.31375167145,2.31226749972,2.6200318236,0.0396430467091,0.0375573394495,0.0389876198083,0.0400666144201,0.0398689516129,0.0399159663866,after_reset,3.65024806087,11064.9991271,0.0835674682196,1.21897572046,0.65368622933,0.0835674682196,0.0876412291706,0.0508075951507,0.110994062851,0.077052915611,0.0830196183943,0.0316081765858,0.144585987261,0.14495412844,0.146006389776,0.146081504702,0.141612903226,0.144537815126,942,109,313,319,310,833
fixed_r8,eps1,7,0,0.25,retained,2.99066327258e-15,0,0,444.856078949,0,-1,0,0,5.01927135873,1.81955484457,0,0.0107401141189,0.0106077981651,0.0105955471246,0.01121669279,0.0103956653226,0.0107574279712,pulse,0.912385578418,444.856078949,0.0167560372691,1,0.485595838041,0.0167560372691,0.0166821807836,0.00873050369351,0.0234419970266,0.0145162703307,0.0167656774911,0.0316081765858,0.0458598726115,0.0559633027523,0.0479233226837,0.0442006269592,0.0454838709677,0.0445378151261,942,109,313,319,310,833
fixed_r8,eps1,7,0,0.25,retained,2.49800180541e-15,-0.074697670488,0.000509116612069,464.794975777,0.00436990787912,0,-0.000798756564924,3.7315297883,5.01927135873,1.87164501416,0.204324626858,0.0107318205945,0.0108586582569,0.0102835463259,0.0111922021944,0.0107106854839,0.0107152235894,before_reset,0.911894446567,468.380900852,0.0171933752411,1.02610032223,0.502024809859,0.0171933752411,0.0202390348817,0.00899557035622,0.023979186495,0.0149960377589,0.0167539294011,0.0316081765858,0.0472399150743,0.043119266055,0.0453674121406,0.0485893416928,0.0477419354839,0.0477791116447,942,109,313,319,310,833
fixed_r8,eps1,7,0,0.25,retained,2.49800180541e-15,-0.074697670488,0.000509116612069,464.794975777,0.00436990787912,0,-0.000798756564924,3.7315297883,5.01927135873,1.87164501416,0.204324626858,0.0107318205945,0.0108586582569,0.0102835463259,0.0111922021944,0.0107106854839,0.0107152235894,after_reset,0.911894446567,468.380900852,0.0171933752411,1.02610032223,0.502024809859,0.0171933752411,0.0202390348817,0.00899557035622,0.023979186495,0.0149960377589,0.0167539294011,0.0316081765858,0.0472399150743,0.043119266055,0.0453674121406,0.0485893416928,0.0477419354839,0.0477791116447,942,109,313,319,310,833
fixed_r8,eps1,7,0,0.25,shared_reset,2.48759346455e-15,0,0,0,0,0,0,3.7315297883,5.01927135873,1.87164501416,0.204324626858,0.000286126592357,0.00247276376147,0.000199680511182,0.000318377742947,0.000340221774194,0,after_reset,0,3.7315297883,0.00153463468375,0.0915869700632,0.502024809859,0.00153463468375,0.00451146104514,0.000929975228994,0.00202009733038,0.00144360132722,0,0.0316081765858,0.00106157112527,0.00917431192661,0.000638977635783,0.00188087774295,0.000645161290323,0,942,109,313,319,310,833
fixed_r8,eps1,7,0,0.25,local_reset,2.49800180541e-15,0,0,464.794975777,0,0,0,0,5.01927135873,1.8719345893,0,0.010682059448,0.0104286123853,0.010258586262,0.0111432210031,0.0106350806452,0.0107152235894,after_reset,0.911894446567,464.794975777,0.0171274325273,1.02216486226,0.502024809859,0.0171274325273,0.0197499225186,0.00895438207828,0.0238960471589,0.014928036506,0.0167539294011,0.0316081765858,0.0473460721868,0.0440366972477,0.0460063897764,0.048275862069,0.0477419354839,0.0477791116447,942,109,313,319,310,833
fixed_r8,eps1,7,0,0.25,retained,2.8449465006e-15,-0.0903612586017,-0.0940054983942,480.39326592,0.00813247564632,1,-0.00105619254895,7.06464528351,5.01927135873,1.91225946167,0.278910017134,0.0103171443737,0.0105002866972,0.00997154552716,0.010335031348,0.0106476814516,0.0102931797719,after_reset,0.911447002768,487.09519778,0.0175334943135,1.04639862229,0.513780569759,0.0175334943135,0.0205126657541,0.0093160580127,0.0243639658537,0.0153526947957,0.0171053158118,0.0316081765858,0.0478768577495,0.0550458715596,0.0485623003195,0.0467084639498,0.0483870967742,0.0469387755102,942,109,313,319,310,833
fixed_r8,eps1,7,0,0.25,shared_reset,2.77295547635e-15,-7.87404920793e-09,-2.26635677375e-05,3.72461157997e-05,4.07425710197e-10,1,-9.63120583702e-08,3.73417427012,5.01927135873,1.9123331274,0.202889820906,0.000315153927813,0.00272362385321,0.000312000798722,0.000379604231975,0.000252016129032,0,after_reset,0.000259128077505,3.73416598113,0.0015351766704,0.0916193158169,0.513780569759,0.0015351766704,0.00451303503064,0.000923681729796,0.00202636532962,0.00144038880029,4.77766612287e-06,0.0316081765858,0.00127388535032,0.0110091743119,0.000958466453674,0.000940438871473,0.00193548387097,0,942,109,313,319,310,833
fixed_r8,eps1,7,0,0.25,local_reset,2.8449465006e-15,-0.0154613719418,-0.0971557864892,480.385172052,0.00347916729371,1,-0.000301661401112,3.03341582137,5.01927135873,1.91254875507,0.182583114095,0.0102881170382,0.0102852637615,0.00990914536741,0.0103105407524,0.0106476814516,0.0102884903962,after_reset,0.911436797431,483.196229401,0.0174631796265,1.04220224305,0.513780569759,0.0174631796265,0.0199885305488,0.00927302723235,0.0242751777169,0.015280027547,0.0171051687204,0.0316081765858,0.0470276008493,0.0477064220183,0.0479233226837,0.0460815047022,0.0470967741935,0.0469387755102,942,109,313,319,310,833
fixed_r8,eps1,7,0,0.25,retained,3.31332183912e-15,-0.188798173391,-0.264394489873,530.684414264,0.0231112934353,4,-0.00418790810183,21.2525884015,5.09189941782,2.03439630574,0.471432969936,0.0109598925159,0.011682912844,0.0110448282748,0.010396257837,0.0114541330645,0.0108652836134,after_reset,0.910036255947,551.045352817,0.0186489860872,1.1129711511,0.557130669361,0.0186489860872,0.0219224714488,0.0101242561301,0.0256172876981,0.0166741254743,0.0181770782365,0.0316081765858,0.0462845010616,0.0385321100917,0.0447284345048,0.0438871473354,0.0503225806452,0.0472989195678,942,109,313,319,310,833
fixed_r8,eps1,7,0,0.25,shared_reset,2.52055321059e-15,-1.01048274521e-07,-0.000274381971174,0.000425908176921,4.35697748323e-09,4,1.50473159718e-06,3.72418032746,5.0882950262,2.03490794323,0.19714257227,0.000306860403397,0.00258027522936,0.00022464057508,0.000330623040752,0.000365423387097,9.3787515006e-06,after_reset,0.000844028609728,3.72406028342,0.0015330979543,0.0914952580775,0.557130669361,0.0015330979543,0.00450669659575,0.000894043511153,0.00205124707072,0.00141609697208,1.70623960158e-05,0.0316081765858,0.00106157112527,0.00917431192661,0.000319488817891,0.0012539184953,0.00161290322581,0,942,109,313,319,310,833
fixed_r8,eps1,7,0,0.25,local_reset,2.86055901189e-15,-0.115218412169,-0.252635244689,530.611283376,0.0169267948729,4,-0.0023946374671,15.5835575905,5.10288202719,2.03465967948,0.403536715564,0.0109059846072,0.0111095183486,0.0109449880192,0.0103105407524,0.0114793346774,0.0108793517407,after_reset,0.909963901188,545.471271173,0.0185544247352,1.10732773132,0.557130669361,0.0185544247352,0.0212272231969,0.0100681445297,0.0255009402104,0.0165710712932,0.0181756256207,0.0316081765858,0.0463906581741,0.0394495412844,0.0450479233227,0.0445141065831,0.0496774193548,0.0472989195678,942,109,313,319,310,833
fixed_r8,eps1,7,0,0.25,retained,4.35068647775e-15,-0.261731861952,-0.832102726752,620.300664208,0.0496553780248,10,-0.0111994423425,50.7847460407,5.46857521104,2.25315861713,0.693316040211,0.0101305400743,0.00931766055046,0.00894818290735,0.0110085227273,0.0104208669355,0.0102369072629,after_reset,0.907310847394,668.924997565,0.0205470872804,1.22624979584,0.636326291754,0.0205470872804,0.0235634274935,0.0118075157756,0.0277645734273,0.0186781326217,0.0201189609133,0.0316081765858,0.0449044585987,0.043119266055,0.0437699680511,0.0426332288401,0.0483870967742,0.0451380552221,942,109,313,319,310,833
fixed_r8,eps1,7,0,0.25,shared_reset,3.3723024373e-15,-1.94380228355e-07,-0.000580219414338,0.00101276289799,8.14275296238e-09,10,2.11417390039e-06,3.74421102674,5.4622375965,2.25401970389,0.18807527216,0.000277833067941,0.00229357798165,0.000299520766773,0.000306132445141,0.000226814516129,1.40681272509e-05,after_reset,0.00122225060601,3.74406719854,0.0015372105992,0.0917407006506,0.636326291754,0.0015372105992,0.00451818544144,0.000849335742889,0.00208199747019,0.00141124366457,3.16703475206e-05,0.0316081765858,0.000636942675159,0.00550458715596,0.000638977635783,0.000313479623824,0.000967741935484,0,942,109,313,319,310,833
fixed_r8,eps1,7,0,0.25,local_reset,4.06619182769e-15,-0.191731815205,-0.79919278486,620.15068554,0.042292283502,10,-0.009585871489,43.2936152758,5.47789533306,2.25339689047,0.640146389313,0.0100807789278,0.00895928899083,0.00887330271565,0.0109840321317,0.0103704637097,0.0102275285114,after_reset,0.907179274306,661.485572156,0.0204325109779,1.21941188419,0.636326291754,0.0204325109779,0.0227112536178,0.0117434453773,0.027623364091,0.0185520052321,0.020115241697,0.0316081765858,0.0446921443737,0.0412844036697,0.0437699680511,0.0423197492163,0.048064516129,0.0451380552221,942,109,313,319,310,833
fixed_r8,eps1,7,0,1,retained,2.55351295664e-15,0,0,7117.69718222,0,-1,0,0,5.01927135873,1.81955484457,0,0.0435119758493,0.0437930045872,0.0417207468051,0.045172903605,0.043611391129,0.043475202581,pulse,3.64954226761,7117.69718222,0.0670241486954,1,0.485595838041,0.0670241486954,0.0667287229468,0.0349220148697,0.0937679874381,0.058065081038,0.067062709558,0.0316081765858,0.167197452229,0.179816513761,0.164217252396,0.170219435737,0.167096774194,0.165546218487,942,109,313,319,310,833
fixed_r8,eps1,7,0,1,retained,2.66616156236e-15,-6.42008651123,0.0977367296454,7436.81141873,1.14007467466,0,-0.0533648797248,60.8281060283,5.01927135873,1.87046179738,0.824854176242,0.0433626924098,0.0445814220183,0.0418580271565,0.0444259404389,0.0437878024194,0.0432032187875,before_reset,3.6475937902,7486.02817011,0.0687364789355,1.02554795956,0.502024809859,0.0687364789355,0.0806813655739,0.0359516633152,0.0958699047885,0.0599507859476,0.0670161249118,0.0316081765858,0.159766454352,0.154128440367,0.156230031949,0.159247648903,0.163870967742,0.160504201681,942,109,313,319,310,833
fixed_r8,eps1,7,0,1,retained,2.66616156236e-15,-6.42008651123,0.0977367296454,7436.81141873,1.14007467466,0,-0.0533648797248,60.8281060283,5.01927135873,1.87046179738,0.824854176242,0.0433626924098,0.0445814220183,0.0418580271565,0.0444259404389,0.0437878024194,0.0432032187875,after_reset,3.6475937902,7486.02817011,0.0687364789355,1.02554795956,0.502024809859,0.0687364789355,0.0806813655739,0.0359516633152,0.0958699047885,0.0599507859476,0.0670161249118,0.0316081765858,0.159766454352,0.154128440367,0.156230031949,0.159247648903,0.163870967742,0.160504201681,942,109,313,319,310,833
fixed_r8,eps1,7,0,1,shared_reset,2.10942374679e-15,0,0,0,0,0,0,60.8281060283,5.01927135873,1.87046179738,0.824854176242,0.00125232218684,0.0108228211009,0.00127296325879,0.00124902037618,0.00123487903226,0,after_reset,0,60.8281060283,0.00619603268432,0.092444780052,0.502024809859,0.00619603268432,0.0182148627199,0.00378301250956,0.00814086855162,0.00583190048614,0,0.0316081765858,0.00530785562633,0.045871559633,0.00479233226837,0.00689655172414,0.0041935483871,0,942,109,313,319,310,833
fixed_r8,eps1,7,0,1,local_reset,2.6575963652e-15,0,0,7436.81141873,0,0,0,0,5.01927135873,1.8719345893,0,0.0430972996285,0.0422878440367,0.0416333865815,0.0440708268025,0.0435735887097,0.0432032187875,after_reset,3.6475937902,7436.81141873,0.0685101529843,1.02217117737,0.502024809859,0.0685101529843,0.0790002188387,0.0358177780104,0.0955847442401,0.059712553909,0.0670161249118,0.0316081765858,0.159023354565,0.147706422018,0.154632587859,0.158620689655,0.163870967742,0.160504201681,942,109,313,319,310,833
fixed_r8,eps1,7,0,1,retained,2.49626708193e-15,-8.87934805725,-1.35394306902,7686.45478174,2.11147675452,1,-0.0664208287318,114.587528883,5.01927135873,1.91057569389,1.12325676248,0.0423094148089,0.0428970756881,0.0416957867412,0.0423197492163,0.0429183467742,0.0422325180072,after_reset,3.6458126557,7782.55436347,0.0700846057122,1.04566200506,0.513780569759,0.0700846057122,0.081790942506,0.0372168829502,0.097391364279,0.0613737768079,0.0684047421903,0.0316081765858,0.166029723992,0.178899082569,0.164217252396,0.160501567398,0.173548387097,0.164345738295,942,109,313,319,310,833
fixed_r8,eps1,7,0,1,shared_reset,3.10862446895e-15,-6.30346196482e-07,-0.000372163055415,0.000598643516276,1.06198271375e-07,1,-4.06641387102e-06,60.8983905622,5.01927135873,1.9111550608,0.819252160855,0.00122329485138,0.0105361238532,0.00101088258786,0.00120003918495,0.00146169354839,4.6893757503e-06,after_reset,0.00103546295115,60.8982355922,0.00619960340128,0.0924980551331,0.513780569759,0.00619960340128,0.0182252829041,0.00375809291652,0.00816970845576,0.00581818255954,1.91484958988e-05,0.0316081765858,0.0052016985138,0.0449541284404,0.00607028753994,0.00344827586207,0.00612903225806,0,942,109,313,319,310,833
fixed_r8,eps1,7,0,1,local_reset,3.18278389755e-15,-2.44663419449,-1.49091913338,7686.31943927,0.899838326871,1,-0.0163000048723,49.0063753883,5.01927135873,1.91203669142,0.733929049403,0.0420730493631,0.0408543577982,0.0414087460064,0.0421850509404,0.0426285282258,0.0422325180072,after_reset,3.64577175202,7728.31794632,0.0698399698627,1.04201203927,0.513780569759,0.0698399698627,0.0799660816456,0.0370738328283,0.0970826448315,0.061116567383,0.0684041267936,0.0316081765858,0.165498938429,0.174311926606,0.16357827476,0.160501567398,0.172580645161,0.164345738295,942,109,313,319,310,833
fixed_r8,eps1,7,0,1,retained,3.13638004457e-15,-20.0067276398,-3.95851459574,8491.57081402,6.00394078679,4,-0.267982325475,345.064754803,5.06214847641,2.03063365522,1.89930869099,0.0418200968684,0.0442947247706,0.0420202675719,0.040446218652,0.0430317540323,0.0414962860144,after_reset,3.6402190977,8794.17306049,0.0745004775843,1.11154679372,0.557130669361,0.0745004775843,0.0874240283214,0.0403908497599,0.102366678754,0.0665991127235,0.0726394821989,0.0316081765858,0.164755838641,0.175229357798,0.164536741214,0.159247648903,0.17064516129,0.163385354142,942,109,313,319,310,833
fixed_r8,eps1,7,0,1,shared_reset,2.95076463264e-15,-8.25187039077e-06,-0.00476018547152,0.00698370206941,1.15956403884e-06,4,0.000101609479395,60.6664470005,5.05271722327,2.03381053352,0.795530378247,0.00131037685775,0.0111811926606,0.00121056309904,0.00126126567398,0.00146169354839,1.87575030012e-05,after_reset,0.00340363081228,60.6640982064,0.0061876740176,0.0923200687817,0.557130669361,0.0061876740176,0.0181892887005,0.00363768791721,0.00826579186879,0.00571631794392,6.90479662807e-05,0.0316081765858,0.00488322717622,0.0403669724771,0.00319488817891,0.00532915360502,0.00612903225806,0.000240096038415,942,109,313,319,310,833
fixed_r8,eps1,7,0,1,local_reset,2.63677968348e-15,-13.6454742944,-3.87803192384,8490.31121785,4.38839771412,4,-0.147889713402,252.526326535,5.10838088973,2.03194773167,1.62420990192,0.0414883558917,0.0414994266055,0.0415959464856,0.0403605015674,0.0425403225806,0.0414869072629,after_reset,3.63991902719,8711.88315023,0.0741510958599,1.10633401995,0.557130669361,0.0741510958599,0.0848584103556,0.0401890822268,0.101937370173,0.0662140060277,0.072633328636,0.0316081765858,0.163375796178,0.165137614679,0.162300319489,0.158307210031,0.169677419355,0.163145258103,942,109,313,319,310,833
fixed_r8,eps1,7,0,1,retained,3.01494940125e-15,-33.5369716314,-12.4463701124,9926.61955288,12.8764055838,10,-0.687509321086,823.356676807,5.44492937666,2.24693798301,2.79061685189,0.0395435244161,0.0404243119266,0.0374276158147,0.0418176920063,0.0393397177419,0.0394282713085,after_reset,3.62940961515,10669.5109331,0.0820604339499,1.22434130902,0.636326291754,0.0820604339499,0.0939698913807,0.0470625542402,0.110951088411,0.0745557406248,0.0803715908394,0.0316081765858,0.15923566879,0.17247706422,0.155591054313,0.154231974922,0.168064516129,0.1575030012,942,109,313,319,310,833
fixed_r8,eps1,7,0,1,shared_reset,3.83720832886e-15,-1.61581130962e-05,-0.0100090639568,0.016674988724,2.17105889577e-06,10,0.000151284736228,60.9768019032,5.43197506053,2.25301710963,0.758729846479,0.00107401141189,0.00878010321101,0.000923522364217,0.00122452978056,0.00107106854839,6.56512605042e-05,after_reset,0.00493594566905,60.9737311883,0.00620344503791,0.0925553723346,0.636326291754,0.00620344503791,0.0182331991812,0.003461070391,0.0083911023412,0.0056910573524,0.000128388148164,0.0316081765858,0.00403397027601,0.0339449541284,0.00415335463259,0.00344827586207,0.00451612903226,0.000120048019208,942,109,313,319,310,833
fixed_r8,eps1,7,0,1,local_reset,3.25434124093e-15,-27.4009148048,-12.0470830967,9924.02855322,10.9570071384,10,-0.582669809183,701.249733868,5.48440325315,2.24811332492,2.57549584724,0.0393154524947,0.0385966169725,0.0371280950479,0.041768710815,0.0389994959677,0.0394095138055,after_reset,3.62886464877,10556.1739588,0.0816234264796,1.21782115951,0.636326291754,0.0816234264796,0.0907257000534,0.0468219480295,0.110414564562,0.0740690229417,0.0803561240188,0.0316081765858,0.15838641189,0.165137614679,0.153993610224,0.153605015674,0.167741935484,0.1575030012,942,109,313,319,310,833
fixed_r8,eps1,7,1,0.25,retained,2.4841240176e-15,0,0,447.333976099,0,-1,0,0,5.01927135873,1.81955484457,0,0.0108437831741,0.0112452651515,0.0105705870607,0.0109472962382,0.0110131048387,0.0107966340451,pulse,0.919251555591,447.333976099,0.0168026389478,1,0.485595838041,0.0168026389478,0.0179855790561,0.00877307155101,0.0234803336304,0.0145900975473,0.0166582062066,0.0316081765858,0.0472399150743,0.0434343434343,0.0447284345048,0.0476489028213,0.0493548387097,0.0476868327402,942,99,313,319,310,843
fixed_r8,eps1,7,1,0.25,retained,2.74606726247e-15,0.0141141899185,-0.118754905039,464.824642366,0.00488028337744,0,-0.000218634578121,4.11768657169,5.4722333655,1.86487630966,0.214947817251,0.0104498407643,0.0116792929293,0.0100589057508,0.0108248432602,0.0104586693548,0.0103054567023,before_reset,0.918860356507,468.737490522,0.0171999188614,1.02364389992,0.499847030344,0.0171999188614,0.021323083678,0.00904089470316,0.0240297249724,0.0149078130498,0.0166488374934,0.0316081765858,0.0444798301486,0.0484848484848,0.0431309904153,0.0448275862069,0.0454838709677,0.044009489917,942,99,313,319,310,843
fixed_r8,eps1,7,1,0.25,retained,2.74606726247e-15,0.0141141899185,-0.118754905039,464.824642366,0.00488028337744,0,-0.000218634578121,4.11768657169,5.4722333655,1.86487630966,0.214947817251,0.0104498407643,0.0116792929293,0.0100589057508,0.0108248432602,0.0104586693548,0.0103054567023,after_reset,0.918860356507,468.737490522,0.0171999188614,1.02364389992,0.499847030344,0.0171999188614,0.021323083678,0.00904089470316,0.0240297249724,0.0149078130498,0.0166488374934,0.0316081765858,0.0444798301486,0.0484848484848,0.0431309904153,0.0448275862069,0.0454838709677,0.044009489917,942,99,313,319,310,843
fixed_r8,eps1,7,1,0.25,shared_reset,2.25167107182e-15,0,0,0,0,0,0,4.11768657169,5.4722333655,1.86487630966,0.214947817251,0.000331740976645,0.00315656565657,0.000237120607029,0.000416340125392,0.000340221774194,0,after_reset,0,4.11768657169,0.00161208596108,0.0959424270248,0.499847030344,0.00161208596108,0.0049727434042,0.000843435141561,0.00230817678334,0.00130247500253,0,0.0316081765858,0.00138004246285,0.0131313131313,0.000958466453674,0.00188087774295,0.00129032258065,0,942,99,313,319,310,843
fixed_r8,eps1,7,1,0.25,local_reset,2.56739074445e-15,0,0,464.824642366,0,0,0,0,5.46632493787,1.86488241612,0,0.0103751990446,0.0109690656566,0.0100339456869,0.0106901449843,0.0103956653226,0.0103054567023,after_reset,0.918860356507,464.824642366,0.0171279791171,1.01936244481,0.499847030344,0.0171279791171,0.0207647742185,0.00900386414604,0.0239238606671,0.0148538650061,0.0166488374934,0.0316081765858,0.044161358811,0.0454545454545,0.0431309904153,0.0445141065831,0.0448387096774,0.044009489917,942,99,313,319,310,843
fixed_r8,eps1,7,1,0.25,retained,2.85882428841e-15,-0.00704113776407,-0.171932711057,482.537835621,0.00970732893764,1,-0.000242624819299,8.29800144234,5.4722333655,1.90892351624,0.303166624119,0.0109515989915,0.0116003787879,0.0106953873802,0.0114248628527,0.0107232862903,0.0108754077699,after_reset,0.918409058662,490.487111445,0.017594436121,1.04712338197,0.512959443762,0.017594436121,0.0219523597225,0.00920560844617,0.0244577562394,0.0154778533544,0.017009548508,0.0316081765858,0.0470276008493,0.0494949494949,0.0504792332268,0.0448275862069,0.0458064516129,0.0467378410439,942,99,313,319,310,843
fixed_r8,eps1,7,1,0.25,shared_reset,2.35575448038e-15,-1.78462966584e-09,-8.84301044937e-05,6.41807717994e-05,6.87698055782e-10,1,7.76318680315e-07,4.11136893407,5.4722333655,1.90903287857,0.213344547359,0.000294420116773,0.0028014520202,0.00022464057508,0.000355113636364,0.000302419354839,0,after_reset,0.000342963203836,4.11125780439,0.0016108270292,0.0958675023727,0.512959443762,0.0016108270292,0.00496882713571,0.000837410190669,0.00231364817994,0.00129163261042,6.19522263829e-06,0.0316081765858,0.00138004246285,0.0131313131313,0.00127795527157,0.0012539184953,0.00161290322581,0,942,99,313,319,310,843
fixed_r8,eps1,7,1,0.25,local_reset,2.85882428841e-15,-0.022604607409,-0.0468821153227,482.522925529,0.00438203999891,1,0.00022493537288,3.73529544125,5.46632493787,1.90891630978,0.203540803201,0.0109142781316,0.0112847222222,0.0105955471246,0.0114615987461,0.0106728830645,0.0108707740214,after_reset,0.918394923158,486.124079436,0.0175160073898,1.0424557383,0.512959443762,0.0175160073898,0.0213490153725,0.00916832324298,0.0243439719078,0.0154143484532,0.0170092864084,0.0316081765858,0.0462845010616,0.0424242424242,0.0501597444089,0.0435736677116,0.0451612903226,0.0467378410439,942,99,313,319,310,843
fixed_r8,eps1,7,1,0.25,retained,2.61249355482e-15,-0.0740135406131,-0.607203132227,534.374015989,0.025437772508,4,-0.00135739736771,23.0927427161,5.4722333655,2.04156430205,0.49146437931,0.0102673832272,0.0115609217172,0.0100963458466,0.0104207484326,0.0102822580645,0.010115473013,after_reset,0.916926658143,556.127048337,0.0187347784666,1.114990242,0.556066403452,0.0187347784666,0.0229752640834,0.0101976158757,0.0257579764732,0.0166981836597,0.0181719733686,0.0316081765858,0.0464968152866,0.0414141414141,0.0479233226837,0.0498432601881,0.0416129032258,0.04709371293,942,99,313,319,310,843
fixed_r8,eps1,7,1,0.25,shared_reset,2.48238929412e-15,-3.22571040873e-08,-0.000133940954247,0.000494364814623,5.45012480199e-09,4,5.56503031298e-07,4.28846747068,5.4722333655,2.04196683895,0.211884817853,0.000311007165605,0.00284090909091,0.000212160543131,0.000379604231975,0.000340221774194,1.39012455516e-05,after_reset,0.000901336735881,4.28869500752,0.00164522058217,0.0979144161392,0.556066403452,0.00164522058217,0.00507468280085,0.000820150189455,0.00238947271084,0.00129249065604,1.7932002139e-05,0.0316081765858,0.00148619957537,0.0141414141414,0.000958466453674,0.00219435736677,0.00129032258065,0,942,99,313,319,310,843
fixed_r8,eps1,7,1,0.25,local_reset,2.91173335443e-15,-0.0921654035458,-0.489787625794,534.302952868,0.0186241833202,4,-0.000773757934719,16.9099401562,5.46632493787,2.04154836112,0.4204944722,0.0101388335987,0.0103377525253,0.0100339456869,0.0102738048589,0.0101058467742,0.010115473013,after_reset,0.916865531194,550.066063633,0.0186324077136,1.10889770181,0.556066403452,0.0186324077136,0.0221782307551,0.0101557117487,0.0256036278804,0.0166199948733,0.0181706499943,0.0316081765858,0.0464968152866,0.040404040404,0.0482428115016,0.0495297805643,0.0416129032258,0.0472123368921,942,99,313,319,310,843
fixed_r8,eps1,7,1,0.25,retained,3.52842755014e-15,-0.152595903805,-1.33183655411,621.721244216,0.0561060269645,10,-0.0130787129716,56.1536807818,5.4722333655,2.25237709035,0.730742788662,0.00998955015924,0.0108901515152,0.0102211461661,0.0100044083072,0.0097404233871,0.00988378558719,after_reset,0.914244691566,674.936008683,0.0206391996588,1.22833084273,0.633224836627,0.0206391996588,0.0248093650061,0.011726830893,0.0278646379209,0.0188835886208,0.0200927554716,0.0316081765858,0.0493630573248,0.0464646464646,0.0549520766773,0.0420062695925,0.0512903225806,0.0497034400949,942,99,313,319,310,843
fixed_r8,eps1,7,1,0.25,shared_reset,3.2352592827e-15,-7.61436458043e-08,-0.00033605224394,0.00151102640606,1.55276946574e-08,10,2.64235219283e-06,4.52038225628,5.4722333655,2.25315029418,0.207372607707,0.000315153927813,0.00291982323232,0.000237120607029,0.000428585423197,0.000277217741935,9.2674970344e-06,after_reset,0.00151101837229,4.52122632614,0.00168923346578,0.100533819183,0.633224836627,0.00168923346578,0.00520962958233,0.000767741523711,0.00251616834202,0.00124937865386,3.64878809355e-05,0.0316081765858,0.00127388535032,0.0121212121212,0.00159744408946,0.0012539184953,0.000967741935484,0,942,99,313,319,310,843
fixed_r8,eps1,7,1,0.25,local_reset,3.67934849255e-15,-0.168605405456,-1.2239759737,621.549375429,0.0472659401859,10,-0.0108765878703,47.3110807193,5.46632493787,2.25235287816,0.670644548289,0.00993149548832,0.0102588383838,0.0101587460064,0.0099921630094,0.00963961693548,0.00989305308422,after_reset,0.914105201318,666.100806154,0.0205036666529,1.22026466893,0.633224836627,0.0205036666529,0.0237444571158,0.0116751452089,0.0276584141688,0.018778958053,0.020088800519,0.0316081765858,0.0491507430998,0.0444444444444,0.0546325878594,0.0413793103448,0.0516129032258,0.0497034400949,942,99,313,319,310,843
fixed_r8,eps1,7,1,1,retained,2.69229083472e-15,0,0,7157.34368763,0,-1,0,0,5.01927135873,1.81955484457,0,0.0442957139066,0.0450599747475,0.0436052316294,0.0446463557994,0.0446320564516,0.0442059608541,pulse,3.67700622619,7157.34368763,0.0672105561201,1,0.485595838041,0.0672105561201,0.0719423165402,0.0350922864195,0.0939213349221,0.0583603905463,0.0666328251571,0.0316081765858,0.16178343949,0.156565656566,0.157188498403,0.162382445141,0.165806451613,0.162396204033,942,99,313,319,310,843
fixed_r8,eps1,7,1,1,retained,4.24877147354e-15,-0.397655649709,-2.00398408415,7437.18405023,1.26770996439,0,-0.0174425901316,66.8023728465,5.4917676476,1.8646393209,0.865986269108,0.0431636478238,0.0459674873737,0.0423447484026,0.043911637931,0.043220766129,0.042834371293,before_reset,3.6754406752,7500.41596839,0.0688025013869,1.023685941,0.499847030344,0.0688025013869,0.0853143178315,0.0361455863445,0.0961436971248,0.0596110348402,0.0665953054942,0.0316081765858,0.157855626327,0.170707070707,0.156549520767,0.157053291536,0.16,0.156346381969,942,99,313,319,310,843
fixed_r8,eps1,7,1,1,retained,4.24877147354e-15,-0.397655649709,-2.00398408415,7437.18405023,1.26770996439,0,-0.0174425901316,66.8023728465,5.4917676476,1.8646393209,0.865986269108,0.0431636478238,0.0459674873737,0.0423447484026,0.043911637931,0.043220766129,0.042834371293,after_reset,3.6754406752,7500.41596839,0.0688025013869,1.023685941,0.499847030344,0.0688025013869,0.0853143178315,0.0361455863445,0.0961436971248,0.0596110348402,0.0665953054942,0.0316081765858,0.157855626327,0.170707070707,0.156549520767,0.157053291536,0.16,0.156346381969,942,99,313,319,310,843
fixed_r8,eps1,7,1,1,shared_reset,2.42861286637e-15,0,0,0,0,0,0,66.8023728465,5.4917676476,1.8646393209,0.865986269108,0.00134769771762,0.0128235479798,0.000948482428115,0.00170209639498,0.00138608870968,0,after_reset,0,66.8023728465,0.00649318082403,0.0966095387222,0.499847030344,0.00649318082403,0.0200292806305,0.00341239636848,0.00929382598334,0.00524177832309,0,0.0316081765858,0.00552016985138,0.0525252525253,0.00511182108626,0.00595611285266,0.00548387096774,0,942,99,313,319,310,843
fixed_r8,eps1,7,1,1,local_reset,4.09394740331e-15,0,0,7437.18405023,0,0,0,0,5.46632493787,1.86488241612,0,0.0428816679936,0.0432844065657,0.0422948282748,0.0434830525078,0.0428553427419,0.042834371293,after_reset,3.6754406752,7437.18405023,0.0685118693597,1.01936173891,0.499847030344,0.0685118693597,0.0830590308076,0.0360153762988,0.0956953910554,0.0594154296376,0.0665953054942,0.0316081765858,0.157112526539,0.163636363636,0.155910543131,0.155799373041,0.159677419355,0.156346381969,942,99,313,319,310,843
fixed_r8,eps1,7,1,1,retained,2.56392129749e-15,-3.44495950215,-2.92993266472,7720.64706174,2.51253521436,1,-0.0159946384,134.185429743,5.4917676476,1.9081080193,1.21937489731,0.0432465830679,0.045533459596,0.0423073083067,0.0437769396552,0.0436491935484,0.042978017497,after_reset,3.67364522948,7844.56325309,0.0703632575578,1.04690783144,0.512959443762,0.0703632575578,0.0877855318362,0.0367932235926,0.0978386682727,0.061866466077,0.0680250725613,0.0316081765858,0.16135881104,0.160606060606,0.158146964856,0.159247648903,0.166774193548,0.161447212337,942,99,313,319,310,843
fixed_r8,eps1,7,1,1,shared_reset,2.72351585728e-15,-2.91898491783e-07,-0.00155389544084,0.0010444165717,1.83878081951e-07,1,5.25992394244e-05,66.6952258074,5.4917676476,1.90884100852,0.859542087471,0.00130623009554,0.0122316919192,0.00102336261981,0.00149392633229,0.00139868951613,2.3168742586e-05,after_reset,0.00138474934796,66.6932672317,0.00648787613229,0.0965306122552,0.512959443762,0.00648787613229,0.0200127846908,0.00338440679418,0.00931735965056,0.00519695759916,2.49797490337e-05,0.0316081765858,0.00488322717622,0.0464646464646,0.00479233226837,0.00438871473354,0.00548387096774,0,942,99,313,319,310,843
fixed_r8,eps1,7,1,1,local_reset,2.67190783387e-15,-3.13020817356,-0.831884778072,7720.39762321,1.12811797847,1,0.0167083615104,60.1024874928,5.46632493787,1.90828297933,0.816560604611,0.0429728967622,0.0428898358586,0.0422573881789,0.0433973354232,0.0432585685484,0.0429826512456,after_reset,3.67358631383,7773.7374595,0.0700448948202,1.04217103478,0.512959443762,0.0700448948202,0.085335998633,0.0366601404465,0.0973564915377,0.0616307402819,0.0680239786932,0.0316081765858,0.160191082803,0.149494949495,0.156869009585,0.156426332288,0.167419354839,0.161447212337,942,99,313,319,310,843
fixed_r8,eps1,7,1,1,retained,2.77035339113e-15,-12.9310281686,-10.2451028078,8550.3518036,6.58016877897,4,-0.074711148226,373.302569753,5.4917676476,2.03893903617,1.97624755918,0.0406424164013,0.0434422348485,0.0406225039936,0.041144200627,0.0401461693548,0.0403136120996,after_reset,3.66775955519,8883.73285788,0.0748788728043,1.11409393296,0.556066403452,0.0748788728043,0.0918763949008,0.0407210254129,0.103002190194,0.066677278185,0.0726221523905,0.0316081765858,0.162526539278,0.148484848485,0.169329073482,0.159561128527,0.158709677419,0.164175563464,942,99,313,319,310,843
fixed_r8,eps1,7,1,1,shared_reset,3.62730678827e-15,-2.99279298923e-06,-0.00227650505407,0.00774060874657,1.35566981497e-06,4,2.58721417388e-05,69.3309976003,5.4917676476,2.04179710713,0.852369219735,0.00125646894904,0.0114820075758,0.000798722044728,0.00153066222571,0.00143649193548,5.56049822064e-05,after_reset,0.00356934601784,69.3342323133,0.00661508468818,0.0984232994049,0.556066403452,0.00661508468818,0.0204042588261,0.00331071167607,0.00960205637571,0.00519892453637,7.10817162973e-05,0.0316081765858,0.00392781316348,0.0363636363636,0.00255591054313,0.00595611285266,0.00322580645161,0.00011862396204,942,99,313,319,310,843
fixed_r8,eps1,7,1,1,local_reset,2.49193027324e-15,-12.7505083486,-8.25712831514,8549.20077892,4.82980193374,4,-0.02698025403,274.133315578,5.46632493787,2.03905182834,1.69307951239,0.0403106754246,0.0402462121212,0.0405476238019,0.0404584639498,0.0399193548387,0.0403182458482,after_reset,3.66751321496,8786.0946626,0.0744662513543,1.10795469719,0.556066403452,0.0744662513543,0.0886647955256,0.04056688849,0.102364359106,0.0663780672909,0.072616875401,0.0316081765858,0.161995753715,0.143434343434,0.1696485623,0.158620689655,0.157741935484,0.164175563464,942,99,313,319,310,843
fixed_r8,eps1,7,1,1,retained,2.94209101526e-15,-27.216903418,-21.6994196481,9948.70519408,14.4768846424,10,-0.803160066793,905.644049468,5.4917676476,2.24715891338,2.93470372673,0.0390293259023,0.0411142676768,0.0383760982428,0.0394176136364,0.0392893145161,0.038784475089,after_reset,3.65712381044,10769.3871619,0.0824436190723,1.22664688155,0.633224836627,0.0824436190723,0.0990807553151,0.0467730774615,0.111394609434,0.075339585613,0.0802638338948,0.0316081765858,0.164543524416,0.161616161616,0.176038338658,0.146081504702,0.171935483871,0.164887307236,942,99,313,319,310,843
fixed_r8,eps1,7,1,1,shared_reset,3.24046345312e-15,-8.02955150852e-06,-0.00545484411175,0.0243874939607,3.90442740671e-06,10,0.000164617823674,72.8991605211,5.4917676476,2.25301055,0.833277896625,0.00114865313163,0.0104955808081,0.000873602236422,0.00153066222571,0.00103326612903,5.09712336892e-05,after_reset,0.00605046971397,72.9129554078,0.00678365736199,0.100931427347,0.633224836627,0.00678365736199,0.0209209011417,0.00309870225255,0.0100972936556,0.00502246484741,0.000147080861472,0.0316081765858,0.00445859872611,0.0383838383838,0.0038338658147,0.00595611285266,0.00354838709677,0.000474495848161,942,99,313,319,310,843
fixed_r8,eps1,7,1,1,local_reset,3.65506236388e-15,-26.8949116854,-19.9090115507,9945.8810231,12.2256302939,10,-0.642986660789,765.060982262,5.46632493787,2.24719231765,2.69666418476,0.0387473460722,0.0383522727273,0.0382512979233,0.0389890282132,0.0389994959677,0.038793742586,after_reset,3.65655377121,10628.2738159,0.081901700725,1.21858388701,0.633224836627,0.081901700725,0.0948206705285,0.0465728993691,0.110564407995,0.0749260136188,0.0802481770876,0.0316081765858,0.163269639066,0.150505050505,0.176357827476,0.144827586207,0.169032258065,0.164768683274,942,99,313,319,310,843
fixed_r8,eps1,99,0,0.25,retained,2.51881848712e-15,0,0,499.813739009,0,-1,0,0,5.06222840023,1.94654416233,0,0.0109391587049,0.0108924278846,0.0104582667732,0.010898315047,0.011466733871,0.0109449582339,pulse,0.911763967859,499.813739009,0.0177609277601,1,0.513628034159,0.0177609277601,0.017686299581,0.0087031082683,0.0247408115262,0.0158810241406,0.0177701676297,0.0316081765858,0.0453290870488,0.0432692307692,0.0431309904153,0.0495297805643,0.0432258064516,0.045584725537,942,104,313,319,310,838
fixed_r8,eps1,99,0,0.25,retained,2.64371857739e-15,-0.00383328562009,-0.0987844211423,517.83560687,0.00389006192599,0,0.000990933388954,3.28259952047,5.32407594465,1.99318554431,0.193016584117,0.0109598925159,0.0100285456731,0.0109325079872,0.0104085031348,0.0115549395161,0.011075477327,before_reset,0.911218011121,520.918842906,0.0181320365772,1.02089467522,0.529077576307,0.0181320365772,0.0209372600444,0.00901127784465,0.02512648689,0.0163517679984,0.0177530018861,0.0316081765858,0.0440552016985,0.0346153846154,0.0380191693291,0.0514106583072,0.0425806451613,0.0452267303103,942,104,313,319,310,838
fixed_r8,eps1,99,0,0.25,retained,2.64371857739e-15,-0.00383328562009,-0.0987844211423,517.83560687,0.00389006192599,0,0.000990933388954,3.28259952047,5.32407594465,1.99318554431,0.193016584117,0.0109598925159,0.0100285456731,0.0109325079872,0.0104085031348,0.0115549395161,0.011075477327,after_reset,0.911218011121,520.918842906,0.0181320365772,1.02089467522,0.529077576307,0.0181320365772,0.0209372600444,0.00901127784465,0.02512648689,0.0163517679984,0.0177530018861,0.0316081765858,0.0440552016985,0.0346153846154,0.0380191693291,0.0514106583072,0.0425806451613,0.0452267303103,942,104,313,319,310,838
fixed_r8,eps1,99,0,0.25,shared_reset,2.04176953122e-15,0,0,0,0,0,0,3.28259952047,5.32407594465,1.99318554431,0.193016584117,0.000277833067941,0.00251652644231,0.000312000798722,0.000159188871473,0.000365423387097,0,after_reset,0,3.28259952047,0.00143936356054,0.0810410120451,0.529077576307,0.00143936356054,0.00433190860712,0.000875498621896,0.00175203497574,0.00153715305802,0,0.0316081765858,0.00106157112527,0.00961538461538,0.00127795527157,0.000626959247649,0.00129032258065,0,942,104,313,319,310,838
fixed_r8,eps1,99,0,0.25,local_reset,3.06005221162e-15,0,0,517.83560687,0,0,0,0,5.32361443119,1.99320670412,0,0.0109267184183,0.00972806490385,0.0108950678914,0.0104329937304,0.011466733871,0.011075477327,after_reset,0.911218011121,517.83560687,0.0180782966148,1.01786893449,0.529077576307,0.0180782966148,0.0205120236642,0.00897581561236,0.0250682743056,0.0162824444564,0.0177530018861,0.0316081765858,0.0442675159236,0.0365384615385,0.038338658147,0.051724137931,0.0425806451613,0.0452267303103,942,104,313,319,310,838
fixed_r8,eps1,99,0,0.25,retained,2.83410447888e-15,-0.0293303501134,-0.148723889191,532.150052369,0.00676100454921,1,0.00136252429763,5.84073002528,5.32407594465,2.02601892689,0.25460428554,0.0104539875265,0.0107046274038,0.0104832268371,0.0104942202194,0.0103830645161,0.0104228818616,after_reset,0.910875017258,537.644159968,0.0184208225619,1.03715429795,0.542548687653,0.0184208225619,0.0212782552585,0.00923860423618,0.0255077604997,0.0165952397251,0.0180346485589,0.0316081765858,0.046178343949,0.0442307692308,0.0453674121406,0.0498432601881,0.0432258064516,0.0464200477327,942,104,313,319,310,838
fixed_r8,eps1,99,0,0.25,shared_reset,2.80504786065e-15,3.68942006413e-09,-4.15362076638e-05,5.0122780647e-05,5.8164421814e-10,1,3.09151458704e-07,3.31608582352,5.32407594465,2.02608183289,0.192284840006,0.000281979830149,0.00255408653846,0.000299520766773,0.000208170062696,0.000340221774194,0,after_reset,0.000311316715814,3.31605350015,0.00144667946614,0.0814529221491,0.542548687653,0.00144667946614,0.00435389846081,0.000864676261723,0.00176298693411,0.00155125753427,5.51025436952e-06,0.0316081765858,0.000743099787686,0.00673076923077,0.000319488817891,0.0012539184953,0.000645161290323,0,942,104,313,319,310,838
fixed_r8,eps1,99,0,0.25,local_reset,2.63677968348e-15,-0.0260419026702,-0.0578043002027,532.139690638,0.00256058464885,1,0.0004489952965,2.23350979902,5.32361443119,2.02603502828,0.156694557411,0.0104249601911,0.0104417067308,0.0103833865815,0.0105064655172,0.0103830645161,0.0104228818616,after_reset,0.910863141198,534.208966607,0.0183618797757,1.03383562074,0.542548687653,0.0183618797757,0.0208128821053,0.00919953277731,0.0254464704717,0.0165152917423,0.0180344776546,0.0316081765858,0.046178343949,0.0442307692308,0.0447284345048,0.0498432601881,0.0438709677419,0.0464200477327,942,104,313,319,310,838
fixed_r8,eps1,99,0,0.25,retained,3.14678838542e-15,-0.0686705843787,-0.450546499095,586.210385682,0.0190661698712,4,0.00496918490761,17.4812247235,5.32407594465,2.15482455945,0.42818503628,0.0106696191614,0.0107797475962,0.0106454672524,0.0106044278997,0.0107610887097,0.0106559516706,after_reset,0.909387665731,602.682180778,0.019503193446,1.098095421,0.584522200663,0.019503193446,0.0223364502219,0.0101024090835,0.0267572491396,0.0177782301846,0.0191223126722,0.0316081765858,0.046178343949,0.0451923076923,0.0456869009585,0.0429467084639,0.05,0.0463007159905,942,104,313,319,310,838
fixed_r8,eps1,99,0,0.25,shared_reset,3.5527136788e-15,3.13018426755e-09,-0.000216940722876,0.000305683269811,2.74285119797e-09,4,1.24108176886e-06,3.34494052524,5.32407594465,2.15495546306,0.188362105774,0.000273686305732,0.00247896634615,0.000274560702875,0.000257151253918,0.000289818548387,0,after_reset,0.000708897241435,3.34481481823,0.00145293970535,0.0818053946829,0.584522200663,0.00145293970535,0.00437257847762,0.00081387680304,0.00179642507545,0.00155729854826,1.4318373605e-05,0.0316081765858,0.00127388535032,0.0115384615385,0.000958466453674,0.0012539184953,0.00161290322581,0,942,104,313,319,310,838
fixed_r8,eps1,99,0,0.25,local_reset,2.99066327258e-15,-0.0666671724028,-0.351400104452,586.150258866,0.0139359720291,4,0.00354740330178,12.8276012125,5.32361443119,2.15481774898,0.366054071478,0.0106115644904,0.0102914663462,0.0106080271565,0.0106044278997,0.0106224798387,0.0106512902745,after_reset,0.909335748971,598.162756303,0.0194299300592,1.09397044578,0.584522200663,0.0194299300592,0.0217578672981,0.0100514730665,0.0266790145446,0.0176843536837,0.0191212622488,0.0316081765858,0.0463906581741,0.0471153846154,0.0456869009585,0.0429467084639,0.0506451612903,0.0463007159905,942,104,313,319,310,838
fixed_r8,eps1,99,0,0.25,retained,3.50067197452e-15,-0.162651755573,-0.952524517334,673.073400967,0.0440352568452,10,0.00472564761249,45.3336978311,5.3431213614,2.36590322345,0.653656446226,0.0102590897028,0.00969050480769,0.010008985623,0.0102615595611,0.0105090725806,0.0103296539379,after_reset,0.906622266645,716.230232805,0.02126120512,1.19707739411,0.666563742383,0.02126120512,0.0239778450061,0.011757260253,0.0285279288812,0.0199141527553,0.0208994392171,0.0316081765858,0.03991507431,0.0307692307692,0.0396166134185,0.0426332288401,0.0374193548387,0.0410501193317,942,104,313,319,310,838
fixed_r8,eps1,99,0,0.25,shared_reset,3.54273901881e-15,3.55130915921e-08,-0.000697543026731,0.00107389475027,8.13678897479e-09,10,2.04722808447e-06,3.41618946853,5.34149633615,2.36628633219,0.180546184772,0.000211484872611,0.00187800480769,0.000199680511182,0.000232660658307,0.000201612903226,4.66139618138e-06,after_reset,0.00124654141694,3.41587245085,0.00146829180791,0.0826697697181,0.666563742383,0.00146829180791,0.0044181314149,0.000804254505177,0.00185768362628,0.00153193753121,3.0345742788e-05,0.0316081765858,0.00106157112527,0.00961538461538,0.00127795527157,0.000626959247649,0.00129032258065,0,942,104,313,319,310,838
fixed_r8,eps1,99,0,0.25,local_reset,3.27342319917e-15,-0.16129893439,-0.865817635296,672.922131953,0.0376820201324,10,0.00350227699775,38.8908068886,5.34312036105,2.36588946847,0.604778727597,0.0101927415074,0.00912710336538,0.00998402555911,0.0101391065831,0.0104586693548,0.0103249925418,after_reset,0.906515051443,709.803392277,0.0211656001877,1.1916945147,0.666563742383,0.0211656001877,0.0232206458716,0.0117018595155,0.0284254824756,0.0197879793201,0.0208964661582,0.0316081765858,0.0395966029724,0.0278846153846,0.0392971246006,0.0420062695925,0.0374193548387,0.0410501193317,942,104,313,319,310,838
fixed_r8,eps1,99,0,1,retained,2.8449465006e-15,0,0,7997.01967142,0,-1,0,0,5.06222840023,1.94654416233,0,0.0429770435244,0.0432316706731,0.0424945087859,0.0415972766458,0.0448840725806,0.0429454430191,pulse,3.64705584933,7997.01967142,0.0710437103622,1,0.513628034159,0.0710437103622,0.0707451975149,0.0348124326656,0.0989632452651,0.063524095829,0.0710806698565,0.0316081765858,0.155095541401,0.15,0.155591054313,0.161755485893,0.147741935484,0.155727923628,942,104,313,319,310,838
fixed_r8,eps1,99,0,1,retained,3.1988300897e-15,-1.97386910398,-1.72139446559,8285.43389647,0.998048563401,0,0.0594052518144,52.6127022554,5.32298688995,1.99279432017,0.77288908191,0.0433004909766,0.0439077524038,0.043942192492,0.0424299568966,0.0435483870968,0.04322512679,before_reset,3.64487948677,8331.77293066,0.0725154031177,1.02071531383,0.529077576307,0.0725154031177,0.0836471807148,0.0360274385232,0.100498179832,0.0653862469858,0.0710122779043,0.0316081765858,0.16008492569,0.155769230769,0.158466453674,0.169278996865,0.152258064516,0.16062052506,942,104,313,319,310,838
fixed_r8,eps1,99,0,1,retained,3.1988300897e-15,-1.97386910398,-1.72139446559,8285.43389647,0.998048563401,0,0.0594052518144,52.6127022554,5.32298688995,1.99279432017,0.77288908191,0.0433004909766,0.0439077524038,0.043942192492,0.0424299568966,0.0435483870968,0.04322512679,after_reset,3.64487948677,8331.77293066,0.0725154031177,1.02071531383,0.529077576307,0.0725154031177,0.0836471807148,0.0360274385232,0.100498179832,0.0653862469858,0.0710122779043,0.0316081765858,0.16008492569,0.155769230769,0.158466453674,0.169278996865,0.152258064516,0.16062052506,942,104,313,319,310,838
fixed_r8,eps1,99,0,1,shared_reset,2.8380076067e-15,0,0,0,0,0,0,52.6127022554,5.32298688995,1.99279432017,0.77288908191,0.00110303874735,0.00999098557692,0.00116064297125,0.000942887931034,0.00120967741935,0,after_reset,0,52.6127022554,0.00576244584585,0.0811112738408,0.529077576307,0.00576244584585,0.0173426571591,0.0035186068418,0.00700742336064,0.00615408348564,0,0.0316081765858,0.00403397027601,0.0365384615385,0.00511182108626,0.00313479623824,0.00387096774194,0,942,104,313,319,310,838
fixed_r8,eps1,99,0,1,local_reset,2.88657986403e-15,0,0,8285.43389647,0,0,0,0,5.32361443119,1.99320670412,0,0.04296875,0.0409029447115,0.0434929113419,0.0422095415361,0.043220766129,0.04322512679,after_reset,3.64487948677,8285.43389647,0.0723134665631,1.01787288691,0.529077576307,0.0723134665631,0.0820484452725,0.0359034344745,0.100273458742,0.0651300543581,0.0710122779043,0.0316081765858,0.159766454352,0.152884615385,0.157188498403,0.169592476489,0.152258064516,0.16062052506,942,104,313,319,310,838
fixed_r8,eps1,99,0,1,retained,3.60822483003e-15,-4.70708774979,-2.54900146787,8514.58337657,1.74452663474,1,0.0811467654849,94.1757763092,5.32298688995,2.02524804451,1.02231338608,0.0423094148089,0.0437199519231,0.0429562699681,0.0417932014107,0.0421875,0.0421343600835,after_reset,3.64351848552,8596.15379461,0.073656934697,1.0367833313,0.542548687653,0.073656934697,0.0849819052347,0.0369255204359,0.102005179786,0.0663492068256,0.0721275219541,0.0316081765858,0.159766454352,0.167307692308,0.164217252396,0.15736677116,0.157741935484,0.158830548926,942,104,313,319,310,838
fixed_r8,eps1,99,0,1,shared_reset,2.8380076067e-15,2.9005417171e-08,-0.000731427882139,0.000800786204948,1.48670839399e-07,1,2.42616952625e-05,53.1489185507,5.32298688995,2.02570851456,0.769862545987,0.00115279989384,0.0104417067308,0.00134784345048,0.000820434952978,0.00129788306452,0,after_reset,0.00124525993683,53.1483052112,0.00579170273342,0.0815230891503,0.542548687653,0.00579170273342,0.0174305966009,0.00347678398952,0.00705297611465,0.00620775787947,2.20214249014e-05,0.0316081765858,0.00467091295117,0.0423076923077,0.00415335463259,0.00501567398119,0.00483870967742,0,942,104,313,319,310,838
fixed_r8,eps1,99,0,1,local_reset,2.93688684483e-15,-2.76676677341,-0.962348099044,8514.41101797,0.668387971756,1,0.0268472833043,36.4310430857,5.32361443119,2.0256302907,0.632788216395,0.0421435443206,0.0422175480769,0.0429313099042,0.0416095219436,0.0418976814516,0.0421343600835,after_reset,3.64347126886,8544.10591385,0.0734336076067,1.03363981459,0.542548687653,0.0734336076067,0.0832178393223,0.0367854475904,0.101767951486,0.0660497295227,0.0721268135301,0.0316081765858,0.159341825902,0.164423076923,0.16357827476,0.157053291536,0.157419354839,0.158711217184,942,104,313,319,310,838
fixed_r8,eps1,99,0,1,retained,2.90739654574e-15,-11.8465911986,-7.52704596699,9380.08192531,4.91955282892,4,0.317191833328,281.746335746,5.32298688995,2.15307757507,1.7190783863,0.0420896364119,0.0431941105769,0.0428813897764,0.0411197100313,0.0422883064516,0.0419525656325,after_reset,3.63760265095,9628.63492322,0.0779549887285,1.0972820582,0.584522200663,0.0779549887285,0.0891593458326,0.040349555302,0.106980372927,0.0710300490959,0.0764500161274,0.0316081765858,0.154989384289,0.1625,0.161980830671,0.152037617555,0.150967741935,0.154057279236,942,104,313,319,310,838
fixed_r8,eps1,99,0,1,shared_reset,4.10782519111e-15,-9.40715467509e-07,-0.00381132718013,0.00502155128201,7.13071730599e-07,4,8.68613108813e-05,53.5414727945,5.32298688995,2.15465820882,0.753771613765,0.00104498407643,0.00939002403846,0.0010732827476,0.000734717868339,0.00133568548387,9.32279236277e-06,after_reset,0.00285632598616,53.5390442457,0.0058129536477,0.0818222136494,0.584522200663,0.0058129536477,0.0174938926858,0.0032704311648,0.0071840254471,0.00622667624911,5.79266712502e-05,0.0316081765858,0.00477707006369,0.0432692307692,0.00543130990415,0.00376175548589,0.00516129032258,0,942,104,313,319,310,838
fixed_r8,eps1,99,0,1,local_reset,3.22138149489e-15,-9.98162195877,-5.80520846883,9379.06142189,3.60188226292,4,0.229857286987,207.090278271,5.32361443119,2.15334000222,1.47082088123,0.0418947385881,0.04150390625,0.0426941892971,0.0410707288401,0.041935483871,0.0419432428401,after_reset,3.63739173663,9558.63963614,0.0776711253081,1.09328644172,0.584522200663,0.0776711253081,0.0869176204293,0.0401577607825,0.10667381316,0.0706683645389,0.0764456155181,0.0316081765858,0.154352441614,0.156730769231,0.161980830671,0.150156739812,0.150967741935,0.154057279236,942,104,313,319,310,838
fixed_r8,eps1,99,0,1,retained,3.79384024196e-15,-26.401495903,-15.6184565875,10771.0341128,11.3707076583,10,0.318773271269,731.655180903,5.3471975325,2.36197792398,2.62553633061,0.0411856422505,0.0416541466346,0.0416708266773,0.0407523510972,0.0411416330645,0.0411274985084,after_reset,3.6265990234,11430.6576429,0.0849370477398,1.19556041354,0.666563742383,0.0849370477398,0.095663783267,0.0469225643914,0.114028580709,0.0794929292675,0.0835097523179,0.0316081765858,0.146815286624,0.144230769231,0.14249201278,0.154231974922,0.143548387097,0.147136038186,942,104,313,319,310,838
fixed_r8,eps1,99,0,1,shared_reset,3.25173915572e-15,-1.20915441148e-06,-0.0121168141265,0.0174833717946,2.10170866326e-06,10,0.000156248411872,54.6991879516,5.34149950004,2.36602740768,0.722535685107,0.00087911358811,0.00758713942308,0.000886082268371,0.000783699059561,0.000970262096774,4.66139618138e-05,after_reset,0.00500251749855,54.6927498753,0.00587525110294,0.0826991027494,0.666563742383,0.00587525110294,0.0176787526981,0.00322260652445,0.00743246556605,0.00612869510179,0.000122207512223,0.0316081765858,0.00371549893843,0.0288461538462,0.0038338658147,0.00282131661442,0.00451612903226,0.000596658711217,942,104,313,319,310,838
fixed_r8,eps1,99,0,1,local_reset,3.04617442382e-15,-24.578659969,-14.1285815124,10768.4615291,9.73794101822,10,0.243953503523,628.212582128,5.34719645185,2.36217502935,2.43018707336,0.0409700106157,0.0398888221154,0.0414461861022,0.0406421434169,0.0408266129032,0.0411041915274,after_reset,3.62616328512,11329.4854763,0.0845603255658,1.19025773196,0.666563742383,0.0845603255658,0.0926804876567,0.0467093027492,0.113621363686,0.0789977812024,0.083497507338,0.0316081765858,0.146178343949,0.138461538462,0.141214057508,0.154231974922,0.142903225806,0.147136038186,942,104,313,319,310,838
fixed_r8,eps1,99,1,0.25,retained,2.89698820488e-15,0,0,492.641082095,0,-1,0,0,5.06222840023,1.94654416233,0,0.0107442608811,0.0102290783898,0.0103584265176,0.010775862069,0.0111013104839,0.0108180370146,pulse,0.911603510247,492.641082095,0.0176330267202,1,0.513628034159,0.0176330267202,0.0184334287761,0.00868418887247,0.0244984804015,0.0158449264416,0.0175154123435,0.0316081765858,0.0427813163482,0.0406779661017,0.0399361022364,0.0451410658307,0.0432258064516,0.0430825242718,942,118,313,319,310,824
fixed_r8,eps1,99,1,0.25,retained,3.03576608296e-15,-0.0221814991015,-0.0037680427042,514.275022933,0.00390962159323,0,-0.00109911480478,3.37389374172,5.11479767973,1.99837046401,0.19380391561,0.0108230493631,0.0112552966102,0.0105705870607,0.0109717868339,0.0109248991935,0.0107611498786,before_reset,0.911016766371,517.598728983,0.0180741612884,1.02501751828,0.531037180662,0.0180741612884,0.0216802084158,0.00894884897854,0.0250464143109,0.0163180593556,0.0174970326526,0.0316081765858,0.045966029724,0.0466101694915,0.044089456869,0.0432601880878,0.0506451612903,0.0458737864078,942,118,313,319,310,824
fixed_r8,eps1,99,1,0.25,retained,3.03576608296e-15,-0.0221814991015,-0.0037680427042,514.275022933,0.00390962159323,0,-0.00109911480478,3.37389374172,5.11479767973,1.99837046401,0.19380391561,0.0108230493631,0.0112552966102,0.0105705870607,0.0109717868339,0.0109248991935,0.0107611498786,after_reset,0.911016766371,517.598728983,0.0180741612884,1.02501751828,0.531037180662,0.0180741612884,0.0216802084158,0.00894884897854,0.0250464143109,0.0163180593556,0.0174970326526,0.0316081765858,0.045966029724,0.0466101694915,0.044089456869,0.0432601880878,0.0506451612903,0.0458737864078,942,118,313,319,310,824
fixed_r8,eps1,99,1,0.25,shared_reset,3.33934269126e-15,0,0,0,0,0,0,3.37389374172,5.11479767973,1.99837046401,0.19380391561,0.000327594214437,0.00261520127119,0.000424321086262,0.000342868338558,0.000214213709677,0,after_reset,0,3.37389374172,0.00145924177205,0.082756170861,0.531037180662,0.00145924177205,0.00412298448905,0.000914823546647,0.00186425376935,0.001431518177,0,0.0316081765858,0.00138004246285,0.0110169491525,0.000958466453674,0.0012539184953,0.00193548387097,0,942,118,313,319,310,824
fixed_r8,eps1,99,1,0.25,local_reset,2.8449465006e-15,0,0,514.275022933,0,0,0,0,5.10171871377,1.99845013536,0,0.0107857285032,0.0109573622881,0.0106080271565,0.0109105603448,0.0108366935484,0.0107611498786,after_reset,0.911016766371,514.275022933,0.0180160371614,1.02172119667,0.531037180662,0.0180160371614,0.0212904979075,0.0089051903871,0.0249778688682,0.0162548527391,0.0174970326526,0.0316081765858,0.0456475583864,0.0440677966102,0.0434504792332,0.0429467084639,0.0506451612903,0.0458737864078,942,118,313,319,310,824
fixed_r8,eps1,99,1,0.25,retained,2.93515212135e-15,-0.0463021166045,-0.0327676788276,532.095171691,0.00758941864268,1,-0.0016569036705,6.69784979574,5.11479767973,2.04405934278,0.270149036192,0.0107110867834,0.0115532309322,0.011232028754,0.010518710815,0.0103830645161,0.0105904884709,after_reset,0.910508789287,538.639157508,0.0184378600398,1.045643515,0.547538915195,0.0184378600398,0.0219775178095,0.00927668422593,0.0254371911257,0.0167420987619,0.0178736795673,0.0316081765858,0.0442675159236,0.0516949152542,0.0434504792332,0.0467084639498,0.0425806451613,0.0432038834951,942,118,313,319,310,824
fixed_r8,eps1,99,1,0.25,shared_reset,2.88657986403e-15,1.43004375426e-09,-4.98857171237e-05,6.33691783367e-05,4.96822990055e-10,1,2.71385457013e-07,3.36038820045,5.11479767973,2.04419360411,0.191319744941,0.000315153927813,0.00248278601695,0.00044928115016,0.000208170062696,0.000289818548387,4.74059466019e-06,after_reset,0.000332094810351,3.36035234432,0.00145631043494,0.0825899295706,0.547538915195,0.00145631043494,0.00411466954318,0.000892840353093,0.00187621327209,0.001420339393,6.20396180567e-06,0.0316081765858,0.000743099787686,0.00593220338983,0.000958466453674,0.000626959247649,0.000645161290323,0,942,118,313,319,310,824
fixed_r8,eps1,99,1,0.25,local_reset,2.79637424327e-15,-0.0253369159219,-0.0294280608331,532.080234761,0.00337018083518,1,-0.00055961081863,2.97342780451,5.10171871377,2.04412559761,0.180201607234,0.0106405918259,0.0109904661017,0.0110323482428,0.0104942202194,0.0103956653226,0.0105904884709,after_reset,0.910493689846,534.946383571,0.0183745486871,1.04205301669,0.547538915195,0.0183745486871,0.0215515387812,0.00922690954122,0.0253653126333,0.0166704309382,0.0178734264687,0.0316081765858,0.0444798301486,0.0533898305085,0.0434504792332,0.0467084639498,0.0432258064516,0.0432038834951,942,118,313,319,310,824
fixed_r8,eps1,99,1,0.25,retained,3.10168557505e-15,-0.0716694405027,0.00153547877135,573.462453794,0.0179437291838,4,-0.00285783552802,16.7587393846,5.12254391834,2.14604939133,0.416111824785,0.0103544652335,0.0103945974576,0.0110822683706,0.0102003330721,0.00977822580645,0.0103487181432,after_reset,0.909280666119,590.093153313,0.0192984238569,1.09444760467,0.587581891633,0.0192984238569,0.0227588792848,0.0100587672582,0.0263986084786,0.0176756169699,0.0187506703668,0.0316081765858,0.0443736730361,0.0381355932203,0.0434504792332,0.0451410658307,0.0445161290323,0.0452669902913,942,118,313,319,310,824
fixed_r8,eps1,99,1,0.25,shared_reset,3.13117587414e-15,1.2620520146e-08,-0.000143511247728,0.000305085260309,2.07879557471e-09,4,3.41322303917e-07,3.45353890758,5.11634850482,2.14618523903,0.188429487125,0.000219778397028,0.00175450211864,0.000162240415335,0.000232660658307,0.000264616935484,0,after_reset,0.000699498925904,3.45355768031,0.00147636897371,0.0837274846307,0.587581891633,0.00147636897371,0.0041712045613,0.000888228172516,0.00191684974339,0.00143031442777,1.43191919566e-05,0.0316081765858,0.000849256900212,0.00593220338983,0.00127795527157,0.000626959247649,0.000645161290323,0.000121359223301,942,118,313,319,310,824
fixed_r8,eps1,99,1,0.25,local_reset,3.44863027024e-15,-0.0519653851018,-0.0125291842911,573.415020725,0.0131171468387,4,-0.00161252296394,12.2372547558,5.12254305631,2.14611280994,0.355719995632,0.0103171443737,0.0100966631356,0.0110323482428,0.0102248236677,0.00969002016129,0.0103487181432,after_reset,0.909236282595,585.533178443,0.0192237144707,1.0902107038,0.587581891633,0.0192237144707,0.02225352716,0.0100080177296,0.0263144940374,0.0175861601733,0.0187498003542,0.0316081765858,0.043949044586,0.0347457627119,0.0431309904153,0.0448275862069,0.0438709677419,0.0452669902913,942,118,313,319,310,824
fixed_r8,eps1,99,1,0.25,retained,4.6150149674e-15,-0.151129877625,-0.00615789321757,668.245235893,0.0436319572081,10,-0.00497996591637,45.0151749671,5.28402668666,2.37675427399,0.650167142612,0.0102176220807,0.0102621822034,0.0101462659744,0.0103472766458,0.01015625,0.0102112408981,after_reset,0.906438528403,712.979507343,0.0212129015594,1.20302100689,0.673593782016,0.0212129015594,0.0245440900232,0.0114778973074,0.0282825683979,0.0202789718986,0.0206920109549,0.0316081765858,0.0374734607219,0.0415254237288,0.0335463258786,0.0382445141066,0.0406451612903,0.0368932038835,942,118,313,319,310,824
fixed_r8,eps1,99,1,0.25,shared_reset,3.00107161344e-15,1.58964085126e-08,-0.000451687140563,0.00105169931662,5.54945765028e-09,10,2.27026539151e-06,3.42490715501,5.27798929517,2.37704862203,0.178680289536,0.0002570992569,0.00198622881356,0.000249600638978,0.000220415360502,0.000302419354839,9.48118932039e-06,after_reset,0.00117042790529,3.42506005791,0.00147026510017,0.0833813232128,0.673593782016,0.00147026510017,0.00415339985388,0.000839501691358,0.00196326371812,0.00137507324913,2.9475079565e-05,0.0316081765858,0.000849256900212,0.00677966101695,0.000958466453674,0.000940438871473,0.000645161290323,0,942,118,313,319,310,824
fixed_r8,eps1,99,1,0.25,local_reset,3.93348548178e-15,-0.132439850309,-0.0249647975762,668.107854496,0.036982220754,10,-0.00398843379042,38.1296403996,5.28402624273,2.37678407977,0.598406542866,0.0101885947452,0.010063559322,0.0101337859425,0.0102860501567,0.0101436491935,0.0102065003034,after_reset,0.906324451299,705.951690953,0.0211080952027,1.19707725382,0.673593782016,0.0211080952027,0.0238270717875,0.0114232250547,0.0281542912509,0.0201611603928,0.0206894989478,0.0316081765858,0.0374734607219,0.0423728813559,0.0341853035144,0.0376175548589,0.0406451612903,0.0367718446602,942,118,313,319,310,824
fixed_r8,eps1,99,1,1,retained,3.13638004457e-15,0,0,7882.25718833,0,-1,0,0,5.06222840023,1.94654416233,0,0.0427614118896,0.0413797669492,0.0421575479233,0.0435197884013,0.0425907258065,0.0429592688107,pulse,3.64641400928,7882.25718833,0.0705321063206,1,0.513628034159,0.0705321063206,0.0737337149692,0.0347367551261,0.0979939209009,0.0633797051955,0.0700616487495,0.0316081765858,0.155944798301,0.152542372881,0.15750798722,0.156426332288,0.153870967742,0.156432038835,942,118,313,319,310,824
fixed_r8,eps1,99,1,1,retained,2.99760216649e-15,-3.13709237123,-0.0250148746759,8228.55604624,1.00088555457,0,-0.0713082857976,53.9773466247,5.15128454814,1.99780161657,0.775069451935,0.0433543988854,0.0454846398305,0.0433431509585,0.0431891653605,0.0435357862903,0.0430493401092,before_reset,3.64408279808,8277.06744735,0.0722769470667,1.02473824811,0.531037180662,0.0722769470667,0.086585980936,0.0357846220868,0.100168394445,0.0652391677509,0.0699887818649,0.0316081765858,0.155732484076,0.153389830508,0.149201277955,0.156426332288,0.161612903226,0.156067961165,942,118,313,319,310,824
fixed_r8,eps1,99,1,1,retained,2.99760216649e-15,-3.13709237123,-0.0250148746759,8228.55604624,1.00088555457,0,-0.0713082857976,53.9773466247,5.15128454814,1.99780161657,0.775069451935,0.0433543988854,0.0454846398305,0.0433431509585,0.0431891653605,0.0435357862903,0.0430493401092,after_reset,3.64408279808,8277.06744735,0.0722769470667,1.02473824811,0.531037180662,0.0722769470667,0.086585980936,0.0357846220868,0.100168394445,0.0652391677509,0.0699887818649,0.0316081765858,0.155732484076,0.153389830508,0.149201277955,0.156426332288,0.161612903226,0.156067961165,942,118,313,319,310,824
fixed_r8,eps1,99,1,1,shared_reset,2.4338170368e-15,0,0,0,0,0,0,53.9773466247,5.15128454814,1.99780161657,0.775069451935,0.00115694665605,0.00923596398305,0.00129792332268,0.00118779388715,0.000982862903226,0,after_reset,0,53.9773466247,0.00583669929137,0.0827523747105,0.531037180662,0.00583669929137,0.0164911813152,0.00368811289685,0.00740951293148,0.00576986235039,0,0.0316081765858,0.00541401273885,0.0432203389831,0.00479233226837,0.00626959247649,0.00516129032258,0,942,118,313,319,310,824
fixed_r8,eps1,99,1,1,local_reset,2.99760216649e-15,0,0,8228.55604624,0,0,0,0,5.10171871377,1.99845013536,0,0.0431387672505,0.0437632415254,0.0430186701278,0.0430544670846,0.0433467741935,0.0430493401092,after_reset,3.64408279808,8228.55604624,0.0720648303603,1.02173087009,0.531037180662,0.0720648303603,0.0851628593497,0.0356210843969,0.0999124492692,0.0650199885342,0.0699887818649,0.0316081765858,0.155095541401,0.148305084746,0.148242811502,0.156426332288,0.16064516129,0.156067961165,942,118,313,319,310,824
fixed_r8,eps1,99,1,1,retained,3.1918911958e-15,-6.35327724188,-0.393517728152,8513.77126062,1.94876191444,1,-0.104555063924,107.562712739,5.15128454814,2.04280690963,1.08223559139,0.0422430666136,0.0431342690678,0.0422573881789,0.0423197492163,0.0421496975806,0.0421154429612,after_reset,3.64205800944,8609.58003521,0.0737144342427,1.04511885563,0.547538915195,0.0737144342427,0.0877527919279,0.037074346381,0.101723545251,0.0669020909655,0.071478756336,0.0316081765858,0.159023354565,0.163559322034,0.156549520767,0.162382445141,0.158064516129,0.158373786408,942,118,313,319,310,824
fixed_r8,eps1,99,1,1,shared_reset,3.03576608296e-15,-1.29553101144e-07,-0.000966005004059,0.0010319400815,1.26968464595e-07,1,1.89433374939e-05,53.6956770771,5.15128454814,2.04366596069,0.764606111233,0.00111962579618,0.00890492584746,0.00132288338658,0.00095513322884,0.00108366935484,4.74059466019e-06,after_reset,0.0013373401581,53.6948147617,0.00582140382771,0.0825355165383,0.547538915195,0.00582140382771,0.0164478320387,0.00359817313644,0.00745304631453,0.00572235332144,2.50330704146e-05,0.0316081765858,0.00498938428875,0.0398305084746,0.00511182108626,0.00564263322884,0.0041935483871,0,942,118,313,319,310,824
fixed_r8,eps1,99,1,1,local_reset,3.10862446895e-15,-3.29448207459,-0.359033872773,8513.52239652,0.869043910688,1,-0.0344171942408,47.9589748016,5.10171871377,2.04339269333,0.723507892973,0.0420937831741,0.0419425317797,0.0420577076677,0.0422830133229,0.041935483871,0.0421154429612,after_reset,3.64199585498,8554.97454895,0.0734802988251,1.04179929763,0.547538915195,0.0734802988251,0.086177013187,0.0368849924214,0.101453463637,0.0666466257675,0.0714777055346,0.0316081765858,0.158598726115,0.160169491525,0.155910543131,0.16144200627,0.158387096774,0.158373786408,942,118,313,319,310,824
fixed_r8,eps1,99,1,1,retained,3.55097895532e-15,-11.6758013287,0.467704392023,9175.85718132,4.62766113465,4,-0.180524149777,270.140835661,5.15128454814,2.14411810122,1.67050480979,0.0414510350318,0.0420749470339,0.0420826677316,0.0415482954545,0.0407132056452,0.0413616884102,after_reset,3.63716227151,9427.84843594,0.0771379066521,1.09365664342,0.587581891633,0.0771379066521,0.0908749539656,0.040186691107,0.105560853559,0.0705967462338,0.074964938414,0.0316081765858,0.152229299363,0.153389830508,0.147603833866,0.157993730408,0.150967741935,0.152063106796,942,118,313,319,310,824
fixed_r8,eps1,99,1,1,shared_reset,3.37577188425e-15,-6.84463116772e-08,-0.00245635954289,0.00484673819926,5.25701968869e-07,4,2.58731427082e-05,55.1311865452,5.15128454814,2.14567388303,0.752714571417,0.00110303874735,0.0087063029661,0.00121056309904,0.0010775862069,0.00102066532258,1.42217839806e-05,after_reset,0.00279449765578,55.1311726994,0.00589875241449,0.083632160192,0.587581891633,0.00589875241449,0.0166658252294,0.00358615895124,0.00760758354433,0.00576126570821,5.70895712936e-05,0.0316081765858,0.00435244161359,0.0322033898305,0.00479233226837,0.00470219435737,0.00354838709677,0.000364077669903,942,118,313,319,310,824
fixed_r8,eps1,99,1,1,local_reset,4.10782519111e-15,-8.72239955749,0.19381325718,9175.11305544,3.39839843994,4,-0.100378619983,198.136698826,5.13321720467,2.1446697222,1.43133343644,0.0413805400743,0.0415452860169,0.0419578674121,0.0416095219436,0.0405619959677,0.0413569478155,after_reset,3.63698626019,9359.39022287,0.0768573365705,1.08967873753,0.587581891633,0.0768573365705,0.0889771767696,0.0399938724609,0.105242121643,0.0702663427491,0.0749614997595,0.0316081765858,0.151804670913,0.150847457627,0.146645367412,0.156739811912,0.151935483871,0.151941747573,942,118,313,319,310,824
fixed_r8,eps1,99,1,1,retained,3.60453854265e-15,-25.3738814141,0.326876436073,10692.9936105,11.2259620899,10,-0.322652597982,723.853079631,5.29545274344,2.37298147402,2.60711006966,0.0404226380042,0.0408501059322,0.0392746605431,0.0410584835423,0.0409274193548,0.0403614229369,after_reset,3.62585855027,11377.333337,0.0847386994108,1.20142023018,0.673593782016,0.0847386994108,0.0979216740553,0.0458254661053,0.113031081672,0.0809485275463,0.0826789647592,0.0316081765858,0.141295116773,0.146610169492,0.139297124601,0.140752351097,0.143870967742,0.140533980583,942,118,313,319,310,824
fixed_r8,eps1,99,1,1,shared_reset,3.54837687011e-15,-1.51139665069e-06,-0.00800230666975,0.0167587642886,1.40679343127e-06,10,0.000160276200438,54.445943528,5.27799081482,2.37666432498,0.712305620237,0.000933021496815,0.00711731991525,0.000798722044728,0.00106534090909,0.000932459677419,4.74059466019e-05,after_reset,0.00469098432527,54.4470166153,0.00586203756055,0.0831116191809,0.673593782016,0.00586203756055,0.0165598490786,0.00338340036516,0.0077880489064,0.00551795735479,0.000117762774598,0.0316081765858,0.00392781316348,0.0296610169492,0.00287539936102,0.00501567398119,0.00387096774194,0.000242718446602,942,118,313,319,310,824
fixed_r8,eps1,99,1,1,local_reset,3.30291349826e-15,-22.4684309919,0.0190802776262,10690.7869057,9.53777858156,10,-0.255642345836,614.635116009,5.29545363689,2.37334895843,2.40253687159,0.0401448049363,0.0385990466102,0.0389876198083,0.040764596395,0.0406754032258,0.0403661635316,after_reset,3.62539434282,11269.5498142,0.0843363568839,1.19571584181,0.673593782016,0.0843363568839,0.0951689434922,0.0456116998356,0.112542820144,0.0804923882723,0.0826689795489,0.0316081765858,0.139596602972,0.133050847458,0.138338658147,0.139498432602,0.140967741935,0.140533980583,942,118,313,319,310,824
fixed_r8,eps2,123,0,0.25,retained,2.28289609439e-15,0,0,156.281498961,0,-1,0,0,5.120741205,1.84844328043,0,0.00980709262208,0.0108045212766,0.00962210463259,0.00966153996865,0.0101436491935,0.0096965285967,pulse,0.538675688725,156.281498961,0.00993151120473,1,0.315097719093,0.00993151120473,0.00983880086335,0.00533978634973,0.0133006796216,0.00942812267541,0.00994173482939,0.0186884205812,0.031847133758,0.0329787234043,0.0313099041534,0.033855799373,0.0303225806452,0.0317216981132,942,94,313,319,310,848
fixed_r8,eps2,123,0,0.25,retained,2.79637424327e-15,-0.00717855920373,0.0125088321641,163.573638155,0.000409278538203,0,8.68135456832e-05,0.37182312711,5.15123331431,1.90539022081,0.105957419536,0.0103378781847,0.0106382978723,0.0100339456869,0.0107636167712,0.0102066532258,0.0103045769458,before_reset,0.53838570988,163.956704734,0.010172463575,1.02426140043,0.327476654452,0.010172463575,0.0121623274741,0.00553523689696,0.0135169777944,0.00977211327571,0.00992736264129,0.0186884205812,0.0333333333333,0.0351063829787,0.0332268370607,0.0322884012539,0.0345161290323,0.0331367924528,942,94,313,319,310,848
fixed_r8,eps2,123,0,0.25,retained,2.79637424327e-15,-0.00717855920373,0.0125088321641,163.573638155,0.000409278538203,0,8.68135456832e-05,0.37182312711,5.15123331431,1.90539022081,0.105957419536,0.0103378781847,0.0106382978723,0.0100339456869,0.0107636167712,0.0102066532258,0.0103045769458,after_reset,0.53838570988,163.956704734,0.010172463575,1.02426140043,0.327476654452,0.010172463575,0.0121623274741,0.00553523689696,0.0135169777944,0.00977211327571,0.00992736264129,0.0186884205812,0.0333333333333,0.0351063829787,0.0332268370607,0.0322884012539,0.0345161290323,0.0331367924528,942,94,313,319,310,848
fixed_r8,eps2,123,0,0.25,shared_reset,1.64332523284e-15,0,0,0,0,0,0,0.37182312711,5.15123331431,1.90539022081,0.105957419536,0.00010781581741,0.00108045212766,0.000137280351438,8.57170846395e-05,0.000100806451613,0,after_reset,0,0.37182312711,0.00048442857437,0.0487769247181,0.327476654452,0.00048442857437,0.00153352647111,0.000307237933168,0.000620334088898,0.000470958713798,0,0.0186884205812,0.000424628450106,0.00425531914894,0,0.000940438871473,0.000322580645161,0,942,94,313,319,310,848
fixed_r8,eps2,123,0,0.25,local_reset,2.79637424327e-15,0,0,163.573638155,0,0,0,0,5.14992865644,1.905489617,0,0.0103586119958,0.0108460771277,0.0101337859425,0.0107636167712,0.0101688508065,0.0103045769458,after_reset,0.53838570988,163.573638155,0.0101605732117,1.02306416438,0.327476654452,0.0101605732117,0.0120623129487,0.00552770455773,0.0135016025692,0.0097606941891,0.00992736264129,0.0186884205812,0.0331210191083,0.0329787234043,0.0332268370607,0.0313479623824,0.0348387096774,0.0331367924528,942,94,313,319,310,848
fixed_r8,eps2,123,0,0.25,retained,2.707903346e-15,-0.0164397661387,0.0138485509975,170.98007477,0.000839906183847,1,3.27675212673e-06,0.778551656482,5.34270968695,1.95960715815,0.151729110175,0.0102964105626,0.010388962766,0.00975938498403,0.0110085227273,0.0101058467742,0.0102861512382,after_reset,0.538076041561,171.754290456,0.0104115490671,1.04833482563,0.340131662169,0.0104115490671,0.0124457430036,0.00576268417967,0.0137403573648,0.0100791203437,0.0101610185492,0.0186884205812,0.0276008492569,0.0234042553191,0.0303514376997,0.025078369906,0.0274193548387,0.0280660377358,942,94,313,319,310,848
fixed_r8,eps2,123,0,0.25,shared_reset,1.96544169828e-15,-7.86144952834e-10,-8.08931955898e-06,1.50001511197e-05,3.33521765255e-11,1,-1.4696684208e-08,0.381675450159,5.3427012749,1.95973159712,0.106065414836,0.000136843152866,0.00132978723404,0.000212160543131,9.79623824451e-05,0.000100806451613,4.60642688679e-06,after_reset,0.00015135977633,0.381674240739,0.000490803869487,0.0494188507035,0.340131662169,0.000490803869487,0.00155368169774,0.000309247390832,0.000629992334839,0.000476463666296,3.03050527755e-06,0.0186884205812,0.00031847133758,0.0031914893617,0,0.000626959247649,0.000322580645161,0,942,94,313,319,310,848
fixed_r8,eps2,123,0,0.25,local_reset,2.28983498829e-15,-0.00913994157359,-0.000646990425177,170.97434518,0.000374730303878,1,-6.32534896436e-05,0.34431370253,5.34270968695,1.95970549506,0.101112947872,0.0103129976115,0.0106382978723,0.00972194488818,0.0110330133229,0.0101688508065,0.0102769383844,after_reset,0.538068355025,171.299333242,0.0103977504297,1.04694544621,0.340131662169,0.0103977504297,0.0123308676172,0.0057535874311,0.0137235017741,0.0100647039441,0.0101608478922,0.0186884205812,0.0273885350318,0.0212765957447,0.0303514376997,0.0247648902821,0.0270967741935,0.0280660377358,942,94,313,319,310,848
fixed_r8,eps2,123,0,0.25,retained,2.42557710028e-15,-0.0412999809332,-0.000587848492506,194.105837237,0.00241001397662,4,-0.000253238548592,2.3594958643,5.34270968695,2.13181258845,0.257409053738,0.00994393577495,0.00914228723404,0.00968450479233,0.0100533894984,0.0100932459677,0.0100327977594,after_reset,0.537122521845,196.383460979,0.0111330461065,1.12098208188,0.378708944231,0.0111330461065,0.0131456797706,0.00648578270066,0.0144614382159,0.0109066374784,0.0108870642159,0.0186884205812,0.0264331210191,0.0255319148936,0.0230031948882,0.0300940438871,0.0261290322581,0.0265330188679,942,94,313,319,310,848
fixed_r8,eps2,123,0,0.25,shared_reset,2.43902120722e-15,-1.55435206901e-09,-2.48603258682e-05,7.13857858357e-05,1.93097715818e-10,4,2.02396470093e-08,0.409426411439,5.3427012749,2.13219438596,0.107064156005,0.00012854962845,0.00124667553191,0.000124800319489,0.000183679467085,7.56048387097e-05,4.60642688679e-06,after_reset,0.000347601051955,0.409448114137,0.000508347849241,0.0511853472006,0.378708944231,0.000508347849241,0.00160912207796,0.000314786937129,0.000658155747745,0.000489347775743,6.65665196661e-06,0.0186884205812,0.00031847133758,0.0031914893617,0.000319488817891,0,0.000645161290323,0,942,94,313,319,310,848
fixed_r8,eps2,123,0,0.25,local_reset,2.71267383556e-15,-0.0341956414023,-0.0177183382376,194.086139864,0.00178445809939,4,-0.000326761169742,1.73860584409,5.34270968695,2.13190571259,0.221300342074,0.00993564225053,0.00905917553191,0.00973442492013,0.0100288989028,0.0100428427419,0.0100327977594,after_reset,0.537097563515,195.722048685,0.0111142824489,1.11909277649,0.378708944231,0.0111142824489,0.0129898488901,0.00647558031197,0.0144371907151,0.0108876461125,0.0108865012955,0.0186884205812,0.0266454352442,0.0276595744681,0.0233226837061,0.0300940438871,0.0264516129032,0.0265330188679,942,94,313,319,310,848
fixed_r8,eps2,123,0,0.25,retained,3.09691508549e-15,-0.0759774538794,-0.0314139480109,241.063854259,0.00611385279687,10,-0.000372991942464,6.71371175353,5.70519655304,2.47521814348,0.411171380538,0.00906896894904,0.00980718085106,0.00933506389776,0.00940438871473,0.00845514112903,0.00898713885613,after_reset,0.535105610376,247.568151078,0.0124999691015,1.25861702653,0.463188796928,0.0124999691015,0.0147073520005,0.00797013100397,0.0158259995016,0.0123662673347,0.0122307795533,0.0186884205812,0.0180467091295,0.013829787234,0.0150159744409,0.023197492163,0.0158064516129,0.0185141509434,942,94,313,319,310,848
fixed_r8,eps2,123,0,0.25,shared_reset,2.75343983724e-15,-1.10770779018e-08,-0.000104573152706,0.000342115019977,7.33715269415e-10,10,1.32274745222e-07,0.455049358244,5.70509979361,2.47601498775,0.10692187853,0.000120256104034,0.00112200797872,0.000137280351438,9.79623824451e-05,0.000126008064516,9.21285377358e-06,after_reset,0.000666115564517,0.455182570087,0.000535987133771,0.0539683360087,0.463188796928,0.000535987133771,0.00169616091228,0.000315782531773,0.000703888492223,0.000512289268699,1.47872704623e-05,0.0186884205812,0.00031847133758,0.00212765957447,0.000638977635783,0.000313479623824,0,0.000117924528302,942,94,313,319,310,848
fixed_r8,eps2,123,0,0.25,local_reset,2.50190493323e-15,-0.0691484748729,-0.0482971860578,241.004957027,0.00522010315845,10,-0.000634914031281,5.71878604103,5.70519754441,2.47530240984,0.379833205025,0.00905652866242,0.009765625,0.00932258386581,0.00940438871473,0.00842993951613,0.00897792600236,after_reset,0.535042379265,246.492802021,0.0124727918205,1.25588055668,0.463188796928,0.0124727918205,0.0144861440316,0.00795654377344,0.0157916065783,0.0123369245129,0.0122292227555,0.0186884205812,0.017940552017,0.0127659574468,0.014696485623,0.023197492163,0.0158064516129,0.0185141509434,942,94,313,319,310,848
fixed_r8,eps2,123,0,1,retained,2.10942374679e-15,0,0,2500.50399635,0,-1,0,0,5.120741205,1.84844328043,0,0.0408663415605,0.0407662898936,0.0407098642173,0.0409482758621,0.0409400201613,0.0408774321934,pulse,2.15470277931,2500.50399635,0.0397260449221,1,0.315097719093,0.0397260449221,0.0393552036363,0.0213591454373,0.0532027186856,0.0377124907206,0.039766939412,0.0186884205812,0.116135881104,0.118085106383,0.113099041534,0.119122257053,0.116129032258,0.115919811321,942,94,313,319,310,848
fixed_r8,eps2,123,0,1,retained,2.81025203108e-15,-0.657082900861,0.206024891403,2617.20201273,0.104988581904,0,0.00525940017848,5.96698559573,5.15482022289,1.90497905993,0.424315499825,0.0407253516454,0.0408078457447,0.0408721046326,0.0405564263323,0.0407510080645,0.0407162072524,before_reset,2.15354619569,2622.38238969,0.0406826807604,1.02408082255,0.327476654452,0.0406826807604,0.0485878310178,0.0221273874595,0.0540615078799,0.0390826299344,0.0397096296672,0.0186884205812,0.112420382166,0.107446808511,0.115654952077,0.108463949843,0.113225806452,0.112971698113,942,94,313,319,310,848
fixed_r8,eps2,123,0,1,retained,2.81025203108e-15,-0.657082900861,0.206024891403,2617.20201273,0.104988581904,0,0.00525940017848,5.96698559573,5.15482022289,1.90497905993,0.424315499825,0.0407253516454,0.0408078457447,0.0408721046326,0.0405564263323,0.0407510080645,0.0407162072524,after_reset,2.15354619569,2622.38238969,0.0406826807604,1.02408082255,0.327476654452,0.0406826807604,0.0485878310178,0.0221273874595,0.0540615078799,0.0390826299344,0.0397096296672,0.0186884205812,0.112420382166,0.107446808511,0.115654952077,0.108463949843,0.113225806452,0.112971698113,942,94,313,319,310,848
fixed_r8,eps2,123,0,1,shared_reset,1.56298585186e-15,0,0,0,0,0,0,5.96698559573,5.15482022289,1.90497905993,0.424315499825,0.000526638800425,0.00527759308511,0.000648961661342,0.000502057210031,0.000428427419355,0,after_reset,0,5.96698559573,0.0019406134971,0.0488499044118,0.327476654452,0.0019406134971,0.00614328370671,0.00124904991892,0.002477322809,0.00188499216233,0,0.0186884205812,0.00222929936306,0.0223404255319,0.00127795527157,0.00282131661442,0.00258064516129,0,942,94,313,319,310,848
fixed_r8,eps2,123,0,1,local_reset,2.81025203108e-15,0,0,2617.20201273,0,0,0,0,5.14992865644,1.905489617,0,0.0407336451699,0.0408909574468,0.0409095447284,0.0404584639498,0.0408392137097,0.0407162072524,after_reset,2.15354619569,2617.20201273,0.0406424776596,1.02306881391,0.327476654452,0.0406424776596,0.0482494821036,0.0221109273918,0.0540066423537,0.039042968594,0.0397096296672,0.0186884205812,0.112101910828,0.104255319149,0.115654952077,0.108150470219,0.112580645161,0.112971698113,942,94,313,319,310,848
fixed_r8,eps2,123,0,1,retained,1.82492909673e-15,-1.45335764563,0.25043192503,2735.74392527,0.21639024253,1,-0.000603829152044,12.5484534028,5.3427610689,1.95871092721,0.608906991327,0.040795846603,0.0412234042553,0.039312100639,0.0416952390282,0.0413684475806,0.0407484522406,after_reset,2.15231179994,2746.10170982,0.0416312894124,1.04795958153,0.340131662169,0.0416312894124,0.0497156229569,0.0230253555925,0.0549523904073,0.0402970165249,0.0406362469709,0.0186884205812,0.105626326964,0.0978723404255,0.113099041534,0.108150470219,0.0954838709677,0.106485849057,942,94,313,319,310,848
fixed_r8,eps2,123,0,1,shared_reset,2.54657406273e-15,-6.72233060534e-08,-0.000126890637457,0.00024790329638,8.60871479157e-09,1,-7.5088733054e-07,6.12307164264,5.3427012749,1.95932540075,0.424692565576,0.000613720806794,0.00606715425532,0.000586561501597,0.000624510188088,0.000630040322581,9.21285377358e-06,after_reset,0.000608116781749,6.12306413705,0.00196582999418,0.0494846642307,0.340131662169,0.00196582999418,0.00622300013313,0.00125696372642,0.00251591411267,0.00190636175482,1.23149240765e-05,0.0186884205812,0.00169851380042,0.0170212765957,0.00127795527157,0.00282131661442,0.000967741935484,0,942,94,313,319,310,848
fixed_r8,eps2,123,0,1,local_reset,2.1736085154e-15,-0.786889643178,0.00414680734877,2735.64264263,0.0970238195979,1,-0.00442754844311,5.57727940131,5.3427610689,1.95921327546,0.406787726386,0.0408041401274,0.0412234042553,0.0392746605431,0.0417442202194,0.0413810483871,0.0407576650943,after_reset,2.15228029926,2739.74260508,0.041583059012,1.04674550647,0.340131662169,0.041583059012,0.0493150646307,0.0230019408465,0.0548913880804,0.0402447165139,0.0406354934812,0.0186884205812,0.105307855626,0.0946808510638,0.112779552716,0.107836990596,0.0951612903226,0.106485849057,942,94,313,319,310,848
fixed_r8,eps2,123,0,1,retained,2.12677098155e-15,-3.69093355938,0.0729767120606,3105.92332844,0.621925081449,4,-0.017646182111,38.1218727191,5.3427610689,2.12982803564,1.03397235661,0.0401240711253,0.0393118351064,0.0403853833866,0.0396747648903,0.0403225806452,0.0402141067217,after_reset,2.14851392246,3137.39592018,0.0444985865812,1.12013634049,0.378708944231,0.0444985865812,0.0524979051065,0.025887589083,0.0578158753489,0.0435964330633,0.0435214404419,0.0186884205812,0.0911889596603,0.0787234042553,0.085303514377,0.101567398119,0.0864516129032,0.092570754717,942,94,313,319,310,848
fixed_r8,eps2,123,0,1,shared_reset,2.59514632006e-15,-1.68257659797e-07,-0.00043137416969,0.00117072328724,4.98213079277e-08,4,2.02860420647e-06,6.56544827044,5.3427012749,2.13180790338,0.428568599658,0.000592986995754,0.00565159574468,0.000549121405751,0.000612264890282,0.000617439516129,3.22449882075e-05,after_reset,0.00139609220838,6.5657600159,0.00203565443297,0.0512423131213,0.378708944231,0.00203565443297,0.0064436406505,0.00127895670101,0.00262801720772,0.00195794040605,2.69511239209e-05,0.0186884205812,0.00127388535032,0.0127659574468,0.000958466453674,0.00156739811912,0.00129032258065,0,942,94,313,319,310,848
fixed_r8,eps2,123,0,1,local_reset,2.52922682797e-15,-3.03262220072,-0.218267204879,3105.58608906,0.46162552047,4,-0.0218137999027,28.1573521736,5.3427610689,2.13030009671,0.890018860793,0.0400369891189,0.0385638297872,0.0402605830671,0.0396135384013,0.0402469758065,0.040200287441,after_reset,2.14841334134,3127.65966034,0.0444294868468,1.11839693415,0.378708944231,0.0444294868468,0.0519261068819,0.0258577979689,0.0577240237369,0.0435253201288,0.0435190584992,0.0186884205812,0.0906581740977,0.0734042553191,0.0846645367412,0.100313479624,0.0867741935484,0.092570754717,942,94,313,319,310,848
fixed_r8,eps2,123,0,1,retained,3.06352165858e-15,-7.20085319137,-0.408436868505,3857.95670365,1.57757836426,10,-0.026823488014,108.485702346,5.70502039839,2.4714314069,1.65152176812,0.0375489317941,0.0362367021277,0.0382388178914,0.0378747061129,0.0365171370968,0.0376943912146,after_reset,2.14049263311,3952.74775727,0.0499471949734,1.25729090503,0.463188796928,0.0499471949734,0.0587347331537,0.0317807470081,0.0632708139454,0.0494118286524,0.048875927325,0.0186884205812,0.0707006369427,0.0606382978723,0.0594249201278,0.0808777429467,0.0716129032258,0.0718160377358,942,94,313,319,310,848
fixed_r8,eps2,123,0,1,shared_reset,2.45289899503e-15,-9.74132524767e-07,-0.00173900759552,0.00560580918586,1.88193614365e-07,10,9.33252239223e-06,7.28789199157,5.70509569495,2.47566538653,0.427688567775,0.00047273089172,0.00428025265957,0.000474241214058,0.000440830721003,0.000504032258065,5.06706957547e-05,after_reset,0.0026693366396,7.29003669054,0.00214499562109,0.0539946935393,0.463188796928,0.00214499562109,0.00678790487435,0.00128075927691,0.00281028425154,0.00204888211374,5.98397155664e-05,0.0186884205812,0.00106157112527,0.00744680851064,0.000958466453674,0.0012539184953,0.000967741935484,0.000353773584906,942,94,313,319,310,848
fixed_r8,eps2,123,0,1,local_reset,3.12250225676e-15,-6.55012936898,-0.689830831819,3856.91738551,1.34871096875,10,-0.042715228071,92.513524657,5.70502473717,2.4718512961,1.52660011075,0.037528197983,0.0361120345745,0.0382637779553,0.037862460815,0.0364415322581,0.0376851783608,after_reset,2.14023613939,3936.21427028,0.0498426263674,1.25465866197,0.463188796928,0.0498426263674,0.0578888357736,0.0317342826579,0.0631368912958,0.0492972647762,0.0488692145026,0.0186884205812,0.0700636942675,0.0563829787234,0.0594249201278,0.0793103448276,0.0712903225806,0.0715801886792,942,94,313,319,310,848
fixed_r8,eps2,123,1,0.25,retained,2.23258911358e-15,0,0,158.982458573,0,-1,0,0,5.120741205,1.84844328043,0,0.0109681860403,0.0111042837079,0.0108950678914,0.010898315047,0.0111139112903,0.010953985932,pulse,0.543158494145,158.982458573,0.0100169650221,1,0.315097719093,0.0100169650221,0.010144831141,0.00542648132944,0.0133754088311,0.00954336064914,0.0100035296136,0.0186884205812,0.0333333333333,0.0359550561798,0.0309904153355,0.0369905956113,0.031935483871,0.0330597889801,942,89,313,319,310,853
fixed_r8,eps2,123,1,0.25,retained,2.64892274782e-15,0.00492251875422,-0.0129644162614,165.43047966,0.000372385470998,0,-4.17174502201e-05,0.342742909102,5.120741205,1.89745020671,0.100681696344,0.0107649946921,0.0107092696629,0.0102710662939,0.0107881073668,0.0112399193548,0.0107708089097,before_reset,0.542886819684,165.757427725,0.0102281726955,1.02108499659,0.326154545514,0.0102281726955,0.0122860846931,0.0056857284306,0.0135765767529,0.00977655698274,0.00998905941143,0.0186884205812,0.0334394904459,0.0348314606742,0.0284345047923,0.0360501567398,0.0358064516129,0.0332942555686,942,89,313,319,310,853
fixed_r8,eps2,123,1,0.25,retained,2.64892274782e-15,0.00492251875422,-0.0129644162614,165.43047966,0.000372385470998,0,-4.17174502201e-05,0.342742909102,5.120741205,1.89745020671,0.100681696344,0.0107649946921,0.0107092696629,0.0102710662939,0.0107881073668,0.0112399193548,0.0107708089097,after_reset,0.542886819684,165.757427725,0.0102281726955,1.02108499659,0.326154545514,0.0102281726955,0.0122860846931,0.0056857284306,0.0135765767529,0.00977655698274,0.00998905941143,0.0186884205812,0.0334394904459,0.0348314606742,0.0284345047923,0.0360501567398,0.0358064516129,0.0332942555686,942,89,313,319,310,853
fixed_r8,eps2,123,1,0.25,shared_reset,2.03309591384e-15,0,0,0,0,0,0,0.342742909102,5.120741205,1.89745020671,0.100681696344,0.000174164012739,0.0018433988764,0.000187200479233,0.000122452978056,0.000214213709677,0,after_reset,0,0.342742909102,0.000465099413825,0.0464311707984,0.326154545514,0.000465099413825,0.00151312999429,0.000338398654846,0.0005771116949,0.000446068151466,0,0.0186884205812,0.000530785562633,0.00561797752809,0.000319488817891,0.000626959247649,0.000645161290323,0,942,89,313,319,310,853
fixed_r8,eps2,123,1,0.25,local_reset,2.64892274782e-15,0,0,165.43047966,0,0,0,0,5.120741205,1.89738430853,0,0.0107898752654,0.0109726123596,0.0102960263578,0.0108248432602,0.0112525201613,0.0107708089097,after_reset,0.542886819684,165.43047966,0.0102180804422,1.02007748051,0.326154545514,0.0102180804422,0.0121968777193,0.00567586428822,0.0135639668989,0.00976828355585,0.00998905941143,0.0186884205812,0.0334394904459,0.0348314606742,0.0284345047923,0.0360501567398,0.0358064516129,0.0332942555686,942,89,313,319,310,853
fixed_r8,eps2,123,1,0.25,retained,2.27942664743e-15,0.00489093741733,-0.00983112663754,172.69622485,0.000734603387071,1,-0.000159962063905,0.680693241297,5.120741205,1.95074702277,0.141118411052,0.0105286292463,0.0103581460674,0.0101337859425,0.0109717868339,0.0104712701613,0.0105464170574,after_reset,0.542595095277,173.367452392,0.0104603288144,1.04426128985,0.338943822624,0.0104603288144,0.0124825099677,0.00586413370998,0.0137901832146,0.0101034620716,0.0102263277228,0.0186884205812,0.0321656050955,0.0337078651685,0.032268370607,0.0376175548589,0.0264516129032,0.0320046893318,942,89,313,319,310,853
fixed_r8,eps2,123,1,0.25,shared_reset,2.23432383706e-15,1.2688131375e-10,-1.597153065e-05,6.68816395434e-06,1.63915893227e-11,1,2.75391553937e-08,0.348880946045,5.120741205,1.95074349911,0.100448664171,0.000165870488323,0.00175561797753,0.000174720447284,8.57170846395e-05,0.000239415322581,0,after_reset,0.000102884181571,0.348855746496,0.000469228620011,0.0468433920827,0.338943822624,0.000469228620011,0.0015265509911,0.000341771827748,0.000581979579305,0.000450086181421,2.01498894715e-06,0.0186884205812,0.000636942675159,0.00674157303371,0.00127795527157,0,0.000645161290323,0,942,89,313,319,310,853
fixed_r8,eps2,123,1,0.25,local_reset,2.69229083472e-15,-2.36671069541e-05,0.0037148484966,172.695709329,0.000350251410596,1,-9.05044739966e-05,0.319478803887,5.120741205,1.95068189282,0.0972060891381,0.0105078954352,0.0101386938202,0.0101712260383,0.0109840321317,0.0103578629032,0.0105464170574,after_reset,0.542592568452,173.022739738,0.0104499243186,1.0432226024,0.338943822624,0.0104499243186,0.0123900604583,0.00585338660695,0.0137774307038,0.0100949370004,0.010226311074,0.0186884205812,0.0322717622081,0.0348314606742,0.032268370607,0.0376175548589,0.0267741935484,0.0320046893318,942,89,313,319,310,853
fixed_r8,eps2,123,1,0.25,retained,2.94209101526e-15,0.0105649728701,-0.0291034219851,194.198230375,0.00219695157458,4,-0.000500988873186,2.14552561972,5.120741205,2.11914579131,0.244294446996,0.0100932192144,0.0107970505618,0.00970946485623,0.0104452390282,0.0101184475806,0.0100197831184,after_reset,0.541754745357,196.307874071,0.0111309033763,1.11120517559,0.376225445741,0.0111309033763,0.0128968871599,0.00657626936757,0.0144309065801,0.0108868791946,0.0109302188334,0.0186884205812,0.0294055201699,0.0247191011236,0.0274760383387,0.0326018808777,0.028064516129,0.0298944900352,942,89,313,319,310,853
fixed_r8,eps2,123,1,0.25,shared_reset,3.26821902874e-15,3.92439218667e-10,-9.18691098296e-05,6.54226538896e-05,1.33149133343e-10,4,-8.58630740885e-08,0.360450996224,5.120741205,2.11905342637,0.0993310545298,0.000182457537155,0.00188728932584,0.000199680511182,0.000110207680251,0.000239415322581,4.57942555686e-06,after_reset,0.000295452027083,0.36033250985,0.000476884576078,0.0476076910545,0.376225445741,0.000476884576078,0.00155134741259,0.000347242459937,0.000584536360202,0.000466597500239,6.33104425433e-06,0.0186884205812,0.000636942675159,0.00674157303371,0,0.000626959247649,0.00129032258065,0,942,89,313,319,310,853
fixed_r8,eps2,123,1,0.25,local_reset,3.6897568334e-15,0.00567901789322,-0.0102809726389,194.192669613,0.00173145355514,4,-0.000412730327494,1.68153359888,5.120741205,2.11908637605,0.216671528713,0.010064191879,0.0104898174157,0.00968450479233,0.0104207484326,0.0100806451613,0.0100197831184,after_reset,0.541740581087,195.865905295,0.0111183662231,1.1099535836,0.376225445741,0.0111183662231,0.0127832456632,0.00656416361754,0.0144158857829,0.0108757992393,0.0109300562008,0.0186884205812,0.0297239915074,0.0280898876404,0.0277955271565,0.0319749216301,0.0293548387097,0.0298944900352,942,89,313,319,310,853
fixed_r8,eps2,123,1,0.25,retained,2.94209101526e-15,0.0253480191337,-0.100167295447,238.25956577,0.00561352237364,10,-0.00179370526697,6.14382106152,5.29041166977,2.42815840025,0.391630996334,0.00975733147558,0.00926088483146,0.010258586262,0.00924519984326,0.00977822580645,0.00980912954279,after_reset,0.53995660748,244.25577439,0.0124160648609,1.23950366538,0.455133087811,0.0124160648609,0.0139682544132,0.00773727767012,0.0158469979434,0.0122303101152,0.0122427806933,0.0186884205812,0.021974522293,0.0202247191011,0.0194888178914,0.0247648902821,0.0216129032258,0.0221570926143,942,89,313,319,310,853
fixed_r8,eps2,123,1,0.25,shared_reset,3.37577188425e-15,6.65919029789e-09,-0.000248089850943,0.000274408757703,4.701808839e-10,10,-2.14151742086e-07,0.384171911689,5.28288774395,2.42789396428,0.0973882891423,0.000103669055202,0.00105337078652,0.00011232028754,3.67358934169e-05,0.000163810483871,4.57942555686e-06,after_reset,0.000570540957642,0.383949726229,0.000492264745456,0.0491431031623,0.455133087811,0.000492264745456,0.00160098686768,0.000357146387755,0.000593288468066,0.000495334036666,1.31991423311e-05,0.0186884205812,0.00031847133758,0.00337078651685,0.000319488817891,0,0.000645161290323,0,942,89,313,319,310,853
fixed_r8,eps2,123,1,0.25,local_reset,2.97852020825e-15,0.0205979174077,-0.0726072869977,238.232159126,0.00499032640381,10,-0.00168959480675,5.45423723286,5.2904086474,2.42810616947,0.369148774685,0.00969098328025,0.00847085674157,0.0101837060703,0.00919621865204,0.00970262096774,0.0098182883939,after_reset,0.539911395434,243.583988756,0.012398978925,1.23779796551,0.455133087811,0.012398978925,0.0138132803291,0.00772040687202,0.0158298963846,0.0122111779637,0.0122420043308,0.0186884205812,0.0216560509554,0.0179775280899,0.0185303514377,0.0247648902821,0.0216129032258,0.02203985932,942,89,313,319,310,853
fixed_r8,eps2,123,1,1,retained,2.07472927727e-15,0,0,2543.71948851,0,-1,0,0,5.120741205,1.84844328043,0,0.0436778463376,0.0409936797753,0.0431434704473,0.0439728644201,0.0439138104839,0.0439579059203,pulse,2.17263401676,2543.71948851,0.0400678612806,1,0.315097719093,0.0400678612806,0.040579325884,0.0217059262635,0.0535016366445,0.0381734439519,0.0400141196331,0.0186884205812,0.124309978769,0.142696629213,0.126837060703,0.121630094044,0.124516129032,0.122391559203,942,89,313,319,310,853
fixed_r8,eps2,123,1,1,retained,2.4841240176e-15,0.138523978034,-0.196471100955,2646.87708746,0.094150765247,0,-0.00250815598153,5.39987308211,5.120741205,1.89755437339,0.400141897663,0.0423218550955,0.0422226123596,0.0416583466454,0.0423319945141,0.0429813508065,0.0423322098476,before_reset,2.17154543842,2652.25020075,0.0409137039545,1.02111025263,0.326154545514,0.0409137039545,0.0491538673984,0.0227439114802,0.0543092726806,0.0391046249342,0.0399561603959,0.0186884205812,0.12059447983,0.12808988764,0.123322683706,0.121630094044,0.116774193548,0.119812426729,942,89,313,319,310,853
fixed_r8,eps2,123,1,1,retained,2.4841240176e-15,0.138523978034,-0.196471100955,2646.87708746,0.094150765247,0,-0.00250815598153,5.39987308211,5.120741205,1.89755437339,0.400141897663,0.0423218550955,0.0422226123596,0.0416583466454,0.0423319945141,0.0429813508065,0.0423322098476,after_reset,2.17154543842,2652.25020075,0.0409137039545,1.02111025263,0.326154545514,0.0409137039545,0.0491538673984,0.0227439114802,0.0543092726806,0.0391046249342,0.0399561603959,0.0186884205812,0.12059447983,0.12808988764,0.123322683706,0.121630094044,0.116774193548,0.119812426729,942,89,313,319,310,853
fixed_r8,eps2,123,1,1,shared_reset,2.4841240176e-15,0,0,0,0,0,0,5.39987308211,5.120741205,1.89755437339,0.400141897663,0.000651041666667,0.0068908005618,0.000748801916933,0.000416340125392,0.000793850806452,0,after_reset,0,5.39987308211,0.00184609195217,0.0460741325634,0.326154545514,0.00184609195217,0.00600597855429,0.00134710142957,0.0022785974399,0.00178356540503,0,0.0186884205812,0.00254777070064,0.0269662921348,0.00159744408946,0.00282131661442,0.00322580645161,0,942,89,313,319,310,853
fixed_r8,eps2,123,1,1,local_reset,2.4841240176e-15,0,0,2646.87708746,0,0,0,0,5.120741205,1.89738430853,0,0.042230626327,0.0412570224719,0.0414087460064,0.0423442398119,0.0429435483871,0.0423322098476,after_reset,2.17154543842,2646.87708746,0.0408722400274,1.0200754101,0.326154545514,0.0408722400274,0.0487873924323,0.0227034381814,0.0542557464361,0.0390730586509,0.0399561603959,0.0186884205812,0.120700636943,0.129213483146,0.123642172524,0.122257053292,0.116129032258,0.119812426729,942,89,313,319,310,853
fixed_r8,eps2,123,1,1,retained,2.05391259556e-15,-0.0593871069636,-0.129906504351,2763.12493252,0.186959258263,1,-0.0103264588754,10.8059871836,5.120741205,1.95075720587,0.562785220953,0.0422472133758,0.0413886938202,0.0417706669329,0.0423932210031,0.042578125,0.0423367892732,after_reset,2.17037804843,2773.71863882,0.0418401039957,1.04423102852,0.338943822624,0.0418401039957,0.0499366288991,0.02345195827,0.0551605206685,0.0404130174022,0.040903103386,0.0186884205812,0.109978768577,0.124719101124,0.108626198083,0.116300940439,0.104838709677,0.108440797186,942,89,313,319,310,853
fixed_r8,eps2,123,1,1,shared_reset,2.13370987545e-15,3.03180611601e-10,-0.000261653179172,0.000106255857713,4.17778545256e-09,1,2.10499676807e-06,5.49762088421,5.120741205,1.95084698591,0.399273057515,0.000592986995754,0.00623244382022,0.000698881789137,0.000355113636364,0.000730846774194,4.57942555686e-06,after_reset,0.000412436196651,5.49720804848,0.00186265593141,0.0464875307011,0.338943822624,0.00186265593141,0.00605981592861,0.0013604106016,0.00229835091619,0.00179954424468,8.03108233967e-06,0.0186884205812,0.00212314225053,0.0224719101124,0.00351437699681,0.000626959247649,0.00225806451613,0,942,89,313,319,310,853
fixed_r8,eps2,123,1,1,local_reset,2.55351295664e-15,-0.197618974474,0.0744372141156,2763.12084103,0.0898359825224,1,-0.00597429602227,5.12143416816,5.120741205,1.95058807789,0.389254106657,0.0422679471868,0.0416081460674,0.0418580271565,0.0424054663009,0.0425403225806,0.0423367892732,after_reset,2.17036806451,2768.07379907,0.0417975075756,1.04316792162,0.338943822624,0.0417975075756,0.0495579143426,0.0234079605266,0.0551066745383,0.0403804110938,0.0409030674798,0.0186884205812,0.109341825902,0.11797752809,0.107348242812,0.116300940439,0.104193548387,0.108440797186,942,89,313,319,310,853
fixed_r8,eps2,123,1,1,retained,2.739345209e-15,-0.27412776994,-0.382361368515,3107.15277579,0.561678667997,4,-0.0333756716655,34.2333214837,5.120741205,2.11910938252,0.976474469672,0.0412063760616,0.0419153792135,0.0412340255591,0.0407523510972,0.0416456653226,0.0411324003517,after_reset,2.16702049394,3140.56804632,0.0445210764855,1.11114182446,0.376225445741,0.0445210764855,0.0515889330822,0.026303513131,0.0577180670134,0.0435481716083,0.0437178517004,0.0186884205812,0.101380042463,0.1,0.0996805111821,0.1065830721,0.0977419354839,0.101524032825,942,89,313,319,310,853
fixed_r8,eps2,123,1,1,shared_reset,2.27595720048e-15,-4.75778453869e-08,-0.00141148483827,0.00100724919369,3.31047298453e-08,4,-5.003626431e-06,5.68756852697,5.120741205,2.11914075123,0.395069916326,0.000592986995754,0.00618855337079,0.000748801916933,0.000318377742947,0.000718245967742,9.15885111372e-06,after_reset,0.0011712407811,5.68574273719,0.00189432789927,0.04727798886,0.376225445741,0.00189432789927,0.00616242664269,0.00138284777511,0.00230997583999,0.00186619008725,2.4850447651e-05,0.0186884205812,0.002016985138,0.0213483146067,0.00159744408946,0.0012539184953,0.00322580645161,0,942,89,313,319,310,853
fixed_r8,eps2,123,1,1,local_reset,2.81393831847e-15,-0.409869471657,-0.0964692541527,3107.06996797,0.443843151278,4,-0.0276751434963,26.9141989311,5.120741205,2.11895714869,0.867245481701,0.0410695329087,0.0405108848315,0.0410967452077,0.0407768416928,0.0413432459677,0.0411278209261,after_reset,2.16696500743,3133.35998232,0.0444699559382,1.1098659753,0.376225445741,0.0444699559382,0.0511250870167,0.0262539842748,0.0576552506351,0.0435052339768,0.0437172464397,0.0186884205812,0.10127388535,0.0988764044944,0.0996805111821,0.1065830721,0.0974193548387,0.101524032825,942,89,313,319,310,853
fixed_r8,eps2,123,1,1,retained,2.97852020825e-15,-0.56034390665,-1.38453657335,3812.01195595,1.43461342059,10,-0.118128251749,98.0459465344,5.31258757609,2.42805546614,1.56518306586,0.0386851446391,0.0366924157303,0.0385508186901,0.0383277821317,0.0391885080645,0.0388930612544,after_reset,2.15981894558,3907.36649844,0.0496596468924,1.23938851002,0.455133087811,0.0496596468924,0.0558582738748,0.0309516370535,0.0633839337395,0.0489108076667,0.0489677118912,0.0186884205812,0.0874734607219,0.076404494382,0.0814696485623,0.0937304075235,0.0870967741935,0.0886283704572,942,89,313,319,310,853
fixed_r8,eps2,123,1,1,shared_reset,2.97808652738e-15,2.1714870795e-07,-0.00386362001937,0.00425391620147,1.17954316264e-07,10,-1.28838128136e-05,6.07663540923,5.28289614452,2.42796347655,0.387760377605,0.000410529458599,0.00416959269663,0.000599041533546,0.000208170062696,0.000428427419355,1.83177022274e-05,after_reset,0.00226954031811,6.07313687002,0.0019577989323,0.0488620772293,0.455133087811,0.0019577989323,0.00636736412493,0.0014226502212,0.0023489224934,0.00198145467526,5.20168612253e-05,0.0186884205812,0.00116772823779,0.0112359550562,0.00159744408946,0.000626959247649,0.00129032258065,0.000117233294256,942,89,313,319,310,853
fixed_r8,eps2,123,1,1,local_reset,2.34035880953e-15,-0.6888322422,-0.96471375484,3811.60018337,1.27647086985,10,-0.111327991387,87.1417581216,5.3125759883,2.42791895808,1.47600864196,0.0386187964437,0.0361218398876,0.0384884185304,0.0383645180251,0.0390120967742,0.0388793229777,after_reset,2.15963983257,3896.48866439,0.0495904742303,1.23766212234,0.455133087811,0.0495904742303,0.0552291769662,0.0308833323974,0.0633131928001,0.0488353615175,0.0489647496196,0.0186884205812,0.0875796178344,0.0775280898876,0.0817891373802,0.0940438871473,0.0867741935484,0.0886283704572,942,89,313,319,310,853
fixed_r8,eps2,2026,0,0.25,retained,1.84314369323e-15,0,0,147.14999171,0,-1,0,0,5.08439527692,1.72488471139,0,0.0110967356688,0.0109296085859,0.0115065894569,0.0104329937304,0.0113659274194,0.0111163626928,pulse,0.544515169249,147.14999171,0.00963699589203,1,0.284937797655,0.00963699589203,0.0100751045887,0.00508916199894,0.0136009314389,0.0081058012407,0.00958423145815,0.0186884205812,0.0462845010616,0.0474747474747,0.0482428115016,0.0457680250784,0.0448387096774,0.0461447212337,942,99,313,319,310,843
fixed_r8,eps2,2026,0,0.25,retained,1.85268467234e-15,0.00767476221868,-0.0103779415261,154.6882347,0.000467399042149,0,0.000138670740856,0.412382661348,5.08439527692,1.78027430557,0.112255748312,0.011221138535,0.0112847222222,0.0114566693291,0.0111187304075,0.0110887096774,0.0112136714116,before_reset,0.544237827333,155.095955744,0.00989376953151,1.02664457289,0.295380506469,0.00989376953151,0.0122622383015,0.00529893999016,0.0139154264559,0.00835690251679,0.00957726660517,0.0186884205812,0.0434182590234,0.0474747474747,0.0463258785942,0.0442006269592,0.0396774193548,0.0429418742586,942,99,313,319,310,843
fixed_r8,eps2,2026,0,0.25,retained,1.85268467234e-15,0.00767476221868,-0.0103779415261,154.6882347,0.000467399042149,0,0.000138670740856,0.412382661348,5.08439527692,1.78027430557,0.112255748312,0.011221138535,0.0112847222222,0.0114566693291,0.0111187304075,0.0110887096774,0.0112136714116,after_reset,0.544237827333,155.095955744,0.00989376953151,1.02664457289,0.295380506469,0.00989376953151,0.0122622383015,0.00529893999016,0.0139154264559,0.00835690251679,0.00957726660517,0.0186884205812,0.0434182590234,0.0474747474747,0.0463258785942,0.0442006269592,0.0396774193548,0.0429418742586,942,99,313,319,310,843
fixed_r8,eps2,2026,0,0.25,shared_reset,1.23165366794e-15,0,0,0,0,0,0,0.412382661348,5.08439527692,1.78027430557,0.112255748312,0.000219778397028,0.00209122474747,0.000274560702875,0.000159188871473,0.000226814516129,0,after_reset,0,0.412382661348,0.000510166281587,0.0529383105796,0.295380506469,0.000510166281587,0.00157369152332,0.00033135571492,0.000657010605737,0.00048562291416,0,0.0186884205812,0.00116772823779,0.0111111111111,0.000638977635783,0.0012539184953,0.00161290322581,0,942,99,313,319,310,843
fixed_r8,eps2,2026,0,0.25,local_reset,1.85268467234e-15,0,0,154.6882347,0,0,0,0,5.08439527692,1.78018602832,0,0.011221138535,0.0112847222222,0.011481629393,0.0110942398119,0.0110887096774,0.0112136714116,after_reset,0.544237827333,154.6882347,0.00988075644998,1.02529424737,0.295380506469,0.00988075644998,0.0121619890574,0.00528667471291,0.0139016984461,0.00834145841258,0.00957726660517,0.0186884205812,0.0430997876858,0.0444444444444,0.0456869009585,0.0445141065831,0.0390322580645,0.0429418742586,942,99,313,319,310,843
fixed_r8,eps2,2026,0,0.25,retained,1.95058812852e-15,0.00489703977448,-0.00469815177071,162.948070329,0.0011321062465,1,0.000493822113321,1.02195331861,5.08439527692,1.84052465711,0.174702911957,0.0109308651805,0.0104955808081,0.0111696285942,0.010457484326,0.0111769153226,0.0109819839858,after_reset,0.543929108607,163.972541174,0.0101729548379,1.05561473222,0.306759537606,0.0101729548379,0.0125244247251,0.00551516707858,0.0142005728456,0.0087321717796,0.00986007606416,0.0186884205812,0.0408704883227,0.0454545454545,0.0415335463259,0.0420062695925,0.0390322580645,0.0403321470937,942,99,313,319,310,843
fixed_r8,eps2,2026,0,0.25,shared_reset,1.65113148848e-15,1.95223778906e-09,-1.1476236072e-05,1.50880649068e-05,6.12268883466e-11,1,2.71123179277e-08,0.420726943696,5.08439527692,1.84054621554,0.112086660916,0.000165870488323,0.00157828282828,0.000174720447284,9.79623824451e-05,0.000226814516129,0,after_reset,0.000179945985116,0.420719137479,0.000515297086074,0.0534707176228,0.306759537606,0.000515297086074,0.0015894943575,0.000333583968382,0.000662951071776,0.000492191845096,2.99167195567e-06,0.0186884205812,0.00116772823779,0.0111111111111,0.000638977635783,0.00188087774295,0.000967741935484,0,942,99,313,319,310,843
fixed_r8,eps2,2026,0,0.25,local_reset,1.89106542925e-15,-0.0028538519923,0.00678021039538,162.943491633,0.00060650901724,1,0.000336002432464,0.548583599953,5.08439527692,1.84043655104,0.127883473624,0.0109101313694,0.0102982954545,0.0111446685304,0.0104452390282,0.0111517137097,0.0109819839858,after_reset,0.543920770345,163.501206464,0.0101583233718,1.05409647214,0.306759537606,0.0101583233718,0.0124118320829,0.00550186663215,0.0141846827716,0.00871544420514,0.00985993972419,0.0186884205812,0.0404458598726,0.0414141414141,0.0408945686901,0.0416927899687,0.0387096774194,0.0403321470937,942,99,313,319,310,843
fixed_r8,eps2,2026,0,0.25,retained,2.20309881449e-15,0.0271259575698,0.00479169825879,185.617843358,0.00310156299341,4,0.00129936977038,2.98231147198,5.2193148829,1.99803745936,0.289522410991,0.0108603702229,0.0107323232323,0.0118310702875,0.0103105407524,0.0104460685484,0.0108754077699,after_reset,0.543096937263,188.669690444,0.0109122076418,1.13232461278,0.338782571152,0.0109122076418,0.0132574726326,0.00622702726377,0.0149785235336,0.00958213852918,0.0106028015139,0.0186884205812,0.0394904458599,0.0444444444444,0.0361022364217,0.0388714733542,0.0435483870968,0.0389086595492,942,99,313,319,310,843
fixed_r8,eps2,2026,0,0.25,shared_reset,1.61676227961e-15,3.50427638628e-09,-5.32457465229e-05,8.66217931556e-05,3.30855646792e-10,4,1.2432359774e-07,0.458201380981,5.22290925077,1.99778292144,0.113614838996,0.000132696390658,0.00122316919192,0.000162240415335,9.79623824451e-05,0.000138608870968,4.6337485172e-06,after_reset,0.000390783030632,0.458181767268,0.000537750043742,0.0558005886655,0.338782571152,0.000537750043742,0.0016586388636,0.000338126813981,0.000701110660121,0.000507401125038,7.36669496661e-06,0.0186884205812,0.000849256900212,0.00808080808081,0.000958466453674,0.000626959247649,0.000967741935484,0,942,99,313,319,310,843
fixed_r8,eps2,2026,0,0.25,local_reset,2.38351005599e-15,0.0193267279831,0.018122813462,185.597049844,0.00235626759541,4,0.00107353274336,2.26480102074,5.22032092436,1.99795074212,0.252173774875,0.0108230493631,0.0104561237374,0.0118061102236,0.0102860501567,0.0103830645161,0.0108661402728,after_reset,0.543065502062,187.941253281,0.01089112173,1.13013659568,0.338782571152,0.01089112173,0.0130958469297,0.00621053754427,0.0149516241882,0.00956325807754,0.0106021637811,0.0186884205812,0.0394904458599,0.0444444444444,0.0364217252396,0.0385579937304,0.0435483870968,0.0389086595492,942,99,313,319,310,843
fixed_r8,eps2,2026,0,0.25,retained,2.21524187882e-15,0.0407495020086,-0.0423388696733,236.616054223,0.0085815476379,10,0.00282999986979,9.31388937468,5.79823235231,2.3436320813,0.483932158978,0.00984856024416,0.0108112373737,0.00980930511182,0.00968603056426,0.0100554435484,0.00973550563464,after_reset,0.541107080734,245.94100641,0.0124588232831,1.29281193255,0.411726458098,0.0124588232831,0.0146375391219,0.00784953411443,0.0164455117742,0.0114523885088,0.012177409802,0.0186884205812,0.0356687898089,0.0424242424242,0.0348242811502,0.0366771159875,0.0354838709677,0.0348754448399,942,99,313,319,310,843
fixed_r8,eps2,2026,0,0.25,shared_reset,2.10707915959e-15,3.31377624662e-08,-0.000193316391056,0.000497662945939,1.50394705565e-09,10,3.39406110392e-07,0.518858991381,5.80005912673,2.34315663758,0.114669888336,0.000165870488323,0.00145991161616,0.000199680511182,0.000134698275862,0.000163810483871,1.39012455516e-05,after_reset,0.000805088427214,0.518970768137,0.000572312196172,0.0593869918161,0.411726458098,0.000572312196172,0.00176455673285,0.00034404449877,0.000744082309365,0.000553225294243,1.85944900101e-05,0.0186884205812,0.000849256900212,0.00707070707071,0.00127795527157,0.000313479623824,0.000967741935484,0.00011862396204,942,99,313,319,310,843
fixed_r8,eps2,2026,0,0.25,local_reset,2.76514922071e-15,0.033183982364,-0.0222340909216,236.543914655,0.00742270988813,10,0.00248086656494,8.0610328379,5.79822945737,2.34354833806,0.450055905812,0.00979050557325,0.0102588383838,0.00972194488818,0.00968603056426,0.00996723790323,0.00973550563464,after_reset,0.541023163243,244.639231719,0.0124258070338,1.28938594277,0.411726458098,0.0124258070338,0.0143840272525,0.00782879342549,0.0164040121985,0.0114189208249,0.0121751900083,0.0186884205812,0.0352441613588,0.0393939393939,0.0345047923323,0.0366771159875,0.0345161290323,0.0347568208778,942,99,313,319,310,843
fixed_r8,eps2,2026,0,1,retained,1.76247905159e-15,0,0,2354.39988546,0,-1,0,0,5.08439527692,1.72488471139,0,0.0444325570594,0.0446259469697,0.0474865215655,0.0424911833856,0.0433467741935,0.0444098457888,pulse,2.17806067246,2354.39988546,0.0385479837163,1,0.284937797655,0.0385479837163,0.0403004185649,0.0203566483946,0.0544037257798,0.0324232052039,0.0383369259732,0.0186884205812,0.152335456476,0.160606060606,0.155591054313,0.15078369906,0.15064516129,0.151364175563,942,99,313,319,310,843
fixed_r8,eps2,2026,0,1,retained,1.61329283266e-15,0.273303196026,-0.181341744401,2475.0059188,0.118891012367,0,0.00865505645695,6.56177706269,5.08439527692,1.78042398129,0.447702971541,0.0432341427813,0.0450994318182,0.0443540335463,0.0422095415361,0.0431577620968,0.0430150874852,before_reset,2.17695001035,2481.88781989,0.0395778890527,1.02671748914,0.295380506469,0.0395778890527,0.0490708250768,0.0212003759376,0.0556642225905,0.0334304546462,0.0383090219601,0.0186884205812,0.155626326964,0.168686868687,0.16517571885,0.152664576803,0.149032258065,0.15409252669,942,99,313,319,310,843
fixed_r8,eps2,2026,0,1,retained,1.61329283266e-15,0.273303196026,-0.181341744401,2475.0059188,0.118891012367,0,0.00865505645695,6.56177706269,5.08439527692,1.78042398129,0.447702971541,0.0432341427813,0.0450994318182,0.0443540335463,0.0422095415361,0.0431577620968,0.0430150874852,after_reset,2.17695001035,2481.88781989,0.0395778890527,1.02671748914,0.295380506469,0.0395778890527,0.0490708250768,0.0212003759376,0.0556642225905,0.0334304546462,0.0383090219601,0.0186884205812,0.155626326964,0.168686868687,0.16517571885,0.152664576803,0.149032258065,0.15409252669,942,99,313,319,310,843
fixed_r8,eps2,2026,0,1,shared_reset,1.59247615095e-15,0,0,0,0,0,0,6.56177706269,5.08439527692,1.78042398129,0.447702971541,0.000684215764331,0.00651041666667,0.000798722044728,0.000465321316614,0.000793850806452,0,after_reset,0,6.56177706269,0.00203503690001,0.0527923046504,0.295380506469,0.00203503690001,0.00627740490655,0.00131619091182,0.00262266050784,0.00193836824594,0,0.0186884205812,0.00339702760085,0.0323232323232,0.00415335463259,0.00344827586207,0.00258064516129,0,942,99,313,319,310,843
fixed_r8,eps2,2026,0,1,local_reset,1.65145674913e-15,0,0,2475.0059188,0,0,0,0,5.08439527692,1.78018602832,0,0.0431097399151,0.043915719697,0.0442417132588,0.0421115791536,0.0429939516129,0.0430150874852,after_reset,2.17695001035,2475.0059188,0.0395229791996,1.02529303453,0.295380506469,0.0395229791996,0.0486478941204,0.0211466424225,0.0556067467219,0.0333657827343,0.0383090219601,0.0186884205812,0.155414012739,0.166666666667,0.164217252396,0.152978056426,0.149032258065,0.15409252669,942,99,313,319,310,843
fixed_r8,eps2,2026,0,1,retained,1.5022705302e-15,-0.153554455446,-0.11486164807,2607.16307697,0.28952686912,1,0.0315323677519,16.3408174098,5.08439527692,1.84047895991,0.69856380529,0.0434000132696,0.0427320075758,0.0445162739617,0.0431156935737,0.0425655241935,0.0434784623369,after_reset,2.17571633364,2623.31965378,0.040689950297,1.05556624171,0.306759537606,0.040689950297,0.0501217320391,0.0220667999799,0.0567952201421,0.0349299925234,0.0394345631488,0.0186884205812,0.147239915074,0.150505050505,0.149520766773,0.146394984326,0.145806451613,0.146856465006,942,99,313,319,310,843
fixed_r8,eps2,2026,0,1,shared_reset,1.5707921075e-15,1.02469816996e-07,-0.000194767307018,0.000239622146515,1.54494341921e-08,1,1.46387764382e-06,6.69522150333,5.08439527692,1.84069610552,0.447067371144,0.000584693471338,0.00552398989899,0.000486721246006,0.000551038401254,0.000718245967742,4.6337485172e-06,after_reset,0.000717866183708,6.695074739,0.00205560311739,0.0533258271695,0.306759537606,0.00205560311739,0.00634074929872,0.00132472710601,0.00264676311776,0.00196455066859,1.19244735725e-05,0.0186884205812,0.00414012738854,0.0383838383838,0.00607028753994,0.00344827586207,0.00290322580645,0.00011862396204,942,99,313,319,310,843
fixed_r8,eps2,2026,0,1,local_reset,1.55691431969e-15,-0.430824982847,0.0848349202882,2607.09134297,0.156040892654,1,0.0215667284682,8.82063460455,5.08439527692,1.8402375987,0.512844835144,0.0433543988854,0.0423374368687,0.0445162739617,0.0430789576803,0.0424647177419,0.0434738285884,after_reset,2.17568338562,2615.4191718,0.0406286324508,1.0539755529,0.306759537606,0.0406286324508,0.049649788377,0.022009053349,0.0567292294285,0.0348601698068,0.0394340290689,0.0186884205812,0.147027600849,0.148484848485,0.149840255591,0.145454545455,0.145806451613,0.146856465006,942,99,313,319,310,843
fixed_r8,eps2,2026,0,1,retained,2.20483353797e-15,0.595610095651,-0.0630079492333,2969.8193664,0.790953618951,4,0.081881907372,47.5466344036,5.20195022609,1.99849373687,1.15607595593,0.0424877255839,0.0436000631313,0.0453399560703,0.040887049373,0.0412550403226,0.0423570951957,after_reset,2.17237961422,3019.38592253,0.0436536805282,1.13245042463,0.338782571152,0.0436536805282,0.0530574207261,0.0249295871503,0.0599125906363,0.0383336575893,0.0424127404029,0.0186884205812,0.13949044586,0.139393939394,0.137699680511,0.13855799373,0.142258064516,0.139501779359,942,99,313,319,310,843
fixed_r8,eps2,2026,0,1,shared_reset,2.03136119037e-15,1.09095596731e-07,-0.00089037804797,0.0013726960419,8.40895558691e-08,4,7.20666159682e-06,7.29564144379,5.21867142922,1.99793093925,0.453307401733,0.000613720806794,0.00568181818182,0.000648961661342,0.000551038401254,0.000642641129032,1.85349940688e-05,after_reset,0.00155754558269,7.29524809934,0.00214576217773,0.0556647059291,0.338782571152,0.00214576217773,0.00661840219863,0.00134311752164,0.00280023431772,0.00202502620297,2.93196073319e-05,0.0186884205812,0.00244161358811,0.0212121212121,0.00351437699681,0.00188087774295,0.00193548387097,0.000237247924081,942,99,313,319,310,843
fixed_r8,eps2,2026,0,1,local_reset,2.44249065418e-15,0.321121073202,0.166675023314,2969.49241798,0.601989739422,4,0.0677724012154,36.1642532841,5.20692888886,1.99824537239,1.00781235496,0.0424006435775,0.0428503787879,0.0451277955272,0.040887049373,0.0412046370968,0.0423478276987,after_reset,2.17225529574,3007.369798,0.0435667305661,1.13019479531,0.338782571152,0.0435667305661,0.0523904848351,0.0248592529037,0.0598027920105,0.0382555388665,0.0424102010531,0.0186884205812,0.139171974522,0.136363636364,0.137060702875,0.139184952978,0.141290322581,0.139501779359,942,99,313,319,310,843
fixed_r8,eps2,2026,0,1,retained,2.1736085154e-15,-0.216465913695,-1.0464256962,3785.58052467,2.18927876751,10,0.172628917014,148.487863398,5.79126417066,2.34405516635,1.9326161577,0.0400079617834,0.0429292929293,0.0404228234824,0.0393931230408,0.0402217741935,0.0396648873072,after_reset,2.1644130586,3934.07714145,0.0498290937484,1.29265110505,0.411726458098,0.0498290937484,0.0585617805387,0.0314226184728,0.0657642266714,0.0457984405447,0.0487009103035,0.0186884205812,0.120063694268,0.121212121212,0.117891373802,0.123824451411,0.118387096774,0.119928825623,942,99,313,319,310,843
fixed_r8,eps2,2026,0,1,shared_reset,2.17881268583e-15,1.61243886284e-06,-0.00319867900133,0.00788559847764,3.8474007404e-07,10,1.95424417295e-05,8.26871636535,5.80006767985,2.34329968871,0.457714476544,0.000646894904459,0.00540561868687,0.000636481629393,0.000538793103448,0.000768649193548,8.80412218268e-05,after_reset,0.00321886397733,8.27024730033,0.00228465591183,0.0592678446852,0.411726458098,0.00228465591183,0.00704408498967,0.00136687825762,0.00297279924055,0.00220917699788,7.4018542893e-05,0.0186884205812,0.00265392781316,0.0222222222222,0.00319488817891,0.00188087774295,0.00290322580645,0.000355871886121,942,99,313,319,310,843
fixed_r8,eps2,2026,0,1,local_reset,2.40085729075e-15,-0.458362751281,-0.705829846528,3784.46131954,1.89508892934,10,0.151520394033,128.589470458,5.79125494644,2.34379823939,1.79795092513,0.0398545315817,0.0413904671717,0.0402481030351,0.0392461794671,0.0400831653226,0.0396741548043,after_reset,2.16408064254,3912.92053452,0.0496949281398,1.28917062188,0.411726458098,0.0496949281398,0.0575300336783,0.0313359700293,0.0655971079698,0.0456618332179,0.0486921372868,0.0186884205812,0.119214437367,0.114141414141,0.117571884984,0.123824451411,0.116129032258,0.119810201661,942,99,313,319,310,843
fixed_r8,eps2,2026,1,0.25,retained,1.44328993201e-15,0,0,145.881754677,0,-1,0,0,5.08439527692,1.72488471139,0,0.0108603702229,0.0114368556701,0.0116563498403,0.00994318181818,0.0110005040323,0.010794193787,pulse,0.544459676441,145.881754677,0.00959537698547,1,0.284937797655,0.00959537698547,0.0095769959295,0.00508087636729,0.0135573075877,0.00803591699091,0.00959748474769,0.0186884205812,0.0485138004246,0.0505154639175,0.0488817891374,0.0460815047022,0.0506451612903,0.0482840236686,942,97,313,319,310,845
fixed_r8,eps2,2026,1,0.25,retained,1.84097528888e-15,0.00616387748732,-0.00504563032549,152.793192903,0.0005331021811,0,0.000221439147746,0.468024509926,5.08439527692,1.77891135572,0.119733945853,0.0107193803079,0.0121214561856,0.0104832268371,0.0109350509404,0.0107358870968,0.0105584319527,before_reset,0.544206195186,153.264429888,0.00983517835291,1.02499134404,0.294662411442,0.00983517835291,0.0117477023686,0.00527300409818,0.0138101568183,0.00834299049085,0.00959126360025,0.0186884205812,0.0462845010616,0.0494845360825,0.0466453674121,0.0435736677116,0.0487096774194,0.0459171597633,942,97,313,319,310,845
fixed_r8,eps2,2026,1,0.25,retained,1.84097528888e-15,0.00616387748732,-0.00504563032549,152.793192903,0.0005331021811,0,0.000221439147746,0.468024509926,5.08439527692,1.77891135572,0.119733945853,0.0107193803079,0.0121214561856,0.0104832268371,0.0109350509404,0.0107358870968,0.0105584319527,after_reset,0.544206195186,153.264429888,0.00983517835291,1.02499134404,0.294662411442,0.00983517835291,0.0117477023686,0.00527300409818,0.0138101568183,0.00834299049085,0.00959126360025,0.0186884205812,0.0462845010616,0.0494845360825,0.0466453674121,0.0435736677116,0.0487096774194,0.0459171597633,942,97,313,319,310,845
fixed_r8,eps2,2026,1,0.25,shared_reset,1.20736753928e-15,0,0,0,0,0,0,0.468024509926,5.08439527692,1.77891135572,0.119733945853,0.000298566878981,0.00289948453608,0.000324480830671,0.000257151253918,0.00031502016129,0,after_reset,0,0.468024509926,0.000543495373448,0.0566413778501,0.294662411442,0.000543495373448,0.00169369589812,0.000362185449909,0.000635109423871,0.000591670256063,0,0.0186884205812,0.000955414012739,0.00927835051546,0.000958466453674,0.000940438871473,0.000967741935484,0,942,97,313,319,310,845
fixed_r8,eps2,2026,1,0.25,local_reset,1.56125112838e-15,0,0,152.793192903,0,0,0,0,5.08439527692,1.77881841082,0,0.0106530321125,0.0114771262887,0.0103459464856,0.0109105603448,0.0106980846774,0.0105584319527,after_reset,0.544206195186,152.793192903,0.00982004676687,1.02341437775,0.294662411442,0.00982004676687,0.0116241221309,0.00525843292581,0.0137958435115,0.00832245627838,0.00959126360025,0.0186884205812,0.0466029723992,0.0525773195876,0.0476038338658,0.0435736677116,0.0487096774194,0.0459171597633,942,97,313,319,310,845
fixed_r8,eps2,2026,1,0.25,retained,2.11636264069e-15,0.00845768155018,0.00547074686169,159.823435066,0.00109490851637,1,0.000434033314757,0.983565356806,5.22220854355,1.83146277586,0.171608344279,0.0102673832272,0.0107119845361,0.0104208266773,0.0104819749216,0.00989163306452,0.0102163461538,after_reset,0.543914052801,160.836820255,0.0100752142945,1.05000713466,0.305634436284,0.0100752142945,0.0120988473671,0.00553760023386,0.0140658704173,0.00859678814449,0.00981625881951,0.0186884205812,0.0454352441614,0.0515463917526,0.0460063897764,0.0460815047022,0.0441935483871,0.0447337278107,942,97,313,319,310,845
fixed_r8,eps2,2026,1,0.25,shared_reset,1.60982338571e-15,-3.20226905071e-10,-1.65427691853e-05,3.14392966506e-05,1.26754503985e-10,1,4.90565004671e-08,0.482873834742,5.22128998101,1.83139894108,0.120077366566,0.00021563163482,0.00209407216495,0.000137280351438,0.00019592476489,0.00031502016129,0,after_reset,0.000246136718822,0.482872286099,0.00055204908325,0.0575328185736,0.305634436284,0.00055204908325,0.00172030369848,0.000364264048862,0.000644890921718,0.000603440902937,4.36069389603e-06,0.0186884205812,0.00106157112527,0.0103092783505,0.00127795527157,0.0012539184953,0.000645161290323,0,942,97,313,319,310,845
fixed_r8,eps2,2026,1,0.25,local_reset,1.46757606068e-15,0.00253887520154,0.0105979154315,159.81650169,0.000481939012319,1,0.000167479032221,0.432348184919,5.22345978903,1.83136620481,0.113872961204,0.0102342091295,0.0103898195876,0.0104333067093,0.0104452390282,0.00981602822581,0.0102163461538,after_reset,0.543901814408,160.275940353,0.0100576315034,1.04817471149,0.305634436284,0.0100576315034,0.0119574639363,0.00551943697657,0.0140500053883,0.00857268180147,0.00981604499385,0.0186884205812,0.0452229299363,0.0494845360825,0.0460063897764,0.0457680250784,0.0438709677419,0.0447337278107,942,97,313,319,310,845
fixed_r8,eps2,2026,1,0.25,retained,2.2169766023e-15,0.0240525332163,-0.0388758066854,181.689680312,0.00286980077092,4,0.00124434174856,2.78249379157,5.22220854355,1.99192355271,0.278481418139,0.0100019904459,0.0103495489691,0.0101213059105,0.00952684169279,0.0103704637097,0.00996209319527,after_reset,0.542945660674,184.447886041,0.010789427322,1.1244401693,0.339068130986,0.010789427322,0.0127419953353,0.00629251976006,0.0146506618107,0.00963789740405,0.0105421718189,0.0186884205812,0.0444798301486,0.0422680412371,0.0415335463259,0.0476489028213,0.0441935483871,0.0447337278107,942,97,313,319,310,845
fixed_r8,eps2,2026,1,0.25,shared_reset,2.01574867909e-15,-1.84823675428e-11,-6.46833864488e-05,9.89238931956e-05,3.18534269968e-10,4,2.31447993218e-07,0.516871317879,5.22128998101,1.99161334835,0.119888861972,0.000178310774947,0.00169136597938,0.00011232028754,0.000134698275862,0.000289818548387,4.62278106509e-06,after_reset,0.000396696906091,0.516841338176,0.000571136839564,0.0595220844818,0.339068130986,0.000571136839564,0.00177968364476,0.00036988270494,0.000671208175216,0.000624084615007,7.86579738706e-06,0.0186884205812,0.00127388535032,0.0113402061856,0.000958466453674,0.000940438871473,0.00193548387097,0.000118343195266,942,97,313,319,310,845
fixed_r8,eps2,2026,1,0.25,local_reset,2.41126563161e-15,0.0181603449701,-0.0288336498452,181.667860434,0.00212867741966,4,0.000859310255168,2.06591319046,5.22345978903,1.99182844886,0.239967471091,0.0100310177813,0.010631443299,0.0101337859425,0.00960031347962,0.0103704637097,0.00996209319527,after_reset,0.542913703767,183.716274313,0.0107680079529,1.12220791004,0.339068130986,0.0107680079529,0.0125695850263,0.00627114669917,0.0146315509784,0.00960900250163,0.010541517366,0.0186884205812,0.044161358811,0.039175257732,0.041214057508,0.0473354231975,0.0438709677419,0.0447337278107,942,97,313,319,310,845
fixed_r8,eps2,2026,1,0.25,retained,1.93421667571e-15,0.0587059049274,-0.118181877453,226.938606376,0.00757555850029,10,0.00444000512751,8.17280695339,5.87126605135,2.3076493494,0.453531231306,0.00954584660297,0.00954413659794,0.00942242412141,0.00942887931034,0.0097908266129,0.00954604289941,after_reset,0.54110928007,235.008916953,0.0121787782623,1.26923395305,0.404980208907,0.0121787782623,0.0142493076406,0.00763246283541,0.0158021597589,0.0116160816066,0.0119181021049,0.0186884205812,0.0336518046709,0.0340206185567,0.0316293929712,0.0360501567398,0.0332258064516,0.0336094674556,942,97,313,319,310,845
fixed_r8,eps2,2026,1,0.25,shared_reset,2.33927460735e-15,-1.83116584061e-08,-0.000175476437126,0.000508753974596,1.50010663994e-09,10,2.79083555919e-07,0.556398371765,5.87497168956,2.3069096022,0.118163307555,0.000145136677282,0.00132893041237,8.73602236422e-05,0.000134698275862,0.000214213709677,9.24556213018e-06,after_reset,0.000834951035373,0.556556695909,0.000592674523106,0.0617666740977,0.404980208907,0.000592674523106,0.0018461410693,0.000378891051616,0.000691531122212,0.000656002961148,1.85528787105e-05,0.0186884205812,0.000743099787686,0.00515463917526,0.000319488817891,0.0012539184953,0.000645161290323,0.000236686390533,942,97,313,319,310,845
fixed_r8,eps2,2026,1,0.25,local_reset,1.7832957333e-15,0.0536108873045,-0.100503985399,226.876792364,0.00649433457173,10,0.00379732317051,7.0133005029,5.87128276683,2.30755546287,0.420093668069,0.00949608545648,0.00918170103093,0.00938498402556,0.00944112460815,0.00966481854839,0.00953217455621,after_reset,0.541027964477,233.810395652,0.0121476833082,1.26599333477,0.404980208907,0.0121476833082,0.0140029827647,0.00760520224666,0.0157739975428,0.0115745090324,0.0119162396048,0.0186884205812,0.033864118896,0.0360824742268,0.0319488817891,0.0360501567398,0.0335483870968,0.0336094674556,942,97,313,319,310,845
fixed_r8,eps2,2026,1,1,retained,1.74860126378e-15,0,0,2334.10804787,0,-1,0,0,5.08439527692,1.72488471139,0,0.0433046377389,0.0441365979381,0.0444663538339,0.0419891261755,0.0434853830645,0.0432091346154,pulse,2.17783869413,2334.10804787,0.0383815077203,1,0.284937797655,0.0383815077203,0.0383079836029,0.0203235051296,0.0542292302253,0.0321436675944,0.038389938757,0.0186884205812,0.159554140127,0.165979381443,0.166773162939,0.155485893417,0.156451612903,0.158816568047,942,97,313,319,310,845
fixed_r8,eps2,2026,1,1,retained,1.88737914186e-15,0.204979179953,-0.107527076269,2444.68152381,0.135846924419,0,0.0138669879997,7.45418081708,5.08439527692,1.77909504021,0.477825998696,0.0426079816879,0.0428076675258,0.0415460263578,0.0429932405956,0.0432837701613,0.0425850591716,before_reset,2.17682186587,2452.49418974,0.0393428254856,1.02504637838,0.294662411442,0.0393428254856,0.0470085014833,0.0210962820138,0.0552414137787,0.0333754657837,0.0383649808647,0.0186884205812,0.157112526539,0.180412371134,0.169968051118,0.152351097179,0.149032258065,0.154437869822,942,97,313,319,310,845
fixed_r8,eps2,2026,1,1,retained,1.88737914186e-15,0.204979179953,-0.107527076269,2444.68152381,0.135846924419,0,0.0138669879997,7.45418081708,5.08439527692,1.77909504021,0.477825998696,0.0426079816879,0.0428076675258,0.0415460263578,0.0429932405956,0.0432837701613,0.0425850591716,after_reset,2.17682186587,2452.49418974,0.0393428254856,1.02504637838,0.294662411442,0.0393428254856,0.0470085014833,0.0210962820138,0.0552414137787,0.0333754657837,0.0383649808647,0.0186884205812,0.157112526539,0.180412371134,0.169968051118,0.152351097179,0.149032258065,0.154437869822,942,97,313,319,310,845
fixed_r8,eps2,2026,1,1,shared_reset,1.11976400374e-15,0,0,0,0,0,0,7.45418081708,5.08439527692,1.77909504021,0.477825998696,0.00083764596603,0.00813466494845,0.000823682108626,0.000612264890282,0.00108366935484,0,after_reset,0,7.45418081708,0.00216900980136,0.0565118446405,0.294662411442,0.00216900980136,0.00675929029575,0.0014449625135,0.00253743338099,0.00235845449261,0,0.0186884205812,0.00403397027601,0.039175257732,0.00319488817891,0.00282131661442,0.00612903225806,0,942,97,313,319,310,845
fixed_r8,eps2,2026,1,1,local_reset,1.88737914186e-15,0,0,2444.68152381,0,0,0,0,5.08439527692,1.77881841082,0,0.0426328622611,0.0430492912371,0.0415585063898,0.0430789576803,0.0432585685484,0.0425850591716,after_reset,2.17682186587,2444.68152381,0.0392801102434,1.02341238207,0.294662411442,0.0392801102434,0.0464963868184,0.0210336537231,0.0551832872102,0.0332897475312,0.0383649808647,0.0186884205812,0.157006369427,0.179381443299,0.1696485623,0.152351097179,0.149032258065,0.154437869822,942,97,313,319,310,845
fixed_r8,eps2,2026,1,1,retained,1.46063716677e-15,0.132015908909,0.0404874233586,2557.16141934,0.279712693398,1,0.0274522210032,15.7053759063,5.22033880871,1.83172874001,0.685733986141,0.0422015989915,0.042606314433,0.0418330670927,0.0422830133229,0.0424899193548,0.0421551405325,after_reset,2.17565353749,2573.54641905,0.0403020888274,1.05003923038,0.305634436284,0.0403020888274,0.048408704362,0.0221583164211,0.0562625671423,0.0343879296497,0.0392645604232,0.0186884205812,0.154670912951,0.167010309278,0.155910543131,0.152978056426,0.155161290323,0.15325443787,942,97,313,319,310,845
fixed_r8,eps2,2026,1,1,shared_reset,1.45109618765e-15,-6.09428393203e-08,-0.000261988989973,0.000505447210128,3.26363926395e-08,1,2.59472807831e-06,7.68974052333,5.2168063785,1.83159161393,0.47917743305,0.000783738057325,0.00749033505155,0.000524161341853,0.000685736677116,0.0011466733871,1.38683431953e-05,after_reset,0.000988282883538,7.68972709277,0.00220301277911,0.0573977654855,0.305634436284,0.00220301277911,0.00686505988613,0.00145318925957,0.00257615771232,0.00240545320821,1.74849024783e-05,0.0186884205812,0.00339702760085,0.0329896907216,0.00287539936102,0.00313479623824,0.0041935483871,0,942,97,313,319,310,845
fixed_r8,eps2,2026,1,1,local_reset,1.80411241502e-15,-0.0519476206957,0.149593117817,2557.04955222,0.123206359778,1,0.0107356410087,6.90868417613,5.22603260158,1.83143386145,0.455220661904,0.0421145169851,0.041881443299,0.0416458666134,0.0423197492163,0.0423765120968,0.0421412721893,after_reset,2.17560374729,2564.29820503,0.0402296095058,1.04815083865,0.305634436284,0.0402296095058,0.0478258117665,0.0220816028705,0.0561983316475,0.0342878034828,0.0392636985901,0.0186884205812,0.154670912951,0.167010309278,0.154313099042,0.153605015674,0.156129032258,0.15325443787,942,97,313,319,310,845
fixed_r8,eps2,2026,1,1,retained,1.93248195224e-15,0.400161481006,-0.794901891962,2906.99382067,0.732726646487,4,0.0781050843638,44.3851208112,5.22033880871,1.99254800804,1.11236274844,0.0405802149682,0.0410357603093,0.0404228234824,0.0398706896552,0.0414692540323,0.0405279215976,after_reset,2.17177702849,2951.47839747,0.0431599921786,1.12449965471,0.339068130986,0.0431599921786,0.0509668370943,0.0251847813645,0.0585978765226,0.0385571227813,0.0421714506519,0.0186884205812,0.147027600849,0.150515463918,0.143450479233,0.148589341693,0.149032258065,0.146627218935,942,97,313,319,310,845
fixed_r8,eps2,2026,1,1,shared_reset,2.08947442681e-15,-1.19264886275e-07,-0.0010562159003,0.00157539241453,8.14529722895e-08,4,1.36551218449e-05,8.23242692567,5.2168063785,1.99180335546,0.4785118701,0.00075056395966,0.00712789948454,0.000474241214058,0.000600019592476,0.00118447580645,1.84911242604e-05,after_reset,0.00158896073999,8.23191703945,0.00227935539559,0.0593868123213,0.339068130986,0.00227935539559,0.00710255600935,0.001474852996,0.00268124192181,0.00248867097908,3.13974200504e-05,0.0186884205812,0.00435244161359,0.039175257732,0.00287539936102,0.00344827586207,0.00677419354839,0.000355029585799,942,97,313,319,310,845
fixed_r8,eps2,2026,1,1,local_reset,2.38004060904e-15,0.225419221083,-0.599976205089,2906.6493677,0.543532244366,4,0.0539117526979,32.9569057698,5.22603260158,1.99225158056,0.958569586436,0.0403936106688,0.0392638530928,0.0401233027157,0.0398339537618,0.0412424395161,0.0405232988166,after_reset,2.17164838911,2939.50851525,0.0430723844082,1.12221710315,0.339068130986,0.0430723844082,0.050260927732,0.0250956660853,0.058521071766,0.0384379495491,0.0421688538447,0.0186884205812,0.145966029724,0.141237113402,0.143450479233,0.147335423197,0.147096774194,0.14650887574,942,97,313,319,310,845
fixed_r8,eps2,2026,1,1,retained,2.02854226472e-15,1.10537129026,-2.50945618446,3630.87592756,1.93198984386,10,0.27939342659,130.165604755,5.85703397318,2.30890038062,1.81046134162,0.0382704684183,0.0375724871134,0.0375648961661,0.0384379898119,0.038810483871,0.038350591716,after_reset,2.16442193848,3760.72413922,0.048718879553,1.26933209368,0.404980208907,0.048718879553,0.0569700306646,0.0305457918709,0.0632092138546,0.0464649439449,0.0476804308245,0.0186884205812,0.124840764331,0.126804123711,0.126517571885,0.130721003135,0.117096774194,0.124615384615,942,97,313,319,310,845
fixed_r8,eps2,2026,1,1,shared_reset,2.27248775353e-15,-1.72035133879e-06,-0.00283367402211,0.00813543123896,3.84712658405e-07,10,1.52840827879e-05,8.8674436673,5.87492284504,2.30709993696,0.471829871777,0.000684215764331,0.00624194587629,0.000536641373802,0.000453076018809,0.00107106854839,4.62278106509e-05,after_reset,0.00334773173719,8.86993926267,0.00236603887434,0.0616452821912,0.404980208907,0.00236603887434,0.00737003620974,0.00151089511935,0.0027635927231,0.00261668670971,7.42358739097e-05,0.0186884205812,0.002016985138,0.0164948453608,0.00127795527157,0.00219435736677,0.00258064516129,0.000355029585799,942,97,313,319,310,845
fixed_r8,eps2,2026,1,1,local_reset,2.15799600412e-15,0.997481164233,-2.17021527821,3629.89154429,1.65572307516,10,0.238865895225,111.664254972,5.85710379122,2.30859448823,1.67671030599,0.0380963044055,0.0359616623711,0.0374900159744,0.0383522727273,0.0384450604839,0.0383413461538,after_reset,2.16409459329,3741.3437859,0.0485931845213,1.26605720847,0.404980208907,0.0485931845213,0.0559730724754,0.0304335833045,0.0630967671924,0.0462962876596,0.0476729835847,0.0186884205812,0.124309978769,0.121649484536,0.126517571885,0.129780564263,0.116451612903,0.124615384615,942,97,313,319,310,845
fixed_r8,eps2,42,0,0.25,retained,1.80584713849e-15,0,0,146.25654016,0,-1,0,0,4.9471673249,1.72762665633,0,0.0109847730892,0.0112413194444,0.0108326677316,0.0112534286834,0.0108618951613,0.0109576731221,pulse,0.547091486103,146.25654016,0.00960769484254,1,0.293812152968,0.00960769484254,0.0101132901739,0.00503342244012,0.0134040082374,0.00836854200714,0.00955272435784,0.0186884205812,0.0364118895966,0.03,0.0364217252396,0.0385579937304,0.0341935483871,0.0370892018779,942,90,313,319,310,852
fixed_r8,eps2,42,0,0.25,retained,2.21350715535e-15,-0.000247571939189,-0.00123867836256,152.65606337,0.000443147081074,0,-0.000212781889349,0.386204903753,4.97068455019,1.77653651998,0.108207704489,0.01040422638,0.00998263888889,0.00979682507987,0.010775862069,0.0106350806452,0.01044876027,before_reset,0.546832743783,153.039313357,0.00982795268796,1.02292515,0.303696408513,0.00982795268796,0.0121987595659,0.00522297778866,0.0136583633797,0.00860200568694,0.00954318304724,0.0186884205812,0.0373673036093,0.0388888888889,0.0386581469649,0.0398119122257,0.0335483870968,0.03720657277,942,90,313,319,310,852
fixed_r8,eps2,42,0,0.25,retained,2.21350715535e-15,-0.000247571939189,-0.00123867836256,152.65606337,0.000443147081074,0,-0.000212781889349,0.386204903753,4.97068455019,1.77653651998,0.108207704489,0.01040422638,0.00998263888889,0.00979682507987,0.010775862069,0.0106350806452,0.01044876027,after_reset,0.546832743783,153.039313357,0.00982795268796,1.02292515,0.303696408513,0.00982795268796,0.0121987595659,0.00522297778866,0.0136583633797,0.00860200568694,0.00954318304724,0.0186884205812,0.0373673036093,0.0388888888889,0.0386581469649,0.0398119122257,0.0335483870968,0.03720657277,942,90,313,319,310,852
fixed_r8,eps2,42,0,0.25,shared_reset,1.56125112838e-15,0,0,0,0,0,0,0.386204903753,4.97068455019,1.77653651998,0.108207704489,0.000132696390658,0.00138888888889,0.00011232028754,0.000134698275862,0.000151209677419,0,after_reset,0,0.386204903753,0.000493708318586,0.0513867609949,0.303696408513,0.000493708318586,0.00159725641655,0.000291579526782,0.000661396024006,0.000452430132687,0,0.0186884205812,0.000636942675159,0.00666666666667,0,0.00156739811912,0.000322580645161,0,942,90,313,319,310,852
fixed_r8,eps2,42,0,0.25,local_reset,2.21350715535e-15,0,0,152.65606337,0,0,0,0,4.97402477119,1.77655281303,0,0.0103751990446,0.00967881944444,0.00973442492013,0.0107391261755,0.0106476814516,0.01044876027,after_reset,0.546832743783,152.65606337,0.00981563910748,1.02164351266,0.303696408513,0.00981563910748,0.0120945453306,0.00521495295194,0.0136424207554,0.00859022382719,0.00954318304724,0.0186884205812,0.0371549893843,0.0366666666667,0.0389776357827,0.0388714733542,0.0335483870968,0.03720657277,942,90,313,319,310,852
fixed_r8,eps2,42,0,0.25,retained,2.47024622979e-15,-0.00533138733223,-0.000592879835164,159.261534169,0.000914248834848,1,-0.000514762492724,0.81836394376,4.97068455019,1.83010003046,0.155590144638,0.0100393113057,0.0102864583333,0.00960962460064,0.0101391065831,0.0103704637097,0.0100132042254,after_reset,0.546571737893,160.067934302,0.0100511029895,1.0461513562,0.314653277698,0.0100511029895,0.0124025878352,0.00546235051793,0.0138635269098,0.00889276802242,0.00976971124886,0.0186884205812,0.0316348195329,0.0322222222222,0.0338658146965,0.0307210031348,0.0303225806452,0.0315727699531,942,90,313,319,310,852
fixed_r8,eps2,42,0,0.25,shared_reset,1.76594849854e-15,-7.45452309474e-10,-9.0648877852e-06,1.45552814823e-05,4.9961774674e-11,1,2.21045853989e-08,0.39514914454,4.97068455019,1.83016228871,0.108207468751,0.000140989915074,0.00147569444444,0.000137280351438,0.000122452978056,0.000163810483871,0,after_reset,0.000175334338553,0.395145612814,0.000499390337491,0.0519781639275,0.314653277698,0.000499390337491,0.00161561320173,0.000293462336588,0.000668746107686,0.000458984961982,2.96823188753e-06,0.0186884205812,0.000743099787686,0.00777777777778,0.00127795527157,0.000313479623824,0.000645161290323,0,942,90,313,319,310,852
fixed_r8,eps2,42,0,0.25,local_reset,2.67494359996e-15,-0.00497307619655,0.00165031177252,159.258569302,0.00042718560117,1,-0.000272517751289,0.383749764353,4.97402477119,1.83011458134,0.106479343225,0.0100434580679,0.0103732638889,0.00965954472843,0.0101391065831,0.0103326612903,0.0100086194249,after_reset,0.546564853657,159.635555688,0.0100375186924,1.04473745856,0.314653277698,0.0100375186924,0.0122876003425,0.00545401267051,0.0138466717087,0.00887832252244,0.00976961834958,0.0186884205812,0.0316348195329,0.0322222222222,0.0335463258786,0.0310344827586,0.0303225806452,0.0315727699531,942,90,313,319,310,852
fixed_r8,eps2,42,0,0.25,retained,2.6953266008e-15,-0.0215017101687,0.0127658801987,180.94336358,0.00256718652968,4,-0.0015943521971,2.42569480976,5.20923346654,1.97969701982,0.260811444611,0.00992734872611,0.0107638888889,0.00963458466454,0.010335031348,0.00980342741935,0.00983898180751,after_reset,0.545665036258,183.350965212,0.0107572968477,1.11965430043,0.349290930115,0.0107572968477,0.0131701901552,0.00608222305736,0.0145618291471,0.00980220702664,0.0104699915714,0.0186884205812,0.0329087048832,0.0266666666667,0.0303514376997,0.0379310344828,0.0303225806452,0.0335680751174,942,90,313,319,310,852
fixed_r8,eps2,42,0,0.25,shared_reset,2.34187669257e-15,5.83039255056e-10,-4.46120888874e-05,9.39140267263e-05,3.53522359333e-10,4,7.45392699395e-08,0.423376032509,5.20971836397,1.97993728839,0.109017388893,0.000165870488323,0.00164930555556,0.000149760383387,0.000171434169279,0.000176411290323,9.16960093897e-06,after_reset,0.00043493506936,0.423380872956,0.000516924563732,0.0538031829907,0.349290930115,0.000516924563732,0.00167220165133,0.000296813587658,0.000695902853898,0.000474009756003,7.62329639216e-06,0.0186884205812,0.000636942675159,0.00666666666667,0,0.0012539184953,0.000645161290323,0,942,90,313,319,310,852
fixed_r8,eps2,42,0,0.25,local_reset,2.21263979361e-15,-0.0213274723201,0.0101399227306,180.928865991,0.0018682860232,4,-0.00122630277406,1.77603585619,5.20923267833,1.97971158864,0.222981339789,0.00989832139066,0.010546875,0.00964706469649,0.0102860501567,0.00975302419355,0.00982981220657,after_reset,0.545631373477,182.681942429,0.0107376529538,1.11760970033,0.349290930115,0.0107376529538,0.0130045439964,0.00607098380608,0.0145367722711,0.00978204411009,0.0104695690859,0.0186884205812,0.0329087048832,0.0266666666667,0.0303514376997,0.0379310344828,0.0303225806452,0.0335680751174,942,90,313,319,310,852
fixed_r8,eps2,42,0,0.25,retained,2.50580806105e-15,-0.035373228973,-0.0214898827505,226.035384521,0.00715599572182,10,-0.0046910196662,7.60478525454,5.58911591513,2.30570482417,0.437326268159,0.00883260350318,0.00855034722222,0.00836162140575,0.00917172805643,0.0089591733871,0.00886241930751,after_reset,0.543827293169,233.524217509,0.0121402468,1.26359621105,0.423660043156,0.0121402468,0.0145777626831,0.00744552697044,0.0159364581157,0.0114256569914,0.0118535281871,0.0186884205812,0.0256900212314,0.0188888888889,0.0233226837061,0.0253918495298,0.0283870967742,0.0264084507042,942,90,313,319,310,852
fixed_r8,eps2,42,0,0.25,shared_reset,2.4407559307e-15,-5.13659591171e-10,-0.000103696339775,0.000341482915322,1.03170592919e-09,10,4.9900566601e-08,0.463378655501,5.5891110486,2.30611107513,0.108232170432,0.000111962579618,0.00112847222222,9.98402555911e-05,0.000146943573668,8.82056451613e-05,4.58480046948e-06,after_reset,0.000744073750162,0.463512845542,0.000540869435396,0.0562954427946,0.423660043156,0.000540869435396,0.00174919234313,0.000302769225773,0.000728570457766,0.000500161338772,1.53898508111e-05,0.0186884205812,0.00031847133758,0.00333333333333,0.000638977635783,0.000313479623824,0,0,942,90,313,319,310,852
fixed_r8,eps2,42,0,0.25,local_reset,2.67797936604e-15,-0.0349725429313,-0.0212031550686,225.985047929,0.00606116652424,10,-0.00410460859979,6.47397527389,5.58911801664,2.30572084557,0.403100867318,0.0087911358811,0.00811631944444,0.00836162140575,0.00913499216301,0.00887096774194,0.00886241930751,after_reset,0.543746556439,232.344523756,0.0121095435466,1.26040051699,0.423660043156,0.0121095435466,0.0143196159685,0.00743069860445,0.0158940759487,0.0113971098035,0.0118520435714,0.0186884205812,0.0254777070064,0.0166666666667,0.0226837060703,0.0253918495298,0.0283870967742,0.0264084507042,942,90,313,319,310,852
fixed_r8,eps2,42,0,1,retained,2.08166817117e-15,0,0,2340.10465841,0,-1,0,0,4.9471673249,1.72762665633,0,0.0421228105096,0.0424045138889,0.0404602635783,0.0432014106583,0.0426915322581,0.0420930531103,pulse,2.18836594595,2340.10465841,0.0384307795003,1,0.293812152968,0.0384307795003,0.0404531611674,0.0201336897565,0.0536160331777,0.0334741681094,0.0382108975234,0.0186884205812,0.131422505308,0.13,0.124920127796,0.138871473354,0.130322580645,0.131572769953,942,90,313,319,310,852
fixed_r8,eps2,42,0,1,retained,2.20656826144e-15,-0.212391637598,0.0275570899935,2442.50967662,0.113511120901,0,-0.0139203650141,6.18611259051,4.95919908781,1.77638008528,0.433001504969,0.0415256767516,0.0423177083333,0.0392871405751,0.043409580721,0.0418472782258,0.0414420114437,before_reset,2.18733219466,2448.4117905,0.0393100669951,1.02287977257,0.303696408513,0.0393100669951,0.0487796333853,0.0208890764977,0.0546328616702,0.0344046734855,0.0381728265147,0.0186884205812,0.130573248408,0.121111111111,0.129712460064,0.133855799373,0.128064516129,0.131572769953,942,90,313,319,310,852
fixed_r8,eps2,42,0,1,retained,2.20656826144e-15,-0.212391637598,0.0275570899935,2442.50967662,0.113511120901,0,-0.0139203650141,6.18611259051,4.95919908781,1.77638008528,0.433001504969,0.0415256767516,0.0423177083333,0.0392871405751,0.043409580721,0.0418472782258,0.0414420114437,after_reset,2.18733219466,2448.4117905,0.0393100669951,1.02287977257,0.303696408513,0.0393100669951,0.0487796333853,0.0208890764977,0.0546328616702,0.0344046734855,0.0381728265147,0.0186884205812,0.130573248408,0.121111111111,0.129712460064,0.133855799373,0.128064516129,0.131572769953,942,90,313,319,310,852
fixed_r8,eps2,42,0,1,shared_reset,1.61676227961e-15,0,0,0,0,0,0,6.18611259051,4.95919908781,1.77638008528,0.433001504969,0.00058054670913,0.00607638888889,0.000574081469649,0.000575528996865,0.000592237903226,0,after_reset,0,6.18611259051,0.00197592503115,0.051415169217,0.303696408513,0.00197592503115,0.00639255774272,0.00116978563015,0.00264350473379,0.0018142032707,0,0.0186884205812,0.00244161358811,0.0255555555556,0.00159744408946,0.00376175548589,0.00193548387097,0,942,90,313,319,310,852
fixed_r8,eps2,42,0,1,local_reset,2.20656826144e-15,0,0,2442.50967662,0,0,0,0,4.97402477119,1.77655281303,0,0.0414634753185,0.0416666666667,0.0393495407348,0.0432748824451,0.0417338709677,0.0414420114437,after_reset,2.18733219466,2442.50967662,0.0392626582047,1.02164615746,0.303696408513,0.0392626582047,0.0483783412655,0.0208598661309,0.0545698204505,0.0343609908006,0.0381728265147,0.0186884205812,0.130891719745,0.124444444444,0.129392971246,0.135109717868,0.128064516129,0.131572769953,942,90,313,319,310,852
fixed_r8,eps2,42,0,1,retained,2.55351295664e-15,-0.733709678483,0.0757928330945,2548.2161373,0.235494250342,1,-0.0337424039426,13.1836195188,4.95919908781,1.8296567493,0.624368223759,0.0405926552548,0.043359375,0.0384884185304,0.0425156739812,0.0407384072581,0.0403003961268,after_reset,2.18629230766,2560.25193257,0.0401978573046,1.04598079527,0.314653277698,0.0401978573046,0.0495863520449,0.0218442141346,0.0554481597435,0.0355613188938,0.0390746071564,0.0186884205812,0.124203821656,0.114444444444,0.12428115016,0.122570532915,0.125806451613,0.125234741784,942,90,313,319,310,852
fixed_r8,eps2,42,0,1,shared_reset,2.65694584389e-15,-6.70162069608e-08,-0.000138923154004,0.000235691417429,1.29714378709e-08,1,1.44697198283e-06,6.32837858707,4.95919908781,1.83001138721,0.432961702311,0.0005141985138,0.00533854166667,0.000624001597444,0.000465321316614,0.000453629032258,4.58480046948e-06,after_reset,0.000704152035298,6.32833920506,0.00199851046955,0.0520028606115,0.314653277698,0.00199851046955,0.006465522272,0.00117725776651,0.00267288712304,0.00184001381566,1.19416027871e-05,0.0186884205812,0.00297239915074,0.0288888888889,0.00351437699681,0.00282131661442,0.00258064516129,0.000234741784038,942,90,313,319,310,852
fixed_r8,eps2,42,0,1,local_reset,2.02615701994e-15,-0.5138538499,0.0624368047218,2548.16611264,0.110575150348,1,-0.0179139447974,6.21163476932,4.97402477119,1.82981900078,0.428331492323,0.0405221602972,0.0427083333333,0.038575778754,0.0422952586207,0.0406628024194,0.0402912265258,after_reset,2.1862640314,2553.54966058,0.0401452075005,1.04461080474,0.314653277698,0.0401452075005,0.0491408314316,0.0218135568616,0.0553813085257,0.0355067470489,0.039074215849,0.0186884205812,0.123779193206,0.111111111111,0.123961661342,0.121943573668,0.125483870968,0.125117370892,942,90,313,319,310,852
fixed_r8,eps2,42,0,1,retained,2.63677968348e-15,-2.45491907334,0.45103361542,2895.24859871,0.661257585041,4,-0.104233855017,39.0885711176,5.20722091374,1.9783790777,1.04665534699,0.0382372943206,0.0398871527778,0.0359674520767,0.0395890478056,0.0391381048387,0.0380630134977,after_reset,2.18268656587,2930.78218879,0.0430084038055,1.11911349092,0.349290930115,0.0430084038055,0.0526597871013,0.024315450026,0.0582271801901,0.0391787207133,0.0418591435488,0.0186884205812,0.114649681529,0.0955555555556,0.114057507987,0.121630094044,0.108064516129,0.116666666667,942,90,313,319,310,852
fixed_r8,eps2,42,0,1,shared_reset,2.21003770839e-15,-1.43633399946e-07,-0.000647070645839,0.00151247076951,9.0831547918e-08,4,1.54814522833e-06,6.77687237405,5.20972062626,1.9797874272,0.436116763319,0.000613720806794,0.00603298611111,0.000499201277955,0.000746963166144,0.000592237903226,4.12632042254e-05,after_reset,0.00174487928404,6.77709360338,0.00206815600292,0.0538150937819,0.349290930115,0.00206815600292,0.00669028588681,0.00119114546092,0.00278107801844,0.00189891534244,3.053443228e-05,0.0186884205812,0.002016985138,0.0177777777778,0.00159744408946,0.00313479623824,0.00129032258065,0.000352112676056,942,90,313,319,310,852
fixed_r8,eps2,42,0,1,local_reset,3.2296214314e-15,-2.23706303747,0.354988385324,2894.97435224,0.482736270673,4,-0.0801089316076,28.7049033966,5.20721719525,1.97853260698,0.896175631384,0.0381419187898,0.0389756944444,0.0358426517572,0.0394788401254,0.0390877016129,0.0380538438967,after_reset,2.1825443474,2920.23762474,0.042930964834,1.11709846618,0.349290930115,0.042930964834,0.0520093183052,0.0242729834535,0.0581269110937,0.0391003600491,0.0418571596488,0.0186884205812,0.114437367304,0.0933333333333,0.113738019169,0.121003134796,0.108387096774,0.116666666667,942,90,313,319,310,852
fixed_r8,eps2,42,0,1,retained,2.73739364509e-15,-4.8253486589,0.229404903809,3617.07975757,1.84182156911,10,-0.30704814855,122.537885185,5.5881879846,2.30323975952,1.75450737308,0.0362427016985,0.0379340277778,0.0330096845048,0.0384992163009,0.0371849798387,0.036064040493,after_reset,2.17536310042,3731.65348052,0.0485302140856,1.26279546542,0.423660043156,0.0485302140856,0.0582674020167,0.0297438073779,0.0637304933191,0.0456504680468,0.0473849363631,0.0186884205812,0.0976645435244,0.0922222222222,0.0939297124601,0.102194357367,0.0967741935484,0.0982394366197,942,90,313,319,310,852
fixed_r8,eps2,42,0,1,shared_reset,3.26821902874e-15,-4.90195752068e-07,-0.00158508830475,0.00548716222938,2.63453428369e-07,10,-2.95059738795e-07,7.41548292183,5.58910400653,2.30596059116,0.432903584645,0.000468584129512,0.00464409722222,0.000386880990415,0.000526547805643,0.000491431451613,2.75088028169e-05,after_reset,0.00297634893343,7.41779860039,0.00216371009694,0.0563014886784,0.423660043156,0.00216371009694,0.00699751980841,0.00121570496073,0.00291189729907,0.00200214713849,6.15781416122e-05,0.0186884205812,0.00127388535032,0.0122222222222,0.000958466453674,0.00156739811912,0.00129032258065,0.000117370892019,942,90,313,319,310,852
fixed_r8,eps2,42,0,1,local_reset,2.99933688996e-15,-4.57932232289,0.172489583072,3616.20278173,1.56252981558,10,-0.267991844973,104.478071759,5.58819590087,2.30338102158,1.61843380577,0.0361307391189,0.0368489583333,0.0328349640575,0.0384257445141,0.0370967741935,0.036054870892,after_reset,2.17503136943,3712.89373413,0.0484080749849,1.25961730712,0.423660043156,0.0484080749849,0.0572441140406,0.029686139271,0.0635609157736,0.0455374557147,0.0473785565199,0.0186884205812,0.0969214437367,0.0855555555556,0.0932907348243,0.101567398119,0.0958064516129,0.0981220657277,942,90,313,319,310,852
fixed_r8,eps2,42,1,0.25,retained,1.90819582357e-15,0,0,148.616821405,0,-1,0,0,4.9471673249,1.72762665633,0,0.010263236465,0.0105361238532,0.010508186901,0.010518710815,0.00975302419355,0.0102275285114,pulse,0.542805551835,148.616821405,0.00968490883668,1,0.293812152968,0.00968490883668,0.00897133495741,0.00507690792105,0.0135094910454,0.0084376476425,0.00977442812287,0.0186884205812,0.0346072186837,0.0412844036697,0.0332268370607,0.0366771159875,0.0338709677419,0.0337334933974,942,109,313,319,310,833
fixed_r8,eps2,42,1,0.25,retained,2.03309591384e-15,-0.0108408206646,-0.0296305199272,156.990260123,0.000535706870935,0,3.83222921299e-05,0.479505527616,4.9471673249,1.79154019689,0.120515289324,0.0101388335987,0.00938933486239,0.010745307508,0.00969827586207,0.00997983870968,0.0102369072629,before_reset,0.542513758911,157.389435321,0.00996665307804,1.02909105766,0.306165918506,0.00996665307804,0.011399569976,0.00530145714819,0.0137943359403,0.00881261645681,0.00976360565679,0.0186884205812,0.0331210191083,0.0339449541284,0.0329073482428,0.0316614420063,0.0348387096774,0.0330132052821,942,109,313,319,310,833
fixed_r8,eps2,42,1,0.25,retained,2.03309591384e-15,-0.0108408206646,-0.0296305199272,156.990260123,0.000535706870935,0,3.83222921299e-05,0.479505527616,4.9471673249,1.79154019689,0.120515289324,0.0101388335987,0.00938933486239,0.010745307508,0.00969827586207,0.00997983870968,0.0102369072629,after_reset,0.542513758911,157.389435321,0.00996665307804,1.02909105766,0.306165918506,0.00996665307804,0.011399569976,0.00530145714819,0.0137943359403,0.00881261645681,0.00976360565679,0.0186884205812,0.0331210191083,0.0339449541284,0.0329073482428,0.0316614420063,0.0348387096774,0.0330132052821,942,109,313,319,310,833
fixed_r8,eps2,42,1,0.25,shared_reset,2.18922102668e-15,0,0,0,0,0,0,0.479505527616,4.9471673249,1.79154019689,0.120515289324,0.000140989915074,0.00121846330275,0.000149760383387,7.34717868339e-05,0.000201612903226,0,after_reset,0,0.479505527616,0.000550121174913,0.0568018950091,0.306165918506,0.000550121174913,0.00161722543939,0.000294591282713,0.000702154041357,0.000569786889463,0,0.0186884205812,0.000849256900212,0.00733944954128,0.00127795527157,0,0.00129032258065,0,942,109,313,319,310,833
fixed_r8,eps2,42,1,0.25,local_reset,2.03309591384e-15,0,0,156.990260123,0,0,0,0,4.9471673249,1.79164795253,0,0.0101388335987,0.00938933486239,0.0107577875399,0.00963704937304,0.0100302419355,0.0102369072629,after_reset,0.542513758911,156.990260123,0.00995400621115,1.02778522535,0.306165918506,0.00995400621115,0.0113036689529,0.00529428812598,0.0137791716517,0.00879793287973,0.00976360565679,0.0186884205812,0.0331210191083,0.0339449541284,0.0332268370607,0.0313479623824,0.0348387096774,0.0330132052821,942,109,313,319,310,833
fixed_r8,eps2,42,1,0.25,retained,2.19442519711e-15,-0.014511816887,-0.0666991476877,164.156907928,0.000932808749941,1,0.000127200130928,0.853735904789,4.9471673249,1.84099230162,0.158960556672,0.00992734872611,0.00967603211009,0.01024610623,0.00971052115987,0.00982862903226,0.00996023409364,after_reset,0.542245113517,164.849409112,0.0102001192764,1.05319724206,0.316365982722,0.0102001192764,0.0116316737921,0.00555643073627,0.0140746363634,0.00900752469634,0.00999764234431,0.0186884205812,0.0330148619958,0.0275229357798,0.032268370607,0.0326018808777,0.0341935483871,0.0337334933974,942,109,313,319,310,833
fixed_r8,eps2,42,1,0.25,shared_reset,2.14411821631e-15,6.060404779e-10,-7.0331725678e-06,1.37265205412e-05,6.05723063377e-11,1,9.47115536197e-08,0.492584582572,4.9471673249,1.8410160883,0.120895050064,0.000190751061571,0.00164850917431,0.000162240415335,0.000146943573668,0.000264616935484,0,after_reset,0.000170217767484,0.492584433443,0.000557573204431,0.0575713425736,0.316365982722,0.000557573204431,0.00163911314245,0.000296396807412,0.000713772724276,0.000575963675308,2.89158614946e-06,0.0186884205812,0.000743099787686,0.00642201834862,0.000638977635783,0.000626959247649,0.000967741935484,0,942,109,313,319,310,833
fixed_r8,eps2,42,1,0.25,local_reset,2.06432093641e-15,-0.00371328097888,-0.0345684897454,164.152414856,0.000333684116033,1,0.000113362630621,0.307217580068,4.9471673249,1.84109564124,0.0949154076611,0.00992734872611,0.00964019495413,0.0102336261981,0.00978399294671,0.009765625,0.00996492346939,after_reset,0.542237250057,164.383629304,0.0101856989325,1.05170829218,0.316365982722,0.0101856989325,0.0115228517266,0.00554881883245,0.014056723597,0.00899144595764,0.00999750603393,0.0186884205812,0.0330148619958,0.0275229357798,0.032268370607,0.0329153605016,0.0338709677419,0.0337334933974,942,109,313,319,310,833
fixed_r8,eps2,42,1,0.25,retained,2.07212719205e-15,-0.0181502556713,-0.130913034236,185.906971314,0.00240230722112,4,0.00026618278361,2.3389731492,5.25551832093,1.99646803925,0.255194361284,0.0101015127389,0.0113962155963,0.0104083466454,0.0101391065831,0.00975302419355,0.00993209783914,after_reset,0.541391980803,187.950752556,0.0108913969662,1.12457403057,0.351674224768,0.0108913969662,0.0121124166865,0.00629118772743,0.0147838408978,0.00977701686182,0.0107213400708,0.0186884205812,0.0324840764331,0.0321100917431,0.0306709265176,0.0313479623824,0.0354838709677,0.0325330132053,942,109,313,319,310,833
fixed_r8,eps2,42,1,0.25,shared_reset,1.80975026631e-15,1.67177652737e-09,-3.25974217846e-05,4.79902043702e-05,1.81949604221e-10,4,1.1490777463e-07,0.523723089501,5.25507387501,1.99650721683,0.120962087425,0.000165870488323,0.00139764908257,9.98402555911e-05,0.000183679467085,0.000214213709677,4.6893757503e-06,after_reset,0.000294980396529,0.523706118202,0.000574917299129,0.05936217974,0.351674224768,0.000574917299129,0.00169005181623,0.000300156020691,0.000738703188048,0.000593206629598,5.49758875205e-06,0.0186884205812,0.000849256900212,0.00733944954128,0.000958466453674,0.000626959247649,0.000967741935484,0,942,109,313,319,310,833
fixed_r8,eps2,42,1,0.25,local_reset,2.47718512369e-15,-0.00756969549916,-0.100817226323,185.893830389,0.00168899441849,4,0.000310005401177,1.64347065009,5.25551825322,1.99656775217,0.213814357022,0.0100807789278,0.0112170298165,0.0103459464856,0.0101758424765,0.00971522177419,0.00993209783914,after_reset,0.541369717305,187.3228362,0.0108731884523,1.12269393916,0.351674224768,0.0108731884523,0.0119729145204,0.00628175945944,0.0147611150179,0.0097568659138,0.010720943679,0.0186884205812,0.0323779193206,0.0302752293578,0.0306709265176,0.0313479623824,0.0351612903226,0.0326530612245,942,109,313,319,310,833
fixed_r8,eps2,42,1,0.25,retained,2.99218115563e-15,-0.0453367866467,-0.423340040995,234.381834618,0.00674764814236,10,0.00130920338675,7.36869862076,5.40868734048,2.32423236763,0.4291862245,0.00905652866242,0.00824254587156,0.00916034345048,0.00917172805643,0.00883316532258,0.00916304021609,after_reset,0.539429763795,240.822545639,0.0123284967294,1.27295950197,0.429743143689,0.0123284967294,0.0133785604613,0.00769736785017,0.016212530991,0.0114699179191,0.0121843997465,0.0186884205812,0.0245222929936,0.0192660550459,0.0226837060703,0.0278996865204,0.0229032258065,0.0252100840336,942,109,313,319,310,833
fixed_r8,eps2,42,1,0.25,shared_reset,2.68860454733e-15,4.87859216279e-09,-0.000160070759706,0.000256046563305,9.02559991074e-10,10,2.25257396181e-07,0.570743180894,5.40991308619,2.32456007828,0.120053347292,0.000153430201699,0.00129013761468,0.000137280351438,9.79623824451e-05,0.000226814516129,4.6893757503e-06,after_reset,0.000636933032392,0.570679547113,0.000600147093045,0.0619672423526,0.429743143689,0.000600147093045,0.0017639187377,0.00030442286073,0.000772205409139,0.000622325185838,1.3087535164e-05,0.0186884205812,0.000743099787686,0.00642201834862,0.000638977635783,0.000940438871473,0.000645161290323,0,942,109,313,319,310,833
fixed_r8,eps2,42,1,0.25,local_reset,2.81025203108e-15,-0.0356267527825,-0.382333630869,234.334655831,0.00573125258646,10,0.00141917730487,6.26646395487,5.40869057911,2.32431292766,0.395531087127,0.00903994161359,0.00802752293578,0.00911042332268,0.00915948275862,0.00884576612903,0.00917241896759,after_reset,0.539362737853,239.773768626,0.0123016222688,1.2701846219,0.429743143689,0.0123016222688,0.0131720027884,0.00768459126584,0.0161800450645,0.011438046826,0.012183131184,0.0186884205812,0.0246284501062,0.0192660550459,0.0226837060703,0.0278996865204,0.0232258064516,0.0253301320528,942,109,313,319,310,833
fixed_r8,eps2,42,1,1,retained,2.25514051877e-15,0,0,2377.86918356,0,-1,0,0,4.9471673249,1.72762665633,0,0.0408621947983,0.0406751720183,0.0406973841853,0.040764596395,0.0411290322581,0.0408866671669,pulse,2.17122221822,2377.86918356,0.0387396356814,1,0.293812152968,0.0387396356814,0.0358853402202,0.0203076320977,0.0540379645195,0.0337505909291,0.0390977128195,0.0186884205812,0.126645435244,0.125688073394,0.129392971246,0.133542319749,0.116774193548,0.126770708283,942,109,313,319,310,833
fixed_r8,eps2,42,1,1,retained,2.05391259556e-15,-0.901976252846,-0.528210975347,2511.86973469,0.138638054148,0,0.00267378824991,7.75839291498,4.9471673249,1.79109935486,0.484625465786,0.040916102707,0.0404959862385,0.0421076277955,0.0396380289969,0.0410282258065,0.0409710759304,before_reset,2.17006079526,2516.91173878,0.0398561684776,1.02882145835,0.306165918506,0.0398561684776,0.0455180351361,0.0212033172228,0.0551662813405,0.0352339171597,0.0390546169742,0.0186884205812,0.11932059448,0.120183486239,0.113099041534,0.121630094044,0.123225806452,0.119207683073,942,109,313,319,310,833
fixed_r8,eps2,42,1,1,retained,2.05391259556e-15,-0.901976252846,-0.528210975347,2511.86973469,0.138638054148,0,0.00267378824991,7.75839291498,4.9471673249,1.79109935486,0.484625465786,0.040916102707,0.0404959862385,0.0421076277955,0.0396380289969,0.0410282258065,0.0409710759304,after_reset,2.17006079526,2516.91173878,0.0398561684776,1.02882145835,0.306165918506,0.0398561684776,0.0455180351361,0.0212033172228,0.0551662813405,0.0352339171597,0.0390546169742,0.0186884205812,0.11932059448,0.120183486239,0.113099041534,0.121630094044,0.123225806452,0.119207683073,942,109,313,319,310,833
fixed_r8,eps2,42,1,1,shared_reset,1.94635974005e-15,0,0,0,0,0,0,7.75839291498,4.9471673249,1.79109935486,0.484625465786,0.00062201433121,0.0053755733945,0.000474241214058,0.000587774294671,0.000806451612903,0,after_reset,0,7.75839291498,0.00221282687812,0.0571204875626,0.306165918506,0.00221282687812,0.00650518482735,0.00117832059177,0.00282606939671,0.00229323769293,0,0.0186884205812,0.00297239915074,0.0256880733945,0.00351437699681,0.00219435736677,0.00322580645161,0,942,109,313,319,310,833
fixed_r8,eps2,42,1,1,local_reset,2.05391259556e-15,0,0,2511.86973469,0,0,0,0,4.9471673249,1.79164795253,0,0.0408787818471,0.0401734518349,0.0421325878594,0.0395278213166,0.0410030241935,0.0409710759304,after_reset,2.17006079526,2511.86973469,0.0398162275248,1.02779044832,0.306165918506,0.0398162275248,0.0452149353886,0.0211773022514,0.0551169393623,0.0351919299956,0.0390546169742,0.0186884205812,0.119214437367,0.119266055046,0.113099041534,0.121630094044,0.122903225806,0.119207683073,942,109,313,319,310,833
fixed_r8,eps2,42,1,1,retained,2.43555176027e-15,-1.33724639777,-1.17931741043,2626.56727345,0.241016488968,1,0.00850703204723,13.7870639528,4.9471673249,1.84038333513,0.638671013012,0.0393030122081,0.0392775229358,0.0392497004792,0.039442104232,0.0392137096774,0.039306347539,after_reset,2.16899185606,2635.57924034,0.0407849178535,1.05279559645,0.316365982722,0.0407849178535,0.0464441976085,0.0222161262275,0.0562835297654,0.0360066779428,0.0399851690893,0.0186884205812,0.119002123142,0.116513761468,0.120766773163,0.12131661442,0.114838709677,0.119327731092,942,109,313,319,310,833
fixed_r8,eps2,42,1,1,shared_reset,2.0435042547e-15,2.28502169814e-08,-0.000129201301471,0.000221834799438,1.57025347513e-08,1,5.88362500289e-06,7.96749659492,4.9471673249,1.84058908763,0.486081889836,0.000704949575372,0.00609231651376,0.000661441693291,0.00056328369906,0.000894657258065,0,after_reset,0.000683657518424,7.96747185577,0.0022424451131,0.057885033601,0.316365982722,0.0022424451131,0.00659217709032,0.00118538225951,0.00287234921566,0.00231769013929,1.16229381401e-05,0.0186884205812,0.00307855626327,0.0266055045872,0.00447284345048,0.00156739811912,0.00322580645161,0,942,109,313,319,310,833
fixed_r8,eps2,42,1,1,local_reset,2.14997290804e-15,-0.435748209833,-0.610366760478,2626.49465733,0.08585177864,1,0.0074957015008,4.93943976311,4.9471673249,1.84091020016,0.380520079531,0.0392117834395,0.0384532683486,0.0391623402556,0.0393196512539,0.0391507056452,0.0393110369148,after_reset,2.16895962102,2629.44271034,0.0407374095636,1.05156924806,0.316365982722,0.0407374095636,0.0460861060235,0.0221880639985,0.0562226340267,0.0359585895847,0.0399846179817,0.0186884205812,0.118365180467,0.111009174312,0.120766773163,0.120376175549,0.113870967742,0.119327731092,942,109,313,319,310,833
fixed_r8,eps2,42,1,1,retained,1.90125692967e-15,-2.1993670807,-2.35703312656,2974.64174043,0.618732238809,4,0.0172787994146,37.6649957791,5.25344403247,1.99550510706,1.02384233929,0.0394564424098,0.0408543577982,0.0398737020767,0.0391114811912,0.0393901209677,0.0392735219088,after_reset,2.16559215102,3003.84722563,0.0435412079438,1.12394469328,0.351674224768,0.0435412079438,0.048364223441,0.0251465728381,0.0591165851502,0.0390665615636,0.0428699779316,0.0186884205812,0.10838641189,0.0990825688073,0.103833865815,0.107523510972,0.113870967742,0.109603841537,942,109,313,319,310,833
fixed_r8,eps2,42,1,1,shared_reset,2.30241173349e-15,4.55789312451e-08,-0.00055108961954,0.000766489021972,4.73169560949e-08,4,6.60015582186e-06,8.47516355045,5.25507405679,1.99609325993,0.486420713908,0.000659335191083,0.00555475917431,0.000611521565495,0.000551038401254,0.000819052419355,1.87575030012e-05,after_reset,0.00118474853669,8.47484119902,0.0023127427993,0.0596996527877,0.351674224768,0.0023127427993,0.00679864240797,0.00120055616877,0.00297364322636,0.00238722232302,2.19776270663e-05,0.0186884205812,0.00222929936306,0.0192660550459,0.00191693290735,0.00188087774295,0.00290322580645,0,942,109,313,319,310,833
fixed_r8,eps2,42,1,1,local_reset,2.28636554134e-15,-1.30793992907,-1.82182295805,2974.4326295,0.433778742668,4,0.0201574753957,26.3906183643,5.25344389682,1.99600996579,0.856612384455,0.039361066879,0.0399225917431,0.0398861821086,0.0388910658307,0.039314516129,0.039287590036,after_reset,2.16550165359,2995.03781579,0.0434773142174,1.12229538179,0.351674224768,0.0434773142174,0.0478757320514,0.0251106035133,0.0590351062099,0.0390004201428,0.0428683941918,0.0186884205812,0.108598726115,0.100917431193,0.104792332268,0.106896551724,0.114193548387,0.109603841537,942,109,313,319,310,833
fixed_r8,eps2,42,1,1,retained,2.48585874107e-15,-5.3955196875,-7.36738936298,3750.71001715,1.73719872223,10,0.0848535966045,118.668936406,5.40169443469,2.3218363539,1.72150878954,0.0357160628981,0.0352637614679,0.0363044129393,0.0345807210031,0.0362903225806,0.035775247599,after_reset,2.15777640748,3845.76004137,0.0492666059609,1.27173642948,0.429743143689,0.0492666059609,0.0534313075309,0.0307381056757,0.064812766506,0.0458140419059,0.0486952986482,0.0186884205812,0.0955414012739,0.0853211009174,0.0958466453674,0.100626959248,0.09,0.0968787515006,942,109,313,319,310,833
fixed_r8,eps2,42,1,1,shared_reset,3.0184188482e-15,1.83191387302e-08,-0.0026648365539,0.00411882321034,2.35056914825e-07,10,1.18342967363e-05,9.23281622413,5.40990297277,2.32420596347,0.482694147097,0.000518345276008,0.00437213302752,0.000511681309904,0.000428585423197,0.000617439516129,1.40681272509e-05,after_reset,0.00255879979334,9.23162931453,0.00241379693589,0.0623081991722,0.429743143689,0.00241379693589,0.0070945048686,0.00121748043848,0.0031080980764,0.00250348743693,5.24960766917e-05,0.0186884205812,0.00222929936306,0.0183486238532,0.00223642172524,0.0025078369906,0.00193548387097,0.000120048019208,942,109,313,319,310,833
fixed_r8,eps2,42,1,1,local_reset,2.66106581215e-15,-4.54766951344,-6.65135347122,3749.94268979,1.47349935416,10,0.0923082745273,100.795513939,5.40170679044,2.32224825723,1.58543526605,0.035653861465,0.0346903669725,0.0363044129393,0.0344460227273,0.0362399193548,0.0357799369748,after_reset,2.15750477619,3829.99827367,0.0491655432228,1.26912766107,0.429743143689,0.0491655432228,0.0526570598364,0.0306882595093,0.0646892810712,0.0456973224644,0.0486901492071,0.0186884205812,0.0954352441614,0.0825688073394,0.0955271565495,0.100313479624,0.0903225806452,0.097118847539,942,109,313,319,310,833
fixed_r8,eps2,7,0,0.25,retained,1.66533453694e-15,0,0,133.72298313,0,-1,0,0,5.02826417062,1.62097774379,0,0.0107857285032,0.0119337729358,0.0109574680511,0.0107636167712,0.0106350806452,0.0106355042017,pulse,0.539450456387,133.72298313,0.00918680675512,1,0.276424951558,0.00918680675512,0.00905629681357,0.00441857991953,0.0131380305521,0.00768943564846,0.0092037473634,0.0186884205812,0.0416135881104,0.0357798165138,0.0392971246006,0.0460815047022,0.0393548387097,0.0423769507803,942,109,313,319,310,833
fixed_r8,eps2,7,0,0.25,retained,1.70176372993e-15,-0.0137679473594,0.00118534649614,141.317401961,0.000558403365184,0,-9.83041206763e-05,0.502716770537,5.02826417062,1.68101865964,0.123506075157,0.0106488853503,0.010786983945,0.0101961861022,0.0111309757053,0.0106098790323,0.0106308148259,before_reset,0.539201410497,141.795315325,0.00946002957711,1.02974078255,0.288102642943,0.00946002957711,0.0112672458549,0.00459145341296,0.0134755096299,0.00798710986952,0.00919731509736,0.0186884205812,0.0405520169851,0.0412844036697,0.0380191693291,0.0413793103448,0.0422580645161,0.040456182473,942,109,313,319,310,833
fixed_r8,eps2,7,0,0.25,retained,1.70176372993e-15,-0.0137679473594,0.00118534649614,141.317401961,0.000558403365184,0,-9.83041206763e-05,0.502716770537,5.02826417062,1.68101865964,0.123506075157,0.0106488853503,0.010786983945,0.0101961861022,0.0111309757053,0.0106098790323,0.0106308148259,after_reset,0.539201410497,141.795315325,0.00946002957711,1.02974078255,0.288102642943,0.00946002957711,0.0112672458549,0.00459145341296,0.0134755096299,0.00798710986952,0.00919731509736,0.0186884205812,0.0405520169851,0.0412844036697,0.0380191693291,0.0413793103448,0.0422580645161,0.040456182473,942,109,313,319,310,833
fixed_r8,eps2,7,0,0.25,shared_reset,1.4727802311e-15,0,0,0,0,0,0,0.502716770537,5.02826417062,1.68101865964,0.123506075157,0.000232218683652,0.00200688073394,0.000162240415335,0.000244905956113,0.000289818548387,0,after_reset,0,0.502716770537,0.000563278584052,0.0613138600894,0.288102642943,0.000563278584052,0.00165590509352,0.000351249003286,0.000732749177729,0.000535771391575,0,0.0186884205812,0.000636942675159,0.00550458715596,0.000958466453674,0.000313479623824,0.000645161290323,0,942,109,313,319,310,833
fixed_r8,eps2,7,0,0.25,local_reset,1.66186508999e-15,0,0,141.317401961,0,0,0,0,5.02826417062,1.68119214799,0,0.0105908306794,0.0102852637615,0.0101088258786,0.0111309757053,0.0105216733871,0.0106308148259,after_reset,0.539201410497,141.317401961,0.00944407386486,1.02800397533,0.288102642943,0.00944407386486,0.0111509683589,0.00458073408909,0.0134560070145,0.00796976271428,0.00919731509736,0.0186884205812,0.0407643312102,0.043119266055,0.0380191693291,0.041065830721,0.0432258064516,0.040456182473,942,109,313,319,310,833
fixed_r8,eps2,7,0,0.25,retained,2.42514341942e-15,-0.01655122235,-0.0183299061129,147.574435689,0.00104255931043,1,-0.000142269735771,0.956690699546,5.02826417062,1.72939100729,0.168823970962,0.0105742436306,0.011682912844,0.0109449880192,0.0108615791536,0.00990423387097,0.0104291716687,after_reset,0.538965624745,148.462122152,0.00967986688301,1.05367045819,0.296461880295,0.00967986688301,0.0114661715564,0.00479278768014,0.0137276014194,0.00822285611841,0.00942109879066,0.0186884205812,0.0405520169851,0.0339449541284,0.0421725239617,0.0388714733542,0.0406451612903,0.0414165666267,942,109,313,319,310,833
fixed_r8,eps2,7,0,0.25,shared_reset,1.7449149764e-15,-8.4252019256e-10,-4.16817915297e-07,1.01999437327e-05,5.25575392248e-11,1,-2.40269895969e-08,0.511141713322,5.02826417062,1.72943546619,0.123592689927,0.000219778397028,0.00186353211009,0.000299520766773,0.000183679467085,0.000176411290323,4.6893757503e-06,after_reset,0.000151951284972,0.511151029944,0.000567984092971,0.0618260629739,0.296461880295,0.000567984092971,0.00166972405047,0.000352200547209,0.000740073537422,0.000539861123587,2.48399944369e-06,0.0186884205812,0.000424628450106,0.00366972477064,0.000319488817891,0.000940438871473,0,0,942,109,313,319,310,833
fixed_r8,eps2,7,0,0.25,local_reset,2.19789464406e-15,-0.00274096683167,-0.0188868725261,147.572038811,0.000434824775544,1,-5.77315164849e-05,0.40199049608,5.02826417062,1.7295644589,0.109129457567,0.0104954551486,0.0110020068807,0.0108576277955,0.010775862069,0.00984122983871,0.0104291716687,after_reset,0.538959326588,147.93109299,0.00966253957993,1.05178435092,0.296461880295,0.00966253957993,0.0113396552229,0.00478117856413,0.0137063941166,0.00820413595952,0.00942102143127,0.0186884205812,0.0404458598726,0.0330275229358,0.0418530351438,0.0385579937304,0.0409677419355,0.0414165666267,942,109,313,319,310,833
fixed_r8,eps2,7,0,0.25,retained,2.10942374679e-15,-0.0390015536385,-0.0551330934077,168.692653626,0.00317850511164,4,-0.000656882510781,3.08620835441,5.02826417062,1.88227959813,0.295443113179,0.0100310177813,0.00985521788991,0.0101587460064,0.0100533894984,0.00987903225806,0.0100540216086,after_reset,0.538185934425,171.592457426,0.0104066428443,1.13278129406,0.328306273064,0.0104066428443,0.0123533722107,0.00534238359997,0.0145028478781,0.009155902014,0.0101242512542,0.0186884205812,0.0415074309979,0.0467889908257,0.0399361022364,0.041065830721,0.0435483870968,0.0408163265306,942,109,313,319,310,833
fixed_r8,eps2,7,0,0.25,shared_reset,2.21524187882e-15,-1.87960705794e-08,-3.60775263792e-05,0.000152506374583,8.14509851526e-10,4,-2.73847431131e-08,0.556829426125,5.02826417062,1.88260734585,0.125459159285,0.000223925159236,0.00186353211009,0.000262080670927,0.000208170062696,0.000201612903226,9.3787515006e-06,after_reset,0.000563808713119,0.5569096859,0.000592862441978,0.0645341148215,0.328306273064,0.000592862441978,0.00174266032459,0.000359095056592,0.000778093097804,0.000561124352019,9.88581867662e-06,0.0186884205812,0.000530785562633,0.0045871559633,0.000638977635783,0.000626959247649,0.000322580645161,0,942,109,313,319,310,833
fixed_r8,eps2,7,0,0.25,local_reset,2.16493489802e-15,-0.0248976438915,-0.0559643711013,168.667255086,0.00226346807095,4,-0.000375448750857,2.20153724045,5.02826417062,1.8824408565,0.249332629176,0.0100310177813,0.00981938073394,0.0101088258786,0.010077880094,0.00990423387097,0.0100587109844,after_reset,0.538135412652,170.708580867,0.010379805816,1.12986003654,0.328306273064,0.010379805816,0.0121619081694,0.00532444044559,0.0144709163187,0.00912582567514,0.0101234290358,0.0186884205812,0.0411889596603,0.0440366972477,0.0396166134185,0.0404388714734,0.0435483870968,0.0408163265306,942,109,313,319,310,833
fixed_r8,eps2,7,0,0.25,retained,2.8380076067e-15,-0.0632128016118,-0.164971721379,209.006301443,0.00711080960196,10,-0.00181385852052,7.71802849316,5.65069800145,2.16744575397,0.443303947213,0.00906067542463,0.00967603211009,0.00894818290735,0.00862068965517,0.00962701612903,0.00898015456182,after_reset,0.536577366103,216.271443983,0.0116831820179,1.27173481813,0.389549354668,0.0116831820179,0.0134527527023,0.00660623950368,0.0158556892716,0.0105833619055,0.0114313802483,0.0186884205812,0.0376857749469,0.0495412844037,0.0370607028754,0.0347962382445,0.0412903225806,0.0361344537815,942,109,313,319,310,833
fixed_r8,eps2,7,0,0.25,shared_reset,2.68188249386e-15,-4.33464330835e-08,-0.000100150440751,0.000423064646712,1.84325549687e-09,10,-1.68663919858e-07,0.624186604865,5.64913143578,2.16805501139,0.125922616719,0.000199044585987,0.00154099770642,0.000187200479233,0.000232660658307,0.000176411290323,2.34468787515e-05,after_reset,0.000856286617919,0.624408946453,0.000627763572849,0.0683331640234,0.389549354668,0.000627763572849,0.00184478875539,0.000368319357327,0.000829956648392,0.000593058212827,1.82119781154e-05,0.0186884205812,0.00138004246285,0.00917431192661,0.000958466453674,0.00156739811912,0.00161290322581,0.000360144057623,942,109,313,319,310,833
fixed_r8,eps2,7,0,0.25,local_reset,2.72004641033e-15,-0.04863861665,-0.159729060798,208.948819523,0.00588433057593,10,-0.00147575703616,6.39543249925,5.65069684502,2.16759829492,0.403440472878,0.009048235138,0.00949684633028,0.00883586261981,0.00866967084639,0.00965221774194,0.00898953331333,after_reset,0.53648163804,214.930449484,0.011646904819,1.26778598151,0.389549354668,0.011646904819,0.0131910444758,0.00658207367152,0.0158132187576,0.0105423702521,0.0114294259559,0.0186884205812,0.0371549893843,0.045871559633,0.0367412140575,0.033855799373,0.0409677419355,0.0360144057623,942,109,313,319,310,833
fixed_r8,eps2,7,0,1,retained,1.54043444667e-15,0,0,2139.56768466,0,-1,0,0,5.02826417062,1.62097774379,0,0.0426370090234,0.0453340022936,0.0423197883387,0.0425769004702,0.0430191532258,0.0422841011405,pulse,2.1578018092,2139.56768466,0.0367472266305,1,0.276424951558,0.0367472266305,0.0362251867583,0.017674319285,0.0525521218244,0.0307577420814,0.0368149890772,0.0186884205812,0.143418259023,0.138532110092,0.144089456869,0.144514106583,0.141612903226,0.144057623049,942,109,313,319,310,833
fixed_r8,eps2,7,0,1,retained,2.22044604925e-15,-1.07628087806,0.0284549206392,2261.0957773,0.144406255364,0,-0.00661167373948,8.12576181041,5.02826417062,1.68039575356,0.496476413715,0.0418200968684,0.043936353211,0.0411092252396,0.0426136363636,0.0417212701613,0.0415431797719,before_reset,2.15681090879,2267.25707011,0.037827874132,1.02940759346,0.288102642943,0.037827874132,0.0449791976831,0.0183521474436,0.0538876770298,0.0319372362442,0.0367893992989,0.0186884205812,0.146178343949,0.146788990826,0.141853035144,0.148589341693,0.148064516129,0.146098439376,942,109,313,319,310,833
fixed_r8,eps2,7,0,1,retained,2.22044604925e-15,-1.07628087806,0.0284549206392,2261.0957773,0.144406255364,0,-0.00661167373948,8.12576181041,5.02826417062,1.68039575356,0.496476413715,0.0418200968684,0.043936353211,0.0411092252396,0.0426136363636,0.0417212701613,0.0415431797719,after_reset,2.15681090879,2267.25707011,0.037827874132,1.02940759346,0.288102642943,0.037827874132,0.0449791976831,0.0183521474436,0.0538876770298,0.0319372362442,0.0367893992989,0.0186884205812,0.146178343949,0.146788990826,0.141853035144,0.148589341693,0.148064516129,0.146098439376,942,109,313,319,310,833
fixed_r8,eps2,7,0,1,shared_reset,1.52308721191e-15,0,0,0,0,0,0,8.12576181041,5.02826417062,1.68039575356,0.496476413715,0.00100351645435,0.00867259174312,0.000923522364217,0.00105309561129,0.00103326612903,0,after_reset,0,8.12576181041,0.00226461091785,0.0616267165035,0.288102642943,0.00226461091785,0.00665741759029,0.00141924545154,0.00294298799658,0.00215349171818,0,0.0186884205812,0.0031847133758,0.0275229357798,0.00255591054313,0.00282131661442,0.0041935483871,0,942,109,313,319,310,833
fixed_r8,eps2,7,0,1,local_reset,2.22044604925e-15,0,0,2261.0957773,0,0,0,0,5.02826417062,1.68119214799,0,0.0416666666667,0.0426103784404,0.0408721046326,0.0424422021944,0.0416708669355,0.0415431797719,after_reset,2.15681090879,2261.0957773,0.0377764403601,1.02800792941,0.288102642943,0.0377764403601,0.0446040584251,0.018323016076,0.0538242246821,0.0318791847422,0.0367893992989,0.0186884205812,0.145753715499,0.143119266055,0.142172523962,0.147962382445,0.147096774194,0.146098439376,942,109,313,319,310,833
fixed_r8,eps2,7,0,1,retained,2.40085729075e-15,-1.44115821025,-0.277951951134,2361.21970729,0.269100682555,1,-0.00931647183283,15.4318101815,5.02826417062,1.72853792117,0.678004292527,0.0417039875265,0.0452981651376,0.0413338658147,0.0428585423197,0.0408896169355,0.0412336809724,after_reset,2.15587000287,2373.46376488,0.0387037330684,1.05324228839,0.296461880295,0.0387037330684,0.0457828592921,0.0191512977851,0.054891294005,0.0328796533381,0.03767913631,0.0186884205812,0.146072186837,0.139449541284,0.146006389776,0.14921630094,0.142903225806,0.14693877551,942,109,313,319,310,833
fixed_r8,eps2,7,0,1,shared_reset,2.08361973508e-15,-6.94833996369e-08,-4.6092539406e-06,0.000164465599232,1.35440258371e-08,1,-1.75358910604e-06,8.26234426821,5.02826417062,1.7288135261,0.496837339313,0.000962048832272,0.0082067087156,0.00103584265176,0.000918397335423,0.000932459677419,1.40681272509e-05,after_reset,0.000607708419978,8.2624958827,0.00228358499623,0.0621430569223,0.296461880295,0.00228358499623,0.00671314027189,0.00142305126291,0.00297278340154,0.00216966784988,9.97162797115e-06,0.0186884205812,0.00276008492569,0.0229357798165,0.00255591054313,0.0025078369906,0.00322580645161,0.000120048019208,942,109,313,319,310,833
fixed_r8,eps2,7,0,1,local_reset,2.45593476111e-15,-0.359572854015,-0.296840452477,2361.18014416,0.112140758915,1,-0.00359102463104,6.477368831,5.02826417062,1.7293309446,0.438067581419,0.0416169055202,0.0445455848624,0.0412090654952,0.0429442594044,0.0406628024194,0.0412336809724,after_reset,2.15584461248,2366.44964508,0.0386465016315,1.05168485285,0.296461880295,0.0386465016315,0.0453651437896,0.0191179057617,0.0548206166453,0.0328159895064,0.0376788169363,0.0186884205812,0.145753715499,0.135779816514,0.145686900958,0.148589341693,0.142903225806,0.147058823529,942,109,313,319,310,833
fixed_r8,eps2,7,0,1,retained,2.05564731903e-15,-3.54870135879,-0.844416291353,2699.22433293,0.821773555822,4,-0.0431628664066,49.8881949334,5.02826417062,1.88029758012,1.18754199562,0.0398752653928,0.0416069380734,0.0400983426518,0.039001273511,0.0405493951613,0.0396486719688,after_reset,2.1527705455,2741.06174039,0.0415930685436,1.13186959554,0.328306273064,0.0415930685436,0.049314297326,0.0213274295382,0.0579744360354,0.0365929277286,0.040473891888,0.0186884205812,0.138747346072,0.142201834862,0.135782747604,0.131347962382,0.14935483871,0.138295318127,942,109,313,319,310,833
fixed_r8,eps2,7,0,1,shared_reset,2.01921812604e-15,-1.4980892483e-06,-0.000575073905924,0.00248933116642,2.12950313607e-07,4,-4.65725556871e-06,8.99635759359,5.02826417062,1.88201874492,0.504180638983,0.000829352441614,0.00688073394495,0.000861122204473,0.000722472570533,0.000907258064516,3.75150060024e-05,after_reset,0.0022681237919,8.99768467921,0.00238301588632,0.0648488635695,0.328306273064,0.00238301588632,0.00700463054834,0.00145108769988,0.00312458142454,0.00225469137396,3.9925005572e-05,0.0186884205812,0.00371549893843,0.0321100917431,0.0038338658147,0.00344827586207,0.00387096774194,0,942,109,313,319,310,833
fixed_r8,eps2,7,0,1,local_reset,1.91513471748e-15,-2.43665950566,-0.871287882973,2698.79673321,0.584557113716,4,-0.0241826515224,35.5501314074,5.02826417062,1.88102637545,1.00167164149,0.0397425690021,0.0403168004587,0.0397738618211,0.0390625,0.0404107862903,0.0396674294718,after_reset,2.15256392655,2728.26716166,0.0414958820703,1.12922486607,0.328306273064,0.0414958820703,0.0486233353437,0.0212669728378,0.0578581870245,0.036482335524,0.0404704717822,0.0186884205812,0.138747346072,0.142201834862,0.136102236422,0.131347962382,0.149032258065,0.138295318127,942,109,313,319,310,833
fixed_r8,eps2,7,0,1,retained,2.71657696338e-15,-6.41084325902,-2.46715388734,3344.56371804,1.83839368406,10,-0.117015792807,124.817866223,5.65239860519,2.16405409402,1.78184499124,0.0371135217622,0.0379873853211,0.036366813099,0.0376420454545,0.0373235887097,0.0369991746699,after_reset,2.14637589058,3453.22995207,0.0466846709891,1.27042705722,0.389549354668,0.0466846709891,0.0537031257468,0.0263564077816,0.0633806169455,0.0422803824295,0.0456865870539,0.0186884205812,0.12813163482,0.14128440367,0.134185303514,0.120062695925,0.130322580645,0.126410564226,942,109,313,319,310,833
fixed_r8,eps2,7,0,1,shared_reset,2.45658528242e-15,-3.45414973428e-06,-0.00158561287358,0.00691123844748,4.81033760004e-07,10,-1.62012448343e-05,10.0833777099,5.64913504769,2.16749273743,0.505962629197,0.000808618630573,0.00637901376147,0.000748801916933,0.000906152037618,0.000768649193548,7.97193877551e-05,after_reset,0.00344430738126,10.0870788928,0.0025231569239,0.0686625129365,0.389549354668,0.0025231569239,0.0074146921008,0.00148911607995,0.00333320381157,0.0023819470048,7.35763403729e-05,0.0186884205812,0.00350318471338,0.0238532110092,0.00255591054313,0.00344827586207,0.00451612903226,0.000840336134454,942,109,313,319,310,833
fixed_r8,eps2,7,0,1,local_reset,2.82326245715e-15,-5.25056401999,-2.40676350468,3343.5925105,1.52050498625,10,-0.0942831995573,103.37604678,5.65239663463,2.16473662241,1.62120471834,0.0369932656582,0.0372348050459,0.0362045726837,0.0375685736677,0.0371975806452,0.0369616596639,after_reset,2.14598441594,3432.98584082,0.0465476284409,1.26669772685,0.389549354668,0.0465476284409,0.0527183109238,0.026268031453,0.0632200575325,0.0421238484224,0.0456785464374,0.0186884205812,0.126963906582,0.132110091743,0.133546325879,0.119749216301,0.127741935484,0.126290516206,942,109,313,319,310,833
fixed_r8,eps2,7,1,0.25,retained,1.9680437835e-15,0,0,134.768191489,0,-1,0,0,5.02826417062,1.62097774379,0,0.0108935443206,0.00998263888889,0.0114566693291,0.0107881073668,0.0104334677419,0.0110005189798,pulse,0.543509984722,134.768191489,0.00922263992635,1,0.276424951558,0.00922263992635,0.00985219053801,0.00445311121363,0.0131772174889,0.00773055590713,0.00914586398114,0.0186884205812,0.040127388535,0.0383838383838,0.041214057508,0.0398119122257,0.0393548387097,0.0403321470937,942,99,313,319,310,843
fixed_r8,eps2,7,1,0.25,retained,1.97238059219e-15,0.00191517743893,-0.0225698646115,141.31398004,0.000649775688009,0,5.57661560052e-06,0.573520250087,5.02826417062,1.67220559473,0.132436342468,0.010682059448,0.0114820075758,0.0101587460064,0.010837088558,0.0110509072581,0.0105881153618,before_reset,0.54331532016,141.846851845,0.00946174857859,1.02592626993,0.285951147976,0.00946174857859,0.0118464055817,0.00461981596069,0.0135075919024,0.00792074287379,0.0091409718064,0.0186884205812,0.0422505307856,0.0393939393939,0.0415335463259,0.0407523510972,0.0445161290323,0.0425860023725,942,99,313,319,310,843
fixed_r8,eps2,7,1,0.25,retained,1.97238059219e-15,0.00191517743893,-0.0225698646115,141.31398004,0.000649775688009,0,5.57661560052e-06,0.573520250087,5.02826417062,1.67220559473,0.132436342468,0.010682059448,0.0114820075758,0.0101587460064,0.010837088558,0.0110509072581,0.0105881153618,after_reset,0.54331532016,141.846851845,0.00946174857859,1.02592626993,0.285951147976,0.00946174857859,0.0118464055817,0.00461981596069,0.0135075919024,0.00792074287379,0.0091409718064,0.0186884205812,0.0422505307856,0.0393939393939,0.0415335463259,0.0407523510972,0.0445161290323,0.0425860023725,942,99,313,319,310,843
fixed_r8,eps2,7,1,0.25,shared_reset,1.45976980503e-15,0,0,0,0,0,0,0.573520250087,5.02826417062,1.67220559473,0.132436342468,0.000228071921444,0.00217013888889,0.000199680511182,0.00028164184953,0.000201612903226,0,after_reset,0,0.573520250087,0.000601638931448,0.0652350017188,0.285951147976,0.000601638931448,0.00185585390624,0.000317985011761,0.000861298646141,0.000484204938174,0,0.0186884205812,0.00148619957537,0.0141414141414,0.00223642172524,0.0012539184953,0.000967741935484,0,942,99,313,319,310,843
fixed_r8,eps2,7,1,0.25,local_reset,1.97238059219e-15,0,0,141.31398004,0,0,0,0,5.02826417062,1.67220562809,0,0.0106322983015,0.0110085227273,0.0100838658147,0.0108125979624,0.0110005040323,0.0105881153618,after_reset,0.54331532016,141.31398004,0.00944395952273,1.02399742353,0.285951147976,0.00944395952273,0.0117105610413,0.00460952277216,0.0134819563339,0.00790721842552,0.0091409718064,0.0186884205812,0.0420382165605,0.0373737373737,0.041214057508,0.0407523510972,0.0441935483871,0.0425860023725,942,99,313,319,310,843
fixed_r8,eps2,7,1,0.25,retained,1.76551481768e-15,-0.000657747151709,-0.0345597519336,148.569937611,0.00125533009121,1,-3.76443427744e-05,1.12852754225,5.02826417062,1.72520976607,0.184315221181,0.010462281051,0.0116792929293,0.0105581070288,0.0107391261755,0.0100806451613,0.0103193579478,after_reset,0.543069598481,149.629210196,0.00971784000752,1.05369396237,0.295753501751,0.00971784000752,0.0122393722956,0.00472596769523,0.0137809740071,0.00830572211193,0.00937733323697,0.0186884205812,0.0389596602972,0.0383838383838,0.0386581469649,0.0376175548589,0.0406451612903,0.0390272835113,942,99,313,319,310,843
fixed_r8,eps2,7,1,0.25,shared_reset,2.01574867909e-15,2.18064485851e-10,-2.10945942402e-05,2.75287463448e-05,1.54529888226e-10,1,8.38142030058e-09,0.587704642297,5.02826417062,1.72526027022,0.133162555188,0.000252952494692,0.00232796717172,0.000212160543131,0.000293887147335,0.000252016129032,9.2674970344e-06,after_reset,0.000247941682306,0.587689999208,0.000609025816989,0.06603595303,0.295753501751,0.000609025816989,0.00187860277501,0.000318714178707,0.000872553027177,0.000491000031673,4.05093090727e-06,0.0186884205812,0.000530785562633,0.0040404040404,0.000638977635783,0.000940438871473,0,0.00011862396204,942,99,313,319,310,843
fixed_r8,eps2,7,1,0.25,local_reset,2.78249645547e-15,-0.00256897749111,-0.0114657244488,148.56439266,0.000522311535731,1,1.20976717022e-05,0.471085808575,5.02826417062,1.72520462995,0.118969702641,0.0103917860934,0.0110085227273,0.0104582667732,0.0107513714734,0.00995463709677,0.0103193579478,after_reset,0.543059555153,149.007955572,0.00969764497779,1.05150423905,0.295753501751,0.00969764497779,0.012087173457,0.00471548424089,0.0137525079876,0.00828854710369,0.00937715550286,0.0186884205812,0.0385350318471,0.0343434343434,0.0380191693291,0.0369905956113,0.0406451612903,0.0390272835113,942,99,313,319,310,843
fixed_r8,eps2,7,1,0.25,retained,2.01921812604e-15,-0.00876049124703,-0.13868224079,170.990539262,0.00341930062338,4,-0.000282904480139,3.28717536106,5.2536788732,1.89166414144,0.304607265598,0.0100227242569,0.010771780303,0.00997154552716,0.0097595023511,0.0103452620968,0.00993475682088,after_reset,0.542264064029,173.985682651,0.0104789630411,1.1362216377,0.32813544031,0.0104789630411,0.0129032128507,0.00543501940907,0.0146342381553,0.00913634796557,0.0101563674071,0.0186884205812,0.0408704883227,0.0363636363636,0.0479233226837,0.0373040752351,0.0374193548387,0.0413997627521,942,99,313,319,310,843
fixed_r8,eps2,7,1,0.25,shared_reset,2.00100352954e-15,-1.88300849405e-08,-5.68307051826e-05,0.000221807040793,1.15989921173e-09,4,-2.95410706825e-07,0.670006902514,5.25515785265,1.89184886736,0.137931188085,0.000203191348195,0.00189393939394,0.000162240415335,0.000269396551724,0.000176411290323,4.6337485172e-06,after_reset,0.000605909702844,0.670114420823,0.000650333363599,0.070514881725,0.32813544031,0.000650333363599,0.00200576856599,0.000323781825285,0.000942456450436,0.000515084028754,1.17150457791e-05,0.0186884205812,0.000849256900212,0.00707070707071,0.000958466453674,0.0012539184953,0.000322580645161,0.00011862396204,942,99,313,319,310,843
fixed_r8,eps2,7,1,0.25,local_reset,1.75987696638e-15,-0.0105585233332,-0.111316560865,170.961460648,0.00238074873869,4,-0.000259673800133,2.2936631909,5.25367853379,1.89165949073,0.254352420371,0.00998955015924,0.0105350378788,0.00995906549521,0.00972276645768,0.010294858871,0.00992548932384,after_reset,0.542220835304,173.013235072,0.0104496372915,1.13304188117,0.32813544031,0.0104496372915,0.0126809500157,0.00542235605817,0.0145905751398,0.009113713115,0.0101554799911,0.0186884205812,0.0407643312102,0.0353535353535,0.0479233226837,0.0373040752351,0.0370967741935,0.0413997627521,942,99,313,319,310,843
fixed_r8,eps2,7,1,0.25,retained,2.04719054209e-15,-0.0188646697103,-0.303808011363,212.244847583,0.00784933503115,10,-0.00206597738467,8.36075214392,5.51131980933,2.17968728043,0.462038560431,0.00933436173036,0.0100615530303,0.00931010383387,0.00923295454545,0.00946320564516,0.00924896204033,after_reset,0.540706105664,219.963971745,0.0117824967679,1.27756226655,0.389071936347,0.0117824967679,0.0141513200233,0.00663254645901,0.0159756526925,0.0107148552973,0.0114722588069,0.0186884205812,0.0361995753715,0.0333333333333,0.0396166134185,0.033855799373,0.0351612903226,0.0365361803084,942,99,313,319,310,843
fixed_r8,eps2,7,1,0.25,shared_reset,2.17187379192e-15,-6.07964426513e-08,-0.000159752740427,0.00077180318544,3.88773515856e-09,10,-5.25289355557e-07,0.784852201548,5.51091842247,2.18003206381,0.14195356582,0.000203191348195,0.00181502525253,0.000199680511182,0.00019592476489,0.000214213709677,1.39012455516e-05,after_reset,0.0010548618646,0.785303330969,0.000704012341772,0.0763352301937,0.389071936347,0.000704012341772,0.00217058731844,0.000330676556071,0.00103222071035,0.000547053823186,2.31852637096e-05,0.0186884205812,0.000849256900212,0.00606060606061,0.00127795527157,0.000940438871473,0.000322580645161,0.000237247924081,942,99,313,319,310,843
fixed_r8,eps2,7,1,0.25,local_reset,2.23779328401e-15,-0.019738940384,-0.272694393452,212.169625898,0.00635054059996,10,-0.00173321268866,6.77275611895,5.51132946473,2.17968422462,0.41576894111,0.00926386677282,0.00927241161616,0.00923522364217,0.00917172805643,0.00938760080645,0.00926286328588,after_reset,0.540605803714,218.360399465,0.0117394700704,1.27289693235,0.389071936347,0.0117394700704,0.0138229223819,0.00661428991931,0.015911906973,0.0106802912111,0.0114699893768,0.0186884205812,0.0361995753715,0.0333333333333,0.0396166134185,0.0332288401254,0.0358064516129,0.0365361803084,942,99,313,319,310,843
fixed_r8,eps2,7,1,1,retained,1.92901250529e-15,0,0,2156.2910022,0,-1,0,0,5.02826417062,1.62097774379,0,0.0427779989384,0.0434422348485,0.0429063498403,0.0430789576803,0.0423387096774,0.042699992586,pulse,2.17403994399,2156.2910022,0.0368905591782,1,0.276424951558,0.0368905591782,0.0394087618419,0.0178124448092,0.0527088691208,0.030922223208,0.0365834553698,0.0186884205812,0.143949044586,0.130303030303,0.15303514377,0.139498432602,0.13935483871,0.145551601423,942,99,313,319,310,843
fixed_r8,eps2,7,1,1,retained,1.75380543421e-15,-0.0337467225038,-0.380175379235,2261.02272561,0.167530932528,0,0.000266603745059,9.23877575273,5.03203682956,1.67214371635,0.531614563088,0.0422389198514,0.043639520202,0.0424945087859,0.0430422217868,0.041154233871,0.0420744365362,before_reset,2.17326023508,2269.6017213,0.037847428653,1.0259380583,0.285951147976,0.037847428653,0.0473889681808,0.0184752540124,0.0540353738862,0.0316781231792,0.0365638803647,0.0186884205812,0.144585987261,0.146464646465,0.147284345048,0.138871473354,0.147741935484,0.144365361803,942,99,313,319,310,843
fixed_r8,eps2,7,1,1,retained,1.75380543421e-15,-0.0337467225038,-0.380175379235,2261.02272561,0.167530932528,0,0.000266603745059,9.23877575273,5.03203682956,1.67214371635,0.531614563088,0.0422389198514,0.043639520202,0.0424945087859,0.0430422217868,0.041154233871,0.0420744365362,after_reset,2.17326023508,2269.6017213,0.037847428653,1.0259380583,0.285951147976,0.037847428653,0.0473889681808,0.0184752540124,0.0540353738862,0.0316781231792,0.0365638803647,0.0186884205812,0.144585987261,0.146464646465,0.147284345048,0.138871473354,0.147741935484,0.144365361803,942,99,313,319,310,843
fixed_r8,eps2,7,1,1,shared_reset,1.45196354939e-15,0,0,0,0,0,0,9.23877575273,5.03203682956,1.67214371635,0.531614563088,0.000933021496815,0.00887784090909,0.000798722044728,0.00101635971787,0.000982862903226,0,after_reset,0,9.23877575273,0.00241473104584,0.0654566127385,0.285951147976,0.00241473104584,0.00744863373978,0.00127631915693,0.00345791860453,0.00194149187439,0,0.0186884205812,0.00371549893843,0.0353535353535,0.00447284345048,0.00344827586207,0.00322580645161,0,942,99,313,319,310,843
fixed_r8,eps2,7,1,1,local_reset,1.62370117351e-15,0,0,2261.02272561,0,0,0,0,5.02826417062,1.67220562809,0,0.0420854896497,0.0421796085859,0.0424570686901,0.042907523511,0.0408644153226,0.0420744365362,after_reset,2.17326023508,2261.02272561,0.0377758301128,1.0239972219,0.285951147976,0.0377758301128,0.0468422285478,0.0184380517234,0.0539278299742,0.0316288597792,0.0365638803647,0.0186884205812,0.144161358811,0.142424242424,0.147284345048,0.139184952978,0.146129032258,0.144365361803,942,99,313,319,310,843
fixed_r8,eps2,7,1,1,retained,2.17187379192e-15,-0.411948677362,-0.594521638504,2377.12604077,0.323040927488,1,-0.00240844087539,18.1493242201,5.03203682956,1.72490979498,0.739225167695,0.0424877255839,0.0453361742424,0.0422698682109,0.0432014106583,0.0419732862903,0.042153210261,after_reset,2.17227963227,2393.58064841,0.0388674085487,1.05358686381,0.295753501751,0.0388674085487,0.0489424798629,0.018896081086,0.0551257319497,0.0332101774988,0.0375070575276,0.0186884205812,0.14033970276,0.138383838384,0.138338658147,0.135736677116,0.147096774194,0.140569395018,942,99,313,319,310,843
fixed_r8,eps2,7,1,1,shared_reset,2.3973878438e-15,-1.47055319171e-08,-0.000352893394596,0.000441653003844,4.05945973369e-08,1,-1.69470147801e-07,9.46729389828,5.03203682956,1.72521375039,0.534541778278,0.00103254378981,0.00962752525253,0.00103584265176,0.00102860501567,0.00103326612903,2.3168742586e-05,after_reset,0.00099621415557,9.46702943674,0.00244437828322,0.06626026652,0.295753501751,0.00244437828322,0.00753993690176,0.00127891916531,0.00350337509089,0.00196845471093,1.6222453075e-05,0.0186884205812,0.00276008492569,0.0242424242424,0.00319488817891,0.00344827586207,0.00161290322581,0.000237247924081,942,99,313,319,310,843
fixed_r8,eps2,7,1,1,local_reset,1.52655665886e-15,-0.373321182636,-0.206531790042,2377.03499892,0.133923181296,1,0.000799116026798,7.55046814029,5.02826417062,1.72494638702,0.476321797378,0.0423177083333,0.0437578914141,0.0422698682109,0.0429565047022,0.0417086693548,0.0421485765125,after_reset,2.17223861681,2383.56128253,0.0387859750756,1.05137942985,0.295753501751,0.0387859750756,0.0483286868638,0.018858087631,0.0550066028795,0.0331458822315,0.0375063287521,0.0186884205812,0.139808917197,0.134343434343,0.137699680511,0.135423197492,0.146451612903,0.140450771056,942,99,313,319,310,843
fixed_r8,eps2,7,1,1,retained,2.00187089128e-15,-1.61574105115,-2.33544061169,2735.89884079,0.879661486467,4,-0.0175988914609,52.862094771,5.24888495292,1.89062622042,1.22154355986,0.0400038150212,0.0405618686869,0.0399236222045,0.0403482562696,0.0397303427419,0.0399382784698,after_reset,2.16906717759,2781.70303594,0.0419002809609,1.13579956212,0.32813544031,0.0419002809609,0.0515999965894,0.0217179288715,0.0585342858833,0.0365088059201,0.0406094349703,0.0186884205812,0.13906581741,0.139393939394,0.147923322684,0.131347962382,0.138064516129,0.139027283511,942,99,313,319,310,843
fixed_r8,eps2,7,1,1,shared_reset,1.54910806405e-15,-1.38209062672e-06,-0.000915113187633,0.0035514283717,2.9515241528e-07,4,-2.24040824044e-05,10.7649469405,5.25515927205,1.8917972244,0.552993818757,0.000895700636943,0.00844381313131,0.000811202076677,0.00105309561129,0.000819052419355,9.2674970344e-06,after_reset,0.00241702921438,10.7666208653,0.0026067612886,0.0706620161544,0.32813544031,0.0026067612886,0.00803981812733,0.00129890921175,0.00377751349218,0.00206428528607,4.68925614835e-05,0.0186884205812,0.00329087048832,0.030303030303,0.00223642172524,0.00438871473354,0.00322580645161,0.00011862396204,942,99,313,319,310,843
fixed_r8,eps2,7,1,1,local_reset,2.42167397246e-15,-1.55854182357,-1.87906587171,2735.42774806,0.612853756763,4,-0.0156767495512,36.9135354339,5.24888260784,1.89065206793,1.02035919191,0.0397715963376,0.0384311868687,0.0398986621406,0.0398951802508,0.0395161290323,0.0399290109727,after_reset,2.16889325208,2766.04756837,0.0417822068821,1.1325989037,0.32813544031,0.0417822068821,0.0507050622358,0.0216709854321,0.0583544121125,0.0364219767183,0.0406058772831,0.0186884205812,0.138428874735,0.133333333333,0.14696485623,0.131034482759,0.137419354839,0.139027283511,942,99,313,319,310,843
fixed_r8,eps2,7,1,1,retained,2.42124029159e-15,-3.64248138029,-5.01130721424,3396.05357658,2.01740327188,10,-0.13242573169,134.328868285,5.51066252206,2.17755196065,1.85197674817,0.036491507431,0.0366556186869,0.0359175319489,0.0366501763323,0.0369077620968,0.0364722345789,after_reset,2.16285610887,3514.82741948,0.0470992027345,1.27672780743,0.389071936347,0.0470992027345,0.0565617298614,0.0264828824599,0.0638978410652,0.0427933941121,0.0458600141247,0.0186884205812,0.123036093418,0.128282828283,0.133546325879,0.113166144201,0.122580645161,0.122419928826,942,99,313,319,310,843
fixed_r8,eps2,7,1,1,shared_reset,2.37396907687e-15,-4.48282143025e-06,-0.00252362538706,0.0123591324208,9.8873698854e-07,10,-4.08995700803e-05,12.5967814889,5.51089017183,2.17996939405,0.568816290284,0.000725683386412,0.00651041666667,0.000686401757188,0.000734717868339,0.000756048387097,4.6337485172e-05,after_reset,0.00421120842157,12.6040035945,0.00282043315994,0.0764540636619,0.389071936347,0.00282043315994,0.00869586940646,0.00132675971125,0.00413445506395,0.00219206402897,9.2839577833e-05,0.0186884205812,0.00276008492569,0.0232323232323,0.00255591054313,0.00344827586207,0.00225806451613,0.000355871886121,942,99,313,319,310,843
fixed_r8,eps2,7,1,1,local_reset,2.64545330086e-15,-3.50127855067,-4.50512196391,3394.83458631,1.63325063117,10,-0.109536613697,108.890667846,5.51069819565,2.17757312599,1.66705619959,0.0363878383758,0.0356297348485,0.0356804113419,0.0367481387147,0.0367313508065,0.0364768683274,after_reset,2.16245242346,3489.12663053,0.0469266896274,1.27205145904,0.389071936347,0.0469266896274,0.0552436712417,0.0264124303586,0.0636391282903,0.0426579489689,0.0458510808017,0.0186884205812,0.121656050955,0.116161616162,0.131948881789,0.112225705329,0.120967741935,0.122301304864,942,99,313,319,310,843
fixed_r8,eps2,99,0,0.25,retained,1.98951098651e-15,0,0,158.684066344,0,-1,0,0,5.06889662423,1.8022576937,0,0.0102881170382,0.00957782451923,0.00975938498403,0.0108125979624,0.0102822580645,0.0103762678998,pulse,0.539082919425,158.684066344,0.0100075602477,1,0.306154924949,0.0100075602477,0.00991742688774,0.00485777794155,0.0139972741223,0.00888214193035,0.0100186896873,0.0186884205812,0.0389596602972,0.0413461538462,0.0361022364217,0.0369905956113,0.0438709677419,0.0386634844869,942,104,313,319,310,838
fixed_r8,eps2,99,0,0.25,retained,2.67841304691e-15,-0.000512564472675,-0.0149198085084,166.398490682,0.000467509158261,0,0.000115461236094,0.418497180568,5.3803847472,1.86086125498,0.113127284828,0.00993978901274,0.00957782451923,0.00985922523962,0.00978399294671,0.0101814516129,0.00998471062053,before_reset,0.538769730414,166.786821548,0.0102598832556,1.02521323896,0.318233758348,0.0102598832556,0.0121122669359,0.00508376482624,0.0142403745982,0.00922496346042,0.0100061015686,0.0186884205812,0.0385350318471,0.0394230769231,0.038338658147,0.0382445141066,0.0390322580645,0.0384248210024,942,104,313,319,310,838
fixed_r8,eps2,99,0,0.25,retained,2.67841304691e-15,-0.000512564472675,-0.0149198085084,166.398490682,0.000467509158261,0,0.000115461236094,0.418497180568,5.3803847472,1.86086125498,0.113127284828,0.00993978901274,0.00957782451923,0.00985922523962,0.00978399294671,0.0101814516129,0.00998471062053,after_reset,0.538769730414,166.786821548,0.0102598832556,1.02521323896,0.318233758348,0.0102598832556,0.0121122669359,0.00508376482624,0.0142403745982,0.00922496346042,0.0100061015686,0.0186884205812,0.0385350318471,0.0394230769231,0.038338658147,0.0382445141066,0.0390322580645,0.0384248210024,942,104,313,319,310,838
fixed_r8,eps2,99,0,0.25,shared_reset,2.44335801591e-15,0,0,0,0,0,0,0.418497180568,5.3803847472,1.86086125498,0.113127284828,0.000136843152866,0.00123948317308,0.00011232028754,0.000159188871473,0.000138608870968,0,after_reset,0,0.418497180568,0.000513934557533,0.0513546303809,0.318233758348,0.000513934557533,0.00154673745696,0.000321400102362,0.000612640826813,0.000558647847329,0,0.0186884205812,0.000743099787686,0.00673076923077,0,0.000940438871473,0.00129032258065,0,942,104,313,319,310,838
fixed_r8,eps2,99,0,0.25,local_reset,2.67841304691e-15,0,0,166.398490682,0,0,0,0,5.38180412311,1.86087403876,0,0.00993149548832,0.00950270432692,0.00984674520767,0.0097595023511,0.0101940524194,0.00998471062053,after_reset,0.538769730414,166.398490682,0.0102479322179,1.02401903803,0.318233758348,0.0102479322179,0.0120202771788,0.00507615472425,0.014227599632,0.00920909857273,0.0100061015686,0.0186884205812,0.038110403397,0.0355769230769,0.038338658147,0.0376175548589,0.0383870967742,0.0384248210024,942,104,313,319,310,838
fixed_r8,eps2,99,0,0.25,retained,2.72785266597e-15,-0.00508179936238,-0.0268324527467,172.491889922,0.000810064344066,1,0.000149203772697,0.743990206038,5.3803847472,1.90243961296,0.14906852949,0.0100932192144,0.00980318509615,0.0094723442492,0.0104819749216,0.0103200604839,0.0101292139021,after_reset,0.53856652402,173.173160095,0.0104544657444,1.04465678803,0.328596033661,0.0104544657444,0.0123381315105,0.00525448696219,0.0144866445047,0.00939605683474,0.0101964491219,0.0186884205812,0.0373673036093,0.0384615384615,0.0373801916933,0.0382445141066,0.0364516129032,0.03723150358,942,104,313,319,310,838
fixed_r8,eps2,99,0,0.25,shared_reset,2.3540197569e-15,9.5468835239e-10,-4.02672066174e-06,1.91857503521e-05,8.56056272309e-11,1,3.70280382881e-08,0.42932518789,5.3803847472,1.90246749887,0.113541395754,0.000178310774947,0.00161508413462,0.000162240415335,0.000171434169279,0.000201612903226,0,after_reset,0.000202193955228,0.42933639625,0.00052054754928,0.0520154299747,0.328596033661,0.00052054754928,0.00156661035378,0.000323084024371,0.000618063281536,0.000570010833386,3.3905387802e-06,0.0186884205812,0.000849256900212,0.00769230769231,0.000638977635783,0.000940438871473,0.000967741935484,0,942,104,313,319,310,838
fixed_r8,eps2,99,0,0.25,local_reset,2.6029525757e-15,-0.00455086359899,-0.0135214339801,172.488640826,0.000296652565451,1,4.66014433787e-05,0.275935747622,5.38180412311,1.90245043447,0.0902506528769,0.0100932192144,0.00980318509615,0.00945986421725,0.0104452390282,0.0103704637097,0.0101292139021,after_reset,0.538559023768,172.728821834,0.0104410447767,1.04331570516,0.328596033661,0.0104410447767,0.0122353939842,0.00524553329001,0.0144732049406,0.00937705419343,0.0101963548075,0.0186884205812,0.0374734607219,0.0394230769231,0.0373801916933,0.0382445141066,0.0367741935484,0.03723150358,942,104,313,319,310,838
fixed_r8,eps2,99,0,0.25,retained,2.50841014626e-15,-0.0125433386734,-0.0891449700634,196.779097026,0.00240807646249,4,0.000551023881009,2.36010301647,5.3803847472,2.07194094416,0.257474104439,0.0102300623673,0.00965294471154,0.010021465655,0.0100533894984,0.0106224798387,0.0103016855609,after_reset,0.537650817728,198.939333549,0.0112052585587,1.11967935055,0.362830442832,0.0112052585587,0.0130686070922,0.00592189145214,0.0153003601251,0.0102580741743,0.010951916101,0.0186884205812,0.0380042462845,0.0346153846154,0.0418530351438,0.033855799373,0.0383870967742,0.0384248210024,942,104,313,319,310,838
fixed_r8,eps2,99,0,0.25,shared_reset,2.64718802434e-15,2.21170042e-09,-4.46278837377e-05,0.000145283663398,4.73200525882e-10,4,1.08249349147e-07,0.462230157759,5.3803847472,2.07199595779,0.114807399179,0.000157576963907,0.00138972355769,0.000137280351438,9.79623824451e-05,0.000239415322581,4.66139618138e-06,after_reset,0.000483675994979,0.46228640705,0.000540153400794,0.053974533995,0.362830442832,0.000540153400794,0.00162542300741,0.000323421173781,0.000651636701265,0.000586531627263,9.47870907118e-06,0.0186884205812,0.000424628450106,0.00384615384615,0,0.000940438871473,0.000322580645161,0,942,104,313,319,310,838
fixed_r8,eps2,99,0,0.25,local_reset,2.43208231332e-15,-0.0119572846573,-0.0713892469305,196.756746918,0.00171826947563,4,0.00038124418382,1.69352527029,5.38180412311,2.07194193623,0.217538068336,0.0102300623673,0.00957782451923,0.00999650559105,0.010077880094,0.0106224798387,0.0103110083532,after_reset,0.537615597969,198.286059883,0.0111868456096,1.11783944666,0.362830442832,0.0111868456096,0.012929242111,0.0059079248025,0.0152811383372,0.0102345947909,0.0109512852461,0.0186884205812,0.037898089172,0.0336538461538,0.041214057508,0.033855799373,0.0387096774194,0.0384248210024,942,104,313,319,310,838
fixed_r8,eps2,99,0,0.25,retained,2.89004931098e-15,-0.0284638690204,-0.211580885693,239.323410524,0.00591017621168,10,0.000584254276679,6.49887648415,5.44022706558,2.37126017677,0.405115671677,0.00927630705945,0.0104792668269,0.0094973043131,0.00919621865204,0.00913558467742,0.00912701372315,after_reset,0.535862710998,245.349276184,0.0124438263899,1.24344256561,0.432732849397,0.0124438263899,0.0142665321824,0.00726223808313,0.0164324669813,0.0118078223446,0.0121986371028,0.0186884205812,0.0304670912951,0.0317307692308,0.029392971246,0.0322884012539,0.0296774193548,0.0303102625298,942,104,313,319,310,838
fixed_r8,eps2,99,0,0.25,shared_reset,3.19536064275e-15,1.66500690718e-08,-0.00016121457403,0.000549018648472,1.6255828562e-09,10,2.40892109343e-07,0.532561845554,5.4453715861,2.37144920606,0.116922013269,0.000157576963907,0.00123948317308,0.000174720447284,0.000122452978056,0.000176411290323,2.33069809069e-05,after_reset,0.000853153159128,0.532788951764,0.000579881372434,0.0579443298949,0.432732849397,0.000579881372434,0.00174436080862,0.000335413431479,0.000712068243467,0.000621651987066,1.91883315995e-05,0.0186884205812,0.000424628450106,0.00288461538462,0.000319488817891,0.000313479623824,0.000645161290323,0.000119331742243,942,104,313,319,310,838
fixed_r8,eps2,99,0,0.25,local_reset,3.35322047906e-15,-0.0273700708726,-0.193194647745,239.261518312,0.00492138687572,10,0.00046581188061,5.42737922976,5.44022642882,2.37126275804,0.369777774955,0.00923483943737,0.0100661057692,0.00943490415335,0.00913499216301,0.00913558467742,0.00913167511933,after_reset,0.535788113378,244.253621115,0.0124160101329,1.2406630413,0.432732849397,0.0124160101329,0.0140570041496,0.00724575271287,0.0164030131045,0.0117711542358,0.0121969639865,0.0186884205812,0.0305732484076,0.0317307692308,0.0297124600639,0.0322884012539,0.0296774193548,0.0304295942721,942,104,313,319,310,838
fixed_r8,eps2,99,0,1,retained,2.16146545107e-15,0,0,2538.94512752,0,-1,0,0,5.06889662423,1.8022576937,0,0.0403604365711,0.0383112980769,0.0392247404153,0.0406911246082,0.0411668346774,0.0406147449284,pulse,2.15633171228,2538.94512752,0.0400302415111,1,0.306154924949,0.0400302415111,0.0396697079777,0.0194311121761,0.0559890971354,0.035528568229,0.0400747592812,0.0186884205812,0.134501061571,0.125961538462,0.129073482428,0.134169278997,0.140322580645,0.135560859189,942,104,313,319,310,838
fixed_r8,eps2,99,0,1,retained,2.33146835171e-15,-0.255685098201,-0.256984388106,2662.38382622,0.119512609076,0,0.00708802005297,6.68666726567,5.37515511141,1.86070508831,0.452163497143,0.0397964769108,0.0409780649038,0.0392621805112,0.0399686520376,0.0401587701613,0.0396498359189,before_reset,2.15507976792,2668.17884316,0.0410363779405,1.02513440817,0.318233758348,0.0410363779405,0.0484244608389,0.0203305662656,0.0569605458611,0.0368932035205,0.040024465517,0.0186884205812,0.137473460722,0.127884615385,0.134185303514,0.131347962382,0.147096774194,0.138663484487,942,104,313,319,310,838
fixed_r8,eps2,99,0,1,retained,2.33146835171e-15,-0.255685098201,-0.256984388106,2662.38382622,0.119512609076,0,0.00708802005297,6.68666726567,5.37515511141,1.86070508831,0.452163497143,0.0397964769108,0.0409780649038,0.0392621805112,0.0399686520376,0.0401587701613,0.0396498359189,after_reset,2.15507976792,2668.17884316,0.0410363779405,1.02513440817,0.318233758348,0.0410363779405,0.0484244608389,0.0203305662656,0.0569605458611,0.0368932035205,0.040024465517,0.0186884205812,0.137473460722,0.127884615385,0.134185303514,0.131347962382,0.147096774194,0.138663484487,942,104,313,319,310,838
fixed_r8,eps2,99,0,1,shared_reset,2.18228213278e-15,0,0,0,0,0,0,6.68666726567,5.37515511141,1.86070508831,0.452163497143,0.00070909633758,0.00642277644231,0.000636481629393,0.000722472570533,0.000768649193548,0,after_reset,0,6.68666726567,0.00205431202968,0.051319001638,0.318233758348,0.00205431202968,0.00618265753492,0.00128871228479,0.00244354596412,0.00223670265258,0,0.0186884205812,0.00233545647558,0.0211538461538,0.00191693290735,0.0012539184953,0.00387096774194,0,942,104,313,319,310,838
fixed_r8,eps2,99,0,1,local_reset,1.98452365652e-15,0,0,2662.38382622,0,0,0,0,5.38180412311,1.86087403876,0,0.039779889862,0.0408278245192,0.0392871405751,0.0398461990596,0.0402091733871,0.0396498359189,after_reset,2.15507976792,2662.38382622,0.040991790268,1.02402055847,0.318233758348,0.040991790268,0.0480811854596,0.0203046667347,0.0569104620544,0.0368364742848,0.040024465517,0.0186884205812,0.137261146497,0.125961538462,0.133865814696,0.131661442006,0.146451612903,0.138663484487,942,104,313,319,310,838
fixed_r8,eps2,99,0,1,retained,2.23779328401e-15,-0.695828083161,-0.450825000454,2759.9086334,0.208190263377,1,0.00903817901053,11.9567203425,5.37515511141,1.90212783885,0.597359067409,0.0396720740446,0.0391376201923,0.0377770567093,0.0411931818182,0.0400201612903,0.0397384024463,after_reset,2.15427112551,2769.7983142,0.0418105255109,1.04447347637,0.328596033661,0.0418105255109,0.0493164963564,0.0210095782696,0.0579395297642,0.0375753269451,0.0407827490033,0.0186884205812,0.135244161359,0.125961538462,0.1303514377,0.133855799373,0.141612903226,0.136396181384,942,104,313,319,310,838
fixed_r8,eps2,99,0,1,shared_reset,2.94209101526e-15,2.82627370148e-08,-6.32483616186e-05,0.000306483487157,2.19125837209e-08,1,2.04457406249e-06,6.85988157242,5.37515511141,1.90231734868,0.453790038311,0.000667628715499,0.00600961538462,0.000624001597444,0.00047756661442,0.000907258064516,4.66139618138e-06,after_reset,0.000810096510376,6.86006572677,0.00208077773078,0.0519801443167,0.328596033661,0.00208077773078,0.00626219059657,0.00129564856755,0.00246558239682,0.00228165937551,1.35495151708e-05,0.0186884205812,0.0031847133758,0.0288461538462,0.00319488817891,0.00313479623824,0.00322580645161,0,942,104,313,319,310,838
fixed_r8,eps2,99,0,1,local_reset,2.42861286637e-15,-0.436997122618,-0.221778558484,2759.85343168,0.0768945946639,1,0.00279697305457,4.47370555346,5.38180412311,1.90228609262,0.363170249663,0.0395684049894,0.0381986177885,0.0377770567093,0.0410339929467,0.0398689516129,0.0397384024463,after_reset,2.15424091745,2763.09207441,0.0417598789828,1.04320826971,0.328596033661,0.0417598789828,0.0489289560196,0.0209778122377,0.057886774324,0.0375057095711,0.0407823487342,0.0186884205812,0.134925690021,0.123076923077,0.1303514377,0.133228840125,0.141290322581,0.136396181384,942,104,313,319,310,838
fixed_r8,eps2,99,0,1,retained,2.31759056391e-15,-1.8400225346,-1.46841296591,3148.65251904,0.618888478085,4,0.0341776420761,37.9268926968,5.37515511141,2.07124040886,1.03174349413,0.0398420912951,0.0374474158654,0.0387380191693,0.0398706896552,0.0409274193548,0.0401392825179,after_reset,2.15061781525,3180.64978449,0.0448042775662,1.11926073576,0.362830442832,0.0448042775662,0.0522192125586,0.0236690023369,0.0611856260853,0.0410117672535,0.043796567264,0.0186884205812,0.127919320594,0.114423076923,0.137060702875,0.115987460815,0.130967741935,0.129594272076,942,104,313,319,310,838
fixed_r8,eps2,99,0,1,shared_reset,2.3904489499e-15,-7.53884729484e-08,-0.000734084088195,0.00236694591881,1.22328523575e-07,4,5.15974313324e-06,7.3840068618,5.37515511141,2.07187503023,0.458830266882,0.000704949575372,0.00612229567308,0.000599041533546,0.000551038401254,0.000970262096774,3.26297732697e-05,after_reset,0.00194494128838,7.38491593058,0.00215890896974,0.053931949652,0.362830442832,0.00215890896974,0.00649654549901,0.00129668051209,0.00259963129072,0.00234758349401,3.82443367797e-05,0.0186884205812,0.002016985138,0.0163461538462,0.00127795527157,0.00313479623824,0.00161290322581,0.000238663484487,942,104,313,319,310,838
fixed_r8,eps2,99,0,1,local_reset,2.32799890476e-15,-1.56926297365,-1.16830438114,3148.27475037,0.442084438405,4,0.0237931778585,27.2457422266,5.38180412311,2.07135050953,0.872171681565,0.0397840366242,0.0368840144231,0.0386631389776,0.0397604819749,0.0409400201613,0.0401439439141,after_reset,2.1504756346,3170.53502868,0.0447329799975,1.11747964311,0.362830442832,0.0447329799975,0.0516807245797,0.0236164233011,0.0611092896586,0.0409228963297,0.0437939127047,0.0186884205812,0.127388535032,0.109615384615,0.13642172524,0.116300940439,0.129677419355,0.129594272076,942,104,313,319,310,838
fixed_r8,eps2,99,0,1,retained,3.15893144975e-15,-4.15767194638,-3.42395875025,3829.67254698,1.52033166097,10,0.0356340904642,104.589430166,5.42233171411,2.36954802945,1.62434079933,0.0375240512208,0.0380483774038,0.0372778554313,0.0381930838558,0.0370841733871,0.0374589797136,after_reset,2.14348281428,3920.69031559,0.0497442426125,1.24266656245,0.432732849397,0.0497442426125,0.0569944503011,0.0290175040382,0.0657050754437,0.0471868401652,0.0487693302485,0.0186884205812,0.105626326964,0.0980769230769,0.107348242812,0.106269592476,0.103225806452,0.106563245823,942,104,313,319,310,838
fixed_r8,eps2,99,0,1,shared_reset,2.56045185054e-15,3.5045543387e-07,-0.0026485788966,0.00887997048839,4.19135970004e-07,10,1.25913352331e-05,8.51131863094,5.44537229104,2.37132611505,0.467316873843,0.000613720806794,0.00518329326923,0.00067392172524,0.000502057210031,0.000667842741935,4.66139618138e-05,after_reset,0.00342553576242,8.51492774635,0.00231820605808,0.0579113682699,0.432732849397,0.00231820605808,0.00697343423026,0.00134355607419,0.00284230696828,0.00248885571041,7.71593715419e-05,0.0186884205812,0.0015923566879,0.0125,0.00159744408946,0.0012539184953,0.00193548387097,0.000238663484487,942,104,313,319,310,838
fixed_r8,eps2,99,0,1,local_reset,2.69315819645e-15,-3.83834247561,-3.12016275561,3828.63216672,1.26671281369,10,0.028898859823,87.4056295256,5.42232737833,2.36965316046,1.4831065745,0.0375157576964,0.0378981370192,0.0372404153355,0.0382543103448,0.0370337701613,0.037468302506,after_reset,2.14318129608,3903.44529631,0.0496347228941,1.23993063795,0.432732849397,0.0496347228941,0.0561712813052,0.0289539267703,0.0655871010179,0.0470444984833,0.0487624220693,0.0186884205812,0.106050955414,0.100961538462,0.107667731629,0.106269592476,0.104193548387,0.106682577566,942,104,313,319,310,838
fixed_r8,eps2,99,1,0.25,retained,2.29677388219e-15,0,0,155.310281225,0,-1,0,0,5.06889662423,1.8022576937,0,0.0105618033439,0.0106594279661,0.0102835463259,0.0107146355799,0.010685483871,0.0105478231189,pulse,0.538988067591,155.310281225,0.00990060321988,1,0.306154924949,0.00990060321988,0.0102542081777,0.0048439443894,0.013808974212,0.00882867479502,0.00984892647835,0.0186884205812,0.0366242038217,0.0330508474576,0.0325878594249,0.0366771159875,0.0406451612903,0.0371359223301,942,118,313,319,310,824
fixed_r8,eps2,99,1,0.25,retained,2.68188249386e-15,-0.00428185510738,0.00569384292539,164.600735503,0.000491293200837,0,-0.000153381799906,0.449412822332,5.33561409704,1.86917220367,0.116131589822,0.0101015127389,0.0096001059322,0.0100339456869,0.0103717672414,0.00989163306452,0.0101733161408,before_reset,0.538647377494,165.05315683,0.0102064208133,1.0308887839,0.320121807213,0.0102064208133,0.0124935851454,0.0050403204556,0.0141774490362,0.00916838447855,0.0098354498817,0.0186884205812,0.0417197452229,0.0389830508475,0.0434504792332,0.0401253918495,0.0416129032258,0.0421116504854,942,118,313,319,310,824
fixed_r8,eps2,99,1,0.25,retained,2.68188249386e-15,-0.00428185510738,0.00569384292539,164.600735503,0.000491293200837,0,-0.000153381799906,0.449412822332,5.33561409704,1.86917220367,0.116131589822,0.0101015127389,0.0096001059322,0.0100339456869,0.0103717672414,0.00989163306452,0.0101733161408,after_reset,0.538647377494,165.05315683,0.0102064208133,1.0308887839,0.320121807213,0.0102064208133,0.0124935851454,0.0050403204556,0.0141774490362,0.00916838447855,0.0098354498817,0.0186884205812,0.0417197452229,0.0389830508475,0.0434504792332,0.0401253918495,0.0416129032258,0.0421116504854,942,118,313,319,310,824
fixed_r8,eps2,99,1,0.25,shared_reset,2.31325375522e-15,0,0,0,0,0,0,0.449412822332,5.33561409704,1.86917220367,0.116131589822,0.000157576963907,0.00125794491525,0.000174720447284,0.000171434169279,0.000126008064516,0,after_reset,0,0.449412822332,0.000532579299981,0.0537926112331,0.320121807213,0.000532579299981,0.00150476516987,0.000338979825797,0.000680465946414,0.000519042984779,0,0.0186884205812,0.000743099787686,0.00593220338983,0.000638977635783,0.000940438871473,0.000645161290323,0,942,118,313,319,310,824
fixed_r8,eps2,99,1,0.25,local_reset,2.68188249386e-15,0,0,164.600735503,0,0,0,0,5.33008354062,1.86922289988,0,0.0100890724522,0.00950079449153,0.00998402555911,0.0103840125392,0.00989163306452,0.0101733161408,after_reset,0.538647377494,164.600735503,0.0101924229862,1.02947494813,0.320121807213,0.0101924229862,0.0124020237678,0.00502994245763,0.0141608874188,0.00915314575693,0.0098354498817,0.0186884205812,0.0417197452229,0.0389830508475,0.0437699680511,0.0401253918495,0.0412903225806,0.0421116504854,942,118,313,319,310,824
fixed_r8,eps2,99,1,0.25,retained,2.76167977376e-15,-0.0107464240494,0.00360308827584,172.458624588,0.000935003164982,1,-0.000230870209324,0.878200369026,5.33561409704,1.92842968589,0.160325714569,0.0103378781847,0.0108580508475,0.0107203474441,0.0104085031348,0.00987903225806,0.0102633874393,after_reset,0.538342651042,173.323011548,0.0104589880333,1.05639906993,0.333093215186,0.0104589880333,0.0126998563245,0.00527823162447,0.0144443167559,0.00946471837093,0.0100974617306,0.0186884205812,0.0336518046709,0.0305084745763,0.0309904153355,0.0351097178683,0.0348387096774,0.0341019417476,942,118,313,319,310,824
fixed_r8,eps2,99,1,0.25,shared_reset,2.4407559307e-15,3.78324837763e-10,-9.67775174059e-06,1.94756460403e-05,7.28187898224e-11,1,-5.87430217237e-08,0.458713414702,5.33561409704,1.92852346632,0.116042601864,0.000186604299363,0.00148967161017,0.000162240415335,0.000159188871473,0.000239415322581,0,after_reset,0.000205830528407,0.458713418188,0.00053806194225,0.0543463797407,0.333093215186,0.00053806194225,0.00152022906478,0.000340188964563,0.00068730653158,0.000526104091825,3.42383708079e-06,0.0186884205812,0.000743099787686,0.00593220338983,0.000638977635783,0.000626959247649,0.000967741935484,0,942,118,313,319,310,824
fixed_r8,eps2,99,1,0.25,local_reset,2.58473797921e-15,-0.00634025247326,-0.00303206661831,172.453006621,0.000390299793556,1,-8.09823874059e-05,0.367475621308,5.33008354062,1.92847573064,0.103731055384,0.0103129976115,0.0106594279661,0.0106829073482,0.0104697296238,0.00977822580645,0.0102633874393,after_reset,0.538332872405,172.801965939,0.0104432552359,1.05480999531,0.333093215186,0.0104432552359,0.0125970029738,0.00526520164111,0.0144269117581,0.00944655570024,0.010097296042,0.0186884205812,0.0333333333333,0.0279661016949,0.0303514376997,0.0351097178683,0.0345161290323,0.0341019417476,942,118,313,319,310,824
fixed_r8,eps2,99,1,0.25,retained,2.43208231332e-15,-0.0206013694715,0.0180170537875,191.560665858,0.00220707770164,4,-0.000541306586509,2.19217554433,5.33561409704,2.06595014249,0.246626746451,0.00970757032909,0.0103614936441,0.0094473841853,0.0104085031348,0.00924899193548,0.00961392597087,after_reset,0.537575185159,193.748797236,0.011058113939,1.11691315099,0.365154125556,0.011058113939,0.0132300384419,0.00590930762195,0.0150550488245,0.0101531525054,0.0107110964826,0.0186884205812,0.0312101910828,0.0364406779661,0.0309904153355,0.0300940438871,0.0325806451613,0.0304611650485,942,118,313,319,310,824
fixed_r8,eps2,99,1,0.25,shared_reset,2.87096735274e-15,2.57234654286e-09,-3.14613647553e-05,9.34383417507e-05,3.48493060587e-10,4,-2.8146037468e-08,0.492837335212,5.33561409704,2.06608069824,0.116842373188,0.000186604299363,0.00145656779661,0.000262080670927,9.79623824451e-05,0.000201612903226,4.74059466019e-06,after_reset,0.000442533185317,0.492867800025,0.000557733557546,0.0563332905237,0.365154125556,0.000557733557546,0.00157570539943,0.000346650058085,0.000715110298077,0.000545603299053,7.69927000753e-06,0.0186884205812,0.000743099787686,0.00593220338983,0.00159744408946,0.000626959247649,0,0,942,118,313,319,310,824
fixed_r8,eps2,99,1,0.25,local_reset,3.07046055248e-15,-0.0163844540701,0.00704388397189,191.543548275,0.00152557190284,4,-0.000332880947855,1.51601644172,5.33008354062,2.06599270725,0.205025560829,0.0097117170913,0.0104608050847,0.0094473841853,0.0104085031348,0.00926159274194,0.00960444478155,after_reset,0.537544770227,193.041743387,0.0110379181277,1.11487329434,0.365154125556,0.0110379181277,0.013097583274,0.00589475101474,0.0150333388539,0.010127989046,0.0107105938693,0.0186884205812,0.0311040339703,0.035593220339,0.0309904153355,0.0300940438871,0.0322580645161,0.0304611650485,942,118,313,319,310,824
fixed_r8,eps2,99,1,0.25,retained,3.9807566965e-15,-0.0405074010672,0.0263791490247,236.675369637,0.00591890629789,10,-0.00125164988258,6.509860731,5.66886143823,2.38508334886,0.404757772634,0.00940900345011,0.00926906779661,0.00934754392971,0.0097595023511,0.00911038306452,0.00942904277913,after_reset,0.535769652916,243.160389471,0.0123881931504,1.25125640077,0.440337969097,0.0123881931504,0.0144363739002,0.00704722923966,0.0162357905506,0.0120393015377,0.0120664611427,0.0186884205812,0.0274946921444,0.0228813559322,0.0297124600639,0.023197492163,0.0296774193548,0.0281553398058,942,118,313,319,310,824
fixed_r8,eps2,99,1,0.25,shared_reset,3.88643110749e-15,7.4706495549e-09,-0.000140453448968,0.000392501812164,1.17670930662e-09,10,8.71661344112e-08,0.561718072224,5.67591717591,2.38533266938,0.118558923993,0.00014928343949,0.00112552966102,9.98402555911e-05,0.000171434169279,0.000176411290323,9.48118932039e-06,after_reset,0.000780678246163,0.561829857589,0.000595475586132,0.0601453843677,0.440337969097,0.000595475586132,0.00168191331092,0.000353497894063,0.00077781513159,0.000573383625734,1.64384746395e-05,0.0186884205812,0.000530785562633,0.00423728813559,0.000319488817891,0.000626959247649,0.000645161290323,0,942,118,313,319,310,824
fixed_r8,eps2,99,1,0.25,local_reset,2.75409035855e-15,-0.0357212617193,0.0147886351062,236.622935987,0.00483739805478,10,-0.00100678856645,5.32046527157,5.66885674279,2.38511179701,0.365756842348,0.00939656316348,0.00913665254237,0.00933506389776,0.00969827586207,0.00914818548387,0.00943378337379,after_reset,0.535689763944,241.904359826,0.0123561565111,1.24802057376,0.440337969097,0.0123561565111,0.0142241254433,0.00702953891828,0.0161977674689,0.012002348832,0.0120650059067,0.0186884205812,0.0273885350318,0.0228813559322,0.0297124600639,0.0228840125392,0.0296774193548,0.0280339805825,942,118,313,319,310,824
fixed_r8,eps2,99,1,1,retained,2.08166817117e-15,0,0,2484.96435902,0,-1,0,0,5.06889662423,1.8022576937,0,0.0408331674628,0.0407838983051,0.0398487420128,0.0422095415361,0.0404107862903,0.0408402229976,pulse,2.1559522267,2484.96435902,0.0396024117593,1,0.306154924949,0.0396024117593,0.0410168313776,0.0193757768537,0.0552358953807,0.0353146981141,0.0393957048248,0.0186884205812,0.129936305732,0.119491525424,0.128434504792,0.124137931034,0.137419354839,0.131432038835,942,118,313,319,310,824
fixed_r8,eps2,99,1,1,retained,2.40476041857e-15,-0.497677136591,0.0825810393255,2633.64884508,0.126007434617,0,-0.0100320339736,7.20550408929,5.35113755545,1.86890093627,0.464903575097,0.041115147293,0.0407838983051,0.0403729033546,0.0422830133229,0.0406628024194,0.0411625834345,before_reset,2.1545948939,2640.13010034,0.0408201143666,1.03074819318,0.320121807213,0.0408201143666,0.0499364984315,0.0201571836495,0.0567049184223,0.0366647358042,0.0393420745963,0.0186884205812,0.133333333333,0.126271186441,0.135463258786,0.129153605016,0.135483870968,0.134344660194,942,118,313,319,310,824
fixed_r8,eps2,99,1,1,retained,2.40476041857e-15,-0.497677136591,0.0825810393255,2633.64884508,0.126007434617,0,-0.0100320339736,7.20550408929,5.35113755545,1.86890093627,0.464903575097,0.041115147293,0.0407838983051,0.0403729033546,0.0422830133229,0.0406628024194,0.0411625834345,after_reset,2.1545948939,2640.13010034,0.0408201143666,1.03074819318,0.320121807213,0.0408201143666,0.0499364984315,0.0201571836495,0.0567049184223,0.0366647358042,0.0393420745963,0.0186884205812,0.133333333333,0.126271186441,0.135463258786,0.129153605016,0.135483870968,0.134344660194,942,118,313,319,310,824
fixed_r8,eps2,99,1,1,shared_reset,2.37310171514e-15,0,0,0,0,0,0,7.20550408929,5.35113755545,1.86890093627,0.464903575097,0.000754710721868,0.0060248940678,0.000711361821086,0.000893906739812,0.000655241935484,0,after_reset,0,7.20550408929,0.00213252306621,0.0538483130566,0.320121807213,0.00213252306621,0.00602529319879,0.00136220222249,0.0027164757797,0.00208613834192,0,0.0186884205812,0.0036093418259,0.028813559322,0.0038338658147,0.00376175548589,0.00322580645161,0,942,118,313,319,310,824
fixed_r8,eps2,99,1,1,local_reset,2.35922392733e-15,0,0,2633.64884508,0,0,0,0,5.33008354062,1.86922289988,0,0.0410778264331,0.0404859639831,0.0404228234824,0.0422217868339,0.0405619959677,0.0411625834345,after_reset,2.1545948939,2633.64884508,0.0407699789299,1.0294822239,0.320121807213,0.0407699789299,0.0496084545956,0.0201198872905,0.0566439674784,0.0366128237839,0.0393420745963,0.0186884205812,0.133545647558,0.127966101695,0.135463258786,0.129780564263,0.135483870968,0.134344660194,942,118,313,319,310,824
fixed_r8,eps2,99,1,1,retained,2.18575157973e-15,-1.12754784266,0.047395381412,2759.40963108,0.240299149576,1,-0.0149384954995,14.1212984183,5.35113755545,1.92777374925,0.642574484952,0.0402567675159,0.0425052966102,0.0397364217252,0.041327880094,0.0396799395161,0.0399347694175,after_reset,2.15337975453,2771.58104674,0.0418239786555,1.05609675769,0.333093215186,0.0418239786555,0.0507514823703,0.0210979834475,0.0577705454637,0.0378376333653,0.040384301356,0.0186884205812,0.120382165605,0.106779661017,0.125559105431,0.116927899687,0.118709677419,0.122330097087,942,118,313,319,310,824
fixed_r8,eps2,99,1,1,shared_reset,2.53616572188e-15,-5.85641223683e-09,-0.000162846838778,0.000314990749495,1.87073443327e-08,1,-4.04542786798e-06,7.35085601121,5.35113755545,1.92826630666,0.464417703335,0.000804471868365,0.00638903601695,0.000761281948882,0.000710227272727,0.000945060483871,4.74059466019e-06,after_reset,0.000826886341917,7.35083722442,0.00215392191914,0.0543886552221,0.333093215186,0.00215392191914,0.00608564540125,0.00136683539579,0.00274309749736,0.00211385182022,1.37673510453e-05,0.0186884205812,0.00307855626327,0.0228813559322,0.0038338658147,0.00282131661442,0.00258064516129,0.000242718446602,942,118,313,319,310,824
fixed_r8,eps2,99,1,1,local_reset,2.72004641033e-15,-0.621023568607,-0.0490508220111,2759.31575171,0.100454457761,1,-0.00510795708523,5.91903550259,5.33008354062,1.92807330563,0.41608773885,0.0402028596072,0.0420418432203,0.0397489017572,0.0410707288401,0.0397681451613,0.0399395100121,after_reset,2.15333967362,2763.98487698,0.0417666251054,1.05464852391,0.333093215186,0.0417666251054,0.0503768796684,0.0210498030843,0.057705952368,0.0377735905839,0.0403836107123,0.0186884205812,0.119639065817,0.100847457627,0.124920127796,0.116300940439,0.117741935484,0.122330097087,942,118,313,319,310,824
fixed_r8,eps2,99,1,1,retained,2.15626128064e-15,-2.28165762898,0.284687440322,3065.11062728,0.566747304823,4,-0.0350287514271,35.2062013564,5.35113755545,2.06492186873,0.987981942903,0.038842721603,0.0404859639831,0.0382388178914,0.0396747648903,0.0385962701613,0.0386074029126,after_reset,2.1503178408,3096.81957806,0.0442098971776,1.1163435562,0.365154125556,0.0442098971776,0.0528685826422,0.0236157574995,0.0602016503462,0.0405788614346,0.0428268821014,0.0186884205812,0.113269639066,0.11186440678,0.111821086262,0.113166144201,0.114838709677,0.113470873786,942,118,313,319,310,824
fixed_r8,eps2,99,1,1,shared_reset,2.5344309984e-15,3.69415919975e-08,-0.000516008030923,0.001498386746,8.91067461026e-08,4,-2.69421675832e-06,7.89516312381,5.35113755545,2.06583499848,0.467546791075,0.000763004246285,0.00589247881356,0.000998402555911,0.000514302507837,0.00078125,2.84435679612e-05,after_reset,0.00177212041195,7.89562426905,0.00223231146367,0.0563680686227,0.365154125556,0.00223231146367,0.00630671205886,0.00139339033215,0.00285356528702,0.00219156944345,3.08304617465e-05,0.0186884205812,0.0031847133758,0.0254237288136,0.00415335463259,0.00313479623824,0.00225806451613,0,942,118,313,319,310,824
fixed_r8,eps2,99,1,1,local_reset,2.77555756156e-15,-1.78490212108,0.114231955062,3064.83978182,0.392389300453,4,-0.0213238961519,24.387914008,5.33008354062,2.06519932412,0.822021339091,0.0388593086518,0.0406514830508,0.0381888977636,0.0397849725705,0.0385836693548,0.038602662318,after_reset,2.15019670459,3086.23609701,0.0441342881466,1.11443435352,0.365154125556,0.0441342881466,0.0523732100667,0.0235606973721,0.0601194722299,0.0404863443784,0.0428248927804,0.0186884205812,0.113163481953,0.11186440678,0.111501597444,0.113166144201,0.114838709677,0.113349514563,942,118,313,319,310,824
fixed_r8,eps2,99,1,1,retained,3.15806408802e-15,-4.83514058699,0.320971258341,3787.12645362,1.52066995763,10,-0.0826780137392,104.585380753,5.64447516722,2.38314685534,1.62197625154,0.0373250066348,0.0381024894068,0.0359424920128,0.0385849333856,0.0374243951613,0.0372136680825,after_reset,2.14311771301,3884.03880964,0.0495111864138,1.25020634386,0.440337969097,0.0495111864138,0.0576671277021,0.0281522380605,0.0649027997853,0.0481048598087,0.0482304606244,0.0186884205812,0.0942675159236,0.100847457627,0.0984025559105,0.0890282131661,0.0954838709677,0.0933252427184,942,118,313,319,310,824
fixed_r8,eps2,99,1,1,shared_reset,2.99890320909e-15,2.77409498095e-08,-0.00232876138773,0.00629395591557,3.01863866472e-07,10,3.22929470355e-06,8.98963916792,5.6759297948,2.38513360734,0.474202546516,0.000663481953291,0.00499867584746,0.000586561501597,0.000734717868339,0.000667842741935,4.26653519417e-05,after_reset,0.0031320446978,8.99128241699,0.00238216792331,0.0601520921956,0.440337969097,0.00238216792331,0.00672839754167,0.00142013438531,0.00310323519721,0.00230171426065,6.58465366213e-05,0.0186884205812,0.00212314225053,0.0152542372881,0.00191693290735,0.00219435736677,0.00225806451613,0.000242718446602,942,118,313,319,310,824
fixed_r8,eps2,99,1,1,local_reset,3.11122655416e-15,-4.27956469393,0.14684088288,3786.27543478,1.24332816257,10,-0.0660361307298,85.5186008629,5.64445518344,2.38335243242,1.46606729562,0.0372337778662,0.037407309322,0.0360048921725,0.0383767633229,0.0372983870968,0.0372089274879,after_reset,2.14279374966,3864.63984392,0.049387388979,1.2470803364,0.440337969097,0.049387388979,0.0568479724633,0.0280837323709,0.064755172292,0.0479631106789,0.048224619995,0.0186884205812,0.0937367303609,0.0966101694915,0.097124600639,0.0884012539185,0.0958064516129,0.0933252427184,942,118,313,319,310,824
full,eps1,123,0,0.25,retained,3.44169137634e-15,0,0,1235.45881933,0,-1,0,0,6.16580299948,3.32923349422,0,0.0115155586518,0.0118434175532,0.0115814696486,0.0118534482759,0.0111013104839,0.0114792158019,pulse,2.58940038519,1235.45881933,0.0279238752964,1,0.805315910153,0.0279238752964,0.0281081938464,0.0204907881573,0.0330966987775,0.0286056495995,0.0279033687975,0.0316081765858,0.0457537154989,0.0489361702128,0.0463258785942,0.0485893416928,0.0422580645161,0.0454009433962,942,94,313,319,310,848
full,eps1,123,0,0.25,retained,3.7331249203e-15,-0.0135419595137,-0.471291487034,1266.00908475,0.0150675735652,0,0.00318092658627,12.0645652974,6.16580299948,3.37981281538,0.373739990167,0.0112833399682,0.0120096409574,0.0111821086262,0.0110330133229,0.0116431451613,0.0112028301887,before_reset,2.58906698346,1277.12541258,0.0283908454931,1.01672297243,0.824721318376,0.0283908454931,0.0325846315942,0.020903925751,0.0334770588594,0.0292381372511,0.0278871654484,0.0316081765858,0.0488322717622,0.0510638297872,0.0492012779553,0.0485893416928,0.0487096774194,0.0485849056604,942,94,313,319,310,848
full,eps1,123,0,0.25,retained,3.7331249203e-15,-0.0135419595137,-0.471291487034,1266.00908475,0.0150675735652,0,0.00318092658627,12.0645652974,6.16580299948,3.37981281538,0.373739990167,0.0112833399682,0.0120096409574,0.0111821086262,0.0110330133229,0.0116431451613,0.0112028301887,after_reset,2.58906698346,1277.12541258,0.0283908454931,1.01672297243,0.824721318376,0.0283908454931,0.0325846315942,0.020903925751,0.0334770588594,0.0292381372511,0.0278871654484,0.0316081765858,0.0488322717622,0.0510638297872,0.0492012779553,0.0485893416928,0.0487096774194,0.0485849056604,942,94,313,319,310,848
full,eps1,123,0,0.25,shared_reset,4.53803661316e-15,0,0,0,0,0,0,12.0645652974,6.16580299948,3.37981281538,0.373739990167,0.000281979830149,0.00282579787234,0.000249600638978,0.000146943573668,0.000453629032258,0,after_reset,0,12.0645652974,0.00275941735895,0.0988192838445,0.824721318376,0.00275941735895,0.00873532196215,0.0021097534356,0.00274705718564,0.00329823566852,0,0.0316081765858,0.00116772823779,0.0117021276596,0.000638977635783,0.000940438871473,0.00193548387097,0,942,94,313,319,310,848
full,eps1,123,0,0.25,local_reset,3.85802501057e-15,0,0,1266.00908475,0,0,0,0,6.16580299948,3.37979391478,0,0.0111630838641,0.0108045212766,0.0110448282748,0.0110085227273,0.0114415322581,0.0112028301887,after_reset,2.58906698346,1266.00908475,0.028267015949,1.01228843236,0.824721318376,0.028267015949,0.0314872953714,0.0208021855785,0.0333774495652,0.0290634865499,0.0278871654484,0.0316081765858,0.0489384288747,0.0521276595745,0.0495207667732,0.0489028213166,0.0483870967742,0.0485849056604,942,94,313,319,310,848
full,eps1,123,0,0.25,retained,4.48599490888e-15,-0.0313294374293,-0.856130413191,1295.33729191,0.0293400194307,1,0.00381766379051,23.9576307429,6.16580299948,3.42418894907,0.522139479988,0.0113040737792,0.0103058510638,0.0107827476038,0.0113269004702,0.0118069556452,0.0114147258255,after_reset,2.58871860321,1317.5569783,0.0288367462354,1.03269141297,0.843575537888,0.0288367462354,0.0331862478632,0.0213277525769,0.0338508034777,0.0298067747805,0.02831349999,0.0316081765858,0.0451167728238,0.0468085106383,0.0444089456869,0.046394984326,0.0445161290323,0.044929245283,942,94,313,319,310,848
full,eps1,123,0,0.25,shared_reset,6.14785999886e-15,-1.80598268232e-09,-0.000282365377946,6.26963099755e-05,5.61848327717e-10,1,2.12759135512e-07,12.0306167825,6.16580299948,3.42419992572,0.369967052108,0.000327594214437,0.00328291223404,0.000399361022364,0.000208170062696,0.000378024193548,0,after_reset,0.000424438851142,12.0301151706,0.00275547481171,0.0986780947296,0.843575537888,0.00275547481171,0.00872282171749,0.00208791745506,0.0027581665568,0.00329270418089,6.15018104558e-06,0.0316081765858,0.00169851380042,0.0159574468085,0.00159744408946,0.000940438871473,0.00258064516129,0.000117924528302,942,94,313,319,310,848
full,eps1,123,0,0.25,local_reset,3.75394160201e-15,-0.017459359338,-0.404610876745,1295.3115795,0.0131071487035,1,0.000485615850048,10.7655770007,6.16580299948,3.42417103023,0.349896850591,0.0112294320594,0.00955784574468,0.0107702675719,0.0112289380878,0.0116935483871,0.0114147258255,after_reset,2.58870172171,1305.24709441,0.0287017198062,1.02785589398,0.843575537888,0.0287017198062,0.0319939033838,0.0212143243772,0.0337484929599,0.0296112228236,0.0283132254548,0.0316081765858,0.0454352441614,0.05,0.0447284345048,0.0470219435737,0.0445161290323,0.044929245283,942,94,313,319,310,848
full,eps1,123,0,0.25,retained,5.07927033766e-15,-0.125238152015,-1.85559579236,1383.30877692,0.0799499893407,4,0.0101053395697,69.3298542321,6.32983874975,3.56158791158,0.862416887652,0.0107276738323,0.00997340425532,0.0111072284345,0.0105064655172,0.0105720766129,0.0108112839033,after_reset,2.58770069008,1448.77712393,0.0302386461403,1.08289575925,0.89978815133,0.0302386461403,0.0345703774979,0.0227065664216,0.0352112486425,0.0313387535559,0.0297196312134,0.0316081765858,0.0452229299363,0.0457446808511,0.0485623003195,0.0413793103448,0.0458064516129,0.0451650943396,942,94,313,319,310,848
full,eps1,123,0,0.25,shared_reset,4.49640324973e-15,-5.44258886736e-09,-0.000824763525704,0.000241933145784,2.18149640727e-09,4,-6.57731800831e-07,12.1112992094,6.33284167046,3.56175111336,0.361347628067,0.000273686305732,0.00274268617021,0.000212160543131,0.000208170062696,0.000403225806452,0,after_reset,0.000804777241506,12.1098902913,0.00276459588481,0.099004735391,0.89978815133,0.00276459588481,0.0087516383491,0.00208615005543,0.00277658987313,0.00330112350752,1.22197908963e-05,0.0316081765858,0.00138004246285,0.013829787234,0.00191693290735,0.000940438871473,0.00129032258065,0,942,94,313,319,310,848
full,eps1,123,0,0.25,local_reset,3.67067487517e-15,-0.108380457442,-1.45446692005,1383.22229347,0.0611697063464,4,0.00862744968176,53.2226832933,6.32983768191,3.56156941417,0.754943494239,0.0106903529724,0.00959940159574,0.0111571485623,0.0104942202194,0.0104208669355,0.0108112839033,after_reset,2.58764953084,1433.39770662,0.0300777195455,1.07713271265,0.89978815133,0.0300777195455,0.0331413934678,0.0225829824585,0.0350881483972,0.0310994945008,0.0297186753267,0.0316081765858,0.0450106157113,0.0436170212766,0.0479233226837,0.0413793103448,0.0458064516129,0.0451650943396,942,94,313,319,310,848
full,eps1,123,0,0.25,retained,4.88498130835e-15,-0.241581818977,-4.10427577259,1549.86989313,0.1983439986,10,0.0226939794209,190.527123406,6.32983874975,3.81929720298,1.35954102586,0.0105161889597,0.0107629654255,0.01024610623,0.0103472766458,0.0109627016129,0.0104888340212,after_reset,2.58594136515,1731.94903331,0.0330619988724,1.18400467419,1.00690755561,0.0330619988724,0.0379186557712,0.0253634304027,0.0380854973408,0.034343194757,0.0324789611873,0.0316081765858,0.0467091295117,0.0531914893617,0.0488817891374,0.0467084639498,0.0445161290323,0.0459905660377,942,94,313,319,310,848
full,eps1,123,0,0.25,shared_reset,4.14945855454e-15,-2.90737517252e-08,-0.0024808271585,0.00100299254796,7.87438311151e-09,10,1.18620059459e-08,11.7821229211,6.33284167046,3.81958946101,0.33855338542,0.000219778397028,0.00211934840426,0.000262080670927,0.000171434169279,0.000226814516129,9.21285377358e-06,after_reset,0.00154304147763,11.7781642328,0.00272646769191,0.0976393019584,1.00690755561,0.00272646769191,0.00863068050507,0.00198749325699,0.00281175875851,0.00323492797551,2.53056900138e-05,0.0316081765858,0.000955414012739,0.00957446808511,0.00159744408946,0.000313479623824,0.000967741935484,0,942,94,313,319,310,848
full,eps1,123,0,0.25,local_reset,4.74620343027e-15,-0.224612616394,-3.78553087824,1549.64464914,0.174750223041,10,0.0211620639252,168.17990973,6.32983768191,3.81927567913,1.27669691006,0.0104000796178,0.00972406914894,0.0101088258786,0.0103105407524,0.0107862903226,0.0104750147406,after_reset,2.58580482224,1710.02134623,0.0328520381691,1.17648563534,1.00690755561,0.0328520381691,0.0360646279415,0.025211681659,0.0379224813942,0.0340279363843,0.0324763655981,0.0316081765858,0.046178343949,0.05,0.0482428115016,0.0460815047022,0.0441935483871,0.0457547169811,942,94,313,319,310,848
full,eps1,123,0,1,retained,3.33066907388e-15,0,0,19767.3411594,0,-1,0,0,6.16580299948,3.32923349422,0,0.04524117569,0.0448387632979,0.0453274760383,0.0455892437304,0.0447958669355,0.0452857827241,pulse,10.3576015699,19767.3411594,0.111695501327,1,0.805315910153,0.111695501327,0.112432775964,0.0819631528298,0.132386795119,0.114422598662,0.111613475283,0.0316081765858,0.166348195329,0.172340425532,0.171565495208,0.173040752351,0.154193548387,0.165683962264,942,94,313,319,310,848
full,eps1,123,0,1,retained,3.49720252757e-15,-3.47989212018,-7.45007270161,20256.3727286,3.87335472398,0,0.211223418397,193.680673847,6.16580299948,3.37968668136,1.49790278796,0.0442791268577,0.0453374335106,0.043455471246,0.0444381857367,0.0449470766129,0.0441618145637,before_reset,10.3562776227,20432.4892744,0.11355916557,1.01668522206,0.824721318376,0.11355916557,0.130297057565,0.0836069002458,0.133908440552,0.116946220402,0.11154926373,0.0316081765858,0.162738853503,0.173404255319,0.162619808307,0.167398119122,0.158064516129,0.161556603774,942,94,313,319,310,848
full,eps1,123,0,1,retained,3.49720252757e-15,-3.47989212018,-7.45007270161,20256.3727286,3.87335472398,0,0.211223418397,193.680673847,6.16580299948,3.37968668136,1.49790278796,0.0442791268577,0.0453374335106,0.043455471246,0.0444381857367,0.0449470766129,0.0441618145637,after_reset,10.3562776227,20432.4892744,0.11355916557,1.01668522206,0.824721318376,0.11355916557,0.130297057565,0.0836069002458,0.133908440552,0.116946220402,0.11154926373,0.0316081765858,0.162738853503,0.173404255319,0.162619808307,0.167398119122,0.158064516129,0.161556603774,942,94,313,319,310,848
full,eps1,123,0,1,shared_reset,4.23272528138e-15,0,0,0,0,0,0,193.680673847,6.16580299948,3.37968668136,1.49790278796,0.00137672505308,0.0137965425532,0.00129792332268,0.000893906739812,0.001953125,0,after_reset,0,193.680673847,0.0110561697143,0.0989849150853,0.824721318376,0.0110561697143,0.0349998530701,0.00843733478216,0.0110036055026,0.0132278650332,0,0.0316081765858,0.00541401273885,0.0542553191489,0.00543130990415,0.00438871473354,0.00645161290323,0,942,94,313,319,310,848
full,eps1,123,0,1,local_reset,3.49720252757e-15,0,0,20256.3727286,0,0,0,0,6.16580299948,3.37979391478,0,0.0441008160828,0.0435505319149,0.0431559504792,0.0443769592476,0.0447706653226,0.0441618145637,after_reset,10.3562776227,20256.3727286,0.113068698382,1.01229411246,0.824721318376,0.113068698382,0.125950081096,0.0832094582059,0.133510305697,0.116254704642,0.11154926373,0.0316081765858,0.162632696391,0.172340425532,0.161661341853,0.167711598746,0.158387096774,0.161556603774,942,94,313,319,310,848
full,eps1,123,0,1,retained,3.33066907388e-15,-7.10663075034,-13.7310255932,20725.7455915,7.5388087274,1,0.268853853751,384.544891161,6.16580299948,3.42384747754,2.09200132733,0.0444201167728,0.0451712101064,0.0431309904153,0.0446341105016,0.0455015120968,0.0443368587854,after_reset,10.3548911201,21076.6916865,0.115335439313,1.03258804466,0.843575537888,0.115335439313,0.132701351545,0.0852887689444,0.135405837619,0.119206157076,0.113246606935,0.0316081765858,0.164649681529,0.170212765957,0.156230031949,0.172413793103,0.165161290323,0.164033018868,942,94,313,319,310,848
full,eps1,123,0,1,shared_reset,3.92047505571e-15,-2.52480348491e-07,-0.0045409945656,0.000984050107932,1.44505865274e-07,1,1.44930154506e-05,193.184313475,6.16580299948,3.42407317288,1.48296136118,0.00121085456476,0.0120927526596,0.00102336261981,0.000820434952978,0.00180191532258,4.60642688679e-06,after_reset,0.00169103632742,193.176244162,0.0110417627625,0.0988559309136,0.843575537888,0.0110417627625,0.0349541692186,0.00834950508753,0.0110533483649,0.0132048710619,2.43683909717e-05,0.0316081765858,0.00573248407643,0.0563829787234,0.00575079872204,0.00344827586207,0.00806451612903,0.000117924528302,942,94,313,319,310,848
full,eps1,123,0,1,local_reset,4.55191440096e-15,-3.56650208663,-6.61729861816,20725.3185593,3.36763563911,1,0.0563415040421,172.942179563,6.16580299948,3.42394565845,1.40186518187,0.0442169254246,0.0432180851064,0.04296875,0.0446586010972,0.0450226814516,0.0443276459316,after_reset,10.3548231758,20881.3734561,0.114799787245,1.02779239881,0.843575537888,0.114799787245,0.127971210065,0.0848455403101,0.134996530942,0.118429505145,0.113245467171,0.0316081765858,0.163906581741,0.162765957447,0.155591054313,0.171786833856,0.164193548387,0.164033018868,942,94,313,319,310,848
full,eps1,123,0,1,retained,3.21964677141e-15,-20.908275324,-29.934943058,22133.8242205,20.590824421,4,0.712472232623,1116.05557532,6.31959859279,3.56033808256,3.45994483701,0.0434248938429,0.0449634308511,0.0440170726837,0.0433238636364,0.0429309475806,0.043254348467,after_reset,10.3508373748,23170.209128,0.120927905175,1.08265689968,0.89978815133,0.120927905175,0.138219331191,0.0907548476336,0.14086092215,0.125310599981,0.118856387405,0.0316081765858,0.16178343949,0.16170212766,0.172523961661,0.158620689655,0.154193548387,0.16179245283,942,94,313,319,310,848
full,eps1,123,0,1,shared_reset,4.01761957036e-15,-8.64938485224e-07,-0.013167982944,0.00386467000544,5.65258799036e-07,4,-4.25625796271e-05,194.637277903,6.33284513379,3.56163113567,1.44884353148,0.00114865313163,0.0113447473404,0.000973442492013,0.000844925548589,0.00163810483871,1.84257075472e-05,after_reset,0.00321743363051,194.614720318,0.0110827974497,0.0992233108587,0.89978815133,0.0110827974497,0.0350838400455,0.00833809773967,0.0111329739553,0.013247705561,4.8853734425e-05,0.0316081765858,0.00562632696391,0.0563829787234,0.00575079872204,0.00376175548589,0.00741935483871,0,942,94,313,319,310,848
full,eps1,123,0,1,local_reset,4.03496680512e-15,-17.0657784432,-23.6530814966,22132.3683803,15.7669204916,4,0.638491078176,857.659921541,6.31959582299,3.56041045998,3.03017562453,0.0431387672505,0.0420545212766,0.0439047523962,0.0430912029781,0.0424143145161,0.0432589548939,after_reset,10.3506328971,22925.6344846,0.120287980836,1.07692771336,0.89978815133,0.120287980836,0.132537800526,0.0902686570525,0.140367790407,0.124359415516,0.11885239173,0.0316081765858,0.16178343949,0.16170212766,0.171884984026,0.158934169279,0.154516129032,0.16179245283,942,94,313,319,310,848
full,eps1,123,0,1,retained,4.74620343027e-15,-44.6424013535,-64.2458211231,24800.967002,51.0294166875,10,1.41669179295,3063.98514783,6.31959859279,3.81694375971,5.45175926359,0.0412644307325,0.0430103058511,0.0407972244409,0.0411809365204,0.0418220766129,0.0410709021226,after_reset,10.3438685182,27701.0385051,0.132223782979,1.18378790021,1.00690755561,0.132223782979,0.151661437301,0.10133735125,0.152394026496,0.13732928034,0.129890171807,0.0316081765858,0.15881104034,0.172340425532,0.15910543131,0.158934169279,0.158387096774,0.157311320755,942,94,313,319,310,848
full,eps1,123,0,1,shared_reset,4.21884749358e-15,-3.72062020108e-06,-0.0402264625329,0.0162339219637,2.05165891346e-06,10,-1.56548183067e-05,189.386815763,6.33284513379,3.81948716293,1.35734846199,0.00109889198514,0.0106382978723,0.000998402555911,0.000844925548589,0.00146169354839,4.14578419811e-05,after_reset,0.00618504540184,189.322560061,0.0109310715523,0.0978649222429,1.00690755561,0.0109310715523,0.03460248647,0.0079443669095,0.0112818329594,0.0129765796929,0.000101798929464,0.0316081765858,0.00414012738854,0.0414893617021,0.00511182108626,0.00219435736677,0.00516129032258,0,942,94,313,319,310,848
full,eps1,123,0,1,local_reset,4.56579218877e-15,-40.564222084,-59.3893399842,24797.2071958,44.9856444602,10,1.41085813882,2706.37204724,6.31959582299,3.81696335694,5.12117938595,0.0411275875796,0.0417220744681,0.0406724241214,0.041144200627,0.0415700604839,0.0410616892689,after_reset,10.3433219434,27351.4794797,0.131386869293,1.17629508559,1.00690755561,0.131386869293,0.144274972012,0.10073587213,0.151742875787,0.136071453911,0.129879519309,0.0316081765858,0.158174097665,0.165957446809,0.158785942492,0.158307210031,0.157419354839,0.157311320755,942,94,313,319,310,848
full,eps1,123,1,0.25,retained,3.58740814832e-15,0,0,1234.52750667,0,-1,0,0,6.16580299948,3.32923349422,0,0.0110345342357,0.0123332162921,0.0108701078275,0.0111187304075,0.0111139112903,0.0108990328253,pulse,2.5887327055,1234.52750667,0.0279133485345,1,0.805315910153,0.0279133485345,0.0273286148591,0.0205449360139,0.0330164749904,0.0286306027314,0.0279736540966,0.0316081765858,0.0457537154989,0.0404494382022,0.0408945686901,0.0526645768025,0.0435483870968,0.0463071512309,942,89,313,319,310,853
full,eps1,123,1,0.25,retained,3.45556916415e-15,0.0121329792041,-0.563261019759,1261.94320641,0.0132273572777,0,0.00225520542508,10.713021524,6.16580299948,3.37635567827,0.35097537819,0.0106281515393,0.0104020365169,0.0102835463259,0.0105554467085,0.0110509072581,0.0106517438453,before_reset,2.58840429073,1271.57170962,0.0283290480727,1.01489249983,0.822733140262,0.0283290480727,0.0316840860331,0.0210633534929,0.0333580398857,0.0290800214246,0.0279558037638,0.0316081765858,0.0473460721868,0.0438202247191,0.0437699680511,0.0510971786834,0.0470967741935,0.047713950762,942,89,313,319,310,853
full,eps1,123,1,0.25,retained,3.45556916415e-15,0.0121329792041,-0.563261019759,1261.94320641,0.0132273572777,0,0.00225520542508,10.713021524,6.16580299948,3.37635567827,0.35097537819,0.0106281515393,0.0104020365169,0.0102835463259,0.0105554467085,0.0110509072581,0.0106517438453,after_reset,2.58840429073,1271.57170962,0.0283290480727,1.01489249983,0.822733140262,0.0283290480727,0.0316840860331,0.0210633534929,0.0333580398857,0.0290800214246,0.0279558037638,0.0316081765858,0.0473460721868,0.0438202247191,0.0437699680511,0.0510971786834,0.0470967741935,0.047713950762,942,89,313,319,310,853
full,eps1,123,1,0.25,shared_reset,2.36616282123e-15,0,0,0,0,0,0,10.713021524,6.16580299948,3.37635567827,0.35097537819,0.000286126592357,0.00302844101124,0.000324480830671,0.000257151253918,0.000277217741935,0,after_reset,0,10.713021524,0.00260026458846,0.0931548783997,0.822733140262,0.00260026458846,0.00845956418118,0.00240163713635,0.00256547288243,0.00281947658678,0,0.0316081765858,0.00138004246285,0.014606741573,0.00223642172524,0.000626959247649,0.00129032258065,0,942,89,313,319,310,853
full,eps1,123,1,0.25,local_reset,3.45556916415e-15,0,0,1261.94320641,0,0,0,0,6.16580299948,3.37631936894,0,0.0106281515393,0.0104020365169,0.0103459464856,0.010518710815,0.0110257056452,0.0106517438453,after_reset,2.58840429073,1261.94320641,0.028221588679,1.01104275053,0.822733140262,0.028221588679,0.0306522721787,0.0209564152351,0.0332573477984,0.0289589555561,0.0279558037638,0.0316081765858,0.0475583864119,0.0460674157303,0.044089456869,0.0504702194357,0.048064516129,0.047713950762,942,89,313,319,310,853
full,eps1,123,1,0.25,retained,4.38538094727e-15,0.00522327433049,-1.2143972066,1289.97880069,0.0281805846946,1,0.00262296105615,22.9652802132,6.16580299948,3.42236295817,0.511362260583,0.0107401141189,0.0109287219101,0.0107078674121,0.0106044278997,0.0109122983871,0.0107204352286,after_reset,2.58809171549,1310.55915954,0.0287600653086,1.03033375852,0.840789182243,0.0287600653086,0.0320250769229,0.0214326367565,0.0337381693559,0.0296366104582,0.0283977828782,0.0316081765858,0.0446921443737,0.0438202247191,0.0447284345048,0.0438871473354,0.0454838709677,0.0447831184056,942,89,313,319,310,853
full,eps1,123,1,0.25,shared_reset,3.53102963535e-15,1.20718425612e-09,-0.00020462740316,4.75305431714e-05,3.2932752103e-10,1,4.6952827495e-08,10.7524828654,6.16580299948,3.42235641677,0.348553561224,0.000298566878981,0.00316011235955,0.000424321086262,0.00019592476489,0.000277217741935,0,after_reset,0.000363096460904,10.7521212378,0.00260500540798,0.0933247189874,0.840789182243,0.00260500540798,0.00847497181429,0.00240085826988,0.00256628105087,0.00283265673561,5.30277894414e-06,0.0316081765858,0.00138004246285,0.014606741573,0.00159744408946,0.00156739811912,0.000967741935484,0,942,89,313,319,310,853
full,eps1,123,1,0.25,local_reset,4.38538094727e-15,-0.00625170889232,-0.649650014651,1289.96004809,0.0144235642329,1,0.000165152851264,11.640444766,6.16580299948,3.42232588164,0.365233710504,0.0106696191614,0.0101825842697,0.0106329872204,0.0105432014107,0.0108366935484,0.0107204352286,after_reset,2.5880822846,1300.30344328,0.0286473140545,1.02629442752,0.840789182243,0.0286473140545,0.0309387314549,0.0213193524487,0.0336316389908,0.0295116104348,0.0283975827722,0.0316081765858,0.0447983014862,0.0449438202247,0.0450479233227,0.0435736677116,0.0458064516129,0.0447831184056,942,89,313,319,310,853
full,eps1,123,1,0.25,retained,4.90970111788e-15,-0.0277247341348,-3.20947384828,1374.28119545,0.0774581535126,4,0.00356353812185,66.9828478541,6.35152259704,3.56569634212,0.849495350212,0.0103959328556,0.0105337078652,0.00994658546326,0.0103840125392,0.0108618951613,0.0103815577374,after_reset,2.58715426628,1434.87423137,0.0300932068964,1.07809376074,0.893323555699,0.0300932068964,0.0331785423954,0.022832568422,0.0349420922352,0.0311302235438,0.0297528633064,0.0316081765858,0.0463906581741,0.0393258426966,0.0476038338658,0.0498432601881,0.0416129032258,0.0471277842907,942,89,313,319,310,853
full,eps1,123,1,0.25,shared_reset,3.69192523775e-15,-2.27677932669e-09,-0.000856621725586,0.000220075079705,1.91118503614e-09,4,6.69628150574e-07,10.8223931719,6.3509268604,3.56572680949,0.340488418125,0.000265392781316,0.00276509831461,0.000349440894569,0.000244905956113,0.000201612903226,4.57942555686e-06,after_reset,0.000774223395134,10.8209013401,0.00261332408812,0.0936227369814,0.893323555699,0.00261332408812,0.00850197418234,0.00236396474869,0.00262547606782,0.00283144789396,1.16947796152e-05,0.0316081765858,0.000849256900212,0.00898876404494,0.000638977635783,0.000940438871473,0.000967741935484,0,942,89,313,319,310,853
full,eps1,123,1,0.25,local_reset,4.71844785466e-15,-0.0384345483119,-2.62955531686,1374.19090894,0.0618176779689,4,0.00105548742747,53.4413294959,6.35152306319,3.565658056,0.759040713703,0.0103586119958,0.0101825842697,0.00987170527157,0.0103472766458,0.0108618951613,0.0103769783118,after_reset,2.58710841786,1422.36018736,0.0299616927902,1.07338224768,0.893323555699,0.0299616927902,0.0319023335951,0.0226931517716,0.0348279768391,0.0309789015713,0.0297519191206,0.0316081765858,0.0462845010616,0.038202247191,0.04696485623,0.0495297805643,0.0422580645161,0.0471277842907,942,89,313,319,310,853
full,eps1,123,1,0.25,retained,5.37764277553e-15,-0.114663090996,-7.76828290759,1538.69718149,0.186343003062,10,-0.00694057694333,179.083486436,6.56605819796,3.80847037233,1.31846376108,0.0103461717091,0.0114992977528,0.010008985623,0.0107881073668,0.0102318548387,0.0102258572685,after_reset,2.58555971858,1702.18723778,0.03277669938,1.17423029127,1.00193113862,0.03277669938,0.0357333177956,0.0250513697586,0.038045150252,0.0337849407792,0.0324526979227,0.0316081765858,0.0487261146497,0.0460674157303,0.0492012779553,0.0504702194357,0.0464516129032,0.0490035169988,942,89,313,319,310,853
full,eps1,123,1,0.25,shared_reset,4.76008121808e-15,-3.88405714273e-08,-0.00207230613316,0.000858075846927,6.1729554945e-09,10,9.6310168996e-07,10.9028888609,6.56495942706,3.80853340813,0.324545546337,0.000269539543524,0.00285287921348,0.000361920926518,0.000232660658307,0.000214213709677,0,after_reset,0.00139402316883,10.8996041792,0.00262281051585,0.0939625897123,1.00193113862,0.00262281051585,0.0085326026417,0.00231215928996,0.00270477215747,0.00282448063539,2.35424850193e-05,0.0316081765858,0.000955414012739,0.00898876404494,0.00159744408946,0.000940438871473,0.000322580645161,0.000117233294256,942,89,313,319,310,853
full,eps1,123,1,0.25,local_reset,5.55805401703e-15,-0.123966479901,-7.19111396742,1538.49157934,0.166942195394,10,-0.00978956522942,160.531914342,6.56605905221,3.80842321165,1.24834463934,0.0102964105626,0.011016502809,0.00987170527157,0.0108738244514,0.0101310483871,0.0102212778429,after_reset,2.58544749023,1684.54069585,0.0326063590492,1.16812782275,1.00193113862,0.0326063590492,0.0340639666651,0.0248668658168,0.0379130842233,0.0335738136774,0.032450503933,0.0316081765858,0.0483014861996,0.0415730337079,0.0485623003195,0.0501567398119,0.0461290322581,0.0490035169988,942,89,313,319,310,853
full,eps1,123,1,1,retained,3.88578058619e-15,0,0,19752.4399735,0,-1,0,0,6.16580299948,3.32923349422,0,0.0436322319533,0.0441537921348,0.0432308306709,0.0435197884013,0.0441532258065,0.0435778135991,pulse,10.3549307934,19752.4399735,0.111653393762,1,0.805315910153,0.111653393762,0.109314458883,0.0821797437105,0.132065899532,0.114522410571,0.111894616028,0.0316081765858,0.163906581741,0.169662921348,0.161341853035,0.163009404389,0.167419354839,0.163305978898,942,89,313,319,310,853
full,eps1,123,1,1,retained,4.03843625207e-15,-1.4418153669,-9.10428565407,20191.0959647,3.44407759974,0,0.183974689517,174.408018673,6.16580299948,3.37631349632,1.41585999009,0.0433461053609,0.0452949438202,0.0435053913738,0.0429320141066,0.043611391129,0.0431427681712,before_reset,10.3536231713,20348.2238083,0.113324759418,1.01496923291,0.822733140262,0.113324759418,0.12681730216,0.0842407091802,0.133461503184,0.116320096633,0.111823226191,0.0316081765858,0.161464968153,0.169662921348,0.163258785942,0.161128526646,0.16,0.16060961313,942,89,313,319,310,853
full,eps1,123,1,1,retained,4.03843625207e-15,-1.4418153669,-9.10428565407,20191.0959647,3.44407759974,0,0.183974689517,174.408018673,6.16580299948,3.37631349632,1.41585999009,0.0433461053609,0.0452949438202,0.0435053913738,0.0429320141066,0.043611391129,0.0431427681712,after_reset,10.3536231713,20348.2238083,0.113324759418,1.01496923291,0.822733140262,0.113324759418,0.12681730216,0.0842407091802,0.133461503184,0.116320096633,0.111823226191,0.0316081765858,0.161464968153,0.169662921348,0.163258785942,0.161128526646,0.16,0.16060961313,942,89,313,319,310,853
full,eps1,123,1,1,shared_reset,2.94209101526e-15,0,0,0,0,0,0,174.408018673,6.16580299948,3.37631349632,1.41585999009,0.00119841427813,0.0126843398876,0.00142272364217,0.00100411442006,0.001171875,0,after_reset,0,174.408018673,0.0104916737453,0.0939664562964,0.822733140262,0.0104916737453,0.0341330600778,0.0095995431538,0.0104948510893,0.0113183058729,0,0.0316081765858,0.00488322717622,0.0516853932584,0.00670926517572,0.00219435736677,0.0058064516129,0,942,89,313,319,310,853
full,eps1,123,1,1,local_reset,4.03843625207e-15,0,0,20191.0959647,0,0,0,0,6.16580299948,3.37631936894,0,0.0431221802017,0.0429248595506,0.0431933905751,0.0427728252351,0.0434097782258,0.0431427681712,after_reset,10.3536231713,20191.0959647,0.112886367749,1.01104287067,0.822733140262,0.112886367749,0.122609118381,0.0838257046244,0.133029429238,0.115835783942,0.111823226191,0.0316081765858,0.160615711253,0.160674157303,0.161661341853,0.160501567398,0.159677419355,0.16060961313,942,89,313,319,310,853
full,eps1,123,1,1,retained,3.48332473976e-15,-4.32521806122,-19.4894019718,20639.8390628,7.31519858867,1,0.248551099719,372.701999971,6.16580299948,3.42219520253,2.05948159894,0.0426453025478,0.0434076544944,0.0423447484026,0.0418054467085,0.0438130040323,0.042565760551,after_reset,10.3523780253,20972.7241235,0.115050623061,1.0304265655,0.840789182243,0.115050623061,0.128190029464,0.0857142439243,0.134991236634,0.118543725106,0.113592160172,0.0316081765858,0.164968152866,0.177528089888,0.16357827476,0.164263322884,0.167096774194,0.163657678781,942,89,313,319,310,853
full,eps1,123,1,1,shared_reset,4.77395900589e-15,-7.31745720407e-09,-0.00339979380787,0.000759071089869,8.73626233886e-08,1,3.43266817942e-06,175.090251816,6.16580299948,3.42231787086,1.40617829438,0.00126061571125,0.0132988061798,0.00149760383387,0.000832680250784,0.00146169354839,4.57942555686e-06,after_reset,0.00145743591632,175.084218238,0.0105119927709,0.094148439351,0.840789182243,0.0105119927709,0.0341991019895,0.00959490209476,0.0105001287791,0.0113743928614,2.11934665542e-05,0.0316081765858,0.00488322717622,0.0516853932584,0.00670926517572,0.00344827586207,0.00451612903226,0,942,89,313,319,310,853
full,eps1,123,1,1,local_reset,3.52495810318e-15,-2.81743799289,-10.3302721877,20639.5331266,3.7439673769,1,0.0524828530003,188.914691238,6.16580299948,3.42219212948,1.47077762357,0.0425167529193,0.0420470505618,0.0421325878594,0.0417319749216,0.0437121975806,0.042565760551,after_reset,10.3523410448,20806.0013305,0.114592412807,1.0263227023,0.840789182243,0.114592412807,0.123776954769,0.0852734615104,0.134539576908,0.118043362365,0.113591343381,0.0316081765858,0.162951167728,0.156179775281,0.160063897764,0.162382445141,0.166451612903,0.163657678781,942,89,313,319,310,853
full,eps1,123,1,1,retained,3.90399518269e-15,-14.1754044241,-50.7701458577,21989.1389981,19.9964629284,4,0.372010603465,1081.21005418,6.35367335469,3.564953466,3.41227839468,0.0424130838641,0.0414325842697,0.0420701876997,0.0422095415361,0.04296875,0.0425153868699,after_reset,10.3486445189,22961.1984359,0.120381244517,1.07816914884,0.893323555699,0.120381244517,0.132813706356,0.0912838093706,0.139827794916,0.124511365978,0.119009269466,0.0316081765858,0.160828025478,0.168539325843,0.156549520767,0.165517241379,0.160322580645,0.160023446659,942,89,313,319,310,853
full,eps1,123,1,1,shared_reset,4.71844785466e-15,-6.64725204854e-07,-0.0140814390227,0.00355482201575,5.11259309929e-07,4,3.64819253895e-05,176.26187903,6.35092421516,3.56568756691,1.37380593766,0.00111133227176,0.0115870786517,0.00128544329073,0.00102860501567,0.00102066532258,1.83177022274e-05,after_reset,0.00311929540367,176.23734312,0.0105465525598,0.0944579667891,0.893323555699,0.0105465525598,0.0343112913847,0.00944361117637,0.0107403794636,0.0113686125204,4.70017587886e-05,0.0316081765858,0.00456475583864,0.0483146067416,0.00638977635783,0.00282131661442,0.00451612903226,0,942,89,313,319,310,853
full,eps1,123,1,1,local_reset,3.66373598126e-15,-12.5332421663,-41.4376286883,21987.6532573,15.9385893679,4,0.180006950729,861.683900846,6.35367559768,3.56492570744,3.04724344844,0.0422803874735,0.0398964185393,0.0419578674121,0.0421360697492,0.0427545362903,0.0425291251465,after_reset,10.3484608191,22757.6940197,0.119846589535,1.0733806246,0.893323555699,0.119846589535,0.12762791148,0.0907341844647,0.139345638144,0.123904456846,0.119005395932,0.0316081765858,0.160615711253,0.166292134831,0.156869009585,0.164890282132,0.16,0.160023446659,942,89,313,319,310,853
full,eps1,123,1,1,retained,4.13558076673e-15,-34.2377788825,-121.898825352,24621.2707103,47.9628635495,10,-0.201341293223,2881.61684999,6.56874104901,3.80701584641,5.28761794588,0.0420647558386,0.0444610252809,0.0408346645367,0.0427360893417,0.0426159274194,0.0418147347597,after_reset,10.3423236349,27238.1745328,0.131114448352,1.17429881828,1.00193113862,0.131114448352,0.14304564867,0.100119873326,0.152282490609,0.135108269798,0.129806409753,0.0316081765858,0.156263269639,0.160674157303,0.157827476038,0.153918495298,0.157096774194,0.155803048066,942,89,313,319,310,853
full,eps1,123,1,1,shared_reset,5.4088677981e-15,-4.20593274242e-06,-0.0340857504408,0.0138551950307,1.65090572877e-06,10,3.87468103597e-05,177.656543338,6.56495590093,3.80851747904,1.30977692561,0.000995222929936,0.0102703651685,0.00127296325879,0.000795944357367,0.000919858870968,2.74765533411e-05,after_reset,0.00561347974079,177.602297765,0.0105873152034,0.094823048782,1.00193113862,0.0105873152034,0.0344429700439,0.00923338286656,0.0110634196961,0.0113392924095,9.45936226345e-05,0.0316081765858,0.00403397027601,0.0393258426966,0.00447284345048,0.00501567398119,0.00258064516129,0.000351699882767,942,89,313,319,310,853
full,eps1,123,1,1,local_reset,3.70536934469e-15,-32.3156925692,-112.820184104,24617.8330358,42.943441023,10,-0.389265560725,2581.46651022,6.568744596,3.80692409447,5.00504237802,0.0419030321125,0.0426615168539,0.04053514377,0.0426136363636,0.0425529233871,0.0418238936108,after_reset,10.3418714476,26951.1927026,0.130421907433,1.16809622206,1.00193113862,0.130421907433,0.136263122319,0.0993859938656,0.151731199892,0.134254069949,0.129797305337,0.0316081765858,0.154564755839,0.144943820225,0.155591054313,0.152978056426,0.155161290323,0.155568581477,942,89,313,319,310,853
full,eps1,2026,0,0.25,retained,4.02108901731e-15,0,0,1255.70217523,0,-1,0,0,6.18620931817,3.33910212245,0,0.0108645169851,0.0094696969697,0.0106080271565,0.010837088558,0.0111517137097,0.0110283214709,pulse,2.60123309315,1255.70217523,0.0281517162306,1,0.815392338863,0.0281517162306,0.0284974492079,0.019783607985,0.0345283814242,0.0280398839524,0.0281108351356,0.0316081765858,0.0460721868365,0.0464646464646,0.0492012779553,0.046394984326,0.0425806451613,0.0460260972716,942,99,313,319,310,843
full,eps1,2026,0,0.25,retained,3.69149155688e-15,0.0130955981656,-0.407394187368,1286.43713805,0.01668587301,0,-0.00425136818663,13.2030876006,6.24505916345,3.3882517056,0.390361139373,0.0107567011677,0.0121922348485,0.0106953873802,0.0103595219436,0.0112273185484,0.0105881153618,before_reset,2.60089140722,1298.85981161,0.028631407131,1.01703949047,0.8341213462,0.028631407131,0.0328369316326,0.0202171449027,0.0350239649277,0.0285661545741,0.0280962461444,0.0316081765858,0.0503184713376,0.0505050505051,0.04696485623,0.0514106583072,0.0525806451613,0.0502965599051,942,99,313,319,310,843
full,eps1,2026,0,0.25,retained,3.69149155688e-15,0.0130955981656,-0.407394187368,1286.43713805,0.01668587301,0,-0.00425136818663,13.2030876006,6.24505916345,3.3882517056,0.390361139373,0.0107567011677,0.0121922348485,0.0106953873802,0.0103595219436,0.0112273185484,0.0105881153618,after_reset,2.60089140722,1298.85981161,0.028631407131,1.01703949047,0.8341213462,0.028631407131,0.0328369316326,0.0202171449027,0.0350239649277,0.0285661545741,0.0280962461444,0.0316081765858,0.0503184713376,0.0505050505051,0.04696485623,0.0514106583072,0.0525806451613,0.0502965599051,942,99,313,319,310,843
full,eps1,2026,0,0.25,shared_reset,3.64985819346e-15,0,0,0,0,0,0,13.2030876006,6.24505916345,3.3882517056,0.390361139373,0.000373208598726,0.00355113636364,0.000424321086262,0.000330623040752,0.000365423387097,0,after_reset,0,13.2030876006,0.00288668440012,0.102540263495,0.8341213462,0.00288668440012,0.00890445122487,0.00216232393946,0.00342525400221,0.00292019368175,0,0.0316081765858,0.00138004246285,0.0131313131313,0.00159744408946,0.000940438871473,0.00161290322581,0,942,99,313,319,310,843
full,eps1,2026,0,0.25,local_reset,3.69149155688e-15,0,0,1286.43713805,0,0,0,0,6.24530047705,3.38818800373,0,0.0106986464968,0.0116398358586,0.0105955471246,0.0104085031348,0.0111013104839,0.0105881153618,after_reset,2.60089140722,1286.43713805,0.0284941586127,1.01216417426,0.8341213462,0.0284941586127,0.0316806169793,0.0201114563809,0.0348631701323,0.0284265324181,0.0280962461444,0.0316081765858,0.0498938428875,0.0464646464646,0.0463258785942,0.0514106583072,0.051935483871,0.0502965599051,942,99,313,319,310,843
full,eps1,2026,0,0.25,retained,3.46944695195e-15,0.0192936776218,-1.08056511618,1321.09845746,0.0356847342287,1,-0.00705079039407,29.0858730148,6.48472531892,3.44373076215,0.572668480568,0.0105576565817,0.00978535353535,0.0104582667732,0.0104697296238,0.0107484879032,0.0106483540925,after_reset,2.60050884747,1348.08337075,0.0291688917418,1.03613191831,0.854307069229,0.0291688917418,0.0334220090853,0.0206727570232,0.0355585934797,0.0292025146918,0.0286279857264,0.0316081765858,0.0440552016985,0.0414141414141,0.0447284345048,0.0413793103448,0.0461290322581,0.0443653618031,942,99,313,319,310,843
full,eps1,2026,0,0.25,shared_reset,3.95516952523e-15,1.05526918794e-09,-0.000302114310918,6.13178101182e-05,7.17583554281e-10,1,1.35569009911e-07,13.206049349,6.48416023362,3.44369610758,0.386712764671,0.000277833067941,0.00264362373737,0.000287040734824,0.000306132445141,0.000239415322581,0,after_reset,0.00045952606921,13.2055067122,0.00288694884174,0.102549656941,0.854307069229,0.00288694884174,0.0089052493102,0.00213008767793,0.00344155904389,0.00292517807266,6.0721998609e-06,0.0316081765858,0.00106157112527,0.010101010101,0.00159744408946,0.0012539184953,0.000322580645161,0,942,99,313,319,310,843
full,eps1,2026,0,0.25,local_reset,3.9135361618e-15,0.00775690943069,-0.650188524234,1321.07426431,0.0179598079961,1,-0.00338756657019,14.8181881211,6.48431525203,3.44367101541,0.407312821205,0.010582537155,0.0100220959596,0.0104832268371,0.0104819749216,0.0107862903226,0.0106483540925,after_reset,2.60049128122,1334.61877388,0.0290228573825,1.03094451311,0.854307069229,0.0290228573825,0.0321914994427,0.020559321254,0.0353886557694,0.0290532790704,0.0286277362025,0.0316081765858,0.0437367303609,0.0383838383838,0.0447284345048,0.0407523510972,0.0458064516129,0.0443653618031,942,99,313,319,310,843
full,eps1,2026,0,0.25,retained,3.85802501057e-15,0.0473086626341,-3.00202095093,1407.21940542,0.087005500778,4,-0.0137787006905,74.7472638582,6.48472531892,3.57569955668,0.894657867835,0.010781581741,0.0114030934343,0.0105331469649,0.0109350509404,0.0108744959677,0.0107085928233,after_reset,2.59951924569,1476.1166928,0.0305226262402,1.08421902204,0.909053422417,0.0305226262402,0.0348540876503,0.0220287242898,0.0369333280967,0.030615709706,0.0299729058375,0.0316081765858,0.0488322717622,0.0525252525253,0.0444089456869,0.0570532915361,0.0448387096774,0.0483985765125,942,99,313,319,310,843
full,eps1,2026,0,0.25,shared_reset,3.58046925442e-15,-7.16272244548e-10,-0.000994551375092,0.000267740811833,2.96881288856e-09,4,-3.29906613291e-07,13.3039929381,6.48416023362,3.57550537443,0.377818139255,0.00036491507431,0.00347222222222,0.000287040734824,0.000404094827586,0.000403225806452,0,after_reset,0.000910605143287,13.3022709179,0.00289750668853,0.1029246908,0.909053422417,0.00289750668853,0.00893775592821,0.00207421452111,0.00345663874624,0.00297865458672,1.283055385e-05,0.0316081765858,0.00180467091295,0.0161616161616,0.00127795527157,0.00188087774295,0.00225806451613,0.00011862396204,942,99,313,319,310,843
full,eps1,2026,0,0.25,local_reset,4.13558076673e-15,0.0395034866593,-2.5915402959,1407.14297873,0.0672992188068,4,-0.0110449702473,58.0200968705,6.48431525203,3.57564506381,0.787516317255,0.0106862062102,0.0104561237374,0.0103709065495,0.0108493338558,0.0108366935484,0.0107132265718,after_reset,2.59946604341,1460.10421126,0.0303566245736,1.07832234187,0.909053422417,0.0303566245736,0.0334522852363,0.0218932111229,0.0367353044648,0.0304570774107,0.0299721053018,0.0316081765858,0.048195329087,0.0464646464646,0.044089456869,0.0557993730408,0.0445161290323,0.0483985765125,942,99,313,319,310,843
full,eps1,2026,0,0.25,retained,4.67681449123e-15,0.0648941913924,-7.40087535672,1583.9172443,0.215189068149,10,-0.0350190003319,205.411145903,6.64458488168,3.85283251449,1.4066048699,0.0103337314225,0.0110874368687,0.0111696285942,0.0099921630094,0.00984122983871,0.0102452179715,after_reset,2.5976925724,1774.80157894,0.0334685159992,1.18886236722,1.02337407735,0.0334685159992,0.0374712722283,0.0248994854246,0.039707030387,0.0339908644134,0.0329665674948,0.0316081765858,0.0468152866242,0.0474747474747,0.0437699680511,0.0485893416928,0.048064516129,0.0467378410439,942,99,313,319,310,843
full,eps1,2026,0,0.25,shared_reset,5.17294540536e-15,1.14482835193e-08,-0.00249780849144,0.000891070337889,8.63626617966e-09,10,-4.97594785072e-07,13.3657949767,6.64581979032,3.85244604386,0.360046351831,0.000335887738854,0.00315656565657,0.000324480830671,0.000342868338558,0.000340221774194,4.6337485172e-06,after_reset,0.00155036828459,13.3616894664,0.00290397076574,0.103154306542,1.02337407735,0.00290397076574,0.00895747777251,0.0019847582647,0.00353568327361,0.00296381540074,2.4958606903e-05,0.0316081765858,0.00212314225053,0.020202020202,0.00159744408946,0.0025078369906,0.00225806451613,0,942,99,313,319,310,843
full,eps1,2026,0,0.25,local_reset,4.57966997658e-15,0.059752628311,-6.9358650928,1583.71164958,0.19130796193,10,-0.0332179125164,182.943599916,6.64536753333,3.85278561457,1.32679871288,0.0102051817941,0.00982481060606,0.0110573083067,0.00983297413793,0.00972782258065,0.01024985172,after_reset,2.59756705413,1753.0278967,0.0332625826364,1.18154724081,1.02337407735,0.0332625826364,0.0357031783408,0.0247358535417,0.0394719837013,0.0337782775014,0.0329641104097,0.0316081765858,0.0469214437367,0.0474747474747,0.0437699680511,0.048275862069,0.0487096774194,0.0468564650059,942,99,313,319,310,843
full,eps1,2026,0,1,retained,4.41313652288e-15,0,0,20091.2346153,0,-1,0,0,6.18620931817,3.33910212245,0,0.0436156449045,0.0407986111111,0.0441169129393,0.043029976489,0.0437121975806,0.0439464709371,pulse,10.4049324126,20091.2346153,0.112606864395,1,0.815392338863,0.112606864395,0.113989796248,0.079134430658,0.13811352566,0.112159535158,0.112443340021,0.0316081765858,0.167409766454,0.170707070707,0.160383386581,0.175235109718,0.166451612903,0.167022538553,942,99,313,319,310,843
full,eps1,2026,0,1,retained,3.35842464949e-15,-1.61938937947,-5.96817416691,20582.9473946,4.29275432461,0,-0.244591978503,212.428802946,6.24498565186,3.38828095189,1.56577784173,0.0434041600318,0.0456518308081,0.0429812300319,0.0422585227273,0.0450100806452,0.0431401986951,before_reset,10.4035603984,20784.0046408,0.114531821628,1.0170944928,0.8341213462,0.114531821628,0.131399930771,0.0808688940518,0.140107122082,0.114269046198,0.112384870379,0.0316081765858,0.167409766454,0.180808080808,0.157827476038,0.173040752351,0.171290322581,0.165836298932,942,99,313,319,310,843
full,eps1,2026,0,1,retained,3.35842464949e-15,-1.61938937947,-5.96817416691,20582.9473946,4.29275432461,0,-0.244591978503,212.428802946,6.24498565186,3.38828095189,1.56577784173,0.0434041600318,0.0456518308081,0.0429812300319,0.0422585227273,0.0450100806452,0.0431401986951,after_reset,10.4035603984,20784.0046408,0.114531821628,1.0170944928,0.8341213462,0.114531821628,0.131399930771,0.0808688940518,0.140107122082,0.114269046198,0.112384870379,0.0316081765858,0.167409766454,0.180808080808,0.157827476038,0.173040752351,0.171290322581,0.165836298932,942,99,313,319,310,843
full,eps1,2026,0,1,shared_reset,3.1918911958e-15,0,0,0,0,0,0,212.428802946,6.24498565186,3.38828095189,1.56577784173,0.00148039410828,0.0140861742424,0.00159744408946,0.00138371865204,0.00146169354839,0,after_reset,0,212.428802946,0.0115789253438,0.102826105727,0.8341213462,0.0115789253438,0.0357170932701,0.00863441011454,0.0138098650928,0.0116567876176,0,0.0316081765858,0.00573248407643,0.0545454545455,0.00351437699681,0.00721003134796,0.00645161290323,0,942,99,313,319,310,843
full,eps1,2026,0,1,local_reset,4.32986979604e-15,0,0,20582.9473946,0,0,0,0,6.24530047705,3.38818800373,0,0.0431926751592,0.043639520202,0.0426817092652,0.0420381073668,0.0448966733871,0.0431401986951,after_reset,10.4035603984,20582.9473946,0.113976504836,1.01216302797,0.8341213462,0.113976504836,0.126722221059,0.0804455513021,0.139452650362,0.113705968831,0.112384870379,0.0316081765858,0.165498938429,0.162626262626,0.156549520767,0.170219435737,0.169677419355,0.165836298932,942,99,313,319,310,843
full,eps1,2026,0,1,retained,4.05231403988e-15,-4.24378220408,-16.1791683121,21137.7195608,9.21671150901,1,-0.377741874818,469.833628929,6.49026661202,3.44367498078,2.30147030583,0.0432548765924,0.0441919191919,0.0439671525559,0.0422462774295,0.0435735887097,0.0431448324437,after_reset,10.4020479408,21575.1685165,0.116691346486,1.03627205245,0.854307069229,0.116691346486,0.133781835261,0.0826820982946,0.142278475307,0.116809070605,0.114517045096,0.0316081765858,0.165923566879,0.168686868687,0.167731629393,0.163636363636,0.166451612903,0.165599051008,942,99,313,319,310,843
full,eps1,2026,0,1,shared_reset,3.46944695195e-15,-9.99077516286e-08,-0.00489819708447,0.00101007099106,1.89300260459e-07,1,5.44958963079e-06,212.45466173,6.48572428348,3.44371212169,1.55115111421,0.00126061571125,0.0119949494949,0.00134784345048,0.00128575626959,0.0011466733871,0,after_reset,0.00185576294875,212.445886296,0.0115793909183,0.102830240239,0.854307069229,0.0115793909183,0.0357184569998,0.00850425095223,0.013873109644,0.0116775072462,2.46472209481e-05,0.0316081765858,0.00477707006369,0.0454545454545,0.00415335463259,0.00470219435737,0.00548387096774,0,942,99,313,319,310,843
full,eps1,2026,0,1,local_reset,3.71924713249e-15,-2.46885406601,-9.8001691039,21137.3043044,4.65551658725,1,-0.179913196456,240.184981178,6.4883702373,3.44358677988,1.63960216122,0.0432009686837,0.0436789772727,0.0438423522364,0.0424299568966,0.0433467741935,0.0431448324437,after_reset,10.4019767174,21357.2469295,0.116100526001,1.03102529872,0.854307069229,0.116100526001,0.128805945625,0.0822272109388,0.141586990973,0.116207351872,0.11451597392,0.0316081765858,0.165180467091,0.161616161616,0.167731629393,0.163009404389,0.164838709677,0.165599051008,942,99,313,319,310,843
full,eps1,2026,0,1,retained,3.99680288865e-15,-10.3262192473,-46.1191644379,22515.8377144,22.43005163,4,-0.758487222868,1204.2078772,6.49026661202,3.57562244993,3.59099807808,0.0426577428344,0.0445075757576,0.0426442691693,0.0426381269592,0.0426915322581,0.042440502669,after_reset,10.3981037785,23628.0679014,0.122116868231,1.08445314491,0.909053422417,0.122116868231,0.139531067669,0.0880875084561,0.147811993462,0.122464909869,0.119905952814,0.0316081765858,0.162738853503,0.166666666667,0.158146964856,0.171473354232,0.158387096774,0.162277580071,942,99,313,319,310,843
full,eps1,2026,0,1,shared_reset,5.6898930012e-15,-7.85347320985e-07,-0.0160531802621,0.00443119506688,7.78525788166e-07,4,-2.73323210552e-05,214.043028285,6.48572428348,3.57550947238,1.5153666703,0.0011818272293,0.0111268939394,0.00103584265176,0.0013102468652,0.0011970766129,1.39012455516e-05,after_reset,0.00368376291417,214.015297663,0.0116220827049,0.103209362656,0.909053422417,0.0116220827049,0.035849895884,0.00828584650868,0.013929345028,0.0118940195544,5.21787883431e-05,0.0316081765858,0.0052016985138,0.0484848484848,0.00543130990415,0.00470219435737,0.00548387096774,0.00011862396204,942,99,313,319,310,843
full,eps1,2026,0,1,local_reset,4.32293090213e-15,-8.19148690414,-40.1853931629,22514.602837,17.3767718984,4,-0.61221409032,935.862593523,6.4883702373,3.57553908746,3.16300670944,0.0424960191083,0.0430476641414,0.0424445886581,0.0427360893417,0.0423009072581,0.042431235172,after_reset,10.3978914406,23369.8640141,0.121447798171,1.07851149949,0.909053422417,0.121447798171,0.133883991105,0.0875437367247,0.147011298696,0.121826946634,0.119902715462,0.0316081765858,0.16178343949,0.156565656566,0.156230031949,0.170846394984,0.158064516129,0.162396204033,942,99,313,319,310,843
full,eps1,2026,0,1,retained,4.70457006685e-15,-26.091924636,-115.084444295,25342.8964488,55.2833219965,10,-2.11520567373,3297.25433549,6.63728381896,3.85256960055,5.63578406966,0.0417081342887,0.0429292929293,0.0427940295527,0.0415605407524,0.040763608871,0.0415647241993,after_reset,10.3908155124,28408.8509571,0.133902407977,1.18911408019,1.02337407735,0.133902407977,0.150008464162,0.0995314381329,0.158963354085,0.135934810518,0.131881951813,0.0316081765858,0.157430997877,0.155555555556,0.147923322684,0.164263322884,0.16,0.157651245552,942,99,313,319,310,843
full,eps1,2026,0,1,shared_reset,3.95516952523e-15,-1.179106863e-06,-0.0400448161245,0.0143262844532,2.2294872533e-06,10,-4.07278649607e-05,215.397567508,6.64351298475,3.85243543313,1.44501830905,0.00119012075372,0.0110874368687,0.0010982428115,0.00121228448276,0.00126008064516,2.78024911032e-05,after_reset,0.00622167078556,215.331722576,0.011657772079,0.103526300476,1.02337407735,0.011657772079,0.0359591206021,0.00793032708844,0.0142579078276,0.0118441205275,0.00010018406167,0.0316081765858,0.00573248407643,0.0525252525253,0.00415335463259,0.00626959247649,0.00677419354839,0.000237247924081,942,99,313,319,310,843
full,eps1,2026,0,1,local_reset,4.2674197509e-15,-23.6592212982,-108.198024099,25339.6496126,49.1907989499,10,-1.98848435637,2938.6766577,6.6405767127,3.85247499924,5.31802262356,0.0414842091295,0.0409169823232,0.0425693889776,0.0415238048589,0.0403477822581,0.0415508229537,after_reset,10.3903185522,28059.8256097,0.133077317087,1.18178689907,1.02337407735,0.133077317087,0.142927961354,0.0988792129331,0.15801853617,0.135084210172,0.131872207618,0.0316081765858,0.157112526539,0.152525252525,0.147603833866,0.164263322884,0.15935483871,0.157651245552,942,99,313,319,310,843
full,eps1,2026,1,0.25,retained,3.60822483003e-15,0,0,1258.18214765,0,-1,0,0,6.18620931817,3.33910212245,0,0.0108728105096,0.0109536082474,0.010258586262,0.0109840321317,0.0113785282258,0.010863535503,pulse,2.59948076942,1258.18214765,0.0281795018968,1,0.815392338863,0.0281795018968,0.0285263470488,0.0200218978418,0.0343842220758,0.0281360454699,0.0281394129882,0.0316081765858,0.0485138004246,0.0587628865979,0.0463258785942,0.0514106583072,0.0477419354839,0.0473372781065,942,97,313,319,310,845
full,eps1,2026,1,0.25,retained,3.60822483003e-15,-0.0177117558592,-0.495068246848,1290.8671161,0.0169566089191,0,-0.00183338069601,13.5018442551,6.18620931817,3.39180330346,0.395694627351,0.0112791932059,0.0119603737113,0.010745307508,0.0114003722571,0.0116935483871,0.0112009985207,before_reset,2.59914523013,1303.3566902,0.0286809277615,1.01779399319,0.834582605619,0.0286809277615,0.0331266951787,0.0204447036311,0.0348515525599,0.0287698478113,0.0281256565875,0.0316081765858,0.0494692144374,0.0546391752577,0.0472843450479,0.0514106583072,0.0496774193548,0.048875739645,942,97,313,319,310,845
full,eps1,2026,1,0.25,retained,3.60822483003e-15,-0.0177117558592,-0.495068246848,1290.8671161,0.0169566089191,0,-0.00183338069601,13.5018442551,6.18620931817,3.39180330346,0.395694627351,0.0112791932059,0.0119603737113,0.010745307508,0.0114003722571,0.0116935483871,0.0112009985207,after_reset,2.59914523013,1303.3566902,0.0286809277615,1.01779399319,0.834582605619,0.0286809277615,0.0331266951787,0.0204447036311,0.0348515525599,0.0287698478113,0.0281256565875,0.0316081765858,0.0494692144374,0.0546391752577,0.0472843450479,0.0514106583072,0.0496774193548,0.048875739645,942,97,313,319,310,845
full,eps1,2026,1,0.25,shared_reset,2.39391839685e-15,0,0,0,0,0,0,13.5018442551,6.18620931817,3.39180330346,0.395694627351,0.000340034501062,0.00330219072165,0.000187200479233,0.000416340125392,0.000415826612903,0,after_reset,0,13.5018442551,0.00291916134738,0.103591658862,0.834582605619,0.00291916134738,0.00909698930579,0.0021008660795,0.00331915815893,0.00317826506984,0,0.0316081765858,0.00180467091295,0.0175257731959,0.00223642172524,0.00219435736677,0.000967741935484,0,942,97,313,319,310,845
full,eps1,2026,1,0.25,local_reset,3.60822483003e-15,0,0,1290.8671161,0,0,0,0,6.18620931817,3.39182108949,0,0.0112584593949,0.0117590206186,0.0107702675719,0.0113513910658,0.0116557459677,0.0112009985207,after_reset,2.59914523013,1290.8671161,0.0285431777252,1.0129056869,0.834582605619,0.0285431777252,0.0319503850303,0.0203507711254,0.0346992026306,0.0286098571594,0.0281256565875,0.0316081765858,0.0486199575372,0.0463917525773,0.04696485623,0.0495297805643,0.0493548387097,0.048875739645,942,97,313,319,310,845
full,eps1,2026,1,0.25,retained,4.2535419631e-15,-0.0666888749308,-1.15406041454,1321.32536432,0.0346044089947,1,-0.00312953003051,28.1048483216,6.27416961949,3.43896323618,0.564745614633,0.01108014862,0.0111146907216,0.0106329872204,0.0115962970219,0.0110005040323,0.011076183432,after_reset,2.59879421892,1347.01705941,0.0291573534076,1.03470080892,0.853019184074,0.0291573534076,0.033802442793,0.0209471023922,0.035303393781,0.0292886003665,0.0285758574462,0.0316081765858,0.0490445859873,0.059793814433,0.05303514377,0.0445141065831,0.0496774193548,0.0478106508876,942,97,313,319,310,845
full,eps1,2026,1,0.25,shared_reset,3.69149155688e-15,-1.1844428131e-09,-0.000269509514313,8.3792314661e-05,8.67035174779e-10,1,-8.26390648305e-07,13.4136763589,6.27572601633,3.43908753502,0.390865767872,0.000311007165605,0.00302029639175,0.000162240415335,0.000257151253918,0.000516633064516,0,after_reset,0.000492705744437,13.4132194779,0.00290956503021,0.103251116392,0.853019184074,0.00290956503021,0.00906706045536,0.00207485406554,0.00331910981076,0.0031688169782,7.04241173229e-06,0.0316081765858,0.00138004246285,0.0134020618557,0.00159744408946,0.000626959247649,0.00193548387097,0,942,97,313,319,310,845
full,eps1,2026,1,0.25,local_reset,3.5457747849e-15,-0.0490436735244,-0.67347335763,1321.3043449,0.0162669061806,1,-0.00132653877403,13.2521232489,6.27416961949,3.43897841658,0.386884138602,0.0110303874735,0.010631443299,0.0106329872204,0.0114983346395,0.0109501008065,0.011076183432,after_reset,2.59877387647,1333.12504791,0.0290066114202,1.02935146003,0.853019184074,0.0290066114202,0.032520274028,0.0208437118306,0.0351415069982,0.0291080269758,0.0285756370994,0.0316081765858,0.0490445859873,0.059793814433,0.0533546325879,0.0438871473354,0.05,0.0478106508876,942,97,313,319,310,845
full,eps1,2026,1,0.25,retained,4.82947015712e-15,-0.120551398393,-3.35292860561,1411.58220793,0.0907345092895,4,-0.000310360503996,77.6221365739,6.34705689796,3.58010057356,0.912871333662,0.010980626327,0.010993878866,0.0105955471246,0.0109105603448,0.0114415322581,0.0109791050296,after_reset,2.59779624499,1482.34749829,0.0305869776153,1.0854335796,0.909092134012,0.0305869776153,0.0349504945361,0.0224120912675,0.0364481525745,0.0311240402461,0.0300455559126,0.0316081765858,0.0446921443737,0.0484536082474,0.0472843450479,0.0448275862069,0.041935483871,0.0442603550296,942,97,313,319,310,845
full,eps1,2026,1,0.25,shared_reset,3.60822483003e-15,-7.9828663043e-09,-0.000906411059779,0.000243551024019,2.33633281139e-09,4,5.44971261822e-09,13.6137318394,6.34604551921,3.58031725273,0.383320524624,0.000315153927813,0.00302029639175,0.000249600638978,0.000257151253918,0.000441028225806,4.62278106509e-06,after_reset,0.000808379328655,13.6121625656,0.00293106275159,0.104014001466,0.909092134012,0.00293106275159,0.00913400590208,0.00204269380362,0.00337510338326,0.00318918951458,1.22686784793e-05,0.0316081765858,0.00169851380042,0.0154639175258,0.00127795527157,0.00188087774295,0.00193548387097,0.000118343195266,942,97,313,319,310,845
full,eps1,2026,1,0.25,local_reset,4.63344640433e-15,-0.104234584958,-2.86063522133,1411.51601802,0.0704486128776,4,0.00136667024616,60.2474281389,6.34705497823,3.5801103904,0.803517002454,0.0108852507962,0.0100273840206,0.0105331469649,0.010837088558,0.0112903225806,0.0109837278107,after_reset,2.59774407082,1465.9068885,0.0304168856935,1.0793975637,0.909092134012,0.0304168856935,0.0334833306684,0.022289800662,0.0362693922835,0.0309204034686,0.0300448609371,0.0316081765858,0.043949044586,0.0412371134021,0.0463258785942,0.0438871473354,0.0416129032258,0.0442603550296,942,97,313,319,310,845
full,eps1,2026,1,0.25,retained,4.87110352054e-15,-0.303014444127,-7.58346886675,1574.38672809,0.21419154785,10,0.00374455399978,202.462921674,6.6101906754,3.82520706427,1.40431636373,0.0103876393312,0.0107925257732,0.00975938498403,0.0108615791536,0.0105342741935,0.0103411612426,after_reset,2.59621359032,1761.2983638,0.0333409537206,1.18316334486,1.01559264871,0.0333409537206,0.0380685720905,0.0249106664933,0.0388431905037,0.0346228874099,0.0327546249886,0.0316081765858,0.043949044586,0.0350515463918,0.0447284345048,0.046394984326,0.0406451612903,0.0449704142012,942,97,313,319,310,845
full,eps1,2026,1,0.25,shared_reset,4.77395900589e-15,-4.7216228941e-08,-0.00238146590011,0.000867032787167,7.96528723111e-09,10,-4.51589086907e-07,13.5165629325,6.60817760133,3.82580519169,0.363452500835,0.000248805732484,0.00237596649485,0.000199680511182,0.000232660658307,0.00031502016129,4.62278106509e-06,after_reset,0.00149780176257,13.5126660439,0.00292033097353,0.103633165136,1.01559264871,0.00292033097353,0.00910036032423,0.00198583412666,0.0034306723633,0.00313404198494,2.39217728186e-05,0.0316081765858,0.00116772823779,0.0113402061856,0.000638977635783,0.0012539184953,0.00161290322581,0,942,97,313,319,310,845
full,eps1,2026,1,0.25,local_reset,4.59354776439e-15,-0.291397061372,-7.05157674422,1574.21576232,0.189185297873,10,0.00754414229704,179.035508477,6.61019159834,3.82520059855,1.31962432815,0.0103378781847,0.0103495489691,0.00973442492013,0.0108493338558,0.0104208669355,0.0103365384615,after_reset,2.59608551209,1738.76959677,0.0331270353955,1.17557207068,1.01559264871,0.0331270353955,0.0362251570321,0.0247618958197,0.038623401376,0.0343586922007,0.0327526471653,0.0316081765858,0.044161358811,0.0381443298969,0.0444089456869,0.046394984326,0.0416129032258,0.0448520710059,942,97,313,319,310,845
full,eps1,2026,1,1,retained,3.94129173742e-15,0,0,20130.9141979,0,-1,0,0,6.18620931817,3.33910212245,0,0.0439556794055,0.0439352448454,0.0428689097444,0.0438014302508,0.0452116935484,0.0439580251479,pulse,10.3979230793,20130.9141979,0.112718007127,1,0.815392338863,0.112718007127,0.114105387694,0.0800875905466,0.137536888083,0.112544181346,0.112557651497,0.0316081765858,0.160721868365,0.160824742268,0.162619808307,0.157993730408,0.161612903226,0.160710059172,942,97,313,319,310,845
full,eps1,2026,1,1,retained,3.77475828373e-15,-3.75942977399,-8.08714804321,20653.9829993,4.32593369603,0,-0.0959530673915,215.06740917,6.18620931817,3.39159364126,1.57999302945,0.0442708333333,0.0458279639175,0.0430436301917,0.0446341105016,0.0451360887097,0.0440920857988,before_reset,10.396584843,20849.4912804,0.11471211425,1.01769111408,0.834582605619,0.11471211425,0.132407121835,0.0817618091955,0.13939373308,0.115072015414,0.112502912999,0.0316081765858,0.162314225053,0.172164948454,0.15750798722,0.166771159875,0.162580645161,0.161183431953,942,97,313,319,310,845
full,eps1,2026,1,1,retained,3.77475828373e-15,-3.75942977399,-8.08714804321,20653.9829993,4.32593369603,0,-0.0959530673915,215.06740917,6.18620931817,3.39159364126,1.57999302945,0.0442708333333,0.0458279639175,0.0430436301917,0.0446341105016,0.0451360887097,0.0440920857988,after_reset,10.396584843,20849.4912804,0.11471211425,1.01769111408,0.834582605619,0.11471211425,0.132407121835,0.0817618091955,0.13939373308,0.115072015414,0.112502912999,0.0316081765858,0.162314225053,0.172164948454,0.15750798722,0.166771159875,0.162580645161,0.161183431953,942,97,313,319,310,845
full,eps1,2026,1,1,shared_reset,3.06699110553e-15,0,0,0,0,0,0,215.06740917,6.18620931817,3.39159364126,1.57999302945,0.00126061571125,0.0122422680412,0.000998402555911,0.00123677507837,0.00154989919355,0,after_reset,0,215.06740917,0.0116506150946,0.103360726396,0.834582605619,0.0116506150946,0.0363068389543,0.00842651756855,0.0131909487423,0.0127168665851,0,0.0316081765858,0.00605095541401,0.0587628865979,0.00575079872204,0.00564263322884,0.00677419354839,0,942,97,313,319,310,845
full,eps1,2026,1,1,local_reset,3.77475828373e-15,0,0,20653.9829993,0,0,0,0,6.18620931817,3.39182108949,0,0.0440759355096,0.0439352448454,0.0428439496805,0.0441810344828,0.0452116935484,0.0440920857988,after_reset,10.396584843,20653.9829993,0.114173012563,1.01290836729,0.834582605619,0.114173012563,0.127801959086,0.081403468229,0.138797088849,0.114439720205,0.112502912999,0.0316081765858,0.161252653928,0.161855670103,0.156230031949,0.165830721003,0.161612903226,0.161183431953,942,97,313,319,310,845
full,eps1,2026,1,1,retained,3.71924713249e-15,-9.67904879117,-18.803476183,21141.5042436,8.85779563078,1,-0.14934350563,449.493074134,6.27017020721,3.43820491924,2.25874262954,0.0434373341295,0.0457474226804,0.0422698682109,0.0443157327586,0.0437121975806,0.0431721523669,after_reset,10.3951912532,21542.5913764,0.116603214928,1.0344683862,0.853019184074,0.116603214928,0.13511174577,0.0837320212316,0.141192129714,0.117142459522,0.114286937417,0.0316081765858,0.162420382166,0.168041237113,0.163897763578,0.159247648903,0.164193548387,0.161775147929,942,97,313,319,310,845
full,eps1,2026,1,1,shared_reset,3.0253577421e-15,-3.31391198878e-07,-0.00432396147351,0.00128672448885,2.10440872678e-07,1,-5.55382443471e-05,213.895469911,6.27572601633,3.43888349053,1.56151194401,0.00125232218684,0.0121617268041,0.000911042332268,0.00123677507837,0.00161290322581,0,after_reset,0.00192243552341,213.887997183,0.0116186256698,0.103076925915,0.853019184074,0.0116186256698,0.0362070584171,0.00832265701444,0.0132073675546,0.0126793995646,2.76270394884e-05,0.0316081765858,0.00562632696391,0.0546391752577,0.00479233226837,0.00282131661442,0.00935483870968,0,942,97,313,319,310,845
full,eps1,2026,1,1,local_reset,4.10782519111e-15,-5.85685751023,-10.8660122292,21141.1548091,4.17038503303,1,-0.0469158755879,212.399917303,6.27017020721,3.43841001964,1.54857314,0.043188528397,0.0433714561856,0.0420077875399,0.0440708268025,0.0434727822581,0.0431675295858,after_reset,10.3951097707,21324.1855402,0.116010628381,1.02921113794,0.853019184074,0.116010628381,0.130070581628,0.0833350363785,0.140553706234,0.11642829827,0.114286023018,0.0316081765858,0.162101910828,0.164948453608,0.16357827476,0.157993730408,0.164838709677,0.161775147929,942,97,313,319,310,845
full,eps1,2026,1,1,retained,4.10782519111e-15,-21.9947577859,-54.0113155272,22586.3614591,23.2981764699,4,0.0428924422773,1245.23703979,6.34717153798,3.57856131031,3.65645250135,0.0430641255308,0.0453044458763,0.0424945087859,0.0425769004702,0.044140625,0.0428069526627,after_reset,10.3912386046,23702.9703136,0.122310274024,1.08509968498,0.909092134012,0.122310274024,0.139680999543,0.089544277584,0.145792360107,0.124459715386,0.120155662016,0.0316081765858,0.159447983015,0.164948453608,0.15910543131,0.163009404389,0.156129032258,0.158816568047,942,97,313,319,310,845
full,eps1,2026,1,1,shared_reset,3.99680288865e-15,-1.11641728217e-06,-0.014526441115,0.00385125493082,5.8517280633e-07,4,-2.63075484469e-06,217.137413736,6.3460511659,3.58013243504,1.53125216353,0.00129793657113,0.0124838917526,0.000973442492013,0.00117554858934,0.00175151209677,1.38683431953e-05,after_reset,0.00320400167214,217.112205199,0.0117058693364,0.103850925285,0.909092134012,0.0117058693364,0.0364787440788,0.00819419718216,0.013430355518,0.012766386839,4.87526352239e-05,0.0316081765858,0.00541401273885,0.0515463917526,0.0038338658147,0.00501567398119,0.00741935483871,0.000118343195266,942,97,313,319,310,845
full,eps1,2026,1,1,local_reset,5.07580089071e-15,-18.1933992009,-45.8520089523,22585.2915943,18.1245032946,4,0.153672969721,968.44430633,6.3471672245,3.57872304453,3.22152795353,0.0426411557856,0.0410760309278,0.0421076277955,0.0423075039185,0.0435231854839,0.0428208210059,after_reset,10.3910302907,23444.0769336,0.121640479045,1.0791574669,0.909092134012,0.121640479045,0.133902370146,0.0890677936843,0.145087696409,0.123654994055,0.120152859481,0.0316081765858,0.158917197452,0.159793814433,0.158146964856,0.16394984326,0.154516129032,0.158816568047,942,97,313,319,310,845
full,eps1,2026,1,1,retained,4.69069227904e-15,-49.9708159384,-121.935101162,25193.0876147,55.0140102212,10,0.282323881526,3249.33713414,6.61734132314,3.82190133693,5.62604793344,0.0420191414544,0.0447406572165,0.0416458666134,0.0419156543887,0.0425025201613,0.0417067307692,after_reset,10.3849801627,28154.1915726,0.133300900598,1.18260519323,1.01559264871,0.133300900598,0.152136607676,0.0994627292362,0.155372067214,0.13843888213,0.130965474727,0.0316081765858,0.154670912951,0.157731958763,0.143769968051,0.161128526646,0.159032258065,0.154319526627,942,97,313,319,310,845
full,eps1,2026,1,1,shared_reset,5.02375918643e-15,-4.7625510125e-06,-0.0381375088737,0.0137803312759,2.01707134046e-06,10,-4.06971454533e-05,215.446361357,6.60817544481,3.82567072203,1.45157021763,0.00111547903397,0.0104703608247,0.000661441693291,0.00106534090909,0.00162550403226,4.16050295858e-05,after_reset,0.00596396536527,215.383777768,0.0116591810932,0.10343672134,1.01559264871,0.0116591810932,0.0363324433116,0.00796429794232,0.0136530117124,0.0125383894365,9.53483613579e-05,0.0316081765858,0.00414012738854,0.039175257732,0.00223642172524,0.00438871473354,0.0058064516129,0.000118343195266,942,97,313,319,310,845
full,eps1,2026,1,1,local_reset,5.82867087928e-15,-46.2386981865,-113.150413052,25190.2679656,48.6390635129,10,0.540216673194,2876.28969182,6.61734395848,3.82196040911,5.28931543075,0.0418118033439,0.0427271262887,0.0413338658147,0.0417809561129,0.042326108871,0.0417067307692,after_reset,10.3844697686,27797.4989318,0.132453797434,1.17508995067,1.01559264871,0.132453797434,0.1448370313,0.0988790428536,0.154502607569,0.137387699597,0.130957388153,0.0316081765858,0.154458598726,0.154639175258,0.143130990415,0.161128526646,0.159032258065,0.154437869822,942,97,313,319,310,845
full,eps1,42,0,0.25,retained,3.44169137634e-15,0,0,1211.32580446,0,-1,0,0,6.19437340222,3.29934779208,0,0.0115031183652,0.0117621527778,0.0118061102236,0.011779976489,0.0109122983871,0.0114757555751,pulse,2.59944136683,1211.32580446,0.0276498027432,1,0.808716570411,0.0276498027432,0.0281721992128,0.0197405387418,0.0334394518179,0.0279107147873,0.0275940425005,0.0316081765858,0.0468152866242,0.0533333333333,0.0460063897764,0.0435736677116,0.0509677419355,0.0461267605634,942,90,313,319,310,852
full,eps1,42,0,0.25,retained,4.10782519111e-15,-0.022897200593,-0.594636220638,1239.48889368,0.0142029741794,0,-0.00019177484786,11.3449188101,6.38779394139,3.34456241828,0.361360778006,0.0114284766454,0.010546875,0.0111321884984,0.0113758816614,0.0117817540323,0.0115216035798,before_reset,2.59911053066,1249.61256507,0.028083371471,1.01568071685,0.827042629289,0.028083371471,0.0324712020599,0.0201427863508,0.0338977761874,0.0283633451804,0.0275791318334,0.0316081765858,0.0447983014862,0.0366666666667,0.0396166134185,0.0485893416928,0.0461290322581,0.0456572769953,942,90,313,319,310,852
full,eps1,42,0,0.25,retained,4.10782519111e-15,-0.022897200593,-0.594636220638,1239.48889368,0.0142029741794,0,-0.00019177484786,11.3449188101,6.38779394139,3.34456241828,0.361360778006,0.0114284766454,0.010546875,0.0111321884984,0.0113758816614,0.0117817540323,0.0115216035798,after_reset,2.59911053066,1249.61256507,0.028083371471,1.01568071685,0.827042629289,0.028083371471,0.0324712020599,0.0201427863508,0.0338977761874,0.0283633451804,0.0275791318334,0.0316081765858,0.0447983014862,0.0366666666667,0.0396166134185,0.0485893416928,0.0461290322581,0.0456572769953,942,90,313,319,310,852
full,eps1,42,0,0.25,shared_reset,3.09474668114e-15,0,0,0,0,0,0,11.3449188101,6.38779394139,3.34456241828,0.361360778006,0.000306860403397,0.00321180555556,0.000274560702875,0.000293887147335,0.000352822580645,0,after_reset,0,11.3449188101,0.0026758529847,0.096776566891,0.827042629289,0.0026758529847,0.00865698062734,0.00212640154346,0.00301946649475,0.00279473169417,0,0.0316081765858,0.000849256900212,0.00888888888889,0.00191693290735,0.000626959247649,0,0,942,90,313,319,310,852
full,eps1,42,0,0.25,local_reset,4.10782519111e-15,0,0,1239.48889368,0,0,0,0,6.38651367884,3.34461191864,0,0.0113953025478,0.0101996527778,0.0110697883387,0.0113881269592,0.0117313508065,0.0115216035798,after_reset,2.59911053066,1239.48889368,0.0279693821431,1.01155810777,0.827042629289,0.0279693821431,0.0314245617111,0.0200480058311,0.0337733260064,0.0282413901957,0.0275791318334,0.0316081765858,0.0444798301486,0.0333333333333,0.0396166134185,0.0492163009404,0.0445161290323,0.0456572769953,942,90,313,319,310,852
full,eps1,42,0,0.25,retained,3.09474668114e-15,-0.0248592384676,-1.14562553838,1269.60387394,0.0318815845315,1,-0.00346714385068,26.1269021334,6.38779394139,3.39555796399,0.542013885047,0.0109557457537,0.0118489583333,0.0115440295527,0.010518710815,0.0108114919355,0.0108613923122,after_reset,2.59878393804,1293.41475381,0.0285713300547,1.03332853113,0.846107410121,0.0285713300547,0.0329465094988,0.0206706161033,0.0343074929183,0.0289478459031,0.0280693675635,0.0316081765858,0.0473460721868,0.0444444444444,0.0466453674121,0.0485893416928,0.0467741935484,0.0476525821596,942,90,313,319,310,852
full,eps1,42,0,0.25,shared_reset,3.46944695195e-15,-2.56434065378e-09,-0.000150365852524,4.98351842353e-05,4.80862939948e-10,1,-3.15224929786e-07,11.3082513847,6.38779394139,3.39555642937,0.35743080272,0.000356621549894,0.00373263888889,0.00033696086262,0.000220415360502,0.000516633064516,0,after_reset,0.000395075099757,11.3079998531,0.00267149551838,0.0966189720479,0.846107410121,0.00267149551838,0.00864286697722,0.00213146838175,0.00302927121364,0.00276711219794,5.45148290335e-06,0.0316081765858,0.00116772823779,0.0122222222222,0.00159744408946,0.0012539184953,0.000645161290323,0,942,90,313,319,310,852
full,eps1,42,0,0.25,local_reset,3.9135361618e-15,-0.000690587540651,-0.561436877822,1269.58024296,0.0167581435996,1,-0.00301974015677,13.824177522,6.38651367884,3.3956075283,0.393424751094,0.0109391587049,0.0116753472222,0.0115565095847,0.0104942202194,0.0107736895161,0.0108613923122,after_reset,2.59877022929,1282.29088422,0.0284482024751,1.02887542234,0.846107410121,0.0284482024751,0.0318138927165,0.0205672076478,0.0341797906331,0.0288088439356,0.0280691147283,0.0316081765858,0.0473460721868,0.0444444444444,0.04696485623,0.0485893416928,0.0464516129032,0.0476525821596,942,90,313,319,310,852
full,eps1,42,0,0.25,retained,3.80251385934e-15,-0.0734826603209,-3.62334889477,1350.75150543,0.0840199896715,4,-0.0143589686319,72.7297755236,6.38779394139,3.51584138697,0.880502113915,0.0109350119427,0.0110243055556,0.0115689896166,0.0106044278997,0.0106350806452,0.0109255795188,after_reset,2.59786815974,1416.1429199,0.0298961384155,1.08124237605,0.899520512676,0.0298961384155,0.0346533615749,0.0218596100037,0.0355632169746,0.0305287997668,0.0293486191631,0.0316081765858,0.0427813163482,0.0388888888889,0.0418530351438,0.0457680250784,0.0406451612903,0.0431924882629,942,90,313,319,310,852
full,eps1,42,0,0.25,shared_reset,3.30291349826e-15,-1.53930384759e-08,-0.000899238890672,0.000272305398461,2.72866697044e-09,4,1.07406273954e-06,11.1301781186,6.38779394139,3.51590535535,0.345568731026,0.000240512208068,0.00251736111111,0.000174720447284,0.000269396551724,0.000277217741935,0,after_reset,0.000900539802604,11.1286540663,0.00265022577952,0.0958497174152,0.899520512676,0.00265022577952,0.00857397876389,0.00205117450329,0.00305746400047,0.00273412876529,1.29194388734e-05,0.0316081765858,0.00127388535032,0.0133333333333,0.00223642172524,0.0012539184953,0.000322580645161,0,942,90,313,319,310,852
full,eps1,42,0,0.25,local_reset,4.4408920985e-15,-0.0529772042894,-3.03209717186,1350.64909093,0.0655841162031,4,-0.0126523115997,56.9441974734,6.38651367884,3.51587500645,0.778269166591,0.0109598925159,0.0112847222222,0.0116937899361,0.010518710815,0.0106728830645,0.0109255795188,after_reset,2.59780083623,1401.46341915,0.0297407855901,1.07562378894,0.899520512676,0.0297407855901,0.033233644391,0.0217196641277,0.035410506205,0.0303507094083,0.0293475558196,0.0316081765858,0.0430997876858,0.0422222222222,0.0415335463259,0.0460815047022,0.0416129032258,0.0431924882629,942,90,313,319,310,852
full,eps1,42,0,0.25,retained,4.66987559733e-15,-0.200044945872,-8.96615368972,1520.52955829,0.206650511587,10,-0.0215986225102,198.4493961,6.62378619934,3.77929828725,1.3805729327,0.0106862062102,0.0109809027778,0.0104083466454,0.0108125979624,0.0108366935484,0.0106550762911,after_reset,2.59626104225,1700.81001038,0.0327634370015,1.18494288389,1.00852161768,0.0327634370015,0.0378038690407,0.0244995750642,0.0384263727056,0.0337103610299,0.0321849335471,0.0316081765858,0.0443736730361,0.0488888888889,0.0460063897764,0.0423197492163,0.0448387096774,0.043896713615,942,90,313,319,310,852
full,eps1,42,0,0.25,shared_reset,4.55191440096e-15,-6.00814514517e-08,-0.00218650233356,0.00088424961897,7.2689860834e-09,10,2.09823500112e-06,10.9482203245,6.6233269044,3.77942911325,0.325731436136,0.000223925159236,0.00230034722222,0.000212160543131,0.000220415360502,0.000239415322581,4.58480046948e-06,after_reset,0.00154227997382,10.944735653,0.00262823497997,0.0950543844516,1.00852161768,0.00262823497997,0.00850259238399,0.00196541782302,0.00307985853202,0.00270722816575,2.4472107486e-05,0.0316081765858,0.00148619957537,0.0155555555556,0.00255591054313,0.000940438871473,0.000967741935484,0,942,90,313,319,310,852
full,eps1,42,0,0.25,local_reset,3.82506526453e-15,-0.178165140581,-8.36449003458,1520.28154322,0.184101508522,10,-0.0202293005968,177.070595107,6.62296806889,3.77932925193,1.30341363712,0.0106198580149,0.0102430555556,0.0103085063898,0.0107513714734,0.010798891129,0.0106596610915,after_reset,2.59611588242,1680.41047088,0.0325663617228,1.17781533652,1.00852161768,0.0325663617228,0.0360000023775,0.0243275784082,0.0382236823822,0.0334922684866,0.0321822670337,0.0316081765858,0.0443736730361,0.0488888888889,0.0460063897764,0.0429467084639,0.0441935483871,0.043896713615,942,90,313,319,310,852
full,eps1,42,0,1,retained,3.84414722276e-15,0,0,19381.2131126,0,-1,0,0,6.19437340222,3.29934779208,0,0.0447725915605,0.0434027777778,0.0457268370607,0.0447198275862,0.0438634072581,0.0449172901995,pulse,10.3977655044,19381.2131126,0.110599211661,1,0.808716570411,0.110599211661,0.112688797396,0.0789621555874,0.133757808167,0.111642859674,0.110376170706,0.0316081765858,0.163800424628,0.182222222222,0.163258785942,0.158307210031,0.17,0.161854460094,942,90,313,319,310,852
full,eps1,42,0,1,retained,3.64985819346e-15,-3.81378768858,-9.53298445102,19831.9726293,3.67411150482,0,0.0254494651399,183.434027869,6.39038758025,3.34424304558,1.45293063209,0.0446108678344,0.0459635416667,0.0453025159744,0.0440953173981,0.0444430443548,0.0444679797535,before_reset,10.3964536677,19992.4381233,0.112329657099,1.01564609198,0.827042629289,0.112329657099,0.129846893721,0.0805498479644,0.135600414738,0.113445680046,0.11031693157,0.0316081765858,0.158598726115,0.151111111111,0.157827476038,0.154858934169,0.163225806452,0.159389671362,942,90,313,319,310,852
full,eps1,42,0,1,retained,3.64985819346e-15,-3.81378768858,-9.53298445102,19831.9726293,3.67411150482,0,0.0254494651399,183.434027869,6.39038758025,3.34424304558,1.45293063209,0.0446108678344,0.0459635416667,0.0453025159744,0.0440953173981,0.0444430443548,0.0444679797535,after_reset,10.3964536677,19992.4381233,0.112329657099,1.01564609198,0.827042629289,0.112329657099,0.129846893721,0.0805498479644,0.135600414738,0.113445680046,0.11031693157,0.0316081765858,0.158598726115,0.151111111111,0.157827476038,0.154858934169,0.163225806452,0.159389671362,942,90,313,319,310,852
full,eps1,42,0,1,shared_reset,3.44169137634e-15,0,0,0,0,0,0,183.434027869,6.39038758025,3.34424304558,1.45293063209,0.00126476247346,0.0132378472222,0.00128544329073,0.00123677507837,0.00127268145161,0,after_reset,0,183.434027869,0.0107597332365,0.0972858040748,0.827042629289,0.0107597332365,0.0348101344566,0.00854453487019,0.0121727918288,0.0112072603219,0,0.0316081765858,0.00467091295117,0.0488888888889,0.00511182108626,0.00313479623824,0.0058064516129,0,942,90,313,319,310,852
full,eps1,42,0,1,local_reset,4.27435864481e-15,0,0,19831.9726293,0,0,0,0,6.38651367884,3.34461191864,0,0.0444367038217,0.044140625,0.0452026757188,0.0440218456113,0.0440902217742,0.0444679797535,after_reset,10.3964536677,19831.9726293,0.111877952602,1.0115619354,0.827042629289,0.111877952602,0.125698838549,0.080192507709,0.135093688239,0.112966016881,0.11031693157,0.0316081765858,0.158598726115,0.151111111111,0.157827476038,0.154858934169,0.163225806452,0.159389671362,942,90,313,319,310,852
full,eps1,42,0,1,retained,4.38538094727e-15,-6.72153152581,-18.6854312226,20313.8965496,8.23028698247,1,-0.151266235926,421.612765961,6.39038758025,3.39506906443,2.17695515809,0.044084229034,0.0459635416667,0.0457143570288,0.0426748628527,0.043888608871,0.0438857100939,after_reset,10.3951521764,20692.6231446,0.114279761957,1.03327826881,0.846107410121,0.114279761957,0.131742226071,0.0826457757694,0.137242950834,0.115785329741,0.112276646354,0.0316081765858,0.162526539278,0.156666666667,0.161022364217,0.161128526646,0.165483870968,0.163145539906,942,90,313,319,310,852
full,eps1,42,0,1,shared_reset,3.99680288865e-15,-2.82415555727e-07,-0.00242992034383,0.000795229509214,1.25290803134e-07,1,-2.1555097341e-05,182.865278981,6.39038758025,3.39523748437,1.43712991549,0.001235735138,0.0128472222222,0.0011481629393,0.00105309561129,0.00151209677419,9.16960093897e-06,after_reset,0.00157917300431,182.86117082,0.0107429189928,0.0971337754717,0.846107410121,0.0107429189928,0.0347556720347,0.00856455690898,0.0122140349602,0.0110960881616,2.17789234101e-05,0.0316081765858,0.00530785562633,0.0544444444444,0.00638977635783,0.00407523510972,0.00548387096774,0.000117370892019,942,90,313,319,310,852
full,eps1,42,0,1,local_reset,3.7331249203e-15,-2.82853984877,-9.40453098369,20313.495819,4.31752552921,1,-0.165880737557,222.654015255,6.38651367884,3.39542296762,1.57867864276,0.0438685973992,0.0437065972222,0.0456020367412,0.0423809757053,0.0436491935484,0.0438857100939,after_reset,10.3950956408,20515.6694566,0.113790079141,1.02885072535,0.846107410121,0.113790079141,0.127237371872,0.0822508432174,0.136722439926,0.115236144783,0.1122755777,0.0316081765858,0.161146496815,0.142222222222,0.15910543131,0.160815047022,0.163548387097,0.163145539906,942,90,313,319,310,852
full,eps1,42,0,1,retained,3.88578058619e-15,-17.6050874951,-58.3116499926,21612.7995723,21.6279490912,4,-0.787930237458,1169.90035475,6.39038758025,3.51476704881,3.53147073734,0.0433004909766,0.0441840277778,0.0439796325879,0.0432259012539,0.0426915322581,0.0432071596244,after_reset,10.3915193736,22650.9185407,0.119565108417,1.08106655211,0.899520512676,0.119565108417,0.138555687543,0.0873739947952,0.142273302003,0.122079412175,0.117379779685,0.0316081765858,0.157749469214,0.155555555556,0.161980830671,0.158307210031,0.152903225806,0.157981220657,942,90,313,319,310,852
full,eps1,42,0,1,shared_reset,3.87190279838e-15,-1.66388114649e-06,-0.0148642210635,0.00445749670769,7.19946803798e-07,4,5.8589143673e-05,179.784961743,6.39038758025,3.51563430038,1.38878740281,0.00105327760085,0.0108072916667,0.000861122204473,0.00115105799373,0.0011466733871,2.29240023474e-05,after_reset,0.00362541942402,179.759805368,0.0106514282804,0.0963065479439,0.899520512676,0.0106514282804,0.0344593686824,0.00823985409437,0.0123217702713,0.0109528251461,5.22576896871e-05,0.0316081765858,0.00456475583864,0.0466666666667,0.00607028753994,0.00470219435737,0.00290322580645,0.000117370892019,942,90,313,319,310,852
full,eps1,42,0,1,local_reset,3.77475828373e-15,-13.8034297181,-48.8363758788,21611.1348633,16.8670633463,4,-0.703865133407,915.088758828,6.38651367884,3.51502577489,3.11998794286,0.043089006104,0.0420572916667,0.0438049121406,0.042907523511,0.0425529233871,0.0431979900235,after_reset,10.3912483878,22416.403344,0.118944542185,1.07545560586,0.899520512676,0.118944542185,0.132883613351,0.0868289181258,0.141651538567,0.121371959002,0.11737547869,0.0316081765858,0.157749469214,0.155555555556,0.161022364217,0.159561128527,0.152580645161,0.157981220657,942,90,313,319,310,852
full,eps1,42,0,1,retained,4.21884749358e-15,-42.0396123253,-144.383927066,24330.1723366,53.0077367325,10,-1.23486881132,3179.90573926,6.62517779185,3.77734020172,5.52733187702,0.0425291932059,0.0440972222222,0.0431434704473,0.0422462774295,0.0422001008065,0.042363556338,after_reset,10.3851409879,27187.7689962,0.130993075415,1.18439429583,1.00852161768,0.130993075415,0.151134324233,0.0978686908295,0.15369885984,0.13476509889,0.128681515691,0.0316081765858,0.156263269639,0.164444444444,0.159744408946,0.155172413793,0.153870967742,0.155399061033,942,90,313,319,310,852
full,eps1,42,0,1,shared_reset,4.60742555219e-15,-5.51246646585e-06,-0.0354878006805,0.0142274527273,1.89944324353e-06,10,0.000121625958504,177.156946221,6.6244114605,3.77917390127,1.31031132031,0.000908140923567,0.00933159722222,0.000861122204473,0.000869416144201,0.000995463709677,1.83392018779e-05,after_reset,0.00617352890703,177.100432198,0.0105723458928,0.0955915122182,1.00852161768,0.0105723458928,0.0342025609227,0.00789759212874,0.0124314215115,0.0108465567704,9.81709611583e-05,0.0316081765858,0.00477707006369,0.0488888888889,0.00607028753994,0.00376175548589,0.00451612903226,0.000117370892019,942,90,313,319,310,852
full,eps1,42,0,1,local_reset,3.53883589099e-15,-37.9365831373,-134.639137775,24326.1449209,47.2085935217,10,-1.11834995333,2836.21584426,6.62321532775,3.77755398141,5.21746730109,0.042251360138,0.0411892361111,0.0428938698083,0.0419523902821,0.0419102822581,0.042363556338,after_reset,10.3845608464,26862.1812169,0.130206357624,1.17728106438,1.00852161768,0.130206357624,0.143933057857,0.0971920248576,0.152880243388,0.133898214774,0.128670868658,0.0316081765858,0.155307855626,0.156666666667,0.158146964856,0.154545454545,0.153225806452,0.155164319249,942,90,313,319,310,852
full,eps1,42,1,0.25,retained,3.28903571045e-15,0,0,1222.2251038,0,-1,0,0,6.19437340222,3.29934779208,0,0.0111464968153,0.0112887041284,0.0108701078275,0.0114003722571,0.0111643145161,0.0111278886555,pulse,2.60504714707,1222.2251038,0.027773918239,1,0.808716570411,0.027773918239,0.027273509227,0.0197291613622,0.0336736869676,0.0280033545542,0.0278387324221,0.0316081765858,0.0440552016985,0.045871559633,0.0434504792332,0.0467084639498,0.041935483871,0.0438175270108,942,109,313,319,310,833
full,eps1,42,1,0.25,retained,3.74700270811e-15,-0.0526064514455,-0.704555128274,1256.66496301,0.0183467287794,0,0.000731976258136,14.8673839444,6.19437340222,3.35387026984,0.412193010399,0.0110967356688,0.0128297018349,0.0112569888179,0.0105064655172,0.0115423387097,0.0108699729892,before_reset,2.60465282864,1270.03783448,0.0283119564945,1.01937206882,0.829035323604,0.0283119564945,0.0318103884,0.0201874374804,0.0341866915103,0.0286634226324,0.027821649726,0.0316081765858,0.044161358811,0.0532110091743,0.0495207667732,0.0423197492163,0.0406451612903,0.0429771908764,942,109,313,319,310,833
full,eps1,42,1,0.25,retained,3.74700270811e-15,-0.0526064514455,-0.704555128274,1256.66496301,0.0183467287794,0,0.000731976258136,14.8673839444,6.19437340222,3.35387026984,0.412193010399,0.0110967356688,0.0128297018349,0.0112569888179,0.0105064655172,0.0115423387097,0.0108699729892,after_reset,2.60465282864,1270.03783448,0.0283119564945,1.01937206882,0.829035323604,0.0283119564945,0.0318103884,0.0201874374804,0.0341866915103,0.0286634226324,0.027821649726,0.0316081765858,0.044161358811,0.0532110091743,0.0495207667732,0.0423197492163,0.0406451612903,0.0429771908764,942,109,313,319,310,833
full,eps1,42,1,0.25,shared_reset,2.69229083472e-15,0,0,0,0,0,0,14.8673839444,6.19437340222,3.35387026984,0.412193010399,0.000352474787686,0.00304615825688,0.000361920926518,0.000257151253918,0.000441028225806,0,after_reset,0,14.8673839444,0.00306322453184,0.110291407409,0.829035323604,0.00306322453184,0.00900515171088,0.00215163197861,0.00354442887714,0.00330321513524,0,0.0316081765858,0.00138004246285,0.0119266055046,0.00159744408946,0.000940438871473,0.00161290322581,0,942,109,313,319,310,833
full,eps1,42,1,0.25,local_reset,3.74700270811e-15,0,0,1256.66496301,0,0,0,0,6.19437340222,3.3539766671,0,0.010980626327,0.0118262614679,0.0110822683706,0.0104085031348,0.011466733871,0.0108699729892,after_reset,2.60465282864,1256.66496301,0.0281625065818,1.01399112432,0.829035323604,0.0281625065818,0.0306424498298,0.0200920942003,0.034016426887,0.0284916134659,0.027821649726,0.0316081765858,0.0434182590234,0.0467889908257,0.0482428115016,0.0416927899687,0.0403225806452,0.0429771908764,942,109,313,319,310,833
full,eps1,42,1,0.25,retained,4.27435864481e-15,-0.0690878748879,-1.24662768289,1281.7233392,0.0326281251707,1,0.00245713832062,26.8974327864,6.19437340222,3.39311238479,0.549088624545,0.0110262407113,0.0115395642202,0.0109075479233,0.0113758816614,0.0107862903226,0.0109590711285,after_reset,2.6043469024,1306.02688328,0.0287102921064,1.03371414358,0.845166701941,0.0287102921064,0.032278040961,0.0206665623376,0.0346338592215,0.0289686322519,0.0282100792955,0.0316081765858,0.046178343949,0.0422018348624,0.0492012779553,0.0438871473354,0.0454838709677,0.0466986794718,942,109,313,319,310,833
full,eps1,42,1,0.25,shared_reset,4.31599200823e-15,4.37024511861e-09,-0.000221424344052,5.16395773774e-05,7.09919941992e-10,1,7.01171723243e-07,14.8612333046,6.19437340222,3.39313084859,0.408856262712,0.000360768312102,0.00311783256881,0.000299520766773,0.000404094827586,0.000378024193548,0,after_reset,0.000422383422045,14.8608435073,0.00306255067317,0.110267145126,0.845166701941,0.00306255067317,0.00900315755668,0.00213886825867,0.00354694332281,0.00330690654303,5.57050934625e-06,0.0316081765858,0.0015923566879,0.0137614678899,0.00223642172524,0.000313479623824,0.00225806451613,0,942,109,313,319,310,833
full,eps1,42,1,0.25,local_reset,3.80251385934e-15,-0.0187443982119,-0.543179602758,1281.70478472,0.0131507801873,1,0.00131177226801,10.8532080224,6.19437340222,3.39321182509,0.34768634202,0.0109847730892,0.0111811926606,0.0109200279553,0.011277919279,0.0107484879032,0.0109590711285,after_reset,2.6043320079,1291.44991907,0.0285496203603,1.02792915694,0.845166701941,0.0285496203603,0.0310233856796,0.020563902601,0.0344504253337,0.028784359483,0.0282098770083,0.0316081765858,0.0467091295117,0.0467889908257,0.0492012779553,0.0438871473354,0.0470967741935,0.0466986794718,942,109,313,319,310,833
full,eps1,42,1,0.25,retained,3.77822773068e-15,-0.171541094683,-3.35772139714,1363.18393056,0.0808105864191,4,-3.54817320849e-05,69.9692322849,6.19437340222,3.52440963347,0.863550398732,0.0104415472399,0.010751146789,0.0105331469649,0.010396257837,0.0103956653226,0.0104010354142,after_reset,2.60340673284,1426.17537749,0.0300018489353,1.08021665064,0.898767995563,0.0300018489353,0.0331987016487,0.0220087218513,0.0359625621415,0.0302531144504,0.0295579627078,0.0316081765858,0.0420382165605,0.045871559633,0.044089456869,0.0369905956113,0.0451612903226,0.0415366146459,942,109,313,319,310,833
full,eps1,42,1,0.25,shared_reset,3.27515792264e-15,5.70935730076e-09,-0.000896023130748,0.000211996790226,2.59384484374e-09,4,7.93479925248e-08,15.1776921157,6.19437340222,3.52464469669,0.402578596457,0.000319300690021,0.00275946100917,0.000212160543131,0.000342868338558,0.000403225806452,0,after_reset,0.00080900847585,15.1761122389,0.00309486577122,0.111430650317,0.898767995563,0.00309486577122,0.00909811445931,0.00209501983291,0.00361023287041,0.00335582872149,1.14406307142e-05,0.0316081765858,0.00180467091295,0.0155963302752,0.00255591054313,0.000313479623824,0.00258064516129,0,942,109,313,319,310,833
full,eps1,42,1,0.25,local_reset,3.33760796778e-15,-0.117697357216,-2.67486945543,1363.13232936,0.0593798502554,4,-0.00114869250255,51.45491398,6.19437340222,3.5245123402,0.739433208102,0.0103793458068,0.0102852637615,0.0104457867412,0.0102615595611,0.0104334677419,0.0103916566627,after_reset,2.60335883211,1409.05919218,0.029821272525,1.07371499651,0.898767995563,0.029821272525,0.0317653801639,0.0218839786477,0.0357554024881,0.0300539770984,0.0295574221247,0.0316081765858,0.0416135881104,0.0422018348624,0.0444089456869,0.0363636363636,0.0441935483871,0.0415366146459,942,109,313,319,310,833
full,eps1,42,1,0.25,retained,4.30211422042e-15,-0.361507613532,-8.1621975781,1525.97735092,0.198038624828,10,-0.00276670904609,189.102395657,6.38973640319,3.77135597536,1.3511447191,0.0102383558917,0.0099627293578,0.0105830670927,0.010016653605,0.0101184475806,0.0102744222689,after_reset,2.60186553197,1698.2248414,0.0327385279199,1.17875078476,1.0058031257,0.0327385279199,0.0356830420655,0.0244852841809,0.0388041339541,0.0331981266424,0.0323333978142,0.0316081765858,0.0450106157113,0.054128440367,0.044089456869,0.0460815047022,0.0448387096774,0.0438175270108,942,109,313,319,310,833
full,eps1,42,1,0.25,shared_reset,4.76008121808e-15,-5.47481774809e-08,-0.00226544330568,0.000968170712954,8.57420498323e-09,10,8.84522284954e-07,15.317276057,6.39104808476,3.77190875073,0.384798133437,0.000269539543524,0.00229357798165,0.000237120607029,0.00019592476489,0.000378024193548,4.6893757503e-06,after_reset,0.00150867209785,15.3137150093,0.00310886478228,0.111934684747,1.0058031257,0.00310886478228,0.00913904967206,0.00201247144704,0.0036729168397,0.00337609885986,2.55773633697e-05,0.0316081765858,0.00212314225053,0.0183486238532,0.00191693290735,0.0012539184953,0.00322580645161,0,942,109,313,319,310,833
full,eps1,42,1,0.25,local_reset,5.21804821574e-15,-0.307822350022,-7.45743247659,1525.80080573,0.172287721298,10,-0.00637620289681,164.585260305,6.38972940129,3.77144798764,1.25979894872,0.0101720076964,0.00935349770642,0.0104582667732,0.0099799177116,0.0100806451613,0.0102791116447,after_reset,2.6017404208,1675.0150917,0.0325140384546,1.17066804096,1.0058031257,0.0325140384546,0.0338773887848,0.0243260405804,0.0385568826296,0.0329413733226,0.0323313876369,0.0316081765858,0.044161358811,0.0467889908257,0.0434504792332,0.0454545454545,0.0435483870968,0.0438175270108,942,109,313,319,310,833
full,eps1,42,1,1,retained,3.27515792264e-15,0,0,19555.601754,0,-1,0,0,6.19437340222,3.29934779208,0,0.0442666865711,0.0440797018349,0.0448157947284,0.0447565634796,0.0432081653226,0.0442911539616,pulse,10.4201886719,19555.601754,0.111095673221,1,0.808716570411,0.111095673221,0.10909403726,0.0789166451528,0.134694748626,0.112013418289,0.111354929942,0.0316081765858,0.160721868365,0.171559633028,0.161022364217,0.159561128527,0.161612903226,0.159303721489,942,109,313,319,310,833
full,eps1,42,1,1,retained,3.10862446895e-15,-6.50054632884,-11.299501231,20106.8197283,4.7527958134,0,0.104521203606,240.502984922,6.19437340222,3.35333185231,1.65811650864,0.0437151671975,0.0470541857798,0.0446410742812,0.0430912029781,0.0434223790323,0.0432782487995,before_reset,10.4186222075,20316.6844563,0.113236899771,1.01927371686,0.829035323604,0.113236899771,0.127154290302,0.0807190578625,0.136753508334,0.11463444211,0.111287077026,0.0316081765858,0.160297239915,0.171559633028,0.167731629393,0.15987460815,0.153225806452,0.158823529412,942,109,313,319,310,833
full,eps1,42,1,1,retained,3.10862446895e-15,-6.50054632884,-11.299501231,20106.8197283,4.7527958134,0,0.104521203606,240.502984922,6.19437340222,3.35333185231,1.65811650864,0.0437151671975,0.0470541857798,0.0446410742812,0.0430912029781,0.0434223790323,0.0432782487995,after_reset,10.4186222075,20316.6844563,0.113236899771,1.01927371686,0.829035323604,0.113236899771,0.127154290302,0.0807190578625,0.136753508334,0.11463444211,0.111287077026,0.0316081765858,0.160297239915,0.171559633028,0.167731629393,0.15987460815,0.153225806452,0.158823529412,942,109,313,319,310,833
full,eps1,42,1,1,shared_reset,2.91433543964e-15,0,0,0,0,0,0,240.502984922,6.19437340222,3.35333185231,1.65811650864,0.00155918259023,0.0134747706422,0.00175968450479,0.0012980015674,0.00162550403226,0,after_reset,0,240.502984922,0.012320314333,0.110898237311,0.829035323604,0.012320314333,0.0362187944569,0.00865988922358,0.0142448405686,0.0132936142262,0,0.0316081765858,0.00605095541401,0.0522935779817,0.00830670926518,0.00344827586207,0.00645161290323,0,942,109,313,319,310,833
full,eps1,42,1,1,local_reset,3.10862446895e-15,0,0,20106.8197283,0,0,0,0,6.19437340222,3.3539766671,0,0.0435451499469,0.0455848623853,0.0444164337061,0.0427483346395,0.0434853830645,0.0432782487995,after_reset,10.4186222075,20106.8197283,0.112650531459,1.01399566872,0.829035323604,0.112650531459,0.122570493926,0.0803689420942,0.136066183159,0.113966984261,0.111287077026,0.0316081765858,0.159978768577,0.16880733945,0.167092651757,0.157993730408,0.154838709677,0.158823529412,942,109,313,319,310,833
full,eps1,42,1,1,retained,3.38618022511e-15,-9.98004218506,-19.9648369752,20507.8692289,8.43323134172,1,0.228971620946,434.259031839,6.19437340222,3.39236631349,2.2063652173,0.0441878980892,0.0461940940367,0.044915634984,0.0444381857367,0.0431955645161,0.0439253826531,after_reset,10.4174102894,20891.129677,0.114826602562,1.03358303013,0.845166701941,0.114826602562,0.129028835772,0.0826153232374,0.138549698049,0.115849787976,0.112836026233,0.0316081765858,0.15966029724,0.161467889908,0.163258785942,0.156426332288,0.15935483871,0.159423769508,942,109,313,319,310,833
full,eps1,42,1,1,shared_reset,3.85802501057e-15,1.1749336438e-07,-0.00375144998328,0.000848688266958,1.89350798177e-07,1,4.5381607655e-05,240.366391636,6.19437340222,3.39261319067,1.64457855673,0.00150112791932,0.0129013761468,0.00142272364217,0.00138371865204,0.00170110887097,9.3787515006e-06,after_reset,0.00171310651608,240.359828611,0.0123166470328,0.110865227022,0.845166701941,0.0123166470328,0.0362079596889,0.00860846229546,0.0142518725064,0.0133092477591,2.25739808741e-05,0.0316081765858,0.00615711252654,0.0532110091743,0.00638977635783,0.00564263322884,0.00645161290323,0,942,109,313,319,310,833
full,eps1,42,1,1,local_reset,3.71924713249e-15,-3.58803262239,-8.66318993504,20507.599485,3.39029009257,1,0.104866884508,174.853566862,6.19437340222,3.39297031226,1.39545440156,0.0439142117834,0.0438646788991,0.0444039536741,0.0442422609718,0.0430821572581,0.0439206932773,after_reset,10.4173504392,20661.5506306,0.114193927176,1.02788816041,0.845166701941,0.114193927176,0.124086638414,0.0822335262304,0.137809055925,0.115130581424,0.112835289353,0.0316081765858,0.15881104034,0.154128440367,0.162939297125,0.155799373041,0.157741935484,0.159423769508,942,109,313,319,310,833
full,eps1,42,1,1,retained,4.37150315946e-15,-23.7995871937,-53.9185627041,21811.6303916,20.7767275632,4,0.146758714219,1123.76950836,6.19437340222,3.52257474443,3.46111781367,0.0426784766454,0.0424311926606,0.0429937100639,0.0429809952978,0.042048891129,0.0427108343337,after_reset,10.4136838627,22801.0338452,0.11996065337,1.07979590827,0.898767995563,0.11996065337,0.132717103084,0.0879239788145,0.143841990641,0.120963133409,0.11818961794,0.0316081765858,0.152653927813,0.166972477064,0.161022364217,0.146081504702,0.150967741935,0.150780312125,942,109,313,319,310,833
full,eps1,42,1,1,shared_reset,3.41393580072e-15,-2.98111654623e-07,-0.0146928752749,0.00342276810079,6.86452216822e-07,4,8.71195598161e-06,245.558115899,6.19437340222,3.52412120358,1.61942002223,0.00149698115711,0.0127938646789,0.00147264376997,0.00134698275862,0.00167590725806,1.87575030012e-05,after_reset,0.00326451350525,245.532170431,0.0124484636162,0.112051741129,0.898767995563,0.0124484636162,0.0365953023099,0.00843812160247,0.0145008164718,0.0135137711382,4.59609666537e-05,0.0316081765858,0.00573248407643,0.0495412844037,0.00702875399361,0.00376175548589,0.00645161290323,0,942,109,313,319,310,833
full,eps1,42,1,1,local_reset,3.30291349826e-15,-17.0718849371,-43.0119669066,21810.8125736,15.2331967511,4,0.0282437722894,824.611859185,6.19437340222,3.52317144829,2.96061356572,0.0425001658705,0.0408901949541,0.0426817092652,0.0428707876176,0.041935483871,0.0427108343337,after_reset,10.413491383,22530.5464134,0.119246987136,1.07337201962,0.898767995563,0.119246987136,0.127052445859,0.0874491247045,0.143006738877,0.120183016318,0.118187490561,0.0316081765858,0.1516985138,0.157798165138,0.158785942492,0.145768025078,0.15064516129,0.150900360144,942,109,313,319,310,833
full,eps1,42,1,1,retained,5.10702591328e-15,-51.2282219699,-131.500236585,24418.0555903,50.6855444984,10,0.0541069424786,3024.26145138,6.38994004141,3.76795243692,5.4029754212,0.040497279724,0.0413202408257,0.0403354632588,0.0404094827586,0.0407510080645,0.0403895933373,after_reset,10.4075718758,27127.6538829,0.130848175307,1.1777972221,1.0058031257,0.130848175307,0.14263490626,0.0977664899432,0.155136873877,0.132700884192,0.129226337057,0.0316081765858,0.153927813163,0.17247706422,0.155910543131,0.149529780564,0.156451612903,0.15150060024,942,109,313,319,310,833
full,eps1,42,1,1,shared_reset,4.46864767412e-15,-5.83114544493e-06,-0.037090412079,0.0156833350481,2.26700901243e-06,10,5.49056941826e-05,247.63588149,6.39106780565,3.77142742562,1.54756028444,0.00126476247346,0.010715309633,0.0010982428115,0.00111432210031,0.0015877016129,2.81362545018e-05,after_reset,0.0060697613201,247.577484417,0.0125002047242,0.11251747581,1.0058031257,0.0125002047242,0.0367465269473,0.00810456845713,0.0147376613286,0.0136010966048,0.000102968203751,0.0316081765858,0.00658174097665,0.0550458715596,0.00575079872204,0.00689655172414,0.00709677419355,0.000240096038415,942,109,313,319,310,833
full,eps1,42,1,1,local_reset,3.9135361618e-15,-44.2774297708,-120.199673647,24415.0681312,44.0563887543,10,-0.199377366433,2629.99525922,6.38990725941,3.76847134895,5.03555318013,0.0402443272293,0.0392058486239,0.0401108226837,0.0400298785266,0.0405997983871,0.0403802145858,after_reset,10.4070694988,26759.7668176,0.129957909066,1.16978371253,1.0058031257,0.129957909066,0.135479081601,0.0971467715195,0.154146549629,0.131685685277,0.12921799781,0.0316081765858,0.151910828025,0.155963302752,0.153993610224,0.14670846395,0.155161290323,0.151380552221,942,109,313,319,310,833
full,eps1,7,0,0.25,retained,3.1918911958e-15,0,0,1199.24709971,0,-1,0,0,6.42249010888,3.28069018348,0,0.0111921111996,0.0108586582569,0.0113568290735,0.010837088558,0.0113911290323,0.0112357442977,pulse,2.58570369652,1199.24709971,0.0275116027097,1,0.797979095396,0.0275116027097,0.0275188359201,0.0198618863404,0.0332261691716,0.027669879527,0.0275106560865,0.0316081765858,0.0497876857749,0.0440366972477,0.0527156549521,0.0457680250784,0.0509677419355,0.0505402160864,942,109,313,319,310,833
full,eps1,7,0,0.25,retained,4.49640324973e-15,0.0064964878898,-0.716341524852,1237.05643003,0.0181046828204,0,-0.00136487409626,14.6148431742,6.42249010888,3.34299780313,0.41015923642,0.0111464968153,0.0110020068807,0.0113568290735,0.0110575039185,0.0110257056452,0.0111654036615,before_reset,2.58533329259,1250.26695807,0.0280907238124,1.02105006781,0.820904799286,0.0280907238124,0.032288652854,0.0202923869244,0.0338778079924,0.0283022852918,0.0274940327856,0.0316081765858,0.0516985138004,0.0577981651376,0.0527156549521,0.0510971786834,0.0512903225806,0.0509003601441,942,109,313,319,310,833
full,eps1,7,0,0.25,retained,4.49640324973e-15,0.0064964878898,-0.716341524852,1237.05643003,0.0181046828204,0,-0.00136487409626,14.6148431742,6.42249010888,3.34299780313,0.41015923642,0.0111464968153,0.0110020068807,0.0113568290735,0.0110575039185,0.0110257056452,0.0111654036615,after_reset,2.58533329259,1250.26695807,0.0280907238124,1.02105006781,0.820904799286,0.0280907238124,0.032288652854,0.0202923869244,0.0338778079924,0.0283022852918,0.0274940327856,0.0316081765858,0.0516985138004,0.0577981651376,0.0527156549521,0.0510971786834,0.0512903225806,0.0509003601441,942,109,313,319,310,833
full,eps1,7,0,0.25,shared_reset,3.10862446895e-15,0,0,0,0,0,0,14.6148431742,6.42249010888,3.34299780313,0.41015923642,0.000369061836518,0.00318950688073,0.000274560702875,0.000379604231975,0.000453629032258,0,after_reset,0,14.6148431742,0.00303709678886,0.11039330645,0.820904799286,0.00303709678886,0.00892834235948,0.00208488272245,0.00368327658481,0.00311122687411,0,0.0316081765858,0.00148619957537,0.0128440366972,0.00191693290735,0.000626959247649,0.00193548387097,0,942,109,313,319,310,833
full,eps1,7,0,0.25,local_reset,4.49640324973e-15,0,0,1237.05643003,0,0,0,0,6.42249010888,3.34297156986,0,0.0110760018577,0.0103927752294,0.0113443490415,0.0110330133229,0.0108492943548,0.0111654036615,after_reset,2.58533329259,1237.05643003,0.0279419240846,1.01564145061,0.820904799286,0.0279419240846,0.0311528732483,0.0202025802649,0.0336920365033,0.028147336789,0.0274940327856,0.0316081765858,0.0504246284501,0.0467889908257,0.0523961661342,0.0498432601881,0.0490322580645,0.0509003601441,942,109,313,319,310,833
full,eps1,7,0,0.25,retained,4.09741685026e-15,-0.012375062059,-1.38240098902,1266.18197735,0.0329416079882,1,-0.000848924026158,26.9633327252,6.5682140731,3.39118829375,0.552522958942,0.0113745687367,0.0115037270642,0.011481629393,0.0115962970219,0.0110383064516,0.0113576680672,after_reset,2.5850043119,1290.38700174,0.0285378691757,1.0373030418,0.840490788115,0.0285378691757,0.0326714952895,0.0207892622757,0.0343074197545,0.028761250762,0.0279517827535,0.0316081765858,0.0445859872611,0.0449541284404,0.0466453674121,0.0413793103448,0.0458064516129,0.0445378151261,942,109,313,319,310,833
full,eps1,7,0,0.25,shared_reset,3.77475828373e-15,1.99792315564e-10,-0.000234330086534,4.14529116964e-05,5.89457128119e-10,1,2.46785589322e-07,14.7223451187,6.57205560382,3.3912063906,0.407779895817,0.000398089171975,0.00344036697248,0.000374400958466,0.000428585423197,0.000390625,0,after_reset,0.000381252425701,14.7219184059,0.00304820208682,0.110796965156,0.840490788115,0.00304820208682,0.00896097876854,0.00207545445208,0.00370362048303,0.00312570775597,4.96843240512e-06,0.0316081765858,0.00222929936306,0.0192660550459,0.000638977635783,0.0025078369906,0.00354838709677,0,942,109,313,319,310,833
full,eps1,7,0,0.25,local_reset,3.0253577421e-15,-0.0181675534152,-0.710153739082,1266.16926268,0.0139675756208,1,-0.000199200177475,11.3721006036,6.5682140731,3.3911620542,0.35911263706,0.0113704219745,0.0115037270642,0.011481629393,0.0115840517241,0.0110383064516,0.0113529786915,after_reset,2.58499221815,1276.09828988,0.0283794265881,1.03154392303,0.840490788115,0.0283794265881,0.0314570748687,0.0206928331439,0.0341094704951,0.028596872863,0.0279516483998,0.0316081765858,0.0445859872611,0.0449541284404,0.0466453674121,0.0413793103448,0.0458064516129,0.0445378151261,942,109,313,319,310,833
full,eps1,7,0,0.25,retained,3.41393580072e-15,-0.0206547142733,-3.63690929926,1358.3579063,0.0897624628841,4,-0.00326680838771,77.6709256812,6.5682140731,3.5376178829,0.912291325682,0.0109930666136,0.0117904243119,0.0111696285942,0.01121669279,0.0105846774194,0.0108887304922,after_reset,2.58405850561,1428.7969328,0.0300294105512,1.09151803579,0.897789599496,0.0300294105512,0.0343726095106,0.0219698064271,0.0357904184011,0.0305731432835,0.029413681967,0.0316081765858,0.0473460721868,0.0467889908257,0.0456869009585,0.0489028213166,0.0474193548387,0.047418967587,942,109,313,319,310,833
full,eps1,7,0,0.25,shared_reset,3.67761376907e-15,-6.73198002856e-09,-0.00119188694161,0.000322185027007,4.03004265398e-09,4,-6.60664164292e-07,14.7491204134,6.57205560382,3.53757894313,0.397663242443,0.000377355360934,0.00318950688073,0.000324480830671,0.000391849529781,0.000415826612903,9.3787515006e-06,after_reset,0.000980662391397,14.7470574937,0.00305080352547,0.11089152303,0.897789599496,0.00305080352547,0.00896855226817,0.00206503935331,0.00372937938495,0.00310882262162,1.40944962311e-05,0.0316081765858,0.00148619957537,0.0128440366972,0.00159744408946,0.00156739811912,0.00129032258065,0,942,109,313,319,310,833
full,eps1,7,0,0.25,local_reset,3.26128013484e-15,-0.0280186237787,-2.91390307786,1358.27362229,0.0674131548914,4,-0.00152629722928,58.2694016968,6.5682140731,3.53758403838,0.790238115076,0.0109267184183,0.0112170298165,0.0111321884984,0.0111187304075,0.0105216733871,0.0108887304922,after_reset,2.5839980017,1410.72354114,0.0298388794348,1.08459255354,0.897789599496,0.0298388794348,0.0329133946298,0.0218601054006,0.0355506629198,0.0303728650874,0.0294128035857,0.0316081765858,0.0474522292994,0.0477064220183,0.0453674121406,0.0492163009404,0.0477419354839,0.047418967587,942,109,313,319,310,833
full,eps1,7,0,0.25,retained,3.47291639891e-15,-0.0909488854566,-8.26538866578,1514.77858827,0.195118622493,10,-0.011745127956,186.843996852,6.5682140731,3.78622345539,1.34740597448,0.0105866839172,0.010751146789,0.0108077076677,0.0104452390282,0.0105090725806,0.0105651635654,after_reset,2.58244283991,1685.08153839,0.0326115929657,1.1853759779,1.0034175103,0.0326115929657,0.0366215510911,0.0244126730143,0.0385168246694,0.0332167690062,0.0320497816848,0.0316081765858,0.0460721868365,0.0495412844037,0.0450479233227,0.0473354231975,0.0458064516129,0.0456182472989,942,109,313,319,310,833
full,eps1,7,0,0.25,shared_reset,4.81559236931e-15,-9.10255891977e-09,-0.00265918988449,0.000873583496264,8.86074473147e-09,10,-5.50804842698e-07,15.0173822631,6.57205560382,3.78626218154,0.383062188192,0.000306860403397,0.00258027522936,0.000249600638978,0.000367358934169,0.000302419354839,9.3787515006e-06,after_reset,0.00151888704123,15.0129363559,0.00307818256956,0.111886704749,1.0034175103,0.00307818256956,0.00904887448866,0.00200463770958,0.00382752599556,0.0031080006037,2.43463092914e-05,0.0316081765858,0.00138004246285,0.0119266055046,0.00191693290735,0.000940438871473,0.00129032258065,0,942,109,313,319,310,833
full,eps1,7,0,0.25,local_reset,4.0800696155e-15,-0.0956430549328,-7.49132729558,1514.5833535,0.169100575266,10,-0.00989468403706,162.101763619,6.5682140731,3.78619389329,1.2544368728,0.0105410695329,0.0103927752294,0.0107952276358,0.0103717672414,0.0104586693548,0.0105604741897,after_reset,2.58231717862,1661.66048763,0.0323841646839,1.17710934639,1.0034175103,0.0323841646839,0.0348491219431,0.024281053423,0.0382348063054,0.032972424478,0.0320475948096,0.0316081765858,0.046178343949,0.0504587155963,0.0450479233227,0.0479623824451,0.0454838709677,0.0456182472989,942,109,313,319,310,833
full,eps1,7,0,1,retained,4.0800696155e-15,0,0,19187.9534873,0,-1,0,0,6.42249010888,3.28069018348,0,0.0452743497877,0.0447247706422,0.0453399560703,0.0452831112853,0.0451990927419,0.0453462635054,pulse,10.3428147935,19187.9534873,0.110046410529,1,0.797979095396,0.110046410529,0.110075343226,0.0794475452798,0.132904676253,0.110679517767,0.110042624055,0.0316081765858,0.17059447983,0.17247706422,0.180511182109,0.166144200627,0.165161290323,0.170348139256,942,109,313,319,310,833
full,eps1,7,0,1,retained,4.55191440096e-15,-2.34634184462,-11.066624416,19792.8911705,4.64297230274,0,-0.056850215512,234.115495059,6.42249010888,3.34290943839,1.64177718045,0.0447891786093,0.0461224197248,0.0451901956869,0.0450749412226,0.0440902217742,0.0446147208884,before_reset,10.3413392837,20004.7100049,0.112364127252,1.02106126599,0.820904799286,0.112364127252,0.129164110111,0.0811675787108,0.135512166301,0.113213131348,0.109976094868,0.0316081765858,0.175690021231,0.190825688073,0.175079872204,0.17210031348,0.18,0.173709483794,942,109,313,319,310,833
full,eps1,7,0,1,retained,4.55191440096e-15,-2.34634184462,-11.066624416,19792.8911705,4.64297230274,0,-0.056850215512,234.115495059,6.42249010888,3.34290943839,1.64177718045,0.0447891786093,0.0461224197248,0.0451901956869,0.0450749412226,0.0440902217742,0.0446147208884,after_reset,10.3413392837,20004.7100049,0.112364127252,1.02106126599,0.820904799286,0.112364127252,0.129164110111,0.0811675787108,0.135512166301,0.113213131348,0.109976094868,0.0316081765858,0.175690021231,0.190825688073,0.175079872204,0.17210031348,0.18,0.173709483794,942,109,313,319,310,833
full,eps1,7,0,1,shared_reset,3.66373598126e-15,0,0,0,0,0,0,234.115495059,6.42249010888,3.34290943839,1.64177718045,0.00154674230361,0.0133672591743,0.00143520367412,0.00157964341693,0.00162550403226,0,after_reset,0,234.115495059,0.012155606486,0.11045890936,0.820904799286,0.012155606486,0.0357345925532,0.00834760900979,0.014728955076,0.0124658991072,0,0.0316081765858,0.00764331210191,0.0660550458716,0.00607028753994,0.00689655172414,0.01,0,942,109,313,319,310,833
full,eps1,7,0,1,local_reset,3.41393580072e-15,0,0,19792.8911705,0,0,0,0,6.42249010888,3.34297156986,0,0.0444740246815,0.0433987958716,0.0449405950479,0.0448790164577,0.0435861895161,0.0446147208884,after_reset,10.3413392837,19792.8911705,0.111767663276,1.01564115303,0.820904799286,0.111767663276,0.12461148137,0.0808102805272,0.134768170492,0.112589246645,0.109976094868,0.0316081765858,0.173779193206,0.174311926606,0.173482428115,0.170532915361,0.177419354839,0.173709483794,942,109,313,319,310,833
full,eps1,7,0,1,retained,4.76702011198e-15,-5.99402598327,-21.5506140698,20259.0467035,8.48311090405,1,0.00187403462774,433.83265571,6.55909436445,3.39087620669,2.2160511912,0.0452826433121,0.045871559633,0.0453773961661,0.0456382249216,0.0448210685484,0.0452055822329,after_reset,10.3400334334,20646.2769381,0.114151711434,1.03730517775,0.840490788115,0.114151711434,0.130694783785,0.0831439656777,0.137238299947,0.115044676319,0.111806055641,0.0316081765858,0.166772823779,0.177064220183,0.172523961661,0.162382445141,0.165483870968,0.165426170468,942,109,313,319,310,833
full,eps1,7,0,1,shared_reset,3.2855662635e-15,-1.15403688612e-07,-0.00376862305966,0.000664773843808,1.5267578263e-07,1,1.37898762087e-05,235.896978724,6.57205560382,3.39111938095,1.63232880313,0.00157991640127,0.013653956422,0.00129792332268,0.00164086990596,0.00180191532258,0,after_reset,0.00152473002955,235.890133753,0.0122015903801,0.110876768461,0.840490788115,0.0122015903801,0.035869732051,0.00830975158553,0.0148135787644,0.0125246254153,1.99071744703e-05,0.0316081765858,0.00658174097665,0.056880733945,0.00447284345048,0.00689655172414,0.00838709677419,0,942,109,313,319,310,833
full,eps1,7,0,1,local_reset,4.21884749358e-15,-3.54657362274,-11.1821864721,20258.8436393,3.6159396963,1,0.0139650380405,183.955404391,6.55909436445,3.39093255971,1.44410098985,0.0449716361465,0.0431479357798,0.0451028354633,0.0453443377743,0.0444556451613,0.0452102716086,after_reset,10.339985024,20416.9853933,0.113516073858,1.03152909134,0.840490788115,0.113516073858,0.125822849387,0.0827600580121,0.136444625486,0.114382527971,0.11180552182,0.0316081765858,0.165498938429,0.166972477064,0.170607028754,0.161128526646,0.164838709677,0.165306122449,942,109,313,319,310,833
full,eps1,7,0,1,retained,3.63598040565e-15,-14.4917143771,-57.2387215012,21734.2942022,23.1227112937,4,-0.121616495281,1250.34172843,6.55909436445,3.5370854494,3.65971830161,0.0442086319002,0.0460149082569,0.045414836262,0.0436912225705,0.0435231854839,0.0439722764106,after_reset,10.3362736152,22864.0545371,0.120126321005,1.09159690378,0.897789599496,0.120126321005,0.13751854843,0.0878381470801,0.143230060261,0.122265871545,0.117660449097,0.0316081765858,0.165180467091,0.180733944954,0.164217252396,0.165517241379,0.165806451613,0.163145258103,942,109,313,319,310,833
full,eps1,7,0,1,shared_reset,3.30291349826e-15,-1.35246954112e-06,-0.0190432999757,0.00523062171823,1.04455974541e-06,4,-5.09408809221e-05,236.129396742,6.57205560382,3.53751948874,1.59122969424,0.00151771496815,0.0129730504587,0.00149760383387,0.00155515282132,0.00149949596774,1.87575030012e-05,after_reset,0.00394192626699,236.096437221,0.0122069248132,0.110925242855,0.897789599496,0.0122069248132,0.0358851125629,0.00827306841679,0.0149079698592,0.0124494657716,5.68112315336e-05,0.0316081765858,0.00615711252654,0.0504587155963,0.00447284345048,0.00595611285266,0.00806451612903,0.000360144057623,942,109,313,319,310,833
full,eps1,7,0,1,local_reset,6.30051566475e-15,-11.9394032193,-46.1149589353,21732.9266833,17.3986790548,4,-0.0322741568594,939.894321054,6.55909436445,3.53709269039,3.17320208119,0.0439598261677,0.0440080275229,0.0451153154952,0.0434830525078,0.0432837701613,0.0439535189076,after_reset,10.3360321895,22574.0464108,0.119362047423,1.08465189232,0.897789599496,0.119362047423,0.131666045095,0.0874018356293,0.142267419779,0.121460955788,0.117656879971,0.0316081765858,0.164225053079,0.17247706422,0.162619808307,0.164576802508,0.165483870968,0.163145258103,942,109,313,319,310,833
full,eps1,7,0,1,retained,4.94049245958e-15,-33.7265658925,-130.063646318,24238.2153811,50.124869269,10,-0.614936946695,2999.50936279,6.55909436445,3.78473338056,5.39773877996,0.0423425889066,0.0450831422018,0.0421949880192,0.0426258816614,0.0422001008065,0.0419839810924,after_reset,10.329858231,26959.0393149,0.13044089167,1.18532618232,1.0034175103,0.13044089167,0.146473056406,0.0975729685504,0.154144475484,0.132816257787,0.128194786642,0.0316081765858,0.157324840764,0.160550458716,0.158146964856,0.154231974922,0.159677419355,0.156902761104,942,109,313,319,310,833
full,eps1,7,0,1,shared_reset,4.38191150032e-15,-2.72322385009e-06,-0.0423749399012,0.014010443351,2.27990903914e-06,10,-4.39410569734e-05,240.408158679,6.57205560382,3.7861972372,1.5327913704,0.00126476247346,0.010715309633,0.00113568290735,0.00140820924765,0.00124747983871,2.81362545018e-05,after_reset,0.00608370960012,240.337328194,0.0123160705301,0.111917058184,1.0034175103,0.0123160705301,0.03620531568,0.00803209694232,0.0153025018368,0.012442854086,9.74869722288e-05,0.0316081765858,0.00658174097665,0.056880733945,0.00479233226837,0.00721003134796,0.00774193548387,0,942,109,313,319,310,833
full,eps1,7,0,1,local_reset,4.41313652288e-15,-30.8158461631,-118.114868629,24235.0724707,43.4864663005,10,-0.477568916556,2605.16979651,6.55909436445,3.78472827748,5.02798830741,0.0420813428875,0.0427178899083,0.0420077875399,0.0422707680251,0.0419606854839,0.0419980492197,after_reset,10.3293601992,26584.9121661,0.129532625329,1.17707269784,1.0034175103,0.129532625329,0.139395054855,0.0970494944607,0.153020179654,0.131836558749,0.128185974035,0.0316081765858,0.156369426752,0.152293577982,0.157827476038,0.152664576803,0.158709677419,0.156902761104,942,109,313,319,310,833
full,eps1,7,1,0.25,retained,3.71924713249e-15,0,0,1196.35574596,0,-1,0,0,6.42249010888,3.28069018348,0,0.0106240047771,0.0112058080808,0.0107702675719,0.0105799373041,0.0105216733871,0.0105556791222,pulse,2.58465609073,1196.35574596,0.0274784178142,1,0.797979095396,0.0274784178142,0.0274601293592,0.0199121001858,0.0331883336699,0.0275798173734,0.0274805647701,0.0316081765858,0.0478768577495,0.0484848484848,0.0434504792332,0.0498432601881,0.0503225806452,0.0478054567023,942,99,313,319,310,843
full,eps1,7,1,0.25,retained,4.88498130835e-15,0.0138886162302,-0.546767391964,1228.66755436,0.0165837804408,0,0.00307993242199,13.4593487464,6.55888973511,3.33710397933,0.393798508778,0.0108354896497,0.0110085227273,0.0110947484026,0.0107881073668,0.0106224798387,0.0108151690391,before_reset,2.58434477803,1241.0838892,0.0279873720972,1.01852196464,0.816389734912,0.0279873720972,0.0320845820712,0.0203308924832,0.0337841754615,0.0280775289372,0.0274661310432,0.0316081765858,0.0487261146497,0.0424242424242,0.0476038338658,0.0467084639498,0.051935483871,0.0494661921708,942,99,313,319,310,843
full,eps1,7,1,0.25,retained,4.88498130835e-15,0.0138886162302,-0.546767391964,1228.66755436,0.0165837804408,0,0.00307993242199,13.4593487464,6.55888973511,3.33710397933,0.393798508778,0.0108354896497,0.0110085227273,0.0110947484026,0.0107881073668,0.0106224798387,0.0108151690391,after_reset,2.58434477803,1241.0838892,0.0279873720972,1.01852196464,0.816389734912,0.0279873720972,0.0320845820712,0.0203308924832,0.0337841754615,0.0280775289372,0.0274661310432,0.0316081765858,0.0487261146497,0.0424242424242,0.0476038338658,0.0467084639498,0.051935483871,0.0494661921708,942,99,313,319,310,843
full,eps1,7,1,0.25,shared_reset,2.92821322745e-15,0,0,0,0,0,0,13.4593487464,6.55888973511,3.33710397933,0.393798508778,0.000431263269639,0.00410353535354,0.000486721246006,0.000367358934169,0.000441028225806,0,after_reset,0,13.4593487464,0.00291456386399,0.106067382907,0.816389734912,0.00291456386399,0.00899045000125,0.00215078902105,0.00351545966543,0.00290257873037,0,0.0316081765858,0.00191082802548,0.0181818181818,0.00127795527157,0.00282131661442,0.00161290322581,0,942,99,313,319,310,843
full,eps1,7,1,0.25,local_reset,4.88498130835e-15,0,0,1228.66755436,0,0,0,0,6.57071697521,3.33705407878,0,0.0107732882166,0.0104166666667,0.010994908147,0.0107391261755,0.0105846774194,0.0108151690391,after_reset,2.58434477803,1228.66755436,0.0278470213533,1.01341429268,0.816389734912,0.0278470213533,0.0309007424844,0.0202327282393,0.0336053714115,0.0279455697957,0.0274661310432,0.0316081765858,0.047983014862,0.0353535353535,0.0472843450479,0.0457680250784,0.0509677419355,0.0494661921708,942,99,313,319,310,843
full,eps1,7,1,0.25,retained,3.05311331772e-15,0.00864710983264,-1.23947143653,1261.19081196,0.0355804668778,1,0.00558924812905,29.5315811551,6.75455459027,3.38838887388,0.577300054657,0.0110138004246,0.0121527777778,0.0108451477636,0.010898315047,0.0113029233871,0.0108800415184,after_reset,2.58403722085,1288.30750343,0.0285148650774,1.03771859319,0.835581948577,0.0285148650774,0.0328513855529,0.0206221359494,0.0343596186131,0.0287492766863,0.0279614998375,0.0316081765858,0.0474522292994,0.0474747474747,0.0476038338658,0.0470219435737,0.0477419354839,0.0474495848161,942,99,313,319,310,843
full,eps1,7,1,0.25,shared_reset,3.23352455922e-15,2.93307705482e-09,-0.000454111173252,0.000114052211694,1.83758224475e-09,1,-4.5237442922e-07,13.3756551519,6.75584749947,3.38836536111,0.388697352964,0.000360768312102,0.00339330808081,0.000274560702875,0.000367358934169,0.000441028225806,4.6337485172e-06,after_reset,0.000623745626311,13.3748600847,0.00290540163532,0.105733949275,0.835581948577,0.00290540163532,0.00896215513639,0.00214797945132,0.00351675632521,0.00287501983022,8.26718202794e-06,0.0316081765858,0.00116772823779,0.010101010101,0.00191693290735,0.000626959247649,0.000967741935484,0.00011862396204,942,99,313,319,310,843
full,eps1,7,1,0.25,local_reset,3.06699110553e-15,-0.0053485003798,-0.673465443656,1261.15778023,0.0174250890669,1,0.001877923189,14.4714698995,6.76517019554,3.38833452551,0.403891418691,0.0109391587049,0.0114820075758,0.0109449880192,0.0106778996865,0.0112021169355,0.0108754077699,after_reset,2.58401387813,1274.29280318,0.0283593431767,1.03205880952,0.835581948577,0.0283593431767,0.0315470120758,0.0205161220055,0.0341578689605,0.0286054382674,0.0279611560392,0.0316081765858,0.0474522292994,0.0474747474747,0.0479233226837,0.0473354231975,0.0470967741935,0.0474495848161,942,99,313,319,310,843
full,eps1,7,1,0.25,retained,4.38538094727e-15,-0.0257177982424,-3.83834375329,1362.00830481,0.0989279922672,4,0.00900446719551,86.2562230703,6.75455459027,3.55093165667,0.96006302184,0.0111962579618,0.0110874368687,0.0113069089457,0.0114983346395,0.0107736895161,0.0112090376631,after_reset,2.58298814157,1440.6533417,0.0301537478131,1.09736113691,0.897350038777,0.0301537478131,0.0343143202975,0.0221961984656,0.0360431268094,0.0304742551338,0.0296268270873,0.0316081765858,0.0474522292994,0.0434343434343,0.0463258785942,0.0479623824451,0.048064516129,0.0479240806643,942,99,313,319,310,843
full,eps1,7,1,0.25,shared_reset,4.66293670343e-15,2.81353859872e-09,-0.00151897725707,0.000375028001266,4.39327619234e-09,4,-3.80224708306e-07,13.3961132536,6.75584749947,3.55086502772,0.378612216487,0.000286126592357,0.00268308080808,0.00022464057508,0.000416340125392,0.000214213709677,4.6337485172e-06,after_reset,0.001048807119,13.3934495766,0.00290742001855,0.105807402675,0.897350038777,0.00290742001855,0.00896830172788,0.00209374118938,0.00355686952085,0.00287083561883,1.53536553022e-05,0.0316081765858,0.00138004246285,0.0131313131313,0.00191693290735,0.000940438871473,0.00129032258065,0,942,99,313,319,310,843
full,eps1,7,1,0.25,local_reset,3.63598040565e-15,-0.0373217020607,-3.27638741937,1361.91419919,0.0786414450581,4,0.00515871528736,68.5156614359,6.76517019554,3.55088291395,0.8552428745,0.0111257630042,0.0104166666667,0.011219548722,0.0113881269592,0.0107610887097,0.0112090376631,after_reset,2.58292362732,1423.89140126,0.0299778157879,1.09095858395,0.897350038777,0.0299778157879,0.0328228189769,0.022061148322,0.0358236276231,0.0303117301069,0.0296257839677,0.0316081765858,0.0468152866242,0.0373737373737,0.0453674121406,0.0473354231975,0.0477419354839,0.0479240806643,942,99,313,319,310,843
full,eps1,7,1,0.25,retained,4.0800696155e-15,-0.157456742128,-8.21200175929,1524.09728973,0.218700511476,10,0.0303187566928,209.756172934,6.75455459027,3.80408693112,1.42597141012,0.0104125199045,0.0102588383838,0.0108201876997,0.010335031348,0.0100806451613,0.0104305679122,after_reset,2.58139421591,1717.39388368,0.0329227806737,1.19813232684,1.00730004291,0.0329227806737,0.0371830786809,0.0248746922482,0.0388050695012,0.0334573887857,0.0323857089646,0.0316081765858,0.0440552016985,0.0484848484848,0.0437699680511,0.0460815047022,0.0422580645161,0.0435349940688,942,99,313,319,310,843
full,eps1,7,1,0.25,shared_reset,4.91273688397e-15,7.57934012164e-09,-0.00302876997154,0.0010846900229,1.11270957789e-08,10,-2.61922900104e-06,13.2594304263,6.75584749947,3.80410517846,0.359455361745,0.000290273354565,0.00268308080808,0.000249600638978,0.000367358934169,0.000252016129032,9.2674970344e-06,after_reset,0.0017172997672,13.2544523642,0.00289229407024,0.105256936181,1.00730004291,0.00289229407024,0.00892140394762,0.0020001448243,0.00361357042735,0.00281844454318,2.71288851106e-05,0.0316081765858,0.00148619957537,0.0141414141414,0.00127795527157,0.0025078369906,0.000645161290323,0,942,99,313,319,310,843
full,eps1,7,1,0.25,local_reset,3.80251385934e-15,-0.167731149739,-7.65875681175,1523.86207384,0.193825096687,10,0.0242769288424,185.945694621,6.76517019554,3.80402939547,1.34200992175,0.010383492569,0.00998263888889,0.0107078674121,0.0103105407524,0.0101310483871,0.0104305679122,after_reset,2.58124598467,1694.3971715,0.0327016120283,1.19008351388,1.00730004291,0.0327016120283,0.0352986806552,0.0247072185703,0.0385344280852,0.0332447865375,0.0323829547743,0.0316081765858,0.0440552016985,0.0474747474747,0.0437699680511,0.0454545454545,0.0429032258065,0.0436536180308,942,99,313,319,310,843
full,eps1,7,1,1,retained,3.71924713249e-15,0,0,19141.6920195,0,-1,0,0,6.42249010888,3.28069018348,0,0.044104962845,0.0453361742424,0.0453025159744,0.0435565242947,0.0434601814516,0.0439603721827,pulse,10.3386243565,19141.6920195,0.109913671499,1,0.797979095396,0.109913671499,0.109840517444,0.0796484012383,0.132753334857,0.110319269645,0.10992225935,0.0316081765858,0.169426751592,0.165656565657,0.174440894569,0.16144200627,0.172580645161,0.169869513642,942,99,313,319,310,843
full,eps1,7,1,1,retained,4.92661467177e-15,-1.40286993523,-8.92164581849,19658.7959534,4.29880228718,0,0.210250018564,218.263759543,6.5256085079,3.33713716903,1.58574513469,0.0436695528132,0.0458491161616,0.0449905151757,0.043029976489,0.0429939516129,0.0434135898577,before_reset,10.3373860148,19861.1299838,0.111960164974,1.01861909849,0.816389734912,0.111960164974,0.128424593065,0.0813189529727,0.135161936285,0.112314583791,0.109864843373,0.0316081765858,0.164968152866,0.166666666667,0.167731629393,0.163322884013,0.163870967742,0.164768683274,942,99,313,319,310,843
full,eps1,7,1,1,retained,4.92661467177e-15,-1.40286993523,-8.92164581849,19658.7959534,4.29880228718,0,0.210250018564,218.263759543,6.5256085079,3.33713716903,1.58574513469,0.0436695528132,0.0458491161616,0.0449905151757,0.043029976489,0.0429939516129,0.0434135898577,after_reset,10.3373860148,19861.1299838,0.111960164974,1.01861909849,0.816389734912,0.111960164974,0.128424593065,0.0813189529727,0.135161936285,0.112314583791,0.109864843373,0.0316081765858,0.164968152866,0.166666666667,0.167731629393,0.163322884013,0.163870967742,0.164768683274,942,99,313,319,310,843
full,eps1,7,1,1,shared_reset,2.53269627493e-15,0,0,0,0,0,0,218.263759543,6.5256085079,3.33713716903,1.58574513469,0.00142233943737,0.0135337752525,0.00138528354633,0.00154290752351,0.00133568548387,0,after_reset,0,218.263759543,0.01173687201,0.106782639957,0.816389734912,0.01173687201,0.0362043056531,0.0085875738956,0.0142420650473,0.0116365629164,0,0.0316081765858,0.00594479830149,0.0565656565657,0.00511182108626,0.00689655172414,0.0058064516129,0,942,99,313,319,310,843
full,eps1,7,1,1,local_reset,4.92661467177e-15,0,0,19658.7959534,0,0,0,0,6.57071697521,3.33705407878,0,0.0434912420382,0.0441524621212,0.0446909944089,0.0429809952978,0.0428049395161,0.0434135898577,after_reset,10.3373860148,19658.7959534,0.111388411451,1.01341725676,0.816389734912,0.111388411451,0.123603349724,0.0809313671938,0.134421744612,0.111782613916,0.109864843373,0.0316081765858,0.164331210191,0.160606060606,0.168690095847,0.160188087774,0.164193548387,0.164768683274,942,99,313,319,310,843
full,eps1,7,1,1,retained,4.01068067646e-15,-4.24935878753,-19.625577257,20179.2584166,9.20966737077,1,0.414135721375,477.998399849,6.72110118642,3.38839567729,2.32248186493,0.0438976247346,0.0470722853535,0.0440919528754,0.0435932601881,0.0440146169355,0.0435247998221,after_reset,10.3361665208,20619.5448832,0.114077787738,1.03788533476,0.835581948577,0.114077787738,0.131481972751,0.0824826433986,0.137490005913,0.114993234387,0.111856337029,0.0316081765858,0.16135881104,0.172727272727,0.158785942492,0.157053291536,0.168387096774,0.160023724792,942,99,313,319,310,843
full,eps1,7,1,1,shared_reset,4.16333634234e-15,-1.62641336208e-07,-0.00713499772725,0.00175656324058,4.65867704962e-07,1,-3.44769559489e-05,217.219921094,6.72559198961,3.38840811893,1.56617129214,0.00144307324841,0.0136126893939,0.00122304313099,0.00165311520376,0.00144909274194,1.39012455516e-05,after_reset,0.00245810093115,217.207338848,0.0117084336789,0.106523906619,0.835581948577,0.0117084336789,0.0361164585583,0.0085743303796,0.0142622115122,0.0115335207939,3.24850242554e-05,0.0316081765858,0.00594479830149,0.0555555555556,0.00607028753994,0.00532915360502,0.00645161290323,0.00011862396204,942,99,313,319,310,843
full,eps1,7,1,1,local_reset,3.03923552991e-15,-2.75903748679,-10.4112993938,20178.7010892,4.50734113016,1,0.166365072759,233.893228746,6.76192417963,3.38828515572,1.62399384797,0.0436322319533,0.0445075757576,0.0438922723642,0.0434340713166,0.0435735887097,0.0435294335706,after_reset,10.3360716734,20391.0937154,0.113444073659,1.03211977284,0.835581948577,0.113444073659,0.126167931011,0.0820616338723,0.136656591103,0.114413143457,0.111854883737,0.0316081765858,0.159978768577,0.159595959596,0.157827476038,0.155172413793,0.167096774194,0.160023724792,942,99,313,319,310,843
full,eps1,7,1,1,retained,3.77475828373e-15,-15.2732625602,-60.7903681871,21792.7495741,25.4387205881,4,0.69535939283,1386.80178752,6.72110118642,3.55056803323,3.84909832019,0.0435824708068,0.044310290404,0.0435053913738,0.0446586010972,0.0425529233871,0.043496997331,after_reset,10.3319906028,23054.2535395,0.120624933069,1.09745158564,0.897350038777,0.120624933069,0.137355522079,0.0887363712674,0.1442545814,0.121862591029,0.118505248384,0.0316081765858,0.162208067941,0.161616161616,0.163897763578,0.166457680251,0.156129032258,0.162277580071,942,99,313,319,310,843
full,eps1,7,1,1,shared_reset,4.05231403988e-15,-5.14657412892e-07,-0.0239401448926,0.00594166833509,1.13503410071e-06,4,-3.83283176959e-05,217.676199874,6.72559198961,3.55089170014,1.52605764997,0.00130623009554,0.0121922348485,0.00108576277955,0.0017388322884,0.00108366935484,2.78024911032e-05,after_reset,0.00418971692648,217.634184701,0.0117199324696,0.106628523184,0.897350038777,0.0117199324696,0.0361516127082,0.00835979859169,0.0144230025293,0.0115222636252,6.11346076141e-05,0.0316081765858,0.00615711252654,0.0575757575758,0.00670926517572,0.00595611285266,0.0058064516129,0.00011862396204,942,99,313,319,310,843
full,eps1,7,1,1,local_reset,3.53883589099e-15,-13.5051597102,-51.4985217512,21791.2270326,20.2065259797,4,0.457969665633,1100.50248291,6.76192417963,3.55045985551,3.42717416929,0.0432092622081,0.0408380681818,0.0430685902556,0.0441565438871,0.0423765120968,0.0434877298339,after_reset,10.3317332683,22782.8446179,0.1199127953,1.09097252112,0.897350038777,0.1199127953,0.131320640516,0.0881999378815,0.143352559586,0.121213716385,0.118501047205,0.0316081765858,0.16050955414,0.147474747475,0.161341853035,0.165203761755,0.154838709677,0.162040332147,942,99,313,319,310,843
full,eps1,7,1,1,retained,4.61349708436e-15,-39.5164564563,-129.921969485,24387.5544736,56.2299454038,10,2.02346592771,3369.21934567,6.72110118642,3.80282151767,5.71511326841,0.0422181860403,0.044586489899,0.0428689097444,0.0427728252351,0.0409904233871,0.0419400578292,after_reset,10.3256652725,27478.1738447,0.131690815266,1.19812952721,1.00730004291,0.131690815266,0.148788006112,0.0994082728726,0.15535429378,0.133736487259,0.12953497589,0.0316081765858,0.151910828025,0.152525252525,0.147603833866,0.152351097179,0.155806451613,0.151838671412,942,99,313,319,310,843
full,eps1,7,1,1,shared_reset,6.27276008913e-15,-1.51672655555e-06,-0.0477254458508,0.0173483090167,2.89732271075e-06,10,-0.000197282509341,215.228715603,6.72559198961,3.80415619798,1.448230694,0.00112791932059,0.010377209596,0.00116064297125,0.00132249216301,0.000894657258065,4.17037366548e-05,after_reset,0.0068842061379,215.15021832,0.0116528578441,0.106018274935,1.00730004291,0.0116528578441,0.035943754397,0.00797210762463,0.0146387226637,0.0113110790231,0.000108553716223,0.0316081765858,0.00488322717622,0.0454545454545,0.00447284345048,0.00595611285266,0.0041935483871,0.00011862396204,942,99,313,319,310,843
full,eps1,7,1,1,local_reset,4.17027523625e-15,-37.4271473231,-120.84165243,24383.6922463,49.830646577,10,1.68577820895,2986.32047093,6.76192417963,3.80264773295,5.37819242393,0.0419942608811,0.0424163510101,0.0426068290735,0.04246669279,0.0408896169355,0.0419446915777,after_reset,10.3250722578,27106.6773207,0.130797576097,1.19000279323,1.00730004291,0.130797576097,0.141179589352,0.0987394371596,0.154249713096,0.132886038225,0.129523744836,0.0316081765858,0.151380042463,0.147474747475,0.147923322684,0.152351097179,0.153870967742,0.151838671412,942,99,313,319,310,843
full,eps1,99,0,0.25,retained,3.17107451409e-15,0,0,1221.90992986,0,-1,0,0,5.95362331954,3.29997895005,0,0.010901837845,0.0107046274038,0.0106329872204,0.010775862069,0.0113029233871,0.0109263126492,pulse,2.59560155455,1221.90992986,0.0277703369921,1,0.799407769702,0.0277703369921,0.0272248916219,0.0194208949528,0.033461855248,0.0284675810637,0.0278372840162,0.0316081765858,0.0458598726115,0.0432692307692,0.041214057508,0.0457680250784,0.0506451612903,0.0461813842482,942,104,313,319,310,838
full,eps1,99,0,0.25,retained,3.49720252757e-15,-0.010380029334,-0.463573512405,1254.81906918,0.017028202183,0,-0.000334142581505,13.6344083042,5.99875935698,3.35525572287,0.397032840455,0.0105618033439,0.0104417067308,0.00983426517572,0.0111922021944,0.0106476814516,0.0105767079356,before_reset,2.59523614178,1267.52193032,0.0282839000546,1.018493224,0.819762301553,0.0282839000546,0.0317586612886,0.0198693643416,0.0339314680015,0.0291122153132,0.0278224105944,0.0316081765858,0.0503184713376,0.0442307692308,0.0533546325879,0.0495297805643,0.048064516129,0.0510739856802,942,104,313,319,310,838
full,eps1,99,0,0.25,retained,3.49720252757e-15,-0.010380029334,-0.463573512405,1254.81906918,0.017028202183,0,-0.000334142581505,13.6344083042,5.99875935698,3.35525572287,0.397032840455,0.0105618033439,0.0104417067308,0.00983426517572,0.0111922021944,0.0106476814516,0.0105767079356,after_reset,2.59523614178,1267.52193032,0.0282839000546,1.018493224,0.819762301553,0.0282839000546,0.0317586612886,0.0198693643416,0.0339314680015,0.0291122153132,0.0278224105944,0.0316081765858,0.0503184713376,0.0442307692308,0.0533546325879,0.0495297805643,0.048064516129,0.0510739856802,942,104,313,319,310,838
full,eps1,99,0,0.25,shared_reset,2.27595720048e-15,0,0,0,0,0,0,13.6344083042,5.99875935698,3.35525572287,0.397032840455,0.00036491507431,0.00330528846154,0.000349440894569,0.00019592476489,0.000554435483871,0,after_reset,0,13.6344083042,0.00293345682518,0.105632741368,0.819762301553,0.00293345682518,0.00882853173304,0.00215024736317,0.0031627798021,0.00334465415191,0,0.0316081765858,0.0015923566879,0.0144230769231,0.00127795527157,0.000940438871473,0.00258064516129,0,942,104,313,319,310,838
full,eps1,99,0,0.25,local_reset,3.49720252757e-15,0,0,1254.81906918,0,0,0,0,5.99303088692,3.35529161297,0,0.0104581342887,0.00950270432692,0.00972194488818,0.0111309757053,0.0105090725806,0.0105767079356,after_reset,2.59523614178,1254.81906918,0.0281418152669,1.01337680111,0.819762301553,0.0281418152669,0.0305940339272,0.0197680484053,0.0337892381185,0.0289331183556,0.0278224105944,0.0316081765858,0.0501061571125,0.0423076923077,0.0523961661342,0.0498432601881,0.048064516129,0.0510739856802,942,104,313,319,310,838
full,eps1,99,0,0.25,retained,4.16333634234e-15,-0.0180126243153,-1.0535135955,1278.64342864,0.0302766332757,1,0.00136712675934,24.76633423,5.99875935698,3.3922000648,0.529040825439,0.0106737659236,0.0107421875,0.0106579472843,0.0112289380878,0.0101184475806,0.010665274463,after_reset,2.59499664567,1301.29972132,0.0286582865799,1.03197475018,0.836484656213,0.0286582865799,0.0321914087541,0.0202565707793,0.0343993933825,0.0293889788446,0.0281889362458,0.0316081765858,0.0480891719745,0.0461538461538,0.0523961661342,0.0454545454545,0.0464516129032,0.0483293556086,942,104,313,319,310,838
full,eps1,99,0,0.25,shared_reset,3.71924713249e-15,-2.61465185542e-09,-0.000302641411392,8.87942436617e-05,7.975029965e-10,1,6.39380138216e-07,13.6442640666,5.99875935698,3.39220762258,0.393095295321,0.000356621549894,0.00319260817308,0.00044928115016,0.000257151253918,0.000365423387097,4.66139618138e-06,after_reset,0.000474987864741,13.6437488523,0.00293446146737,0.105668918177,0.836484656213,0.00293446146737,0.00883153097622,0.0021441983383,0.00317294195001,0.00334134701898,7.30265565156e-06,0.0316081765858,0.0015923566879,0.0144230769231,0.00127795527157,0.000626959247649,0.00290322580645,0,942,104,313,319,310,838
full,eps1,99,0,0.25,local_reset,3.33760796778e-15,-0.00822879164567,-0.57860131708,1278.62619586,0.0123548047501,1,0.00121288076982,10.0862162675,5.99303088692,3.39223373943,0.337355281785,0.0106571788747,0.0105919471154,0.0106579472843,0.01121669279,0.0100806451613,0.010665274463,after_reset,2.59498253146,1287.55353248,0.0285065198157,1.02650968275,0.836484656213,0.0285065198157,0.0309481252786,0.0201479691487,0.0342519920852,0.0291923387749,0.0281887565259,0.0316081765858,0.0474522292994,0.0403846153846,0.0520766773163,0.0454545454545,0.0448387096774,0.0483293556086,942,104,313,319,310,838
full,eps1,99,0,0.25,retained,3.5527136788e-15,-0.0984930564551,-2.94172387581,1370.65218364,0.0874075624884,4,0.001960730344,75.1754533081,6.19647405966,3.53302043988,0.899124889528,0.0103544652335,0.0107046274038,0.0103459464856,0.0105676920063,0.0101436491935,0.0103110083532,after_reset,2.59405872858,1439.83853211,0.0301452193777,1.08551867362,0.893315766071,0.0301452193777,0.033834168977,0.0216317355707,0.036008072027,0.0308981435249,0.0296554108235,0.0316081765858,0.0467091295117,0.0490384615385,0.044089456869,0.0476489028213,0.0483870967742,0.0464200477327,942,104,313,319,310,838
full,eps1,99,0,0.25,shared_reset,3.9933334417e-15,-1.5437679142e-08,-0.00113137692878,0.000368733382188,4.30740424092e-09,4,-2.42050830196e-07,13.5151843779,6.19693521613,3.53321373581,0.380727376801,0.000302713641189,0.00274188701923,0.000237120607029,0.000220415360502,0.000453629032258,0,after_reset,0.00105099072811,13.5132898468,0.00292039838029,0.105162511392,0.893315766071,0.00292039838029,0.00878912606109,0.0020735532623,0.00318942292036,0.00333276838747,1.5133123285e-05,0.0316081765858,0.00127388535032,0.0115384615385,0.000958466453674,0.0012539184953,0.00161290322581,0,942,104,313,319,310,838
full,eps1,99,0,0.25,local_reset,3.99680288865e-15,-0.087301314273,-2.42441011865,1370.55459304,0.0659718332372,4,0.00268611431328,56.7961026388,6.19618511006,3.53305622488,0.781289788712,0.0102798235138,0.00999098557692,0.0102211461661,0.0105676920063,0.0100428427419,0.0103156697494,after_reset,2.5939872199,1422.39861687,0.029962097542,1.07892452117,0.893315766071,0.029962097542,0.0323351025995,0.0214945821998,0.035827263834,0.0306689740954,0.0296543529727,0.0316081765858,0.0467091295117,0.0490384615385,0.0450479233227,0.0473354231975,0.0477419354839,0.0464200477327,942,104,313,319,310,838
full,eps1,99,0,0.25,retained,5.6829541073e-15,-0.170409576093,-6.12735086443,1529.44181518,0.202303123709,10,0.0132096148605,193.508950911,6.42535471712,3.77631400979,1.37054001756,0.00998125663482,0.0112680288462,0.00972194488818,0.010457484326,0.00975302419355,0.00982156175418,after_reset,2.59248321385,1710.58396757,0.0328574421184,1.18318485396,0.99924279771,0.0328574421184,0.0365745193678,0.0243312043859,0.0386220853004,0.0338809300198,0.0323663712683,0.0316081765858,0.0420382165605,0.0413461538462,0.0453674121406,0.0382445141066,0.0425806451613,0.0421241050119,942,104,313,319,310,838
full,eps1,99,0,0.25,shared_reset,3.7331249203e-15,-4.51423880412e-08,-0.00229011758894,0.000959821329832,9.40405531661e-09,10,-9.04925515135e-07,13.5650097147,6.41592268344,3.77657927257,0.36303711395,0.000290273354565,0.00251652644231,0.000249600638978,0.000208170062696,0.000415826612903,1.39841885442e-05,after_reset,0.00161643990608,13.5613874101,0.0029255910196,0.105349496494,0.99924279771,0.0029255910196,0.00880454926865,0.00206175553645,0.00325011087055,0.00329343285094,2.60089261376e-05,0.0316081765858,0.00191082802548,0.0173076923077,0.00255591054313,0.00219435736677,0.000967741935484,0,942,104,313,319,310,838
full,eps1,99,0,0.25,local_reset,4.94049245958e-15,-0.15616239951,-5.68090444159,1529.23011532,0.17668755162,10,0.0129017481054,169.237831849,6.42535360689,3.77634834884,1.28100888409,0.00990246815287,0.0105543870192,0.00967202476038,0.0103595219436,0.00966481854839,0.00982156175418,after_reset,2.59234045478,1686.99630453,0.0326301160591,1.17499892307,0.99924279771,0.0326301160591,0.0347017403315,0.0241704461544,0.038400358308,0.0335875917936,0.0323637686945,0.0316081765858,0.0416135881104,0.0365384615385,0.0444089456869,0.0385579937304,0.041935483871,0.0422434367542,942,104,313,319,310,838
full,eps1,99,0,1,retained,2.91433543964e-15,0,0,19550.5588379,0,-1,0,0,5.95362331954,3.29997895005,0,0.0427323845541,0.0439828725962,0.041021865016,0.0435075431034,0.0436617943548,0.0425771927208,pulse,10.3824062212,19550.5588379,0.111081347855,1,0.799407769702,0.111081347855,0.108899566129,0.0776835798279,0.133847420763,0.113870324185,0.111349135981,0.0316081765858,0.170700636943,0.171153846154,0.169968051118,0.170532915361,0.171612903226,0.170644391408,942,104,313,319,310,838
full,eps1,99,0,1,retained,3.69149155688e-15,-3.4797148343,-7.36394229982,20077.2271062,4.37928994691,0,-0.00134071020357,219.185968499,6.01630034526,3.3549501231,1.59189387412,0.0425913946391,0.0439453125,0.0406349840256,0.0433973354232,0.0437373991935,0.0424233666468,before_reset,10.380952161,20279.1023689,0.11313211769,1.01846187388,0.819762301553,0.11313211769,0.127004192823,0.07945405094,0.135734592079,0.116444248347,0.111289976232,0.0316081765858,0.167834394904,0.169230769231,0.164217252396,0.170846394984,0.168387096774,0.167661097852,942,104,313,319,310,838
full,eps1,99,0,1,retained,3.69149155688e-15,-3.4797148343,-7.36394229982,20077.2271062,4.37928994691,0,-0.00134071020357,219.185968499,6.01630034526,3.3549501231,1.59189387412,0.0425913946391,0.0439453125,0.0406349840256,0.0433973354232,0.0437373991935,0.0424233666468,after_reset,10.380952161,20279.1023689,0.11313211769,1.01846187388,0.819762301553,0.11313211769,0.127004192823,0.07945405094,0.135734592079,0.116444248347,0.111289976232,0.0316081765858,0.167834394904,0.169230769231,0.164217252396,0.170846394984,0.168387096774,0.167661097852,942,104,313,319,310,838
full,eps1,99,0,1,shared_reset,2.38697950294e-15,0,0,0,0,0,0,219.185968499,6.01630034526,3.3549501231,1.59189387412,0.00140575238854,0.0127328725962,0.00147264376997,0.00095513322884,0.00180191532258,0,after_reset,0,219.185968499,0.0117616412144,0.105883133771,0.819762301553,0.0117616412144,0.0353978356874,0.00865500738983,0.0126469632624,0.0134216324561,0,0.0316081765858,0.00583864118896,0.0528846153846,0.00511182108626,0.00313479623824,0.00935483870968,0,942,104,313,319,310,838
full,eps1,99,0,1,local_reset,3.69149155688e-15,0,0,20077.2271062,0,0,0,0,5.99303088692,3.35529161297,0,0.0423550291932,0.0418043870192,0.0401233027157,0.0432993730408,0.0436365927419,0.0424233666468,after_reset,10.380952161,20077.2271062,0.112567603076,1.01337988105,0.819762301553,0.112567603076,0.122376538831,0.079072646565,0.135157198298,0.115732876386,0.111289976232,0.0316081765858,0.166772823779,0.159615384615,0.162300319489,0.171786833856,0.166129032258,0.167661097852,942,104,313,319,310,838
full,eps1,99,0,1,retained,3.35842464949e-15,-5.71511128066,-16.5600108606,20458.4884934,7.75379157961,1,0.126830878849,396.786709022,6.01630034526,3.39178402143,2.11707550204,0.0419444997346,0.0421799879808,0.040759784345,0.0438871473354,0.0411416330645,0.041915274463,after_reset,10.3799965448,20818.7324115,0.114627466688,1.03192362085,0.836484656213,0.114627466688,0.128726906446,0.0809906128963,0.137608718034,0.117550480704,0.112754742368,0.0316081765858,0.167197452229,0.160576923077,0.170926517572,0.164576802508,0.166129032258,0.168019093079,942,104,313,319,310,838
full,eps1,99,0,1,shared_reset,3.94129173742e-15,-3.49020777566e-07,-0.00497960428993,0.00145393093439,2.09033014161e-07,1,3.73029971672e-05,219.212562572,6.01630034526,3.3919112766,1.5757139099,0.00137257829087,0.0123197115385,0.00146016373802,0.00112656739812,0.0015372983871,1.39841885442e-05,after_reset,0.00191541172782,219.204131412,0.0117621285203,0.105887520699,0.836484656213,0.0117621285203,0.0353992028502,0.00863161430339,0.0126800575433,0.0134060000902,2.95578013767e-05,0.0316081765858,0.00573248407643,0.0519230769231,0.00447284345048,0.00376175548589,0.00903225806452,0,942,104,313,319,310,838
full,eps1,99,0,1,local_reset,3.71924713249e-15,-2.24006364121,-9.00225727685,20458.2046532,3.14685547026,1,0.10362030331,160.990127784,6.0074787304,3.3921063005,1.34680700792,0.0417164278132,0.0401141826923,0.0404727436102,0.0436912225705,0.0409400201613,0.041915274463,after_reset,10.3799388928,20600.0642352,0.114023886588,1.02648994444,0.836484656213,0.114023886588,0.123781726418,0.0805802631607,0.137010156593,0.116768299048,0.112754001568,0.0316081765858,0.167091295117,0.159615384615,0.1696485623,0.166144200627,0.165483870968,0.168019093079,942,104,313,319,310,838
full,eps1,99,0,1,retained,4.41313652288e-15,-19.2361762355,-46.9032333689,21931.3465191,22.4282405402,4,0.215331123535,1206.14757706,6.18972815624,3.5315817027,3.60052296918,0.0413971271231,0.0443584735577,0.040273063099,0.04246669279,0.0414314516129,0.0410296091885,after_reset,10.3762888882,23028.0741797,0.120556425527,1.08529854791,0.893315766071,0.120556425527,0.135278535109,0.0864295447613,0.144043210734,0.12357579834,0.11860193445,0.0316081765858,0.168789808917,0.169230769231,0.173162939297,0.167398119122,0.165806451613,0.168735083532,942,104,313,319,310,838
full,eps1,99,0,1,shared_reset,4.12864187282e-15,-1.99525923648e-06,-0.0183786945938,0.00599144422832,1.11854948249e-06,4,-4.02047597158e-05,217.138225426,6.19470586313,3.53290817823,1.52606429235,0.00124817542463,0.0111929086538,0.0011481629393,0.000942887931034,0.00166330645161,1.39841885442e-05,after_reset,0.0042204876047,217.107376199,0.011705739155,0.10537988043,0.893315766071,0.011705739155,0.0352291673371,0.00834781386749,0.0127440046467,0.0133750515761,6.09982728869e-05,0.0316081765858,0.00498938428875,0.0451923076923,0.00479233226837,0.00532915360502,0.00483870967742,0,942,104,313,319,310,838
full,eps1,99,0,1,local_reset,5.07927033766e-15,-15.4970363742,-38.5996106702,21929.6851045,16.9253906221,4,0.272595883449,911.304314995,6.19049044648,3.53188664761,3.12849044896,0.0410405055732,0.0411658653846,0.0399735423323,0.0420748432602,0.0410534274194,0.0410249477924,after_reset,10.3759998964,22750.2667078,0.119827031081,1.07873223898,0.893315766071,0.119827031081,0.129308654863,0.0858975316943,0.143316216395,0.122661032836,0.11859745011,0.0316081765858,0.167834394904,0.160576923077,0.170607028754,0.167084639498,0.165806451613,0.168735083532,942,104,313,319,310,838
full,eps1,99,0,1,retained,4.62130334e-15,-39.7517125482,-97.811431966,24473.2168854,51.8146456812,10,0.99697235769,3097.59350883,6.4509787264,3.77390828547,5.48310234777,0.0405926552548,0.0425555889423,0.0396241014377,0.0416952390282,0.0404359879032,0.0403490453461,after_reset,10.370028955,27349.4926956,0.131382097301,1.18275569966,0.99924279771,0.131382097301,0.146211066096,0.097159570022,0.154495977698,0.135494018666,0.12942328652,0.0316081765858,0.162314225053,0.174038461538,0.168690095847,0.154858934169,0.163548387097,0.160859188544,942,104,313,319,310,838
full,eps1,99,0,1,shared_reset,4.30211422042e-15,-5.21356516464e-06,-0.0370523494309,0.0155508006667,2.44304990818e-06,10,-8.77898890456e-05,217.850833923,6.41592633975,3.77628568015,1.45512862153,0.00128964304671,0.0113055889423,0.00103584265176,0.00118779388715,0.00165070564516,4.66139618138e-05,after_reset,0.00648648268753,217.792096461,0.0117241835931,0.105545924851,0.99924279771,0.0117241835931,0.0352838520587,0.00829879152309,0.0129785686527,0.0132219659187,0.000104679051929,0.0316081765858,0.00552016985138,0.0471153846154,0.00638977635783,0.00532915360502,0.00483870967742,0.00035799522673,942,104,313,319,310,838
full,eps1,99,0,1,local_reset,3.7261860264e-15,-35.5986728118,-90.5900523554,24469.6820007,45.2785946736,10,1.02049871867,2710.70305286,6.45097104993,3.77417747639,5.12637243451,0.0403645833333,0.0404522235577,0.0392372204473,0.0417197296238,0.0401083669355,0.0403537067422,after_reset,10.3694564699,26975.3271953,0.130480290048,1.1746372597,0.99924279771,0.130480290048,0.138784471726,0.0965307393986,0.153616371062,0.13432387219,0.12941253559,0.0316081765858,0.161252653928,0.165384615385,0.167731629393,0.15329153605,0.162903225806,0.160739856802,942,104,313,319,310,838
full,eps1,99,1,0.25,retained,3.83720832886e-15,0,0,1216.04113273,0,-1,0,0,5.95362331954,3.29997895005,0,0.0113082205414,0.0115201271186,0.0111945886581,0.0116207876176,0.0111013104839,0.0112778746966,pulse,2.58434133947,1216.04113273,0.0277035666694,1,0.799407769702,0.0277035666694,0.0278760193272,0.0194339131698,0.0333108146139,0.0284431930661,0.0276787828281,0.0316081765858,0.0445859872611,0.0491525423729,0.0434504792332,0.0454545454545,0.0448387096774,0.043932038835,942,118,313,319,310,824
full,eps1,99,1,0.25,retained,3.92741394961e-15,-0.0290578995734,-0.67253392043,1254.93718518,0.0210568298411,0,0.00365001707668,16.9059544465,6.04126238686,3.36137026161,0.443583662568,0.0111050291932,0.0124801377119,0.0108701078275,0.0110452586207,0.0114037298387,0.0109081083131,before_reset,2.5839482119,1270.46831285,0.0283167542462,1.02213388565,0.820925683377,0.0283167542462,0.0325204906545,0.0199113887886,0.0340418764369,0.0290475664157,0.0276625211088,0.0316081765858,0.046178343949,0.0457627118644,0.0488817891374,0.0476489028213,0.041935483871,0.0462378640777,942,118,313,319,310,824
full,eps1,99,1,0.25,retained,3.92741394961e-15,-0.0290578995734,-0.67253392043,1254.93718518,0.0210568298411,0,0.00365001707668,16.9059544465,6.04126238686,3.36137026161,0.443583662568,0.0111050291932,0.0124801377119,0.0108701078275,0.0110452586207,0.0114037298387,0.0109081083131,after_reset,2.5839482119,1270.46831285,0.0283167542462,1.02213388565,0.820925683377,0.0283167542462,0.0325204906545,0.0199113887886,0.0340418764369,0.0290475664157,0.0276625211088,0.0316081765858,0.046178343949,0.0457627118644,0.0488817891374,0.0476489028213,0.041935483871,0.0462378640777,942,118,313,319,310,824
full,eps1,99,1,0.25,shared_reset,2.55351295664e-15,0,0,0,0,0,0,16.9059544465,6.04126238686,3.36137026161,0.443583662568,0.000431263269639,0.00344279661017,0.000424321086262,0.00047756661442,0.000390625,0,after_reset,0,16.9059544465,0.0032664905047,0.117908662942,0.820925683377,0.0032664905047,0.00922923804846,0.00220852603931,0.00406438508151,0.0032402631252,0,0.0316081765858,0.00138004246285,0.0110169491525,0.00127795527157,0.000940438871473,0.00193548387097,0,942,118,313,319,310,824
full,eps1,99,1,0.25,local_reset,3.92741394961e-15,0,0,1254.93718518,0,0,0,0,6.0421010969,3.36144420338,0,0.0109930666136,0.0115863347458,0.0108451477636,0.0109350509404,0.0112021169355,0.0109081083131,after_reset,2.5839482119,1254.93718518,0.0281431397289,1.01586702047,0.820925683377,0.0281431397289,0.031294254975,0.0198027734846,0.0338096892614,0.0288884381019,0.0276625211088,0.0316081765858,0.0457537154989,0.0423728813559,0.0485623003195,0.0473354231975,0.0412903225806,0.0462378640777,942,118,313,319,310,824
full,eps1,99,1,0.25,retained,3.51801920928e-15,-0.0543084163918,-1.32515638623,1288.83492828,0.0395642984285,1,0.00390098676391,32.4636094755,6.04126238686,3.41697383799,0.608138116495,0.0111423500531,0.0116856461864,0.0106829073482,0.0113513910658,0.0113911290323,0.0110645479369,after_reset,2.583582927,1318.58697443,0.0288480155524,1.04131052498,0.840643138261,0.0288480155524,0.0329658610112,0.0204803891543,0.0345551776918,0.0296075402039,0.0282091631586,0.0316081765858,0.0501061571125,0.0576271186441,0.0539936102236,0.0485893416928,0.0477419354839,0.0490291262136,942,118,313,319,310,824
full,eps1,99,1,0.25,shared_reset,3.23005511227e-15,-6.82162311877e-09,-0.000286172338446,5.92330506749e-05,8.52145583805e-10,1,-1.54808736114e-07,17.0107341947,6.04126238686,3.41703232516,0.440638657738,0.000451997080679,0.00357521186441,0.00044928115016,0.000453076018809,0.000453629032258,4.74059466019e-06,after_reset,0.000440462878546,17.0102207607,0.00327654794942,0.118271700844,0.840643138261,0.00327654794942,0.00925764123666,0.00219774138659,0.00410128979443,0.00323065787799,5.96311895256e-06,0.0316081765858,0.00265392781316,0.021186440678,0.00287539936102,0.00344827586207,0.00161290322581,0,942,118,313,319,310,824
full,eps1,99,1,0.25,local_reset,3.46944695195e-15,-0.0252307341158,-0.649236380847,1288.81167005,0.0174694390991,1,0.000458082741329,14.3753699508,6.0421010969,3.41704686915,0.404150145126,0.0110677083333,0.0110897775424,0.010732827476,0.0112044474922,0.0112651209677,0.0110645479369,after_reset,2.58356782733,1301.85649138,0.028664416747,1.03468326259,0.840643138261,0.028664416747,0.0316630669311,0.0203612366058,0.034318480165,0.0294314295315,0.028208918073,0.0316081765858,0.0495753715499,0.0533898305085,0.0536741214058,0.048275862069,0.0467741935484,0.0490291262136,942,118,313,319,310,824
full,eps1,99,1,0.25,retained,4.42007541679e-15,-0.13453581294,-2.93939700408,1366.00167717,0.0881850465224,4,0.00835196293314,76.5078808821,6.23526297264,3.53633580832,0.907159880669,0.0106530321125,0.0110235699153,0.00995906549521,0.0106901449843,0.0113155241935,0.0105999696602,after_reset,2.58273380222,1436.46658139,0.0301099002172,1.08686006306,0.893091789742,0.0301099002172,0.0342079547369,0.0217290422458,0.035864980281,0.030895813766,0.0294764429159,0.0316081765858,0.0443736730361,0.0474576271186,0.0479233226837,0.0448275862069,0.0403225806452,0.043932038835,942,118,313,319,310,824
full,eps1,99,1,0.25,shared_reset,4.74967287722e-15,-2.21048175788e-08,-0.00119368573701,0.000395239692031,4.96458374473e-09,4,-1.10824089581e-06,17.2884011231,6.23903116749,3.53653425474,0.431837268754,0.000335887738854,0.00268140889831,0.000287040734824,0.000428585423197,0.000289818548387,0,after_reset,0.00104110846767,17.2864067356,0.00330304063518,0.119227992359,0.893091789742,0.00330304063518,0.00933241604023,0.00219729850833,0.00414329189378,0.00325767597479,1.5665914786e-05,0.0316081765858,0.00180467091295,0.014406779661,0.00159744408946,0.00156739811912,0.00225806451613,0,942,118,313,319,310,824
full,eps1,99,1,0.25,local_reset,4.28823643261e-15,-0.103616483806,-2.31973122258,1365.9055351,0.0633943287957,4,0.00510940678834,55.1550062559,6.23526267829,3.53640468299,0.769232361252,0.0105908306794,0.0105601165254,0.00987170527157,0.0107391261755,0.0111643145161,0.0105952290655,after_reset,2.58267396581,1416.28745909,0.0298976640572,1.07919909425,0.893091789742,0.0298976640572,0.0326949554984,0.021592775427,0.0355949629389,0.0306865940501,0.0294753588088,0.0316081765858,0.0445859872611,0.0491525423729,0.0479233226837,0.0454545454545,0.0403225806452,0.043932038835,942,118,313,319,310,824
full,eps1,99,1,0.25,retained,4.9682480352e-15,-0.302662328988,-6.7108875158,1535.95590757,0.204706404164,10,0.0136665412957,196.728664357,6.89912357314,3.79752155992,1.3830302989,0.0104996019108,0.0111228813559,0.0101088258786,0.0106534090909,0.0107358870968,0.0104103458738,after_reset,2.58112405517,1718.88951172,0.0329371132967,1.18891237687,1.00432098675,0.0329371132967,0.037036211992,0.0240439391083,0.0383867222364,0.0345908707953,0.0323075627511,0.0316081765858,0.0464968152866,0.0508474576271,0.0431309904153,0.0520376175549,0.0441935483871,0.0458737864078,942,118,313,319,310,824
full,eps1,99,1,0.25,shared_reset,4.28823643261e-15,-1.0572511452e-07,-0.0036413795975,0.00125501241759,1.48154107503e-08,10,-1.15834734427e-06,17.5191231375,6.90249267483,3.79800322577,0.412452974542,0.000377355360934,0.00288003177966,0.000312000798722,0.000416340125392,0.000403225806452,1.89623786408e-05,after_reset,0.00177465992451,17.5130928773,0.00332462738855,0.120007197204,1.00432098675,0.00332462738855,0.00939317602136,0.00210140426877,0.00427984639809,0.0032062126617,2.95095475587e-05,0.0316081765858,0.0015923566879,0.0127118644068,0.000638977635783,0.00313479623824,0.000967741935484,0,942,118,313,319,310,824
full,eps1,99,1,0.25,local_reset,4.19109191796e-15,-0.272102526712,-6.12719359075,1535.70136597,0.174090936889,10,0.00993870619373,167.614709645,6.89912183883,3.79757745572,1.27578188926,0.010503748673,0.0111559851695,0.0101213059105,0.0107023902821,0.010685483871,0.0104103458738,after_reset,2.58096538634,1690.71145173,0.0326660257454,1.17912708263,1.00432098675,0.0326660257454,0.0350872852811,0.0238689545464,0.0380542615666,0.0343089482031,0.0323044405173,0.0316081765858,0.045966029724,0.0466101694915,0.0437699680511,0.0501567398119,0.0438709677419,0.0458737864078,942,118,313,319,310,824
full,eps1,99,1,1,retained,3.76088049592e-15,0,0,19456.6582022,0,-1,0,0,5.95362331954,3.29997895005,0,0.0437939556794,0.044921875,0.0415709864217,0.0447565634796,0.0450478830645,0.0436324332524,pulse,10.3373653609,19456.6582022,0.110814266901,1,0.799407769702,0.110814266901,0.111504077319,0.0777356533498,0.133243258301,0.11377277265,0.110715131567,0.0316081765858,0.165074309979,0.16186440678,0.166134185304,0.17210031348,0.156774193548,0.165533980583,942,118,313,319,310,824
full,eps1,99,1,1,retained,3.899658374e-15,-4.93595816233,-10.8591103267,20079.1823863,5.48875044024,0,0.267854576411,275.347050002,6.03759940448,3.36097732441,1.79016175854,0.0435451499469,0.0466101694915,0.0416583466454,0.0449647335423,0.0439894153226,0.0431062272451,before_reset,10.335809047,20328.9637589,0.11327111451,1.0221708601,0.820925683377,0.11327111451,0.130107467807,0.0796268613265,0.136201130649,0.116174784148,0.110650585325,0.0316081765858,0.169639065817,0.166101694915,0.185942492013,0.160815047022,0.162258064516,0.170145631068,942,118,313,319,310,824
full,eps1,99,1,1,retained,3.899658374e-15,-4.93595816233,-10.8591103267,20079.1823863,5.48875044024,0,0.267854576411,275.347050002,6.03759940448,3.36097732441,1.79016175854,0.0435451499469,0.0466101694915,0.0416583466454,0.0449647335423,0.0439894153226,0.0431062272451,after_reset,10.335809047,20328.9637589,0.11327111451,1.0221708601,0.820925683377,0.11327111451,0.130107467807,0.0796268613265,0.136201130649,0.116174784148,0.110650585325,0.0316081765858,0.169639065817,0.166101694915,0.185942492013,0.160815047022,0.162258064516,0.170145631068,942,118,313,319,310,824
full,eps1,99,1,1,shared_reset,2.96984659087e-15,0,0,0,0,0,0,275.347050002,6.03759940448,3.36097732441,1.79016175854,0.00181628184713,0.014499470339,0.00154752396166,0.00206945532915,0.00182711693548,0,after_reset,0,275.347050002,0.0131826210161,0.118961406187,0.820925683377,0.0131826210161,0.0372465639454,0.00888640794108,0.0164534388701,0.0130293485653,0,0.0316081765858,0.00647558386412,0.0516949152542,0.0073482428115,0.00532915360502,0.00677419354839,0,942,118,313,319,310,824
full,eps1,99,1,1,local_reset,3.899658374e-15,0,0,20079.1823863,0,0,0,0,6.0421010969,3.36144420338,0,0.0432548765924,0.0442929025424,0.0414212260383,0.0447075822884,0.043611391129,0.0431062272451,after_reset,10.335809047,20079.1823863,0.112573084307,1.01587175961,0.820925683377,0.112573084307,0.125177699978,0.0792117329726,0.135239130252,0.115554415974,0.110650585325,0.0316081765858,0.16932059448,0.163559322034,0.184984025559,0.160188087774,0.162903225806,0.170145631068,942,118,313,319,310,824
full,eps1,99,1,1,retained,3.70536934469e-15,-9.52755994923,-21.6235600662,20621.8215724,10.3243640405,1,0.303267126603,529.39184722,6.03759940448,3.41621819698,2.4555980284,0.044104962845,0.0474708686441,0.0434929113419,0.0448790164577,0.0439264112903,0.0436229520631,after_reset,10.3343609795,21099.8420779,0.115398763477,1.04137099585,0.840643138261,0.115398763477,0.131894123311,0.0818748641083,0.138283901007,0.11840669346,0.11283935243,0.0316081765858,0.171337579618,0.184745762712,0.179552715655,0.16144200627,0.173225806452,0.169417475728,942,118,313,319,310,824
full,eps1,99,1,1,shared_reset,3.31679128607e-15,-6.58453246834e-07,-0.00465127292843,0.000954353072201,2.24071798398e-07,1,-1.34037562561e-05,277.098088052,6.03759940448,3.41663945473,1.77843702754,0.0018494559448,0.0146980932203,0.00162240415335,0.00199598354232,0.0019279233871,9.48118932039e-06,after_reset,0.0017613186761,277.089711959,0.0132242713953,0.11933726374,0.840643138261,0.0132242713953,0.0373641906027,0.008843877695,0.0166044824493,0.0129895839445,2.39376320335e-05,0.0316081765858,0.00785562632696,0.0627118644068,0.0073482428115,0.00940438871473,0.00677419354839,0,942,118,313,319,310,824
full,eps1,99,1,1,local_reset,3.27515792264e-15,-4.55444934144,-10.6424107765,20621.4135797,4.57175287393,1,0.0479902917702,235.066461486,6.0421010969,3.41667136665,1.63416455489,0.0435824708068,0.043266684322,0.0430810702875,0.0442545062696,0.0433971774194,0.0436276926578,after_reset,10.3343001745,20830.7540544,0.114660557358,1.03470934352,0.840643138261,0.114660557358,0.126656936425,0.0814173553723,0.137304009432,0.117717434002,0.112838279485,0.0316081765858,0.16974522293,0.172033898305,0.17731629393,0.160501567398,0.171612903226,0.169417475728,942,118,313,319,310,824
full,eps1,99,1,1,retained,4.14945855454e-15,-21.9204658768,-47.7012110169,21857.5292372,22.8607210361,4,0.656035499838,1239.04143763,6.22394855272,3.53474953784,3.65066966423,0.0429811902866,0.0449549788136,0.0406225039936,0.0439606191223,0.0443548387097,0.0426985361044,after_reset,10.3310124027,22981.5001131,0.120434451696,1.08681359417,0.893091789742,0.120434451696,0.136888500496,0.0868264081241,0.143528272885,0.123550040753,0.117890335824,0.0316081765858,0.166985138004,0.181355932203,0.169968051118,0.17210031348,0.158709677419,0.164927184466,942,118,313,319,310,824
full,eps1,99,1,1,shared_reset,6.67695065903e-15,-2.6140894133e-06,-0.0194370897821,0.00632277947349,1.34310492505e-06,4,-8.20286308939e-05,281.536236534,6.23903200976,3.53615826769,1.74238646206,0.0015923566879,0.0125794491525,0.00141024361022,0.00184903996865,0.00151209677419,1.89623786408e-05,after_reset,0.00418889068386,281.503517191,0.0133291810062,0.120283979482,0.893091789742,0.0133291810062,0.0376602946036,0.00883993054299,0.0167698652894,0.0130990438228,6.26795967864e-05,0.0316081765858,0.00636942675159,0.0508474576271,0.00607028753994,0.00721003134796,0.0058064516129,0,942,118,313,319,310,824
full,eps1,99,1,1,local_reset,3.10862446895e-15,-16.5826967022,-37.6274021422,21855.8703104,16.4411639433,4,0.44757159173,893.431708711,6.22394860617,3.53518209679,3.09627844128,0.0426660363588,0.0424390889831,0.0404353035144,0.0436299960815,0.0439264112903,0.0426985361044,after_reset,10.3307677259,22658.2181285,0.119584372662,1.07914238849,0.893091789742,0.119584372662,0.130832739936,0.0862957174323,0.142429798305,0.122721677609,0.117885740557,0.0316081765858,0.165074309979,0.166101694915,0.167731629393,0.170846394984,0.156451612903,0.164927184466,942,118,313,319,310,824
full,eps1,99,1,1,retained,4.55538384792e-15,-49.1401423621,-108.89658286,24579.3057397,52.9149101654,10,0.968842454424,3178.05423645,6.8856960979,3.79432334363,5.55841802826,0.0423260018577,0.0441604872881,0.0407972244409,0.0434463166144,0.042716733871,0.0420632964199,after_reset,10.3246531532,27496.1391208,0.13173385807,1.18878066655,1.00432098675,0.13173385807,0.14819743047,0.0960406361498,0.153647456012,0.138301124671,0.129204605407,0.0316081765858,0.156794055202,0.167796610169,0.158146964856,0.157680250784,0.154516129032,0.155218446602,942,118,313,319,310,824
full,eps1,99,1,1,shared_reset,4.64905891562e-15,-1.05310744038e-05,-0.0590361219396,0.0201556545757,3.94196500765e-06,10,-0.000114557766787,285.682470404,6.90249821085,3.79767012641,1.66541237092,0.00138087181529,0.0108580508475,0.00123552316294,0.00156739811912,0.00133568548387,2.3702973301e-05,after_reset,0.007124761992,285.584307579,0.0134254460233,0.121152685468,1.00432098675,0.0134254460233,0.0379313595504,0.00845810094111,0.0173348426886,0.0128938852125,0.000118350638462,0.0316081765858,0.00573248407643,0.0457627118644,0.0038338658147,0.0100313479624,0.00322580645161,0,942,118,313,319,310,824
full,eps1,99,1,1,local_reset,4.0800696155e-15,-43.4803243805,-99.2612757242,24574.9818122,45.018408942,10,0.762707118686,2708.63192453,6.88568714893,3.79466396662,5.12845766021,0.0419984076433,0.0415452860169,0.04053514377,0.0432993730408,0.0421370967742,0.0420632964199,after_reset,10.3240100123,27044.6743597,0.130647899326,1.17898085671,1.00432098675,0.130647899326,0.140397620037,0.0953510051486,0.152307294017,0.137173481201,0.12919148742,0.0316081765858,0.155626326964,0.160169491525,0.155271565495,0.157993730408,0.153548387097,0.154975728155,942,118,313,319,310,824
full,eps2,123,0,0.25,retained,2.35228503342e-15,0,0,349.018378404,0,-1,0,0,5.88345750293,2.91956189748,0,0.0112128450106,0.00939162234043,0.0111696285942,0.0114983346395,0.0109627016129,0.0114147258255,pulse,1.53099002893,349.018378404,0.0148417701345,1,0.450342977887,0.0148417701345,0.0150026060528,0.0104726196171,0.0179332358343,0.015089281917,0.0148238341859,0.0186884205812,0.0407643312102,0.0393617021277,0.0376996805112,0.0401253918495,0.0445161290323,0.0409198113208,942,94,313,319,310,848
full,eps2,123,0,0.25,retained,2.15799600412e-15,-0.00468851774013,-0.0480586017268,360.737921299,0.00191497857401,0,0.000266115190981,1.54452839018,5.88345750293,2.97999824711,0.224953972059,0.0105866839172,0.0103474069149,0.0111571485623,0.0103227860502,0.0102822580645,0.0106132075472,before_reset,1.53080977433,362.179402659,0.0151190125289,1.01867987389,0.464549744786,0.0151190125289,0.0176568529936,0.0107202584711,0.0181583794278,0.0154682413071,0.014810946102,0.0186884205812,0.0392781316348,0.0457446808511,0.0399361022364,0.0420062695925,0.0358064516129,0.0385613207547,942,94,313,319,310,848
full,eps2,123,0,0.25,retained,2.15799600412e-15,-0.00468851774013,-0.0480586017268,360.737921299,0.00191497857401,0,0.000266115190981,1.54452839018,5.88345750293,2.97999824711,0.224953972059,0.0105866839172,0.0103474069149,0.0111571485623,0.0103227860502,0.0102822580645,0.0106132075472,after_reset,1.53080977433,362.179402659,0.0151190125289,1.01867987389,0.464549744786,0.0151190125289,0.0176568529936,0.0107202584711,0.0181583794278,0.0154682413071,0.014810946102,0.0186884205812,0.0392781316348,0.0457446808511,0.0399361022364,0.0420062695925,0.0358064516129,0.0385613207547,942,94,313,319,310,848
full,eps2,123,0,0.25,shared_reset,2.35922392733e-15,0,0,0,0,0,0,1.54452839018,5.88345750293,2.97999824711,0.224953972059,0.000207338110403,0.00207779255319,0.000174720447284,0.000183679467085,0.000264616935484,0,after_reset,0,1.54452839018,0.000987323560352,0.0665233022344,0.464549744786,0.000987323560352,0.00312551095343,0.000775955775285,0.000976641694988,0.00117162404965,0,0.0186884205812,0.00106157112527,0.0106382978723,0.000638977635783,0.00156739811912,0.000967741935484,0,942,94,313,319,310,848
full,eps2,123,0,0.25,local_reset,2.15799600412e-15,0,0,360.737921299,0,0,0,0,5.88345750293,2.98000304636,0,0.0105908306794,0.010388962766,0.0111945886581,0.0102860501567,0.010294858871,0.0106132075472,after_reset,1.53080977433,360.737921299,0.0150888955444,1.01665066954,0.464549744786,0.0150888955444,0.017396763774,0.0106923048225,0.0181357172871,0.0154257152731,0.014810946102,0.0186884205812,0.0386411889597,0.0393617021277,0.0389776357827,0.0416927899687,0.0351612903226,0.0385613207547,942,94,313,319,310,848
full,eps2,123,0,0.25,retained,2.3037127761e-15,-0.0052321441874,-0.0828305050091,372.474359976,0.003871589178,1,0.000454516004451,3.17790800451,5.88345750293,3.03622329704,0.320111579215,0.0106447385881,0.00993184840426,0.0103584265176,0.0110452586207,0.0105216733871,0.0107237617925,after_reset,1.53061699397,375.480923303,0.0153941421111,1.03721739196,0.478736319055,0.0153941421111,0.0180084996101,0.0110014622649,0.0183765477839,0.0158242585165,0.0150764570468,0.0186884205812,0.0391719745223,0.0414893617021,0.0367412140575,0.0407523510972,0.04,0.0389150943396,942,94,313,319,310,848
full,eps2,123,0,0.25,shared_reset,2.60902410787e-15,-8.54424446049e-10,-6.11738607659e-05,1.72917017118e-05,1.06566753174e-10,1,6.10940228636e-08,1.56579905912,5.88345750293,3.03621173292,0.224482728347,0.000219778397028,0.00211934840426,0.00033696086262,0.000110207680251,0.000214213709677,9.21285377358e-06,after_reset,0.000272835484283,1.56569412369,0.000994065527972,0.0669775585366,0.478736319055,0.000994065527972,0.00314683869526,0.000778976643187,0.000984486191317,0.00118013643342,3.22418245465e-06,0.0186884205812,0.00106157112527,0.0106382978723,0.000958466453674,0.000940438871473,0.00129032258065,0,942,94,313,319,310,848
full,eps2,123,0,0.25,local_reset,2.51534904017e-15,-0.000660015812476,-0.0393165970619,372.466163338,0.00172285989857,1,0.000108797191734,1.41983368429,5.88345750293,3.03622676503,0.21402653157,0.0105908306794,0.00939162234043,0.0102710662939,0.0109962774295,0.0104964717742,0.0107237617925,after_reset,1.53060413941,373.807984251,0.0153598098589,1.03490417381,0.478736319055,0.0153598098589,0.0177135383459,0.0109685018789,0.0183525667062,0.0157745443787,0.0150762939249,0.0186884205812,0.0393842887473,0.0436170212766,0.0364217252396,0.0407523510972,0.0409677419355,0.0389150943396,942,94,313,319,310,848
full,eps2,123,0,0.25,retained,2.35922392733e-15,-0.0243822766837,-0.179326711417,407.882994022,0.0109981618737,4,0.00104057256541,9.59201890431,6.0484276184,3.21086600289,0.539372953194,0.0102259156051,0.0105136303191,0.00979682507987,0.0108615791536,0.0100050403226,0.0101940227005,after_reset,1.53005057264,417.080674258,0.0162245098843,1.09316542011,0.520440887328,0.0162245098843,0.0187904945752,0.0118967460823,0.0191365787887,0.0167377162432,0.0159146209123,0.0186884205812,0.0366242038217,0.0372340425532,0.0361022364217,0.035736677116,0.038064516129,0.0365566037736,942,94,313,319,310,848
full,eps2,123,0,0.25,shared_reset,3.39658856596e-15,-1.06212197452e-09,-0.00019099963546,6.68456978673e-05,4.24713268654e-10,4,-4.388292981e-08,1.64448496848,6.05014653087,3.21096780473,0.223762481919,0.000203191348195,0.001953125,0.000237120607029,0.000183679467085,0.000189012096774,9.21285377358e-06,after_reset,0.000512795319368,1.64416972544,0.00101867319033,0.0686355590405,0.520440887328,0.00101867319033,0.00322469558451,0.000794485843184,0.00101006698575,0.00121081905322,6.38423004194e-06,0.0186884205812,0.000955414012739,0.00957446808511,0.000958466453674,0.000940438871473,0.000967741935484,0,942,94,313,319,310,848
full,eps2,123,0,0.25,local_reset,2.63677968348e-15,-0.0195409022702,-0.147657800055,407.856821783,0.00828924580647,4,0.00092325608768,7.2427456446,6.04842784021,3.21086593005,0.46842157537,0.0101429803609,0.00972406914894,0.00974690495208,0.0108003526646,0.00986643145161,0.0101894162736,after_reset,1.53001193993,414.775305781,0.016179608136,1.0901400567,0.520440887328,0.016179608136,0.0184024759237,0.0118596728213,0.0191021453041,0.0166725519315,0.0159141005775,0.0186884205812,0.035881104034,0.0297872340426,0.0357827476038,0.0354231974922,0.0364516129032,0.0365566037736,942,94,313,319,310,848
full,eps2,123,0,0.25,retained,4.1555300867e-15,-0.0567646632771,-0.436367755169,475.1534045,0.028666201273,10,0.00275391784695,27.7559468053,6.29222220459,3.5384614587,0.871458771788,0.00961634156051,0.00947473404255,0.00904802316294,0.00978399294671,0.010017641129,0.00963203862028,after_reset,1.52907947822,501.957260506,0.0177989721321,1.19924860517,0.604178831616,0.0177989721321,0.0206167107784,0.0136301515119,0.0205928374531,0.0184042972131,0.0174586515386,0.0186884205812,0.0337579617834,0.0393617021277,0.0297124600639,0.035736677116,0.0358064516129,0.0331367924528,942,94,313,319,310,848
full,eps2,123,0,0.25,shared_reset,3.51801920928e-15,-1.4390420769e-08,-0.00064589224255,0.000348317242773,2.05696420055e-09,10,-1.53730247677e-07,1.77198165842,6.29233239519,3.5387054879,0.22035569403,0.000165870488323,0.00162067819149,0.000124800319489,0.000122452978056,0.000252016129032,4.60642688679e-06,after_reset,0.00106123571764,1.77103785699,0.00105724459892,0.071234400569,0.604178831616,0.00105724459892,0.00334656942377,0.000810560093089,0.00105457242912,0.00126047234756,1.45764227721e-05,0.0186884205812,0.000530785562633,0.00425531914894,0.000638977635783,0,0.000967741935484,0.000117924528302,942,94,313,319,310,848
full,eps2,123,0,0.25,local_reset,2.60381993744e-15,-0.0519292124949,-0.412280225276,475.077419727,0.024696556746,10,0.0028707433864,23.9521062344,6.29222106468,3.53845921171,0.809254533503,0.0096121947983,0.00943317819149,0.00906050319489,0.0097717476489,0.0100050403226,0.00963203862028,after_reset,1.52897137665,498.13154513,0.0177310141112,1.19466976988,0.604178831616,0.0177310141112,0.0200328966225,0.0135776351687,0.0205396296755,0.0183050767327,0.0174571751759,0.0186884205812,0.0332271762208,0.0351063829787,0.029392971246,0.035736677116,0.0345161290323,0.0330188679245,942,94,313,319,310,848
full,eps2,123,0,1,retained,2.55351295664e-15,0,0,5584.29408561,0,-1,0,0,5.88345750293,2.91956189748,0,0.0444449973461,0.0445063164894,0.0444663538339,0.0436667319749,0.0452242943548,0.0444382001769,pulse,6.12396013261,5584.29408561,0.0593670807036,1,0.450342977887,0.0593670807036,0.0600104245108,0.0418904783276,0.0717329436757,0.0603571278481,0.0592953368943,0.0186884205812,0.143736730361,0.145744680851,0.138658146965,0.147335423197,0.145161290323,0.143514150943,942,94,313,319,310,848
full,eps2,123,0,1,retained,2.52228793407e-15,-0.666120727388,-0.774658183526,5771.85586963,0.492175390273,0,0.016313325302,24.8061782113,5.88345750293,2.97990803562,0.901495885737,0.0435575902335,0.0452127659574,0.0438049121406,0.043409580721,0.0434601814516,0.043374115566,before_reset,6.12324224429,5794.30529206,0.0604731010506,1.01863019596,0.464549744786,0.0604731010506,0.0706002751389,0.0428785040494,0.0726314804281,0.0618684374549,0.0592440257881,0.0186884205812,0.137154989384,0.136170212766,0.139616613419,0.134796238245,0.137096774194,0.137264150943,942,94,313,319,310,848
full,eps2,123,0,1,retained,2.52228793407e-15,-0.666120727388,-0.774658183526,5771.85586963,0.492175390273,0,0.016313325302,24.8061782113,5.88345750293,2.97990803562,0.901495885737,0.0435575902335,0.0452127659574,0.0438049121406,0.043409580721,0.0434601814516,0.043374115566,after_reset,6.12324224429,5794.30529206,0.0604731010506,1.01863019596,0.464549744786,0.0604731010506,0.0706002751389,0.0428785040494,0.0726314804281,0.0618684374549,0.0592440257881,0.0186884205812,0.137154989384,0.136170212766,0.139616613419,0.134796238245,0.137096774194,0.137264150943,942,94,313,319,310,848
full,eps2,123,0,1,shared_reset,2.08166817117e-15,0,0,0,0,0,0,24.8061782113,5.88345750293,2.97990803562,0.901495885737,0.000808618630573,0.00810339095745,0.000698881789137,0.00056328369906,0.001171875,0,after_reset,0,24.8061782113,0.00395677616204,0.0666493301532,0.464549744786,0.00395677616204,0.012525728881,0.00310439659392,0.00391751131613,0.0046958792981,0,0.0186884205812,0.0036093418259,0.036170212766,0.00319488817891,0.00282131661442,0.00483870967742,0,942,94,313,319,310,848
full,eps2,123,0,1,local_reset,2.99760216649e-15,0,0,5771.85586963,0,0,0,0,5.88345750293,2.98000304636,0,0.0434000132696,0.043633643617,0.0436426717252,0.0433238636364,0.0432333669355,0.043374115566,after_reset,6.12324224429,5771.85586963,0.0603558390466,1.0166549935,0.464549744786,0.0603558390466,0.06958743387,0.0427695123129,0.0725430767458,0.0617031683706,0.0592440257881,0.0186884205812,0.136942675159,0.134042553191,0.138977635783,0.13605015674,0.135806451613,0.137264150943,942,94,313,319,310,848
full,eps2,123,0,1,retained,2.61596300177e-15,-1.07458341025,-1.35794004072,5959.65163481,0.993636224957,1,0.0275994432271,50.9644556629,5.88345750293,3.03608725734,1.28179274452,0.0428194665605,0.041680518617,0.0418580271565,0.0432259012539,0.0433719758065,0.0429457178656,after_reset,6.1224716864,6006.79987868,0.0615719821124,1.03714013528,0.478736319055,0.0615719821124,0.072008400883,0.0439998754683,0.0735043427057,0.0632898782082,0.0603040149653,0.0186884205812,0.134394904459,0.135106382979,0.135463258786,0.135109717868,0.132580645161,0.134316037736,942,94,313,319,310,848
full,eps2,123,0,1,shared_reset,2.59167687311e-15,-8.12492834968e-08,-0.00099411681886,0.000275961434599,2.74509988854e-08,1,2.76437208098e-06,25.1472896188,5.88345750293,3.03612519483,0.899614711221,0.00083764596603,0.00822805851064,0.00101088258786,0.000575528996865,0.000932459677419,1.84257075472e-05,after_reset,0.00109138907177,25.1455827403,0.00398375301552,0.0671037377668,0.478736319055,0.00398375301552,0.012611068545,0.0031162975318,0.0039491994262,0.0047297926965,1.28807099003e-05,0.0186884205812,0.00297239915074,0.0287234042553,0.00255591054313,0.0025078369906,0.00387096774194,0.000117924528302,942,94,313,319,310,848
full,eps2,123,0,1,local_reset,2.69229083472e-15,-0.405769233576,-0.655816077563,5959.51674814,0.441550828447,1,0.00715060117471,22.7454456679,5.88345750293,3.03617049621,0.856382742092,0.0427157975053,0.0406831781915,0.0417332268371,0.0431401841693,0.0432711693548,0.0429411114387,after_reset,6.12242003129,5980.59487521,0.0614375296896,1.03487537136,0.478736319055,0.0614375296896,0.0708533580039,0.0438707607026,0.0734104685057,0.063095156599,0.0603033443017,0.0186884205812,0.133651804671,0.128723404255,0.133865814696,0.134482758621,0.132580645161,0.134198113208,942,94,313,319,310,848
full,eps2,123,0,1,retained,2.70616862252e-15,-3.52403649281,-2.94681892553,6526.32228903,2.82469683181,4,0.0608595624074,153.999984054,6.04182532556,3.21017284349,2.16073757878,0.0413639530255,0.0415974069149,0.041508586262,0.0414870689655,0.0410912298387,0.0413380748821,after_reset,6.12021275878,6670.32697821,0.0648836263473,1.09292263622,0.520440887328,0.0648836263473,0.0751281336933,0.0475617377814,0.0765408064165,0.0669330070448,0.0636465903006,0.0186884205812,0.133439490446,0.127659574468,0.133865814696,0.131034482759,0.135483870968,0.134080188679,942,94,313,319,310,848
full,eps2,123,0,1,shared_reset,2.44942954808e-15,-1.63835587331e-07,-0.00308100946448,0.00108112284868,1.10591076751e-07,4,-5.99309388664e-06,26.4117621804,6.05014603318,3.21089360614,0.896729977125,0.000721536624204,0.00702293882979,0.000761281948882,0.00056328369906,0.000844254032258,2.3032134434e-05,after_reset,0.00205671263137,26.4066690811,0.00408242640561,0.068765827075,0.520440887328,0.00408242640561,0.0129232621964,0.0031777133126,0.00405198969721,0.00485313158999,2.56771851748e-05,0.0186884205812,0.00286624203822,0.0287234042553,0.00223642172524,0.00219435736677,0.0041935483871,0,942,94,313,319,310,848
full,eps2,123,0,1,local_reset,2.19615992059e-15,-2.80781572249,-2.43219254772,6525.88725399,2.12843305048,4,0.0572030884097,116.272939429,6.04182727185,3.21022953574,1.87639662415,0.0412561372081,0.0405585106383,0.0413588258786,0.0415972766458,0.0408014112903,0.0413334684552,after_reset,6.12005786222,6633.92301611,0.0647063297435,1.08993618983,0.520440887328,0.0647063297435,0.0735965494435,0.0474156213293,0.0764043990687,0.0666760156858,0.0636444453929,0.0186884205812,0.132377919321,0.117021276596,0.132907348243,0.131034482759,0.133225806452,0.134080188679,942,94,313,319,310,848
full,eps2,123,0,1,retained,2.88657986403e-15,-8.21977938638,-6.8030390662,7603.33347002,7.3668300826,10,0.1354238225,445.98285806,6.28830763777,3.53697714888,3.49234388448,0.0385814755839,0.0398936170213,0.0373901757188,0.0391849529781,0.0391633064516,0.0384360259434,after_reset,6.11635385629,8026.90836891,0.0711763487517,1.19891946695,0.604178831616,0.0711763487517,0.0824370725743,0.0544809008658,0.0823696316896,0.0735914268957,0.0698163742293,0.0186884205812,0.119108280255,0.11170212766,0.113418530351,0.129467084639,0.114193548387,0.119929245283,942,94,313,319,310,848
full,eps2,123,0,1,shared_reset,3.10862446895e-15,-1.40244442799e-06,-0.0104327226391,0.00567361088791,5.34352745057e-07,10,-2.10158148544e-05,28.4583313924,6.29233547214,3.53863683718,0.882981652523,0.000733976910828,0.00698138297872,0.000636481629393,0.000526547805643,0.00104586693548,4.14578419811e-05,after_reset,0.00425471221261,28.4430952558,0.00423691723773,0.0713681250201,0.604178831616,0.00423691723773,0.013411390235,0.00324225683486,0.00423099737002,0.00505116648851,5.88417959298e-05,0.0186884205812,0.00329087048832,0.0308510638298,0.00319488817891,0.0025078369906,0.0041935483871,0.000235849056604,942,94,313,319,310,848
full,eps2,123,0,1,local_reset,3.20576898361e-15,-7.43311194419,-6.44034067956,7602.05897844,6.34696572957,10,0.155764085522,384.900795585,6.28830386585,3.53700247598,3.24324117024,0.0384073115711,0.0380651595745,0.0370282547923,0.0391604623824,0.0390246975806,0.0384452387972,after_reset,6.11592018669,7965.87136268,0.0709052181163,1.19435244711,0.604178831616,0.0709052181163,0.080109204635,0.0542719833309,0.0821570302301,0.0731954458397,0.0698102929707,0.0186884205812,0.11889596603,0.110638297872,0.112779552716,0.129780564263,0.113870967742,0.119811320755,942,94,313,319,310,848
full,eps2,123,1,0.25,retained,2.17187379192e-15,0,0,348.299961627,0,-1,0,0,5.88345750293,2.91956189748,0,0.010682059448,0.0107970505618,0.00998402555911,0.0111432210031,0.0109122983871,0.0106700615475,pulse,1.53059526105,348.299961627,0.0148264871725,1,0.450342977887,0.0148264871725,0.0145990221211,0.0104958079665,0.0178776827594,0.0150951931264,0.0148500196073,0.0186884205812,0.0377919320594,0.0449438202247,0.0380191693291,0.0351097178683,0.0403225806452,0.0370457209848,942,89,313,319,310,853
full,eps2,123,1,0.25,retained,2.4841240176e-15,0.00150457351881,-0.0847790604178,358.695410112,0.00174355115722,0,0.000375014562308,1.41175228107,6.06531127195,2.97523531821,0.214791848891,0.0105742436306,0.0105775983146,0.0103584265176,0.0110207680251,0.0103326612903,0.0105738936108,before_reset,1.53041931436,359.943107,0.0150722636872,1.01657685411,0.462761387707,0.0150722636872,0.017172002444,0.0108288522123,0.0180705799922,0.0153586496202,0.0148360709684,0.0186884205812,0.0382165605096,0.0393258426966,0.0348242811502,0.0429467084639,0.0367741935484,0.0381008206331,942,89,313,319,310,853
full,eps2,123,1,0.25,retained,2.4841240176e-15,0.00150457351881,-0.0847790604178,358.695410112,0.00174355115722,0,0.000375014562308,1.41175228107,6.06531127195,2.97523531821,0.214791848891,0.0105742436306,0.0105775983146,0.0103584265176,0.0110207680251,0.0103326612903,0.0105738936108,after_reset,1.53041931436,359.943107,0.0150722636872,1.01657685411,0.462761387707,0.0150722636872,0.017172002444,0.0108288522123,0.0180705799922,0.0153586496202,0.0148360709684,0.0186884205812,0.0382165605096,0.0393258426966,0.0348242811502,0.0429467084639,0.0367741935484,0.0381008206331,942,89,313,319,310,853
full,eps2,123,1,0.25,shared_reset,2.15105711021e-15,0,0,0,0,0,0,1.41175228107,6.06531127195,2.97523531821,0.214791848891,0.000186604299363,0.00197507022472,0.00022464057508,0.000110207680251,0.000226814516129,0,after_reset,0,1.41175228107,0.000943932201461,0.0636652627477,0.462761387707,0.000943932201461,0.00307093942531,0.000860453163564,0.000942164833374,0.00102299768016,0,0.0186884205812,0.000530785562633,0.00561797752809,0.000958466453674,0,0.000645161290323,0,942,89,313,319,310,853
full,eps2,123,1,0.25,local_reset,2.21350715535e-15,0,0,358.695410112,0,0,0,0,6.06272451699,2.97522561068,0,0.0105244824841,0.0100509129213,0.0103085063898,0.0110207680251,0.0102318548387,0.0105738936108,after_reset,1.53041931436,358.695410112,0.0150461179697,1.01481340756,0.462761387707,0.0150461179697,0.0169275783275,0.0108021984525,0.0180460387561,0.0153293653789,0.0148360709684,0.0186884205812,0.0377919320594,0.0348314606742,0.0341853035144,0.0429467084639,0.0361290322581,0.0381008206331,942,89,313,319,310,853
full,eps2,123,1,0.25,retained,2.671474153e-15,-0.00115696287069,-0.181770997021,369.548665733,0.00371354372897,1,0.000454355209088,3.03991653518,6.06531127195,3.03022964386,0.313110685647,0.0105452162951,0.0100948033708,0.0107702675719,0.0107146355799,0.0101436491935,0.010592211313,after_reset,1.53024713252,372.227348602,0.0153273012136,1.03377833436,0.475806268756,0.0153273012136,0.017382950802,0.0110535057849,0.0182885029972,0.0156949126846,0.0150967021224,0.0186884205812,0.0391719745223,0.0314606741573,0.0361022364217,0.0445141065831,0.0367741935484,0.0399765533411,942,89,313,319,310,853
full,eps2,123,1,0.25,shared_reset,2.76514922071e-15,7.11442775923e-11,-3.34725389483e-05,8.83689663276e-06,4.61456889004e-11,1,-1.01444145335e-08,1.4335076363,6.06531127195,3.03024311229,0.214412332166,0.000182457537155,0.00188728932584,0.000262080670927,7.34717868339e-05,0.000214213709677,4.57942555686e-06,after_reset,0.000184101403841,1.43344950802,0.000951158192313,0.0641526331388,0.475806268756,0.000951158192313,0.00309443986524,0.000866953083027,0.000949062530579,0.00103120102573,2.30375794307e-06,0.0186884205812,0.000636942675159,0.00674157303371,0.000638977635783,0.000626959247649,0.000645161290323,0,942,89,313,319,310,853
full,eps2,123,1,0.25,local_reset,2.40085729075e-15,-0.00250635170667,-0.0935037249132,369.543980326,0.00184509511563,1,4.22713642258e-05,1.50048706246,6.06272451699,3.03022006537,0.220609186234,0.0105618033439,0.0102703651685,0.010745307508,0.0107881073668,0.0101436491935,0.010592211313,after_reset,1.5302404969,370.854376873,0.015299007494,1.03187001183,0.475806268756,0.015299007494,0.0171179026317,0.0110246393335,0.0182609981866,0.0156644534722,0.0150966080516,0.0186884205812,0.0388535031847,0.0280898876404,0.0354632587859,0.0448275862069,0.0361290322581,0.0399765533411,942,89,313,319,310,853
full,eps2,123,1,0.25,retained,2.64198385391e-15,-0.00351597563247,-0.476826528153,402.212654608,0.0105744779936,4,0.000500848483142,9.19189731386,6.12207117306,3.20463015576,0.529450594315,0.0103129976115,0.0119382022472,0.00999650559105,0.0109595415361,0.00996723790323,0.0101434276084,after_reset,1.52974012635,410.455443089,0.0160951327306,1.08556615896,0.514971063401,0.0160951327306,0.0179793077618,0.0119403100267,0.0189329466638,0.0165642316277,0.0158856725091,0.0186884205812,0.036093418259,0.0348314606742,0.0335463258786,0.0401253918495,0.0345161290323,0.036225087925,942,89,313,319,310,853
full,eps2,123,1,0.25,shared_reset,2.46677678284e-15,-8.81809876572e-10,-0.000144275637256,5.67595258058e-05,3.78301291123e-10,4,3.83427014405e-08,1.49777049521,6.12269550776,3.20464769274,0.213393090907,0.000211484872611,0.00219452247191,0.000237120607029,0.000183679467085,0.000214213709677,4.57942555686e-06,after_reset,0.000484919573227,1.49753877876,0.000972188750708,0.0655710782601,0.514971063401,0.000972188750708,0.00316281467974,0.000880773266993,0.000972287851357,0.00105640018233,5.92100837305e-06,0.0186884205812,0.00106157112527,0.0112359550562,0.000638977635783,0.000313479623824,0.00225806451613,0,942,89,313,319,310,853
full,eps2,123,1,0.25,local_reset,2.35575448038e-15,-0.0045212433629,-0.381149463964,402.187482915,0.00825700867313,4,1.73188276226e-05,7.18070653137,6.12217946135,3.20462060397,0.468095261554,0.0102507961783,0.0112798455056,0.00988418530351,0.0109105603448,0.00994203629032,0.0101434276084,after_reset,1.52970654479,408.605139679,0.0160588139074,1.08311656838,0.514971063401,0.0160588139074,0.017636400937,0.0119019239256,0.0189001780378,0.0165234676512,0.0158851885303,0.0186884205812,0.0364118895966,0.038202247191,0.0341853035144,0.0404388714734,0.0345161290323,0.036225087925,942,89,313,319,310,853
full,eps2,123,1,0.25,retained,3.33066907388e-15,-0.00737155643838,-1.2035916753,467.245743284,0.0266494659747,10,-0.00136006229057,25.7536299962,6.3246968046,3.51108697503,0.84052802385,0.0100185774947,0.0113676264045,0.00928514376997,0.0104329937304,0.0103326612903,0.00987782092614,after_reset,1.52887576833,490.601376158,0.0175964854166,1.18682768291,0.596417071335,0.0175964854166,0.019373126191,0.0133385233983,0.0205458465332,0.0180795351907,0.0174006673422,0.0186884205812,0.0339702760085,0.0325842696629,0.0313099041534,0.0347962382445,0.0358064516129,0.0341148886284,942,89,313,319,310,853
full,eps2,123,1,0.25,shared_reset,4.63518112781e-15,-7.06354536681e-09,-0.000424620201555,0.000240184615116,1.51949809581e-09,10,1.01153305334e-07,1.63348988665,6.32135876943,3.51106850617,0.211380141762,0.000190751061571,0.00193117977528,0.000199680511182,0.000220415360502,0.000151209677419,9.15885111372e-06,after_reset,0.000928661306413,1.63288102056,0.00101517011292,0.0684700361662,0.596417071335,0.00101517011292,0.00330248219281,0.000908453959715,0.0010148306735,0.00111290061748,1.22827653756e-05,0.0186884205812,0.000743099787686,0.00449438202247,0.000319488817891,0.000313479623824,0.00161290322581,0.000351699882767,942,89,313,319,310,853
full,eps2,123,1,0.25,local_reset,3.98292510084e-15,-0.0076608995153,-1.10019304575,467.176658557,0.023463581136,10,-0.00194178443116,22.6831784999,6.32469732805,3.51107320195,0.788873814804,0.00996052282378,0.0107531601124,0.00919778354633,0.0104207484326,0.0102570564516,0.00987782092614,after_reset,1.52878916423,487.663709179,0.0175437234069,1.18326905104,0.596417071335,0.0175437234069,0.0188711732175,0.0132813559442,0.0205046515248,0.0180142251377,0.0173993867609,0.0186884205812,0.0337579617834,0.0303370786517,0.0306709265176,0.0347962382445,0.0358064516129,0.0341148886284,942,89,313,319,310,853
full,eps2,123,1,1,retained,2.53963516883e-15,0,0,5572.79926644,0,-1,0,0,5.88345750293,2.91956189748,0,0.0421393975584,0.0419592696629,0.0403604233227,0.0436912225705,0.0423387096774,0.0421581916764,pulse,6.12238103614,5572.79926644,0.0593059480535,1,0.450342977887,0.0593059480535,0.0583960879746,0.0419832313279,0.0715107304288,0.0603807717263,0.0594000777798,0.0186884205812,0.14033970276,0.170786516854,0.142811501597,0.139811912226,0.138387096774,0.137162954279,942,89,313,319,310,853
full,eps2,123,1,1,retained,2.33146835171e-15,-0.217898933371,-1.35338161851,5739.11383539,0.449666448937,0,0.0250825460896,22.7578346214,6.07101169344,2.97520518419,0.86230065361,0.0422555069002,0.0423103932584,0.0409844249201,0.0431156935737,0.0426537298387,0.0422497801876,before_reset,6.12167757224,5759.22894045,0.0602897835013,1.01658915303,0.462761387707,0.0602897835013,0.0686953154394,0.0433135336176,0.072285354839,0.0614344321039,0.0593442191601,0.0186884205812,0.139808917197,0.13595505618,0.137060702875,0.145141065831,0.137096774194,0.14021101993,942,89,313,319,310,853
full,eps2,123,1,1,retained,2.33146835171e-15,-0.217898933371,-1.35338161851,5739.11383539,0.449666448937,0,0.0250825460896,22.7578346214,6.07101169344,2.97520518419,0.86230065361,0.0422555069002,0.0423103932584,0.0409844249201,0.0431156935737,0.0426537298387,0.0422497801876,after_reset,6.12167757224,5759.22894045,0.0602897835013,1.01658915303,0.462761387707,0.0602897835013,0.0686953154394,0.0433135336176,0.072285354839,0.0614344321039,0.0593442191601,0.0186884205812,0.139808917197,0.13595505618,0.137060702875,0.145141065831,0.137096774194,0.14021101993,942,89,313,319,310,853
full,eps2,123,1,1,shared_reset,2.14064876936e-15,0,0,0,0,0,0,22.7578346214,6.07101169344,2.97520518419,0.86230065361,0.000767151008493,0.00811973314607,0.000911042332268,0.000636755485893,0.000756048387097,0,after_reset,0,22.7578346214,0.00378989363465,0.0639041067387,0.462761387707,0.00378989363465,0.012329840811,0.00344120090649,0.00380171027622,0.00410083078348,0,0.0186884205812,0.00265392781316,0.0280898876404,0.0038338658147,0.000940438871473,0.00322580645161,0,942,89,313,319,310,853
full,eps2,123,1,1,local_reset,2.33146835171e-15,0,0,5739.11383539,0,0,0,0,6.06272451699,2.97522561068,0,0.0421767184183,0.0414764747191,0.0408471445687,0.0430177311912,0.0426537298387,0.0422497801876,after_reset,6.12167757224,5739.11383539,0.0601844051497,1.01481229329,0.462761387707,0.0601844051497,0.06771022913,0.0432087350913,0.0721840987619,0.0613173724261,0.0593442191601,0.0186884205812,0.139702760085,0.134831460674,0.136102236422,0.145454545455,0.137419354839,0.14021101993,942,89,313,319,310,853
full,eps2,123,1,1,retained,2.83453815975e-15,-0.744502829521,-2.88336349212,5912.7896817,0.957796646932,1,0.0315399409566,49.0162198231,6.07101169344,3.03009573195,1.25703452256,0.0423218550955,0.0403353230337,0.0414212260383,0.0433850901254,0.0421370967742,0.0425291251465,after_reset,6.12099048024,5955.57104541,0.0613088624015,1.03377257111,0.475806268756,0.0613088624015,0.0695406317118,0.0442120038967,0.0731564467931,0.0627771507042,0.0603853638024,0.0186884205812,0.134713375796,0.13595505618,0.123961661342,0.140438871473,0.139677419355,0.134583821805,942,89,313,319,310,853
full,eps2,123,1,1,shared_reset,2.96984659087e-15,-4.67522416338e-09,-0.000540255539527,0.000144152662523,1.20667813991e-08,1,-1.17147305172e-06,23.1081181679,6.07101169344,3.03021293186,0.860754942344,0.000812765392781,0.00855863764045,0.00101088258786,0.000502057210031,0.000932459677419,4.57942555686e-06,after_reset,0.000743191410005,23.1071794692,0.00381887129259,0.0643927197512,0.475806268756,0.00381887129259,0.012424081835,0.00346718455883,0.0038292248458,0.00413394493834,9.30074648768e-06,0.0186884205812,0.0031847133758,0.0325842696629,0.0038338658147,0.0012539184953,0.00451612903226,0.000117233294256,942,89,313,319,310,853
full,eps2,123,1,1,local_reset,2.1371793224e-15,-0.510154531265,-1.47122730841,5912.71595942,0.476116845168,1,0.00404803881698,24.2112346655,6.06272451699,3.03011334675,0.885895902354,0.0422472133758,0.0395452949438,0.0413837859425,0.0433361089342,0.0419984879032,0.0425291251465,after_reset,6.12096422845,5933.44864333,0.0611948883461,1.03185077306,0.475806268756,0.0611948883461,0.0684729733055,0.0440982582182,0.0730433332321,0.0626554294327,0.0603849933252,0.0186884205812,0.134076433121,0.129213483146,0.12268370607,0.14012539185,0.13935483871,0.134583821805,942,89,313,319,310,853
full,eps2,123,1,1,retained,2.76861866766e-15,-2.04734777675,-7.4739477486,6435.55127021,2.71773711178,4,0.032514877501,147.688833894,6.120105767,3.20428087294,2.12188731182,0.0408912221338,0.0440221207865,0.0396365814696,0.0420136167712,0.0410030241935,0.0405645515826,after_reset,6.11896892323,6566.98027992,0.0643790270451,1.08554081265,0.514971063401,0.0643790270451,0.0719266460274,0.0477504861418,0.0757385039792,0.0662524109318,0.0635398954323,0.0186884205812,0.122611464968,0.126966292135,0.112779552716,0.132915360502,0.121935483871,0.122157092614,942,89,313,319,310,853
full,eps2,123,1,1,shared_reset,2.28983498829e-15,-1.48323503694e-07,-0.00234426770018,0.000914785824937,9.86533785653e-08,4,-1.35808745315e-06,24.1464919148,6.12282388965,3.20461364036,0.85669743337,0.000841792728238,0.00877808988764,0.00106080271565,0.000661246081505,0.000806451612903,1.37382766706e-05,after_reset,0.00194871428725,24.1427152511,0.00390350382226,0.065819769355,0.514971063401,0.00390350382226,0.0126992410783,0.00352199139867,0.00392334543751,0.00423531228444,2.37665528804e-05,0.0186884205812,0.00339702760085,0.0348314606742,0.00351437699681,0.00188087774295,0.00483870967742,0.000117233294256,942,89,313,319,310,853
full,eps2,123,1,1,local_reset,2.95596880306e-15,-1.76800960959,-5.95607616915,6435.14315957,2.12075052694,4,0.00123168031413,115.318784551,6.12032899439,3.20428798852,1.87548754555,0.0406465631635,0.0415203651685,0.0392372204473,0.0419646355799,0.0407132056452,0.0405553927315,after_reset,6.11883424449,6537.13698645,0.0642325769356,1.08307141263,0.514971063401,0.0642325769356,0.0705440583922,0.0475974858801,0.0756044579092,0.0660889752227,0.0635379426179,0.0186884205812,0.121656050955,0.11797752809,0.112460063898,0.13197492163,0.120322580645,0.12203985932,942,89,313,319,310,853
full,eps2,123,1,1,retained,2.94902990916e-15,-4.62562503411,-18.7966532794,7476.31696422,6.83374552133,10,-0.0986182690791,412.865991616,6.33292420175,3.5105057029,3.36485678532,0.0391951963907,0.0413009129213,0.0372653753994,0.0409850117555,0.0393019153226,0.0389754909144,after_reset,6.11551532419,7848.97490819,0.0703830403541,1.18677877454,0.596417071335,0.0703830403541,0.0775023117151,0.0533371633956,0.0821922101579,0.0723118499936,0.069598289918,0.0186884205812,0.118365180467,0.113483146067,0.114376996805,0.118495297806,0.122258064516,0.118874560375,942,89,313,319,310,853
full,eps2,123,1,1,shared_reset,3.38618022511e-15,-8.42637756295e-07,-0.00686368522082,0.00390205599318,3.99312022424e-07,10,-3.63596546785e-06,26.3412143486,6.32135685054,3.51104136122,0.848730779376,0.000630307855626,0.00645189606742,0.000661441693291,0.000575528996865,0.000655241935484,2.28971277843e-05,after_reset,0.00373587125547,26.3313804763,0.00407660250597,0.0687385100444,0.596417071335,0.00407660250597,0.0132617193286,0.00363257808231,0.00409525256182,0.0044629641113,4.94912948078e-05,0.0186884205812,0.00276008492569,0.0247191011236,0.0038338658147,0.0012539184953,0.00322580645161,0.000468933177022,942,89,313,319,310,853
full,eps2,123,1,1,local_reset,3.80251385934e-15,-4.25233488345,-17.176931048,7475.17905849,6.01419308953,10,-0.133205395313,363.500913956,6.33292668765,3.51048031402,3.1574903573,0.0390459129512,0.0398964185393,0.0369408945687,0.0410584835423,0.0391003024194,0.0389571732122,after_reset,6.11516717734,7801.56922288,0.0701701711866,1.18318943529,0.596417071335,0.0701701711866,0.0754780044727,0.0531081032177,0.0820250251593,0.0720482976979,0.0695930454912,0.0186884205812,0.118577494692,0.114606741573,0.113738019169,0.120062695925,0.121935483871,0.118991793669,942,89,313,319,310,853
full,eps2,2026,0,0.25,retained,2.35922392733e-15,0,0,353.968722413,0,-1,0,0,6.24579541965,2.92941706768,0,0.0105866839172,0.0104166666667,0.0105830670927,0.010518710815,0.0106602822581,0.0106066503559,pulse,1.53798614947,353.968722413,0.0149466545468,1,0.452192411268,0.0149466545468,0.0152488644401,0.0100335849803,0.0187959663437,0.0146172191044,0.0149107618102,0.0186884205812,0.042144373673,0.0383838383838,0.038338658147,0.0473354231975,0.0406451612903,0.0425860023725,942,99,313,319,310,843
full,eps2,2026,0,0.25,retained,2.2239154962e-15,0.00301748342521,-0.0470842389767,365.633219434,0.00208529491343,0,-0.000328090591563,1.65804705501,6.24579541965,2.98957853683,0.233016880614,0.0101471271231,0.0102982954545,0.0105331469649,0.00991869122257,0.00999243951613,0.0101293742586,before_reset,1.53780082725,367.204562091,0.0152235376963,1.0185247574,0.465462475897,0.0152235376963,0.0177458015062,0.01031094451,0.0190647304687,0.014929130576,0.0148993384995,0.0186884205812,0.0446921443737,0.0353535353535,0.0460063897764,0.0470219435737,0.0409677419355,0.0457888493476,942,99,313,319,310,843
full,eps2,2026,0,0.25,retained,2.2239154962e-15,0.00301748342521,-0.0470842389767,365.633219434,0.00208529491343,0,-0.000328090591563,1.65804705501,6.24579541965,2.98957853683,0.233016880614,0.0101471271231,0.0102982954545,0.0105331469649,0.00991869122257,0.00999243951613,0.0101293742586,after_reset,1.53780082725,367.204562091,0.0152235376963,1.0185247574,0.465462475897,0.0152235376963,0.0177458015062,0.01031094451,0.0190647304687,0.014929130576,0.0148993384995,0.0186884205812,0.0446921443737,0.0353535353535,0.0460063897764,0.0470219435737,0.0409677419355,0.0457888493476,942,99,313,319,310,843
full,eps2,2026,0,0.25,shared_reset,2.69229083472e-15,0,0,0,0,0,0,1.65804705501,6.24579541965,2.98957853683,0.233016880614,0.000211484872611,0.00201231060606,0.000237120607029,0.000183679467085,0.000214213709677,0,after_reset,0,1.65804705501,0.00102296312449,0.0684409425055,0.465462475897,0.00102296312449,0.00315549744421,0.000783389991228,0.00115381696544,0.00109100210058,0,0.0186884205812,0.000636942675159,0.00606060606061,0.000638977635783,0.000626959247649,0.000645161290323,0,942,99,313,319,310,843
full,eps2,2026,0,0.25,local_reset,2.73392419814e-15,0,0,365.633219434,0,0,0,0,6.24579541965,2.98954827547,0,0.0101346868365,0.0101799242424,0.0105705870607,0.00989420062696,0.00994203629032,0.0101293742586,after_reset,1.53780082725,365.633219434,0.0151909304758,1.01634318424,0.465462475897,0.0151909304758,0.0174779002691,0.0102819398909,0.0190322775051,0.0148909596901,0.0148993384995,0.0186884205812,0.0443736730361,0.0323232323232,0.0456869009585,0.046394984326,0.0409677419355,0.0457888493476,942,99,313,319,310,843
full,eps2,2026,0,0.25,retained,2.40085729075e-15,0.00206015614232,-0.1182524177,378.839106176,0.00471339919021,1,-0.000557624924231,3.85571520598,6.37993440916,3.05633592006,0.350896776574,0.0107525544055,0.0107323232323,0.0109449880192,0.0104085031348,0.0109122983871,0.0107549303084,after_reset,1.53759737835,382.466035009,0.0155366717268,1.03947486564,0.479861045368,0.0155366717268,0.0180577662699,0.0105889779074,0.0193547508385,0.0153236733919,0.0152132116695,0.0186884205812,0.0405520169851,0.0323232323232,0.0392971246006,0.0426332288401,0.0396774193548,0.0415183867141,942,99,313,319,310,843
full,eps2,2026,0,0.25,shared_reset,2.34100933083e-15,4.00638979976e-10,-6.57999300034e-05,1.60921907571e-05,1.18607262813e-10,1,2.03857264815e-08,1.68489541065,6.3784617488,3.05634388509,0.232599889187,0.000261246019108,0.00248579545455,0.000199680511182,0.000257151253918,0.000327620967742,0,after_reset,0.000285082705617,1.68477994467,0.00103117682724,0.0689904770339,0.479861045368,0.00103117682724,0.00318082095437,0.000785655020115,0.00116386456482,0.00110181824407,3.11674142721e-06,0.0186884205812,0.000743099787686,0.00707070707071,0.00127795527157,0.000313479623824,0.000645161290323,0,942,99,313,319,310,843
full,eps2,2026,0,0.25,local_reset,2.38697950294e-15,-0.000865781152534,-0.0677892030603,378.831522397,0.00239073913348,1,-0.000304218566852,1.97770426167,6.3784922533,3.05630602914,0.250398603632,0.0107442608811,0.0106534090909,0.0108576277955,0.0104329937304,0.0109501008065,0.0107549303084,after_reset,1.53758422324,380.673698992,0.0155002245198,1.0370363797,0.479861045368,0.0155002245198,0.0177583206489,0.0105565175905,0.0193186112375,0.0152809947795,0.0152130625024,0.0186884205812,0.040127388535,0.0282828282828,0.038338658147,0.0426332288401,0.0393548387097,0.0415183867141,942,99,313,319,310,843
full,eps2,2026,0,0.25,retained,2.76861866766e-15,0.00662001627554,-0.404113311999,412.637468708,0.0116222094561,4,-0.00117755628759,10.0377372347,6.45895195165,3.22156773639,0.551316385661,0.0100807789278,0.0109690656566,0.0100963458466,0.0105921826019,0.00953881048387,0.00997646055753,after_reset,1.53705576416,421.889486448,0.0163177736393,1.09173417959,0.520148623158,0.0163177736393,0.0188027639425,0.0114552900547,0.0200842067721,0.016172092915,0.016000639169,0.0186884205812,0.0394904458599,0.0414141414141,0.0376996805112,0.0398119122257,0.0409677419355,0.0392645314353,942,99,313,319,310,843
full,eps2,2026,0,0.25,shared_reset,2.72004641033e-15,1.63607567936e-10,-0.000212417864797,7.09106477195e-05,4.81019491654e-10,4,9.88000948117e-08,1.7600866021,6.45892049438,3.22150555659,0.231178095383,0.000211484872611,0.00197285353535,0.000237120607029,0.000208170062696,0.000189012096774,4.6337485172e-06,after_reset,0.000554947169333,1.75973287543,0.00105386486733,0.0705084113657,0.520148623158,0.00105386486733,0.0032507623085,0.000794861495461,0.00118927131266,0.00113205040147,6.5754435642e-06,0.0186884205812,0.000636942675159,0.00606060606061,0.00127795527157,0,0.000645161290323,0,942,99,313,319,310,843
full,eps2,2026,0,0.25,local_reset,2.95596880306e-15,0.00366601952272,-0.352762892034,412.610235153,0.00880546576196,4,-0.00114432147999,7.6277410714,6.45895233797,3.2215359801,0.480231380182,0.0100144307325,0.010377209596,0.0100464257188,0.0105799373041,0.0094002016129,0.00997182680902,after_reset,1.53701529795,419.546299302,0.0162723958365,1.08869819568,0.520148623158,0.0162723958365,0.0184286074483,0.0114131755575,0.0200353153054,0.0161255572036,0.0160001205638,0.0186884205812,0.0393842887473,0.040404040404,0.0376996805112,0.0391849529781,0.0412903225806,0.0392645314353,942,99,313,319,310,843
full,eps2,2026,0,0.25,retained,3.5457747849e-15,0.00687916741261,-1.0830971239,483.024230586,0.0302468726049,10,-0.0040339980128,29.0469914406,6.62706568802,3.57182589924,0.888583524573,0.00954999336518,0.0100220959596,0.0094973043131,0.00964929467085,0.00950100806452,0.00949455071174,after_reset,1.53605360818,509.94096499,0.0179399613725,1.20026600711,0.607232275602,0.0179399613725,0.020225971539,0.0132670545294,0.0214528363028,0.0180743302329,0.0176520832091,0.0186884205812,0.032059447983,0.0323232323232,0.029392971246,0.0369905956113,0.0296774193548,0.0320284697509,942,99,313,319,310,843
full,eps2,2026,0,0.25,shared_reset,3.15719672628e-15,-1.56964439109e-09,-0.000649579947597,0.000304534799856,1.9949528757e-09,10,2.07396299035e-07,1.90907532045,6.62826769603,3.57169622665,0.228821323284,0.000207338110403,0.00197285353535,0.000187200479233,0.00019592476489,0.000239415322581,0,after_reset,0.00103773241474,1.908081109,0.00109738739844,0.0734202690645,0.607232275602,0.00109738739844,0.00338482896929,0.000809491498246,0.00123899986061,0.00119083468351,1.38807979842e-05,0.0186884205812,0.00031847133758,0.0030303030303,0.000319488817891,0.000626959247649,0,0,942,99,313,319,310,843
full,eps2,2026,0,0.25,local_reset,4.28129753871e-15,0.00450764430316,-1.0132283218,482.947496076,0.0263656488336,10,-0.00394233171884,25.3563643054,6.62756465758,3.57179704792,0.829895765266,0.00947120488323,0.00927241161616,0.00938498402556,0.00958806818182,0.00943800403226,0.00949455071174,after_reset,1.53595579989,506.304900012,0.0178758877187,1.19597918469,0.607232275602,0.0178758877187,0.0196901859861,0.0132102580537,0.0213883059148,0.018001977985,0.0176505883469,0.0186884205812,0.0325902335456,0.0373737373737,0.0297124600639,0.0376175548589,0.0303225806452,0.0320284697509,942,99,313,319,310,843
full,eps2,2026,0,1,retained,2.63677968348e-15,0,0,5663.49959841,0,-1,0,0,6.24579541965,2.92941706768,0,0.0421974522293,0.042297979798,0.0414087460064,0.0427483346395,0.0424269153226,0.0421856465006,pulse,6.15194462761,5663.49959841,0.0597866183972,1,0.452192411268,0.0597866183972,0.0609954581328,0.040134340089,0.0751838657003,0.0584688765237,0.0596430474314,0.0186884205812,0.148619957537,0.150505050505,0.141214057508,0.157993730408,0.146451612903,0.148398576512,942,99,313,319,310,843
full,eps2,2026,0,1,retained,2.45636844198e-15,-0.158154808841,-0.687289194405,5850.12581956,0.535682698143,0,-0.0210583957814,26.6214292838,6.24579541965,2.9895956396,0.933776061295,0.0410322120488,0.0415482954545,0.041009384984,0.0406788793103,0.0414188508065,0.0409716043891,before_reset,6.1512025013,5875.54992674,0.0608955859029,1.01854875782,0.465462475897,0.0608955859029,0.0709951128629,0.0412447277343,0.076259541718,0.059719492384,0.0595973269728,0.0186884205812,0.149044585987,0.145454545455,0.148881789137,0.16144200627,0.136451612903,0.149466192171,942,99,313,319,310,843
full,eps2,2026,0,1,retained,2.45636844198e-15,-0.158154808841,-0.687289194405,5850.12581956,0.535682698143,0,-0.0210583957814,26.6214292838,6.24579541965,2.9895956396,0.933776061295,0.0410322120488,0.0415482954545,0.041009384984,0.0406788793103,0.0414188508065,0.0409716043891,after_reset,6.1512025013,5875.54992674,0.0608955859029,1.01854875782,0.465462475897,0.0608955859029,0.0709951128629,0.0412447277343,0.076259541718,0.059719492384,0.0595973269728,0.0186884205812,0.149044585987,0.145454545455,0.148881789137,0.16144200627,0.136451612903,0.149466192171,942,99,313,319,310,843
full,eps2,2026,0,1,shared_reset,2.34534613952e-15,0,0,0,0,0,0,26.6214292838,6.24579541965,2.9895956396,0.933776061295,0.000924727972399,0.00879892676768,0.00104832268371,0.000832680250784,0.000894657258065,0,after_reset,0,26.6214292838,0.00409899357162,0.0685603849409,0.465462475897,0.00409899357162,0.0126440175892,0.00313070805468,0.00464329913288,0.00435583306819,0,0.0186884205812,0.0031847133758,0.030303030303,0.00351437699681,0.0025078369906,0.00354838709677,0,942,99,313,319,310,843
full,eps2,2026,0,1,local_reset,2.55351295664e-15,0,0,5850.12581956,0,0,0,0,6.24579541965,2.98954827547,0,0.0408704883227,0.040009469697,0.0408721046326,0.0404707092476,0.0412802419355,0.0409716043891,after_reset,6.1512025013,5850.12581956,0.0607636923458,1.01634268629,0.465462475897,0.0607636923458,0.0699115528079,0.0411276640526,0.0761291288809,0.0595637889161,0.0595973269728,0.0186884205812,0.148938428875,0.144444444444,0.149201277955,0.160501567398,0.136774193548,0.149466192171,942,99,313,319,310,843
full,eps2,2026,0,1,retained,2.91433543964e-15,-0.654157730604,-1.72773837318,6061.45478243,1.21023519424,1,-0.0357128625615,61.8943721685,6.38832765643,3.05625146971,1.40579801485,0.0423177083333,0.0439946338384,0.0421825079872,0.0420625979624,0.042716733871,0.0421207740214,after_reset,6.15039414637,6119.72417186,0.0621480457698,1.03949759053,0.479861045368,0.0621480457698,0.0722465209783,0.0423538610617,0.0774240471797,0.0612937550205,0.0608522426978,0.0186884205812,0.140445859873,0.142424242424,0.139616613419,0.147335423197,0.134193548387,0.140213523132,942,99,313,319,310,843
full,eps2,2026,0,1,shared_reset,2.47371567674e-15,-2.42241288612e-09,-0.00107424211872,0.000261022619644,3.07960100577e-08,1,9.86884643721e-08,27.0514711433,6.38198031403,3.05635830208,0.932115923095,0.000945461783439,0.00899621212121,0.000936002396166,0.000893906739812,0.00100806451613,0,after_reset,0.00114398352108,27.049583905,0.00413182431745,0.0691095169491,0.479861045368,0.00413182431745,0.0127452367567,0.00313931712238,0.00468343847535,0.00439939476778,1.25542619428e-05,0.0186884205812,0.00403397027601,0.0373737373737,0.00575079872204,0.00282131661442,0.00354838709677,0.00011862396204,942,99,313,319,310,843
full,eps2,2026,0,1,local_reset,2.83106871279e-15,-0.477798425012,-0.986115125237,6061.32988953,0.613947039922,1,-0.0190259755196,31.7570437249,6.38330090326,3.05619939924,1.00318577666,0.0422098925159,0.0430082070707,0.0421575479233,0.0418666731975,0.0426159274194,0.0421161402728,after_reset,6.15034142364,6090.73500124,0.0620006732011,1.03703261471,0.479861045368,0.0620006732011,0.0710359496051,0.042222603568,0.0772787698555,0.0611200773347,0.0608516283597,0.0186884205812,0.140021231423,0.138383838384,0.139297124601,0.146394984326,0.134193548387,0.140213523132,942,99,313,319,310,843
full,eps2,2026,0,1,retained,2.94209101526e-15,-1.54815955577,-6.1550000529,6602.28518884,2.98419458494,4,-0.0779225729438,161.103762609,6.45846706764,3.22145991326,2.2084840143,0.0403604365711,0.0427714646465,0.0404602635783,0.040703369906,0.0399067540323,0.0400772909253,after_reset,6.14823197316,6750.81098168,0.0652738947655,1.09178101246,0.520148623158,0.0652738947655,0.0752382393479,0.0458156305861,0.0803439117895,0.0646918575625,0.0640019956957,0.0186884205812,0.132271762208,0.132323232323,0.125878594249,0.143573667712,0.127096774194,0.132265717675,942,99,313,319,310,843
full,eps2,2026,0,1,shared_reset,3.13638004457e-15,-1.13640238235e-07,-0.00343563066298,0.00115293675801,1.24377138333e-07,4,2.43027045143e-06,28.2638745363,6.45891898295,3.22152598178,0.926457822379,0.000792031581741,0.00741792929293,0.000836162140575,0.000734717868339,0.000806451612903,1.39012455516e-05,after_reset,0.00222797075247,28.2581609693,0.00422312075988,0.0706365550201,0.520148623158,0.00422312075988,0.0130266785037,0.0031769661309,0.00478535903473,0.00452098940312,2.6513098923e-05,0.0186884205812,0.00244161358811,0.0222222222222,0.00255591054313,0.00219435736677,0.00258064516129,0.00011862396204,942,99,313,319,310,843
full,eps2,2026,0,1,local_reset,2.34794822473e-15,-1.34717901874,-5.41730677034,6601.84654091,2.26140882309,4,-0.0743616083067,122.440790123,6.45846945013,3.22138922538,1.92381049626,0.040298235138,0.0421796085859,0.040273063099,0.0407278605016,0.0398815524194,0.0400772909253,after_reset,6.14807017694,6712.87104507,0.0650902148529,1.08870875453,0.520148623158,0.0650902148529,0.0737239610746,0.0456452499914,0.0801462845964,0.0645030676035,0.0639999106274,0.0186884205812,0.13110403397,0.121212121212,0.125559105431,0.141692789969,0.125806451613,0.132265717675,942,99,313,319,310,843
full,eps2,2026,0,1,retained,3.66720542821e-15,-4.2295968386,-16.8178415103,7728.52724165,7.75381384886,10,-0.286388282027,465.348252667,6.62039636173,3.57152017386,3.55667145565,0.0381958266985,0.0387073863636,0.0387629792332,0.0379726684953,0.0378528225806,0.0381357502966,after_reset,6.1442295555,8158.9616549,0.0717594330639,1.20025910459,0.607232275602,0.0717594330639,0.0809257523088,0.0530585708182,0.0858170123985,0.0722963042357,0.0706049216375,0.0186884205812,0.116135881104,0.120202020202,0.110862619808,0.126332288401,0.110967741935,0.115658362989,942,99,313,319,310,843
full,eps2,2026,0,1,shared_reset,3.12597170371e-15,-5.55234313376e-07,-0.0104231133015,0.00490012384797,5.12794105044e-07,10,3.30797806443e-06,30.6706462328,6.62650720908,3.57170680561,0.91715583137,0.000800325106157,0.00757575757576,0.000848642172524,0.000710227272727,0.000844254032258,4.6337485172e-06,after_reset,0.00415610087465,30.6547061483,0.00439855606108,0.0735709123378,0.607232275602,0.00439855606108,0.0135670941536,0.00323519933767,0.00498670008273,0.004757507981,5.56846156491e-05,0.0186884205812,0.00265392781316,0.0252525252525,0.00127795527157,0.00376175548589,0.00290322580645,0,942,99,313,319,310,843
full,eps2,2026,0,1,local_reset,3.15719672628e-15,-3.93613331172,-15.7766885515,7727.30108624,6.76017469682,10,-0.27369418505,406.282681077,6.62272034583,3.57144129832,3.32200124844,0.0380216626858,0.0370896464646,0.038575778754,0.0378747061129,0.0376134072581,0.038131116548,after_reset,6.14383972692,8100.37090991,0.0715013111223,1.19594171805,0.607232275602,0.0715013111223,0.0787673445687,0.0528299324076,0.0855570352272,0.0720047168041,0.0705989538431,0.0186884205812,0.115923566879,0.118181818182,0.110862619808,0.126645768025,0.11,0.115658362989,942,99,313,319,310,843
full,eps2,2026,1,0.25,retained,2.17534323887e-15,0,0,355.340045591,0,-1,0,0,6.24579541965,2.92941706768,0,0.0107318205945,0.0108730670103,0.0103584265176,0.0110330133229,0.010798891129,0.0107156065089,pulse,1.53695008308,355.340045591,0.0149755792499,1,0.452192411268,0.0149755792499,0.0151473314869,0.0101749990816,0.0187292983662,0.0146963261478,0.0149557371083,0.0186884205812,0.0436305732484,0.0474226804124,0.0460063897764,0.0423197492163,0.0425806451613,0.0431952662722,942,97,313,319,310,845
full,eps2,2026,1,0.25,retained,2.33840724562e-15,-0.0011985084663,-0.0570293013117,367.707385214,0.00214842605276,0,-9.72107967029e-05,1.7164862135,6.24579541965,2.99266879205,0.237570764544,0.0105742436306,0.00990657216495,0.0103334664537,0.0102370689655,0.0111643145161,0.010650887574,before_reset,1.53676775701,369.309369813,0.0152671058286,1.01946679817,0.465733331863,0.0152671058286,0.0178297001362,0.0104518037335,0.0189776239831,0.0150788805049,0.0149448489919,0.0186884205812,0.0400212314225,0.0371134020619,0.032268370607,0.0470219435737,0.0406451612903,0.0403550295858,942,97,313,319,310,845
full,eps2,2026,1,0.25,retained,2.33840724562e-15,-0.0011985084663,-0.0570293013117,367.707385214,0.00214842605276,0,-9.72107967029e-05,1.7164862135,6.24579541965,2.99266879205,0.237570764544,0.0105742436306,0.00990657216495,0.0103334664537,0.0102370689655,0.0111643145161,0.010650887574,after_reset,1.53676775701,369.309369813,0.0152671058286,1.01946679817,0.465733331863,0.0152671058286,0.0178297001362,0.0104518037335,0.0189776239831,0.0150788805049,0.0149448489919,0.0186884205812,0.0400212314225,0.0371134020619,0.032268370607,0.0470219435737,0.0406451612903,0.0403550295858,942,97,313,319,310,845
full,eps2,2026,1,0.25,shared_reset,2.32452945781e-15,0,0,0,0,0,0,1.7164862135,6.24579541965,2.99266879205,0.237570764544,0.000207338110403,0.00201353092784,0.000162240415335,0.000208170062696,0.000252016129032,0,after_reset,0,1.7164862135,0.0010408345804,0.0695021249618,0.465733331863,0.0010408345804,0.00324355522709,0.00076427737333,0.0011399145144,0.00116835056449,0,0.0186884205812,0.00138004246285,0.0134020618557,0.00159744408946,0.0012539184953,0.00129032258065,0,942,97,313,319,310,845
full,eps2,2026,1,0.25,local_reset,2.33840724562e-15,0,0,367.707385214,0,0,0,0,6.24579541965,2.99267642652,0,0.0105576565817,0.00974548969072,0.0103209864217,0.0102615595611,0.0111013104839,0.010650887574,after_reset,1.53676775701,367.707385214,0.0152339571312,1.01725328129,0.465733331863,0.0152339571312,0.0175521895295,0.0104263607651,0.0189453455648,0.0150364976761,0.0149448489919,0.0186884205812,0.03991507431,0.0360824742268,0.032268370607,0.0467084639498,0.0406451612903,0.0403550295858,942,97,313,319,310,845
full,eps2,2026,1,0.25,retained,2.29330443524e-15,-0.00828475183207,-0.150574948345,379.469611421,0.00452932120648,1,9.64041239822e-05,3.68536807625,6.24579541965,3.05026647704,0.344419804672,0.0108189026008,0.0122019974227,0.0104707468051,0.0110085227273,0.0109753024194,0.0106601331361,after_reset,1.53657574505,382.841982226,0.0155443057823,1.0379769305,0.479004942264,0.0155443057823,0.0182130084057,0.0107820145361,0.0192177180985,0.0153886260591,0.0152080226457,0.0186884205812,0.0403397027601,0.0432989690722,0.0376996805112,0.0479623824451,0.0351612903226,0.04,942,97,313,319,310,845
full,eps2,2026,1,0.25,shared_reset,2.58126853225e-15,-1.16872453462e-09,-5.93524918129e-05,2.0951742315e-05,1.56273725867e-10,1,-1.68541562559e-07,1.7425181975,6.24579541965,3.05032895547,0.237201434409,0.000228071921444,0.00221488402062,0.000199680511182,0.000146943573668,0.000340221774194,0,after_reset,0.000304679985008,1.74242010499,0.00104866793698,0.0700252003267,0.479004942264,0.00104866793698,0.0032679495837,0.000766408925717,0.00115135618819,0.00117665147588,3.54509486363e-06,0.0186884205812,0.000849256900212,0.00824742268041,0.000638977635783,0.0012539184953,0.000645161290323,0,942,97,313,319,310,845
full,eps2,2026,1,0.25,local_reset,2.35922392733e-15,-0.0069637120391,-0.0908574807616,379.462409921,0.00206801601526,1,0.000214921064695,1.68530185368,6.24579541965,3.05027433287,0.232377756893,0.0107567011677,0.0115576675258,0.0103334664537,0.0109840321317,0.0109501008065,0.0106647559172,after_reset,1.53656031998,380.954567247,0.0155059416449,1.03541515063,0.479004942264,0.0155059416449,0.0178936604159,0.0107525203084,0.0191805846222,0.0153394459492,0.0152078803191,0.0186884205812,0.0397027600849,0.0371134020619,0.0370607028754,0.0476489028213,0.0341935483871,0.04,942,97,313,319,310,845
full,eps2,2026,1,0.25,retained,2.671474153e-15,-0.0166686704071,-0.458707337823,414.760689002,0.0123256343798,4,0.000863944469978,10.6047637826,6.28031330839,3.22422168707,0.56732894997,0.0103088508493,0.0107925257732,0.00990914536741,0.0108003526646,0.0102066532258,0.0102533284024,after_reset,1.53603600543,424.428754292,0.0163668066664,1.09289973986,0.520178879037,0.0163668066664,0.0188576651706,0.0117068122433,0.0198132826697,0.016481727567,0.0160561678535,0.0186884205812,0.0392781316348,0.0412371134021,0.0357827476038,0.0423197492163,0.0396774193548,0.0390532544379,942,97,313,319,310,845
full,eps2,2026,1,0.25,shared_reset,2.97678548478e-15,-2.67556740638e-09,-0.000185305026941,6.40736349935e-05,4.11178145826e-10,4,-1.12516559215e-07,1.82744574207,6.27721209437,3.22435067357,0.236196264657,0.000186604299363,0.00181217783505,8.73602236422e-05,0.000208170062696,0.000264616935484,0,after_reset,0.000497443815914,1.82713897568,0.00107385920401,0.0717073567631,0.520178879037,0.00107385920401,0.00334641911671,0.000778263560092,0.00118163912118,0.00120656376096,6.24869720803e-06,0.0186884205812,0.000743099787686,0.00721649484536,0.00127795527157,0,0.000967741935484,0,942,97,313,319,310,845
full,eps2,2026,1,0.25,local_reset,3.0114799543e-15,-0.0155133664092,-0.390247918079,414.73926205,0.00941771645503,4,0.000850769123644,8.1010867576,6.28031281307,3.22422788332,0.495358688133,0.0102756767516,0.0104703608247,0.00985922523962,0.0107881073668,0.0101688508065,0.0102533284024,after_reset,1.53599667761,422.039945493,0.0163206830953,1.08981982085,0.520178879037,0.0163206830953,0.0184685124734,0.0116697743276,0.0197695609751,0.0164231867539,0.0160557537052,0.0186884205812,0.0389596602972,0.0381443298969,0.0361022364217,0.0416927899687,0.0390322580645,0.0390532544379,942,97,313,319,310,845
full,eps2,2026,1,0.25,retained,3.10862446895e-15,-0.0531837645227,-1.12343238042,480.856862281,0.0306529495903,10,0.000468840068034,29.2045672366,6.53187722022,3.53950856209,0.895675420609,0.00949608545648,0.0105911726804,0.00898562300319,0.00978399294671,0.00971522177419,0.00937037721893,after_reset,1.53518201865,507.739787858,0.0179012002789,1.1953594569,0.600452173503,0.0179012002789,0.0205226346868,0.0132957759858,0.0209866772216,0.0184945269811,0.017575277864,0.0186884205812,0.0342887473461,0.0309278350515,0.0303514376997,0.0379310344828,0.0345161290323,0.034674556213,942,97,313,319,310,845
full,eps2,2026,1,0.25,shared_reset,3.24740234703e-15,-1.4982450299e-08,-0.000568068738501,0.000298152045191,1.83204163918e-09,10,-1.79254921049e-07,1.96312826406,6.52936491206,3.53991233989,0.232932543397,0.000182457537155,0.00169136597938,0.00011232028754,0.00019592476489,0.000239415322581,9.24556213018e-06,after_reset,0.00101205934611,1.96228989198,0.00111286667159,0.0743120952464,0.600452173503,0.00111286667159,0.00346779569481,0.00079780354073,0.00122774411847,0.00125283275575,1.36291680663e-05,0.0186884205812,0.000743099787686,0.00515463917526,0,0.000940438871473,0.00129032258065,0.000236686390533,942,97,313,319,310,845
full,eps2,2026,1,0.25,local_reset,3.27515792264e-15,-0.0522262725225,-1.03566820878,480.797672693,0.0265906408137,10,0.000893991481957,25.3558556571,6.53187661163,3.53950839725,0.833969950093,0.00945047107219,0.0102287371134,0.00892322284345,0.00978399294671,0.00963961693548,0.0093611316568,after_reset,1.53508181127,504.006118011,0.0178352605012,1.19095630316,0.600452173503,0.0178352605012,0.0199662132812,0.0132443495827,0.0209271116368,0.018407447439,0.017574116958,0.0186884205812,0.0345010615711,0.0329896907216,0.0303514376997,0.0385579937304,0.0345161290323,0.034674556213,942,97,313,319,310,845
full,eps2,2026,1,1,retained,2.78943534937e-15,0,0,5685.44073631,0,-1,0,0,6.24579541965,2.92941706768,0,0.042371616242,0.0424049613402,0.0412340255591,0.0422340321317,0.0436617943548,0.0423677884615,pulse,6.14780033331,5685.44073631,0.0599023170358,1,0.452192411268,0.0599023170358,0.0605893262429,0.0406999963635,0.0749171934669,0.0587853046742,0.0598229484391,0.0186884205812,0.14872611465,0.153608247423,0.139297124601,0.160815047022,0.145806451613,0.148165680473,942,97,313,319,310,845
full,eps2,2026,1,1,retained,2.74780198595e-15,-0.445882979329,-0.93438320648,5883.32916587,0.548903429918,0,-0.00674900073033,27.3956758836,6.24579541965,2.99257946766,0.949349949103,0.0420025544055,0.0424855025773,0.0414711461661,0.0414503330721,0.043107358871,0.0419471153846,before_reset,6.14707128133,5908.49971481,0.0610660968722,1.01942796029,0.465733331863,0.0610660968722,0.071299053153,0.0418013092764,0.0759095824422,0.0603136803304,0.0597794506582,0.0186884205812,0.141295116773,0.129896907216,0.126517571885,0.158934169279,0.138064516129,0.142603550296,942,97,313,319,310,845
full,eps2,2026,1,1,retained,2.74780198595e-15,-0.445882979329,-0.93438320648,5883.32916587,0.548903429918,0,-0.00674900073033,27.3956758836,6.24579541965,2.99257946766,0.949349949103,0.0420025544055,0.0424855025773,0.0414711461661,0.0414503330721,0.043107358871,0.0419471153846,after_reset,6.14707128133,5908.49971481,0.0610660968722,1.01942796029,0.465733331863,0.0610660968722,0.071299053153,0.0418013092764,0.0759095824422,0.0603136803304,0.0597794506582,0.0186884205812,0.141295116773,0.129896907216,0.126517571885,0.158934169279,0.138064516129,0.142603550296,942,97,313,319,310,845
full,eps2,2026,1,1,shared_reset,1.7694179455e-15,0,0,0,0,0,0,27.3956758836,6.24579541965,2.99257946766,0.949349949103,0.000845939490446,0.00821520618557,0.000811202076677,0.000734717868339,0.000995463709677,0,after_reset,0,27.3956758836,0.0041581730813,0.0694158971984,0.465733331863,0.0041581730813,0.0129581244579,0.00306245831487,0.00454161688834,0.00467396966523,0,0.0186884205812,0.00403397027601,0.039175257732,0.00351437699681,0.00376175548589,0.00483870967742,0,942,97,313,319,310,845
full,eps2,2026,1,1,local_reset,2.74780198595e-15,0,0,5883.32916587,0,0,0,0,6.24579541965,2.99267642652,0,0.0419279126858,0.0417606314433,0.0414337060703,0.0413768612853,0.0429939516129,0.0419471153846,after_reset,6.14707128133,5883.32916587,0.0609358855031,1.01725423186,0.465733331863,0.0609358855031,0.0702088327165,0.0417055581768,0.0757814160848,0.060146041668,0.0597794506582,0.0186884205812,0.141401273885,0.130927835052,0.126837060703,0.158934169279,0.138064516129,0.142603550296,942,97,313,319,310,845
full,eps2,2026,1,1,retained,2.70616862252e-15,-1.31076629302,-2.44869274336,6071.57085136,1.15731877537,1,0.00550474487711,58.8539716972,6.24579541965,3.04990451844,1.37649212615,0.0415298235138,0.0428076675258,0.0404727436102,0.0416585031348,0.0424647177419,0.0413831360947,after_reset,6.1463054968,6124.07423325,0.0621701300812,1.03785851963,0.479004942264,0.0621701300812,0.0728278368229,0.0431103218812,0.0768669810107,0.0615502787545,0.0608273346354,0.0186884205812,0.140445859873,0.140206185567,0.136102236422,0.151097178683,0.133870967742,0.140473372781,942,97,313,319,310,845
full,eps2,2026,1,1,shared_reset,2.707903346e-15,-1.06873646925e-07,-0.000938383052768,0.000334389482663,3.9581311079e-08,1,-1.18988296117e-05,27.811272893,6.24579541965,3.05023806938,0.947878675438,0.000841792728238,0.00805412371134,0.000773761980831,0.000661246081505,0.00109627016129,1.38683431953e-05,after_reset,0.00121270023262,27.8097065446,0.0041894764734,0.0699384711763,0.479004942264,0.0041894764734,0.0130556083992,0.00307088708197,0.00458752175396,0.00470707994135,1.4159898062e-05,0.0186884205812,0.00339702760085,0.0329896907216,0.0038338658147,0.00313479623824,0.00322580645161,0,942,97,313,319,310,845
full,eps2,2026,1,1,local_reset,3.27515792264e-15,-0.838680828682,-1.46501736723,6071.45427349,0.52894867716,1,0.0141336682205,26.9498621036,6.24579541965,3.04999679475,0.929178791079,0.0415505573248,0.0430492912371,0.0403978634185,0.0416217672414,0.0426411290323,0.0413785133136,after_reset,6.14624399045,6094.35395522,0.0620190900475,1.03533708071,0.479004942264,0.0620190900475,0.0715705440884,0.0429980390368,0.0767195274489,0.0613555581,0.0608267591749,0.0186884205812,0.140021231423,0.136082474227,0.136102236422,0.148902821317,0.134838709677,0.140473372781,942,97,313,319,310,845
full,eps2,2026,1,1,retained,2.72004641033e-15,-3.15441445031,-7.44749793438,6636.39254758,3.15566795074,4,0.049064048263,169.695860537,6.28751323949,3.22343588511,2.26946453791,0.0408912221338,0.0434519974227,0.0394369009585,0.0416217672414,0.0416078629032,0.0405972633136,after_reset,6.14415662511,6788.1383794,0.0654541061403,1.09268070718,0.520178879037,0.0654541061403,0.0754002098369,0.0467940245408,0.0792521673313,0.0659123317589,0.0642138669663,0.0186884205812,0.136942675159,0.127835051546,0.128434504792,0.147021943574,0.135161290323,0.13798816568,942,97,313,319,310,845
full,eps2,2026,1,1,shared_reset,3.42087469463e-15,-2.59881200588e-07,-0.00294603219445,0.00102414227374,1.0464702667e-07,4,-9.77768106482e-06,29.1690631179,6.27721367762,3.22426580532,0.943824079282,0.00085837977707,0.00825547680412,0.000624001597444,0.000771453761755,0.00118447580645,9.24556213018e-06,after_reset,0.00198425069477,29.1641752253,0.00429028756228,0.0716213958755,0.520178879037,0.00429028756228,0.0133696298725,0.00311854308707,0.00470786120848,0.00482756259465,2.49775208907e-05,0.0186884205812,0.00286624203822,0.0278350515464,0.00191693290735,0.00219435736677,0.00451612903226,0,942,97,313,319,310,845
full,eps2,2026,1,1,local_reset,3.87190279838e-15,-2.67117119912,-6.31400909718,6636.04915505,2.41415877625,4,0.0509519188702,129.803720434,6.28751215568,3.22351037244,1.98276638525,0.040816580414,0.0426465850515,0.0394244209265,0.0415360501567,0.0414818548387,0.0406065088757,after_reset,6.14399978672,6750.3985775,0.0652719009578,1.08963900209,0.520178879037,0.0652719009578,0.0738629234899,0.0466502932831,0.0790788780433,0.0656799137155,0.0642122099509,0.0186884205812,0.136411889597,0.121649484536,0.128434504792,0.147648902821,0.132903225806,0.138106508876,942,97,313,319,310,845
full,eps2,2026,1,1,retained,2.90045765183e-15,-8.09886671739,-18.115654046,7694.50528287,7.86023441892,10,-0.00523245435201,468.221839645,6.54325924645,3.53756791091,3.58597634586,0.038942243896,0.0411565721649,0.0375274560703,0.0399074255486,0.0393775201613,0.0386880547337,after_reset,6.14076387682,8118.1478505,0.0715797259238,1.19494085481,0.600452173503,0.0715797259238,0.0820547182299,0.0531251970093,0.0839443619223,0.0739491133623,0.0702774408898,0.0186884205812,0.11889596603,0.123711340206,0.107028753994,0.131347962382,0.118064516129,0.118343195266,942,97,313,319,310,845
full,eps2,2026,1,1,shared_reset,3.07739944638e-15,-1.32808708101e-06,-0.0090161010627,0.00477175601531,4.67543841569e-07,10,-2.06945755948e-05,31.3276698831,6.5293638444,3.53984535975,0.930677058376,0.000850086252654,0.00805412371134,0.000624001597444,0.000795944357367,0.00113407258065,2.31139053254e-05,after_reset,0.00404161396762,31.3143658592,0.00444563050198,0.0742146668437,0.600452173503,0.00444563050198,0.0138529938781,0.00319616152138,0.00489189086461,0.00501161374388,5.45272009319e-05,0.0186884205812,0.00276008492569,0.0226804123711,0.000319488817891,0.00344827586207,0.00451612903226,0.000473372781065,942,97,313,319,310,845
full,eps2,2026,1,1,local_reset,3.6828179395e-15,-7.56117780164,-16.676923839,7693.52748086,6.82427855337,10,0.0290558946002,406.882982112,6.5432586848,3.53759685918,3.34031616524,0.0388012539809,0.0397471005155,0.0375024960064,0.0397115007837,0.0391759072581,0.0386926775148,after_reset,6.14036386702,8058.81665004,0.0713176772871,1.19056625547,0.600452173503,0.0713176772871,0.0798445715972,0.0529227294484,0.0837086199451,0.0736004956983,0.0702726790084,0.0186884205812,0.11889596603,0.125773195876,0.107348242812,0.13197492163,0.117096774194,0.118106508876,942,97,313,319,310,845
full,eps2,42,0,0.25,retained,2.47371567674e-15,0,0,337.396744215,0,-1,0,0,6.05343823256,2.87826759651,0,0.0107401141189,0.0107638888889,0.011232028754,0.0105921826019,0.0103956653226,0.0107376026995,pulse,1.53692679423,337.396744215,0.0145925771004,1,0.445589630934,0.0145925771004,0.0149006491827,0.00992015522614,0.0181133902929,0.0144945097379,0.0145596536192,0.0186884205812,0.0394904458599,0.04,0.0367412140575,0.0413793103448,0.0403225806452,0.0394366197183,942,90,313,319,310,852
full,eps2,42,0,0.25,retained,2.09207651203e-15,-0.00434167860052,-0.0947305293931,348.223851251,0.00188570482752,0,-0.000183411218422,1.51386966376,6.27424453946,2.93405711836,0.2218779179,0.0106198580149,0.0110243055556,0.0105830670927,0.0102248236677,0.0110635080645,0.0105771346831,before_reset,1.5367504818,349.541095382,0.014852880069,1.01783803963,0.458530831556,0.014852880069,0.017475224185,0.010178350442,0.0183797664527,0.0147695310572,0.014548295329,0.0186884205812,0.0394904458599,0.0366666666667,0.0380191693291,0.0398119122257,0.0406451612903,0.0397887323944,942,90,313,319,310,852
full,eps2,42,0,0.25,retained,2.09207651203e-15,-0.00434167860052,-0.0947305293931,348.223851251,0.00188570482752,0,-0.000183411218422,1.51386966376,6.27424453946,2.93405711836,0.2218779179,0.0106198580149,0.0110243055556,0.0105830670927,0.0102248236677,0.0110635080645,0.0105771346831,after_reset,1.5367504818,349.541095382,0.014852880069,1.01783803963,0.458530831556,0.014852880069,0.017475224185,0.010178350442,0.0183797664527,0.0147695310572,0.014548295329,0.0186884205812,0.0394904458599,0.0366666666667,0.0380191693291,0.0398119122257,0.0406451612903,0.0397887323944,942,90,313,319,310,852
full,eps2,42,0,0.25,shared_reset,2.06085148946e-15,0,0,0,0,0,0,1.51386966376,6.27424453946,2.93405711836,0.2218779179,0.000207338110403,0.00217013888889,0.00022464057508,0.000220415360502,0.000176411290323,0,after_reset,0,1.51386966376,0.000977475309182,0.0669844197126,0.458530831556,0.000977475309182,0.00316235042196,0.000773726863881,0.0011120800139,0.00101305771973,0,0.0186884205812,0.000530785562633,0.00555555555556,0.000319488817891,0.000626959247649,0.000645161290323,0,942,90,313,319,310,852
full,eps2,42,0,0.25,local_reset,2.09207651203e-15,0,0,348.223851251,0,0,0,0,6.27312894705,2.93408651775,0,0.0105618033439,0.0104166666667,0.0105331469649,0.0101635971787,0.0110005040323,0.0105771346831,after_reset,1.5367504818,348.223851251,0.0148248671448,1.01591837019,0.458530831556,0.0148248671448,0.0172244560801,0.010153413091,0.0183504426938,0.0147388279378,0.014548295329,0.0186884205812,0.0389596602972,0.0311111111111,0.0370607028754,0.0394984326019,0.0403225806452,0.0397887323944,942,90,313,319,310,852
full,eps2,42,0,0.25,retained,2.61249355482e-15,-0.00410630787087,-0.1706842984,359.358398519,0.00428042745261,1,-0.000719128798837,3.52398639717,6.27424453946,2.99539792475,0.334813508252,0.0107069400212,0.0110677083333,0.0110822683706,0.0103717672414,0.0106728830645,0.0106688306925,after_reset,1.53658073361,362.535645874,0.015126446306,1.0365849844,0.471874428088,0.015126446306,0.0177418550324,0.0104999999844,0.018586853311,0.0151151385371,0.0148232475919,0.0186884205812,0.0409766454352,0.0366666666667,0.041214057508,0.0420062695925,0.0396774193548,0.0414319248826,942,90,313,319,310,852
full,eps2,42,0,0.25,shared_reset,2.38004060904e-15,-5.84106608877e-10,-3.674564724e-05,1.23126376122e-05,9.22943671975e-11,1,7.05495388737e-09,1.53765104265,6.27424453946,2.99539653838,0.221444009284,0.00021563163482,0.00225694444444,0.000249600638978,0.000232660658307,0.000163810483871,0,after_reset,0.000248509731105,1.53758987703,0.000985103378254,0.0675071559654,0.471874428088,0.000985103378254,0.0031870179363,0.000780630171322,0.00112083161494,0.00102021300668,2.72009223767e-06,0.0186884205812,0.000849256900212,0.00888888888889,0.000958466453674,0.000626959247649,0.000967741935484,0,942,90,313,319,310,852
full,eps2,42,0,0.25,local_reset,2.4910629115e-15,0.000440498075458,-0.0784727684981,359.35072266,0.00217570558816,1,-0.00050674166566,1.80427184685,6.27312894705,2.99542642955,0.239114541564,0.0107110867834,0.0111111111111,0.0110448282748,0.0103717672414,0.0107232862903,0.0106688306925,after_reset,1.53656978197,361.000092189,0.0150943775723,1.03438737849,0.471874428088,0.0150943775723,0.0174548861038,0.0104719012672,0.0185552256254,0.0150773431376,0.0148230931964,0.0186884205812,0.0414012738854,0.0411111111111,0.0415335463259,0.0429467084639,0.0396774193548,0.0414319248826,942,90,313,319,310,852
full,eps2,42,0,0.25,retained,2.71310751643e-15,-0.0154846580246,-0.559863459901,391.98082009,0.011496985521,4,-0.00254612128016,10.01946355,6.27424453946,3.14926101566,0.549051580988,0.0109101313694,0.0110243055556,0.011219548722,0.010837088558,0.0106728830645,0.010898070716,after_reset,1.53607243284,400.855992147,0.0159058082604,1.08999309382,0.511331965573,0.0159058082604,0.0187044137775,0.0112674200527,0.019262319906,0.0160868019094,0.0155808539054,0.0186884205812,0.0370488322718,0.0433333333333,0.0341853035144,0.0379310344828,0.0390322580645,0.0363849765258,942,90,313,319,310,852
full,eps2,42,0,0.25,shared_reset,3.20923843056e-15,-3.61945207632e-09,-0.000200526663438,8.05651921824e-05,6.57216440652e-10,4,2.15690977297e-08,1.60696768796,6.27424453946,3.14930858573,0.220379221169,0.000136843152866,0.00138888888889,0.000162240415335,0.000146943573668,0.000100806451613,4.58480046948e-06,after_reset,0.000609337679648,1.60664723638,0.0010069822574,0.0690064716104,0.511331965573,0.0010069822574,0.0032577407072,0.000788155830503,0.00114942527338,0.0010462100879,7.00359338854e-06,0.0186884205812,0.000636942675159,0.00666666666667,0.000319488817891,0.0012539184953,0.000322580645161,0,942,90,313,319,310,852
full,eps2,42,0,0.25,local_reset,2.50494069931e-15,-0.0109889540013,-0.46561833135,391.947497814,0.00863565303714,4,-0.00196709337358,7.55039018772,6.27312894705,3.14928120676,0.476049131205,0.0108645169851,0.0105902777778,0.0112070686901,0.0107881073668,0.0105972782258,0.0108934859155,after_reset,1.53602096851,398.549374897,0.0158599794048,1.08685253439,0.511331965573,0.0158599794048,0.0182977594028,0.0112255066596,0.0192194923578,0.016031509004,0.0155802092429,0.0186884205812,0.0370488322718,0.0433333333333,0.0345047923323,0.0376175548589,0.0390322580645,0.0363849765258,942,90,313,319,310,852
full,eps2,42,0,0.25,retained,4.03149735817e-15,-0.0380562431058,-1.49676637903,459.971099223,0.0302564679893,10,-0.00415848098979,29.2601223604,6.52136585738,3.48466840047,0.890822865696,0.00970342356688,0.00885416666667,0.00943490415335,0.00962480407524,0.0100554435484,0.00979313380282,after_reset,1.53521937494,486.183515845,0.0175170781624,1.20041018402,0.592969547577,0.0175170781624,0.0204437893377,0.0129143887197,0.0207477802262,0.0179181111923,0.0171788259073,0.0186884205812,0.0346072186837,0.0377777777778,0.0319488817891,0.033855799373,0.038064516129,0.0342723004695,942,90,313,319,310,852
full,eps2,42,0,0.25,shared_reset,4.10782519111e-15,-1.78579771755e-08,-0.000543232087227,0.000295896650704,1.97171148122e-09,10,9.9618335467e-08,1.72867866395,6.52138355096,3.48472525159,0.217075224271,0.00014928343949,0.00151909722222,0.000149760383387,0.000122452978056,0.000176411290323,4.58480046948e-06,after_reset,0.00106252235282,1.72788826192,0.00104428581793,0.0715628096902,0.592969547577,0.00104428581793,0.0033782318813,0.000806264061227,0.00119938538326,0.00108497520361,1.37638169977e-05,0.0186884205812,0.00031847133758,0.00222222222222,0.000319488817891,0.000313479623824,0.000322580645161,0.000117370892019,942,90,313,319,310,852
full,eps2,42,0,0.25,local_reset,3.31679128607e-15,-0.0331719102303,-1.38884563098,459.886123532,0.0262534170177,10,-0.00351235608153,25.4316287323,6.52031489833,3.48468763242,0.830075770173,0.00970757032909,0.00894097222222,0.00943490415335,0.00962480407524,0.0100680443548,0.00978854900235,after_reset,1.53510536641,482.492945886,0.0174504663252,1.19584540861,0.592969547577,0.0174504663252,0.0198515117147,0.0128565971448,0.0206805181153,0.0178424213775,0.0171772470514,0.0186884205812,0.0346072186837,0.0377777777778,0.032268370607,0.0335423197492,0.038064516129,0.0342723004695,942,90,313,319,310,852
full,eps2,42,0,1,retained,2.78943534937e-15,0,0,5398.34789956,0,-1,0,0,6.05343823256,2.87826759651,0,0.0431014463907,0.0432291666667,0.0434180311502,0.0435442789969,0.042326108871,0.0430879548122,pulse,6.14770716625,5398.34789956,0.058370308359,1,0.445589630934,0.058370308359,0.0596025965244,0.0396806210639,0.0724535609481,0.0579780389983,0.058238614452,0.0186884205812,0.136305732484,0.146666666667,0.138338658147,0.13855799373,0.131935483871,0.135211267606,942,90,313,319,310,852
full,eps2,42,0,1,retained,2.33146835171e-15,-0.610524610068,-1.53511977434,5571.61393962,0.485443567434,0,-0.0110727360009,24.3568811154,6.27714807179,2.93389521963,0.890011854418,0.0425582205414,0.0428819444444,0.0431309904153,0.0420993338558,0.0424521169355,0.0425240243545,before_reset,6.14700543873,5592.14283006,0.059408786372,1.01779120313,0.458530831556,0.059408786372,0.0698752966258,0.0407073804842,0.0735181042779,0.0590751906098,0.0581933431069,0.0186884205812,0.136730360934,0.135555555556,0.129392971246,0.142006269592,0.138709677419,0.136854460094,942,90,313,319,310,852
full,eps2,42,0,1,retained,2.33146835171e-15,-0.610524610068,-1.53511977434,5571.61393962,0.485443567434,0,-0.0110727360009,24.3568811154,6.27714807179,2.93389521963,0.890011854418,0.0425582205414,0.0428819444444,0.0431309904153,0.0420993338558,0.0424521169355,0.0425240243545,after_reset,6.14700543873,5592.14283006,0.059408786372,1.01779120313,0.458530831556,0.059408786372,0.0698752966258,0.0407073804842,0.0735181042779,0.0590751906098,0.0581933431069,0.0186884205812,0.136730360934,0.135555555556,0.129392971246,0.142006269592,0.138709677419,0.136854460094,942,90,313,319,310,852
full,eps2,42,0,1,shared_reset,1.83186799063e-15,0,0,0,0,0,0,24.3568811154,6.27714807179,2.93389521963,0.890011854418,0.000841792728238,0.00881076388889,0.000798722044728,0.000746963166144,0.000982862903226,0,after_reset,0,24.3568811154,0.0039207792497,0.0671707818568,0.458530831556,0.0039207792497,0.0126845944836,0.00310039062851,0.00446717681081,0.00405858625692,0,0.0186884205812,0.00286624203822,0.03,0.00447284345048,0.0025078369906,0.00161290322581,0,942,90,313,319,310,852
full,eps2,42,0,1,local_reset,2.44249065418e-15,0,0,5571.61393962,0,0,0,0,6.27312894705,2.93408651775,0,0.0425789543524,0.0430989583333,0.0430311501597,0.0422462774295,0.0424647177419,0.0425240243545,after_reset,6.14700543873,5571.61393962,0.0592996405709,1.0159213175,0.458530831556,0.0592996405709,0.0688980800607,0.0406137914316,0.0734019754509,0.0589554784779,0.0581933431069,0.0186884205812,0.137048832272,0.138888888889,0.1303514377,0.142006269592,0.138709677419,0.136854460094,942,90,313,319,310,852
full,eps2,42,0,1,retained,2.25860996572e-15,-0.98074085464,-2.78873631941,5749.79219467,1.10016104678,1,-0.0447998866812,56.6232563126,6.27714807179,2.99517374486,1.34192669235,0.0427945859873,0.0411024305556,0.0443789936102,0.0414625783699,0.0425655241935,0.0429733348005,after_reset,6.14632841457,5799.8870579,0.0605022214904,1.03652393128,0.471874428088,0.0605022214904,0.0709423591945,0.0419894035777,0.0743460814521,0.0604588336525,0.0592921376582,0.0186884205812,0.136730360934,0.142222222222,0.132587859425,0.145454545455,0.131935483871,0.136150234742,942,90,313,319,310,852
full,eps2,42,0,1,shared_reset,2.1371793224e-15,-5.50936289163e-08,-0.00058945565643,0.000199031669179,2.39100328426e-08,1,-3.61081525461e-07,24.7397464977,6.27714807179,2.99523655921,0.888266141225,0.000758857484076,0.00785590277778,0.000936002396166,0.000710227272727,0.000630040322581,9.16960093897e-06,after_reset,0.000996039909828,24.7387658096,0.00395139610619,0.0676953097778,0.471874428088,0.00395139610619,0.0127836025644,0.0031282480582,0.00450234654126,0.00408713945304,1.09347068148e-05,0.0186884205812,0.0031847133758,0.0333333333333,0.00223642172524,0.00376175548589,0.00354838709677,0,942,90,313,319,310,852
full,eps2,42,0,1,local_reset,2.16493489802e-15,-0.349349577146,-1.3018295858,5749.66563106,0.558879884448,1,-0.032168413419,28.9797282694,6.27312894705,2.99535468742,0.958131485259,0.0427572651274,0.0406684027778,0.0443789936102,0.0414013518809,0.0425151209677,0.0429779196009,after_reset,6.14628399253,5775.83754406,0.0603766534843,1.03437270047,0.471874428088,0.0603766534843,0.0698187875419,0.041882535899,0.074220961126,0.0603102464233,0.0592915022822,0.0186884205812,0.136199575372,0.136666666667,0.131948881789,0.144200626959,0.132258064516,0.136150234742,942,90,313,319,310,852
full,eps2,42,0,1,retained,2.33146835171e-15,-2.90732809794,-9.05600374417,6271.86969262,2.95481082004,4,-0.163843940521,160.928909592,6.27714807179,3.14868746799,2.20043769137,0.042131104034,0.0421006944444,0.042469548722,0.0431891653605,0.0407006048387,0.0421343163146,after_reset,6.14430499373,6411.49906147,0.0636123360244,1.08980640694,0.511331965573,0.0636123360244,0.0747833191687,0.0450504488566,0.0770441643597,0.0643343688301,0.0623154699468,0.0186884205812,0.12898089172,0.136666666667,0.126198083067,0.132601880878,0.128064516129,0.128169014085,942,90,313,319,310,852
full,eps2,42,0,1,shared_reset,2.37310171514e-15,-3.72919878248e-07,-0.00325897774977,0.0013055286656,1.71564464127e-07,4,-3.98771522809e-06,25.8450756084,6.27714807179,3.14917042805,0.883877603335,0.000816912154989,0.00828993055556,0.000811202076677,0.00075920846395,0.000882056451613,2.75088028169e-05,after_reset,0.00244828227843,25.8398546319,0.00403837445357,0.0691854226422,0.511331965573,0.00403837445357,0.0130647534053,0.00315794929836,0.00461625723431,0.00419035125464,2.81830717777e-05,0.0186884205812,0.00307855626327,0.0311111111111,0.00319488817891,0.00313479623824,0.00290322580645,0.000117370892019,942,90,313,319,310,852
full,eps2,42,0,1,local_reset,2.79637424327e-15,-2.23763960996,-7.52881827678,6271.32227875,2.2185496309,4,-0.125570803022,121.219213508,6.27312894705,3.1488198476,1.90748136196,0.0420730493631,0.0414930555556,0.0424196285942,0.0430667123824,0.0407006048387,0.0421343163146,after_reset,6.14409735885,6374.97598451,0.0634308935589,1.086697935,0.511331965573,0.0634308935589,0.0731736858667,0.044887400991,0.0768734403878,0.0641148345376,0.0623128330952,0.0186884205812,0.128768577495,0.134444444444,0.126837060703,0.13197492163,0.127419354839,0.128169014085,942,90,313,319,310,852
full,eps2,42,0,1,retained,2.74780198595e-15,-6.99502193195,-24.1881046759,7359.95964025,7.75535617125,10,-0.28640717344,468.686653514,6.52341382754,3.48371619318,3.56537722995,0.0399706409236,0.0392795138889,0.0402605830671,0.0400176332288,0.0396295362903,0.0400436473005,after_reset,6.14090412694,7773.46258237,0.0700436564255,1.19998777452,0.592969547577,0.0700436564255,0.0817343719135,0.0516185855095,0.0829700526864,0.0716526572202,0.0686926331298,0.0186884205812,0.119639065817,0.12,0.114376996805,0.129153605016,0.115161290323,0.119600938967,942,90,313,319,310,852
full,eps2,42,0,1,shared_reset,2.74086309204e-15,-1.58275302515e-06,-0.00873685467038,0.00477147192853,5.12330409026e-07,10,-3.67298336267e-06,27.8018412659,6.52410286662,3.48459029641,0.870650875893,0.000630307855626,0.00642361111111,0.000611521565495,0.000612264890282,0.000667842741935,1.83392018779e-05,after_reset,0.00426015564543,27.7891290294,0.00418792620589,0.0717475429483,0.592969547577,0.00418792620589,0.0135478080219,0.00323075054984,0.00481654761158,0.00434553592782,5.52481122749e-05,0.0186884205812,0.00233545647558,0.0222222222222,0.00255591054313,0.00282131661442,0.00161290322581,0.000234741784038,942,90,313,319,310,852
full,eps2,42,0,1,local_reset,3.35842464949e-15,-6.2301129346,-22.4306342495,7358.57670194,6.72942399831,10,-0.237191497727,407.344299319,6.51961591971,3.4838263984,3.32217709049,0.0398711186306,0.0382378472222,0.0401357827476,0.0399808973354,0.0394909274194,0.0400436473005,after_reset,6.14044750338,7714.85454789,0.0697791097106,1.19545556075,0.592969547577,0.0697791097106,0.0793826569338,0.0513911739991,0.0827022863605,0.0713512730123,0.0686862841002,0.0186884205812,0.119639065817,0.12,0.113738019169,0.129467084639,0.115483870968,0.119600938967,942,90,313,319,310,852
full,eps2,42,1,0.25,retained,2.03309591384e-15,0,0,341.468364975,0,-1,0,0,6.05343823256,2.87826759651,0,0.0110635615711,0.0111095183486,0.010982428115,0.0114126175549,0.0107862903226,0.0110575480192,pulse,1.54024122678,341.468364975,0.0146803628625,1,0.445589630934,0.0146803628625,0.0143154220757,0.00992422870671,0.01827154707,0.0145566589368,0.0147274471591,0.0186884205812,0.0384288747346,0.0348623853211,0.0399361022364,0.0401253918495,0.0351612903226,0.0388955582233,942,109,313,319,310,833
full,eps2,42,1,0.25,retained,2.60902410787e-15,-0.0102365914061,-0.0939352687306,354.739846937,0.00227649549943,0,3.51223665229e-06,1.85883724163,6.05343823256,2.9456478071,0.244912123183,0.0109101313694,0.0112170298165,0.0111821086262,0.0111187304075,0.0104208669355,0.0108699729892,before_reset,1.54002790873,356.392623979,0.0149977429708,1.02161936399,0.460377104109,0.0149977429708,0.0170056044499,0.0102204227253,0.018542971765,0.0149737008828,0.0147147526905,0.0186884205812,0.0380042462845,0.0293577981651,0.0373801916933,0.0460815047022,0.0303225806452,0.0391356542617,942,109,313,319,310,833
full,eps2,42,1,0.25,retained,2.60902410787e-15,-0.0102365914061,-0.0939352687306,354.739846937,0.00227649549943,0,3.51223665229e-06,1.85883724163,6.05343823256,2.9456478071,0.244912123183,0.0109101313694,0.0112170298165,0.0111821086262,0.0111187304075,0.0104208669355,0.0108699729892,after_reset,1.54002790873,356.392623979,0.0149977429708,1.02161936399,0.460377104109,0.0149977429708,0.0170056044499,0.0102204227253,0.018542971765,0.0149737008828,0.0147147526905,0.0186884205812,0.0380042462845,0.0293577981651,0.0373801916933,0.0460815047022,0.0303225806452,0.0391356542617,942,109,313,319,310,833
full,eps2,42,1,0.25,shared_reset,1.73472347598e-15,0,0,0,0,0,0,1.85883724163,6.05343823256,2.9456478071,0.244912123183,0.000290273354565,0.00250860091743,0.000287040734824,0.000257151253918,0.000327620967742,0,after_reset,0,1.85883724163,0.00108313411628,0.073781154214,0.460377104109,0.00108313411628,0.00318415674035,0.000781686296238,0.00120580834765,0.00120491465931,0,0.0186884205812,0.000636942675159,0.00550458715596,0.00127795527157,0,0.000645161290323,0,942,109,313,319,310,833
full,eps2,42,1,0.25,local_reset,2.60902410787e-15,0,0,354.739846937,0,0,0,0,6.05343823256,2.94571314497,0,0.0108976910828,0.0111095183486,0.0111696285942,0.0111064851097,0.010408266129,0.0108699729892,after_reset,1.54002790873,354.739846937,0.0149629264103,1.01924772231,0.460377104109,0.0149629264103,0.0167384486939,0.0101950869052,0.0185082849041,0.0149293908013,0.0147147526905,0.0186884205812,0.0382165605096,0.0311926605505,0.0373801916933,0.0460815047022,0.0309677419355,0.0391356542617,942,109,313,319,310,833
full,eps2,42,1,0.25,retained,2.53269627493e-15,-0.0131568019576,-0.165320994742,364.963328453,0.0041661815754,1,0.000277197738001,3.45032285473,6.05343823256,2.99590054165,0.330824245697,0.0107484076433,0.0114320527523,0.0111072284345,0.0104942202194,0.0106476814516,0.0106589510804,after_reset,1.53986133923,368.061416292,0.0152412890436,1.03820928586,0.472353130864,0.0152412890436,0.017273633309,0.0105402442513,0.0187980305648,0.0151685849544,0.0149549313156,0.0186884205812,0.0374734607219,0.0311926605505,0.0380191693291,0.0413793103448,0.0329032258065,0.0382953181273,942,109,313,319,310,833
full,eps2,42,1,0.25,shared_reset,2.49279763498e-15,1.65552721694e-09,-4.01806510821e-05,1.61105029398e-05,1.28475058499e-10,1,1.27453949046e-07,1.88810006094,6.05343823256,2.99590521337,0.244742357702,0.000286126592357,0.00247276376147,0.000349440894569,0.00019592476489,0.00031502016129,0,after_reset,0.000271933017583,1.88803606849,0.00109160796585,0.0743583776557,0.472353130864,0.00109160796585,0.00320905630784,0.00078527093559,0.00121587056176,0.00121534841864,3.11249272142e-06,0.0186884205812,0.000743099787686,0.00642201834862,0,0.000940438871473,0.00129032258065,0,942,109,313,319,310,833
full,eps2,42,1,0.25,local_reset,2.20309881449e-15,-0.00304694280442,-0.0727306313364,364.957225857,0.00165531692951,1,0.000191374693324,1.36629137957,6.05343823256,2.99596343029,0.207969793043,0.0107401141189,0.0113603784404,0.0111072284345,0.010396257837,0.0107232862903,0.0106589510804,after_reset,1.5398500122,366.174000155,0.0152021602091,1.0355438998,0.472353130864,0.0152021602091,0.0169738724266,0.0105116992961,0.0187586317296,0.0151193782112,0.0149548058759,0.0186884205812,0.0375796178344,0.0321100917431,0.0380191693291,0.0413793103448,0.0332258064516,0.0382953181273,942,109,313,319,310,833
full,eps2,42,1,0.25,retained,2.82456349976e-15,-0.0269822502825,-0.46632518217,397.27018612,0.0107443352254,4,-0.000177053239568,9.32016924602,6.09282152368,3.16070257271,0.530708965334,0.0102259156051,0.0100344036697,0.0101213059105,0.0104942202194,0.0100554435484,0.0102509753902,after_reset,1.53935130143,405.614130729,0.0159999303131,1.08988656908,0.511937623267,0.0159999303131,0.0177884482971,0.0114073425614,0.0195101495597,0.0159630570987,0.0157508798529,0.0186884205812,0.0393842887473,0.0376146788991,0.0421725239617,0.0426332288401,0.0332258064516,0.0396158463385,942,109,313,319,310,833
full,eps2,42,1,0.25,shared_reset,2.09554595898e-15,3.40155818176e-09,-0.000177105397688,6.44863627658e-05,4.70138258825e-10,4,2.26278297771e-08,1.96955833412,6.09287694964,3.16077751314,0.243528192969,0.000252952494692,0.00211439220183,0.000237120607029,0.000257151253918,0.000264616935484,9.3787515006e-06,after_reset,0.0005165516733,1.96926866222,0.00111484383813,0.0759411636191,0.511937623267,0.00111484383813,0.0032773296305,0.000795391086227,0.00124376500657,0.00124342649797,6.29160492387e-06,0.0186884205812,0.000849256900212,0.00733944954128,0.000638977635783,0.000940438871473,0.000967741935484,0,942,109,313,319,310,833
full,eps2,42,1,0.25,local_reset,2.53746676449e-15,-0.016093359683,-0.370783951237,397.254891364,0.0078172653567,4,-0.000191888664534,6.77623053903,6.09282110476,3.160768313,0.452247045961,0.0102093285563,0.00989105504587,0.0101462659744,0.0104085031348,0.0100680443548,0.0102509753902,after_reset,1.53931543629,403.264800769,0.0159535269702,1.08672565656,0.511937623267,0.0159535269702,0.017426613924,0.0113702565884,0.0194630467004,0.0159077183376,0.0157505800243,0.0186884205812,0.0390658174098,0.0348623853211,0.041214057508,0.0429467084639,0.0329032258065,0.0396158463385,942,109,313,319,310,833
full,eps2,42,1,0.25,retained,3.23352455922e-15,-0.0614405217213,-1.21976625524,463.95513972,0.0280779456156,10,-0.000620208220332,27.0074684197,6.35630773701,3.48050158924,0.858014156116,0.00948779193206,0.00989105504587,0.00984674520767,0.00934316222571,0.00927419354839,0.0094350240096,after_reset,1.53850420849,488.427032115,0.0175574483263,1.19598190391,0.593611168179,0.0175574483263,0.0191846405237,0.0130030864235,0.0209844260194,0.017688354355,0.0173332280912,0.0186884205812,0.032059447983,0.0348623853211,0.0341853035144,0.0369905956113,0.0248387096774,0.0316926770708,942,109,313,319,310,833
full,eps2,42,1,0.25,shared_reset,2.98372437868e-15,2.79085138713e-09,-0.000514433863889,0.000272340604255,1.66041360004e-09,10,9.53853689817e-08,2.13038937432,6.35615856808,3.48074397677,0.240637556673,0.000273686305732,0.00229357798165,0.00022464057508,0.000244905956113,0.000352822580645,9.3787515006e-06,after_reset,0.000966786458592,2.12963304521,0.0011593483317,0.078972729936,0.593611168179,0.0011593483317,0.00340801315017,0.000813975142158,0.00129639067586,0.00129842454698,1.3196830295e-05,0.0186884205812,0.00138004246285,0.0110091743119,0.000638977635783,0.00219435736677,0.00129032258065,0.000120048019208,942,109,313,319,310,833
full,eps2,42,1,0.25,local_reset,4.63865057476e-15,-0.0499363026238,-1.10875561499,463.899073313,0.0241572833457,10,-0.000905485444358,23.2315181795,6.35630472707,3.48056192767,0.795559549496,0.00948779193206,0.00989105504587,0.00982178514377,0.00939214341693,0.00924899193548,0.0094350240096,after_reset,1.53840945723,484.835553969,0.0174927779322,1.19157667259,0.593611168179,0.0174927779322,0.0186748367608,0.0129501345249,0.0209224499368,0.0176082423675,0.0173321391645,0.0186884205812,0.0321656050955,0.0357798165138,0.0345047923323,0.0369905956113,0.0248387096774,0.0316926770708,942,109,313,319,310,833
full,eps2,42,1,1,retained,2.35922392733e-15,0,0,5463.49380459,0,-1,0,0,6.05343823256,2.87826759651,0,0.0429977773355,0.042001146789,0.0436426717252,0.0434830525078,0.0418472782258,0.0431281887755,pulse,6.16096492422,5463.49380459,0.0587214512619,1,0.445589630934,0.0587214512619,0.0572616882002,0.0396969147035,0.0730861879287,0.0582266357093,0.0589097884372,0.0186884205812,0.137261146497,0.126605504587,0.138019169329,0.13855799373,0.135161290323,0.138655462185,942,109,313,319,310,833
full,eps2,42,1,1,retained,2.52575738102e-15,-1.0860514586,-1.51595422093,5675.85226415,0.585926772283,0,0.00175838727354,29.8870467477,6.05343823256,2.94535458481,0.982152255758,0.0427240910297,0.042932912844,0.0437549920128,0.0429565047022,0.0414440524194,0.0426967662065,before_reset,6.16011318973,5701.12474309,0.0599848841879,1.02151569654,0.460377104109,0.0599848841879,0.0679755218174,0.0408713402642,0.0741692423428,0.0598867780341,0.0588590837885,0.0186884205812,0.133970276008,0.132110091743,0.131309904153,0.145454545455,0.124838709677,0.134213685474,942,109,313,319,310,833
full,eps2,42,1,1,retained,2.52575738102e-15,-1.0860514586,-1.51595422093,5675.85226415,0.585926772283,0,0.00175838727354,29.8870467477,6.05343823256,2.94535458481,0.982152255758,0.0427240910297,0.042932912844,0.0437549920128,0.0429565047022,0.0414440524194,0.0426967662065,after_reset,6.16011318973,5701.12474309,0.0599848841879,1.02151569654,0.460377104109,0.0599848841879,0.0679755218174,0.0408713402642,0.0741692423428,0.0598867780341,0.0588590837885,0.0186884205812,0.133970276008,0.132110091743,0.131309904153,0.145454545455,0.124838709677,0.134213685474,942,109,313,319,310,833
full,eps2,42,1,1,shared_reset,1.96370697481e-15,0,0,0,0,0,0,29.8870467477,6.05343823256,2.94535458481,0.982152255758,0.0010781581741,0.00931766055046,0.00118560303514,0.000857170846395,0.0011970766129,0,after_reset,0,29.8870467477,0.00434313225318,0.0739615959731,0.460377104109,0.00434313225318,0.0127677760588,0.00313617923847,0.00482973961544,0.00483571712476,0,0.0186884205812,0.00244161358811,0.0211009174312,0.00351437699681,0.0012539184953,0.00258064516129,0,942,109,313,319,310,833
full,eps2,42,1,1,local_reset,2.52575738102e-15,0,0,5675.85226415,0,0,0,0,6.05343823256,2.94571314497,0,0.0426909169321,0.0426462155963,0.0435927515974,0.04296875,0.0414944556452,0.0426967662065,after_reset,6.16011318973,5675.85226415,0.0598517832162,1.01924904664,0.460377104109,0.0598517832162,0.0669539034714,0.040780499693,0.074033140651,0.0597176932895,0.0588590837885,0.0186884205812,0.133545647558,0.128440366972,0.129712460064,0.146081504702,0.124516129032,0.134213685474,942,109,313,319,310,833
full,eps2,42,1,1,retained,2.46504205936e-15,-1.62481560183,-2.6624355174,5839.44651141,1.07086794316,1,0.0187365005527,55.4041949324,6.05343823256,2.99552278463,1.32574365883,0.0422264795648,0.0437930045872,0.0416458666134,0.0424911833856,0.0425403225806,0.0420214960984,after_reset,6.1594503195,5887.38454505,0.0609568834402,1.03806840823,0.472353130864,0.0609568834402,0.0690457749234,0.0421464487082,0.0751883079144,0.0606641371411,0.0598175582483,0.0186884205812,0.130360934183,0.128440366972,0.126198083067,0.14012539185,0.124516129032,0.130612244898,942,109,313,319,310,833
full,eps2,42,1,1,shared_reset,2.78596590242e-15,7.75730130059e-08,-0.000690862252979,0.000259212361541,3.32419397924e-08,1,7.41584168778e-06,30.3567783526,6.05343823256,2.99561842582,0.981471787717,0.000999369692144,0.0084934059633,0.000998402555911,0.000857170846395,0.0011466733871,1.87575030012e-05,after_reset,0.00109295993051,30.3556708605,0.00437704962511,0.0745391936175,0.472353130864,0.00437704962511,0.0128674387957,0.00315052804323,0.004870004233,0.00487749230067,1.24826706607e-05,0.0186884205812,0.00371549893843,0.0321100917431,0.00319488817891,0.0025078369906,0.00548387096774,0,942,109,313,319,310,833
full,eps2,42,1,1,local_reset,2.38697950294e-15,-0.535883041203,-1.16750984403,5839.35358307,0.424635924255,1,0.0124700827022,21.9021273646,6.05343823256,2.9958650492,0.832612086944,0.0421684248938,0.0433271215596,0.0414586661342,0.0424299568966,0.0426159274194,0.0420168067227,after_reset,6.15940472644,5858.29850075,0.0608061212596,1.03550099585,0.472353130864,0.0608061212596,0.0678904198799,0.0420419558079,0.0750330019009,0.0604751601093,0.0598170800656,0.0186884205812,0.129723991507,0.122935779817,0.125239616613,0.139811912226,0.123870967742,0.130612244898,942,109,313,319,310,833
full,eps2,42,1,1,retained,2.47718512369e-15,-3.59180287709,-7.54178732599,6356.38225201,2.75198855172,4,-0.0119392297937,149.157048822,6.09177835797,3.15990858945,2.12318681427,0.0405719214437,0.0411768922018,0.041009384984,0.0408992946708,0.0397933467742,0.0404927596038,after_reset,6.15741571851,6486.00023052,0.0639808540178,1.08956527202,0.511937623267,0.0639808540178,0.0710988020274,0.0455972698984,0.0780301869356,0.0638310152153,0.0629899711671,0.0186884205812,0.13152866242,0.14495412844,0.133546325879,0.134482758621,0.126451612903,0.129771908764,942,109,313,319,310,833
full,eps2,42,1,1,shared_reset,2.56739074445e-15,9.1168378194e-08,-0.0028567638578,0.00102349090998,1.21216229641e-07,4,-1.86581010842e-06,31.6715633671,6.09287812913,3.16048086845,0.97664470605,0.00098692940552,0.00838589449541,0.000948482428115,0.00102860501567,0.000982862903226,1.87575030012e-05,after_reset,0.00206938802148,31.6668699022,0.00447058258284,0.0761320179726,0.511937623267,0.00447058258284,0.0131422670446,0.00319182837281,0.0049814999178,0.00499097537686,2.506593226e-05,0.0186884205812,0.0036093418259,0.0311926605505,0.00319488817891,0.00344827586207,0.0041935483871,0,942,109,313,319,310,833
full,eps2,42,1,1,local_reset,2.60902410787e-15,-2.43048073596,-6.00805974297,6356.13607145,1.99921810234,4,-0.0122166320819,108.283366838,6.09177648486,3.16025213275,1.80797125528,0.0404558121019,0.0402092889908,0.0406849041534,0.0408503134796,0.0398185483871,0.0404880702281,after_reset,6.15727204531,6449.51714217,0.0638006573814,1.08649660406,0.511937623267,0.0638006573814,0.0696936300492,0.0454574126649,0.0778439109083,0.063617342432,0.0629887704273,0.0186884205812,0.13067940552,0.137614678899,0.132268370607,0.134482758621,0.125161290323,0.129771908764,942,109,313,319,310,833
full,eps2,42,1,1,retained,3.67414432212e-15,-8.27083236699,-19.7869348298,7423.73145127,7.17952385731,10,-0.0508236591212,431.59373073,6.3556784987,3.47887007531,3.42972324008,0.0372669519639,0.0373064793578,0.0368285742812,0.0383522727273,0.0365927419355,0.0372617797119,after_reset,6.1540422872,7806.28752414,0.0701913870442,1.19532786632,0.593611168179,0.0701913870442,0.0766728532374,0.0519572255987,0.0839108612332,0.0707112492225,0.0692984346613,0.0186884205812,0.116772823779,0.118348623853,0.108626198083,0.131347962382,0.11,0.116566626651,942,109,313,319,310,833
full,eps2,42,1,1,shared_reset,3.6394498526e-15,-2.74888574339e-07,-0.00829634152011,0.00436876700962,4.29751370617e-07,10,-3.59066231829e-06,34.2564847166,6.35616752195,3.4804635861,0.96505720304,0.000937168259023,0.0078125,0.000811202076677,0.000771453761755,0.00123487903226,3.75150060024e-05,after_reset,0.00387435248141,34.2442534993,0.00464895566508,0.0791696316283,0.593611168179,0.00464895566508,0.0136660427771,0.00326575601831,0.00519175240512,0.00521246388592,5.28648826746e-05,0.0186884205812,0.00350318471338,0.0284403669725,0.00159744408946,0.00470219435737,0.0041935483871,0.000240096038415,942,109,313,319,310,833
full,eps2,42,1,1,local_reset,3.83026943496e-15,-7.00870119742,-17.9945439752,7422.79205488,6.17315260048,10,-0.0658841058224,371.043568885,6.35566597605,3.47917346856,3.179143522,0.037229631104,0.037091456422,0.0368285742812,0.0381563479624,0.0366809475806,0.0372477115846,after_reset,6.15366276295,7749.87051781,0.0699372861853,1.19100064257,0.593611168179,0.0699372861853,0.0746710214566,0.0517521515319,0.0836651385783,0.0703969360189,0.0692939439752,0.0186884205812,0.116242038217,0.11376146789,0.107348242812,0.131661442006,0.10935483871,0.116566626651,942,109,313,319,310,833
full,eps2,7,0,0.25,retained,3.07392999943e-15,0,0,335.847982259,0,-1,0,0,5.95037916352,2.86381505081,0,0.0108976910828,0.01171875,0.0104457867412,0.0114738440439,0.0107610887097,0.0107902536014,pulse,1.5288043533,335.847982259,0.014559046214,1,0.441875451494,0.014559046214,0.0144405169897,0.0101034967283,0.0179646426455,0.0144546243898,0.0145744847201,0.0186884205812,0.0428874734607,0.0412844036697,0.04696485623,0.0432601880878,0.0383870967742,0.0430972388956,942,109,313,319,310,833
full,eps2,7,0,0.25,retained,1.9931972739e-15,0.000980121558188,-0.0889708087849,349.851732264,0.00248130987053,0,-0.000112965301948,2.01008058995,6.16317697176,2.93775749031,0.256038092544,0.0108313428875,0.0112528669725,0.0108576277955,0.0110207680251,0.0106098790323,0.0107761854742,before_reset,1.5286125221,351.688086859,0.0148984257703,1.02331056247,0.458288311115,0.0148984257703,0.0172544504894,0.0103800488347,0.0183297277049,0.0148310530708,0.01456195855,0.0186884205812,0.0395966029724,0.0412844036697,0.0408945686901,0.0385579937304,0.0393548387097,0.0393757503001,942,109,313,319,310,833
full,eps2,7,0,0.25,retained,1.9931972739e-15,0.000980121558188,-0.0889708087849,349.851732264,0.00248130987053,0,-0.000112965301948,2.01008058995,6.16317697176,2.93775749031,0.256038092544,0.0108313428875,0.0112528669725,0.0108576277955,0.0110207680251,0.0106098790323,0.0107761854742,after_reset,1.5286125221,351.688086859,0.0148984257703,1.02331056247,0.458288311115,0.0148984257703,0.0172544504894,0.0103800488347,0.0183297277049,0.0148310530708,0.01456195855,0.0186884205812,0.0395966029724,0.0412844036697,0.0408945686901,0.0385579937304,0.0393548387097,0.0393757503001,942,109,313,319,310,833
full,eps2,7,0,0.25,shared_reset,1.95026286787e-15,0,0,0,0,0,0,2.01008058995,6.16317697176,2.93775749031,0.256038092544,0.000228071921444,0.00197104357798,0.000174720447284,0.00019592476489,0.00031502016129,0,after_reset,0,2.01008058995,0.00112633683652,0.0773633670749,0.458288311115,0.00112633683652,0.00331116246456,0.000762764647923,0.00136202586645,0.00116558976379,0,0.0186884205812,0.00116772823779,0.0100917431193,0,0.00188087774295,0.00161290322581,0,942,109,313,319,310,833
full,eps2,7,0,0.25,local_reset,1.9931972739e-15,0,0,349.851732264,0,0,0,0,6.16378686345,2.93775461811,0,0.0107525544055,0.0105719610092,0.0107827476038,0.0109472962382,0.0105216733871,0.0107761854742,after_reset,1.5286125221,349.851732264,0.0148594784744,1.02063543559,0.458288311115,0.0148594784744,0.0169617168071,0.0103561928842,0.0182825234528,0.0147890567791,0.01456195855,0.0186884205812,0.0393842887473,0.0394495412844,0.041214057508,0.0382445141066,0.0387096774194,0.0393757503001,942,109,313,319,310,833
full,eps2,7,0,0.25,retained,2.42861286637e-15,-0.000498515568919,-0.177093986973,360.950860868,0.00449327242848,1,6.21386460088e-05,3.69963797098,6.16317697176,2.9964872856,0.34408775757,0.010362758758,0.0110378440367,0.0100713857827,0.0103105407524,0.0107106854839,0.0102744222689,after_reset,1.52844289871,364.299931383,0.0151632081809,1.04149735896,0.472355058231,0.0151632081809,0.0174677730764,0.0106935977741,0.0185734785295,0.0151069431087,0.0148351864939,0.0186884205812,0.0392781316348,0.0348623853211,0.0364217252396,0.0423197492163,0.0390322580645,0.039855942377,942,109,313,319,310,833
full,eps2,7,0,0.25,shared_reset,2.72004641033e-15,1.60653669245e-10,-4.63360210864e-05,1.17139447726e-05,1.25004685499e-10,1,1.36281064656e-07,2.04578486753,6.16317697176,2.99648719326,0.255759032073,0.000331740976645,0.00286697247706,0.000237120607029,0.000330623040752,0.000428427419355,0,after_reset,0.000245189540869,2.04570418244,0.00113627373853,0.078045891319,0.472355058231,0.00113627373853,0.00334036663865,0.000766660489868,0.00137472155112,0.00117692403061,2.63706280585e-06,0.0186884205812,0.000849256900212,0.00733944954128,0.000319488817891,0.00156739811912,0.000645161290323,0,942,109,313,319,310,833
full,eps2,7,0,0.25,local_reset,2.35922392733e-15,-0.00151170608515,-0.0953768407134,360.945973,0.00182420214845,1,3.28373105927e-06,1.49728863361,6.16378686345,2.99648321249,0.218884626669,0.0103005573248,0.0105002866972,0.00997154552716,0.0102738048589,0.0106602822581,0.0102744222689,after_reset,1.5284331207,362.251315309,0.0151205134347,1.03856483539,0.472355058231,0.0151205134347,0.0171455864931,0.010667210057,0.0185217476694,0.0150610295281,0.0148350893588,0.0186884205812,0.0391719745223,0.0339449541284,0.0361022364217,0.0429467084639,0.0383870967742,0.039855942377,942,109,313,319,310,833
full,eps2,7,0,0.25,retained,2.32452945781e-15,0.00258476690613,-0.528915085883,397.062885576,0.0126707288438,4,-0.000494741523812,11.0373521992,6.16317697176,3.17819088374,0.577823351692,0.0104581342887,0.0109661697248,0.0105331469649,0.0104329937304,0.010408266129,0.0103916566627,after_reset,1.5279329732,407.059258383,0.016028407358,1.10092427226,0.515483349432,0.016028407358,0.0184290895361,0.0114678448962,0.0193588904715,0.0161939280024,0.0156871138417,0.0186884205812,0.0370488322718,0.0330275229358,0.0345047923323,0.0363636363636,0.0403225806452,0.037575030012,942,109,313,319,310,833
full,eps2,7,0,0.25,shared_reset,2.28463081786e-15,-1.18022284846e-09,-0.000282597466013,0.0001077018072,1.03591852691e-09,4,4.9596287352e-08,2.14227441915,6.16317697176,3.17813782288,0.254863169969,0.00023636544586,0.00204271788991,0.000174720447284,0.00028164184953,0.000252016129032,0,after_reset,0.000676964282655,2.1418170239,0.00116266001243,0.0798582541286,0.515483349432,0.00116266001243,0.00341787096245,0.000780582852695,0.00140724184464,0.00120608151951,8.08077448581e-06,0.0186884205812,0.000530785562633,0.0045871559633,0,0.000940438871473,0.000645161290323,0,942,109,313,319,310,833
full,eps2,7,0,0.25,local_reset,3.17801340799e-15,0.0017043563039,-0.434602338242,397.032328669,0.00918603904414,4,-0.000521901892778,7.99753799007,6.16378686345,3.17818231345,0.491842792261,0.01040422638,0.0105002866972,0.0105456269968,0.010335031348,0.0103326612903,0.0103916566627,after_reset,1.52788230787,404.172212931,0.015971465915,1.09701320266,0.515483349432,0.015971465915,0.0180006590061,0.0114357508803,0.0192884725162,0.0161322371112,0.015686532005,0.0186884205812,0.0366242038217,0.0302752293578,0.0345047923323,0.035736677116,0.0396774193548,0.0374549819928,942,109,313,319,310,833
full,eps2,7,0,0.25,retained,2.31759056391e-15,-0.00678805498003,-1.31490663344,459.82117797,0.0284347180031,10,-0.00129438769465,27.4636479324,6.51037649824,3.49309343434,0.86714823116,0.00968683651805,0.00949684633028,0.00931010383387,0.0101635971787,0.00957661290323,0.00971169717887,after_reset,1.5270472975,484.667282469,0.0174897420663,1.20129724222,0.596531781058,0.0174897420663,0.0196969542929,0.0130543629671,0.020773989132,0.0177020012537,0.0171799551018,0.0186884205812,0.0346072186837,0.0376146788991,0.0309904153355,0.0423197492163,0.0303225806452,0.0342136854742,942,109,313,319,310,833
full,eps2,7,0,0.25,shared_reset,2.98632646389e-15,-1.62464194535e-11,-0.000669444934373,0.000321620613533,2.61880786663e-09,10,2.40492367753e-07,2.32079587843,6.50749011434,3.49307944755,0.2530125097,0.000232218683652,0.00182769495413,0.000212160543131,0.00028164184953,0.000201612903226,2.34468787515e-05,after_reset,0.00108577958257,2.31977909275,0.00120999860011,0.0831097437516,0.596531781058,0.00120999860011,0.00355688814194,0.000797068997418,0.00147288199409,0.00125504338621,1.43110720262e-05,0.0186884205812,0.00138004246285,0.0119266055046,0.00159744408946,0.000313479623824,0.00225806451613,0,942,109,313,319,310,833
full,eps2,7,0,0.25,local_reset,2.47024622979e-15,-0.00733042257961,-1.19367619723,459.749214843,0.0239545290585,10,-0.00129970426803,23.16672778,6.51037890681,3.49308548269,0.796013266765,0.00963292860934,0.00899512614679,0.00918530351438,0.0101268612853,0.00957661290323,0.00971638655462,after_reset,1.52694350662,480.535284504,0.017415028681,1.19616549223,0.596531781058,0.017415028681,0.0191256185854,0.0130111686658,0.0206832064734,0.0176194771944,0.0171785959666,0.0186884205812,0.0341825902335,0.0339449541284,0.0300319488818,0.0423197492163,0.03,0.0342136854742,942,109,313,319,310,833
full,eps2,7,0,1,retained,2.10942374679e-15,0,0,5373.5677201,0,-1,0,0,5.95037916352,2.86381505081,0,0.0438312765393,0.0449756307339,0.0430311501597,0.044732072884,0.0437121975806,0.043681535114,pulse,6.11521740933,5373.5677201,0.0582361848775,1,0.441875451494,0.0582361848775,0.0577620680443,0.0404139871319,0.0718585705153,0.0578184975557,0.0582979388933,0.0186884205812,0.14872611465,0.146788990826,0.150798722045,0.152978056426,0.142258064516,0.148979591837,942,109,313,319,310,833
full,eps2,7,0,1,retained,2.02615701994e-15,-0.333641927975,-1.38080392232,5597.63110839,0.636533289688,0,-0.00768193970114,32.2297684547,6.16170821295,2.93769958428,1.0252651675,0.0436156449045,0.0445455848624,0.0436052316294,0.0440830721003,0.0431451612903,0.043493960084,before_reset,6.11445179943,5627.05315455,0.0595939348297,1.02331454155,0.458288311115,0.0595939348297,0.069019420152,0.0415209497173,0.073318780952,0.0593245517687,0.0582478514304,0.0186884205812,0.141082802548,0.151376146789,0.141533546326,0.14263322884,0.139032258065,0.139735894358,942,109,313,319,310,833
full,eps2,7,0,1,retained,2.02615701994e-15,-0.333641927975,-1.38080392232,5597.63110839,0.636533289688,0,-0.00768193970114,32.2297684547,6.16170821295,2.93769958428,1.0252651675,0.0436156449045,0.0445455848624,0.0436052316294,0.0440830721003,0.0431451612903,0.043493960084,after_reset,6.11445179943,5627.05315455,0.0595939348297,1.02331454155,0.458288311115,0.0595939348297,0.069019420152,0.0415209497173,0.073318780952,0.0593245517687,0.0582478514304,0.0186884205812,0.141082802548,0.151376146789,0.141533546326,0.14263322884,0.139032258065,0.139735894358,942,109,313,319,310,833
full,eps2,7,0,1,shared_reset,2.36616282123e-15,0,0,0,0,0,0,32.2297684547,6.16170821295,2.93769958428,1.0252651675,0.00104498407643,0.00903096330275,0.000798722044728,0.00102860501567,0.00131048387097,0,after_reset,0,32.2297684547,0.00451014127227,0.0774456857323,0.458288311115,0.00451014127227,0.0132587428613,0.00305103248987,0.00545635291442,0.00466653160096,0,0.0186884205812,0.00414012738854,0.0357798165138,0.00255591054313,0.00626959247649,0.00354838709677,0,942,109,313,319,310,833
full,eps2,7,0,1,local_reset,2.02615701994e-15,0,0,5597.63110839,0,0,0,0,6.16378686345,2.93775461811,0,0.043487095276,0.0434346330275,0.0436301916933,0.0439361285266,0.0428805443548,0.043493960084,after_reset,6.11445179943,5597.63110839,0.0594379319075,1.02063574447,0.458288311115,0.0594379319075,0.0678468905322,0.0414247693883,0.0731301398891,0.0591562250059,0.0582478514304,0.0186884205812,0.13991507431,0.14128440367,0.140255591054,0.141692789969,0.137741935484,0.139735894358,942,109,313,319,310,833
full,eps2,7,0,1,retained,2.73652628335e-15,-0.785486273913,-2.77562364619,5775.23885068,1.15353825536,1,0.00281529477331,59.3761405042,6.16170821295,2.99635821406,1.37830827338,0.0426328622611,0.0443663990826,0.0416833067093,0.043850411442,0.0423387096774,0.04240602491,after_reset,6.11377536783,5828.65194019,0.0606520680967,1.04148422882,0.472355058231,0.0606520680967,0.0698770599773,0.0427743080976,0.0742944340406,0.0604248417774,0.0593389426593,0.0186884205812,0.137261146497,0.147706422018,0.13642172524,0.141379310345,0.133870967742,0.135894357743,942,109,313,319,310,833
full,eps2,7,0,1,shared_reset,2.57432963835e-15,-1.33839889245e-08,-0.000755681665415,0.000187724553131,3.2074551105e-08,1,7.51224493589e-06,32.8063808637,6.16170821295,2.99643267255,1.02417314157,0.0010781581741,0.00924598623853,0.000936002396166,0.00105309561129,0.00124747983871,9.3787515006e-06,after_reset,0.000981677687968,32.8050722547,0.00455021640832,0.0781338341084,0.472355058231,0.00455021640832,0.013376522385,0.00306648156173,0.00550773802231,0.00471218480551,1.05586932469e-05,0.0186884205812,0.0036093418259,0.0311926605505,0.00191693290735,0.00407523510972,0.00483870967742,0,942,109,313,319,310,833
full,eps2,7,0,1,local_reset,2.53182891319e-15,-0.441878598025,-1.51155513635,5775.16080035,0.468943595007,1,0.000287956672526,24.0630601625,6.16378686345,2.99640523308,0.87732931039,0.0424338176752,0.0426462155963,0.0415335463259,0.0438136755486,0.0419228830645,0.04240602491,after_reset,6.11373616901,5795.78651255,0.060480830042,1.03854382236,0.472355058231,0.060480830042,0.0685849331785,0.0426678471012,0.0740872581442,0.0602407566324,0.0593385557018,0.0186884205812,0.137154989384,0.146788990826,0.137060702875,0.141692789969,0.132580645161,0.135894357743,942,109,313,319,310,833
full,eps2,7,0,1,retained,2.08166817117e-15,-1.82369849066,-8.3369205878,6353.07577476,3.25201812068,4,-0.0400019433086,177.050974366,6.16170821295,3.1780325299,2.31402822368,0.0414717688429,0.0430762614679,0.0416708266773,0.0416095219436,0.0411290322581,0.0412618172269,after_reset,6.11173945268,6512.9775252,0.0641137740949,1.10092675593,0.515483349432,0.0641137740949,0.0737267437144,0.0458669511294,0.0774438822876,0.0647690771317,0.0627470258762,0.0186884205812,0.12940552017,0.129357798165,0.126517571885,0.136990595611,0.124516129032,0.129411764706,942,109,313,319,310,833
full,eps2,7,0,1,shared_reset,2.39391839685e-15,-2.99555543264e-07,-0.00457554894766,0.00173880725867,2.67378404841e-07,4,-4.15663278553e-06,34.3484426415,6.16170821295,3.17809419115,1.0205017423,0.00100766321656,0.00870842889908,0.000773761980831,0.00118779388715,0.00105846774194,0,after_reset,0.0027155529404,34.3410217058,0.00465551959465,0.0799420429832,0.515483349432,0.00465551959465,0.0136858262028,0.00312299899765,0.00563739019552,0.00482806899934,3.24698536889e-05,0.0186884205812,0.00307855626327,0.0256880733945,0.00223642172524,0.00282131661442,0.0041935483871,0.000120048019208,942,109,313,319,310,833
full,eps2,7,0,1,local_reset,2.73392419814e-15,-1.41730631304,-6.8840386218,6352.5840048,2.35889342199,4,-0.0385817734533,128.346365157,6.16378686345,3.17805118807,1.97014103078,0.0413307789278,0.041965309633,0.041508586262,0.0415482954545,0.0409274193548,0.0412477490996,after_reset,6.11153692341,6466.60940996,0.0638851424951,1.09700081881,0.515483349432,0.0638851424951,0.0720066624149,0.0457376846064,0.0771614170057,0.0645213238524,0.0627446930599,0.0186884205812,0.128874734607,0.124770642202,0.126517571885,0.135423197492,0.124516129032,0.129411764706,942,109,313,319,310,833
full,eps2,7,0,1,retained,2.79810896675e-15,-4.78401215176,-20.7706904301,7357.41103093,7.28970855635,10,-0.106408996222,440.129946908,6.51516909033,3.49245634164,3.47076149499,0.0384985403397,0.039026662844,0.0374650559105,0.0405686716301,0.0374117943548,0.0384294342737,after_reset,6.10820823332,7753.50846324,0.0699536992453,1.20120676505,0.596531781058,0.0699536992453,0.0787939712936,0.0522047799283,0.0831020294506,0.0707942854843,0.0687128310566,0.0186884205812,0.12186836518,0.137614678899,0.114376996805,0.133542319749,0.117419354839,0.119807923169,942,109,313,319,310,833
full,eps2,7,0,1,shared_reset,2.85188539451e-15,-5.93149546928e-07,-0.0107662769248,0.00515475444853,6.7430828057e-07,10,2.15116960142e-06,37.2118864905,6.50748167551,3.49303293905,1.0131097345,0.000937168259023,0.00770498853211,0.000798722044728,0.00124902037618,0.000756048387097,5.15831332533e-05,after_reset,0.00434955196147,37.1955124814,0.00484514553133,0.0831981961306,0.596531781058,0.00484514553133,0.0142426949822,0.00318924302923,0.00590089262085,0.00502333325443,5.72970436749e-05,0.0186884205812,0.00403397027601,0.0348623853211,0.00479233226837,0.0025078369906,0.00483870967742,0,942,109,313,319,310,833
full,eps2,7,0,1,local_reset,3.21964677141e-15,-4.29649169371,-18.8894660596,7356.24948394,6.1439003942,10,-0.0979793715084,371.422287289,6.51518012911,3.49246182831,3.18670633769,0.0382290007962,0.0369122706422,0.037365215655,0.0402992750784,0.036970766129,0.0384012980192,after_reset,6.10779425549,7687.24779738,0.0696541494226,1.19606305889,0.596531781058,0.0696541494226,0.0765037246548,0.0520311182989,0.082738701317,0.0704630002446,0.0687073629294,0.0186884205812,0.120700636943,0.126605504587,0.113738019169,0.132288401254,0.115806451613,0.119927971188,942,109,313,319,310,833
full,eps2,7,1,0.25,retained,2.33146835171e-15,0,0,333.993058027,0,-1,0,0,5.95037916352,2.86381505081,0,0.0108147558386,0.0108506944444,0.0111696285942,0.0108125979624,0.0104586693548,0.0108105352906,pulse,1.52818495074,333.993058027,0.0145187849626,1,0.441875451494,0.0145187849626,0.0145455423392,0.0100998037764,0.0179285358565,0.0143801134748,0.0145156394009,0.0186884205812,0.0418259023355,0.0393939393939,0.0402555910543,0.0435736677116,0.0416129032258,0.0421115065243,942,99,313,319,310,843
full,eps2,7,1,0.25,retained,2.37310171514e-15,0.0014906529978,-0.086087600559,345.991321152,0.00237556867571,0,0.000562995584021,1.95230822209,6.13083709831,2.93029618062,0.251952897543,0.0107774349788,0.00982481060606,0.0111696285942,0.0109962774295,0.01015625,0.0108893090154,before_reset,1.52802414858,347.777937038,0.0148153721941,1.02042782728,0.45498146566,0.0148153721941,0.0172347155129,0.0103638273426,0.0182721369828,0.014661854358,0.0145047962002,0.0186884205812,0.0422505307856,0.0515151515152,0.0402555910543,0.046394984326,0.04,0.041162514828,942,99,313,319,310,843
full,eps2,7,1,0.25,retained,2.37310171514e-15,0.0014906529978,-0.086087600559,345.991321152,0.00237556867571,0,0.000562995584021,1.95230822209,6.13083709831,2.93029618062,0.251952897543,0.0107774349788,0.00982481060606,0.0111696285942,0.0109962774295,0.01015625,0.0108893090154,after_reset,1.52802414858,347.777937038,0.0148153721941,1.02042782728,0.45498146566,0.0148153721941,0.0172347155129,0.0103638273426,0.0182721369828,0.014661854358,0.0145047962002,0.0186884205812,0.0422505307856,0.0515151515152,0.0402555910543,0.046394984326,0.04,0.041162514828,942,99,313,319,310,843
full,eps2,7,1,0.25,shared_reset,1.82492909673e-15,0,0,0,0,0,0,1.95230822209,6.13083709831,2.93029618062,0.251952897543,0.000261246019108,0.00248579545455,0.00022464057508,0.000342868338558,0.000214213709677,0,after_reset,0,1.95230822209,0.00111003262804,0.0764549258701,0.45498146566,0.00111003262804,0.00342407760058,0.000790258008273,0.00135813451073,0.00110253469758,0,0.0186884205812,0.000955414012739,0.00909090909091,0.000958466453674,0.00156739811912,0.000322580645161,0,942,99,313,319,310,843
full,eps2,7,1,0.25,local_reset,2.37310171514e-15,0,0,345.991321152,0,0,0,0,6.13723086897,2.93027147606,0,0.0107981687898,0.0100220959596,0.0111446685304,0.0110819945141,0.01015625,0.0108893090154,after_reset,1.52802414858,345.991321152,0.014777268193,1.01780336516,0.45498146566,0.014777268193,0.016920583707,0.0103380648329,0.0182231667088,0.0146260416818,0.0145047962002,0.0186884205812,0.0423566878981,0.0525252525253,0.0399361022364,0.0460815047022,0.0409677419355,0.041162514828,942,99,313,319,310,843
full,eps2,7,1,0.25,retained,2.39391839685e-15,0.000952351295286,-0.165966784736,358.196078454,0.00496199215743,1,0.00104881167316,4.15732141428,6.37025530602,2.99183980975,0.364184754992,0.0104913083864,0.0109690656566,0.0102960263578,0.0110575039185,0.0101058467742,0.0104352016607,after_reset,1.52786245496,362.030430617,0.0151159028245,1.04112726123,0.468678881825,0.0151159028245,0.017683802291,0.0105366821154,0.0185722180796,0.0150757743834,0.0147850995277,0.0186884205812,0.0428874734607,0.0383838383838,0.038338658147,0.0470219435737,0.0432258064516,0.0434163701068,942,99,313,319,310,843
full,eps2,7,1,0.25,shared_reset,2.33146835171e-15,-8.17645226729e-10,-9.83737271416e-05,3.3450717394e-05,4.57904835914e-10,1,-7.33166249925e-08,1.99486504301,6.37058423608,2.99181651578,0.252244225626,0.0002570992569,0.00244633838384,0.000287040734824,0.000269396551724,0.000214213709677,0,after_reset,0.000420665601456,1.99470159847,0.00112201979961,0.0772805577393,0.468678881825,0.00112201979961,0.0034610292479,0.000795260052251,0.00137855295538,0.00110967458664,4.48533941636e-06,0.0186884205812,0.00127388535032,0.0121212121212,0.000638977635783,0.00219435736677,0.000967741935484,0,942,99,313,319,310,843
full,eps2,7,1,0.25,local_reset,2.3037127761e-15,-0.000400625980879,-0.0753924128503,358.184794332,0.00219468502829,1,0.000327878271302,1.83244221517,6.37602909942,2.99181460996,0.241950795949,0.0104498407643,0.0105744949495,0.0102835463259,0.0109350509404,0.0101184475806,0.0104352016607,after_reset,1.52784441161,359.868500911,0.015070701578,1.0380139672,0.468678881825,0.015070701578,0.0173144496966,0.0105081701288,0.0185127183981,0.0150336016523,0.0147848752796,0.0186884205812,0.0424628450106,0.0353535353535,0.0380191693291,0.046394984326,0.0429032258065,0.0432977461447,942,99,313,319,310,843
full,eps2,7,1,0.25,retained,2.72004641033e-15,-0.00656113793114,-0.532195786778,397.143381149,0.0139265081109,4,0.00165474368936,12.2335275993,6.37025530602,3.1930767711,0.607583328803,0.0104747213376,0.0119949494949,0.00988418530351,0.0107881073668,0.0107484879032,0.0102961892052,after_reset,1.52731918477,408.316630894,0.0160531434856,1.10568091799,0.514282332764,0.0160531434856,0.0185115747211,0.0115534581742,0.0194637931214,0.0160771235352,0.0157392549797,0.0186884205812,0.0352441613588,0.0323232323232,0.0345047923323,0.0382445141066,0.0329032258065,0.0355871886121,942,99,313,319,310,843
full,eps2,7,1,0.25,shared_reset,3.05311331772e-15,-4.96107083461e-09,-0.00032126246322,0.000109881902416,1.08306985214e-09,4,-7.80121969341e-08,2.08570553075,6.37058423608,3.19304398703,0.250755961482,0.000244658970276,0.00232796717172,0.00011232028754,0.000269396551724,0.000352822580645,0,after_reset,0.000684858482303,2.08517272287,0.00114718265083,0.0790136815017,0.514282332764,0.00114718265083,0.00353859132279,0.0008044471258,0.00141299878517,0.00113626536222,8.23598726751e-06,0.0186884205812,0.00138004246285,0.0111111111111,0,0.0025078369906,0.00161290322581,0.000237247924081,942,99,313,319,310,843
full,eps2,7,1,0.25,local_reset,2.45636844198e-15,-0.00765816944592,-0.439455635109,397.110345266,0.0105887982022,4,0.000754837886599,9.26630664794,6.37602909942,3.19305450512,0.52889160327,0.0103793458068,0.0111663510101,0.00982178514377,0.0107023902821,0.0106098790323,0.0102869217082,after_reset,1.52726810173,405.494522779,0.0159975711005,1.10185329845,0.514282332764,0.0159975711005,0.0180528664922,0.0115136547055,0.0193929600284,0.0160256306355,0.0157386007606,0.0186884205812,0.0355626326964,0.0353535353535,0.0348242811502,0.0385579937304,0.0332258064516,0.0355871886121,942,99,313,319,310,843
full,eps2,7,1,0.25,retained,2.60902410787e-15,-0.0303845732084,-1.21732082362,461.803875785,0.031987322633,10,0.00475797453345,30.9024721131,6.37025530602,3.51548670624,0.919405988354,0.00967024946921,0.0108112373737,0.00919778354633,0.0102982954545,0.00950100806452,0.0095362544484,after_reset,1.52646600504,490.252440376,0.0175902266331,1.21154949801,0.599274721149,0.0175902266331,0.0200526551929,0.0132215059833,0.0208405573096,0.0177985203554,0.0172780331372,0.0186884205812,0.0331210191083,0.0353535353535,0.0284345047923,0.035736677116,0.0351612903226,0.0328588374852,942,99,313,319,310,843
full,eps2,7,1,0.25,shared_reset,3.12944115066e-15,-9.72697813943e-09,-0.000783471325699,0.000386181996732,3.25612960197e-09,10,-3.34768167552e-07,2.2518875909,6.37058423608,3.51549922436,0.248011670285,0.000240512208068,0.0022490530303,0.000187200479233,0.000330623040752,0.000201612903226,4.6337485172e-06,after_reset,0.0011884776049,2.25070614451,0.00119184821714,0.0820900798661,0.599274721149,0.00119184821714,0.00367616949482,0.000820013120228,0.0014780947975,0.00117871625393,1.55962313122e-05,0.0186884205812,0.000743099787686,0.00707070707071,0.000958466453674,0.000626959247649,0.000645161290323,0,942,99,313,319,310,843
full,eps2,7,1,0.25,local_reset,3.56312201966e-15,-0.0308078774933,-1.1164831447,461.71562211,0.027473485139,10,0.00344228344713,26.482927493,6.37602909942,3.51546004479,0.851307210197,0.00961634156051,0.0102193813131,0.00913538338658,0.0101758424765,0.00952620967742,0.00954552194543,after_reset,1.52634621825,485.938325611,0.0175126605321,1.20620703297,0.599274721149,0.0175126605321,0.019408698228,0.0131647987757,0.0207441982356,0.0177242128962,0.0172763461059,0.0186884205812,0.0324840764331,0.0292929292929,0.0281150159744,0.0354231974922,0.0338709677419,0.0328588374852,942,99,313,319,310,843
full,eps2,7,1,1,retained,2.19269047363e-15,0,0,5343.88893623,0,-1,0,0,5.95037916352,2.86381505081,0,0.042450404724,0.0427320075758,0.0429063498403,0.0420625979624,0.0423891129032,0.0424173339265,pulse,6.11273980465,5343.88893623,0.0580751398927,1,0.441875451494,0.0580751398927,0.0581821694339,0.0403992150058,0.071714143592,0.0575204538865,0.0580625576419,0.0186884205812,0.146072186837,0.148484848485,0.141214057508,0.14921630094,0.147741935484,0.145788849348,942,99,313,319,310,843
full,eps2,7,1,1,retained,2.53963516883e-15,-0.234702718302,-1.40991150648,5535.88356981,0.612303961073,0,0.0350884061033,31.4583609469,6.11143677882,2.93033024703,1.01134128039,0.0428236133227,0.0428109217172,0.0442167531949,0.0421360697492,0.0421244959677,0.042825103796,before_reset,6.1120967474,5564.73518308,0.0592630233739,1.02045425088,0.45498146566,0.0592630233739,0.0689506022084,0.0414563837511,0.0730915558579,0.0586475052265,0.058019297992,0.0186884205812,0.141295116773,0.157575757576,0.137060702875,0.147962382445,0.138709677419,0.139383155397,942,99,313,319,310,843
full,eps2,7,1,1,retained,2.53963516883e-15,-0.234702718302,-1.40991150648,5535.88356981,0.612303961073,0,0.0350884061033,31.4583609469,6.11143677882,2.93033024703,1.01134128039,0.0428236133227,0.0428109217172,0.0442167531949,0.0421360697492,0.0421244959677,0.042825103796,after_reset,6.1120967474,5564.73518308,0.0592630233739,1.02045425088,0.45498146566,0.0592630233739,0.0689506022084,0.0414563837511,0.0730915558579,0.0586475052265,0.058019297992,0.0186884205812,0.141295116773,0.157575757576,0.137060702875,0.147962382445,0.138709677419,0.139383155397,942,99,313,319,310,843
full,eps2,7,1,1,shared_reset,2.24820162487e-15,0,0,0,0,0,0,31.4583609469,6.11143677882,2.93033024703,1.01134128039,0.00106986464968,0.0101799242424,0.000985922523962,0.00121228448276,0.00100806451613,0,after_reset,0,31.4583609469,0.00445584010886,0.076725430487,0.45498146566,0.00445584010886,0.0137447692285,0.00315664093654,0.00546966016499,0.00441424260351,0,0.0186884205812,0.0036093418259,0.0343434343434,0.0038338658147,0.00501567398119,0.00193548387097,0,942,99,313,319,310,843
full,eps2,7,1,1,local_reset,2.3037127761e-15,0,0,5535.88356981,0,0,0,0,6.13723086897,2.93027147606,0,0.0426121284501,0.0407986111111,0.0439921126198,0.0420381073668,0.0418094758065,0.042825103796,after_reset,6.1120967474,5535.88356981,0.0591091925273,1.01780542649,0.45498146566,0.0591091925273,0.0676825037479,0.0413524350162,0.0728927352901,0.0585043212441,0.058019297992,0.0186884205812,0.139808917197,0.143434343434,0.136102236422,0.14670846395,0.136451612903,0.139383155397,942,99,313,319,310,843
full,eps2,7,1,1,retained,2.58126853225e-15,-0.644860731744,-2.6764646188,5731.18458398,1.27667067496,1,0.0650805086509,66.8586169504,6.35132188308,2.99188958425,1.46045539178,0.0423923500531,0.0431265782828,0.0422199480831,0.0426748628527,0.0422757056452,0.042306123962,after_reset,6.11145207759,5792.80738192,0.0604652839679,1.0411560623,0.468678881825,0.0604652839679,0.0707389323162,0.0421490050158,0.0742940042565,0.0603000813255,0.0591417860696,0.0186884205812,0.144692144374,0.149494949495,0.135782747604,0.156112852665,0.141935483871,0.144128113879,942,99,313,319,310,843
full,eps2,7,1,1,shared_reset,2.82412981889e-15,-1.52895735175e-07,-0.00156701747892,0.000539127454361,1.16568652674e-07,1,-8.61677366849e-06,32.151025682,6.35286158614,2.99184828325,1.01256802545,0.0010283970276,0.00966698232323,0.000898562300319,0.00122452978056,0.000957661290323,1.39012455516e-05,after_reset,0.00167578481686,32.1484133517,0.00450444537579,0.077562368065,0.468678881825,0.00450444537579,0.0138946007299,0.00317651061464,0.00555236806511,0.00444340155198,1.80119940913e-05,0.0186884205812,0.00414012738854,0.0383838383838,0.00351437699681,0.00595611285266,0.00290322580645,0.00011862396204,942,99,313,319,310,843
full,eps2,7,1,1,local_reset,2.14411821631e-15,-0.37869577248,-1.18972202099,5730.99967957,0.564280537759,1,0.0214710970765,29.4392956629,6.37413818134,2.99182328529,0.969911728709,0.0423011212845,0.0423374368687,0.0420452276358,0.0426503722571,0.0422001008065,0.042296856465,after_reset,6.11137996696,5757.90936238,0.0602828761848,1.03801516959,0.468678881825,0.0602828761848,0.0692484440282,0.0420337074297,0.0740529688701,0.0601312395083,0.0591408671675,0.0186884205812,0.144373673036,0.147474747475,0.135463258786,0.154858934169,0.142580645161,0.144009489917,942,99,313,319,310,843
full,eps2,7,1,1,retained,2.73392419814e-15,-2.43669602441,-8.54559481806,6354.47974962,3.57313364634,4,0.0975955484203,196.168995369,6.35132188308,3.19293259854,2.43303002215,0.0411732019639,0.0423768939394,0.0401981829073,0.0420993338558,0.0412046370968,0.0410318431198,after_reset,6.10928444089,6532.45248805,0.0642095583474,1.10562899144,0.514282332764,0.0642095583474,0.0740559535178,0.046202367955,0.0778635047336,0.0642972802376,0.06295224926,0.0186884205812,0.130891719745,0.140404040404,0.124920127796,0.143573667712,0.123870967742,0.129774614472,942,99,313,319,310,843
full,eps2,7,1,1,shared_reset,3.17107451409e-15,-5.48098235595e-07,-0.00507891558925,0.00176429189386,2.78700539347e-07,4,-1.44413222086e-05,33.6084198927,6.35286158614,3.19306511565,1.00652171737,0.000982782643312,0.00935132575758,0.000698881789137,0.0010898315047,0.00115927419355,0,after_reset,0.00273985709474,33.5999966532,0.00460501628055,0.0792941056889,0.514282332764,0.00460501628055,0.0142046011563,0.00321353929293,0.00568945871346,0.00455004661613,3.30011385339e-05,0.0186884205812,0.00339702760085,0.030303030303,0.00191693290735,0.00438871473354,0.00387096774194,0.000237247924081,942,99,313,319,310,843
full,eps2,7,1,1,local_reset,2.6645352591e-15,-2.11653883343,-7.00652814918,6353.94789743,2.71601248424,4,0.0452355384605,148.53304281,6.37413818134,3.1928678596,2.11755289401,0.0409534235669,0.0401672979798,0.0401233027157,0.041768710815,0.0409526209677,0.0410457443654,after_reset,6.10908155949,6487.04128984,0.0639859885529,1.10177932711,0.514282332764,0.0639859885529,0.0722107389331,0.046041904621,0.0775770398683,0.0640922376157,0.0629496216297,0.0186884205812,0.130891719745,0.140404040404,0.124600638978,0.143573667712,0.124193548387,0.129774614472,942,99,313,319,310,843
full,eps2,7,1,1,retained,2.44249065418e-15,-6.48908838064,-19.4541744201,7389.51170744,8.20344899528,10,0.264967843062,495.270260814,6.35132188308,3.51486627157,3.68060689973,0.0394937632696,0.0404434974747,0.0399485822684,0.0396135384013,0.0389112903226,0.0393822286477,after_reset,6.1058847651,7841.62882734,0.0703500958902,1.2113633479,0.599274721149,0.0703500958902,0.0802227739559,0.0528615902587,0.083374543374,0.0711650953405,0.069098177026,0.0186884205812,0.119108280255,0.137373737374,0.11214057508,0.130094043887,0.114838709677,0.116963226572,942,99,313,319,310,843
full,eps2,7,1,1,shared_reset,3.07739944638e-15,-1.33090515596e-06,-0.0123974884288,0.00620234966513,8.39214571403e-07,10,-4.04332790802e-05,36.2781924913,6.35286158614,3.51552709576,0.995463492478,0.000883260350318,0.00820707070707,0.000823682108626,0.00112656739812,0.000693044354839,2.3168742586e-05,after_reset,0.00475913604588,36.259517175,0.00478379500798,0.0823725094217,0.599274721149,0.00478379500798,0.0147552714488,0.0032739925836,0.00595106628168,0.00471951378869,6.25370090075e-05,0.0186884205812,0.0036093418259,0.0333333333333,0.00319488817891,0.00313479623824,0.00451612903226,0.00011862396204,942,99,313,319,310,843
full,eps2,7,1,1,local_reset,2.75972820984e-15,-6.05290346482,-17.7933821572,7388.06024052,7.04486286499,10,0.192179538415,424.36921276,6.37413818134,3.51476839625,3.40772400443,0.0392491042994,0.0381549873737,0.0396241014377,0.0393318965517,0.0387852822581,0.0393775948992,after_reset,6.10540669583,7772.16610398,0.07003781515,1.20598616343,0.599274721149,0.07003781515,0.0776315859003,0.0526328185918,0.0829851851609,0.0708680051886,0.0690912780066,0.0186884205812,0.117409766454,0.121212121212,0.110862619808,0.127586206897,0.113548387097,0.116963226572,942,99,313,319,310,843
full,eps2,99,0,0.25,retained,2.76167977376e-15,0,0,341.052731453,0,-1,0,0,5.85790787495,2.88046742537,0,0.0102922638004,0.0102914663462,0.00987170527157,0.0109717868339,0.010017641129,0.0102923627685,pulse,1.5346564881,341.052731453,0.0146714257114,1,0.439614331836,0.0146714257114,0.0143137260891,0.00973902060102,0.0180923817813,0.0148822223027,0.0147152115316,0.0186884205812,0.0437367303609,0.0490384615385,0.0396166134185,0.0473354231975,0.0441935483871,0.0430787589499,942,104,313,319,310,838
full,eps2,99,0,0.25,retained,2.22738494315e-15,-0.000652372836749,-0.0507819747471,353.6168008,0.0022288256173,0,3.56725355468e-05,1.78744330119,5.93766053589,2.94760378481,0.24233136802,0.0104539875265,0.0107046274038,0.00987170527157,0.0112534286834,0.0102192540323,0.0104228818616,before_reset,1.53446581647,355.303675577,0.0149748128348,1.02067877583,0.454124771005,0.0149748128348,0.0169990951611,0.0100305760928,0.0183550271604,0.0152689616974,0.0147041633469,0.0186884205812,0.0433121019108,0.0394230769231,0.0415335463259,0.0476489028213,0.0406451612903,0.0437947494033,942,104,313,319,310,838
full,eps2,99,0,0.25,retained,2.22738494315e-15,-0.000652372836749,-0.0507819747471,353.6168008,0.0022288256173,0,3.56725355468e-05,1.78744330119,5.93766053589,2.94760378481,0.24233136802,0.0104539875265,0.0107046274038,0.00987170527157,0.0112534286834,0.0102192540323,0.0104228818616,after_reset,1.53446581647,355.303675577,0.0149748128348,1.02067877583,0.454124771005,0.0149748128348,0.0169990951611,0.0100305760928,0.0183550271604,0.0152689616974,0.0147041633469,0.0186884205812,0.0433121019108,0.0394230769231,0.0415335463259,0.0476489028213,0.0406451612903,0.0437947494033,942,104,313,319,310,838
full,eps2,99,0,0.25,shared_reset,1.76247905159e-15,0,0,0,0,0,0,1.78744330119,5.93766053589,2.94760378481,0.24233136802,0.00021563163482,0.001953125,0.000137280351438,0.000220415360502,0.000289818548387,0,after_reset,0,1.78744330119,0.00106213003536,0.0723944663766,0.454124771005,0.00106213003536,0.00319658658047,0.000789629296922,0.00114549785841,0.00120342050085,0,0.0186884205812,0.00148619957537,0.0134615384615,0.00127795527157,0.00156739811912,0.00161290322581,0,942,104,313,319,310,838
full,eps2,99,0,0.25,local_reset,2.22738494315e-15,0,0,353.6168008,0,0,0,0,5.93507095998,2.94761807963,0,0.0104000796178,0.0102163461538,0.00985922523962,0.0112656739812,0.0100554435484,0.0104228818616,after_reset,1.53446581647,353.6168008,0.0149392225923,1.01825295552,0.454124771005,0.0149392225923,0.0167130483261,0.0100027777393,0.0183203823118,0.0152241854357,0.0147041633469,0.0186884205812,0.0427813163482,0.0346153846154,0.0408945686901,0.0473354231975,0.04,0.0437947494033,942,104,313,319,310,838
full,eps2,99,0,0.25,retained,1.99840144433e-15,-0.000847381672928,-0.138991470305,362.575173265,0.00400773684655,1,0.000135654705957,3.30137556036,5.93766053589,2.99246483269,0.3250668872,0.0100807789278,0.0101412259615,0.00954722444089,0.0108738244514,0.00980342741935,0.010073277148,after_reset,1.53434316795,365.601150168,0.0151902642718,1.03536388151,0.465453365417,0.0151902642718,0.0172460664253,0.0102741591653,0.0186109691022,0.0154324501209,0.0149153771,0.0186884205812,0.0414012738854,0.0451923076923,0.0389776357827,0.0382445141066,0.0470967741935,0.0409307875895,942,104,313,319,310,838
full,eps2,99,0,0.25,shared_reset,1.949829187e-15,-5.20517454729e-10,-5.57369365715e-05,1.59247352387e-05,1.06956157409e-10,1,3.17856916344e-08,1.82233993764,5.93766053589,2.99247181021,0.241967598108,0.000281979830149,0.00255408653846,0.000274560702875,0.000269396551724,0.000302419354839,0,after_reset,0.000254042148303,1.82224445114,0.00107241991697,0.0730958216376,0.465453365417,0.00107241991697,0.00322754305462,0.000795424356638,0.00115670565074,0.00121619810516,3.0945602677e-06,0.0186884205812,0.00138004246285,0.0125,0.000958466453674,0.000940438871473,0.00225806451613,0,942,104,313,319,310,838
full,eps2,99,0,0.25,local_reset,2.04003480775e-15,-0.000197275246011,-0.0827502552733,362.571019272,0.00159934592584,1,3.17977538302e-05,1.31676029004,5.93507095998,2.99247787057,0.205042497555,0.0100185774947,0.00957782451923,0.00940994408946,0.0108248432602,0.00980342741935,0.010073277148,after_reset,1.53433400412,363.723547442,0.015151208056,1.03270182149,0.465453365417,0.015151208056,0.0169326051582,0.010243780004,0.0185743996736,0.0153814255722,0.0149152943728,0.0186884205812,0.0412951167728,0.0442307692308,0.0389776357827,0.0382445141066,0.0467741935484,0.0409307875895,942,104,313,319,310,838
full,eps2,99,0,0.25,retained,2.08166817117e-15,-0.0170704612856,-0.389142977284,398.712851893,0.0120701493357,4,-0.000273312933303,10.4640865506,6.24961798688,3.16845696941,0.563827933711,0.00979879909766,0.0105168269231,0.00918530351438,0.0103227860502,0.00987903225806,0.00970968824582,after_reset,1.53383202432,408.37603509,0.0160543111938,1.09425706197,0.506952962703,0.0160543111938,0.0181997641729,0.0111609342134,0.0194735935299,0.0163461730815,0.0157677001345,0.0186884205812,0.0409766454352,0.0365384615385,0.0402555910543,0.0454545454545,0.0370967741935,0.0415274463007,942,104,313,319,310,838
full,eps2,99,0,0.25,shared_reset,2.25514051877e-15,-3.62520598534e-09,-0.00024212449829,0.000115062165816,1.0110633907e-09,4,-1.26395975941e-07,1.91086465684,6.24960350442,3.16858456889,0.24104875766,0.000273686305732,0.00244140625,0.000237120607029,0.000244905956113,0.000340221774194,4.66139618138e-06,after_reset,0.000704813695338,1.91049521098,0.00109808138562,0.0748448996863,0.506952962703,0.00109808138562,0.00330470011794,0.00080293771911,0.00119044213304,0.00124690815239,8.38175577953e-06,0.0186884205812,0.00116772823779,0.00961538461538,0.00159744408946,0.000940438871473,0.000967741935484,0.000119331742243,942,104,313,319,310,838
full,eps2,99,0,0.25,local_reset,3.31679128607e-15,-0.0157516389351,-0.320531375918,398.678955362,0.00881392091527,4,-0.000209469458024,7.64984041824,6.24906420489,3.16847291123,0.481875751861,0.00973659766454,0.00995342548077,0.00912290335463,0.0102738048589,0.00980342741935,0.00970968824582,after_reset,1.53377705537,405.664624733,0.01600092618,1.09061835536,0.506952962703,0.01600092618,0.0177736082371,0.0111178058557,0.0194208119101,0.0162812769205,0.0157670315537,0.0186884205812,0.0408704883227,0.0346153846154,0.0402555910543,0.0454545454545,0.0367741935484,0.041646778043,942,104,313,319,310,838
full,eps2,99,0,0.25,retained,2.45636844198e-15,-0.0309948604975,-0.781133865542,462.324707209,0.0291682383933,10,0.0013301346287,28.154360721,6.24961798688,3.47953764721,0.877731342682,0.00942973726115,0.00905198317308,0.00838658146965,0.0101391065831,0.00975302419355,0.00947661843675,after_reset,1.53299681737,488.886638986,0.01756570711,1.19727335677,0.585570034429,0.01756570711,0.0197180225953,0.0128556847218,0.020795361189,0.0180481650716,0.017279904288,0.0186884205812,0.0380042462845,0.0326923076923,0.0421725239617,0.0388714733542,0.0329032258065,0.0386634844869,942,104,313,319,310,838
full,eps2,99,0,0.25,shared_reset,2.41473507856e-15,-1.43285420628e-08,-0.000581203966627,0.000350820439173,2.62289826332e-09,10,-1.69046307382e-07,2.07057070457,6.24960350442,3.47973422758,0.238513535513,0.000199044585987,0.00176532451923,0.00011232028754,0.000159188871473,0.000327620967742,4.66139618138e-06,after_reset,0.00113720534259,2.06975875295,0.00114293469613,0.0779020879508,0.585570034429,0.00114293469613,0.00343950708786,0.000829969459516,0.0012436921639,0.00129702489652,1.51602066859e-05,0.0186884205812,0.000955414012739,0.00576923076923,0.00159744408946,0.000313479623824,0.000967741935484,0.00035799522673,942,104,313,319,310,838
full,eps2,99,0,0.25,local_reset,2.671474153e-15,-0.029351971314,-0.732660585197,462.246354989,0.0247800760316,10,0.00115389212941,23.95155446,6.24906420489,3.47954955473,0.809178510326,0.00937582935244,0.00845102163462,0.0083741014377,0.0101146159875,0.00962701612903,0.0094906026253,after_reset,1.53288299546,484.700972197,0.0174903499208,1.19213703323,0.585570034429,0.0174903499208,0.0191132347678,0.0128012156454,0.0207219341994,0.0179515138865,0.0172783124269,0.0186884205812,0.037898089172,0.0317307692308,0.0421725239617,0.0385579937304,0.0329032258065,0.0386634844869,942,104,313,319,310,838
full,eps2,99,0,1,retained,2.60902410787e-15,0,0,5456.84358266,0,-1,0,0,5.85790787495,2.88046742537,0,0.0415090897028,0.0400015024038,0.0391498602236,0.0432381465517,0.0421118951613,0.0416961888425,pulse,6.13862596046,5456.84358266,0.058685702197,1,0.439614331836,0.058685702197,0.0572549036064,0.0389560819393,0.0723695264508,0.0595288884191,0.0588608454901,0.0186884205812,0.153184713376,0.1375,0.150479233227,0.160815047022,0.148064516129,0.155131264916,942,104,313,319,310,838
full,eps2,99,0,1,retained,2.37310171514e-15,-0.433307741703,-0.813255076951,5657.88672985,0.571514735196,0,0.00191151356895,28.6519057336,5.94483237408,2.94748082633,0.970187589238,0.0410322120488,0.0403395432692,0.0384634584665,0.0432993730408,0.0412928427419,0.041118175716,before_reset,6.13786472418,5684.62084771,0.0598979976699,1.02065742468,0.454124771005,0.0598979976699,0.0679857417319,0.0401148079898,0.0734227194697,0.0610738527202,0.0588167445008,0.0186884205812,0.147346072187,0.146153846154,0.14249201278,0.157053291536,0.142258064516,0.147494033413,942,104,313,319,310,838
full,eps2,99,0,1,retained,2.37310171514e-15,-0.433307741703,-0.813255076951,5657.88672985,0.571514735196,0,0.00191151356895,28.6519057336,5.94483237408,2.94748082633,0.970187589238,0.0410322120488,0.0403395432692,0.0384634584665,0.0432993730408,0.0412928427419,0.041118175716,after_reset,6.13786472418,5684.62084771,0.0598979976699,1.02065742468,0.454124771005,0.0598979976699,0.0679857417319,0.0401148079898,0.0734227194697,0.0610738527202,0.0588167445008,0.0186884205812,0.147346072187,0.146153846154,0.14249201278,0.157053291536,0.142258064516,0.147494033413,942,104,313,319,310,838
full,eps2,99,0,1,shared_reset,1.86656246015e-15,0,0,0,0,0,0,28.6519057336,5.94483237408,2.94748082633,0.970187589238,0.000903994161359,0.00818810096154,0.00078624201278,0.000685736677116,0.00124747983871,0,after_reset,0,28.6519057336,0.00425244112663,0.0724612804726,0.454124771005,0.00425244112663,0.012798146919,0.00316917740545,0.00457843567192,0.00482060490926,0,0.0186884205812,0.00509554140127,0.0461538461538,0.00479233226837,0.00470219435737,0.0058064516129,0,942,104,313,319,310,838
full,eps2,99,0,1,local_reset,2.37310171514e-15,0,0,5657.88672985,0,0,0,0,5.93507095998,2.94761807963,0,0.0409202494692,0.0393254206731,0.0383012180511,0.0433605995298,0.0410534274194,0.041118175716,after_reset,6.13786472418,5657.88672985,0.0597569849868,1.01825457905,0.454124771005,0.0597569849868,0.0668523134435,0.0400112439752,0.0732815994132,0.0608968487459,0.0588167445008,0.0186884205812,0.145966029724,0.133653846154,0.141214057508,0.15736677116,0.139032258065,0.147494033413,942,104,313,319,310,838
full,eps2,99,0,1,retained,2.10942374679e-15,-0.707446989039,-2.20717368043,5801.2273366,1.02479008241,1,0.00881390090239,52.7887948779,5.94483237408,2.99228020566,1.29967721693,0.0403645833333,0.0399639423077,0.0380516174121,0.0417932014107,0.0412298387097,0.0404143048926,after_reset,6.13737341074,5849.22930802,0.0607590362547,1.03532945811,0.465453365417,0.0607590362547,0.0689727632997,0.0410856669603,0.074447780849,0.0617262834623,0.0596608453726,0.0186884205812,0.143205944798,0.153846153846,0.14089456869,0.146081504702,0.142580645161,0.141885441527,942,104,313,319,310,838
full,eps2,99,0,1,shared_reset,2.78943534937e-15,-5.84003744666e-08,-0.000902930811215,0.000259486314009,2.77199316778e-08,1,1.48961259478e-06,29.2078553978,5.94483237408,2.99235281938,0.968670410129,0.00100351645435,0.00901442307692,0.000898562300319,0.000820434952978,0.00129788306452,9.32279236277e-06,after_reset,0.00102072237016,29.2063119126,0.00429338576845,0.0731589741234,0.465453365417,0.00429338576845,0.0129213252711,0.00319249884708,0.00462287787237,0.00487143674652,1.24903188052e-05,0.0186884205812,0.00435244161359,0.0394230769231,0.00351437699681,0.00313479623824,0.00645161290323,0,942,104,313,319,310,838
full,eps2,99,0,1,local_reset,2.3037127761e-15,-0.263362839523,-1.30552549449,5801.15945874,0.407406654532,1,0.00320481507067,20.9915958065,5.93507095998,2.99240842036,0.818341057276,0.0402816480892,0.0391751802885,0.0380516174121,0.0417319749216,0.0410408266129,0.0404189662888,after_reset,6.13733630313,5819.42709416,0.0606040529167,1.03268855356,0.465453365417,0.0606040529167,0.0677288593428,0.0409718176737,0.0742988132423,0.0615240808739,0.0596605075824,0.0186884205812,0.143099787686,0.152884615385,0.141533546326,0.145454545455,0.142258064516,0.141885441527,942,104,313,319,310,838
full,eps2,99,0,1,retained,2.57432963835e-15,-3.02231788849,-6.23962184662,6379.61155156,3.0954856566,4,-0.0218434114136,167.804041614,6.24824024395,3.16767676805,2.25729415531,0.0389795647558,0.0403395432692,0.0366788138978,0.0410584835423,0.0391633064516,0.0388107846062,after_reset,6.13534426941,6531.94351254,0.0642070568573,1.0940834727,0.506952962703,0.0642070568573,0.0727783184197,0.0446081800069,0.077900091532,0.0653717816931,0.0630621106854,0.0186884205812,0.13864118896,0.124038461538,0.1303514377,0.151724137931,0.133548387097,0.140453460621,942,104,313,319,310,838
full,eps2,99,0,1,shared_reset,3.06699110553e-15,-4.70482991594e-07,-0.00388241705285,0.00186985106843,2.59205242613e-07,4,-1.51548051239e-05,30.6219453289,6.25000183265,3.16844972549,0.964920523086,0.000953755307856,0.00848858173077,0.000773761980831,0.000808189655172,0.00128528225806,1.86455847255e-05,after_reset,0.00282108353627,30.6160193545,0.00439577965616,0.0749037583534,0.506952962703,0.00439577965616,0.0132291908644,0.00322213672698,0.00475693898067,0.00499485306156,3.37893162915e-05,0.0186884205812,0.00467091295117,0.0375,0.00479233226837,0.00501567398119,0.0041935483871,0.000596658711217,942,104,313,319,310,838
full,eps2,99,0,1,local_reset,2.24820162487e-15,-2.48772459579,-5.13403741119,6379.04266257,2.26118509139,4,-0.0136160233725,122.731793681,6.24692708736,3.167803094,1.92957250887,0.0387680798832,0.0384239783654,0.0364791333866,0.0409727664577,0.038810483871,0.0388107846062,after_reset,6.13512330833,6488.76488528,0.0639944884706,1.0904613232,0.506952962703,0.0639944884706,0.0710822769496,0.044441635964,0.0776868180592,0.0651135954994,0.0630593131066,0.0186884205812,0.138322717622,0.123076923077,0.130670926518,0.152351097179,0.131612903226,0.140214797136,942,104,313,319,310,838
full,eps2,99,0,1,retained,2.65065747129e-15,-6.42072322517,-12.6192289208,7397.74943413,7.47002323846,10,0.0648523793036,450.828943167,6.24824024395,3.47818791321,3.51154927063,0.0370762009023,0.0377478966346,0.0339956070288,0.0398584443574,0.0373235887097,0.0369928400955,after_reset,6.13201722905,7818.098201,0.0702444656977,1.19696047023,0.585570034429,0.0702444656977,0.0788465266983,0.0513659404426,0.0831882745719,0.0721710849277,0.0691022542891,0.0186884205812,0.126220806794,0.116346153846,0.127795527157,0.129467084639,0.121290322581,0.127446300716,942,104,313,319,310,838
full,eps2,99,0,1,shared_reset,2.11636264069e-15,-1.54129340406e-06,-0.00930029129286,0.00569313883175,6.74006555248e-07,10,-2.35782888949e-05,33.172104715,6.25000183265,3.47961092413,0.954657796166,0.000887407112527,0.00773737980769,0.000748801916933,0.00075920846395,0.00115927419355,3.72911694511e-05,after_reset,0.0045545900889,33.1591477061,0.0045747064611,0.0779526577998,0.585570034429,0.0045747064611,0.013766945603,0.00333036105196,0.00496848047833,0.00519546039525,6.10610521464e-05,0.0186884205812,0.00329087048832,0.0269230769231,0.0038338658147,0.0025078369906,0.00354838709677,0.00035799522673,942,104,313,319,310,838
full,eps2,99,0,1,local_reset,2.83106871279e-15,-5.7968292645,-11.8234124331,7396.44807369,6.34897065125,10,0.0631057899823,383.683699867,6.24692708736,3.47828164333,3.23798354149,0.0369393577495,0.0365835336538,0.0338084065495,0.0398584443574,0.0370967741935,0.0369835173031,after_reset,6.13156163161,7751.36647239,0.0699440358436,1.19184116787,0.585570034429,0.0699440358436,0.076436690257,0.0511527671953,0.082893753087,0.0717849936064,0.0690957221024,0.0186884205812,0.126008492569,0.114423076923,0.128115015974,0.128213166144,0.121612903226,0.127446300716,942,104,313,319,310,838
full,eps2,99,1,0.25,retained,2.35922392733e-15,0,0,340.629457024,0,-1,0,0,5.85790787495,2.88046742537,0,0.0107608479299,0.0110897775424,0.0103709065495,0.0109840321317,0.0109248991935,0.010713743932,pulse,1.52799885492,340.629457024,0.0146623186632,1,0.439614331836,0.0146623186632,0.0146786731545,0.00977474318463,0.018036055828,0.0149016438206,0.014659975143,0.0186884205812,0.0425690021231,0.0415254237288,0.0421725239617,0.0426332288401,0.0429032258065,0.0427184466019,942,118,313,319,310,824
full,eps2,99,1,0.25,retained,2.34534613952e-15,-0.00637389593456,-0.0715290394068,355.489472257,0.00273556719368,0,0.000358771807906,2.19866106259,5.95707175503,2.95541944908,0.2693450238,0.0106157112527,0.0111559851695,0.0104582667732,0.0112656739812,0.0101058467742,0.0105383419296,before_reset,1.52778592716,357.535780559,0.015021776917,1.02451578513,0.455171944009,0.015021776917,0.0174118838594,0.0100711959358,0.0184374858638,0.0152799095359,0.0146476151119,0.0186884205812,0.0426751592357,0.0423728813559,0.0447284345048,0.0426332288401,0.0406451612903,0.0427184466019,942,118,313,319,310,824
full,eps2,99,1,0.25,retained,2.34534613952e-15,-0.00637389593456,-0.0715290394068,355.489472257,0.00273556719368,0,0.000358771807906,2.19866106259,5.95707175503,2.95541944908,0.2693450238,0.0106157112527,0.0111559851695,0.0104582667732,0.0112656739812,0.0101058467742,0.0105383419296,after_reset,1.52778592716,357.535780559,0.015021776917,1.02451578513,0.455171944009,0.015021776917,0.0174118838594,0.0100711959358,0.0184374858638,0.0152799095359,0.0146476151119,0.0186884205812,0.0426751592357,0.0423728813559,0.0447284345048,0.0426332288401,0.0406451612903,0.0427184466019,942,118,313,319,310,824
full,eps2,99,1,0.25,shared_reset,2.19269047363e-15,0,0,0,0,0,0,2.19866106259,5.95707175503,2.95541944908,0.2693450238,0.000306860403397,0.00244968220339,0.000212160543131,0.000391849529781,0.00031502016129,0,after_reset,0,2.19866106259,0.00117798753657,0.0803411495573,0.455171944009,0.00117798753657,0.0033283205255,0.000811813328751,0.00145912543462,0.00116636306514,0,0.0186884205812,0.00116772823779,0.00932203389831,0.000638977635783,0.00219435736677,0.000645161290323,0,942,118,313,319,310,824
full,eps2,99,1,0.25,local_reset,2.34534613952e-15,0,0,355.489472257,0,0,0,0,5.95814598186,2.95547396624,0,0.0106198580149,0.0111890889831,0.0104707468051,0.0112411833856,0.0101310483871,0.0105383419296,after_reset,1.52778592716,355.489472257,0.0149787276646,1.02157973843,0.455171944009,0.0149787276646,0.0171132578729,0.0100413377488,0.0183817159192,0.0152404231951,0.0146476151119,0.0186884205812,0.042144373673,0.0381355932203,0.0444089456869,0.0413793103448,0.0406451612903,0.0427184466019,942,118,313,319,310,824
full,eps2,99,1,0.25,retained,2.28289609439e-15,-0.0123363455509,-0.154000762935,368.352867973,0.00514013372385,1,0.000248976729993,4.23194686031,5.95707175503,3.02255746195,0.369646897004,0.010483014862,0.0106263241525,0.0100838658147,0.0109840321317,0.0103704637097,0.010462492415,after_reset,1.52759700644,372.257778704,0.0153279277148,1.04539589317,0.469551620445,0.0153279277148,0.0176571484353,0.0104166619312,0.0187195333692,0.0156134368747,0.0149647279291,0.0186884205812,0.0434182590234,0.0449152542373,0.0456869009585,0.0423197492163,0.0422580645161,0.0432038834951,942,118,313,319,310,824
full,eps2,99,1,0.25,shared_reset,1.98972782695e-15,-9.04598714698e-10,-5.71289245968e-05,1.96180677249e-05,1.70773794476e-10,1,-6.26425819719e-08,2.23891829447,5.95707175503,3.02260177227,0.269113831287,0.000265392781316,0.00208554025424,0.000299520766773,0.000183679467085,0.00031502016129,4.74059466019e-06,after_reset,0.000299796729888,2.23882352777,0.00118869786862,0.0810716160196,0.469551620445,0.00118869786862,0.00335856956754,0.000818330255599,0.00147358575993,0.00117603676821,3.43189754366e-06,0.0186884205812,0.00169851380042,0.0135593220339,0.00159744408946,0.00188087774295,0.00161290322581,0,942,118,313,319,310,824
full,eps2,99,1,0.25,local_reset,2.09554595898e-15,-0.00598396970201,-0.0784169622431,368.34551246,0.002185347647,1,-7.23887032742e-05,1.80705265742,5.95814598186,3.02261175212,0.241320325969,0.0105120421975,0.0108580508475,0.0100713857827,0.0110207680251,0.0104334677419,0.010462492415,after_reset,1.52758499966,369.985803824,0.0152810811917,1.04220086487,0.469551620445,0.0152810811917,0.0173308546398,0.010382423507,0.0186620968306,0.0155676122949,0.0149645808798,0.0186884205812,0.0433121019108,0.0440677966102,0.0456869009585,0.0420062695925,0.0422580645161,0.0432038834951,942,118,313,319,310,824
full,eps2,99,1,0.25,retained,2.20656826144e-15,-0.0307101313944,-0.372227931531,398.537684304,0.0117074898224,4,0.00018460456286,10.1851199959,6.12183385502,3.17103812462,0.557308229197,0.0105576565817,0.0105270127119,0.0104457867412,0.0108493338558,0.0103704637097,0.0105620449029,after_reset,1.52713157023,407.929004873,0.0160455218347,1.09433727388,0.507111444709,0.0160455218347,0.0183523203936,0.011216074696,0.019402565678,0.0163687409053,0.0156874376918,0.0186884205812,0.0390658174098,0.035593220339,0.0380191693291,0.0379310344828,0.0412903225806,0.0395631067961,942,118,313,319,310,824
full,eps2,99,1,0.25,shared_reset,2.53963516883e-15,-7.29471554267e-09,-0.000209660879705,9.17639798141e-05,9.15260561293e-10,4,-2.16301005044e-07,2.35730513989,6.12145748041,3.17121137738,0.268453388019,0.000252952494692,0.00201933262712,0.000249600638978,0.000220415360502,0.000289818548387,0,after_reset,0.000628289324531,2.35697713583,0.00121966128276,0.0831833839365,0.507111444709,0.00121966128276,0.00344600949863,0.000835500915288,0.001515272552,0.00120531189514,7.51700621286e-06,0.0186884205812,0.00106157112527,0.00847457627119,0.00127795527157,0.000626959247649,0.00129032258065,0,942,118,313,319,310,824
full,eps2,99,1,0.25,local_reset,3.07913416986e-15,-0.0242962417251,-0.310048658811,398.508700377,0.00808582003896,4,2.78504670459e-05,7.05436341864,6.12095865604,3.1710859347,0.463169455003,0.0105452162951,0.0104277012712,0.0103958666134,0.0109105603448,0.0103200604839,0.0105620449029,after_reset,1.52708569315,404.902515516,0.0159858888989,1.09027018619,0.507111444709,0.0159858888989,0.0179356040762,0.011174632041,0.0193275939306,0.0163112303437,0.0156868586048,0.0186884205812,0.0393842887473,0.0381355932203,0.0386581469649,0.0379310344828,0.0416129032258,0.0395631067961,942,118,313,319,310,824
full,eps2,99,1,0.25,retained,2.61943244872e-15,-0.0635520631184,-0.874798020637,466.261080107,0.0293220653883,10,0.000102405152067,28.4101503082,6.52848927396,3.50090019987,0.882746117155,0.00974074442675,0.010593220339,0.00887330271565,0.0100411442006,0.0103074596774,0.00961866656553,after_reset,1.52627729838,492.824057123,0.0176363010147,1.20283165439,0.590563067294,0.0176363010147,0.0199180923794,0.0126741940482,0.0207087982675,0.0184841256256,0.0172849005752,0.0186884205812,0.0365180467091,0.0322033898305,0.0364217252396,0.033855799373,0.0393548387097,0.0371359223301,942,118,313,319,310,824
full,eps2,99,1,0.25,shared_reset,2.36616282123e-15,-3.82603548528e-08,-0.000857908953053,0.00042156747047,3.7395635413e-09,10,-7.85882503825e-07,2.56497987186,6.52932531263,3.5012576562,0.265672912205,0.000319300690021,0.00248278601695,0.000262080670927,0.000404094827586,0.000289818548387,9.48118932039e-06,after_reset,0.00121906585533,2.56368397688,0.00127201958293,0.0867543266623,0.590563067294,0.00127201958293,0.00359373990184,0.000856505394573,0.00159359621209,0.00125010257148,1.640702534e-05,0.0186884205812,0.000636942675159,0.00508474576271,0.000958466453674,0.000940438871473,0,0,942,118,313,319,310,824
full,eps2,99,1,0.25,local_reset,2.48846082629e-15,-0.0565833517388,-0.81367639523,466.171842962,0.0241987470887,10,-0.00026189836811,23.4974511473,6.52849006388,3.50094336667,0.802150998987,0.0096619559448,0.00999735169492,0.00872354233227,0.0100044083072,0.0102570564516,0.00961392597087,after_reset,1.52614959778,487.952449566,0.0175489163624,1.19687184309,0.590563067294,0.0175489163624,0.019303253091,0.0126138959513,0.0206028848579,0.0183946190051,0.0172831182036,0.0186884205812,0.0367303609342,0.0330508474576,0.0370607028754,0.0341692789969,0.0390322580645,0.0372572815534,942,118,313,319,310,824
full,eps2,99,1,1,retained,2.05391259556e-15,0,0,5450.07130166,0,-1,0,0,5.85790787495,2.88046742537,0,0.0423135615711,0.0430680614407,0.0406349840256,0.0427973158307,0.0435105846774,0.0422055142597,pulse,6.11199541751,5450.07130166,0.0586492745949,1,0.439614331836,0.0586492745949,0.058714692696,0.0390989726814,0.0721442232221,0.0596065752598,0.058639900495,0.0186884205812,0.14872611465,0.162711864407,0.147923322684,0.15329153605,0.144838709677,0.146723300971,942,118,313,319,310,824
full,eps2,99,1,1,retained,2.24820162487e-15,-0.859624604228,-1.15456622887,5687.86626269,0.706100269849,0,0.0235489473892,35.4736070247,5.95320450566,2.95517355007,1.08185048301,0.042549927017,0.0436308262712,0.0401732228435,0.0440585815047,0.0433971774194,0.0423951380461,before_reset,6.11114807274,5720.06468621,0.0600844407079,1.02447031311,0.455171944009,0.0600844407079,0.0696281326983,0.0402781580464,0.0737513855045,0.0611142892812,0.0585906362062,0.0186884205812,0.146284501062,0.141525423729,0.145047923323,0.148275862069,0.145483870968,0.146966019417,942,118,313,319,310,824
full,eps2,99,1,1,retained,2.24820162487e-15,-0.859624604228,-1.15456622887,5687.86626269,0.706100269849,0,0.0235489473892,35.4736070247,5.95320450566,2.95517355007,1.08185048301,0.042549927017,0.0436308262712,0.0401732228435,0.0440585815047,0.0433971774194,0.0423951380461,after_reset,6.11114807274,5720.06468621,0.0600844407079,1.02447031311,0.455171944009,0.0600844407079,0.0696281326983,0.0402781580464,0.0737513855045,0.0611142892812,0.0585906362062,0.0186884205812,0.146284501062,0.141525423729,0.145047923323,0.148275862069,0.145483870968,0.146966019417,942,118,313,319,310,824
full,eps2,99,1,1,shared_reset,2.32973362824e-15,0,0,0,0,0,0,35.4736070247,5.95320450566,2.95517355007,1.08185048301,0.00111133227176,0.0088718220339,0.00104832268371,0.00134698275862,0.000932459677419,0,after_reset,0,35.4736070247,0.00473166760407,0.0806773423328,0.455171944009,0.00473166760407,0.0133689923853,0.00325732776712,0.00586735032683,0.00467916354855,0,0.0186884205812,0.00488322717622,0.0389830508475,0.00447284345048,0.00689655172414,0.00322580645161,0,942,118,313,319,310,824
full,eps2,99,1,1,local_reset,2.24820162487e-15,0,0,5687.86626269,0,0,0,0,5.95814598186,2.95547396624,0,0.042429670913,0.042670815678,0.040035942492,0.0439973550157,0.0432333669355,0.0423951380461,after_reset,6.11114807274,5687.86626269,0.0599150934557,1.02158285622,0.455171944009,0.0599150934557,0.0684532582556,0.0401655529942,0.0735270182353,0.0609619125048,0.0585906362062,0.0186884205812,0.145859872611,0.13813559322,0.145047923323,0.146394984326,0.146129032258,0.146966019417,942,118,313,319,310,824
full,eps2,99,1,1,retained,2.60902410787e-15,-1.65663183074,-2.50732358018,5893.72425537,1.32646861716,1,0.0150510879052,68.2678296759,5.95320450566,3.02209839143,1.48451551598,0.0415049429406,0.043266684322,0.0396241014377,0.042527919279,0.0423513104839,0.041252654733,after_reset,6.11039435684,5955.02074502,0.0613060298376,1.04529902989,0.469551620445,0.0613060298376,0.0706117660788,0.0416518871414,0.0748803749081,0.0624439760316,0.0598551027233,0.0186884205812,0.143418259023,0.157627118644,0.143130990415,0.145768025078,0.141290322581,0.141383495146,942,118,313,319,310,824
full,eps2,99,1,1,shared_reset,2.27595720048e-15,-9.5656882013e-08,-0.00090293760297,0.000315305182797,4.43726871439e-08,1,-5.68767111944e-06,36.1207798126,5.95320450566,3.02235480491,1.08091656824,0.0011320660828,0.00893802966102,0.000960962460064,0.00126126567398,0.001171875,1.42217839806e-05,after_reset,0.00120006154749,36.1192777203,0.00477453500131,0.0814082532868,0.469551620445,0.00477453500131,0.0134900622023,0.00328334519851,0.00592541725199,0.00471766848565,1.37571169685e-05,0.0186884205812,0.00498938428875,0.0398305084746,0.00447284345048,0.00313479623824,0.00741935483871,0,942,118,313,319,310,824
full,eps2,99,1,1,local_reset,2.16493489802e-15,-0.788170966216,-1.27807272625,5893.60022669,0.564250445088,1,-0.00557947744851,29.1644001023,5.95814598186,3.02239267996,0.969358839578,0.0415298235138,0.0433990995763,0.0397239416933,0.0426258816614,0.0422253024194,0.0412621359223,after_reset,6.11034633381,5919.1852309,0.0611212909178,1.04214913722,0.469551620445,0.0611212909178,0.0693252190253,0.0415215400225,0.0746493856061,0.0622656586376,0.0598544832139,0.0186884205812,0.142887473461,0.153389830508,0.143130990415,0.144827586207,0.14064516129,0.141383495146,942,118,313,319,310,824
full,eps2,99,1,1,retained,2.72004641033e-15,-3.9283862336,-5.98237169171,6376.90606997,3.02028818089,4,0.00732208491187,164.271574867,6.12259488747,3.17000432568,2.23777327594,0.0408787818471,0.0426377118644,0.0387629792332,0.0419034090909,0.0419606854839,0.0406268962379,after_reset,6.10854704532,6524.39106134,0.06416992695,1.09412993414,0.507111444709,0.06416992695,0.0733993684605,0.0448333133547,0.0776134619059,0.0654562695185,0.0627371923655,0.0186884205812,0.133121019108,0.149152542373,0.132268370607,0.13605015674,0.130967741935,0.130825242718,942,118,313,319,310,824
full,eps2,99,1,1,shared_reset,3.0938793194e-15,-6.9026053724e-07,-0.00328042568466,0.00150009843886,2.40491568899e-07,4,-2.16774056056e-05,38.0299985294,6.12324229951,3.17098222135,1.07819349939,0.00106986464968,0.00844147245763,0.00106080271565,0.00106534090909,0.00108366935484,1.42217839806e-05,after_reset,0.00252969262449,38.0248932816,0.00489886593862,0.0835281590856,0.507111444709,0.00489886593862,0.0138411665674,0.00335184601739,0.00609305798417,0.00483516978547,3.03850828463e-05,0.0186884205812,0.00414012738854,0.0322033898305,0.00287539936102,0.00407523510972,0.00548387096774,0.000121359223301,942,118,313,319,310,824
full,eps2,99,1,1,local_reset,2.38697950294e-15,-3.00848000251,-4.98201711773,6376.41124411,2.0854586913,4,0.000130591472932,113.741793935,6.1197909405,3.17026449539,1.85949566751,0.0406755904989,0.0409494173729,0.0386631389776,0.0415605407524,0.041796875,0.0406363774272,after_reset,6.10836139493,6476.25776368,0.0639327838994,1.09008652436,0.507111444709,0.0639327838994,0.0717433148565,0.044672878645,0.07731099052,0.0652298306478,0.0627347380841,0.0186884205812,0.131316348195,0.135593220339,0.1303514377,0.133228840125,0.130322580645,0.130703883495,942,118,313,319,310,824
full,eps2,99,1,1,retained,3.06699110553e-15,-8.645783066,-14.0534968881,7461.11294143,7.55073608122,10,-0.0308412873642,457.389770661,6.52478515731,3.4989333282,3.54133348372,0.0387058784501,0.0408170021186,0.0357303314696,0.0401890673981,0.0401839717742,0.0384035573422,after_reset,6.10515859157,7880.59320569,0.0705246610932,1.20248138754,0.590563067294,0.0705246610932,0.0796613493535,0.0506556331427,0.0828416309447,0.0738979903014,0.0691174584193,0.0186884205812,0.125796178344,0.134745762712,0.122364217252,0.128213166144,0.126774193548,0.124514563107,942,118,313,319,310,824
full,eps2,99,1,1,shared_reset,2.62290189568e-15,-3.4291860626e-06,-0.0135559651903,0.00682997193511,9.73338043578e-07,10,-7.16148706e-05,41.3772155271,6.52932177339,3.50103830312,1.06701658646,0.000982782643312,0.00761387711864,0.000736321884984,0.00123677507837,0.000970262096774,3.31841626214e-05,after_reset,0.0048907401744,41.3567844539,0.00510898861722,0.0871108577643,0.590563067294,0.00510898861722,0.0144340306496,0.0034364235124,0.00640766549271,0.0050142007379,6.60604798168e-05,0.0186884205812,0.00382165605096,0.028813559322,0.00415335463259,0.00344827586207,0.00387096774194,0.000242718446602,942,118,313,319,310,824
full,eps2,99,1,1,local_reset,2.58820742616e-15,-7.5910163542,-13.0644159022,7459.61564223,6.23210437903,10,-0.0438080710765,378.32333813,6.52478860565,3.49915392691,3.21813915381,0.038523420913,0.0393935381356,0.035642971246,0.039944161442,0.0399697580645,0.0383988167476,after_reset,6.10464456343,7802.77260408,0.0701755828036,1.19652942493,0.590563067294,0.0701755828036,0.0772074884191,0.0504184474182,0.0824162859253,0.0735404868997,0.0691100443514,0.0186884205812,0.125371549894,0.131355932203,0.121405750799,0.127586206897,0.127096774194,0.124514563107,942,118,313,319,310,824
two_r8,eps1,123,0,0.25,retained,3.51940698806e-14,0,0,4519.21848682,0,-1,0,0,162.296614108,2.47628745585,0,0.0133567210722,0.0124251994681,0.0116189097444,0.0143882249216,0.0140498991935,0.0134599793632,pulse,1.64421721432,4519.21848682,0.0534063898966,1,1.2439085264,0.0534063898966,0.0352197639823,0.0310530042069,0.0787137313378,0.0363013067388,0.0550537026735,0.0158040882929,0.0528662420382,0.0457446808511,0.0453674121406,0.0592476489028,0.0538709677419,0.0536556603774,942,94,313,319,310,848
two_r8,eps1,123,0,0.25,retained,3.73034936274e-14,-2.05067287351,1.1668490706,72901.2860038,0.656867036585,0,-0.355361055076,9.65467761538,162.296614108,2.51374705799,0.244927323354,0.0640218617304,0.0590924202128,0.0534145367412,0.0736064851097,0.0648689516129,0.0645682856722,before_reset,9.55340984395,72909.1191787,0.214512437919,4.01660622135,1.28454330914,0.214512437919,0.178470739718,0.126680015486,0.303854238087,0.16916562251,0.218141302355,0.0158040882929,0.212420382166,0.178723404255,0.179552715655,0.242006269592,0.215161290323,0.216155660377,942,94,313,319,310,848
two_r8,eps1,123,0,0.25,retained,3.73034936274e-14,-2.05067287351,1.1668490706,72901.2860038,0.656867036585,0,-0.355361055076,9.65467761538,162.296614108,2.51374705799,0.244927323354,0.0640218617304,0.0590924202128,0.0534145367412,0.0736064851097,0.0648689516129,0.0645682856722,after_reset,9.55340984395,72909.1191787,0.214512437919,4.01660622135,1.28454330914,0.214512437919,0.178470739718,0.126680015486,0.303854238087,0.16916562251,0.218141302355,0.0158040882929,0.212420382166,0.178723404255,0.179552715655,0.242006269592,0.215161290323,0.216155660377,942,94,313,319,310,848
two_r8,eps1,123,0,0.25,shared_reset,2.57606436183e-15,0,0,0,0,0,0,9.65467761538,162.296614108,2.51374705799,0.244927323354,0.000199044585987,0.00199468085106,3.74400958466e-05,0.000306132445141,0.000252016129032,0,after_reset,0,9.65467761538,0.00246848470808,0.0462207745712,1.28454330914,0.00246848470808,0.00781433392587,0.00140840941403,0.00320443076109,0.0024386103477,0,0.0158040882929,0.000849256900212,0.00851063829787,0.000319488817891,0.000940438871473,0.00129032258065,0,942,94,313,319,310,848
two_r8,eps1,123,0,0.25,local_reset,3.73034936274e-14,0,0,72901.2860038,0,0,0,0,162.296614108,2.51364068287,0,0.0640260084926,0.0591339760638,0.0534519768371,0.0735697492163,0.0648815524194,0.0645682856722,after_reset,9.55340984395,72901.2860038,0.214500914267,4.01639044845,1.28454330914,0.214500914267,0.178331886504,0.126672962309,0.303842209674,0.169148784034,0.218141302355,0.0158040882929,0.211889596603,0.173404255319,0.179552715655,0.241065830721,0.214516129032,0.216155660377,942,94,313,319,310,848
two_r8,eps1,123,0,0.25,retained,4.52970994047e-14,-40.270316282,9.46755354734,120689.335908,58.2481407236,1,-29.8167988693,343.889141648,162.296614108,2.54285231809,1.43614815847,0.0814216759554,0.0730967420213,0.0636606429712,0.0976807405956,0.0826234879032,0.0823444870283,after_reset,13.0853045369,120970.234067,0.276312678851,5.17377563594,1.3166521879,0.276312678851,0.236096067941,0.165745047336,0.386578567485,0.224683318166,0.280415764618,0.0158040882929,0.265923566879,0.225531914894,0.208306709265,0.31473354232,0.273870967742,0.270400943396,942,94,313,319,310,848
two_r8,eps1,123,0,0.25,shared_reset,4.61575222488e-14,2.53319329531e-08,-0.000553157259961,0.000515268736711,2.55356399197e-09,1,-9.85185331606e-07,9.77346559753,162.296614108,2.54294016266,0.242198436437,0.000302713641189,0.00295046542553,0.000162240415335,0.000379604231975,0.000365423387097,9.21285377358e-06,after_reset,0.000586211801151,9.7728726346,0.00248354865301,0.0465028371665,1.3166521879,0.00248354865301,0.00786182725739,0.00141794818466,0.00325492709547,0.00241052591663,1.83740432216e-05,0.0158040882929,0.000955414012739,0.00957446808511,0.000319488817891,0.0012539184953,0.00129032258065,0,942,94,313,319,310,848
two_r8,eps1,123,0,0.25,local_reset,4.4408920985e-14,-37.0145744534,7.50066589007,120689.627599,57.3240018244,1,-29.2738783908,335.094341853,162.296614108,2.54275142527,1.41794480914,0.0813843550955,0.0726811835106,0.0636107228435,0.0976807405956,0.082560483871,0.0823490934552,after_reset,13.0853080222,120964.470369,0.276306096232,5.17365238068,1.3166521879,0.276306096232,0.236015026493,0.165737747153,0.38656939836,0.224680390374,0.280416121651,0.0158040882929,0.265817409766,0.224468085106,0.208626198083,0.314420062696,0.273548387097,0.270400943396,942,94,313,319,310,848
two_r8,eps1,123,0,0.25,retained,3.90798504668e-14,-608.33248757,245.340161239,231526.171295,983.155108265,4,-494.723644187,3526.40425814,162.296614108,2.63130950555,4.45109859406,0.106899382962,0.0959524601064,0.0842651757188,0.128869514107,0.107144657258,0.108112839033,after_reset,18.672755988,234320.298721,0.384562125089,7.200676283,1.41602383423,0.384562125089,0.330704078727,0.233311769954,0.536703341958,0.313072487802,0.3900746705,0.0158040882929,0.352441613588,0.31170212766,0.276677316294,0.420062695925,0.35935483871,0.35695754717,942,94,313,319,310,848
two_r8,eps1,123,0,0.25,shared_reset,5.3290705182e-14,1.06938855362e-07,-0.0020297898073,0.00471659047825,1.49259936981e-08,4,-1.26223932671e-05,9.82385890871,162.296614108,2.63310613381,0.231691800416,0.00023636544586,0.00232712765957,0.000162240415335,0.000257151253918,0.000289818548387,4.60642688679e-06,after_reset,0.00145372377407,9.82449090359,0.00249009880751,0.0466254845596,1.41602383423,0.00249009880751,0.00788095651324,0.00145171724706,0.00326531452306,0.00239626630457,5.60810149886e-05,0.0158040882929,0.00127388535032,0.0127659574468,0.00159744408946,0.000940438871473,0.00129032258065,0,942,94,313,319,310,848
two_r8,eps1,123,0,0.25,local_reset,4.17443857259e-14,-608.781688258,246.655353837,231526.48998,980.78661275,4,-493.671277514,3514.31418983,162.296614108,2.63121244995,4.44405822616,0.106911823248,0.0960771276596,0.0842526956869,0.128918495298,0.107144657258,0.108112839033,after_reset,18.6727493262,234309.995559,0.384553670317,7.20051797288,1.41602383423,0.384553670317,0.330602140771,0.233301974608,0.536683540096,0.313083231458,0.390074989749,0.0158040882929,0.352123142251,0.308510638298,0.276357827476,0.419749216301,0.359032258065,0.35695754717,942,94,313,319,310,848
two_r8,eps1,123,0,0.25,retained,4.97379915032e-14,-6150.21930087,2666.14132507,596811.996466,11523.8254307,10,-5692.13306836,21214.8741869,162.296614108,2.77855206991,10.0918492555,0.148852176221,0.13829787234,0.110598043131,0.184610109718,0.150680443548,0.150022110849,after_reset,29.1314285239,611198.273995,0.62108724789,11.6294557466,1.56952217744,0.62108724789,0.531392779671,0.37300314525,0.870357324396,0.502183353739,0.630244362565,0.0158040882929,0.483227176221,0.436170212766,0.390734824281,0.568338557994,0.489032258065,0.488443396226,942,94,313,319,310,848
two_r8,eps1,123,0,0.25,shared_reset,5.90638649101e-14,2.9707593851e-08,-0.00616946911862,0.0172105578193,5.34022922895e-08,10,-2.03762925756e-05,9.1537194742,162.296614108,2.78167689637,0.209486932423,0.000223925159236,0.00203623670213,0.000137280351438,0.00028164184953,0.000252016129032,2.3032134434e-05,after_reset,0.00320245696959,9.15855045402,0.00240422397704,0.0450175340759,1.56952217744,0.00240422397704,0.00760406454807,0.00144543041389,0.00315338804116,0.00228529987529,0.000107430114011,0.0158040882929,0.000849256900212,0.0063829787234,0.000319488817891,0.0012539184953,0.000967741935484,0.000235849056604,942,94,313,319,310,848
two_r8,eps1,123,0,0.25,local_reset,3.73034936274e-14,-6137.83461072,2662.15527249,596815.260381,11513.0593281,10,-5686.86479184,21191.8586771,162.296614108,2.77849514995,10.0868827624,0.148856322983,0.138339428191,0.110635483227,0.184573373824,0.150693044355,0.150022110849,after_reset,29.13129294,611195.090126,0.621085630197,11.6294254564,1.56952217744,0.621085630197,0.531345362555,0.373000588398,0.870350492429,0.502191376095,0.630247023196,0.0158040882929,0.483333333333,0.437234042553,0.391054313099,0.568652037618,0.488709677419,0.488443396226,942,94,313,319,310,848
two_r8,eps1,123,0,1,retained,3.5527136788e-14,0,0,72268.9108893,0,-1,0,0,162.296614108,2.47628745585,0,0.0528421908174,0.0512383643617,0.0472618809904,0.0583121081505,0.0528477822581,0.053019973467,pulse,6.57350983619,72268.9108893,0.213568554288,1,1.2439085264,0.213568554288,0.140670242271,0.1240138293,0.314929668668,0.144954443978,0.220168181291,0.0158040882929,0.187154989384,0.163829787234,0.18178913738,0.191222570533,0.188387096774,0.189740566038,942,94,313,319,310,848
two_r8,eps1,123,0,1,retained,3.90798504668e-14,-14.0202326246,-8.64477009523,115797.734857,8.09780059029,0,-1.47966026703,149.219192577,162.296614108,2.51346639433,0.967511814176,0.066903861465,0.064453125,0.0582193490415,0.0734595415361,0.0689264112903,0.0671755232901,before_reset,9.38092948084,115906.762525,0.270468031742,1.26642254354,1.28454330914,0.270468031742,0.211128726315,0.157449271329,0.393764589339,0.194186502001,0.276262118453,0.0158040882929,0.237579617834,0.209574468085,0.211821086262,0.256112852665,0.244516129032,0.240683962264,942,94,313,319,310,848
two_r8,eps1,123,0,1,retained,3.90798504668e-14,-14.0202326246,-8.64477009523,115797.734857,8.09780059029,0,-1.47966026703,149.219192577,162.296614108,2.51346639433,0.967511814176,0.066903861465,0.064453125,0.0582193490415,0.0734595415361,0.0689264112903,0.0671755232901,after_reset,9.38092948084,115906.762525,0.270468031742,1.26642254354,1.28454330914,0.270468031742,0.211128726315,0.157449271329,0.393764589339,0.194186502001,0.276262118453,0.0158040882929,0.237579617834,0.209574468085,0.211821086262,0.256112852665,0.244516129032,0.240683962264,942,94,313,319,310,848
two_r8,eps1,123,0,1,shared_reset,2.95249935611e-15,0,0,0,0,0,0,149.219192577,162.296614108,2.51346639433,0.967511814176,0.000895700636943,0.00897606382979,0.000511681309904,0.00112656739812,0.00104586693548,0,after_reset,0,149.219192577,0.00970451634244,0.0454398184919,1.28454330914,0.00970451634244,0.0307210050931,0.00543275885578,0.0125962455651,0.00964915460007,0,0.0158040882929,0.00424628450106,0.0425531914894,0.00255591054313,0.00438871473354,0.0058064516129,0,942,94,313,319,310,848
two_r8,eps1,123,0,1,local_reset,3.90798504668e-14,0,0,115797.734857,0,0,0,0,162.296614108,2.51364068287,0,0.066825072983,0.0636635638298,0.0581694289137,0.0733860697492,0.0688130040323,0.0671755232901,after_reset,9.38092948084,115797.734857,0.27034079397,1.26582677338,1.28454330914,0.27034079397,0.209489288283,0.157370509031,0.393630189771,0.1939928703,0.276262118453,0.0158040882929,0.237791932059,0.21170212766,0.211821086262,0.256426332288,0.244838709677,0.240683962264,942,94,313,319,310,848
two_r8,eps1,123,0,1,retained,3.28626015289e-14,-142.451290002,23.4413553358,138100.845138,63.8064701714,1,-22.4791358669,524.648343266,162.296614108,2.54128880693,1.77434192344,0.0766653397028,0.0744680851064,0.0670801717252,0.0849578761755,0.0778099798387,0.0769089033019,after_reset,11.2545754817,138406.321811,0.295555820509,1.38389203174,1.3166521879,0.295555820509,0.237041305435,0.176200754939,0.424740356659,0.220118309366,0.301343353138,0.0158040882929,0.259341825902,0.237234042553,0.220447284345,0.286206896552,0.270967741935,0.26179245283,942,94,313,319,310,848
two_r8,eps1,123,0,1,shared_reset,4.52970994047e-14,1.53026793078e-07,-0.00781127601556,0.00801955756919,6.32160902975e-07,1,0.000174821752486,150.997556283,162.296614108,2.54267257675,0.956670331038,0.00101595674098,0.0100980718085,0.00067392172524,0.00113881269592,0.00123487903226,9.21285377358e-06,after_reset,0.00234364818902,150.990303871,0.00976193884078,0.0457086899957,1.3166521879,0.00976193884078,0.0309020173953,0.0054802040176,0.0127834698157,0.00954413241039,7.24731562042e-05,0.0158040882929,0.0031847133758,0.031914893617,0.00223642172524,0.00344827586207,0.00387096774194,0,942,94,313,319,310,848
two_r8,eps1,123,0,1,local_reset,4.08562073062e-14,-130.181142625,30.5208601935,138099.412999,52.8032909892,1,-19.405963959,367.386935363,162.296614108,2.54144733569,1.47846060749,0.0766404591295,0.07421875,0.0670302515974,0.0849823667712,0.0777595766129,0.0769089033019,after_reset,11.2545409796,138281.470733,0.295422485603,1.38326771274,1.3166521879,0.295422485603,0.235389042902,0.17612115991,0.424593664057,0.219929871534,0.301341683471,0.0158040882929,0.259023354565,0.234042553191,0.221086261981,0.285893416928,0.269677419355,0.26179245283,942,94,313,319,310,848
two_r8,eps1,123,0,1,retained,4.17443857259e-14,-972.920895611,334.480163669,305648.642898,1075.880283,4,-497.253087403,3699.91590534,162.296614108,2.63114669526,4.5342243059,0.117846835191,0.109541223404,0.0962335263578,0.138273902821,0.118649193548,0.118767504422,after_reset,19.3407272219,308153.051448,0.441006295491,2.0649402107,1.41602383423,0.441006295491,0.369605838904,0.269414095421,0.619090307008,0.351143426843,0.448221243185,0.0158040882929,0.366878980892,0.339361702128,0.304153354633,0.426332288401,0.369032258065,0.369929245283,942,94,313,319,310,848
two_r8,eps1,123,0,1,shared_reset,4.0439873672e-14,-2.90636892514e-06,-0.0244302720611,0.0733625198296,3.7418231594e-06,4,-0.000239331485017,151.958236579,162.296614108,2.63284950798,0.915324019691,0.000924727972399,0.00897606382979,0.000648961661342,0.00100411442006,0.00112147177419,3.22449882075e-05,after_reset,0.00581841472877,151.982257821,0.00979395262393,0.0458585893254,1.41602383423,0.00979395262393,0.0309970071628,0.00563130554978,0.0128236359609,0.0094994346395,0.000221226077342,0.0158040882929,0.0036093418259,0.0340425531915,0.00287539936102,0.00501567398119,0.00290322580645,0.000235849056604,942,94,313,319,310,848
two_r8,eps1,123,0,1,local_reset,4.97379915032e-14,-927.995355147,327.035346079,305641.782013,1035.2435143,4,-478.816622369,3507.63878588,162.296614108,2.63126955276,4.41833146106,0.117850981953,0.109832114362,0.0962584864217,0.138249412226,0.118661794355,0.118739865861,after_reset,19.3406222759,308025.11105,0.440914736479,2.06451150053,1.41602383423,0.440914736479,0.36856521838,0.269391850621,0.61897008599,0.351029344535,0.448216168345,0.0158040882929,0.366348195329,0.336170212766,0.30447284345,0.426332288401,0.367096774194,0.369693396226,942,94,313,319,310,848
two_r8,eps1,123,0,1,retained,3.90798504668e-14,-6801.32160747,2403.38486751,627146.386447,13083.2486827,10,-6241.59071057,23122.2662749,162.296614108,2.77995915473,10.5471366283,0.150481853769,0.137840757979,0.111009884185,0.188565340909,0.151146673387,0.151883107311,after_reset,29.8791484936,642072.846504,0.636581047894,2.98068716163,1.56952217744,0.636581047894,0.546554817699,0.390808616876,0.883675428507,0.523096898766,0.6457881426,0.0158040882929,0.489384288747,0.439361702128,0.401916932907,0.572413793103,0.492258064516,0.494929245283,942,94,313,319,310,848
two_r8,eps1,123,0,1,shared_reset,4.17443857259e-14,-2.65626137254e-05,-0.0784456946538,0.271757597124,1.36239751917e-05,10,-0.00015078546699,140.639091529,162.296614108,2.78141246326,0.825427170707,0.00083764596603,0.00789561170213,0.000474241214058,0.00111432210031,0.000919858870968,5.52771226415e-05,after_reset,0.0129004039567,140.753616664,0.00942521648784,0.0441320423751,1.56952217744,0.00942521648784,0.0298091832035,0.00562743051357,0.0123016622493,0.00906885164827,0.00042763748372,0.0158040882929,0.00382165605096,0.0329787234043,0.00191693290735,0.00501567398119,0.00451612903226,0.000589622641509,942,94,313,319,310,848
two_r8,eps1,123,0,1,local_reset,5.68434188608e-14,-7129.24105801,2789.4558032,643022.845128,12554.9520642,10,-5764.44722765,22469.4097689,162.296614108,2.77891125884,10.3952069847,0.147616441083,0.134931848404,0.10880091853,0.184867260972,0.148475302419,0.149022516215,after_reset,29.6765476625,657838.741996,0.644349174171,3.01706014876,1.56952217744,0.644349174171,0.554359783018,0.401044845064,0.892930485287,0.527979960284,0.653561983847,0.0158040882929,0.490021231423,0.442553191489,0.402236421725,0.576175548589,0.49,0.495283018868,942,94,313,319,310,848
two_r8,eps1,123,1,0.25,retained,4.08562073062e-14,0,0,4526.72762432,0,-1,0,0,162.296614108,2.47628745585,0,0.0143395037155,0.0139571629213,0.0141024361022,0.0145229231975,0.0143901209677,0.0143793962485,pulse,1.65979599298,4526.72762432,0.0534507415333,1,1.2439085264,0.0534507415333,0.0348781478096,0.0313099003991,0.0786270818891,0.0364697088899,0.0550286043645,0.0158040882929,0.0545647558386,0.0539325842697,0.0501597444089,0.0614420062696,0.051935483871,0.0546307151231,942,89,313,319,310,853
two_r8,eps1,123,1,0.25,retained,3.99680288865e-14,1.05257997464,0.404446423128,59017.1558093,0.539643028147,0,-0.244991992821,10.6733893918,162.296614108,2.51341143538,0.258312631048,0.0519216096072,0.0477528089888,0.0393495407348,0.0620346786834,0.0542086693548,0.0523565723916,before_reset,8.05948973134,59030.7929105,0.193019355543,3.61116328803,1.27276499201,0.193019355543,0.157470052316,0.102102356602,0.28029634508,0.147779676981,0.196358046516,0.0158040882929,0.194585987261,0.177528089888,0.157827476038,0.222570532915,0.202903225806,0.196365767878,942,89,313,319,310,853
two_r8,eps1,123,1,0.25,retained,3.99680288865e-14,1.05257997464,0.404446423128,59017.1558093,0.539643028147,0,-0.244991992821,10.6733893918,162.296614108,2.51341143538,0.258312631048,0.0519216096072,0.0477528089888,0.0393495407348,0.0620346786834,0.0542086693548,0.0523565723916,after_reset,8.05948973134,59030.7929105,0.193019355543,3.61116328803,1.27276499201,0.193019355543,0.157470052316,0.102102356602,0.28029634508,0.147779676981,0.196358046516,0.0158040882929,0.194585987261,0.177528089888,0.157827476038,0.222570532915,0.202903225806,0.196365767878,942,89,313,319,310,853
two_r8,eps1,123,1,0.25,shared_reset,3.105155022e-15,0,0,0,0,0,0,10.6733893918,162.296614108,2.51341143538,0.258312631048,0.00023636544586,0.00250175561798,0.000199680511182,0.000318377742947,0.000189012096774,0,after_reset,0,10.6733893918,0.0025954503763,0.0485577992342,1.27276499201,0.0025954503763,0.00844390187629,0.00160737485079,0.00359479526326,0.00213622786746,0,0.0158040882929,0.00116772823779,0.0123595505618,0.000319488817891,0.00156739811912,0.00161290322581,0,942,89,313,319,310,853
two_r8,eps1,123,1,0.25,local_reset,3.99680288865e-14,0,0,59017.1558093,0,0,0,0,162.296614108,2.51343377338,0,0.0518925822718,0.0474455758427,0.039299620607,0.0620836598746,0.0541204637097,0.0523565723916,after_reset,8.05948973134,59017.1558093,0.192997058904,3.61074614436,1.27276499201,0.192997058904,0.157180533014,0.102099244508,0.280258671948,0.147766883166,0.196358046516,0.0158040882929,0.194585987261,0.177528089888,0.158146964856,0.222570532915,0.202580645161,0.196365767878,942,89,313,319,310,853
two_r8,eps1,123,1,0.25,retained,4.4408920985e-14,-28.7697639693,13.4846465305,114345.370354,41.9040891725,1,-18.1844597169,231.409068593,162.296614108,2.54408768191,1.23863450464,0.0769970806794,0.0671962780899,0.0579073482428,0.0946071708464,0.0781502016129,0.0780196732122,after_reset,12.7008988648,114551.744358,0.268882418815,5.0304712545,1.29773639712,0.268882418815,0.222869284568,0.156604495686,0.379670775719,0.215858024596,0.273237271653,0.0158040882929,0.283970276008,0.247191011236,0.225878594249,0.332601880878,0.292580645161,0.287807737397,942,89,313,319,310,853
two_r8,eps1,123,1,0.25,shared_reset,3.8635761257e-14,-3.8240089554e-08,-0.000354170716895,0.00204996776269,5.5681268242e-09,1,1.21956518499e-05,10.4539881453,162.296614108,2.54437113263,0.253476117875,0.0002570992569,0.00267731741573,0.00022464057508,0.00028164184953,0.000264616935484,4.57942555686e-06,after_reset,0.000787119721739,10.455354092,0.00256880374502,0.0480592723568,1.29773639712,0.00256880374502,0.00835642958219,0.00161236000869,0.00352351715598,0.00215666797134,3.69175398687e-05,0.0158040882929,0.00127388535032,0.0123595505618,0.000958466453674,0.00188087774295,0.000967741935484,0.000117233294256,942,89,313,319,310,853
two_r8,eps1,123,1,0.25,local_reset,3.99680288865e-14,-25.5916562055,11.0293953578,114345.824504,40.7639429268,1,-17.7852740714,221.175029955,162.296614108,2.54409063132,1.21293480255,0.0770634288747,0.0678985252809,0.0579697484026,0.094631661442,0.078263608871,0.0780196732122,after_reset,12.700894483,114543.068407,0.268872236278,5.0302807513,1.29773639712,0.268872236278,0.222732120798,0.156613137554,0.379649681772,0.215851330307,0.273237875752,0.0158040882929,0.284182590234,0.249438202247,0.225878594249,0.333542319749,0.292258064516,0.287807737397,942,89,313,319,310,853
two_r8,eps1,123,1,0.25,retained,3.64153152077e-14,-498.396330126,61.1874372613,237309.036547,945.088455185,4,-423.915570501,2822.19099777,162.296614108,2.65661911894,4.15062835753,0.113476147824,0.103757022472,0.0889701477636,0.135175842476,0.115889616935,0.114490218347,after_reset,19.554340765,239354.067074,0.388670839649,7.27157058067,1.36620645275,0.388670839649,0.337481269639,0.247994208602,0.529751712337,0.32887998477,0.393628503705,0.0158040882929,0.374416135881,0.348314606742,0.309265175719,0.444827586207,0.367741935484,0.37713950762,942,89,313,319,310,853
two_r8,eps1,123,1,0.25,shared_reset,3.46389583683e-14,-1.19217163717e-07,-0.000506011501914,0.00566476065361,2.69569480355e-08,4,2.29965513807e-05,10.6836284866,162.296614108,2.65772340428,0.245645564274,0.000240512208068,0.00245786516854,0.000237120607029,0.000146943573668,0.000340221774194,9.15885111372e-06,after_reset,0.00185751436559,10.6883270059,0.00259726593269,0.0485917661418,1.36620645275,0.00259726593269,0.00844767402437,0.00164259288193,0.00355314656795,0.00218698371274,6.13448796744e-05,0.0158040882929,0.00127388535032,0.0134831460674,0.000319488817891,0.0025078369906,0.000967741935484,0,942,89,313,319,310,853
two_r8,eps1,123,1,0.25,local_reset,4.97379915032e-14,-482.479791718,52.2357286242,237310.831536,941.105604547,4,-422.035577449,2806.53191859,162.296614108,2.65662923481,4.1401821002,0.113509321921,0.104108146067,0.0890325479233,0.135273804859,0.115826612903,0.114490218347,after_reset,19.554362469,239353.909778,0.388670711938,7.27156819136,1.36620645275,0.388670711938,0.337461600156,0.248011229973,0.529751695642,0.328866593806,0.393630123922,0.0158040882929,0.374203821656,0.34606741573,0.309265175719,0.444200626959,0.367741935484,0.37713950762,942,89,313,319,310,853
two_r8,eps1,123,1,0.25,retained,4.61852778244e-14,-60544.1939443,34734.9522669,749576.063289,51750.792791,10,-29575.9398299,117439.24287,162.296614108,2.80599233804,22.0666639611,0.162553078556,0.148086376404,0.123265275559,0.199279976489,0.164427923387,0.1640625,after_reset,31.3463048198,807995.735935,0.714111599194,13.3601813316,1.58076127372,0.714111599194,0.571879292458,0.419561524045,1.02007413975,0.548735024117,0.727351163515,0.0158040882929,0.502866242038,0.46404494382,0.39552715655,0.605642633229,0.505483870968,0.506916764361,942,89,313,319,310,853
two_r8,eps1,123,1,0.25,shared_reset,8.17124146124e-14,-3514.99547753,2313.94857006,255241.033997,1753.84213244,10,-1025.49435511,6097.83079738,162.296614108,2.82343885341,6.14348567789,0.091995919586,0.0814167837079,0.0659944089457,0.116722178683,0.0928049395161,0.0930997215709,after_reset,19.6645517387,258639.624402,0.404025785543,7.55884341269,1.58076127372,0.404025785543,0.324644405876,0.23849431829,0.570625964128,0.321763988076,0.411426811066,0.0158040882929,0.313694267516,0.284269662921,0.256869009585,0.381191222571,0.301612903226,0.316764361079,942,89,313,319,310,853
two_r8,eps1,123,1,0.25,local_reset,6.75015598972e-14,-63568.9345735,39415.9007327,733812.861721,56194.1975951,10,-34408.8719705,128312.238037,162.296614108,2.8076932986,23.0140977698,0.160678742038,0.145101825843,0.12058206869,0.197565634796,0.163205645161,0.162304000586,after_reset,30.6593022046,801195.48573,0.711100198201,13.3038415895,1.58076127372,0.711100198201,0.565893180202,0.412506765019,1.02011005907,0.542143684944,0.7245761879,0.0158040882929,0.486411889597,0.437078651685,0.363258785942,0.605329153605,0.488387096774,0.491559202814,942,89,313,319,310,853
two_r8,eps1,123,1,1,retained,5.24025267623e-14,0,0,72265.3910969,0,-1,0,0,162.296614108,2.47628745585,0,0.0557780984607,0.0549947331461,0.0540135782748,0.0581161833856,0.0551537298387,0.0558598329426,pulse,6.64209102385,72265.3910969,0.213563353393,1,1.2439085264,0.213563353393,0.139812008494,0.1256187139,0.313753229621,0.146156120308,0.219837539323,0.0158040882929,0.183014861996,0.168539325843,0.165495207668,0.202821316614,0.180322580645,0.184525205158,942,89,313,319,310,853
two_r8,eps1,123,1,1,retained,4.79616346638e-14,-45.9477938753,18.9030004609,152197.210818,20.5664546954,0,-7.15480568221,175.297026733,162.296614108,2.51285698298,1.04687307155,0.0904450305202,0.0810217696629,0.0772763578275,0.102395180251,0.0914440524194,0.0914282312427,before_reset,12.7886086029,152324.675101,0.310060671399,1.45184399136,1.27276499201,0.310060671399,0.254109158913,0.186682356436,0.440189231803,0.239905632162,0.315327064871,0.0158040882929,0.305307855626,0.269662921348,0.249520766773,0.343887147335,0.321935483871,0.309026963658,942,89,313,319,310,853
two_r8,eps1,123,1,1,retained,4.79616346638e-14,-45.9477938753,18.9030004609,152197.210818,20.5664546954,0,-7.15480568221,175.297026733,162.296614108,2.51285698298,1.04687307155,0.0904450305202,0.0810217696629,0.0772763578275,0.102395180251,0.0914440524194,0.0914282312427,after_reset,12.7886086029,152324.675101,0.310060671399,1.45184399136,1.27276499201,0.310060671399,0.254109158913,0.186682356436,0.440189231803,0.239905632162,0.315327064871,0.0158040882929,0.305307855626,0.269662921348,0.249520766773,0.343887147335,0.321935483871,0.309026963658,942,89,313,319,310,853
two_r8,eps1,123,1,1,shared_reset,2.56739074445e-15,0,0,0,0,0,0,175.297026733,162.296614108,2.51285698298,1.04687307155,0.000916434447983,0.00969978932584,0.000823682108626,0.00111432210031,0.000806451612903,0,after_reset,0,175.297026733,0.0105183793032,0.0492517987571,1.27276499201,0.0105183793032,0.0342199425367,0.00656205105371,0.0146488228743,0.00847917391541,0,0.0158040882929,0.0036093418259,0.038202247191,0.00319488817891,0.00344827586207,0.0041935483871,0,942,89,313,319,310,853
two_r8,eps1,123,1,1,local_reset,4.79616346638e-14,0,0,152197.210818,0,0,0,0,162.296614108,2.51343377338,0,0.0904574708068,0.0811534410112,0.0772888378594,0.102407425549,0.0914566532258,0.0914282312427,after_reset,12.7886086029,152197.210818,0.309930915886,1.4512364175,1.27276499201,0.309930915886,0.252428184738,0.186699847619,0.43998026356,0.239776832658,0.315327064871,0.0158040882929,0.304670912951,0.262921348315,0.249201277955,0.344200626959,0.32,0.309026963658,942,89,313,319,310,853
two_r8,eps1,123,1,1,retained,4.4408920985e-14,-149.071942447,54.3944156817,193440.452903,129.276300043,1,-52.2275915809,733.375353437,162.296614108,2.54303956726,2.15492947627,0.100670946125,0.0927405196629,0.0830670926518,0.116379310345,0.102280745968,0.101498388042,after_reset,15.0876659043,194009.29432,0.349923267352,1.63849865528,1.29773639712,0.349923267352,0.286366299315,0.209112446739,0.496418857741,0.272656185269,0.355901353172,0.0158040882929,0.347770700637,0.305617977528,0.276038338658,0.404388714734,0.361935483871,0.352168815944,942,89,313,319,310,853
two_r8,eps1,123,1,1,shared_reset,4.06341627013e-14,-6.99014006539e-06,-0.00795618842878,0.0387547655415,1.59484434129e-06,1,0.000995030251158,171.155836627,162.296614108,2.54388365829,1.02643271492,0.000899847399151,0.00926088483146,0.000761281948882,0.000967378526646,0.000970262096774,2.74765533411e-05,after_reset,0.00331301772133,171.180656691,0.0103941480136,0.0486700917948,1.29773639712,0.0103941480136,0.0338121221134,0.00657972722917,0.0143300197382,0.00856002742752,0.000160546466805,0.0158040882929,0.00424628450106,0.0438202247191,0.00319488817891,0.00501567398119,0.00451612903226,0.000117233294256,942,89,313,319,310,853
two_r8,eps1,123,1,1,local_reset,3.73034936274e-14,-90.4712958151,27.4167427156,193438.386409,102.337278834,1,-42.766807711,556.118700377,162.296614108,2.54351437884,1.88536559131,0.100621184979,0.0921699438202,0.0831669329073,0.116256857367,0.102154737903,0.101502967468,after_reset,15.0876402722,193885.199667,0.3498113383,1.63797455295,1.29773639712,0.3498113383,0.284936965727,0.209148760796,0.496243759151,0.272519588271,0.355899537933,0.0158040882929,0.346815286624,0.295505617978,0.273801916933,0.40407523511,0.361612903226,0.352168815944,942,89,313,319,310,853
two_r8,eps1,123,1,1,retained,3.90798504668e-14,-1150.52096581,386.758584215,301565.794372,1321.2366911,4,-570.047983872,4117.74101184,162.296614108,2.65310810161,4.9174831992,0.122234109607,0.114202949438,0.100339456869,0.142376077586,0.12361391129,0.123072061841,after_reset,20.3856007296,304337.151344,0.438267269926,2.05216514427,1.36620645275,0.438267269926,0.36558964331,0.272944155361,0.611998141264,0.350763314232,0.445167222589,0.0158040882929,0.383970276008,0.370786516854,0.307667731629,0.459247648903,0.383548387097,0.385345838218,942,89,313,319,310,853
two_r8,eps1,123,1,1,shared_reset,5.59552404411e-14,-1.97700273048e-05,-0.00956699240099,0.103467881488,7.83457090062e-06,4,0.0021395642764,174.33057975,162.296614108,2.657235659,0.993428900573,0.00103254378981,0.0103581460674,0.00103584265176,0.00111432210031,0.000945060483871,5.95325322392e-05,after_reset,0.00783412287939,174.41916107,0.0104920088805,0.0491283205372,1.36620645275,0.0104920088805,0.0341244994384,0.00669732964393,0.0144270574007,0.00866238667674,0.000262170838235,0.0158040882929,0.00424628450106,0.0438202247191,0.00319488817891,0.00658307210031,0.00290322580645,0.000117233294256,942,89,313,319,310,853
two_r8,eps1,123,1,1,local_reset,3.19744231092e-14,-1019.1003809,319.591493237,301567.109068,1276.30092069,4,-552.38681202,3927.80597299,162.296614108,2.65358983235,4.8086759431,0.12220093551,0.113895716292,0.100414337061,0.142388322884,0.123424899194,0.123067482415,after_reset,20.3854752132,304267.424562,0.438217061273,2.0519300447,1.36620645275,0.438217061273,0.364936197215,0.27299442768,0.611943445381,0.350631365873,0.445168579201,0.0158040882929,0.383864118896,0.369662921348,0.308306709265,0.458934169279,0.382903225806,0.385345838218,942,89,313,319,310,853
two_r8,eps1,123,1,1,retained,7.81597009336e-14,-73206.1115348,38942.6140475,842327.503334,65663.648796,10,-34455.6714876,141151.225968,162.296614108,2.79827838869,24.1227175137,0.168856157113,0.154318820225,0.126110722843,0.20753330721,0.172215221774,0.170372948417,after_reset,32.5350444211,911704.040148,0.758557475348,3.55190843044,1.58076127372,0.758557475348,0.61384423006,0.446272432365,1.08308453655,0.583341039749,0.772095452628,0.0158040882929,0.515180467091,0.479775280899,0.407667731629,0.614420062696,0.521612903226,0.518874560375,942,89,313,319,310,853
two_r8,eps1,123,1,1,shared_reset,7.28306304154e-14,-23138.1288621,14164.8587566,251225.116466,14582.6007469,10,-9251.40921373,71036.8944812,162.296614108,2.80912609308,16.9372350039,0.0912246218153,0.0832601825843,0.0655201677316,0.115950724922,0.0917338709677,0.092055612544,after_reset,19.8961208626,300395.253055,0.435419711423,2.03883159028,1.58076127372,0.435419711423,0.332363107067,0.238427315943,0.632689531263,0.32679457112,0.444798886718,0.0158040882929,0.31093418259,0.285393258427,0.236741214058,0.392163009404,0.302258064516,0.313599062134,942,89,313,319,310,853
two_r8,eps1,123,1,1,local_reset,4.61852778244e-14,-72870.384441,38781.5869107,785263.552953,73227.123633,10,-38467.3912093,191021.570021,162.296614108,2.79549103395,27.8181886264,0.161922770701,0.147471910112,0.121692791534,0.198116673197,0.165297379032,0.163430539273,after_reset,31.1879895996,904399.869128,0.755512750723,3.53765165568,1.58076127372,0.755512750723,0.593644421219,0.43317491367,1.09333474052,0.561205998438,0.770444920521,0.0158040882929,0.498619957537,0.468539325843,0.388817891374,0.597492163009,0.507741935484,0.501758499414,942,89,313,319,310,853
two_r8,eps1,2026,0,0.25,retained,3.47638584586e-15,0,0,1709.71684768,0,-1,0,0,4.28079668366,2.16716882517,0,0.0157742834395,0.0161773989899,0.015625,0.0164331896552,0.0152469758065,0.0157269424674,pulse,1.64674695041,1709.71684768,0.0328491131051,1,0.725113478623,0.0328491131051,0.0328836720475,0.0279076032205,0.0359465164562,0.0341016914963,0.0328450521957,0.0158040882929,0.0516985138004,0.0424242424242,0.0514376996805,0.0514106583072,0.0522580645161,0.0527876631079,942,99,313,319,310,843
two_r8,eps1,2026,0,0.25,retained,2.99760216649e-15,-1.50056657047,0.858906023616,19834.3064105,0.4847540133,0,-0.263696458414,11.6010562856,4.31058614498,2.2093316538,0.276863479829,0.0451167728238,0.0391808712121,0.0391748202875,0.0504138910658,0.0456653225806,0.0458138715896,before_reset,6.80569371963,19844.5815068,0.111913512132,3.40689600276,0.752906764785,0.111913512132,0.116466993802,0.0817730011747,0.134160392418,0.113073557481,0.111366546163,0.0158040882929,0.158280254777,0.133333333333,0.14249201278,0.177115987461,0.154838709677,0.161209964413,942,99,313,319,310,843
two_r8,eps1,2026,0,0.25,retained,2.99760216649e-15,-1.50056657047,0.858906023616,19834.3064105,0.4847540133,0,-0.263696458414,11.6010562856,4.31058614498,2.2093316538,0.276863479829,0.0451167728238,0.0391808712121,0.0391748202875,0.0504138910658,0.0456653225806,0.0458138715896,after_reset,6.80569371963,19844.5815068,0.111913512132,3.40689600276,0.752906764785,0.111913512132,0.116466993802,0.0817730011747,0.134160392418,0.113073557481,0.111366546163,0.0158040882929,0.158280254777,0.133333333333,0.14249201278,0.177115987461,0.154838709677,0.161209964413,942,99,313,319,310,843
two_r8,eps1,2026,0,0.25,shared_reset,2.89351875793e-15,0,0,0,0,0,0,11.6010562856,4.31058614498,2.2093316538,0.276863479829,0.000306860403397,0.00291982323232,0.000212160543131,0.000489811912226,0.000214213709677,0,after_reset,0,11.6010562856,0.00270589113498,0.0823733391621,0.752906764785,0.00270589113498,0.00834676476245,0.00152885372089,0.0039267020242,0.00200557132629,0,0.0158040882929,0.000849256900212,0.00808080808081,0.000319488817891,0.000626959247649,0.00161290322581,0,942,99,313,319,310,843
two_r8,eps1,2026,0,0.25,local_reset,2.99760216649e-15,0,0,19834.3064105,0,0,0,0,4.30982818635,2.20936168311,0,0.0450918922505,0.0389441287879,0.0391249001597,0.050401645768,0.0456527217742,0.0458138715896,after_reset,6.80569371963,19834.3064105,0.111884535179,3.40601387993,0.752906764785,0.111884535179,0.116201785813,0.0817578151036,0.134111918145,0.113056679087,0.111366546163,0.0158040882929,0.157855626327,0.129292929293,0.141853035144,0.176489028213,0.154838709677,0.161209964413,942,99,313,319,310,843
two_r8,eps1,2026,0,0.25,retained,2.92040697181e-15,-14.4746408516,-3.15406091412,47430.6372488,45.8778275615,1,-23.7932484135,591.636941285,4.31058614498,2.25159750326,1.85836393108,0.0709593949045,0.0635653409091,0.0598292731629,0.0817618534483,0.0710811491935,0.0718277357651,after_reset,10.4921797522,47985.3081173,0.174026624609,5.2977571739,0.777777844268,0.174026624609,0.1810461665,0.125478211647,0.21004555076,0.175302507642,0.173183598003,0.0158040882929,0.251910828025,0.224242424242,0.226198083067,0.277429467085,0.251612903226,0.255160142349,942,99,313,319,310,843
two_r8,eps1,2026,0,0.25,shared_reset,2.81372147803e-15,-3.42408045141e-08,-0.000991031609972,0.000458591648545,6.34272482876e-09,1,1.81236097161e-07,11.4280484666,4.31058614498,2.25036531928,0.271456258083,0.000277833067941,0.00264362373737,0.000174720447284,0.000428585423197,0.000226814516129,0,after_reset,0.000822706907226,11.4265252954,0.00268545973803,0.0817513620364,0.777777844268,0.00268545973803,0.0082835970861,0.00154085891198,0.00388185998821,0.00200267377973,1.67198858372e-05,0.0158040882929,0.00106157112527,0.010101010101,0.000958466453674,0.0012539184953,0.000967741935484,0,942,99,313,319,310,843
two_r8,eps1,2026,0,0.25,local_reset,3.21964677141e-15,-14.5727176193,-0.434547148363,47430.6297137,44.6450327539,1,-23.2170515849,578.180723815,4.30982818635,2.25162488417,1.8345013601,0.0708971934713,0.0630129419192,0.0597543929712,0.081590419279,0.0711441532258,0.0718231020166,after_reset,10.4921789523,47977.0068375,0.174011570978,5.29729890794,0.777777844268,0.174011570978,0.180908591492,0.125475910641,0.210014617004,0.175296899521,0.173183578942,0.0158040882929,0.251167728238,0.217171717172,0.225878594249,0.276489028213,0.25064516129,0.255160142349,942,99,313,319,310,843
two_r8,eps1,2026,0,0.25,retained,3.38618022511e-15,-485.071349202,268.17270023,140181.694433,1025.89136996,4,-535.0531882,3150.32135774,4.45322012574,2.34284015778,4.29206044933,0.111270070329,0.0980508207071,0.0924271166134,0.131857366771,0.109110383065,0.112822508897,after_reset,18.4875114751,142854.003487,0.300267107833,9.14079801401,0.853420476749,0.300267107833,0.313474192087,0.220530922222,0.363659240683,0.297958125959,0.298677781593,0.0158040882929,0.370912951168,0.344444444444,0.317252396166,0.426332288401,0.368064516129,0.374021352313,942,99,313,319,310,843
two_r8,eps1,2026,0,0.25,shared_reset,3.99159871822e-15,-8.22458812357e-08,-0.00204873700341,0.00204928958768,2.3995094733e-08,4,-7.2079291793e-06,11.6731243028,4.44023310455,2.34104108414,0.261507711614,0.000228071921444,0.00205176767677,0.000162240415335,0.000318377742947,0.000201612903226,1.39012455516e-05,after_reset,0.00165079942057,11.671061562,0.0027140430542,0.0826215016982,0.853420476749,0.0027140430542,0.00837125084843,0.00157491074255,0.00389225941164,0.00207107839436,3.60199868353e-05,0.0158040882929,0.00191082802548,0.0161616161616,0.00127795527157,0.0025078369906,0.00193548387097,0.000237247924081,942,99,313,319,310,843
two_r8,eps1,2026,0,0.25,local_reset,2.96290769697e-15,-483.631857525,269.000756559,140181.971415,1020.99242947,4,-532.474392155,3131.55358988,4.45238767993,2.34286889906,4.279355887,0.111282510616,0.0980902777778,0.0924645567093,0.131832876176,0.109135584677,0.112831776394,after_reset,18.4875497958,142840.306448,0.300252712476,9.14035978734,0.853420476749,0.300252712476,0.313341208974,0.220529753379,0.363626857254,0.297955587974,0.298677997899,0.0158040882929,0.370912951168,0.344444444444,0.317571884984,0.426332288401,0.367741935484,0.374021352313,942,99,313,319,310,843
two_r8,eps1,2026,0,0.25,retained,4.10782519111e-15,-3063.28933784,1323.07994564,334465.491587,10793.4483397,10,-5208.89433491,20580.3319102,4.45322012574,2.53241940493,9.99104330957,0.146907344745,0.130918560606,0.113331170128,0.180054858934,0.14669858871,0.148785031139,after_reset,27.3476842657,351941.064383,0.471299006696,14.3473890813,1.02327395781,0.471299006696,0.487955115707,0.346653822968,0.577707871285,0.458474610001,0.469304165125,0.0158040882929,0.472717622081,0.39797979798,0.416293929712,0.542319749216,0.458064516129,0.481494661922,942,99,313,319,310,843
two_r8,eps1,2026,0,0.25,shared_reset,3.77128883677e-15,5.53626724092e-08,-0.00436764711296,0.0096479541588,1.03975516336e-07,10,-4.44747792413e-06,11.8303962408,4.45112148488,2.52602040413,0.240056438816,0.000240512208068,0.00209122474747,0.000149760383387,0.000391849529781,0.000176411290323,2.3168742586e-05,after_reset,0.0038173974037,11.8313002205,0.00273261086171,0.0831867470201,1.02327395781,0.00273261086171,0.0084258397201,0.00158553005892,0.00392251177455,0.00207834364534,8.13876871151e-05,0.0158040882929,0.000955414012739,0.00707070707071,0.000319488817891,0.0012539184953,0.00129032258065,0.000237247924081,942,99,313,319,310,843
two_r8,eps1,2026,0,0.25,local_reset,3.94129173742e-15,-3085.61199242,1337.47492552,334463.741812,10783.5134172,10,-5203.67039259,20556.3362517,4.45238767993,2.53242498586,9.98578809921,0.146890757696,0.130879103535,0.113268769968,0.180091594828,0.146673387097,0.148771129893,after_reset,27.3476148927,351899.976562,0.471271494682,14.3465515545,1.02327395781,0.471271494682,0.487719531146,0.346645964408,0.577649129197,0.458470836226,0.469302051468,0.0158040882929,0.472611464968,0.39797979798,0.415974440895,0.54263322884,0.457741935484,0.48137603796,942,99,313,319,310,843
two_r8,eps1,2026,0,1,retained,3.0253577421e-15,0,0,27443.5016306,0,-1,0,0,4.28079668366,2.16716882517,0,0.0608869095011,0.0609611742424,0.060553115016,0.0628551136364,0.0591985887097,0.060878188019,pulse,6.59236294112,27443.5016306,0.131607704696,1,0.725113478623,0.131607704696,0.131748951619,0.111774747482,0.144031405841,0.136639733822,0.131591107031,0.0158040882929,0.194373673036,0.194949494949,0.187539936102,0.201567398119,0.193870967742,0.194306049822,942,99,313,319,310,843
two_r8,eps1,2026,0,1,retained,3.36080989427e-15,-13.3847518267,-1.34430509542,40675.2624669,11.0578964296,0,-3.52264987236,188.499283188,4.3166883117,2.20861468041,1.11451031792,0.0720292595541,0.0719696969697,0.0659569688498,0.0794107562696,0.070564516129,0.0720362544484,before_reset,8.26906425881,40838.3162329,0.160544512883,1.21987168801,0.752906764785,0.160544512883,0.182296080431,0.126685033928,0.186437638053,0.162323163466,0.157793440619,0.0158040882929,0.235774946921,0.232323232323,0.231309904153,0.247335423197,0.228387096774,0.236180308422,942,99,313,319,310,843
two_r8,eps1,2026,0,1,retained,3.36080989427e-15,-13.3847518267,-1.34430509542,40675.2624669,11.0578964296,0,-3.52264987236,188.499283188,4.3166883117,2.20861468041,1.11451031792,0.0720292595541,0.0719696969697,0.0659569688498,0.0794107562696,0.070564516129,0.0720362544484,after_reset,8.26906425881,40838.3162329,0.160544512883,1.21987168801,0.752906764785,0.160544512883,0.182296080431,0.126685033928,0.186437638053,0.162323163466,0.157793440619,0.0158040882929,0.235774946921,0.232323232323,0.231309904153,0.247335423197,0.228387096774,0.236180308422,942,99,313,319,310,843
two_r8,eps1,2026,0,1,shared_reset,2.51187959321e-15,0,0,0,0,0,0,188.499283188,4.3166883117,2.20861468041,1.11451031792,0.00122744161359,0.0116792929293,0.000811202076677,0.0019592476489,0.000894657258065,0,after_reset,0,188.499283188,0.0109072785527,0.082877203716,0.752906764785,0.0109072785527,0.0336452886447,0.00625284332595,0.0157652638265,0.00814098738274,0,0.0158040882929,0.00445859872611,0.0424242424242,0.00319488817891,0.00658307210031,0.00354838709677,0,942,99,313,319,310,843
two_r8,eps1,2026,0,1,local_reset,2.60902410787e-15,0,0,40675.2624669,0,0,0,0,4.30982818635,2.20936168311,0,0.0719255904989,0.070983270202,0.0659569688498,0.0791903409091,0.0704763104839,0.0720362544484,after_reset,8.26906425881,40675.2624669,0.160223692002,1.21743398209,0.752906764785,0.160223692002,0.179590269507,0.126592013704,0.185816360786,0.162166191341,0.157793440619,0.0158040882929,0.235456475584,0.229292929293,0.231309904153,0.246081504702,0.228709677419,0.236180308422,942,99,313,319,310,843
two_r8,eps1,2026,0,1,retained,3.33066907388e-15,-15.6782170188,-31.5170431964,72095.9971414,101.158761049,1,-42.2187887528,796.80168339,4.3166883117,2.24982600509,2.21057124071,0.0888112062102,0.0842013888889,0.0793979632588,0.0990032327586,0.0878276209677,0.0893525726572,after_reset,11.6218633731,72815.1294879,0.214374125592,1.6288873519,0.777777844268,0.214374125592,0.236115791372,0.15983736436,0.257604671852,0.213461414191,0.211674357334,0.0158040882929,0.295753715499,0.269696969697,0.267731629393,0.326959247649,0.291935483871,0.29881376038,942,99,313,319,310,843
two_r8,eps1,2026,0,1,shared_reset,3.4772532076e-15,-5.42212491253e-06,-0.0180040474609,0.00756698108975,1.71027335888e-06,1,0.000183224555584,185.435985113,4.3166883117,2.24967857519,1.09212953157,0.00115279989384,0.0108506944444,0.000773761980831,0.00166536050157,0.00100806451613,1.39012455516e-05,after_reset,0.00333466478239,185.407901315,0.0108174693135,0.0821948026412,0.777777844268,0.0108174693135,0.0333676687242,0.00629725838233,0.0155673559302,0.00813419288222,6.79194327016e-05,0.0158040882929,0.0052016985138,0.0484848484848,0.00447284345048,0.00595611285266,0.00516129032258,0.00011862396204,942,99,313,319,310,843
two_r8,eps1,2026,0,1,local_reset,2.91433543964e-15,2.88946400433,-23.5947076532,72095.0102136,78.9834078647,1,-34.1209687405,594.793934184,4.30982818635,2.25052903952,1.892445272,0.0887531515393,0.0837673611111,0.0793979632588,0.0988807797806,0.0877772177419,0.0893386714116,after_reset,11.6217849635,72659.1351309,0.214144371942,1.6271416057,0.777777844268,0.214144371942,0.234134834803,0.159754298138,0.257164296893,0.213369819977,0.211672899387,0.0158040882929,0.295647558386,0.267676767677,0.267731629393,0.325705329154,0.292903225806,0.298932384342,942,99,313,319,310,843
two_r8,eps1,2026,0,1,retained,2.95943825002e-15,-769.489679148,313.805883404,212171.322586,1544.400636,4,-742.425872336,4509.96075776,4.45338302071,2.33944232636,5.0711589946,0.139136312367,0.126380997475,0.114828773962,0.163584933386,0.138520665323,0.140634267497,after_reset,21.16999089,215829.464643,0.369076947117,2.80437188666,0.853420476749,0.369076947117,0.390684624358,0.271552983666,0.446796513013,0.366126930912,0.36645580232,0.0158040882929,0.443736730361,0.405050505051,0.39392971246,0.499059561129,0.437096774194,0.44827995255,942,99,313,319,310,843
two_r8,eps1,2026,0,1,shared_reset,3.3107197539e-15,-1.51356757945e-05,-0.0393121700458,0.0341834730933,6.50413857146e-06,4,0.000106605659053,188.562486651,4.44522602205,2.34040337222,1.05005769595,0.00112377255839,0.0103377525253,0.000711361821086,0.00164086990596,0.00100806451613,4.17037366548e-05,after_reset,0.00675223145304,188.518235229,0.0109078268571,0.0828813699192,0.853420476749,0.0109078268571,0.033644244148,0.00640957365467,0.0155597791161,0.0084221092861,0.000147037365284,0.0158040882929,0.00530785562633,0.0474747474747,0.00351437699681,0.00721003134796,0.00516129032258,0.000355871886121,942,99,313,319,310,843
two_r8,eps1,2026,0,1,local_reset,3.12250225676e-15,-475.260183609,125.485514774,146852.59805,933.168200348,4,-409.36791211,3577.64849655,4.44702986224,2.34008118508,4.52169949422,0.113899117569,0.104482323232,0.095709365016,0.131710423197,0.113936491935,0.115005004448,after_reset,17.4862457815,149845.129585,0.307526728853,2.33669244186,0.853420476749,0.307526728853,0.327885176739,0.228741502335,0.369557635848,0.306613857275,0.305046741603,0.0158040882929,0.373991507431,0.350505050505,0.329392971246,0.420062695925,0.371612903226,0.37674970344,942,99,313,319,310,843
two_r8,eps1,2026,0,1,retained,3.88578058619e-15,-5139.9413291,1661.7520121,397761.719723,13878.7419276,10,-6654.96484513,25681.2963595,4.51221300172,2.52562784127,11.158563541,0.162345740446,0.151002209596,0.128169928115,0.195851293103,0.162373991935,0.163677898873,after_reset,29.1440604489,417055.449686,0.513048536539,3.89831687837,1.02327395781,0.513048536539,0.534076986771,0.378959730954,0.624838324297,0.503077996033,0.510522173362,0.0158040882929,0.493736730361,0.444444444444,0.433865814696,0.56144200627,0.484516129032,0.499525504152,942,99,313,319,310,843
two_r8,eps1,2026,0,1,shared_reset,5.15993497929e-15,-3.11026396978e-05,-0.0880444468838,0.16565828288,2.90846271131e-05,10,0.000514996498593,190.770372478,4.4512187111,2.52553126611,0.962990522397,0.00103669055202,0.00907512626263,0.000686401757188,0.00156739811912,0.000844254032258,9.2674970344e-05,after_reset,0.0159385764631,190.760938739,0.0109725174033,0.083372910641,1.02327395781,0.0109725174033,0.0338323025169,0.00645293219074,0.0156628503153,0.00844738954419,0.000336257903964,0.0158040882929,0.00467091295117,0.0383838383838,0.00287539936102,0.00658307210031,0.00451612903226,0.000711743772242,942,99,313,319,310,843
two_r8,eps1,2026,0,1,local_reset,3.66373598126e-15,-4547.74113744,1933.49004984,395972.503625,12184.5063505,10,-5901.01231787,21496.3426504,4.71669853692,2.52719207279,10.1898167177,0.159675225584,0.145833333333,0.12755840655,0.192177703762,0.158656754032,0.161300785884,after_reset,28.600223762,412622.825815,0.510314815934,3.87754514155,1.02327395781,0.510314815934,0.538548518372,0.374668582723,0.621838585941,0.501697031464,0.506895939431,0.0158040882929,0.502335456476,0.478787878788,0.417252396166,0.587460815047,0.50064516129,0.505100830368,942,99,313,319,310,843
two_r8,eps1,2026,1,0.25,retained,2.7512714329e-15,0,0,1696.93508645,0,-1,0,0,4.28079668366,2.16716882517,0,0.0153844877919,0.0156652706186,0.015125798722,0.0152943769592,0.0157384072581,0.0153522559172,pulse,1.65071743228,1696.93508645,0.032726093554,1,0.725113478623,0.032726093554,0.032629673411,0.0277644205979,0.0358551415425,0.0339589715403,0.032737143731,0.0158040882929,0.0529723991507,0.0463917525773,0.0495207667732,0.0595611285266,0.0496774193548,0.0537278106509,942,97,313,319,310,845
two_r8,eps1,2026,1,0.25,retained,3.52842755014e-15,-3.81393015402,2.22380161502,26177.5901158,0.606271262122,0,-0.266680007239,10.7375806299,4.28079668366,2.20720595104,0.27157863676,0.056839669586,0.0510228737113,0.047860922524,0.0656470415361,0.0568422379032,0.0575073964497,before_reset,7.87342562056,26185.2203506,0.128555206204,3.92821727995,0.747544598781,0.128555206204,0.132991555391,0.0927178647496,0.155095021665,0.129562493628,0.128036109656,0.0158040882929,0.177919320594,0.158762886598,0.153993610224,0.204702194357,0.174516129032,0.180118343195,942,97,313,319,310,845
two_r8,eps1,2026,1,0.25,retained,3.52842755014e-15,-3.81393015402,2.22380161502,26177.5901158,0.606271262122,0,-0.266680007239,10.7375806299,4.28079668366,2.20720595104,0.27157863676,0.056839669586,0.0510228737113,0.047860922524,0.0656470415361,0.0568422379032,0.0575073964497,after_reset,7.87342562056,26185.2203506,0.128555206204,3.92821727995,0.747544598781,0.128555206204,0.132991555391,0.0927178647496,0.155095021665,0.129562493628,0.128036109656,0.0158040882929,0.177919320594,0.158762886598,0.153993610224,0.204702194357,0.174516129032,0.180118343195,942,97,313,319,310,845
two_r8,eps1,2026,1,0.25,shared_reset,3.05658276467e-15,0,0,0,0,0,0,10.7375806299,4.28079668366,2.20720595104,0.27157863676,0.000265392781316,0.00257731958763,0.000124800319489,0.000318377742947,0.000352822580645,0,after_reset,0,10.7375806299,0.00260324337534,0.0795464136608,0.747544598781,0.00260324337534,0.00811249339373,0.00148443978335,0.00341335998472,0.00252562678392,0,0.0158040882929,0.000955414012739,0.00927835051546,0.000638977635783,0.0012539184953,0.000967741935484,0,942,97,313,319,310,845
two_r8,eps1,2026,1,0.25,local_reset,2.74780198595e-15,0,0,26177.5901158,0,0,0,0,4.28079668366,2.20721138873,0,0.0568438163482,0.0510631443299,0.0478110023962,0.0657327586207,0.0568170362903,0.0575073964497,after_reset,7.87342562056,26177.5901158,0.128536474686,3.92764490738,0.747544598781,0.128536474686,0.132815611785,0.0926998483558,0.155060681473,0.129561333342,0.128036109656,0.0158040882929,0.177388535032,0.153608247423,0.153674121406,0.20407523511,0.173870967742,0.180118343195,942,97,313,319,310,845
two_r8,eps1,2026,1,0.25,retained,3.30638294521e-15,-18.4606317108,8.76605361376,44698.1352202,73.8583903156,1,-32.8546470652,407.784452152,4.6187095114,2.24187327097,1.6945850804,0.0689233346603,0.0610099871134,0.0594673522364,0.0799740399687,0.0670992943548,0.0698317307692,after_reset,10.2695222738,45094.6796123,0.168703543884,5.15501624433,0.77295622482,0.168703543884,0.173307289112,0.120984503997,0.205496019854,0.168079926364,0.16816700262,0.0158040882929,0.22059447983,0.190721649485,0.186900958466,0.249529780564,0.224838709677,0.224023668639,942,97,313,319,310,845
two_r8,eps1,2026,1,0.25,shared_reset,4.33854341342e-15,-2.11433424148e-08,-0.000397684630883,0.000443071346889,7.76143874298e-09,1,-9.76253083221e-07,10.9633688582,4.50604003409,2.24211170347,0.270604385886,0.000360768312102,0.00346327319588,0.000262080670927,0.000404094827586,0.000415826612903,4.62278106509e-06,after_reset,0.000848669370177,10.9630145732,0.00263042878607,0.0803771089185,0.77295622482,0.00263042878607,0.00819706911556,0.00157513283868,0.0034425400162,0.00251497636017,1.63610005415e-05,0.0158040882929,0.00148619957537,0.0144329896907,0.000319488817891,0.00188087774295,0.00225806451613,0,942,97,313,319,310,845
two_r8,eps1,2026,1,0.25,local_reset,3.34454686168e-15,-12.5041766658,6.10134662735,44698.0616749,72.8183570264,1,-32.3757384307,395.70402139,4.6187095114,2.24188661511,1.67075167807,0.0689067476115,0.0608891752577,0.0594423921725,0.0799617946708,0.0670866935484,0.0698271079882,after_reset,10.2695096012,45089.0269164,0.168692969913,5.15469313911,0.77295622482,0.168692969913,0.173208522526,0.120962967615,0.205474328202,0.168090616091,0.168166858521,0.0158040882929,0.220700636943,0.19175257732,0.186581469649,0.249529780564,0.225483870968,0.224023668639,942,97,313,319,310,845
two_r8,eps1,2026,1,0.25,retained,2.91433543964e-15,-307.546006126,145.011249117,126025.534165,874.129203255,4,-426.91897848,2482.76605936,4.6187095114,2.34246164997,3.95721860695,0.112418723461,0.100032216495,0.0959090455272,0.129347080721,0.111668346774,0.113840606509,after_reset,17.3020006731,128203.521956,0.284453663158,8.69195288124,0.842753842005,0.284453663158,0.287974738356,0.208917175617,0.344591888727,0.282159663148,0.284046675939,0.0158040882929,0.342781316348,0.314432989691,0.290415335463,0.395297805643,0.341612903226,0.346035502959,942,97,313,319,310,845
two_r8,eps1,2026,1,0.25,shared_reset,3.02817666775e-15,-3.24332633419e-08,-0.00106551212681,0.00136827442744,2.05786932773e-08,4,5.63841281947e-06,11.4428833272,4.50604003409,2.3427312201,0.264425519924,0.000281979830149,0.00261759020619,0.000162240415335,0.000367358934169,0.00031502016129,1.38683431953e-05,after_reset,0.0014758861443,11.4421318099,0.00268729303226,0.0821146901577,0.842753842005,0.00268729303226,0.00837395411733,0.00160596789378,0.00353977180234,0.00253896135777,2.98490319363e-05,0.0158040882929,0.000849256900212,0.00721649484536,0.000319488817891,0.000940438871473,0.00129032258065,0.000118343195266,942,97,313,319,310,845
two_r8,eps1,2026,1,0.25,local_reset,3.18842174885e-15,-291.115385931,133.954887998,126025.877834,870.283644545,4,-425.06507346,2466.92195115,4.6187095114,2.34246574249,3.94515589471,0.112414576699,0.0998711340206,0.0958965654952,0.12940830721,0.111605342742,0.113854474852,after_reset,17.3020025798,128198.632287,0.284448238589,8.69178712456,0.842753842005,0.284448238589,0.287919476868,0.208905096241,0.344580126841,0.282166856802,0.284047050796,0.0158040882929,0.343205944798,0.317525773196,0.290734824281,0.395611285266,0.342258064516,0.346153846154,942,97,313,319,310,845
two_r8,eps1,2026,1,0.25,retained,4.30905311433e-15,-4575.82243963,2125.20770559,362897.527295,10515.7020614,10,-5414.42672227,17337.8981774,4.6187095114,2.50918906679,9.37999932099,0.164120554671,0.151377255155,0.133249301118,0.194981876959,0.163533266129,0.16558339497,after_reset,28.0428898503,375021.044621,0.486507312629,14.8660368469,0.989389490624,0.486507312629,0.498650652581,0.361961853213,0.591290219425,0.476625093411,0.485093893365,0.0158040882929,0.483651804671,0.471134020619,0.413099041534,0.568652037618,0.467419354839,0.485088757396,942,97,313,319,310,845
two_r8,eps1,2026,1,0.25,shared_reset,3.62036789436e-15,-71.950040666,50.5741261104,112196.81395,352.098861718,10,-174.13948835,1468.10774219,4.50604003409,2.50922690474,2.73934571114,0.0868249071125,0.0817896262887,0.0714357028754,0.101513518809,0.087247983871,0.0874029215976,after_reset,16.1637846963,113625.989748,0.267793722632,8.18288080093,0.989389490624,0.267793722632,0.269016613402,0.198480390262,0.32413717086,0.264623430888,0.26765298595,0.0158040882929,0.285244161359,0.277319587629,0.232907348243,0.342319749216,0.27935483871,0.286153846154,942,97,313,319,310,845
two_r8,eps1,2026,1,0.25,local_reset,3.82333054105e-15,-4545.77556108,2104.30309991,362893.160847,10496.5417398,10,-5404.58654034,17299.3057874,4.6187095114,2.50920995171,9.37050293966,0.164091527335,0.151296713918,0.13319938099,0.194883914577,0.163596270161,0.165560281065,after_reset,28.0426535454,374996.890372,0.486491644964,14.8655580955,0.989389490624,0.486491644964,0.498530633149,0.361933522218,0.591281536109,0.476609304989,0.485090537248,0.0158040882929,0.483227176221,0.467010309278,0.413099041534,0.56802507837,0.466774193548,0.485088757396,942,97,313,319,310,845
two_r8,eps1,2026,1,1,retained,3.24740234703e-15,0,0,27137.7043735,0,-1,0,0,4.28079668366,2.16716882517,0,0.0605510217622,0.0618959407216,0.0607777555911,0.0601121669279,0.0607736895161,0.0603966346154,pulse,6.60942080777,27137.7043735,0.130872411951,1,0.725113478623,0.130872411951,0.130465717809,0.110997182307,0.143419288853,0.135793610009,0.130919016713,0.0158040882929,0.185987261146,0.170103092784,0.176677316294,0.202821316614,0.178064516129,0.187810650888,942,97,313,319,310,845
two_r8,eps1,2026,1,1,retained,2.77555756156e-15,-37.1092247343,16.2696266257,81487.6136857,21.7443561136,0,-6.72761966034,171.207112389,4.28079668366,2.20661810713,1.0851418987,0.103631734342,0.0985824742268,0.0947608825879,0.111603644201,0.104385080645,0.10421135355,before_reset,12.9076189234,81625.4307186,0.226973051167,1.73430784826,0.747544598781,0.226973051167,0.247220100367,0.171232711925,0.267981770506,0.230306202522,0.224532042131,0.0158040882929,0.304777070064,0.268041237113,0.261661341853,0.350156739812,0.301612903226,0.30899408284,942,97,313,319,310,845
two_r8,eps1,2026,1,1,retained,2.77555756156e-15,-37.1092247343,16.2696266257,81487.6136857,21.7443561136,0,-6.72761966034,171.207112389,4.28079668366,2.20661810713,1.0851418987,0.103631734342,0.0985824742268,0.0947608825879,0.111603644201,0.104385080645,0.10421135355,after_reset,12.9076189234,81625.4307186,0.226973051167,1.73430784826,0.747544598781,0.226973051167,0.247220100367,0.171232711925,0.267981770506,0.230306202522,0.224532042131,0.0158040882929,0.304777070064,0.268041237113,0.261661341853,0.350156739812,0.301612903226,0.30899408284,942,97,313,319,310,845
two_r8,eps1,2026,1,1,shared_reset,2.7946395198e-15,0,0,0,0,0,0,171.207112389,4.28079668366,2.20661810713,1.0851418987,0.00122744161359,0.0119201030928,0.000636481629393,0.00170209639498,0.00133568548387,0,after_reset,0,171.207112389,0.0103949511821,0.079428131775,0.747544598781,0.0103949511821,0.0323938105795,0.00586676133025,0.0136320761614,0.0101176659207,0,0.0158040882929,0.00392781316348,0.0381443298969,0.00223642172524,0.00407523510972,0.00548387096774,0,942,97,313,319,310,845
two_r8,eps1,2026,1,1,local_reset,2.77555756156e-15,0,0,81487.6136857,0,0,0,0,4.28079668366,2.20721138873,0,0.103523918524,0.0975354381443,0.0946860023962,0.111224039969,0.104523689516,0.10421135355,after_reset,12.9076189234,81487.6136857,0.226781358658,1.73284312009,0.747544598781,0.226781358658,0.245505749059,0.171104301509,0.267717686047,0.230144732903,0.224532042131,0.0158040882929,0.304246284501,0.262886597938,0.261661341853,0.34921630094,0.300967741935,0.30899408284,942,97,313,319,310,845
two_r8,eps1,2026,1,1,retained,2.88657986403e-15,-180.966554019,57.7133341758,105632.052122,196.46562149,1,-70.6179845405,1147.11594386,4.45434571427,2.24047366413,2.70340756332,0.11025826035,0.103817654639,0.0985797723642,0.12237950627,0.109576612903,0.110997596154,after_reset,14.5968361035,106587.891279,0.259367459416,1.98183448712,0.77295622482,0.259367459416,0.277328406873,0.190636518591,0.311900703363,0.260034894263,0.25722543662,0.0158040882929,0.332484076433,0.30824742268,0.279233226837,0.389028213166,0.328064516129,0.335266272189,942,97,313,319,310,845
two_r8,eps1,2026,1,1,shared_reset,4.05751821031e-15,-4.33504407415e-06,-0.00429453405067,0.00679394803933,1.89486943189e-06,1,0.000125472561238,174.813940907,4.50604003409,2.24152018133,1.08105088369,0.00125232218684,0.0120409149485,0.000886082268371,0.00160413401254,0.00126008064516,1.38683431953e-05,after_reset,0.00331504835943,174.812389957,0.0105038293656,0.0802600732198,0.77295622482,0.0105038293656,0.0327325619952,0.00621918191048,0.0137669680537,0.0100587148429,6.40514893309e-05,0.0158040882929,0.00562632696391,0.0546391752577,0.00191693290735,0.00815047021944,0.00677419354839,0,942,97,313,319,310,845
two_r8,eps1,2026,1,1,local_reset,3.27515792264e-15,-134.94644612,35.5475935056,105631.479601,166.027409286,1,-60.0739920558,955.654170866,4.45434571427,2.24105748334,2.45580596386,0.110071656051,0.102005476804,0.0984549720447,0.122330525078,0.109185987903,0.110997596154,after_reset,14.5967732928,106434.215492,0.259180417177,1.9804052918,0.77295622482,0.259180417177,0.275630782294,0.19048842303,0.31166691557,0.259866166957,0.257224724985,0.0158040882929,0.333014861996,0.311340206186,0.279552715655,0.38934169279,0.329032258065,0.33550295858,942,97,313,319,310,845
two_r8,eps1,2026,1,1,retained,4.05231403988e-15,-893.726140718,256.304739005,193140.955005,1565.40559495,4,-679.924472371,5131.48756741,4.45434571427,2.33950287586,5.48150070238,0.138402335456,0.129550579897,0.120744309105,0.156972472571,0.137121975806,0.139418454142,after_reset,20.0300391548,197203.156419,0.35279180134,2.69569266801,0.842753842005,0.35279180134,0.368714955145,0.261336444691,0.424302436728,0.352117974972,0.350917708516,0.0158040882929,0.411995753715,0.396907216495,0.347284345048,0.482445141066,0.404838709677,0.413727810651,942,97,313,319,310,845
two_r8,eps1,2026,1,1,shared_reset,3.48332473976e-15,-9.9667573699e-06,-0.0174574207197,0.0224006527233,5.33408206371e-06,4,0.000810886793605,182.047458411,4.50604003409,2.34221503401,1.05527505356,0.00112791932059,0.0104300902062,0.000599041533546,0.00150617163009,0.00127268145161,6.00961538462e-05,after_reset,0.00597431949205,182.036551397,0.0107186688212,0.0819016679029,0.842753842005,0.0107186688212,0.0334007170558,0.00631931116425,0.0141423257616,0.0101481426371,0.000120566019048,0.0158040882929,0.00467091295117,0.0432989690722,0.00223642172524,0.00595611285266,0.0058064516129,0.000236686390533,942,97,313,319,310,845
two_r8,eps1,2026,1,1,local_reset,4.39925873508e-15,-967.414872844,170.065959817,199555.926127,1627.16289952,4,-698.573439755,5104.72588303,4.45434571427,2.33939227178,5.45870563246,0.144829816879,0.13365818299,0.127633286741,0.163535952194,0.142943548387,0.146112241124,after_reset,20.2973166591,203295.970204,0.358200293922,2.73701912101,0.842753842005,0.358200293922,0.371535895485,0.263740891888,0.432388266931,0.35674809941,0.356637556612,0.0158040882929,0.422823779193,0.388659793814,0.356230031949,0.49592476489,0.414838709677,0.42674556213,942,97,313,319,310,845
two_r8,eps1,2026,1,1,retained,3.73659436725e-15,-9316.61497635,4749.3726777,508093.596195,17944.4258467,10,-8856.8292372,27048.1831441,4.45434571427,2.5034660939,11.4731940024,0.195005639597,0.183432667526,0.158820886581,0.232783111285,0.192666330645,0.196334134615,after_reset,32.4306983256,526238.062114,0.576305389834,4.40356665889,0.989389490624,0.576305389834,0.590123477153,0.424425926952,0.704241995548,0.563031175818,0.57469791328,0.0158040882929,0.555944798301,0.512371134021,0.468690095847,0.649529780564,0.547741935484,0.560946745562,942,97,313,319,310,845
two_r8,eps1,2026,1,1,shared_reset,3.899658374e-15,-113.531326356,66.7171884417,112168.89997,378.517808903,10,-187.078606945,1643.0631791,4.50604003409,2.50870147899,2.89766533515,0.0868663747346,0.0825950386598,0.0714107428115,0.101513518809,0.0873991935484,0.087356693787,after_reset,16.1619823196,113722.695468,0.267907656411,2.04709038688,0.989389490624,0.267907656411,0.270393864255,0.198509843692,0.324331231196,0.264706865977,0.267620779545,0.0158040882929,0.285244161359,0.279381443299,0.232587859425,0.342006269592,0.28,0.285917159763,942,97,313,319,310,845
two_r8,eps1,2026,1,1,local_reset,3.42781358853e-15,-6822.7951892,3060.56845637,442492.808968,13953.6801622,10,-6653.47042489,24044.1541487,4.47427055613,2.504492342,10.8163365279,0.1862601181,0.170062822165,0.153092551917,0.220501077586,0.184513608871,0.188119452663,after_reset,29.9189944496,459659.248963,0.538616377174,4.11558378994,0.989389490624,0.538616377174,0.551073419787,0.392458953013,0.660574479536,0.526318413403,0.53716791332,0.0158040882929,0.532802547771,0.496907216495,0.452396166134,0.618808777429,0.525483870968,0.536923076923,942,97,313,319,310,845
two_r8,eps1,42,0,0.25,retained,4.14598910758e-15,0,0,1854.8547587,0,-1,0,0,4.52572445909,2.25096945285,0,0.0147044187898,0.0141059027778,0.0144893170927,0.0147188479624,0.0149067540323,0.0147676423122,pulse,1.66081000004,1854.8547587,0.0342149970716,1,0.764750029477,0.0342149970716,0.0341557182105,0.0292113475444,0.0376515672952,0.0351703818316,0.0342212529268,0.0158040882929,0.0602972399151,0.0622222222222,0.055910543131,0.0595611285266,0.0654838709677,0.0600938967136,942,90,313,319,310,852
two_r8,eps1,42,0,0.25,retained,3.40612954508e-15,-3.02903739801,1.14151817854,36899.7956284,0.71786857119,0,-0.346384968877,12.3726007307,4.52572445909,2.28531339952,0.276584142817,0.0624668259023,0.0572916666667,0.0535393370607,0.0707900666144,0.0629158266129,0.0630134976526,before_reset,9.1819510366,36908.4182893,0.15262450549,4.46074875209,0.790898669102,0.15262450549,0.162066449826,0.113002905399,0.179542478932,0.157225400093,0.151592778656,0.0158040882929,0.217515923567,0.171111111111,0.190415335463,0.233228840125,0.228709677419,0.222417840376,942,90,313,319,310,852
two_r8,eps1,42,0,0.25,retained,3.40612954508e-15,-3.02903739801,1.14151817854,36899.7956284,0.71786857119,0,-0.346384968877,12.3726007307,4.52572445909,2.28531339952,0.276584142817,0.0624668259023,0.0572916666667,0.0535393370607,0.0707900666144,0.0629158266129,0.0630134976526,after_reset,9.1819510366,36908.4182893,0.15262450549,4.46074875209,0.790898669102,0.15262450549,0.162066449826,0.113002905399,0.179542478932,0.157225400093,0.151592778656,0.0158040882929,0.217515923567,0.171111111111,0.190415335463,0.233228840125,0.228709677419,0.222417840376,942,90,313,319,310,852
two_r8,eps1,42,0,0.25,shared_reset,4.67768185297e-15,0,0,0,0,0,0,12.3726007307,4.52572445909,2.28531339952,0.276584142817,0.000269539543524,0.00282118055556,0.00011232028754,0.000551038401254,0.000138608870968,0,after_reset,0,12.3726007307,0.00279442238763,0.0816724426946,0.790898669102,0.00279442238763,0.00904057906492,0.00130987747348,0.00420111801623,0.00195818482767,0,0.0158040882929,0.00148619957537,0.0155555555556,0.000638977635783,0.00282131661442,0.000967741935484,0,942,90,313,319,310,852
two_r8,eps1,42,0,0.25,local_reset,3.41393580072e-15,0,0,36899.7956284,0,0,0,0,4.52572445909,2.2853126696,0,0.0625041467622,0.0576822916667,0.0535767771565,0.0708512931034,0.0629284274194,0.0630134976526,after_reset,9.1819510366,36899.7956284,0.15260667614,4.46022765457,0.790898669102,0.15260667614,0.161890622917,0.112995296214,0.179513224079,0.157212706029,0.151592778656,0.0158040882929,0.217515923567,0.171111111111,0.189776357827,0.233855799373,0.228709677419,0.222417840376,942,90,313,319,310,852
two_r8,eps1,42,0,0.25,retained,3.31679128607e-15,-55.8495368898,34.6696531262,70064.6534186,67.3466338681,1,-36.231619429,342.08419915,4.52572445909,2.32974849033,1.51206632392,0.0832255175159,0.0775173611111,0.0687025758786,0.0956480211599,0.0851058467742,0.083828491784,after_reset,12.8383539908,70359.2612453,0.210727972323,6.15893585732,0.820097580313,0.210727972323,0.222216305697,0.152813453524,0.25042586474,0.216393235634,0.209477626597,0.0158040882929,0.279723991507,0.263333333333,0.236102236422,0.30407523511,0.298709677419,0.281455399061,942,90,313,319,310,852
two_r8,eps1,42,0,0.25,shared_reset,3.84067777581e-15,-1.21030029255e-08,-8.23410480939e-05,0.000176857890747,2.66079516678e-09,1,-1.29851759662e-07,12.700569102,4.52572445909,2.32964856673,0.27489562525,0.000269539543524,0.00277777777778,0.000137280351438,0.000416340125392,0.000252016129032,4.58480046948e-06,after_reset,0.00053738474351,12.7005809965,0.00283121823714,0.0827478731391,0.820097580313,0.00283121823714,0.00915956547322,0.00132920275375,0.00427568912497,0.00193946641255,1.04436842784e-05,0.0158040882929,0.000955414012739,0.01,0.000958466453674,0.00188087774295,0,0,942,90,313,319,310,852
two_r8,eps1,42,0,0.25,local_reset,3.59434704222e-15,-50.0361026573,31.5728134545,70064.5727631,66.1342684513,1,-35.6192150987,329.611974379,4.52572445909,2.32974466015,1.48765071726,0.0832089304671,0.07734375,0.0686651357827,0.0956847570533,0.0850554435484,0.083828491784,after_reset,12.8383538965,70352.1539973,0.21071732885,6.15862478108,0.820097580313,0.21071732885,0.222111672078,0.152814945295,0.250407388102,0.21638267929,0.209477511101,0.0158040882929,0.279936305732,0.265555555556,0.236102236422,0.30407523511,0.29935483871,0.281455399061,942,90,313,319,310,852
two_r8,eps1,42,0,0.25,retained,4.71844785466e-15,-494.898788965,231.198653973,156936.913064,859.372699199,4,-458.354869705,2525.60948145,4.81267905094,2.41230367168,3.92249379564,0.120467588907,0.109635416667,0.10162490016,0.136265673981,0.123235887097,0.121611832453,after_reset,19.3900316887,158877.785236,0.316659951873,9.25500450022,0.892865020263,0.316659951873,0.333996901689,0.234731187018,0.37368525245,0.324615827849,0.314772827639,0.0158040882929,0.356157112527,0.32,0.308306709265,0.388087774295,0.371612903226,0.359976525822,942,90,313,319,310,852
two_r8,eps1,42,0,0.25,shared_reset,3.71230823859e-15,-1.18512834073e-07,-0.000338949131466,0.00242559761076,2.52931560052e-08,4,-9.0203483062e-06,12.7100913165,4.8479034914,2.41207082933,0.264338887422,0.000203191348195,0.00208333333333,8.73602236422e-05,0.000404094827586,0.000113407258065,4.58480046948e-06,after_reset,0.00162888896059,12.7118207634,0.00283247074659,0.0827844801699,0.892865020263,0.00283247074659,0.00916289642452,0.00134118707034,0.00430012914611,0.00188018493569,3.87979562394e-05,0.0158040882929,0.00106157112527,0.01,0.000958466453674,0.00156739811912,0.000645161290323,0.000117370892019,942,90,313,319,310,852
two_r8,eps1,42,0,0.25,local_reset,3.77475828373e-15,-493.150891871,228.204982746,156937.017192,855.131564648,4,-456.136431481,2508.02390122,4.8126797628,2.41228524898,3.91017399484,0.120471735669,0.109635416667,0.101699780351,0.13621669279,0.12322328629,0.121616417254,after_reset,19.3900338872,158858.007976,0.316640242192,9.25442844637,0.892865020263,0.316640242192,0.33380047586,0.234719660213,0.37365542799,0.324601148865,0.314772915933,0.0158040882929,0.356263269639,0.321111111111,0.307987220447,0.388087774295,0.372258064516,0.359976525822,942,90,313,319,310,852
two_r8,eps1,42,0,0.25,retained,5.12090370108e-15,-5963.1645943,3101.19880953,401926.515345,11612.9168254,10,-6080.51347752,20587.3486201,5.12270424495,2.5779872387,9.99819430412,0.156701997081,0.147439236111,0.12007038738,0.188149000784,0.161328125,0.157680457746,after_reset,29.1003407291,416241.822266,0.512547842752,14.9802100429,1.04831782017,0.512547842752,0.550032379787,0.374725079466,0.625648310966,0.503693615552,0.50842685032,0.0158040882929,0.453397027601,0.426666666667,0.383706070288,0.506269592476,0.46935483871,0.456220657277,942,90,313,319,310,852
two_r8,eps1,42,0,0.25,shared_reset,5.31519273039e-15,-6.16751317911e-07,-0.000933726291122,0.0123466563313,9.75617732064e-08,10,-1.93812230441e-05,13.9594392798,5.14573764487,2.57809538332,0.252138014449,0.000223925159236,0.00212673611111,0.00011232028754,0.000428585423197,0.000126008064516,2.29240023474e-05,after_reset,0.00348623701403,13.9698785852,0.00296932591524,0.0867843393066,1.04831782017,0.00296932591524,0.00960251703845,0.00136849906214,0.00455704590536,0.00187922971015,8.91166062075e-05,0.0158040882929,0.00127388535032,0.0122222222222,0.000958466453674,0.00156739811912,0.00129032258065,0.000117370892019,942,90,313,319,310,852
two_r8,eps1,42,0,0.25,local_reset,4.92314522482e-15,-6199.77341527,3291.2938444,410961.639341,11938.9677553,10,-6309.83759433,20553.0260631,5.12271464199,2.57796037626,9.99169748331,0.160711916136,0.151519097222,0.124126397764,0.192618534483,0.164818548387,0.161682988556,after_reset,29.4639725705,425016.998829,0.517922410107,15.137292253,1.04831782017,0.517922410107,0.554844165829,0.378885839364,0.631671755115,0.509487421008,0.513867331406,0.0158040882929,0.463269639066,0.442222222222,0.390095846645,0.522884012539,0.475806451613,0.465492957746,942,90,313,319,310,852
two_r8,eps1,42,0,1,retained,4.10782519111e-15,0,0,29600.2440238,0,-1,0,0,4.52572445909,2.25096945285,0,0.0583698248408,0.0586371527778,0.0575703873802,0.0596346003135,0.0578755040323,0.0583415859742,pulse,6.64082451245,29600.2440238,0.13668133077,1,0.764750029477,0.13668133077,0.13654454393,0.116610673692,0.150505084222,0.140461626453,0.136695772091,0.0158040882929,0.209872611465,0.207777777778,0.212460063898,0.201567398119,0.215806451613,0.210093896714,942,90,313,319,310,852
two_r8,eps1,42,0,1,retained,3.66373598126e-15,-42.7314235664,13.1926473641,66001.2330172,19.1094230401,0,-6.55515284287,203.284205491,4.52572445909,2.28483579835,1.12101689555,0.0845110138004,0.0820746527778,0.0797474041534,0.0890722962382,0.084627016129,0.0847683758803,before_reset,11.2755034232,66151.4387876,0.204329560149,1.49493393866,0.790898669102,0.204329560149,0.226043327755,0.164271652229,0.232290493357,0.209990749057,0.201899528185,0.0158040882929,0.3016985138,0.288888888889,0.282108626198,0.3065830721,0.316451612903,0.303051643192,942,90,313,319,310,852
two_r8,eps1,42,0,1,retained,3.66373598126e-15,-42.7314235664,13.1926473641,66001.2330172,19.1094230401,0,-6.55515284287,203.284205491,4.52572445909,2.28483579835,1.12101689555,0.0845110138004,0.0820746527778,0.0797474041534,0.0890722962382,0.084627016129,0.0847683758803,after_reset,11.2755034232,66151.4387876,0.204329560149,1.49493393866,0.790898669102,0.204329560149,0.226043327755,0.164271652229,0.232290493357,0.209990749057,0.201899528185,0.0158040882929,0.3016985138,0.288888888889,0.282108626198,0.3065830721,0.316451612903,0.303051643192,942,90,313,319,310,852
two_r8,eps1,42,0,1,shared_reset,3.26821902874e-15,0,0,0,0,0,0,203.284205491,4.52572445909,2.28483579835,1.12101689555,0.00121500132696,0.0127170138889,0.000549121405751,0.00215517241379,0.000919858870968,0,after_reset,0,203.284205491,0.0113269601142,0.0828713040063,0.790898669102,0.0113269601142,0.036645239793,0.00526888386431,0.0171173148362,0.00776709373577,0,0.0158040882929,0.00414012738854,0.0433333333333,0.00287539936102,0.00658307210031,0.00290322580645,0,942,90,313,319,310,852
two_r8,eps1,42,0,1,local_reset,3.66373598126e-15,0,0,66001.2330172,0,0,0,0,4.52572445909,2.2853126696,0,0.0843368497877,0.0802517361111,0.0797598841853,0.0887171826019,0.0844506048387,0.0847683758803,after_reset,11.2755034232,66001.2330172,0.204097449392,1.49323574948,0.790898669102,0.204097449392,0.223837760123,0.164203906778,0.231840544997,0.209869983843,0.201899528185,0.0158040882929,0.300318471338,0.274444444444,0.281150159744,0.30407523511,0.315806451613,0.303051643192,942,90,313,319,310,852
two_r8,eps1,42,0,1,retained,4.02455846427e-15,-142.416316776,72.8613739484,93425.878412,118.246236339,1,-53.7213660757,735.427057157,4.52572445909,2.32878138562,2.15361313333,0.09829485138,0.0952690972222,0.0883586261981,0.107844337774,0.0985005040323,0.0986144732981,after_reset,13.5374997904,94032.9990877,0.243613693744,1.78234797958,0.820097580313,0.243613693744,0.265535345884,0.191601163172,0.2806055439,0.249496480091,0.241181698946,0.0158040882929,0.333651804671,0.3,0.303833865815,0.345141065831,0.351935483871,0.33720657277,942,90,313,319,310,852
two_r8,eps1,42,0,1,shared_reset,5.21978293921e-15,-1.65957133681e-06,-0.00229379652564,0.0028043876774,7.14347537425e-07,1,0.000265899284211,208.973687737,4.52572445909,2.32920809366,1.1146236593,0.00104083731423,0.0108506944444,0.000499201277955,0.00183679467085,0.000768649193548,4.58480046948e-06,after_reset,0.00216441941337,208.972433726,0.0114843403078,0.0840227428513,0.820097580313,0.0114843403078,0.0371541794174,0.00534591842901,0.0174223182167,0.00771820472722,4.15906827199e-05,0.0158040882929,0.0036093418259,0.0366666666667,0.00223642172524,0.00470219435737,0.00387096774194,0.000117370892019,942,90,313,319,310,852
two_r8,eps1,42,0,1,local_reset,4.09394740331e-15,-78.9925204531,43.1606950012,93425.1696183,89.4536852581,1,-41.2993464187,521.855619018,4.52572445909,2.32921543651,1.83450837567,0.0983155851911,0.0954427083333,0.0883960662939,0.107856583072,0.0985131048387,0.0986190580986,after_reset,13.5374745419,93882.2165788,0.243418297334,1.78091840314,0.820097580313,0.243418297334,0.263660708135,0.191539308033,0.280242961733,0.249384247551,0.241180822508,0.0158040882929,0.333864118896,0.302222222222,0.30447284345,0.344200626959,0.352903225806,0.33720657277,942,90,313,319,310,852
two_r8,eps1,42,0,1,retained,3.30291349826e-15,-1176.30318259,585.066092698,240937.915078,1399.40916156,4,-667.133500273,3963.35155806,4.75411259758,2.40794563206,4.74535614038,0.146169221072,0.136284722222,0.13089057508,0.160584835423,0.146761592742,0.147213358275,after_reset,22.1119548762,243783.934617,0.392251031176,2.86982156939,0.892865020263,0.392251031176,0.42256337595,0.306749533973,0.455961492741,0.398241042698,0.388911081102,0.0158040882929,0.432484076433,0.41,0.38945686901,0.460188087774,0.447419354839,0.43485915493,942,90,313,319,310,852
two_r8,eps1,42,0,1,shared_reset,4.27435864481e-15,-1.77669469093e-05,-0.011273377774,0.0392311628955,6.80097259761e-06,4,0.000208193971856,209.485524044,4.84790512364,2.41170007832,1.0725836287,0.00104083731423,0.0105034722222,0.000399361022364,0.0019592476489,0.000743447580645,4.12632042254e-05,after_reset,0.00656938115383,209.502596106,0.0114988989468,0.0841292580487,0.892865020263,0.0114988989468,0.0371984026793,0.00538358430601,0.0175257563853,0.0075139528976,0.000156025882702,0.0158040882929,0.00435244161359,0.0433333333333,0.00159744408946,0.00752351097179,0.00387096774194,0.000234741784038,942,90,313,319,310,852
two_r8,eps1,42,0,1,local_reset,3.50761086843e-15,-1118.474442,553.653220746,240939.321437,1330.75556919,4,-637.798326899,3729.51963154,4.75412117705,2.40830478745,4.60603389538,0.146102872877,0.135546875,0.130778254792,0.160535854232,0.146723790323,0.147217943075,after_reset,22.1120374381,243594.357541,0.392098485714,2.86870550283,0.892865020263,0.392098485714,0.421068805977,0.306692607222,0.455661088171,0.398182640366,0.388912241104,0.0158040882929,0.432165605096,0.406666666667,0.38945686901,0.458934169279,0.447741935484,0.43485915493,942,90,313,319,310,852
two_r8,eps1,42,0,1,retained,5.02375918643e-15,-8265.23806589,4369.27361981,509579.11337,16499.2614332,10,-7878.36050601,26231.2418811,5.13321575403,2.57459769031,11.1438775654,0.179737261146,0.173177083333,0.14952326278,0.20663940047,0.182560483871,0.180430237676,after_reset,32.0091425027,528760.96678,0.577685207419,4.22651143478,1.04831782017,0.577685207419,0.622573637289,0.448580606345,0.687027859801,0.570259752838,0.572738063025,0.0158040882929,0.538110403397,0.502222222222,0.505111821086,0.569278996865,0.53935483871,0.541901408451,942,90,313,319,310,852
two_r8,eps1,42,0,1,shared_reset,5.74887359939e-15,-982.80568094,444.028320669,211999.801822,1865.48105279,10,-944.154037919,6279.91332619,5.07798332186,2.57618212234,5.38844840328,0.117058950372,0.110980902778,0.100426817093,0.130277723354,0.120249495968,0.117700997653,after_reset,20.9056510144,217179.333405,0.370229312675,2.70870433138,1.04831782017,0.370229312675,0.400260026053,0.284691824385,0.440207459928,0.367794533358,0.366913549278,0.0158040882929,0.343949044586,0.327777777778,0.300638977636,0.382131661442,0.348387096774,0.345657276995,942,90,313,319,310,852
two_r8,eps1,42,0,1,local_reset,4.17027523625e-15,-8221.26757605,4322.67495758,509583.984392,16298.7275113,10,-7786.29426725,25809.2949305,5.13318710966,2.5748761708,11.059889707,0.179625298567,0.172265625,0.149598142971,0.206321022727,0.182472278226,0.180402728873,after_reset,32.0091666204,528322.233062,0.577445493644,4.22475761973,1.04831782017,0.577445493644,0.62023365315,0.448514077395,0.686548304105,0.570169146037,0.572738977976,0.0158040882929,0.537048832272,0.492222222222,0.505111821086,0.566771159875,0.538709677419,0.541784037559,942,90,313,319,310,852
two_r8,eps1,42,1,0.25,retained,3.52495810318e-15,0,0,1837.84405348,0,-1,0,0,4.52572445909,2.25096945285,0,0.0150610403397,0.0156966743119,0.014901158147,0.0148780368339,0.0154107862903,0.0149778661465,pulse,1.65573783938,1837.84405348,0.034057744382,1,0.764750029477,0.034057744382,0.0348384545097,0.0292140125766,0.0373687526355,0.0350143907348,0.0339542585234,0.0158040882929,0.0577494692144,0.0623853211009,0.0517571884984,0.0608150470219,0.0606451612903,0.0571428571429,942,109,313,319,310,833
two_r8,eps1,42,1,0.25,retained,3.77475828373e-15,-2.46198181186,1.58543153022,17218.4756008,0.356072248743,0,-0.158708230937,11.7177224291,4.52572445909,2.29098175738,0.269162020326,0.044623308121,0.0440080275229,0.0418829872204,0.0462872257053,0.0456779233871,0.0447038190276,before_reset,6.77266941483,17228.4788784,0.104276157719,3.0617458558,0.792320751128,0.104276157719,0.108578718129,0.0841433016849,0.117041182174,0.108611733012,0.103699950588,0.0158040882929,0.132377919321,0.115596330275,0.118530351438,0.143887147335,0.134516129032,0.134573829532,942,109,313,319,310,833
two_r8,eps1,42,1,0.25,retained,3.77475828373e-15,-2.46198181186,1.58543153022,17218.4756008,0.356072248743,0,-0.158708230937,11.7177224291,4.52572445909,2.29098175738,0.269162020326,0.044623308121,0.0440080275229,0.0418829872204,0.0462872257053,0.0456779233871,0.0447038190276,after_reset,6.77266941483,17228.4788784,0.104276157719,3.0617458558,0.792320751128,0.104276157719,0.108578718129,0.0841433016849,0.117041182174,0.108611733012,0.103699950588,0.0158040882929,0.132377919321,0.115596330275,0.118530351438,0.143887147335,0.134516129032,0.134573829532,942,109,313,319,310,833
two_r8,eps1,42,1,0.25,shared_reset,4.45823933326e-15,0,0,0,0,0,0,11.7177224291,4.52572445909,2.29098175738,0.269162020326,0.000302713641189,0.00261611238532,0.000199680511182,0.000306132445141,0.000403225806452,0,after_reset,0,11.7177224291,0.00271946301011,0.0798485941879,0.792320751128,0.00271946301011,0.00799457458099,0.00146853074821,0.00371154935406,0.00247380794432,0,0.0158040882929,0.00127388535032,0.0110091743119,0.000958466453674,0.00156739811912,0.00129032258065,0,942,109,313,319,310,833
two_r8,eps1,42,1,0.25,local_reset,3.77475828373e-15,0,0,17218.4756008,0,0,0,0,4.52572445909,2.2911648239,0,0.0446979498408,0.0446530963303,0.041982827476,0.0463362068966,0.0457535282258,0.0447038190276,after_reset,6.77266941483,17218.4756008,0.104245880676,3.06085686435,0.792320751128,0.104245880676,0.108327171507,0.084141372196,0.116987031906,0.108584954378,0.103699950588,0.0158040882929,0.132377919321,0.115596330275,0.11821086262,0.143887147335,0.134838709677,0.134573829532,942,109,313,319,310,833
two_r8,eps1,42,1,0.25,retained,4.0800696155e-15,13.5526733221,-10.7946623493,40176.8876956,28.3710052699,1,-12.7366584054,141.947779302,4.52572445909,2.32533056329,0.964962387023,0.0628317409766,0.0581995412844,0.0562724640575,0.0675450626959,0.0646043346774,0.0634378751501,after_reset,10.331413039,40327.2491853,0.159536791027,4.68430290737,0.819674736441,0.159536791027,0.164886588983,0.124299325777,0.182116399081,0.166168835436,0.158823425316,0.0158040882929,0.199469214437,0.198165137615,0.175079872204,0.219749216301,0.203225806452,0.199639855942,942,109,313,319,310,833
two_r8,eps1,42,1,0.25,shared_reset,3.25434124093e-15,-1.59084612584e-08,-0.000589988602184,0.000291318013679,3.34603817312e-09,1,9.57876362463e-06,11.9402288328,4.52572445909,2.32512851317,0.266561454593,0.000306860403397,0.00254443807339,0.00022464057508,0.000342868338558,0.000352822580645,1.40681272509e-05,after_reset,0.000595032588177,11.9393593026,0.00274506140594,0.0806002116627,0.819674736441,0.00274506140594,0.00806974405896,0.00148188093951,0.00374231159238,0.00250381020466,1.32968221941e-05,0.0158040882929,0.00180467091295,0.0155963302752,0.000638977635783,0.00376175548589,0.000967741935484,0,942,109,313,319,310,833
two_r8,eps1,42,1,0.25,local_reset,4.10782519111e-15,17.9939648763,-12.7058081463,40176.849432,27.7142308142,1,-12.4062243755,130.154975461,4.52572445909,2.32549937295,0.927945267929,0.0628358877389,0.0582353784404,0.0563223841853,0.0674960815047,0.0646169354839,0.0634378751501,after_reset,10.3314097006,40320.482503,0.159523405784,4.68390989123,0.819674736441,0.159523405784,0.164775252254,0.124303371503,0.182090095272,0.166156393478,0.158823340964,0.0158040882929,0.198938428875,0.193577981651,0.174440894569,0.218808777429,0.203225806452,0.199639855942,942,109,313,319,310,833
two_r8,eps1,42,1,0.25,retained,4.15986689539e-15,-392.300646417,149.433540072,145687.374283,962.142242182,4,-416.283683851,2444.30555059,4.26772899884,2.42705544354,3.83047212994,0.109930666136,0.103461869266,0.0940495207668,0.120689655172,0.114894153226,0.110777123349,after_reset,18.6319644467,147775.520496,0.305395618334,8.96699484584,0.895919834314,0.305395618334,0.317886718511,0.239443621709,0.353343958593,0.31152045444,0.303723122495,0.0158040882929,0.336624203822,0.311926605505,0.279872204473,0.380564263323,0.348709677419,0.339855942377,942,109,313,319,310,833
two_r8,eps1,42,1,0.25,shared_reset,4.30211422042e-15,-8.49344580899e-08,-0.00165615462722,0.00135121769601,1.33875779456e-08,4,1.62461909832e-05,12.6940233665,4.26772899884,2.42807994743,0.261643317432,0.0002570992569,0.00218606651376,0.000124800319489,0.000318377742947,0.000327620967742,4.6893757503e-06,after_reset,0.0012375051397,12.6920946108,0.00283027218495,0.0831021618229,0.895919834314,0.00283027218495,0.00831994357662,0.00150959330416,0.00386129944181,0.0025880464156,2.89019092787e-05,0.0158040882929,0.000955414012739,0.00825688073394,0.000319488817891,0.00188087774295,0.000645161290323,0,942,109,313,319,310,833
two_r8,eps1,42,1,0.25,local_reset,3.98292510084e-15,-377.087462446,142.883961873,145688.344145,958.84215975,4,-414.918412973,2429.45589083,4.26772899884,2.42720463052,3.82000812002,0.109880904989,0.103103497706,0.0940120806709,0.120640673981,0.114831149194,0.110767744598,after_reset,18.6319724264,147778.398369,0.305398592052,8.96708215985,0.895919834314,0.305398592052,0.317903950159,0.239458015608,0.353344562146,0.311517437642,0.30372414385,0.0158040882929,0.336836518047,0.31376146789,0.279872204473,0.381504702194,0.348387096774,0.339855942377,942,109,313,319,310,833
two_r8,eps1,42,1,0.25,retained,5.3290705182e-15,-14094.386494,6242.20180668,405708.734739,21206.6551645,10,-8829.16436569,36157.1285084,12.8034249005,2.59660401298,15.8396383084,0.155744095011,0.151161123853,0.131227535942,0.174740399687,0.160950100806,0.156343787515,after_reset,29.156849848,429709.820306,0.520773878482,15.2909092464,1.05408579401,0.520773878482,0.52862697016,0.394911797022,0.633945200626,0.503086284169,0.519737503931,0.0158040882929,0.473566878981,0.456880733945,0.389776357827,0.545141065831,0.484516129032,0.47575030012,942,109,313,319,310,833
two_r8,eps1,42,1,0.25,shared_reset,4.76702011198e-15,-2.77870295266e-07,-0.00710664230207,0.00804296493686,5.51128503083e-08,10,4.26180396151e-05,12.571146989,13.4235853789,2.60172450035,0.239666908092,0.000223925159236,0.00182769495413,0.000137280351438,0.000220415360502,0.00031502016129,1.40681272509e-05,after_reset,0.00269376331303,12.5650614048,0.00281607268784,0.0826852376439,1.05408579401,0.00281607268784,0.00827584522997,0.00155120794336,0.00384546374631,0.00253994748645,7.70247734015e-05,0.0158040882929,0.000955414012739,0.00733944954128,0.000319488817891,0.0012539184953,0.00129032258065,0.000120048019208,942,109,313,319,310,833
two_r8,eps1,42,1,0.25,local_reset,5.3290705182e-15,-14061.6892224,6230.79593256,405711.6017,21194.2269766,10,-8824.02710119,36128.0754192,12.8031131668,2.59670452334,15.8355386227,0.155827030255,0.151842029817,0.131327376198,0.174875097962,0.160962701613,0.156348476891,after_reset,29.1568833628,429724.063313,0.520782509102,15.2911626578,1.05408579401,0.520782509102,0.528688497379,0.394922752125,0.633971472592,0.503070681836,0.51973909427,0.0158040882929,0.473673036093,0.457798165138,0.389776357827,0.545454545455,0.484516129032,0.47575030012,942,109,313,319,310,833
two_r8,eps1,42,1,1,retained,4.05231403988e-15,0,0,29455.2795168,0,-1,0,0,4.52572445909,2.25096945285,0,0.0589379312633,0.0602780963303,0.0598791932907,0.0580427115987,0.0589087701613,0.058762567527,pulse,6.6299206122,29455.2795168,0.13634622778,1,0.764750029477,0.13634622778,0.13947127359,0.116708352533,0.149840226197,0.140121102205,0.13593199277,0.0158040882929,0.194479830149,0.208256880734,0.18338658147,0.190282131661,0.21,0.192677070828,942,109,313,319,310,833
two_r8,eps1,42,1,1,retained,3.83026943496e-15,-37.5839291352,10.4646618574,58757.2118485,14.6412063542,0,-3.81485664923,193.705534091,4.52572445909,2.28977999842,1.09249067824,0.0800822717622,0.081063646789,0.0779253194888,0.0823496277429,0.0799269153226,0.0799538565426,before_reset,10.5423755751,58903.6903411,0.19281144307,1.41413111466,0.792320751128,0.19281144307,0.212426165631,0.155264303725,0.219944159512,0.197098096176,0.19009512518,0.0158040882929,0.253184713376,0.242201834862,0.220447284345,0.274921630094,0.263870967742,0.254621848739,942,109,313,319,310,833
two_r8,eps1,42,1,1,retained,3.83026943496e-15,-37.5839291352,10.4646618574,58757.2118485,14.6412063542,0,-3.81485664923,193.705534091,4.52572445909,2.28977999842,1.09249067824,0.0800822717622,0.081063646789,0.0779253194888,0.0823496277429,0.0799269153226,0.0799538565426,after_reset,10.5423755751,58903.6903411,0.19281144307,1.41413111466,0.792320751128,0.19281144307,0.212426165631,0.155264303725,0.219944159512,0.197098096176,0.19009512518,0.0158040882929,0.253184713376,0.242201834862,0.220447284345,0.274921630094,0.263870967742,0.254621848739,942,109,313,319,310,833
two_r8,eps1,42,1,1,shared_reset,3.38964967206e-15,0,0,0,0,0,0,193.705534091,4.52572445909,2.28977999842,1.09249067824,0.00104083731423,0.00899512614679,0.000773761980831,0.00116330329154,0.00118447580645,0,after_reset,0,193.705534091,0.0110568792591,0.0810941339499,0.792320751128,0.0110568792591,0.0325045957755,0.00605450111421,0.0150350562637,0.0100930025241,0,0.0158040882929,0.0052016985138,0.0449541284404,0.0038338658147,0.00595611285266,0.0058064516129,0,942,109,313,319,310,833
two_r8,eps1,42,1,1,local_reset,3.83026943496e-15,0,0,58757.2118485,0,0,0,0,4.52572445909,2.2911648239,0,0.0799827494692,0.0802035550459,0.0778379592652,0.082092476489,0.0799773185484,0.0799538565426,after_reset,10.5423755751,58757.2118485,0.19257155734,1.41237172804,0.792320751128,0.19257155734,0.210537223753,0.155278221818,0.219447877499,0.196943561615,0.19009512518,0.0158040882929,0.252972399151,0.240366972477,0.220766773163,0.273040752351,0.264838709677,0.254621848739,942,109,313,319,310,833
two_r8,eps1,42,1,1,retained,3.52495810318e-15,-63.1043063775,10.8589475803,86331.6200305,76.1928568278,1,-28.540308647,542.805418871,4.52572445909,2.32351456883,1.83359147453,0.0940236863057,0.0923165137615,0.0872104632588,0.0987460815047,0.0960433467742,0.0942470738295,after_reset,13.1713639406,86789.0469713,0.234042114179,1.71652797433,0.819674736441,0.234042114179,0.253021687761,0.182474485894,0.271888740465,0.238240769718,0.231443465495,0.0158040882929,0.301804670913,0.27247706422,0.25750798722,0.339498432602,0.307741935484,0.305642256903,942,109,313,319,310,833
two_r8,eps1,42,1,1,shared_reset,3.75914577244e-15,-2.9691935647e-06,-0.0119971372591,0.00495187341756,9.3633991442e-07,1,0.00087580544538,197.376785667,4.52572445909,2.32399132146,1.08191696615,0.00117353370488,0.0099627293578,0.000811202076677,0.00144494514107,0.00126008064516,2.34468787515e-05,after_reset,0.00244447685148,197.359489875,0.0111606775242,0.0818554184149,0.819674736441,0.0111606775242,0.0328093879725,0.00611313454331,0.01516398961,0.0102053594408,5.48216769869e-05,0.0158040882929,0.00583864118896,0.0495412844037,0.00479233226837,0.00877742946708,0.00387096774194,0.000120048019208,942,109,313,319,310,833
two_r8,eps1,42,1,1,local_reset,3.51108031538e-15,-11.9427530957,-8.98331833594,86331.1655327,54.8164366785,1,-21.134171229,340.701946708,4.52572445909,2.32482035566,1.46909997502,0.0940278330679,0.0923165137615,0.0873727036741,0.0987460815047,0.0958921370968,0.0942517632053,after_reset,13.1713242368,86642.5634307,0.233844521298,1.71507877486,0.819674736441,0.233844521298,0.251442200753,0.18252560111,0.271441538352,0.238136363143,0.23144284736,0.0158040882929,0.302123142251,0.275229357798,0.258466453674,0.338871473354,0.308387096774,0.305642256903,942,109,313,319,310,833
two_r8,eps1,42,1,1,retained,3.77475828373e-15,-562.173661316,163.779691737,191779.37624,1430.8004804,4,-631.494930506,3914.46334287,4.26772899884,2.42558164737,4.82895814586,0.130237360669,0.124319094037,0.110223642173,0.14531494906,0.134929435484,0.131011779712,after_reset,20.1799943373,195064.862263,0.350873909258,2.57340386288,0.895919834314,0.350873909258,0.370260234419,0.26389127514,0.416585994531,0.353847928945,0.348257327306,0.0158040882929,0.382908704883,0.361467889908,0.308626198083,0.44263322884,0.396451612903,0.385714285714,942,109,313,319,310,833
two_r8,eps1,42,1,1,shared_reset,4.54324078358e-15,-1.43291506998e-05,-0.0383837812719,0.024885217845,3.95383281572e-06,4,0.00209007449786,209.111221623,4.26772899884,2.42703189564,1.06061531058,0.00108230493631,0.00903096330275,0.000748801916933,0.00128575626959,0.00120967741935,4.22043817527e-05,after_reset,0.00519544306356,209.063494723,0.0114868422206,0.0842475982477,0.895919834314,0.0114868422206,0.0337668464143,0.00620154502367,0.0156270519232,0.0105273152409,0.00012393948361,0.0158040882929,0.00488322717622,0.0412844036697,0.00255591054313,0.00721003134796,0.00483870967742,0.000120048019208,942,109,313,319,310,833
two_r8,eps1,42,1,1,local_reset,4.37497260641e-15,-466.871998834,117.037850629,191785.234323,1373.2037861,4,-606.094351844,3667.47011373,4.26772899884,2.42675737789,4.68796732206,0.130150278662,0.123602350917,0.110298522364,0.145070043103,0.134841229839,0.131007090336,after_reset,20.1799264514,194914.051222,0.350738246969,2.57240887908,0.895919834314,0.350738246969,0.369112026606,0.263931864851,0.416259176738,0.353804444236,0.348262281006,0.0158040882929,0.382802547771,0.359633027523,0.308945686901,0.442006269592,0.396451612903,0.385834333733,942,109,313,319,310,833
two_r8,eps1,42,1,1,retained,9.7699626167e-15,4225.45490146,-3595.12951132,431819.741647,47504.4157672,10,-28278.6751287,128441.070591,26.699615792,2.60560802678,23.8823149002,0.162159136146,0.159618692661,0.135595547125,0.184475411442,0.166015625,0.162491559124,after_reset,29.225855316,552468.528528,0.590493776279,4.33084058059,1.05408579401,0.590493776279,0.555538585585,0.397079663738,0.783182752512,0.518811228189,0.594915805624,0.0158040882929,0.483121019108,0.454128440367,0.377955271565,0.567711598746,0.502258064516,0.486914765906,942,109,313,319,310,833
two_r8,eps1,42,1,1,shared_reset,4.4408920985e-15,-1871.18953991,339.272768401,103851.774651,1458.66057272,10,-79.5336316271,16698.0745004,11.4261202832,2.59895690374,9.91452089026,0.0771588044055,0.0747563073394,0.0608775958466,0.0898192594044,0.0805695564516,0.0774731767707,after_reset,15.3887509792,118785.608918,0.273806319194,2.00816937625,1.05408579401,0.273806319194,0.261100938612,0.180530500771,0.35537493569,0.254847470274,0.275425487469,0.0158040882929,0.244055201699,0.23119266055,0.184664536741,0.29592476489,0.25064516129,0.245738295318,942,109,313,319,310,833
two_r8,eps1,42,1,1,local_reset,1.31006316906e-14,4408.57883883,-3681.74734666,431813.237509,47322.9821309,10,-28198.0121534,128049.386446,26.699734274,2.60650143482,23.8441096129,0.162101081476,0.159081135321,0.135545626997,0.184414184953,0.165952620968,0.162496248499,after_reset,29.2252264609,552243.244764,0.590373369216,4.32995748273,1.05408579401,0.590373369216,0.554478641785,0.397132261457,0.782981415273,0.518666883625,0.594910061204,0.0158040882929,0.483439490446,0.456880733945,0.378594249201,0.56802507837,0.502258064516,0.486914765906,942,109,313,319,310,833
two_r8,eps1,7,0,0.25,retained,3.0114799543e-15,0,0,1872.83773362,0,-1,0,0,4.05875530995,2.26886596668,0,0.0138750663482,0.0141915137615,0.0135782747604,0.0141555642633,0.0138860887097,0.0138336584634,pulse,1.64600247009,1872.83773362,0.0343804556611,1,0.78790677525,0.0343804556611,0.0339583962355,0.0316682947029,0.035853311288,0.0354462511274,0.0344353003898,0.0158040882929,0.0650743099788,0.0605504587156,0.0642172523962,0.0699059561129,0.0609677419355,0.0656662665066,942,109,313,319,310,833
two_r8,eps1,7,0,0.25,retained,3.35842464949e-15,-8.17731359812,4.51466631172,40066.4600501,0.81732807666,0,-0.421970368343,12.8676292902,4.05875530995,2.31475911891,0.285424220898,0.0589213442144,0.0572677752294,0.0471745207668,0.0705818965517,0.0587827620968,0.059137717587,before_reset,9.43931220157,40071.9757722,0.159031051665,4.62562373322,0.818297440045,0.159031051665,0.166226359749,0.117461672395,0.189528324706,0.161111788547,0.158065296919,0.0158040882929,0.215180467091,0.194495412844,0.155910543131,0.269592476489,0.219032258065,0.217887154862,942,109,313,319,310,833
two_r8,eps1,7,0,0.25,retained,3.35842464949e-15,-8.17731359812,4.51466631172,40066.4600501,0.81732807666,0,-0.421970368343,12.8676292902,4.05875530995,2.31475911891,0.285424220898,0.0589213442144,0.0572677752294,0.0471745207668,0.0705818965517,0.0587827620968,0.059137717587,after_reset,9.43931220157,40071.9757722,0.159031051665,4.62562373322,0.818297440045,0.159031051665,0.166226359749,0.117461672395,0.189528324706,0.161111788547,0.158065296919,0.0158040882929,0.215180467091,0.194495412844,0.155910543131,0.269592476489,0.219032258065,0.217887154862,942,109,313,319,310,833
two_r8,eps1,7,0,0.25,shared_reset,3.19536064275e-15,0,0,0,0,0,0,12.8676292902,4.05875530995,2.31475911891,0.285424220898,0.000203191348195,0.0017560206422,0.000124800319489,0.000367358934169,0.000113407258065,0,after_reset,0,12.8676292902,0.00284977664656,0.0828894379601,0.818297440045,0.00284977664656,0.0083776656845,0.00146962886759,0.00411435123544,0.00225344173405,0,0.0158040882929,0.00180467091295,0.0155963302752,0.000958466453674,0.00282131661442,0.00161290322581,0,942,109,313,319,310,833
two_r8,eps1,7,0,0.25,local_reset,3.35842464949e-15,0,0,40066.4600501,0,0,0,0,4.05875530995,2.31483285967,0,0.0589752521231,0.0577336582569,0.0472494009585,0.0706431230408,0.0588079637097,0.059137717587,after_reset,9.43931220157,40066.4600501,0.159020106344,4.62530537442,0.818297440045,0.159020106344,0.16613584106,0.117455587125,0.189507471871,0.161108680548,0.158065296919,0.0158040882929,0.214755838641,0.190825688073,0.155910543131,0.268965517241,0.218387096774,0.217887154862,942,109,313,319,310,833
two_r8,eps1,7,0,0.25,retained,2.90045765183e-15,-38.6581343835,15.1837642495,52254.2936344,53.9950448166,1,-28.0513166878,347.955831382,4.05875530995,2.35340310973,1.48068316423,0.0631842157643,0.0598838876147,0.0483601238019,0.0775862068966,0.0633316532258,0.0636160714286,after_reset,10.7965400167,52553.193137,0.182121453339,5.29723791721,0.849408871196,0.182121453339,0.187520410716,0.132736748757,0.218941966274,0.183498742039,0.181403098868,0.0158040882929,0.240870488323,0.235779816514,0.184984025559,0.298119122257,0.238387096774,0.241536614646,942,109,313,319,310,833
two_r8,eps1,7,0,0.25,shared_reset,4.17287732146e-15,-3.07496949099e-08,-0.000290748346637,0.000591283804204,4.51455142979e-09,1,-2.79815830994e-06,13.1219330954,4.05875530995,2.35348274573,0.282783047669,0.000306860403397,0.00265194954128,0.000149760383387,0.000489811912226,0.000277217741935,0,after_reset,0.000685020842555,13.1219372292,0.00287779948695,0.0837045185008,0.849408871196,0.00287779948695,0.00845988468019,0.00149098525446,0.00414710862364,0.00228547608782,1.89088355931e-05,0.0158040882929,0.00169851380042,0.0137614678899,0.00127795527157,0.00219435736677,0.00161290322581,0.000120048019208,942,109,313,319,310,833
two_r8,eps1,7,0,0.25,local_reset,3.10862446895e-15,-28.7175525412,9.76828292734,52254.2705501,53.263074834,1,-27.7407904439,334.722645398,4.05875530995,2.35348446197,1.45435369538,0.0631593351911,0.0596688646789,0.04834764377,0.0774392633229,0.063419858871,0.0636160714286,after_reset,10.7965389875,52548.8761503,0.182113972994,5.2970203417,0.849408871196,0.182113972994,0.187457842996,0.132728717612,0.218915854502,0.183514105293,0.181403068187,0.0158040882929,0.240976645435,0.236697247706,0.185303514377,0.297805642633,0.238709677419,0.241536614646,942,109,313,319,310,833
two_r8,eps1,7,0,0.25,retained,3.26128013484e-15,-385.561592206,102.086864584,144518.298451,896.239640982,4,-452.261905115,3303.7244924,4.23865475787,2.45813576109,4.37411857118,0.099410330414,0.0934274655963,0.0732203474441,0.12639596395,0.0980846774194,0.100193202281,after_reset,17.6728047197,147246.789319,0.304848785958,8.8669210485,0.926387626765,0.304848785958,0.318249016995,0.212150103855,0.376411491032,0.301916307118,0.303051498033,0.0158040882929,0.363163481953,0.349541284404,0.274121405751,0.463009404389,0.350322580645,0.364945978391,942,109,313,319,310,833
two_r8,eps1,7,0,0.25,shared_reset,4.51028103754e-15,-3.19151996688e-07,-0.0027364866536,0.0040522465041,3.58956295877e-08,4,-1.55017322795e-05,12.5330340313,4.05875530995,2.45812800558,0.265856162007,0.000327594214437,0.00272362385321,0.000187200479233,0.000502057210031,0.000289818548387,1.40681272509e-05,after_reset,0.00206964945317,12.5315816986,0.00281231846133,0.0817999182166,0.926387626765,0.00281231846133,0.0082663817551,0.00149844331806,0.00401390807412,0.00227756317542,5.02210300626e-05,0.0158040882929,0.00138004246285,0.0119266055046,0.000638977635783,0.0012539184953,0.00225806451613,0,942,109,313,319,310,833
two_r8,eps1,7,0,0.25,local_reset,3.48159001629e-15,-365.07670255,91.0838098318,144519.191358,891.706813796,4,-450.263428559,3283.86050559,4.23865011148,2.45823105859,4.36109963421,0.0994020368896,0.0932841169725,0.073232827476,0.126420454545,0.0980216733871,0.100202581032,after_reset,17.6727950874,147246.246034,0.30484822357,8.86690469071,0.926387626765,0.30484822357,0.318237186782,0.212155599512,0.376378856268,0.301952546839,0.303052483894,0.0158040882929,0.363269639066,0.350458715596,0.274121405751,0.462695924765,0.350967741935,0.364945978391,942,109,313,319,310,833
two_r8,eps1,7,0,0.25,retained,3.9135361618e-15,-3116.50082592,1135.72560493,353633.633363,9935.63123311,10,-5036.09631142,20122.5951838,4.43438449701,2.61925739434,9.87964110177,0.127828091826,0.12277809633,0.0889327076677,0.167087088558,0.126701108871,0.128488895558,after_reset,26.9376158007,369658.116715,0.483016176939,14.0491499502,1.08217632315,0.483016176939,0.490790264578,0.345294846877,0.590663945903,0.479113648643,0.481989642227,0.0158040882929,0.46932059448,0.455963302752,0.347603833866,0.587774294671,0.470322580645,0.471068427371,942,109,313,319,310,833
two_r8,eps1,7,0,0.25,shared_reset,4.13373762304e-15,-1.39493279074e-06,-0.00603746773798,0.0126011962698,1.28575137683e-07,10,-2.63592409481e-05,12.8086013813,4.28154002658,2.61919820859,0.247718445464,0.00021563163482,0.00168434633028,0.000137280351438,0.000355113636364,0.000151209677419,2.34468787515e-05,after_reset,0.00417618539727,12.8090722623,0.00284328497937,0.0827006194275,1.08217632315,0.00284328497937,0.0083547647919,0.00154437345871,0.00407864095581,0.00224483947676,9.13649928423e-05,0.0158040882929,0.00127388535032,0.0110091743119,0,0.00219435736677,0.00161290322581,0,942,109,313,319,310,833
two_r8,eps1,7,0,0.25,local_reset,4.02455846427e-15,-3065.61601139,1106.89598945,353635.47787,9923.88521902,10,-5029.98442516,20094.0197082,4.43438548803,2.61934686216,9.87271915962,0.12783638535,0.122921444954,0.0889451876997,0.167062597962,0.12673891129,0.128479516807,after_reset,26.9377499295,369675.973903,0.483027843403,14.0494892844,1.08217632315,0.483027843403,0.490871621175,0.345303805793,0.590651433412,0.479158740898,0.481992022549,0.0158040882929,0.46932059448,0.45504587156,0.347284345048,0.588087774295,0.470322580645,0.47118847539,942,109,313,319,310,833
two_r8,eps1,7,0,1,retained,2.67841304691e-15,0,0,29848.2951479,0,-1,0,0,4.05875530995,2.26886596668,0,0.0557366308386,0.0569452408257,0.056147663738,0.0563651057994,0.0546748991935,0.0555784813926,pulse,6.57516061199,29848.2951479,0.137252833233,1,0.78790677525,0.137252833233,0.135550911679,0.126449129389,0.143059522231,0.141562447732,0.137473974769,0.0158040882929,0.219957537155,0.219266055046,0.217252396166,0.223824451411,0.218709677419,0.220048019208,942,109,313,319,310,833
two_r8,eps1,7,0,1,retained,3.5527136788e-15,-47.5146761185,1.9542162347,62662.6488991,16.7142012954,0,-5.66298925233,207.192041928,4.05875530995,2.31384925141,1.1463618363,0.0762589570064,0.0749713302752,0.0671051317891,0.0855701410658,0.075919858871,0.0764274459784,before_reset,10.4531001852,62784.1082441,0.19906110839,1.45032422065,0.818297440045,0.19906110839,0.21501191506,0.165110845058,0.223605739752,0.203551760351,0.196878316471,0.0158040882929,0.276539278132,0.260550458716,0.226517571885,0.319749216301,0.282580645161,0.278631452581,942,109,313,319,310,833
two_r8,eps1,7,0,1,retained,3.5527136788e-15,-47.5146761185,1.9542162347,62662.6488991,16.7142012954,0,-5.66298925233,207.192041928,4.05875530995,2.31384925141,1.1463618363,0.0762589570064,0.0749713302752,0.0671051317891,0.0855701410658,0.075919858871,0.0764274459784,after_reset,10.4531001852,62784.1082441,0.19906110839,1.45032422065,0.818297440045,0.19906110839,0.21501191506,0.165110845058,0.223605739752,0.203551760351,0.196878316471,0.0158040882929,0.276539278132,0.260550458716,0.226517571885,0.319749216301,0.282580645161,0.278631452581,942,109,313,319,310,833
two_r8,eps1,7,0,1,shared_reset,3.01494940125e-15,0,0,0,0,0,0,207.192041928,4.05875530995,2.31384925141,1.1463618363,0.00106571788747,0.00921014908257,0.000499201277955,0.00180005877743,0.000882056451613,0,after_reset,0,207.192041928,0.0114353138371,0.0833156851324,0.818297440045,0.0114353138371,0.0336171034458,0.00588822918976,0.0165219352417,0.00902523994349,0,0.0158040882929,0.00456475583864,0.0394495412844,0.00191693290735,0.00752351097179,0.0041935483871,0,942,109,313,319,310,833
two_r8,eps1,7,0,1,local_reset,3.5527136788e-15,0,0,62662.6488991,0,0,0,0,4.05875530995,2.31483285967,0,0.076271397293,0.0750788417431,0.0671176118211,0.0855946316614,0.075919858871,0.0764274459784,after_reset,10.4531001852,62662.6488991,0.198868467791,1.44892067513,0.818297440045,0.198868467791,0.213465770003,0.165096069324,0.223170613185,0.203483056062,0.196878316471,0.0158040882929,0.276326963907,0.25871559633,0.226517571885,0.319122257053,0.282580645161,0.278631452581,942,109,313,319,310,833
two_r8,eps1,7,0,1,retained,3.44169137634e-15,-153.351162169,36.5348220732,94624.5850898,92.2452681446,1,-40.2773072509,642.131339536,4.05875530995,2.35132752448,1.99738009668,0.0895161557856,0.0844323394495,0.0721221046326,0.105885090125,0.090234375,0.090181385054,after_reset,13.2888136834,95044.7744028,0.244920803179,1.78444989011,0.849408871196,0.244920803179,0.260098746441,0.189949212527,0.285666336888,0.248749539927,0.242864562982,0.0158040882929,0.30923566879,0.289908256881,0.243769968051,0.367398119122,0.315483870968,0.311764705882,942,109,313,319,310,833
two_r8,eps1,7,0,1,shared_reset,3.26474958179e-15,-6.21113197294e-06,-0.00344712583189,0.00975593575334,1.20769839042e-06,1,-2.86387496007e-05,210.974551573,4.05875530995,2.3525711874,1.13514241105,0.0011320660828,0.00974770642202,0.000574081469649,0.00182454937304,0.000982862903226,4.6893757503e-06,after_reset,0.00278572798307,210.977344765,0.0115392999911,0.0840733099591,0.849408871196,0.0115392999911,0.0339221334607,0.00598093870101,0.0166354534732,0.00915042523632,7.68092498868e-05,0.0158040882929,0.00467091295117,0.0385321100917,0.00319488817891,0.00626959247649,0.00451612903226,0.000240096038415,942,109,313,319,310,833
two_r8,eps1,7,0,1,local_reset,2.72004641033e-15,-98.1076084697,18.4915908814,94624.3256835,65.4255847769,1,-29.9301089852,424.820305091,4.05875530995,2.35232080066,1.63261541627,0.0894000464437,0.0834647362385,0.0721595447284,0.105725901254,0.0900075604839,0.0901766956783,after_reset,13.2887851459,94895.4793202,0.244728368391,1.78304784409,0.849408871196,0.244728368391,0.25853074552,0.189886547292,0.285259619183,0.248702612703,0.242864265419,0.0158040882929,0.30923566879,0.289908256881,0.244089456869,0.366771159875,0.315806451613,0.311764705882,942,109,313,319,310,833
two_r8,eps1,7,0,1,retained,3.68802210993e-15,-1164.90308707,285.873236246,191908.854891,1557.00563847,4,-684.046148297,5541.12647245,4.13247893246,2.45298927869,5.64176909711,0.113836916136,0.108443233945,0.0910168730032,0.137857562696,0.112159778226,0.114542692077,after_reset,19.2141392814,195880.835004,0.351607010952,2.56174683371,0.926387626765,0.351607010952,0.372001181838,0.262468663378,0.420855913,0.351922849004,0.348850184514,0.0158040882929,0.391507430998,0.378899082569,0.29392971246,0.488401253918,0.390322580645,0.393157262905,942,109,313,319,310,833
two_r8,eps1,7,0,1,shared_reset,3.57526508399e-15,-4.26705720833e-05,-0.0444261597176,0.0633735961686,9.07908946939e-06,4,-0.000522577984617,201.700977608,4.05875530995,2.45720767061,1.06726271435,0.00110718550955,0.00924598623853,0.000686401757188,0.0017265869906,0.000894657258065,4.22043817527e-05,after_reset,0.00817564801561,201.674377466,0.0112820213017,0.0821988226835,0.926387626765,0.0112820213017,0.0331619202309,0.00597869688975,0.0161092910512,0.00914576430439,0.000198495123044,0.0158040882929,0.00445859872611,0.0366972477064,0.00255591054313,0.00501567398119,0.0058064516129,0.000240096038415,942,109,313,319,310,833
two_r8,eps1,7,0,1,local_reset,3.56832619008e-15,-1056.37958205,254.625876948,191906.58202,1471.0871198,4,-647.711234055,5235.55962479,4.13247172547,2.45393040894,5.48182600124,0.113691779459,0.107439793578,0.0909669528754,0.137453467868,0.112184979839,0.114509866447,after_reset,19.2139249498,195714.298886,0.351457512616,2.56065761514,0.926387626765,0.351457512616,0.370792766389,0.262466869023,0.420446606613,0.3519738639,0.348848167988,0.0158040882929,0.391401273885,0.377981651376,0.294249201278,0.488401253918,0.389677419355,0.393157262905,942,109,313,319,310,833
two_r8,eps1,7,0,1,retained,3.91006671485e-15,-8359.30613118,2615.20692457,440934.309448,15181.8724258,10,-7232.08625292,26046.2532536,4.34507837188,2.61132039279,11.2644203616,0.148284069798,0.145247993119,0.113555810703,0.184254996082,0.146333165323,0.148681347539,after_reset,28.939932968,456210.064209,0.536591740828,3.90951303657,1.08217632315,0.536591740828,0.556575983666,0.405466914267,0.644580834903,0.530468160573,0.533921416662,0.0158040882929,0.493099787686,0.485321100917,0.358466453674,0.620689655172,0.497741935484,0.494117647059,942,109,313,319,310,833
two_r8,eps1,7,0,1,shared_reset,3.77475828373e-15,-0.00013515918135,-0.0968736956919,0.191075006802,3.14399493092e-05,10,-0.000374090726585,206.225202762,4.28155138538,2.61839032765,0.99439702213,0.000933021496815,0.00748996559633,0.00044928115016,0.00157964341693,0.000756048387097,7.50300120048e-05,after_reset,0.0161979590845,206.221543317,0.0114085005907,0.0831203285351,1.08217632315,0.0114085005907,0.0335238905161,0.00615905415303,0.0163703550074,0.00902385650942,0.000355332729572,0.0158040882929,0.00392781316348,0.0330275229358,0.00223642172524,0.00564263322884,0.00387096774194,0.000120048019208,942,109,313,319,310,833
two_r8,eps1,7,0,1,local_reset,4.57966997658e-15,-7820.54030224,2226.56202319,435402.819267,14952.2102243,10,-7010.62823219,25595.92217,4.34508459599,2.61202835541,11.1646860834,0.148002089968,0.143742832569,0.113356130192,0.18331210815,0.146648185484,0.14855942377,after_reset,28.834225796,450741.738639,0.533366138769,3.88601186735,1.08217632315,0.533366138769,0.553001623518,0.404354293994,0.639441404197,0.527834795838,0.530743045083,0.0158040882929,0.494479830149,0.484403669725,0.352396166134,0.624137931034,0.504516129032,0.495798319328,942,109,313,319,310,833
two_r8,eps1,7,1,0.25,retained,3.68455266297e-15,0,0,1895.89188482,0,-1,0,0,4.05875530995,2.26886596668,0,0.0118638866773,0.0117582070707,0.0109574680511,0.012661637931,0.0119581653226,0.0118762974496,pulse,1.66096898542,1895.89188482,0.0345914157177,1,0.78790677525,0.0345914157177,0.0344321658051,0.0316918822281,0.0361502575491,0.0357370952779,0.0346100695856,0.0158040882929,0.0602972399151,0.0555555555556,0.0536741214058,0.0702194357367,0.0567741935484,0.0608540925267,942,99,313,319,310,843
two_r8,eps1,7,1,0.25,retained,3.0184188482e-15,-2.10064012161,-0.311400195396,38078.3308845,1.01426438602,0,-0.448276722478,14.6742405011,4.12079993649,2.3152222557,0.309060546959,0.0545962712314,0.0503866792929,0.0406225039936,0.0683042711599,0.0545992943548,0.055090636121,before_reset,9.36820476836,38088.2987553,0.155044848272,4.48217700997,0.818564419905,0.155044848272,0.167637570741,0.105496117562,0.189706817085,0.157405874109,0.153498217075,0.0158040882929,0.216878980892,0.19595959596,0.153354632588,0.276802507837,0.21935483871,0.219335705813,942,99,313,319,310,843
two_r8,eps1,7,1,0.25,retained,3.0184188482e-15,-2.10064012161,-0.311400195396,38078.3308845,1.01426438602,0,-0.448276722478,14.6742405011,4.12079993649,2.3152222557,0.309060546959,0.0545962712314,0.0503866792929,0.0406225039936,0.0683042711599,0.0545992943548,0.055090636121,after_reset,9.36820476836,38088.2987553,0.155044848272,4.48217700997,0.818564419905,0.155044848272,0.167637570741,0.105496117562,0.189706817085,0.157405874109,0.153498217075,0.0158040882929,0.216878980892,0.19595959596,0.153354632588,0.276802507837,0.21935483871,0.219335705813,942,99,313,319,310,843
two_r8,eps1,7,1,0.25,shared_reset,3.33500588257e-15,0,0,0,0,0,0,14.6742405011,4.12079993649,2.3152222557,0.309060546959,0.000348328025478,0.00331439393939,0.000212160543131,0.000551038401254,0.000277217741935,0,after_reset,0,14.6742405011,0.00304326218216,0.0879773816428,0.818564419905,0.00304326218216,0.00938744106019,0.00130186674883,0.00465429689777,0.00203474629381,0,0.0158040882929,0.0015923566879,0.0151515151515,0.000319488817891,0.00376175548589,0.000645161290323,0,942,99,313,319,310,843
two_r8,eps1,7,1,0.25,local_reset,3.0184188482e-15,0,0,38078.3308845,0,0,0,0,4.12726935066,2.31532290982,0,0.0545796841826,0.0502288510101,0.0406100239617,0.0682675352665,0.0545992943548,0.055090636121,after_reset,9.36820476836,38078.3308845,0.155024558994,4.48159046914,0.818564419905,0.155024558994,0.167458933782,0.105500095745,0.189669702221,0.157388481844,0.153498217075,0.0158040882929,0.217091295117,0.19797979798,0.153354632588,0.277115987461,0.219677419355,0.219335705813,942,99,313,319,310,843
two_r8,eps1,7,1,0.25,retained,2.84841594755e-15,-63.9381854426,15.6498607053,72038.6484049,86.7899904683,1,-37.5083624768,420.843037945,4.12079993649,2.35192200671,1.63823027667,0.0736382032909,0.0666824494949,0.0555111821086,0.0905907131661,0.0744959677419,0.0744550711744,after_reset,12.8180553331,72374.6880589,0.213724793096,6.17855004376,0.845730239979,0.213724793096,0.231923644451,0.147099098268,0.260763756396,0.216757105338,0.211484829803,0.0158040882929,0.297133757962,0.267676767677,0.215335463259,0.373981191223,0.30064516129,0.30059311981,942,99,313,319,310,843
two_r8,eps1,7,1,0.25,shared_reset,3.23699400617e-15,-3.5010945999e-09,0.000325605610164,0.000554541296864,6.56499129953e-09,1,2.4248363473e-06,14.7535556122,4.12079993649,2.35182633338,0.3046813154,0.000223925159236,0.00213068181818,7.48801916933e-05,0.000440830721003,0.000151209677419,0,after_reset,0.000777507025281,14.754766214,0.00305160079361,0.088218441781,0.845730239979,0.00305160079361,0.00941301010232,0.00130901741239,0.00466973362828,0.00203166592538,1.83783458659e-05,0.0158040882929,0.00148619957537,0.0131313131313,0.000958466453674,0.00282131661442,0.000645161290323,0.00011862396204,942,99,313,319,310,843
two_r8,eps1,7,1,0.25,local_reset,3.5527136788e-15,-61.9780505464,14.0162469943,72038.4305971,84.2375298949,1,-36.3818121629,402.028151012,4.12726935066,2.35202099073,1.60244056763,0.0736340565287,0.0667219065657,0.0555361421725,0.0905417319749,0.0745085685484,0.0744458036773,after_reset,12.8180422615,72356.0090466,0.213697211453,6.17775268862,0.845730239979,0.213697211453,0.231684357558,0.147105647537,0.260711378201,0.21673481677,0.211484485845,0.0158040882929,0.297346072187,0.269696969697,0.215015974441,0.374921630094,0.30064516129,0.30059311981,942,99,313,319,310,843
two_r8,eps1,7,1,0.25,retained,3.69496100383e-15,-473.846501731,297.649801766,172229.427509,1347.8394814,4,-652.103580483,3645.18519009,4.40661415356,2.4690990255,4.58573244597,0.108014861996,0.106178977273,0.0793106030351,0.136351391066,0.107837701613,0.108230464116,after_reset,19.4257466997,175565.85162,0.332875304415,9.62306102565,0.93428140081,0.332875304415,0.36465597605,0.23546196835,0.403651515124,0.336248996158,0.32894164738,0.0158040882929,0.403715498938,0.392929292929,0.321405750799,0.477429467085,0.410967741935,0.404982206406,942,99,313,319,310,843
two_r8,eps1,7,1,0.25,shared_reset,3.54057061447e-15,-1.8062027378e-07,0.000221951579193,0.0035722941653,4.32297354268e-08,4,2.02783401993e-05,14.5059364849,4.34224769406,2.46713909543,0.287012170166,0.0002570992569,0.00240688131313,8.73602236422e-05,0.000465321316614,0.000214213709677,4.6337485172e-06,after_reset,0.00211079454186,14.5099929209,0.00302618276252,0.0874836342987,0.93428140081,0.00302618276252,0.00933374513353,0.00134339564376,0.00460555222368,0.00204419827245,4.70950440543e-05,0.0158040882929,0.00127388535032,0.0121212121212,0,0.0025078369906,0.00129032258065,0,942,99,313,319,310,843
two_r8,eps1,7,1,0.25,local_reset,3.42087469463e-15,-475.65965462,297.867399579,172227.937698,1340.65077675,4,-648.579212373,3618.14886443,4.40046450386,2.46918577845,4.56871722762,0.108014861996,0.106139520202,0.0792981230032,0.136351391066,0.107850302419,0.108235097865,after_reset,19.4256174844,175533.994404,0.332845102181,9.62218791212,0.93428140081,0.332845102181,0.364404492216,0.235474060861,0.403595288959,0.336219045553,0.328940225196,0.0158040882929,0.403609341826,0.392929292929,0.321086261981,0.476802507837,0.411612903226,0.404863582444,942,99,313,319,310,843
two_r8,eps1,7,1,0.25,retained,4.51375048449e-15,-4089.98129346,2252.29919454,406770.003799,13136.3567235,10,-6580.97353047,21431.9424097,4.45283549766,2.62949777208,10.1710651467,0.146471934713,0.140230429293,0.103134984026,0.188149000784,0.147341229839,0.147204922894,after_reset,28.9778579263,424500.991673,0.517607913468,14.9634787339,1.09120924305,0.517607913468,0.566915745451,0.355862979876,0.642670243713,0.511121108989,0.511505532662,0.0158040882929,0.501486199575,0.480808080808,0.385623003195,0.607210031348,0.509677419355,0.503914590747,942,99,313,319,310,843
two_r8,eps1,7,1,0.25,shared_reset,4.77395900589e-15,-1.01114218977e-06,-0.000779259473295,0.0115411527732,1.25484306036e-07,10,2.75057273583e-05,14.910466024,4.44979061571,2.62430187268,0.268435370719,0.000219778397028,0.00201231060606,7.48801916933e-05,0.000416340125392,0.000163810483871,9.2674970344e-06,after_reset,0.00389875583903,14.9205017725,0.00306869175999,0.0887125229286,1.09120924305,0.00306869175999,0.00946231979695,0.00132784286882,0.00467284363656,0.00208937817258,8.89947213053e-05,0.0158040882929,0.00106157112527,0.00909090909091,0.000319488817891,0.00156739811912,0.00129032258065,0.00011862396204,942,99,313,319,310,843
two_r8,eps1,7,1,0.25,local_reset,3.99680288865e-15,-4093.84625082,2256.0065407,406769.674861,13114.7099438,10,-6570.65698387,21400.7751527,4.46061500009,2.62957263711,10.1633056116,0.146463641189,0.140151515152,0.10309754393,0.188173491379,0.147328629032,0.147204922894,after_reset,28.9777254869,424468.16657,0.517587900721,14.9629001873,1.09120924305,0.517587900721,0.566749676775,0.355883289503,0.642641796794,0.51108205237,0.51150451555,0.0158040882929,0.501380042463,0.479797979798,0.385303514377,0.606896551724,0.51,0.503914590747,942,99,313,319,310,843
two_r8,eps1,7,1,1,retained,3.0253577421e-15,0,0,30445.2106634,0,-1,0,0,4.05875530995,2.26886596668,0,0.0492842688429,0.0475063131313,0.0466753194888,0.0526180446708,0.0484879032258,0.0494930679122,pulse,6.64962945868,30445.2106634,0.138618451995,1,0.78790677525,0.138618451995,0.137940171924,0.127205256199,0.144694328566,0.14320260026,0.138697890017,0.0158040882929,0.200106157113,0.188888888889,0.174121405751,0.226018808777,0.199677419355,0.201423487544,942,99,313,319,310,843
two_r8,eps1,7,1,1,retained,2.94209101526e-15,-27.5664625635,11.3581798226,59780.677648,17.9394548682,0,-4.78923635063,238.48776584,4.12199799204,2.31438514771,1.243561581,0.0698812367304,0.0699573863636,0.0635108825879,0.0775372257053,0.0684349798387,0.0698722938909,before_reset,10.2825731115,59995.1098305,0.194589534539,1.4037780089,0.818564419905,0.194589534539,0.221858373248,0.166333252717,0.215406083077,0.198443043251,0.191132043904,0.0158040882929,0.277282377919,0.266666666667,0.223003194888,0.325078369906,0.282903225806,0.278529062871,942,99,313,319,310,843
two_r8,eps1,7,1,1,retained,2.94209101526e-15,-27.5664625635,11.3581798226,59780.677648,17.9394548682,0,-4.78923635063,238.48776584,4.12199799204,2.31438514771,1.243561581,0.0698812367304,0.0699573863636,0.0635108825879,0.0775372257053,0.0684349798387,0.0698722938909,after_reset,10.2825731115,59995.1098305,0.194589534539,1.4037780089,0.818564419905,0.194589534539,0.221858373248,0.166333252717,0.215406083077,0.198443043251,0.191132043904,0.0158040882929,0.277282377919,0.266666666667,0.223003194888,0.325078369906,0.282903225806,0.278529062871,942,99,313,319,310,843
two_r8,eps1,7,1,1,shared_reset,3.15719672628e-15,0,0,0,0,0,0,238.48776584,4.12199799204,2.31438514771,1.243561581,0.00129793657113,0.0123500631313,0.000486721246006,0.00249804075235,0.000882056451613,0,after_reset,0,238.48776584,0.0122685886517,0.0885061727003,0.818564419905,0.0122685886517,0.0378444727948,0.00537514638205,0.018675190863,0.00832594688353,0,0.0158040882929,0.00552016985138,0.0525252525253,0.00223642172524,0.01065830721,0.00354838709677,0,942,99,313,319,310,843
two_r8,eps1,7,1,1,local_reset,2.99760216649e-15,0,0,59780.677648,0,0,0,0,4.12726935066,2.31532290982,0,0.0696821921444,0.0680634469697,0.0635483226837,0.076924960815,0.0684223790323,0.0698722938909,after_reset,10.2825731115,59780.677648,0.194241476092,1.40126709898,0.818564419905,0.194241476092,0.218936968143,0.166342572378,0.214597637437,0.198300256363,0.191132043904,0.0158040882929,0.276539278132,0.259595959596,0.223003194888,0.323510971787,0.282258064516,0.278529062871,942,99,313,319,310,843
two_r8,eps1,7,1,1,retained,3.43475248243e-15,-212.31988003,114.417051835,116065.432926,137.299096813,1,-59.2206293598,685.688131763,4.12199799204,2.35006160884,2.10409279713,0.0964827162951,0.0941051136364,0.0796101238019,0.1121669279,0.0973790322581,0.0967619365362,after_reset,15.2793638239,116574.173239,0.27124561429,1.95677855571,0.845730239979,0.27124561429,0.30720353942,0.213651580677,0.314389620999,0.275266113538,0.266704890187,0.0158040882929,0.359872611465,0.347474747475,0.285623003195,0.421630094044,0.371290322581,0.361328588375,942,99,313,319,310,843
two_r8,eps1,7,1,1,shared_reset,2.92821322745e-15,-3.25630224905e-06,0.00455954750646,0.0089787600688,1.69377828914e-06,1,0.000424943728389,239.83820795,4.12199799204,2.35099638317,1.22593274094,0.00104498407643,0.00986426767677,0.000474241214058,0.00192251175549,0.000718245967742,9.2674970344e-06,after_reset,0.0031056764054,239.857150874,0.0123037610511,0.0887599080353,0.845730239979,0.0123037610511,0.0379523544361,0.00538282711351,0.0187412977809,0.0083257987067,7.39449088555e-05,0.0158040882929,0.00456475583864,0.0414141414141,0.00319488817891,0.00721003134796,0.00322580645161,0.000237247924081,942,99,313,319,310,843
two_r8,eps1,7,1,1,local_reset,3.52495810318e-15,-126.531036723,65.8096350191,116065.133939,98.3720782146,1,-42.2253776898,439.751415269,4.12726935066,2.35098733644,1.70118107811,0.0963666069533,0.0930003156566,0.0796226038339,0.111958757837,0.0972278225806,0.0967619365362,after_reset,15.2793642302,116397.363874,0.27103983559,1.95529405854,0.845730239979,0.27103983559,0.305473605356,0.213681752886,0.313930525288,0.275165689303,0.266704469176,0.0158040882929,0.359766454352,0.345454545455,0.285942492013,0.421003134796,0.371290322581,0.361447212337,942,99,313,319,310,843
two_r8,eps1,7,1,1,retained,4.4339532046e-15,-1278.38133205,771.528963283,239227.182577,2020.80314592,4,-968.561301015,5381.81300341,4.35130634228,2.46465659749,5.56850161335,0.125124402866,0.123776830808,0.0951852036741,0.154768318966,0.124848790323,0.12528265866,after_reset,21.9760207422,243678.971387,0.392166578589,2.82910805123,0.93428140081,0.392166578589,0.442249574093,0.293353001054,0.468033968007,0.393742242809,0.385858647494,0.0158040882929,0.466666666667,0.458585858586,0.368051118211,0.560501567398,0.469677419355,0.467615658363,942,99,313,319,310,843
two_r8,eps1,7,1,1,shared_reset,4.03496680512e-15,-2.50886782519e-05,0.000160670810958,0.0585229399407,1.12051161221e-05,4,0.00193532445361,235.204188869,4.37098739969,2.46643011082,1.15388056253,0.00111133227176,0.0102193813131,0.000574081469649,0.00205721003135,0.000680443548387,4.17037366548e-05,after_reset,0.00841162540578,235.266864827,0.0121854601969,0.0879064801364,0.93428140081,0.0121854601969,0.0375839387401,0.00552002991836,0.0184531005993,0.00836872982654,0.000190497900617,0.0158040882929,0.00382165605096,0.0343434343434,0.000319488817891,0.00658307210031,0.00451612903226,0.000237247924081,942,99,313,319,310,843
two_r8,eps1,7,1,1,local_reset,3.62383734132e-15,-1124.18344468,669.36646006,239231.933794,1926.12697607,4,-918.021033717,5076.54286936,4.32929113224,2.46545648753,5.41425538569,0.125103669055,0.123500631313,0.0952351238019,0.154694847179,0.124810987903,0.125291926157,after_reset,21.9764312784,243488.927603,0.392013624567,2.82800463376,0.93428140081,0.392013624567,0.440929719391,0.293395483988,0.467708416245,0.393645511825,0.385862358714,0.0158040882929,0.466242038217,0.454545454545,0.368051118211,0.559247648903,0.469677419355,0.467615658363,942,99,313,319,310,843
two_r8,eps1,7,1,1,retained,4.10782519111e-15,-9028.87946044,4604.05486721,514655.222406,16545.8833688,10,-7867.31932305,26110.7208317,4.41604304266,2.62114814195,11.2175801631,0.160525311837,0.15404040404,0.11385533147,0.208255779781,0.158530745968,0.161286884638,after_reset,31.9972822911,532727.538774,0.579847950875,4.18305025434,1.09120924305,0.579847950875,0.644675463485,0.414855760396,0.712661364964,0.570336659543,0.571752665118,0.0158040882929,0.589702760085,0.570707070707,0.488498402556,0.68934169279,0.58935483871,0.591933570581,942,99,313,319,310,843
two_r8,eps1,7,1,1,shared_reset,4.48946435583e-15,-9.85155833324e-05,-0.0203714888278,0.188366164178,3.27799050241e-05,10,0.00299847212299,240.796418978,4.44167855135,2.62372429868,1.07780477862,0.000920581210191,0.00793087121212,0.000511681309904,0.00155515282132,0.000680443548387,9.73087188612e-05,after_reset,0.0155587175219,240.949874858,0.0123317554991,0.0889618612932,1.09120924305,0.0123317554991,0.0380248640561,0.00542479648739,0.0186915041384,0.00853666469152,0.000359365615721,0.0158040882929,0.00509554140127,0.0414141414141,0.00255591054313,0.00752351097179,0.00516129032258,0.000830367734282,942,99,313,319,310,843
two_r8,eps1,7,1,1,local_reset,4.42701431069e-15,-8758.02394367,4463.56837011,514654.921781,16415.0717274,10,-7799.2218189,25853.3932988,4.43841224927,2.62181803536,11.1608914968,0.160450670117,0.153053977273,0.113767971246,0.208206798589,0.158442540323,0.161319320878,after_reset,31.9974225995,532736.032022,0.579852573099,4.18308359928,1.09120924305,0.579852573099,0.644706326004,0.414957813929,0.712703147531,0.570222241366,0.571753816527,0.0158040882929,0.590233545648,0.574747474747,0.487539936102,0.691849529781,0.58935483871,0.592052194543,942,99,313,319,310,843
two_r8,eps1,99,0,0.25,retained,3.44169137634e-14,0,0,3884.85232073,0,-1,0,0,77.786716141,2.41078416391,0,0.0121873341295,0.0120567908654,0.0116688298722,0.0125146943574,0.0123739919355,0.0122035352029,pulse,1.64571247845,3884.85232073,0.049516371196,1,1.1268868611,0.049516371196,0.035586882271,0.0315226377321,0.0699805252118,0.0375203736774,0.0509802967898,0.0158040882929,0.0478768577495,0.0490384615385,0.0456869009585,0.0473354231975,0.0506451612903,0.0477326968974,942,104,313,319,310,838
two_r8,eps1,99,0,0.25,retained,3.19744231092e-14,-0.482270552239,-0.311031449986,82676.8621373,0.471773232967,0,-0.231070191948,8.8719377432,77.786716141,2.45600202959,0.235934835178,0.0398213574841,0.0408278245192,0.0322608825879,0.0465443769592,0.0405367943548,0.0396964498807,before_reset,8.14748715502,82684.1571039,0.228440290945,4.61342956738,1.16779737552,0.228440290945,0.133181734983,0.0826447397445,0.362391201661,0.128602480622,0.237613310533,0.0158040882929,0.148832271762,0.140384615385,0.118849840256,0.176175548589,0.150967741935,0.149880668258,942,104,313,319,310,838
two_r8,eps1,99,0,0.25,retained,3.19744231092e-14,-0.482270552239,-0.311031449986,82676.8621373,0.471773232967,0,-0.231070191948,8.8719377432,77.786716141,2.45600202959,0.235934835178,0.0398213574841,0.0408278245192,0.0322608825879,0.0465443769592,0.0405367943548,0.0396964498807,after_reset,8.14748715502,82684.1571039,0.228440290945,4.61342956738,1.16779737552,0.228440290945,0.133181734983,0.0826447397445,0.362391201661,0.128602480622,0.237613310533,0.0158040882929,0.148832271762,0.140384615385,0.118849840256,0.176175548589,0.150967741935,0.149880668258,942,104,313,319,310,838
two_r8,eps1,99,0,0.25,shared_reset,3.24046345312e-15,0,0,0,0,0,0,8.8719377432,77.786716141,2.45600202959,0.235934835178,0.000228071921444,0.00206580528846,9.98402555911e-05,0.000318377742947,0.000264616935484,0,after_reset,0,8.8719377432,0.0023663054047,0.0477883444919,1.16779737552,0.0023663054047,0.00712163280406,0.00138162765321,0.00300830139166,0.00240311694209,0,0.0158040882929,0.000743099787686,0.00673076923077,0.000638977635783,0.0012539184953,0.000322580645161,0,942,104,313,319,310,838
two_r8,eps1,99,0,0.25,local_reset,3.19744231092e-14,0,0,82676.8621373,0,0,0,0,77.786716141,2.45603870007,0,0.0398130639597,0.0407527043269,0.032235922524,0.0465076410658,0.0405745967742,0.0396964498807,after_reset,8.14748715502,82676.8621373,0.228430213434,4.61322604861,1.16779737552,0.228430213434,0.133025079786,0.0826504627466,0.3623754764,0.128589969812,0.237613310533,0.0158040882929,0.148832271762,0.140384615385,0.118849840256,0.175862068966,0.151290322581,0.149880668258,942,104,313,319,310,838
two_r8,eps1,99,0,0.25,retained,3.64153152077e-14,24.6877095558,-19.6703107246,186205.885461,46.3701720675,1,-24.2842307384,248.173481905,77.786716141,2.48490070743,1.20065381194,0.0617162619427,0.0591947115385,0.0475364416933,0.0740718064263,0.0633190524194,0.0620291989857,after_reset,12.427487321,186461.895451,0.34304934955,6.92799858439,1.20596301765,0.34304934955,0.206096309469,0.125825312284,0.543525160521,0.193965238356,0.356393662458,0.0158040882929,0.22186836518,0.218269230769,0.173162939297,0.261755485893,0.23,0.2223150358,942,104,313,319,310,838
two_r8,eps1,99,0,0.25,shared_reset,2.90878432452e-14,-9.21974269926e-09,-0.000352242070868,0.000520003078255,1.55820481292e-09,1,-2.11775911066e-07,9.10167384529,77.786716141,2.4846831334,0.233890219828,0.000207338110403,0.00187800480769,0.000199680511182,0.000220415360502,0.000201612903226,0,after_reset,0.000505972414188,9.10148892379,0.00239672262333,0.0484026305935,1.20596301765,0.00239672262333,0.00721298805279,0.00138404890295,0.00305635062182,0.00243075920304,1.8366472741e-05,0.0158040882929,0.000636942675159,0.00576923076923,0.000319488817891,0.000626959247649,0.000967741935484,0,942,104,313,319,310,838
two_r8,eps1,99,0,0.25,local_reset,2.84217094304e-14,24.6235873476,-20.0216192033,186205.36721,45.0796291731,1,-23.6224350853,237.65487619,77.786716141,2.48493245085,1.17383363321,0.0616747943206,0.0588566706731,0.0474490814696,0.0740840517241,0.0632686491935,0.0620245375895,after_reset,12.4274764894,186450.060781,0.343038462767,6.92777872211,1.20596301765,0.343038462767,0.205938798879,0.125832945808,0.543507384562,0.193952986825,0.356393182844,0.0158040882929,0.221762208068,0.217307692308,0.173162939297,0.26144200627,0.23,0.2223150358,942,104,313,319,310,838
two_r8,eps1,99,0,0.25,retained,3.90798504668e-14,-790.562366971,336.339009385,482730.68046,1071.84450973,4,-507.743780651,3088.75972881,77.786716141,2.57205830236,4.23395699862,0.0978055334395,0.0914212740385,0.0713233825879,0.121032523511,0.100642641129,0.0985978520286,after_reset,20.2865404223,484967.350422,0.553245389767,11.1729792875,1.27782259513,0.553245389767,0.3396671898,0.206718247805,0.871164894832,0.32554878385,0.574236984002,0.0158040882929,0.352760084926,0.311538461538,0.265495207668,0.427272727273,0.364193548387,0.357875894988,942,104,313,319,310,838
two_r8,eps1,99,0,0.25,shared_reset,3.01980662698e-14,-1.14763152945,0.58003079655,76447.6263647,0.316982371417,4,-0.175292338199,8.95268326971,77.786716141,2.57207702261,0.224551507408,0.0353718816348,0.0316631610577,0.0272938298722,0.042907523511,0.0357736895161,0.0358321524463,after_reset,7.76736206995,76455.4102442,0.219667427642,4.43625860167,1.27782259513,0.219667427642,0.122559783671,0.0747182133695,0.351692668728,0.117105586828,0.228862721979,0.0158040882929,0.130360934183,0.130769230769,0.0984025559105,0.156426332288,0.135806451613,0.13031026253,942,104,313,319,310,838
two_r8,eps1,99,0,0.25,local_reset,2.84217094304e-14,-784.359705658,334.848843848,482728.236991,1067.81153208,4,-505.723218834,3073.37956757,77.786716141,2.57208572139,4.22298548055,0.0977889463907,0.0912710336538,0.0712235423323,0.121057014107,0.100667842742,0.0985978520286,after_reset,20.2865308804,484958.959929,0.553240603856,11.1728826344,1.27782259513,0.553240603856,0.339616617691,0.206725963784,0.871145111414,0.325573597829,0.574235513013,0.0158040882929,0.352760084926,0.310576923077,0.266134185304,0.426645768025,0.364193548387,0.35799522673,942,104,313,319,310,838
two_r8,eps1,99,0,0.25,retained,4.26325641456e-14,-4979.98763658,2234.90484482,1075480.91612,10319.4623465,10,-5151.03261131,17147.2087909,77.786716141,2.71934155642,9.10217672446,0.129876592357,0.127741887019,0.0950728833866,0.160364420063,0.133644153226,0.130141519988,after_reset,29.8721566355,1087155.35646,0.828337566642,16.7285595983,1.46223031619,0.828337566642,0.507646184841,0.316817201674,1.3037798453,0.484203600173,0.8598339877,0.0158040882929,0.43906581741,0.420192307692,0.342172523962,0.521630094044,0.451935483871,0.441408114558,942,104,313,319,310,838
two_r8,eps1,99,0,0.25,shared_reset,3.5527136788e-14,-738.392886429,350.138894414,710266.862529,2086.92816868,10,-1069.20689555,5053.83178851,77.786716141,2.71601975327,5.07093191531,0.0974115910297,0.0968674879808,0.0722843450479,0.119624314263,0.0999243951613,0.0974791169451,after_reset,23.1608889221,714492.700711,0.671522318106,13.5616221845,1.46223031619,0.671522318106,0.385701016156,0.241758787141,1.0700999075,0.364568946994,0.698887614486,0.0158040882929,0.32186836518,0.3125,0.226198083067,0.388714733542,0.349677419355,0.323031026253,942,104,313,319,310,838
two_r8,eps1,99,0,0.25,local_reset,4.4408920985e-14,-4967.8173505,2232.09102744,1075477.55558,10304.2605218,10,-5142.44812133,17121.8323225,77.786716141,2.71936230132,9.09510001652,0.129926353503,0.128192608173,0.0951228035144,0.160511363636,0.13359375,0.130141519988,after_reset,29.872049478,1087147.29954,0.828334497229,16.7284976104,1.46223031619,0.828334497229,0.507616428233,0.316818490355,1.30376799317,0.484219632328,0.859832844003,0.0158040882929,0.438959660297,0.421153846154,0.341533546326,0.521943573668,0.451935483871,0.441169451074,942,104,313,319,310,838
two_r8,eps1,99,0,1,retained,3.07531777821e-14,0,0,62364.9668934,0,-1,0,0,77.786716141,2.41078416391,0,0.0499560443206,0.0468374399038,0.0487969249201,0.0506710423197,0.050390625,0.0503430787589,pulse,6.59291216548,62364.9668934,0.198395538219,1,1.1268868611,0.198395538219,0.142545658733,0.126373492827,0.28034677495,0.150349981695,0.204264383197,0.0158040882929,0.169532908705,0.166346153846,0.162939297125,0.172413793103,0.173225806452,0.169928400955,942,104,313,319,310,838
two_r8,eps1,99,0,1,retained,2.84217094304e-14,-19.0059508938,1.66946875965,137149.402113,11.9080144226,0,-3.01911245784,144.460613714,77.786716141,2.45524451069,0.948762130562,0.0664684514331,0.0663311298077,0.0631614416933,0.0701778017241,0.0659904233871,0.0664854937351,before_reset,10.5481970101,137265.059551,0.294334760242,1.48357550217,1.16779737552,0.294334760242,0.213635250527,0.150911789909,0.442095842766,0.197824591806,0.30285372584,0.0158040882929,0.230360934183,0.231730769231,0.197124600639,0.256426332288,0.237096774194,0.230190930788,942,104,313,319,310,838
two_r8,eps1,99,0,1,retained,2.84217094304e-14,-19.0059508938,1.66946875965,137149.402113,11.9080144226,0,-3.01911245784,144.460613714,77.786716141,2.45524451069,0.948762130562,0.0664684514331,0.0663311298077,0.0631614416933,0.0701778017241,0.0659904233871,0.0664854937351,after_reset,10.5481970101,137265.059551,0.294334760242,1.48357550217,1.16779737552,0.294334760242,0.213635250527,0.150911789909,0.442095842766,0.197824591806,0.30285372584,0.0158040882929,0.230360934183,0.231730769231,0.197124600639,0.256426332288,0.237096774194,0.230190930788,942,104,313,319,310,838
two_r8,eps1,99,0,1,shared_reset,4.19629608839e-15,0,0,0,0,0,0,144.460613714,77.786716141,2.45524451069,0.948762130562,0.000953755307856,0.00863882211538,0.000624001597444,0.00106534090909,0.001171875,0,after_reset,0,144.460613714,0.00954852480518,0.0481287275456,1.16779737552,0.00954852480518,0.028737240488,0.00563819514243,0.012029163914,0.00980069636869,0,0.0158040882929,0.00307855626327,0.0278846153846,0.00287539936102,0.00376175548589,0.00258064516129,0,942,104,313,319,310,838
two_r8,eps1,99,0,1,local_reset,2.84217094304e-14,0,0,137149.402113,0,0,0,0,77.786716141,2.45603870007,0,0.0664145435244,0.0658428485577,0.0628744009585,0.0701778017241,0.0661164314516,0.0664854937351,after_reset,10.5481970101,137149.402113,0.294210733128,1.48295035145,1.16779737552,0.294210733128,0.212082174149,0.150949000108,0.441905076805,0.197673844745,0.30285372584,0.0158040882929,0.23025477707,0.230769230769,0.197444089457,0.255799373041,0.237096774194,0.230190930788,942,104,313,319,310,838
two_r8,eps1,99,0,1,retained,4.26325641456e-14,-35.5664097406,-1.69824430754,229354.89942,93.6158281698,1,-36.42531691,510.431940388,77.786716141,2.48366069177,1.7418910495,0.0774656648089,0.0760967548077,0.0695262579872,0.0861701606583,0.0765246975806,0.077635553401,after_reset,13.3973684244,229811.567247,0.380844330804,1.91962145028,1.20596301765,0.380844330804,0.256333949345,0.175029259695,0.586272472306,0.236887735961,0.393558526764,0.0158040882929,0.257749469214,0.252884615385,0.217252396166,0.289968652038,0.265483870968,0.258353221957,942,104,313,319,310,838
two_r8,eps1,99,0,1,shared_reset,4.38260538971e-14,-2.41432230264e-06,-0.00514875319469,0.00816482084881,4.18947184915e-07,1,0.000116034759422,148.131678501,77.786716141,2.48395550234,0.940338433326,0.000883260350318,0.00788762019231,0.000624001597444,0.00115105799373,0.000869455645161,1.39841885442e-05,after_reset,0.00204148285735,148.129773476,0.00966902609289,0.0487361065662,1.20596301765,0.00966902609289,0.0290991676512,0.0056555365302,0.0122167222829,0.00991025841407,7.27875717743e-05,0.0158040882929,0.00329087048832,0.0288461538462,0.00223642172524,0.00376175548589,0.00387096774194,0.000119331742243,942,104,313,319,310,838
two_r8,eps1,99,0,1,local_reset,4.30766533555e-14,-13.1781961845,-7.50482594095,229351.819881,73.0612320333,1,-29.2027659204,351.497584325,77.786716141,2.48441738239,1.44268449714,0.0774822518577,0.0762845552885,0.0696011381789,0.0862436324451,0.076423891129,0.0776308920048,after_reset,13.3973161057,229676.607121,0.380732486244,1.91905770494,1.20596301765,0.380732486244,0.254857061918,0.175081160272,0.586098043584,0.236746811636,0.393555917853,0.0158040882929,0.257112526539,0.247115384615,0.216932907348,0.290282131661,0.263548387097,0.258353221957,942,104,313,319,310,838
two_r8,eps1,99,0,1,retained,3.90798504668e-14,-843.53869951,339.385521148,523086.087714,1319.29783004,4,-576.696449466,3593.22069424,77.786716141,2.57055966059,4.52623589494,0.109072286359,0.103252704327,0.0855755790735,0.130583855799,0.110660282258,0.109794525656,after_reset,20.7182736273,525836.906983,0.576085687045,2.90372299809,1.27782259513,0.576085687045,0.371793843337,0.240553464047,0.894973043292,0.354702756645,0.596579346615,0.0158040882929,0.374946921444,0.336538461538,0.293610223642,0.45078369906,0.379032258065,0.379713603819,942,104,313,319,310,838
two_r8,eps1,99,0,1,shared_reset,3.90798504668e-14,-2.98593477127,1.43702915457,28442.2836274,1.55410896684,4,-0.665380706364,145.368297096,77.786716141,2.5714218003,0.902199964307,0.0176112990977,0.01708984375,0.0139776357827,0.0221027625392,0.016658266129,0.0176760143198,after_reset,4.42236668513,28584.7774609,0.134316374471,0.677013080419,1.27782259513,0.134316374471,0.0750507291223,0.041734240205,0.21879175885,0.0616669830495,0.139931475213,0.0158040882929,0.0683651804671,0.0701923076923,0.0488817891374,0.0871473354232,0.0687096774194,0.068138424821,942,104,313,319,310,838
two_r8,eps1,99,0,1,local_reset,2.93098878501e-14,-783.778472852,316.671635011,523078.102253,1269.54158237,4,-556.223688841,3418.11246977,77.786716141,2.57124005811,4.41263483494,0.109043259023,0.102914663462,0.0855381389776,0.130632836991,0.110559475806,0.109803848449,after_reset,20.718005178,525719.095252,0.576021148542,2.9033976959,1.27782259513,0.576021148542,0.370942179199,0.240597948957,0.894843237873,0.354690799562,0.596575089797,0.0158040882929,0.374734607219,0.335576923077,0.292971246006,0.44921630094,0.38064516129,0.379594272076,942,104,313,319,310,838
two_r8,eps1,99,0,1,retained,5.50670620214e-14,-6084.24644423,2650.85362965,1266178.98423,12791.867276,10,-6100.003726,19273.4859791,77.786716141,2.71512556284,9.53013050491,0.147803045382,0.145357572115,0.110023961661,0.180397727273,0.152406754032,0.148106540871,after_reset,32.2342789723,1279177.5444,0.898518381858,4.52892433935,1.46223031619,0.898518381858,0.561561158079,0.359952381416,1.40601453966,0.536812697008,0.931876067913,0.0158040882929,0.45923566879,0.431730769231,0.356869009585,0.549843260188,0.46935483871,0.462649164678,942,104,313,319,310,838
two_r8,eps1,99,0,1,shared_reset,4.08562073062e-14,-362.53607087,104.930133275,405975.722622,882.552815746,10,-461.194397751,3358.01038657,77.786716141,2.71589094297,4.12951199782,0.0772666202229,0.0774113581731,0.056384784345,0.095072492163,0.0800277217742,0.0772486575179,after_reset,18.3336308802,408778.685154,0.507932116477,2.56019929197,1.46223031619,0.507932116477,0.305671028988,0.195950906326,0.802397114254,0.287524571884,0.527653093998,0.0158040882929,0.280148619958,0.269230769231,0.218849840256,0.332288401254,0.288387096774,0.281503579952,942,104,313,319,310,838
two_r8,eps1,99,0,1,local_reset,4.26325641456e-14,-5772.79123885,2556.82871031,1258429.96752,11631.4936114,10,-5462.01198682,18788.3969286,77.786716141,2.71524296112,9.40783329175,0.143125497611,0.139836237981,0.106866513578,0.173870983542,0.148097278226,0.143533711217,after_reset,31.1072481354,1271493.90903,0.895815752227,4.51530190784,1.46223031619,0.895815752227,0.543175997814,0.349610319159,1.40958322563,0.52009763342,0.930302325194,0.0158040882929,0.441295116773,0.415384615385,0.347603833866,0.526018808777,0.448709677419,0.444510739857,942,104,313,319,310,838
two_r8,eps1,99,1,0.25,retained,3.10862446895e-14,0,0,3806.87898174,0,-1,0,0,77.786716141,2.41078416391,0,0.0124651671975,0.0114539194915,0.0120057907348,0.0129555250784,0.0124243951613,0.0126099817961,pulse,1.64615983304,3806.87898174,0.0490169278702,1,1.1268868611,0.0490169278702,0.0366956757339,0.0320938680715,0.0684499785085,0.037941695557,0.0505360754343,0.0158040882929,0.0554140127389,0.0677966101695,0.0575079872204,0.0526645768025,0.0561290322581,0.053640776699,942,118,313,319,310,824
two_r8,eps1,99,1,0.25,retained,3.99680288865e-14,-0.555950921461,-0.169947590128,97882.5873884,0.99308688008,0,-0.491329040526,15.3723824872,77.786716141,2.45846541412,0.313786198572,0.0464810575902,0.0418763241525,0.0367162539936,0.0545038205329,0.0480846774194,0.047140473301,before_reset,9.21459451875,97896.5184027,0.248567976142,5.07106395571,1.16769038367,0.248567976142,0.15069829344,0.0933768101839,0.38978863266,0.150333050775,0.259580204857,0.0158040882929,0.17186836518,0.155084745763,0.135782747604,0.198746081505,0.18064516129,0.17427184466,942,118,313,319,310,824
two_r8,eps1,99,1,0.25,retained,3.99680288865e-14,-0.555950921461,-0.169947590128,97882.5873884,0.99308688008,0,-0.491329040526,15.3723824872,77.786716141,2.45846541412,0.313786198572,0.0464810575902,0.0418763241525,0.0367162539936,0.0545038205329,0.0480846774194,0.047140473301,after_reset,9.21459451875,97896.5184027,0.248567976142,5.07106395571,1.16769038367,0.248567976142,0.15069829344,0.0933768101839,0.38978863266,0.150333050775,0.259580204857,0.0158040882929,0.17186836518,0.155084745763,0.135782747604,0.198746081505,0.18064516129,0.17427184466,942,118,313,319,310,824
two_r8,eps1,99,1,0.25,shared_reset,3.32112809476e-15,0,0,0,0,0,0,15.3723824872,77.786716141,2.45846541412,0.313786198572,0.000294420116773,0.00235037076271,0.000262080670927,0.000453076018809,0.000163810483871,0,after_reset,0,15.3723824872,0.00311481418464,0.0635456835012,1.16769038367,0.00311481418464,0.00880068732648,0.00155580507362,0.00459082751251,0.00231305855472,0,0.0158040882929,0.002016985138,0.0161016949153,0.000319488817891,0.00407523510972,0.00161290322581,0,942,118,313,319,310,824
two_r8,eps1,99,1,0.25,local_reset,3.99680288865e-14,0,0,97882.5873884,0,0,0,0,77.786716141,2.45864366094,0,0.046476910828,0.041843220339,0.0366788138978,0.0544670846395,0.0481476814516,0.047140473301,after_reset,9.21459451875,97882.5873884,0.24855028947,5.07070312788,1.16769038367,0.24855028947,0.150465230958,0.0933496592794,0.389766689155,0.150319760393,0.259580204857,0.0158040882929,0.172292993631,0.158474576271,0.135463258786,0.199059561129,0.181935483871,0.17427184466,942,118,313,319,310,824
two_r8,eps1,99,1,0.25,retained,4.46309655899e-14,-74.5523342578,20.7252414551,123963.541634,35.9868835103,1,-16.7434105872,287.569460884,77.786716141,2.49736864122,1.3737858039,0.0551685244161,0.0500198622881,0.0430685902556,0.065206210815,0.0570564516129,0.0559058328277,after_reset,11.3617154953,124145.956971,0.279916077154,5.71060018071,1.19665334246,0.279916077154,0.178211768928,0.116944711489,0.432036496185,0.179468855969,0.291591137091,0.0158040882929,0.199681528662,0.176271186441,0.150479233227,0.241379310345,0.206451612903,0.203033980583,942,118,313,319,310,824
two_r8,eps1,99,1,0.25,shared_reset,4.82595734208e-14,-1.78557570658e-08,-0.00047360881405,0.000572962183713,5.50047887219e-09,1,6.73275033551e-06,15.6539157563,77.786716141,2.49844527734,0.312059456548,0.000294420116773,0.00231726694915,0.000124800319489,0.000538793103448,0.000214213709677,4.74059466019e-06,after_reset,0.000694588052175,15.6535549362,0.00314317125241,0.064124199312,1.19665334246,0.00314317125241,0.008880665029,0.00156893626024,0.00465067263571,0.00229759432365,1.90840490765e-05,0.0158040882929,0.000955414012739,0.00677966101695,0.000958466453674,0.000940438871473,0.000967741935484,0.000121359223301,942,118,313,319,310,824
two_r8,eps1,99,1,0.25,local_reset,4.55191440096e-14,-72.0508987856,19.6313106805,123964.010508,34.4998146716,1,-16.0646716665,271.556209166,77.786716141,2.49754421701,1.33704585053,0.0551270567941,0.0497219279661,0.0430061900958,0.0651694749216,0.05703125,0.055901092233,after_reset,11.3617193147,124133.098012,0.279901580014,5.71030442289,1.19665334246,0.279901580014,0.178023530414,0.116931758849,0.432016834403,0.179457375235,0.291591694189,0.0158040882929,0.199469214437,0.174576271186,0.150479233227,0.241065830721,0.206129032258,0.203033980583,942,118,313,319,310,824
two_r8,eps1,99,1,0.25,retained,3.37507799486e-14,-557.137333878,156.502007167,402778.255195,600.265800602,4,-282.824115667,1892.1781719,77.786716141,2.58081449033,3.34171115637,0.0939366042994,0.0859706038136,0.0702001797125,0.113966986677,0.0972908266129,0.0950773665049,after_reset,19.3112265369,403903.780283,0.504894351232,10.3004079033,1.2742239997,0.504894351232,0.307110228032,0.196805935139,0.790036877102,0.305346237167,0.527178414476,0.0158040882929,0.29872611465,0.277966101695,0.207667731629,0.36394984326,0.323548387097,0.301699029126,942,118,313,319,310,824
two_r8,eps1,99,1,0.25,shared_reset,3.62765373296e-14,-1.23943942186e-07,-0.00102260708028,0.0027865824233,1.94598589197e-08,4,-5.70318723405e-06,16.5139864362,77.786716141,2.58237336614,0.306799676259,0.000244658970276,0.00188691737288,0.000199680511182,0.000391849529781,0.000138608870968,9.48118932039e-06,after_reset,0.00132475878825,16.5147161696,0.00322847263723,0.0658644427039,1.2742239997,0.00322847263723,0.00912113285923,0.00160232028342,0.00477796953851,0.00236400772799,4.2407513851e-05,0.0158040882929,0.00138004246285,0.0101694915254,0,0.00282131661442,0.00129032258065,0.000121359223301,942,118,313,319,310,824
two_r8,eps1,99,1,0.25,local_reset,4.26325641456e-14,-544.974705379,148.825127645,402778.306696,596.119409152,4,-281.08118432,1875.80416317,77.786716141,2.58099536325,3.32746435806,0.0939614848726,0.0861692266949,0.0702625798722,0.113979231975,0.0972908266129,0.0950773665049,after_reset,19.311212938,403895.768744,0.50488934385,10.3003057472,1.2742239997,0.50488934385,0.307043817668,0.196785189736,0.790032718998,0.305345648025,0.527178471645,0.0158040882929,0.2983014862,0.275423728814,0.207348242812,0.363636363636,0.322903225806,0.301577669903,942,118,313,319,310,824
two_r8,eps1,99,1,0.25,retained,1.09139364213e-10,1.7494826754e+12,-802605847420,1.40334054568e+12,2.18555797566e+12,10,-1.0188913462e+12,3.5567116929e+12,255819.963785,274.21661267,140742.874193,0.120164875265,0.112784692797,0.0871979832268,0.147359913793,0.125466229839,0.121221746056,after_reset,29.74266582,7.0015811778e+12,2102.13022718,42885.8012632,1188.65405652,2102.13022718,0.480708303708,0.312115521275,3612.34916278,0.474629717462,2247.61261643,0.0158040882929,0.374734607219,0.348305084746,0.262939297125,0.473981191223,0.385483870968,0.378519417476,942,118,313,319,310,824
two_r8,eps1,99,1,0.25,shared_reset,5.37738742423e-11,1475353.04249,-908369.016413,255180761156,145.991701345,10,-73.5194685821,967.535605779,115304.290152,125.051048583,2.21792965944,0.0572750796178,0.0513440148305,0.0441169129393,0.0681450822884,0.059375,0.0581244311286,after_reset,14.0648308254,255181896090,401.316007406,8187.2941623,1188.65405652,401.316007406,0.221385817737,0.150703729668,689.630659472,0.220489121546,429.089927695,0.0158040882929,0.187473460722,0.177966101695,0.135782747604,0.234796238245,0.190967741935,0.188834951456,942,118,313,319,310,824
two_r8,eps1,99,1,0.25,local_reset,1.09139364213e-10,1.74939386326e+12,-802568599121,1.40333446609e+12,2.18534592679e+12,10,-1.01879810102e+12,3.55638370059e+12,255813.489153,274.209871618,140736.40055,0.12013584793,0.112552966102,0.0871979832268,0.147335423197,0.125403225806,0.121221746056,after_reset,29.7426366126,7.00111841972e+12,2102.06075759,42884.3840063,1188.65405652,2102.06075759,0.480678274607,0.312104486885,3612.22978464,0.474645388164,2247.53833906,0.0158040882929,0.374946921444,0.35,0.263258785942,0.474294670846,0.385483870968,0.378519417476,942,118,313,319,310,824
two_r8,eps1,99,1,1,retained,3.5527136788e-14,0,0,60669.3599677,0,-1,0,0,77.786716141,2.41078416391,0,0.0483802746815,0.0478681144068,0.0462509984026,0.050720023511,0.0481224798387,0.0484536180218,pulse,6.57942252865,60669.3599677,0.195679918837,1,1.1268868611,0.195679918837,0.146626374162,0.128234382816,0.273120368911,0.151626275296,0.201730551253,0.0158040882929,0.192462845011,0.215254237288,0.194568690096,0.194357366771,0.188387096774,0.189199029126,942,118,313,319,310,824
two_r8,eps1,99,1,1,retained,3.19744231092e-14,-48.0678144267,8.97655155244,107877.363339,15.5010215717,0,-3.11869635066,252.765158897,77.786716141,2.45726937701,1.26936272373,0.0585025212314,0.0554157838983,0.055411341853,0.061557112069,0.0584803427419,0.0589445540049,before_reset,9.31371513867,108061.209601,0.261153869517,1.33459718845,1.16769038367,0.261153869517,0.19887534195,0.148816601635,0.382870674439,0.184492794606,0.268894266413,0.0158040882929,0.233014861996,0.233898305085,0.223642172524,0.242319749216,0.232903225806,0.232888349515,942,118,313,319,310,824
two_r8,eps1,99,1,1,retained,3.19744231092e-14,-48.0678144267,8.97655155244,107877.363339,15.5010215717,0,-3.11869635066,252.765158897,77.786716141,2.45726937701,1.26936272373,0.0585025212314,0.0554157838983,0.055411341853,0.061557112069,0.0584803427419,0.0589445540049,after_reset,9.31371513867,108061.209601,0.261153869517,1.33459718845,1.16769038367,0.261153869517,0.19887534195,0.148816601635,0.382870674439,0.184492794606,0.268894266413,0.0158040882929,0.233014861996,0.233898305085,0.223642172524,0.242319749216,0.232903225806,0.232888349515,942,118,313,319,310,824
two_r8,eps1,99,1,1,shared_reset,3.1988300897e-15,0,0,0,0,0,0,252.765158897,77.786716141,2.45726937701,1.26936272373,0.00117768046709,0.00940148305085,0.00078624201278,0.00193475705329,0.000793850806452,0,after_reset,0,252.765158897,0.0126304888036,0.0645466784669,1.16769038367,0.0126304888036,0.0356865534032,0.00638763978096,0.0185726228226,0.00941326168593,0,0.0158040882929,0.00456475583864,0.0364406779661,0.00255591054313,0.00752351097179,0.00354838709677,0,942,118,313,319,310,824
two_r8,eps1,99,1,1,local_reset,3.19744231092e-14,0,0,107877.363339,0,0,0,0,77.786716141,2.45864366094,0,0.058473493896,0.0551840572034,0.0554612619808,0.0613979231975,0.0585055443548,0.0589445540049,after_reset,9.31371513867,107877.363339,0.260931622324,1.33346141941,1.16769038367,0.260931622324,0.196532725007,0.148745573774,0.38251398214,0.184356383533,0.268894266413,0.0158040882929,0.232484076433,0.229661016949,0.223961661342,0.24012539185,0.233225806452,0.232888349515,942,118,313,319,310,824
two_r8,eps1,99,1,1,retained,4.4408920985e-14,-111.654695194,7.35646356255,164872.929248,83.1933752744,1,-29.3192849949,575.599747178,77.786716141,2.49590458089,1.88634900522,0.0751185973992,0.0718021716102,0.0660692891374,0.0844803095611,0.0746219758065,0.0755935224515,after_reset,13.1764823349,165264.487337,0.322961923692,1.65046022919,1.19665334246,0.322961923692,0.245675998928,0.178711218003,0.471646123939,0.23621120718,0.332562605488,0.0158040882929,0.266029723992,0.236440677966,0.22268370607,0.305642633229,0.269032258065,0.270266990291,942,118,313,319,310,824
two_r8,eps1,99,1,1,shared_reset,3.52495810318e-14,-3.96756990718e-06,-0.014524834978,0.00904596089687,1.43232476128e-06,1,0.000674847721816,257.350007141,77.786716141,2.49728044661,1.26228787621,0.00112377255839,0.0088718220339,0.000599041533546,0.00181230407524,0.000945060483871,1.42217839806e-05,after_reset,0.00277608829239,257.331346625,0.0127440626917,0.0651270849223,1.19665334246,0.0127440626917,0.0360068920506,0.00642428880695,0.0188187656739,0.00934996247365,7.5745942295e-05,0.0158040882929,0.00435244161359,0.0330508474576,0.00223642172524,0.00595611285266,0.00483870967742,0.000242718446602,942,118,313,319,310,824
two_r8,eps1,99,1,1,local_reset,6.2172489379e-14,-52.8606539267,-8.0661935212,164872.940834,49.9401292006,1,-17.9392536569,305.445371848,77.786716141,2.49723485984,1.36957346026,0.0750812765393,0.0715042372881,0.0660318490415,0.0843578565831,0.0746723790323,0.0755935224515,after_reset,13.1764218253,165070.594133,0.322772413832,1.64949176057,1.19665334246,0.322772413832,0.243678428442,0.17868947794,0.471304510146,0.23614233074,0.332562736799,0.0158040882929,0.265180467091,0.229661016949,0.222044728435,0.30407523511,0.268709677419,0.270266990291,942,118,313,319,310,824
two_r8,eps1,99,1,1,retained,3.46389583683e-14,-763.502524788,218.428886165,429166.09558,1005.92562987,4,-468.056540711,3129.70363675,77.786716141,2.5786001143,4.18642722051,0.104315950106,0.0975569385593,0.0831045327476,0.122012147335,0.107522681452,0.105283866808,after_reset,20.3589362108,431275.464488,0.521721733554,2.66619966246,1.2742239997,0.521721733554,0.351096470851,0.239640822714,0.796076113579,0.342049339964,0.541775028996,0.0158040882929,0.341507430998,0.308474576271,0.260702875399,0.402821316614,0.36,0.346237864078,942,118,313,319,310,824
two_r8,eps1,99,1,1,shared_reset,4.66293670343e-14,-20.0960010199,26.8041334119,120278.440806,42.6162370683,4,-21.5301953595,405.899434957,77.786716141,2.58121412155,1.52976640178,0.0488903264331,0.0456170550847,0.0358551317891,0.0583978252351,0.0522681451613,0.0493590716019,after_reset,11.0729651372,120697.312352,0.276000807451,1.41047077846,1.2742239997,0.276000807451,0.175199149685,0.109873098052,0.428823232503,0.173381343078,0.28755799816,0.0158040882929,0.176963906582,0.159322033898,0.133546325879,0.207523510972,0.18935483871,0.179490291262,942,118,313,319,310,824
two_r8,eps1,99,1,1,local_reset,3.64153152077e-14,-606.727791989,153.808951022,429158.335414,920.586889678,4,-431.136370723,2810.11831137,77.786716141,2.57989788451,3.96663154525,0.10419154724,0.096530720339,0.083004692492,0.121718260188,0.107547883065,0.105288607403,after_reset,20.3587772339,431120.930191,0.521628253712,2.66572194434,1.2742239997,0.521628253712,0.350033808893,0.239619868251,0.795900188389,0.342052216119,0.541770596276,0.0158040882929,0.340976645435,0.303389830508,0.260702875399,0.401880877743,0.35935483871,0.346359223301,942,118,313,319,310,824
two_r8,eps1,99,1,1,retained,8.73114913702e-11,1.5600434552e+12,-706215535161,1.27612625613e+12,1.91221310411e+12,10,-873035037247,3.37178278438e+12,252199.856044,270.366411545,137142.223839,0.125286126592,0.121623411017,0.0960962460064,0.150249804075,0.129070060484,0.125810641687,after_reset,28.2332040383,6.5217079102e+12,2028.81396163,10368.0233193,1188.65405652,2028.81396163,0.483630095085,0.318268318288,3486.36079495,0.467969573531,2169.22234232,0.0158040882929,0.36093418259,0.33813559322,0.254952076677,0.447962382445,0.378387096774,0.364199029126,942,118,313,319,310,824
two_r8,eps1,99,1,1,shared_reset,2.2555468604e-10,965996449453,-452159049019,821570401511,1.13605181104e+12,10,-537125590460,3.11331715518e+12,246868.120911,264.712237503,131733.801099,0.0958358213907,0.0911016949153,0.0687774560703,0.117897727273,0.100453629032,0.0965137666869,after_reset,23.782219824,5.02436298768e+12,1780.74632488,9100.30183713,1188.65405652,1780.74632488,0.389939585393,0.251090781201,3060.07564199,0.377679157974,1903.98665878,0.0158040882929,0.303609341826,0.279661016949,0.209584664537,0.394357366771,0.305161290323,0.307038834951,942,118,313,319,310,824
two_r8,eps1,99,1,1,local_reset,1.09139364213e-10,1.37798865955e+12,-644838941615,1.27164760281e+12,1.49815332653e+12,10,-703400755372,2.64462167283e+12,236524.890664,253.727082068,121466.351663,0.131493829618,0.126820709746,0.102660742812,0.157474529781,0.133870967742,0.132163038532,after_reset,29.8408667779,5.4739205273e+12,1858.70641057,9498.70800034,1188.65405652,1858.70641057,0.500666340484,0.33428705534,3194.04403599,0.487159818896,1987.34213481,0.0158040882929,0.373248407643,0.352542372881,0.273482428115,0.458934169279,0.385806451613,0.376213592233,942,118,313,319,310,824
two_r8,eps2,123,0,0.25,retained,4.59007831743e-15,0,0,446.195785852,0,-1,0,0,4.57567828431,2.22548431552,0,0.010283970276,0.0108460771277,0.0106953873802,0.0102370689655,0.00991683467742,0.0102216612618,pulse,0.669501797564,446.195785852,0.0167812491346,1,0.548517407026,0.0167812491346,0.0168329088476,0.0143010475506,0.0178998484503,0.0178752953258,0.0167755129096,0.00934421029061,0.0243099787686,0.0202127659574,0.0178913738019,0.0282131661442,0.0267741935484,0.0247641509434,942,94,313,319,310,848
two_r8,eps2,123,0,0.25,retained,4.98212582301e-15,0.0590019191539,-0.0280675691144,1681.69283558,0.00504264727195,0,-0.00300989170424,0.392379656246,4.57567828431,2.28082889887,0.09984254557,0.0201905851911,0.0175365691489,0.0171725239617,0.0233272923197,0.0200100806452,0.0204847803656,before_reset,2.51279706985,1682.1461068,0.0325831756979,1.94164185494,0.574511040794,0.0325831756979,0.0370328456311,0.0211771722218,0.0405123226482,0.0329298732147,0.0320519236998,0.00934421029061,0.0449044585987,0.0329787234043,0.032268370607,0.0592476489028,0.0429032258065,0.0462264150943,942,94,313,319,310,848
two_r8,eps2,123,0,0.25,retained,4.98212582301e-15,0.0590019191539,-0.0280675691144,1681.69283558,0.00504264727195,0,-0.00300989170424,0.392379656246,4.57567828431,2.28082889887,0.09984254557,0.0201905851911,0.0175365691489,0.0171725239617,0.0233272923197,0.0200100806452,0.0204847803656,after_reset,2.51279706985,1682.1461068,0.0325831756979,1.94164185494,0.574511040794,0.0325831756979,0.0370328456311,0.0211771722218,0.0405123226482,0.0329298732147,0.0320519236998,0.00934421029061,0.0449044585987,0.0329787234043,0.032268370607,0.0592476489028,0.0429032258065,0.0462264150943,942,94,313,319,310,848
two_r8,eps2,123,0,0.25,shared_reset,3.49286571888e-15,0,0,0,0,0,0,0.392379656246,4.57567828431,2.28082889887,0.09984254557,5.39079087049e-05,0.00054022606383,4.99201277955e-05,4.89811912226e-05,6.30040322581e-05,0,after_reset,0,0.392379656246,0.000497639441564,0.0296544933915,0.574511040794,0.000497639441564,0.0015753473207,0.000346441067712,0.000621896062869,0.000483068642539,0,0.00934421029061,0,0,0,0,0,0,942,94,313,319,310,848
two_r8,eps2,123,0,0.25,local_reset,4.98212582301e-15,0,0,1681.69283558,0,0,0,0,4.57567828431,2.2807803695,0,0.0202030254777,0.0176612367021,0.0171600439297,0.0233395376176,0.0200478830645,0.0204847803656,after_reset,2.51279706985,1681.69283558,0.0325787854696,1.94138023983,0.574511040794,0.0325787854696,0.0369941185861,0.0211740839192,0.0405069176631,0.0329255209352,0.0320519236998,0.00934421029061,0.0449044585987,0.0329787234043,0.032268370607,0.0592476489028,0.0429032258065,0.0462264150943,942,94,313,319,310,848
two_r8,eps2,123,0,0.25,retained,4.53977133663e-15,0.931327364161,-0.520494063549,5109.60278389,0.484424181894,1,-0.257348181563,3.74506890531,4.70323699566,2.32618949987,0.35360898408,0.0334726645435,0.0290475398936,0.0278803913738,0.0415238048589,0.0308341733871,0.0339631854363,after_reset,4.3581323876,5114.13924722,0.0568130136751,3.38550564499,0.603756405822,0.0568130136751,0.0642971481735,0.0335461644369,0.0747002675192,0.0541269820453,0.0559217704698,0.00934421029061,0.0740976645435,0.0457446808511,0.0514376996805,0.100940438871,0.0693548387097,0.0772405660377,942,94,313,319,310,848
two_r8,eps2,123,0,0.25,shared_reset,4.56058801834e-15,-3.95922088116e-11,-9.76763092974e-05,2.70801026562e-05,2.46059896649e-11,1,-1.61140432109e-07,0.394181469759,4.70456859765,2.3261036307,0.0992983547311,0.000132696390658,0.00132978723404,0.00011232028754,0.000171434169279,0.000113407258065,0,after_reset,0.000137914706365,0.394012874908,0.000498674039084,0.0297161453885,0.603756405822,0.000498674039084,0.00157857565694,0.000350709155449,0.000633498991593,0.000467433547007,4.04823140736e-06,0.00934421029061,0.000212314225053,0.00212765957447,0.000319488817891,0,0.000322580645161,0,942,94,313,319,310,848
two_r8,eps2,123,0,0.25,local_reset,6.07066480418e-15,1.12869350126,-0.663707789853,5109.59391942,0.463392146976,1,-0.245642372658,3.292743806,4.70323699566,2.32614750028,0.336632611427,0.033501691879,0.0293384308511,0.0278679113419,0.041585031348,0.0308719758065,0.0339631854363,after_reset,4.35813070457,5113.78874205,0.0568110667594,3.38538962766,0.603756405822,0.0568110667594,0.0642802662077,0.0335430469107,0.0746989183164,0.0541246392215,0.0559217246486,0.00934421029061,0.073991507431,0.0446808510638,0.0514376996805,0.100626959248,0.0693548387097,0.0772405660377,942,94,313,319,310,848
two_r8,eps2,123,0,0.25,retained,5.30131494259e-15,5.89451337608,-4.06405465552,10528.6468822,9.3687785042,4,-5.01077139943,47.8661612866,4.70323699566,2.47307341814,1.26274286252,0.0411068537686,0.0336186835106,0.0283671126198,0.0560222374608,0.0386214717742,0.0419369103774,after_reset,6.26096486616,10579.5211967,0.0817136404633,4.86934195469,0.691212320481,0.0817136404633,0.0886778008263,0.0475286607048,0.106868403283,0.0790984371928,0.0809047702767,0.00934421029061,0.101910828025,0.0712765957447,0.0613418530351,0.148589341693,0.0948387096774,0.105306603774,942,94,313,319,310,848
two_r8,eps2,123,0,0.25,shared_reset,4.9569723326e-15,-1.78824475996e-09,-0.000216648103358,0.000124444291787,9.32091335961e-11,4,-1.34865229368e-07,0.403439758889,4.70456859765,2.47246250285,0.0976247500528,6.2201433121e-05,0.000623337765957,3.74400958466e-05,0.000122452978056,2.52016129032e-05,0,after_reset,0.000287746655739,0.40313063376,0.000504410889187,0.0300580061199,0.691212320481,0.000504410889187,0.0015965715727,0.00035944686552,0.000635382062913,0.000476714349519,8.65692813837e-06,0.00934421029061,0,0,0,0,0,0,942,94,313,319,310,848
two_r8,eps2,123,0,0.25,local_reset,5.92581539394e-15,6.12540719572,-4.16870722142,10528.6288783,9.30316195543,4,-4.97930428857,47.2005362391,4.70323699566,2.47303131188,1.2563841216,0.0411027070064,0.0336186835106,0.0283671126198,0.0559977468652,0.0386340725806,0.0419323039505,after_reset,6.2609600712,10579.0873679,0.0817119650522,4.86924211641,0.691212320481,0.0817119650522,0.0886628477024,0.0475278781055,0.106866761423,0.0790959352592,0.0809047071967,0.00934421029061,0.102016985138,0.0712765957447,0.0613418530351,0.148275862069,0.0954838709677,0.105424528302,942,94,313,319,310,848
two_r8,eps2,123,0,0.25,retained,6.29531149432e-15,-133.190986102,86.1556665059,28896.0366742,157.183730654,10,-85.8266769318,517.103364401,4.89868657506,2.71967134029,3.31810136308,0.0549031316348,0.046875,0.0331220047923,0.0792270768025,0.0518649193548,0.0557930424528,after_reset,9.94203029429,29304.5997762,0.135997038157,8.10410697477,0.85250037763,0.135997038157,0.142883459671,0.0786868961936,0.178580386356,0.130893692562,0.13521209277,0.00934421029061,0.137579617834,0.121276595745,0.0932907348243,0.18526645768,0.133225806452,0.139386792453,942,94,313,319,310,848
two_r8,eps2,123,0,0.25,shared_reset,6.97705782038e-15,-3.75994925064e-08,-0.000612663539441,0.000576330662844,4.72520253973e-10,10,-8.19853449847e-07,0.427320745384,4.90312384025,2.72059639836,0.0952535348801,2.90273354565e-05,0.000166223404255,1.24800319489e-05,4.89811912226e-05,2.52016129032e-05,1.38192806604e-05,after_reset,0.000633798874045,0.426670034534,0.000518928620912,0.0309231223939,0.85250037763,0.000518928620912,0.00164179892983,0.000366279300198,0.000654821981543,0.000491513249504,1.85221173883e-05,0.00934421029061,0.000106157112527,0,0.000319488817891,0,0,0.000117924528302,942,94,313,319,310,848
two_r8,eps2,123,0,0.25,local_reset,6.02035782338e-15,-132.099268361,85.3583892137,28895.9819478,157.000548595,10,-85.7364317672,516.348134675,4.89868744253,2.71964830048,3.31558672914,0.0548948381104,0.0468334441489,0.0330970447284,0.0792270768025,0.0518649193548,0.0557884360259,after_reset,9.94202787197,29304.3760092,0.135996518926,8.10407603365,0.85250037763,0.135996518926,0.142879794541,0.0786862273758,0.178580725917,0.130891982479,0.135211941957,0.00934421029061,0.137579617834,0.121276595745,0.0932907348243,0.18526645768,0.133225806452,0.139386792453,942,94,313,319,310,848
two_r8,eps2,123,0,1,retained,4.63518112781e-15,0,0,7119.49681965,0,-1,0,0,4.57567828431,2.22548431552,0,0.0415795846603,0.0404753989362,0.0420452276358,0.0427973158307,0.0398563508065,0.0417019826061,pulse,2.67798618784,7119.49681965,0.0670326213474,1,0.548517407026,0.0670326213474,0.0672191760876,0.057051004888,0.0715792310646,0.0713820914374,0.0670119099549,0.00934421029061,0.0839702760085,0.0755319148936,0.0680511182109,0.0959247648903,0.0877419354839,0.0849056603774,942,94,313,319,310,848
two_r8,eps2,123,0,1,retained,4.62477278695e-15,0.0904306588446,-0.0400722690995,9523.69504271,0.229315552093,0,-0.0624374141435,6.20103869509,4.57567828431,2.28079201963,0.398608531567,0.0482683121019,0.0457945478723,0.0459389976038,0.0524588557994,0.0463079637097,0.048542526533,before_reset,4.01592116571,9530.10123891,0.0775550906802,1.15697535202,0.574511040794,0.0775550906802,0.0903223982133,0.0623664114748,0.087389737052,0.0805686796818,0.0760079238126,0.00934421029061,0.0971337579618,0.0808510638298,0.0712460063898,0.120376175549,0.0993548387097,0.0989386792453,942,94,313,319,310,848
two_r8,eps2,123,0,1,retained,4.62477278695e-15,0.0904306588446,-0.0400722690995,9523.69504271,0.229315552093,0,-0.0624374141435,6.20103869509,4.57567828431,2.28079201963,0.398608531567,0.0482683121019,0.0457945478723,0.0459389976038,0.0524588557994,0.0463079637097,0.048542526533,after_reset,4.01592116571,9530.10123891,0.0775550906802,1.15697535202,0.574511040794,0.0775550906802,0.0903223982133,0.0623664114748,0.087389737052,0.0805686796818,0.0760079238126,0.00934421029061,0.0971337579618,0.0808510638298,0.0712460063898,0.120376175549,0.0993548387097,0.0989386792453,942,94,313,319,310,848
two_r8,eps2,123,0,1,shared_reset,3.42607886505e-15,0,0,0,0,0,0,6.20103869509,4.57567828431,2.28079201963,0.398608531567,0.000203191348195,0.00203623670213,0.000149760383387,0.000232660658307,0.000226814516129,0,after_reset,0,6.20103869509,0.00197830739118,0.0295126067191,0.574511040794,0.00197830739118,0.00626260900548,0.00130685269665,0.0025109670991,0.0019183857561,0,0.00934421029061,0.00031847133758,0.0031914893617,0.000319488817891,0.000313479623824,0.000322580645161,0,942,94,313,319,310,848
two_r8,eps2,123,0,1,local_reset,4.62477278695e-15,0,0,9523.69504271,0,0,0,0,4.57567828431,2.2807803695,0,0.0482144041932,0.0452543218085,0.0459265175719,0.0523119122257,0.0463079637097,0.048542526533,after_reset,4.01592116571,9523.69504271,0.0775290197794,1.15658642346,0.574511040794,0.0775290197794,0.0900978233322,0.0623395270669,0.0873603849777,0.0805461940216,0.0760079238126,0.00934421029061,0.0971337579618,0.0808510638298,0.0712460063898,0.120376175549,0.0993548387097,0.0989386792453,942,94,313,319,310,848
two_r8,eps2,123,0,1,retained,4.38711567075e-15,0.170554822249,-0.451273922581,11202.9000274,1.28952872988,1,-0.493101155657,17.4993938437,4.69942321052,2.32594748038,0.686881697793,0.0512622744161,0.0469996675532,0.0488842851438,0.0550915948276,0.0497227822581,0.0517347803656,after_reset,4.71160651848,11220.1413094,0.0841512780379,1.25537799875,0.603756405822,0.0841512780379,0.0974058968467,0.0666033610242,0.095862211647,0.087081219217,0.0825510904788,0.00934421029061,0.105201698514,0.081914893617,0.0808306709265,0.136990595611,0.0970967741935,0.107783018868,942,94,313,319,310,848
two_r8,eps2,123,0,1,shared_reset,6.44883452194e-15,-2.85971214382e-08,-0.000908073770796,0.000378415841662,5.92558686548e-09,1,-5.51403544432e-06,6.24416323821,4.70456859765,2.32605457973,0.396583954656,0.000286126592357,0.00282579787234,0.000237120607029,0.000342868338558,0.000277217741935,4.60642688679e-06,after_reset,0.000531716068357,6.24271442717,0.00198494412971,0.0296116143127,0.603756405822,0.00198494412971,0.00628345403196,0.00132522214833,0.0025577125253,0.00186212169027,1.51378430594e-05,0.00934421029061,0.00127388535032,0.0117021276596,0.00127795527157,0.00188087774295,0.000645161290323,0.000117924528302,942,94,313,319,310,848
two_r8,eps2,123,0,1,local_reset,5.64825963778e-15,-0.102926758373,-0.243577849528,11202.8047098,0.951501187715,1,-0.380878463661,10.7415600798,4.69942321052,2.32595385851,0.544376839614,0.0512373938429,0.0467918882979,0.0488468450479,0.0551160854232,0.0496597782258,0.0517301739387,after_reset,4.71158392575,11213.0430049,0.0841246551155,1.25498083507,0.603756405822,0.0841246551155,0.0971778153665,0.0665763515803,0.0958317851313,0.0870583664207,0.0825507451458,0.00934421029061,0.105201698514,0.081914893617,0.0808306709265,0.136677115987,0.0974193548387,0.107783018868,942,94,313,319,310,848
two_r8,eps2,123,0,1,retained,5.45570533195e-15,-5.40539492259,-2.11727382693,19820.2291624,19.3343175885,4,-7.8663238905,93.6891823061,4.69942321052,2.47232817359,1.61483871511,0.0582661557856,0.0528174867021,0.0476737220447,0.0696634992163,0.0572328629032,0.0588701356132,after_reset,7.1019516896,19902.474677,0.112076637505,1.67197157522,0.691212320481,0.112076637505,0.124465795881,0.0834653102916,0.133970677471,0.112546275297,0.110617913007,0.00934421029061,0.121231422505,0.101063829787,0.0757188498403,0.166144200627,0.120967741935,0.123466981132,942,94,313,319,310,848
two_r8,eps2,123,0,1,shared_reset,5.79224168629e-15,-1.64278264049e-07,-0.00203895807429,0.00186836393128,2.40667338749e-08,4,9.04108535196e-06,6.377275939,4.70456859765,2.47242554844,0.389717747055,0.0002570992569,0.00249335106383,0.000174720447284,0.000379604231975,0.000214213709677,9.21285377358e-06,after_reset,0.00114134118862,6.37508416446,0.00200587799578,0.0299239080236,0.691212320481,0.00200587799578,0.00634908436464,0.00136064863682,0.00255764816002,0.00190410823139,3.36260245577e-05,0.00934421029061,0.000636942675159,0.0031914893617,0,0.000940438871473,0.000967741935484,0.000353773584906,942,94,313,319,310,848
two_r8,eps2,123,0,1,local_reset,7.00828284295e-15,-4.53801020546,-2.31759120022,19819.9795123,18.404519557,4,-7.49580585138,85.2986236235,4.69942321052,2.47231957333,1.54935586367,0.0582703025478,0.0527759308511,0.0476612420128,0.0697002351097,0.0572202620968,0.058879348467,after_reset,7.10191344749,19894.9798409,0.112055532715,1.67165673163,0.691212320481,0.112055532715,0.124280630297,0.0834431367116,0.133946431641,0.112528713779,0.110617239605,0.00934421029061,0.12101910828,0.0978723404255,0.0753993610224,0.165830721003,0.120967741935,0.12358490566,942,94,313,319,310,848
two_r8,eps2,123,0,1,retained,5.1668738732e-15,-147.043762322,36.4900399345,40498.2164081,186.201634871,10,-82.3552030322,540.423776079,4.89911410566,2.71938236724,3.57353062871,0.0642996947983,0.0580950797872,0.0443789936102,0.087700822884,0.0603326612903,0.0649874705189,after_reset,10.4575734935,40839.0239682,0.160545904009,2.39504141091,0.85250037763,0.160545904009,0.173208028442,0.111023025398,0.199851560683,0.157407410062,0.159080279833,0.00934421029061,0.146496815287,0.122340425532,0.105750798722,0.2,0.132580645161,0.149174528302,942,94,313,319,310,848
two_r8,eps2,123,0,1,shared_reset,6.1990343414e-15,-1.98658002802e-06,-0.00573000963992,0.00793009442277,1.20269053588e-07,10,-3.06023863453e-05,6.75876374786,4.9031191181,2.72052801773,0.380268621467,0.000190751061571,0.00166223404255,0.000212160543131,0.00019592476489,0.000163810483871,2.76385613208e-05,after_reset,0.00247709619134,6.75516876534,0.00206480790704,0.0308030309055,0.85250037763,0.00206480790704,0.00653315818981,0.00140074117898,0.00262976031389,0.001964141423,6.89373268971e-05,0.00934421029061,0.000530785562633,0.00425531914894,0.000958466453674,0,0.000645161290323,0.000117924528302,942,94,313,319,310,848
two_r8,eps2,123,0,1,local_reset,5.66560687254e-15,-171.497587484,64.6214584114,46250.232682,231.294336487,10,-105.277005282,533.691223717,4.89754268129,2.71971551221,3.6040038394,0.0677705347665,0.0598404255319,0.046138678115,0.0933581504702,0.06328125,0.0686495798939,after_reset,11.2551634747,46590.9119735,0.171479480285,2.55814970141,0.85250037763,0.171479480285,0.184331969337,0.11634103011,0.215254173552,0.16735629959,0.169994977766,0.00934421029061,0.155520169851,0.135106382979,0.112779552716,0.210971786834,0.141612903226,0.157783018868,942,94,313,319,310,848
two_r8,eps2,123,1,0.25,retained,4.37844205337e-15,0,0,462.063468042,0,-1,0,0,4.57567828431,2.22548431552,0,0.0103793458068,0.00974367977528,0.00983426517572,0.0112901645768,0.00999243951613,0.0104456696952,pulse,0.67638592539,462.063468042,0.0170770311092,1,0.548517407026,0.0170770311092,0.0168153633987,0.0147262128297,0.0180489211441,0.0182203862567,0.0171041022716,0.00934421029061,0.0250530785563,0.0269662921348,0.0242811501597,0.0263322884013,0.0245161290323,0.0248534583822,942,89,313,319,310,853
two_r8,eps2,123,1,0.25,retained,3.96384314261e-15,0.038346150693,-0.15546107662,1873.9591432,0.00434708507569,0,-0.000838700376281,0.584495508255,4.72856592879,2.27916336959,0.105419930753,0.0188885018577,0.0161516853933,0.0148262779553,0.0234497452978,0.0182963709677,0.0191740548066,before_reset,2.56159212625,1874.31207855,0.0343939855781,2.01404947722,0.57639843174,0.0343939855781,0.0355437696458,0.0224211067281,0.0431255858085,0.0342527146606,0.0342717975734,0.00934421029061,0.0491507430998,0.0325842696629,0.0389776357827,0.0648902821317,0.0432258064516,0.0508792497069,942,89,313,319,310,853
two_r8,eps2,123,1,0.25,retained,3.96384314261e-15,0.038346150693,-0.15546107662,1873.9591432,0.00434708507569,0,-0.000838700376281,0.584495508255,4.72856592879,2.27916336959,0.105419930753,0.0188885018577,0.0161516853933,0.0148262779553,0.0234497452978,0.0182963709677,0.0191740548066,after_reset,2.56159212625,1874.31207855,0.0343939855781,2.01404947722,0.57639843174,0.0343939855781,0.0355437696458,0.0224211067281,0.0431255858085,0.0342527146606,0.0342717975734,0.00934421029061,0.0491507430998,0.0325842696629,0.0389776357827,0.0648902821317,0.0432258064516,0.0508792497069,942,89,313,319,310,853
two_r8,eps2,123,1,0.25,shared_reset,3.34454686168e-15,0,0,0,0,0,0,0.584495508255,4.72856592879,2.27916336959,0.105419930753,9.12287685775e-05,0.00096558988764,9.98402555911e-05,9.79623824451e-05,7.56048387097e-05,0,after_reset,0,0.584495508255,0.000607368328782,0.0355663888469,0.57639843174,0.000607368328782,0.00197598020669,0.000344740508349,0.000877821909423,0.000456102889925,0,0.00934421029061,0.000106157112527,0.00112359550562,0,0.000313479623824,0,0,942,89,313,319,310,853
two_r8,eps2,123,1,0.25,local_reset,3.96384314261e-15,0,0,1873.9591432,0,0,0,0,4.72993214983,2.27916143351,0,0.0188885018577,0.0161516853933,0.0148512380192,0.0234252547022,0.0182963709677,0.0191740548066,after_reset,2.56159212625,1873.9591432,0.0343907472101,2.01385984426,0.57639843174,0.0343907472101,0.0355105887255,0.0224194066995,0.0431214982692,0.0342492529756,0.0342717975734,0.00934421029061,0.0492569002123,0.0337078651685,0.0389776357827,0.0652037617555,0.0432258064516,0.0508792497069,942,89,313,319,310,853
two_r8,eps2,123,1,0.25,retained,4.32986979604e-15,-0.832070603154,0.240542673488,4135.56093519,0.477662121244,1,-0.250489074751,4.01265896249,4.72856592879,2.32739760862,0.363219102919,0.0290729498408,0.0242714185393,0.0209290135783,0.0395155760188,0.0265498991935,0.0295739302462,after_reset,3.71585930309,4138.36722227,0.0511064913056,2.99270353135,0.598188915801,0.0511064913056,0.0513854874291,0.0318366398156,0.0663655235141,0.0487964431108,0.0510772937135,0.00934421029061,0.0675159235669,0.0516853932584,0.0495207667732,0.0880877742947,0.0645161290323,0.0691676436108,942,89,313,319,310,853
two_r8,eps2,123,1,0.25,shared_reset,5.04584980569e-15,-5.20906927357e-10,-4.39443621254e-05,4.3946145785e-05,4.13696264351e-11,1,7.30971359821e-07,0.576505664871,4.72856592879,2.32754857197,0.104319399776,4.14676220807e-05,0.000395014044944,2.49600638978e-05,2.44905956113e-05,7.56048387097e-05,4.57942555686e-06,after_reset,0.000148424337697,0.576463183235,0.000603180566283,0.0353211610628,0.598188915801,0.000603180566283,0.00196229079528,0.000347585574918,0.000864999420376,0.000462203914626,5.16568320051e-06,0.00934421029061,0.000212314225053,0.00224719101124,0,0.000313479623824,0.000322580645161,0,942,89,313,319,310,853
two_r8,eps2,123,1,0.25,local_reset,5.83214032623e-15,-0.878116557251,0.368452687877,4135.55566789,0.466835076984,1,-0.24739339029,3.48040489258,4.72993214983,2.32738830803,0.348204564455,0.0290646563163,0.024139747191,0.0209040535144,0.0395400666144,0.0265246975806,0.0295785096717,after_reset,3.71585841063,4137.98879334,0.0511041545607,2.9925666958,0.598188915801,0.0511041545607,0.0513611880874,0.0318330903343,0.0663645826599,0.0487926611387,0.0510772617727,0.00934421029061,0.0676220806794,0.052808988764,0.0495207667732,0.0884012539185,0.0645161290323,0.0691676436108,942,89,313,319,310,853
two_r8,eps2,123,1,0.25,retained,5.32733579472e-15,-6.27163329074,2.45049563243,9217.25079597,7.86474152087,4,-4.12321644756,40.0682207732,4.72856592879,2.48870365899,1.11907351416,0.0360187765393,0.0299771769663,0.0225014976038,0.0522017045455,0.0330141129032,0.0366491427315,after_reset,5.65514527968,9249.29505005,0.0764039601938,4.47407747313,0.685105980131,0.0764039601938,0.076270576439,0.0462910481224,0.0998810426487,0.0728643411349,0.076417863726,0.00934421029061,0.0947983014862,0.0730337078652,0.0667731629393,0.126959247649,0.09,0.0970691676436,942,89,313,319,310,853
two_r8,eps2,123,1,0.25,shared_reset,4.96087546042e-15,-5.24879555705e-10,-9.94239861729e-05,0.000395072956915,3.42432869938e-10,4,8.35924591868e-07,0.549329459356,4.72856592879,2.48916135908,0.100839752836,3.73208598726e-05,0.000395014044944,2.49600638978e-05,7.34717868339e-05,1.26008064516e-05,0,after_reset,0.000431105356976,0.549527355482,0.000588919874838,0.0344860808106,0.685105980131,0.000588919874838,0.00191535646375,0.000360431765973,0.000818377339683,0.000483271729432,1.55452285089e-05,0.00934421029061,0.000212314225053,0.00224719101124,0.000638977635783,0,0,0,942,89,313,319,310,853
two_r8,eps2,123,1,0.25,local_reset,5.82867087928e-15,-6.20904998437,2.55548448513,9217.26227471,7.82761165273,4,-4.10786369231,39.5223907865,4.72993214983,2.48870300288,1.11383600953,0.0360353635881,0.030152738764,0.0225139776358,0.0522139498433,0.0330393145161,0.0366491427315,after_reset,5.65513852031,9249.08941877,0.0764031108787,4.47402773878,0.685105980131,0.0764031108787,0.0762611677144,0.0462897582585,0.0998815198018,0.0728617892236,0.0764179057027,0.00934421029061,0.0947983014862,0.0730337078652,0.0667731629393,0.126959247649,0.09,0.0970691676436,942,89,313,319,310,853
two_r8,eps2,123,1,0.25,retained,6.57980614438e-15,-79.8812491229,41.0956673059,28012.1281022,143.834726381,10,-71.4080675974,594.892068808,4.90763201944,2.71994141491,3.25389973445,0.0500721536624,0.0432320926966,0.0286416733227,0.0757371669279,0.0452998991935,0.0507858294256,after_reset,9.76139330884,28530.4675986,0.134188716104,7.85784807944,0.831006575036,0.134188716104,0.137773666783,0.0793540167494,0.177491378829,0.126257939001,0.133809137537,0.00934421029061,0.11974522293,0.0966292134831,0.0709265175719,0.173354231975,0.113870967742,0.122157092614,942,89,313,319,310,853
two_r8,eps2,123,1,0.25,shared_reset,6.35255736903e-15,-2.0055178385e-08,-0.000325695525715,0.00128480768762,1.02095252081e-09,10,1.84042779683e-07,0.568881964207,4.90906910917,2.7199529854,0.0993550601684,4.14676220807e-05,0.000351123595506,2.49600638978e-05,4.89811912226e-05,5.04032258065e-05,9.15885111372e-06,after_reset,0.000801161582365,0.569515709839,0.000599534814194,0.0351076724261,0.831006575036,0.000599534814194,0.00194856696649,0.000388200410764,0.000828511759736,0.000483447538869,2.80068860769e-05,0.00934421029061,0.000212314225053,0.00112359550562,0,0.000626959247649,0,0.000117233294256,942,89,313,319,310,853
two_r8,eps2,123,1,0.25,local_reset,5.59101376307e-15,-78.9738993265,40.7891128174,28012.1277731,143.565333398,10,-71.2649203299,593.779809371,4.90762955301,2.71996387837,3.25020077187,0.0500680069002,0.0432759831461,0.0286291932907,0.0757494122257,0.0452872983871,0.0507766705744,after_reset,9.76138298894,28530.5735022,0.134188965155,7.85786266338,0.831006575036,0.134188965155,0.137774580467,0.0793499984012,0.177497193345,0.126252881768,0.133809315196,0.00934421029061,0.11974522293,0.0966292134831,0.0709265175719,0.173354231975,0.113870967742,0.122157092614,942,89,313,319,310,853
two_r8,eps2,123,1,1,retained,4.59354776439e-15,0,0,7442.47408835,0,-1,0,0,4.57567828431,2.22548431552,0,0.0398545315817,0.0380969101124,0.0396989816294,0.0412544083072,0.0385710685484,0.0400379176436,pulse,2.70976499572,7442.47408835,0.0685362311324,1,0.548517407026,0.0685362311324,0.0674907952507,0.0591898529857,0.0723519908875,0.0731391872455,0.0686443921613,0.00934421029061,0.086093418259,0.0831460674157,0.0811501597444,0.0981191222571,0.0787096774194,0.0864009378664,942,89,313,319,310,853
two_r8,eps2,123,1,1,retained,4.22578638748e-15,-1.45827767807,-0.693982257504,9828.51763558,0.284184808428,0,0.0396324387157,9.84700218546,4.72309609412,2.27900917872,0.428924259752,0.0442003383758,0.0433637640449,0.0421575479233,0.0487730211599,0.0415574596774,0.0442876245604,before_reset,3.70772608399,9834.42356758,0.0787836336759,1.1495180341,0.57639843174,0.0787836336759,0.0900432985932,0.0653398845277,0.0882753059196,0.0808174962623,0.0775146561086,0.00934421029061,0.0952229299363,0.0820224719101,0.0849840255591,0.112539184953,0.0877419354839,0.0966002344666,942,89,313,319,310,853
two_r8,eps2,123,1,1,retained,4.22578638748e-15,-1.45827767807,-0.693982257504,9828.51763558,0.284184808428,0,0.0396324387157,9.84700218546,4.72309609412,2.27900917872,0.428924259752,0.0442003383758,0.0433637640449,0.0421575479233,0.0487730211599,0.0415574596774,0.0442876245604,after_reset,3.70772608399,9834.42356758,0.0787836336759,1.1495180341,0.57639843174,0.0787836336759,0.0900432985932,0.0653398845277,0.0882753059196,0.0808174962623,0.0775146561086,0.00934421029061,0.0952229299363,0.0820224719101,0.0849840255591,0.112539184953,0.0877419354839,0.0966002344666,942,89,313,319,310,853
two_r8,eps2,123,1,1,shared_reset,2.81458883977e-15,0,0,0,0,0,0,9.84700218546,4.72309609412,2.27900917872,0.428924259752,0.000319300690021,0.00337956460674,0.000287040734824,0.000404094827586,0.000264616935484,0,after_reset,0,9.84700218546,0.00249295001084,0.036374191718,0.57639843174,0.00249295001084,0.00811043257319,0.00140070410086,0.00362956429175,0.0018297030035,0,0.00934421029061,0.00031847133758,0.00337078651685,0.000319488817891,0.000626959247649,0,0,942,89,313,319,310,853
two_r8,eps2,123,1,1,local_reset,4.22578638748e-15,0,0,9828.51763558,0,0,0,0,4.72993214983,2.27916143351,0,0.0441754578025,0.0431004213483,0.0420701876997,0.0487852664577,0.0415574596774,0.0442876245604,after_reset,3.70772608399,9828.51763558,0.0787599738927,1.1491728184,0.57639843174,0.0787599738927,0.0898239573326,0.0653357122922,0.0882300715692,0.080801655053,0.0775146561086,0.00934421029061,0.0955414012739,0.085393258427,0.085303514377,0.112539184953,0.0883870967742,0.0966002344666,942,89,313,319,310,853
two_r8,eps2,123,1,1,retained,4.38754935161e-15,-2.46356688603,-1.50152864829,12989.596646,1.47151915527,1,-0.33215083522,19.8880982498,4.72309609412,2.3271609857,0.655962749385,0.0497860270701,0.0469627808989,0.0426941892971,0.0603938087774,0.0460307459677,0.0500805978898,after_reset,4.85104526826,13002.3617707,0.0905884180453,1.32175955036,0.598188915801,0.0905884180453,0.101152091524,0.0711795982677,0.106272717397,0.0905488950012,0.0894143571571,0.00934421029061,0.104140127389,0.0921348314607,0.0916932907348,0.122884012539,0.0974193548387,0.105392731536,942,89,313,319,310,853
two_r8,eps2,123,1,1,shared_reset,3.94253856992e-15,-1.0745395972e-07,-0.00120080490988,0.000772013503754,1.20151825711e-08,1,6.45073831113e-05,9.69241219675,4.72309609412,2.32742100828,0.424175434385,0.0002570992569,0.00258953651685,0.000249600638978,0.000293887147335,0.000226814516129,1.37382766706e-05,after_reset,0.000614498800007,9.69091141231,0.00247311245513,0.0360847454589,0.598188915801,0.00247311245513,0.00804561493327,0.00141195429679,0.003573575088,0.00185243448014,2.16500988088e-05,0.00934421029061,0.000530785562633,0.00561797752809,0,0.0012539184953,0.000322580645161,0,942,89,313,319,310,853
two_r8,eps2,123,1,1,local_reset,3.76088049592e-15,-0.470883233601,-1.91839665254,12989.5442722,1.08621591403,1,-0.325997777602,10.0455990543,4.72993214983,2.32728072981,0.50066225994,0.0498192011677,0.0472700140449,0.0426442691693,0.0605162617555,0.0460559475806,0.0500851773154,after_reset,4.85103885837,12995.2455319,0.090563624971,1.32139779901,0.598188915801,0.090563624971,0.100918329691,0.0711664168957,0.106236161639,0.0905281338145,0.0894141815685,0.00934421029061,0.104352441614,0.0943820224719,0.0920127795527,0.123197492163,0.0974193548387,0.105392731536,942,89,313,319,310,853
two_r8,eps2,123,1,1,retained,5.23192600355e-15,16.3814786055,-7.91434469063,25910.430083,25.145989166,4,-10.1531456577,90.9856022091,4.72309609412,2.48862166712,1.56957030881,0.0589628118365,0.0526685393258,0.0434180311502,0.0796066810345,0.0534148185484,0.0596195413247,after_reset,7.89785032043,26023.1896509,0.128156847646,1.86991384744,0.685105980131,0.128156847646,0.137986531769,0.0916627103006,0.159437918525,0.123557605365,0.127087447694,0.00934421029061,0.142144373673,0.11797752809,0.10607028754,0.18934169279,0.13,0.144665885111,942,89,313,319,310,853
two_r8,eps2,123,1,1,shared_reset,5.00901403688e-15,-4.5785126134e-07,-0.00216554320905,0.0068951063543,1.00357364594e-07,4,9.36198391184e-05,9.18337145198,4.72309609412,2.48901737827,0.409239130597,0.000199044585987,0.00210674157303,8.73602236422e-05,0.000355113636364,0.000151209677419,0,after_reset,0.00177975596907,9.18612189625,0.00240784016655,0.0351323690662,0.685105980131,0.00240784016655,0.00783096116007,0.00146405680757,0.00337427064295,0.00193314488252,6.493039548e-05,0.00934421029061,0.000530785562633,0.00449438202247,0.000958466453674,0.000313479623824,0.000322580645161,0.000117233294256,942,89,313,319,310,853
two_r8,eps2,123,1,1,local_reset,5.64869331865e-15,21.5189540342,-10.1155301443,25910.3295372,23.8627331093,4,-9.77980287907,80.2438722114,4.72993214983,2.48877084078,1.50180980239,0.0589006104034,0.051878511236,0.0433306709265,0.0795209639498,0.0534022177419,0.0596332796014,after_reset,7.89783320273,26017.6833845,0.128143288526,1.86971600873,0.685105980131,0.128143288526,0.137855420961,0.0916518407451,0.159419733364,0.123547158438,0.127087194567,0.00934421029061,0.142569002123,0.122471910112,0.10607028754,0.190595611285,0.13,0.144665885111,942,89,313,319,310,853
two_r8,eps2,123,1,1,retained,6.07239952766e-15,-49.6953653648,28.1494639078,52450.8226542,249.517991958,10,-114.893788012,543.87208636,4.90430558244,2.71770543446,3.61013822414,0.0669370355626,0.0614905196629,0.0416209065495,0.0978766653605,0.0606602822581,0.0675053121336,after_reset,11.8147613017,52971.3333536,0.182844543814,2.66785232852,0.831006575036,0.182844543814,0.192732118475,0.123448912081,0.232354242904,0.175064308624,0.181781916027,0.00934421029061,0.152016985138,0.133707865169,0.102875399361,0.216927899687,0.134838709677,0.153927315358,942,89,313,319,310,853
two_r8,eps2,123,1,1,shared_reset,5.57019708136e-15,-1.94520893165e-06,-0.00586448687871,0.0219799216109,2.86860277825e-07,10,6.56986720178e-05,9.50474051164,4.90907396454,2.71975477938,0.402529796649,0.000199044585987,0.00193117977528,0.000162240415335,0.000293887147335,0.000138608870968,1.83177022274e-05,after_reset,0.00327469883847,9.51511925328,0.00245057879217,0.0357559607769,0.831006575036,0.00245057879217,0.00796450370894,0.0015683020856,0.00341650497006,0.00193745057394,0.000115916674341,0.00934421029061,0.000955414012739,0.00786516853933,0.000319488817891,0.00156739811912,0.000967741935484,0.000234466588511,942,89,313,319,310,853
two_r8,eps2,123,1,1,local_reset,5.71417912987e-15,-38.5832892756,24.1038122062,52450.3068515,244.844815399,10,-112.697101338,528.33541233,4.90429142932,2.71793148732,3.56810439987,0.0669577693737,0.0619294241573,0.0416458666134,0.0979256465517,0.0606476814516,0.0674824150059,after_reset,11.8146622953,52969.1339224,0.182840747816,2.66779694178,0.831006575036,0.182840747816,0.1927038215,0.123425404632,0.232370068946,0.175047380081,0.181780829557,0.00934421029061,0.151804670913,0.131460674157,0.101916932907,0.216927899687,0.135161290323,0.153927315358,942,89,313,319,310,853
two_r8,eps2,2026,0,0.25,retained,3.98292510084e-15,0,0,421.67737551,0,-1,0,0,4.89414373164,2.19298517412,0,0.0122785628981,0.0127051767677,0.0128419528754,0.0120003918495,0.0119959677419,0.0122284623369,pulse,0.670854109562,421.67737551,0.0163136711272,1,0.499445666371,0.0163136711272,0.0163264691916,0.0131761570961,0.0183596410894,0.0169279619708,0.0163121674929,0.00934421029061,0.0237791932059,0.0181818181818,0.0233226837061,0.0238244514107,0.0241935483871,0.0244365361803,942,99,313,319,310,843
two_r8,eps2,2026,0,0.25,retained,3.83026943496e-15,-0.0217607532917,-0.0827752055329,3360.55025952,0.0128456068279,0,-0.00611858082524,0.339288910719,4.89414373164,2.25211872631,0.102159721679,0.0305450504246,0.0267124368687,0.0254343051118,0.0370542711599,0.0290070564516,0.0309951438316,before_reset,3.19061293884,3360.68108496,0.0460548321355,2.82308205041,0.527470020797,0.0460548321355,0.0521704420378,0.0281982200814,0.0601889181285,0.0437553658848,0.0452824673263,0.00934421029061,0.0624203821656,0.0424242424242,0.0527156549521,0.0789968652038,0.0551612903226,0.064768683274,942,99,313,319,310,843
two_r8,eps2,2026,0,0.25,retained,3.83026943496e-15,-0.0217607532917,-0.0827752055329,3360.55025952,0.0128456068279,0,-0.00611858082524,0.339288910719,4.89414373164,2.25211872631,0.102159721679,0.0305450504246,0.0267124368687,0.0254343051118,0.0370542711599,0.0290070564516,0.0309951438316,after_reset,3.19061293884,3360.68108496,0.0460548321355,2.82308205041,0.527470020797,0.0460548321355,0.0521704420378,0.0281982200814,0.0601889181285,0.0437553658848,0.0452824673263,0.00934421029061,0.0624203821656,0.0424242424242,0.0527156549521,0.0789968652038,0.0551612903226,0.064768683274,942,99,313,319,310,843
two_r8,eps2,2026,0,0.25,shared_reset,4.10262102069e-15,0,0,0,0,0,0,0.339288910719,4.89414373164,2.25211872631,0.102159721679,7.87884819533e-05,0.000749684343434,0.00011232028754,6.12264890282e-05,6.30040322581e-05,0,after_reset,0,0.339288910719,0.000462749955429,0.0283657768886,0.527470020797,0.000462749955429,0.00142742809268,0.000332078218355,0.000600690441186,0.000409943827264,0,0.00934421029061,0.000212314225053,0.0020202020202,0.000319488817891,0.000313479623824,0,0,942,99,313,319,310,843
two_r8,eps2,2026,0,0.25,local_reset,3.83026943496e-15,0,0,3360.55025952,0,0,0,0,4.89414373164,2.2521079838,0,0.0305284633758,0.0265546085859,0.0254467851438,0.0369930446708,0.0290070564516,0.0309951438316,after_reset,3.19061293884,3360.55025952,0.0460539357097,2.82302710105,0.527470020797,0.0460539357097,0.0521629118146,0.0281956955022,0.0601887861704,0.0437543281993,0.0452824673263,0.00934421029061,0.0623142250531,0.0414141414141,0.0527156549521,0.0786833855799,0.0551612903226,0.064768683274,942,99,313,319,310,843
two_r8,eps2,2026,0,0.25,retained,3.5457747849e-15,-1.74556175077,-0.0051269917082,4542.66441403,1.14548485902,1,-0.579444595756,11.484145665,4.89414373164,2.31526661338,0.615951122756,0.0336343882696,0.0275015782828,0.0254842252396,0.0419034090909,0.0333543346774,0.0343546115065,after_reset,3.74785927372,4550.63377787,0.0535916953445,3.28507881068,0.55497984087,0.0535916953445,0.059149759909,0.0310703601169,0.0700934418329,0.0519321488286,0.0529006661657,0.00934421029061,0.0668789808917,0.0484848484848,0.0517571884984,0.0843260188088,0.0641935483871,0.0690391459075,942,99,313,319,310,843
two_r8,eps2,2026,0,0.25,shared_reset,4.12170297892e-15,-1.94120677521e-10,-4.97767778151e-05,2.52588952623e-05,4.23550870838e-11,1,-1.59928029257e-08,0.342153495952,4.89414373164,2.31527061997,0.101660219171,5.8054670913e-05,0.000552398989899,3.74400958466e-05,6.12264890282e-05,7.56048387097e-05,0,after_reset,0.000157080612036,0.34207916896,0.000464648850525,0.0284821758942,0.55497984087,0.000464648850525,0.00143324047828,0.000338389594425,0.000596983715534,0.00041677454481,3.89505829726e-06,0.00934421029061,0.000212314225053,0.0020202020202,0,0.000313479623824,0.000322580645161,0,942,99,313,319,310,843
two_r8,eps2,2026,0,0.25,local_reset,3.79904441239e-15,-1.88060163287,0.199892479281,4542.64832069,1.12106013698,1,-0.565807592718,11.0297305016,4.89414373164,2.31525403849,0.604865680753,0.0336260947452,0.0274226641414,0.0254592651757,0.0418789184953,0.0333795362903,0.0343546115065,after_reset,3.74785491019,4550.30607783,0.0535897656883,3.28496052608,0.55497984087,0.0535897656883,0.059133810355,0.0310682881823,0.0700911039854,0.0519305964128,0.0529005758291,0.00934421029061,0.0667728237792,0.0474747474747,0.0514376996805,0.0843260188088,0.0641935483871,0.0690391459075,942,99,313,319,310,843
two_r8,eps2,2026,0,0.25,retained,4.39578928813e-15,-18.1314543495,9.7412032392,15895.1624146,17.9775564799,4,-9.38417355726,72.9746970891,4.89414373164,2.45720021426,1.48348215145,0.0532361332272,0.0441919191919,0.0375274560703,0.0699696316614,0.0518775201613,0.0542982651246,after_reset,7.12804890789,15950.5658188,0.100334340324,6.15032260623,0.6356070854,0.100334340324,0.107889877954,0.0584950806038,0.131247789098,0.0970038677169,0.0994093628945,0.00934421029061,0.107112526539,0.0818181818182,0.0683706070288,0.141065830721,0.111290322581,0.110083036773,942,99,313,319,310,843
two_r8,eps2,2026,0,0.25,shared_reset,3.54404006142e-15,1.58331944702e-09,-0.000245212917307,0.000102840512882,2.58136527442e-10,4,-1.78723188833e-07,0.36936101611,4.89414373164,2.45695773743,0.100983007736,7.04949575372e-05,0.000591856060606,6.24001597444e-05,9.79623824451e-05,5.04032258065e-05,9.2674970344e-06,after_reset,0.000373986706914,0.368973076767,0.00048256841345,0.0295806143011,0.6356070854,0.00048256841345,0.00148838668102,0.000354696075796,0.0006145558527,0.000438133140391,7.81499269616e-06,0.00934421029061,0,0,0,0,0,0,942,99,313,319,310,843
two_r8,eps2,2026,0,0.25,local_reset,4.10782519111e-15,-18.700716941,10.2827632738,15895.157262,17.8574996205,4,-9.32716305365,72.2727843764,4.89414373164,2.45718495111,1.4760883645,0.0532361332272,0.0442313762626,0.0375274560703,0.0699818769592,0.0518649193548,0.054293631376,after_reset,7.12804329483,15949.7973126,0.100331923216,6.15017444164,0.6356070854,0.100331923216,0.107868551608,0.0584896773441,0.131245278383,0.0970030560095,0.0994093547342,0.00934421029061,0.107218683652,0.0828282828283,0.0686900958466,0.140752351097,0.111612903226,0.110083036773,942,99,313,319,310,843
two_r8,eps2,2026,0,0.25,retained,4.34374758385e-15,-231.810855711,86.3679172336,36226.4967383,191.741140448,10,-100.252710786,498.617781272,4.58326928328,2.74953034988,3.57634303043,0.0618157842357,0.0526357323232,0.0391997803514,0.0870885579937,0.0586441532258,0.062893868624,after_reset,10.3802602759,36425.4643615,0.151622656482,9.29420823184,0.813020497462,0.151622656482,0.161215713395,0.092285882716,0.196559233826,0.1466352293,0.150455941707,0.00934421029061,0.120700636943,0.10202020202,0.0782747603834,0.163322884013,0.119677419355,0.122894424674,942,99,313,319,310,843
two_r8,eps2,2026,0,0.25,shared_reset,4.44501206676e-15,-1.53139491411e-08,-0.000697146544453,0.000575454935415,1.16984754757e-09,10,-7.81303213821e-07,0.389828553551,4.93970896401,2.75041138716,0.098416027118,6.63481953291e-05,0.000552398989899,6.24001597444e-05,8.57170846395e-05,5.04032258065e-05,9.2674970344e-06,after_reset,0.000805116788705,0.389008123333,0.000495496838795,0.0303731045533,0.813020497462,0.000495496838795,0.00152750946802,0.000372748979783,0.000622776520953,0.000454596597598,1.82863781854e-05,0.00934421029061,0.000106157112527,0.0010101010101,0,0.000313479623824,0,0,942,99,313,319,310,843
two_r8,eps2,2026,0,0.25,local_reset,4.51028103754e-15,-232.507788211,87.7765943462,36226.5548088,191.329820458,10,-100.047102815,497.622990689,4.58327560058,2.74951611076,3.57210524738,0.0618199309979,0.0525962752525,0.0391373801917,0.087137539185,0.0586693548387,0.062903136121,after_reset,10.3802891416,36425.9510266,0.151623669362,9.29427031961,0.813020497462,0.151623669362,0.161222859963,0.0922838660624,0.196563265235,0.146634132397,0.150456183,0.00934421029061,0.120700636943,0.10202020202,0.0782747603834,0.163322884013,0.119677419355,0.122894424674,942,99,313,319,310,843
two_r8,eps2,2026,0,1,retained,3.24740234703e-15,0,0,6700.83849907,0,-1,0,0,4.89414373164,2.19298517412,0,0.0478370488323,0.0487294823232,0.0480356429712,0.0477321708464,0.0477444556452,0.0477322434757,pulse,2.67588744118,6700.83849907,0.0650318529183,1,0.499445666371,0.0650318529183,0.0650707513728,0.0525391220794,0.0731767576987,0.0674815604029,0.0650272832456,0.00934421029061,0.086093418259,0.0737373737374,0.0821086261981,0.0884012539185,0.0877419354839,0.0875444839858,942,99,313,319,310,843
two_r8,eps2,2026,0,1,retained,3.96904731303e-15,-1.07339133576,-0.131944919492,10042.9139512,0.314582915927,0,-0.114996698276,5.50756960212,4.89414373164,2.25197467438,0.40984501587,0.0536134885881,0.0493213383838,0.0489716453674,0.0584957876176,0.0532762096774,0.0541175489324,before_reset,4.08412117997,10046.0954378,0.0796269723125,1.22443031744,0.527470020797,0.0796269723125,0.0918612260971,0.0603064863751,0.0938811046086,0.080778654186,0.0780645043435,0.00934421029061,0.100106157113,0.0757575757576,0.0878594249201,0.120062695925,0.091935483871,0.102965599051,942,99,313,319,310,843
two_r8,eps2,2026,0,1,retained,3.96904731303e-15,-1.07339133576,-0.131944919492,10042.9139512,0.314582915927,0,-0.114996698276,5.50756960212,4.89414373164,2.25197467438,0.40984501587,0.0536134885881,0.0493213383838,0.0489716453674,0.0584957876176,0.0532762096774,0.0541175489324,after_reset,4.08412117997,10046.0954378,0.0796269723125,1.22443031744,0.527470020797,0.0796269723125,0.0918612260971,0.0603064863751,0.0938811046086,0.080778654186,0.0780645043435,0.00934421029061,0.100106157113,0.0757575757576,0.0878594249201,0.120062695925,0.091935483871,0.102965599051,942,99,313,319,310,843
two_r8,eps2,2026,0,1,shared_reset,3.82159581758e-15,0,0,0,0,0,0,5.50756960212,4.89414373164,2.25197467438,0.40984501587,0.000261246019108,0.00248579545455,0.000274560702875,0.000244905956113,0.000264616935484,0,after_reset,0,5.50756960212,0.0018644105424,0.0286691899237,0.527470020797,0.0018644105424,0.005751079937,0.00134905618461,0.00242685975654,0.00163230903407,0,0.00934421029061,0.000530785562633,0.00505050505051,0.000638977635783,0.000626959247649,0.000322580645161,0,942,99,313,319,310,843
two_r8,eps2,2026,0,1,local_reset,3.96904731303e-15,0,0,10042.9139512,0,0,0,0,4.89414373164,2.2521079838,0,0.0536176353503,0.0493607954545,0.0490465255591,0.0584590517241,0.0532510080645,0.0541175489324,after_reset,4.08412117997,10042.9139512,0.0796143628262,1.22423642036,0.527470020797,0.0796143628262,0.09175717355,0.0602979225554,0.093864105542,0.0807676690873,0.0780645043435,0.00934421029061,0.0998938428875,0.0737373737374,0.0875399361022,0.119749216301,0.091935483871,0.102965599051,942,99,313,319,310,843
two_r8,eps2,2026,0,1,retained,3.42781358853e-15,-8.53134780488,1.9192298679,12792.740363,3.0470324127,1,-1.34412985309,25.9567262746,4.89414373164,2.31469847136,0.87849447411,0.0565991573779,0.0514125631313,0.0495457268371,0.0648510971787,0.0552293346774,0.0572082591934,after_reset,5.0083486621,12805.8316261,0.0899011912658,1.38241780345,0.55497984087,0.0899011912658,0.102788668746,0.0651476321284,0.10847372535,0.0903664056654,0.0882643343138,0.00934421029061,0.105307855626,0.089898989899,0.0856230031949,0.125705329154,0.104193548387,0.107117437722,942,99,313,319,310,843
two_r8,eps2,2026,0,1,shared_reset,3.47291639891e-15,-2.48648696617e-08,-0.00111177430237,0.000453957928175,1.11583250026e-08,1,-3.19608463969e-06,5.52806838939,4.89414373164,2.3151380914,0.407562837869,0.000240512208068,0.0022490530303,0.000137280351438,0.000342868338558,0.000239415322581,4.6337485172e-06,after_reset,0.000643472903725,5.52629236797,0.00186757684884,0.0287178784709,0.55497984087,0.00186757684884,0.00576064535964,0.00137106918441,0.00240405999948,0.00165928417768,1.65146588068e-05,0.00934421029061,0.000743099787686,0.00606060606061,0.000638977635783,0.0012539184953,0.000322580645161,0.00011862396204,942,99,313,319,310,843
two_r8,eps2,2026,0,1,local_reset,3.66720542821e-15,-8.13256747227,2.84695287298,12792.4917282,2.48887103254,1,-1.0952890879,19.516801556,4.89414373164,2.31481699515,0.761609584595,0.0565742768047,0.0511758207071,0.0495332468051,0.0648021159875,0.055216733871,0.0572082591934,after_reset,5.00831849976,12801.7355934,0.0898868123608,1.38219669788,0.55497984087,0.0898868123608,0.102675105091,0.0651407393412,0.108451054163,0.0903559583006,0.0882634928067,0.00934421029061,0.105095541401,0.0878787878788,0.085303514377,0.125078369906,0.104516129032,0.107117437722,942,99,313,319,310,843
two_r8,eps2,2026,0,1,retained,3.54404006142e-15,-32.9288939682,-0.950552244945,25158.9597943,30.9090861322,4,-13.8954696876,124.452738241,4.89414373164,2.45660895851,1.85698846756,0.065668126327,0.0569365530303,0.0507313298722,0.0811128526646,0.0648563508065,0.0666935424081,after_reset,7.91222598094,25218.7717868,0.126160534031,1.93998061518,0.6356070854,0.126160534031,0.14069615866,0.086629141455,0.156850804279,0.124386084352,0.124342059631,0.00934421029061,0.133864118896,0.116161616162,0.100638977636,0.165517241379,0.134838709677,0.135943060498,942,99,313,319,310,843
two_r8,eps2,2026,0,1,shared_reset,3.26128013484e-15,2.79490353901e-07,-0.00474234546741,0.00182328145798,6.62108865083e-08,4,-1.46693905473e-05,5.94686437064,4.89414373164,2.45684311119,0.404649427854,0.000306860403397,0.00264362373737,0.000274560702875,0.000391849529781,0.000252016129032,3.24362396204e-05,after_reset,0.00151557654054,5.93917424757,0.00193608574085,0.0297713451789,0.6356070854,0.00193608574085,0.00597140267166,0.0014339266329,0.00247007663632,0.00174239150906,3.28885265002e-05,0.00934421029061,0.000530785562633,0.00505050505051,0.000319488817891,0.000940438871473,0.000322580645161,0,942,99,313,319,310,843
two_r8,eps2,2026,0,1,local_reset,3.67295169973e-15,-32.8847208937,2.01331153456,25158.3864216,29.4314914573,4,-13.2343414953,116.096745658,4.89414373164,2.45670435842,1.79318993285,0.0656971536624,0.0572916666667,0.05078125,0.0810638714734,0.0649445564516,0.066684274911,after_reset,7.91216216981,25215.7031571,0.126152858166,1.9398625828,0.6356070854,0.126152858166,0.140640380096,0.0866292043771,0.156835974231,0.124381625978,0.124340767742,0.00934421029061,0.134076433121,0.118181818182,0.101277955272,0.165517241379,0.134838709677,0.135943060498,942,99,313,319,310,843
two_r8,eps2,2026,0,1,retained,4.38451358553e-15,-324.832683417,96.0042437294,50645.5324393,303.539582,10,-139.63683632,716.81136069,4.61726442684,2.74825609852,4.17432150041,0.0711086783439,0.063841540404,0.0506314896166,0.0949010579937,0.0673009072581,0.0719621144721,after_reset,11.396031349,50928.9528299,0.179284987869,2.75687958783,0.813020497462,0.179284987869,0.195481795001,0.122505521496,0.224763857457,0.174743429196,0.177285805774,0.00934421029061,0.145647558386,0.123232323232,0.0984025559105,0.197805642633,0.139677419355,0.14827995255,942,99,313,319,310,843
two_r8,eps2,2026,0,1,shared_reset,4.63995161737e-15,7.94224446624e-08,-0.0120800927233,0.00948495812314,2.98231215219e-07,10,-6.98634717067e-05,6.28255456678,4.93971210613,2.75030883375,0.394416338241,0.00023636544586,0.00193339646465,0.000262080670927,0.00028164184953,0.000163810483871,3.70699881376e-05,after_reset,0.00322491127715,6.26774006959,0.00198891874834,0.0305837625577,0.813020497462,0.00198891874834,0.00613131675081,0.00150590676066,0.00250045657749,0.00181576948893,7.42702818717e-05,0.00934421029061,0.000955414012739,0.00808080808081,0.000319488817891,0.00219435736677,0.000322580645161,0.00011862396204,942,99,313,319,310,843
two_r8,eps2,2026,0,1,local_reset,5.04544322988e-15,-327.001617113,101.895573049,50643.5631573,299.612007948,10,-137.874457253,706.007034383,4.61725866298,2.7483415876,4.13858839724,0.0710962380573,0.0637626262626,0.0505690894569,0.0949010579937,0.067326108871,0.0719574807236,after_reset,11.3959044761,50923.221197,0.179274899063,2.75672445146,0.813020497462,0.179274899063,0.195415353934,0.122495902119,0.224762527784,0.17472054355,0.177283007398,0.00934421029061,0.145753715499,0.124242424242,0.0984025559105,0.197805642633,0.14,0.14827995255,942,99,313,319,310,843
two_r8,eps2,2026,1,0.25,retained,4.05231403988e-15,0,0,419.324462456,0,-1,0,0,4.89414373164,2.19298517412,0,0.0132406117304,0.012806056701,0.0138902755591,0.0125146943574,0.0133316532258,0.0132904955621,pulse,0.672369070591,419.324462456,0.0162680932193,1,0.499445666371,0.0162680932193,0.0165504049565,0.0131947811157,0.0182910579484,0.0168562776636,0.0162353717345,0.00934421029061,0.0216560509554,0.019587628866,0.0162939297125,0.0260188087774,0.0225806451613,0.0218934911243,942,97,313,319,310,845
two_r8,eps2,2026,1,0.25,retained,3.71013983425e-15,-0.00516317879682,0.0695607662666,4962.86772822,0.016003934577,0,-0.00762728655943,0.363746123963,4.89414373164,2.25256904097,0.104646355058,0.0435575902335,0.0365254510309,0.0385882587859,0.0506465517241,0.0412802419355,0.0443648298817,before_reset,4.01587571204,4963.36101888,0.0559692497847,3.44043085015,0.527932219067,0.0559692497847,0.0609681961106,0.0340188711208,0.0733794574894,0.0530054492129,0.0553665343257,0.00934421029061,0.0696390658174,0.0474226804124,0.0495207667732,0.0915360501567,0.0674193548387,0.0721893491124,942,97,313,319,310,845
two_r8,eps2,2026,1,0.25,retained,3.71013983425e-15,-0.00516317879682,0.0695607662666,4962.86772822,0.016003934577,0,-0.00762728655943,0.363746123963,4.89414373164,2.25256904097,0.104646355058,0.0435575902335,0.0365254510309,0.0385882587859,0.0506465517241,0.0412802419355,0.0443648298817,after_reset,4.01587571204,4963.36101888,0.0559692497847,3.44043085015,0.527932219067,0.0559692497847,0.0609681961106,0.0340188711208,0.0733794574894,0.0530054492129,0.0553665343257,0.00934421029061,0.0696390658174,0.0474226804124,0.0495207667732,0.0915360501567,0.0674193548387,0.0721893491124,942,97,313,319,310,845
two_r8,eps2,2026,1,0.25,shared_reset,2.94577730264e-15,0,0,0,0,0,0,0.363746123963,4.89414373164,2.25256904097,0.104646355058,6.2201433121e-05,0.000604059278351,3.74400958466e-05,8.57170846395e-05,6.30040322581e-05,0,after_reset,0,0.363746123963,0.000479138137091,0.0294526304117,0.527932219067,0.000479138137091,0.00149313929256,0.000334398850845,0.000575599656751,0.000493728915265,0,0.00934421029061,0.000106157112527,0.00103092783505,0,0.000313479623824,0,0,942,97,313,319,310,845
two_r8,eps2,2026,1,0.25,local_reset,3.3723024373e-15,0,0,4962.86772822,0,0,0,0,4.89414373164,2.25255798848,0,0.0435824708068,0.0367670747423,0.038563298722,0.0506832876176,0.0413432459677,0.0443648298817,after_reset,4.01587571204,4962.86772822,0.0559664684241,3.44025987985,0.527932219067,0.0559664684241,0.0609433956261,0.0340155054117,0.0733764010968,0.0530030599066,0.0553665343257,0.00934421029061,0.0696390658174,0.0474226804124,0.0495207667732,0.0915360501567,0.0674193548387,0.0721893491124,942,97,313,319,310,845
two_r8,eps2,2026,1,0.25,retained,4.65946725647e-15,0.332025402769,-0.496081860849,8398.71574369,1.7063247386,1,-0.770156041966,14.3680670508,4.89414373164,2.30571018356,0.688643983746,0.0503375464437,0.0420022551546,0.0409095447284,0.0617775274295,0.0480846774194,0.0512943786982,after_reset,5.33301541928,8412.92171048,0.07286768573,4.47917802951,0.556037836789,0.07286768573,0.0775658463412,0.0415781209468,0.0962247406429,0.0697219443895,0.0723088410315,0.00934421029061,0.0905520169851,0.0577319587629,0.0680511182109,0.11724137931,0.0858064516129,0.0943195266272,942,97,313,319,310,845
two_r8,eps2,2026,1,0.25,shared_reset,3.62210261784e-15,2.08371421854e-11,-2.75874483539e-05,1.98738243113e-05,2.9436792916e-11,1,4.85814566425e-08,0.375040107246,4.89414373164,2.3056863327,0.10465535917,6.2201433121e-05,0.000563788659794,4.99201277955e-05,4.89811912226e-05,8.82056451613e-05,4.62278106509e-06,after_reset,0.00014748997359,0.375004903408,0.00048649684268,0.0299049701844,0.556037836789,0.00048649684268,0.00151603712069,0.000342039626175,0.000587637500942,0.000495714475918,3.44631518674e-06,0.00934421029061,0.00031847133758,0.00309278350515,0.000319488817891,0.000313479623824,0.000322580645161,0,942,97,313,319,310,845
two_r8,eps2,2026,1,0.25,local_reset,3.93435284352e-15,0.231469550147,-0.516751462275,8398.70580525,1.66325430617,1,-0.751463558154,13.9247520427,4.89414373164,2.30570036889,0.67851254973,0.0503499867304,0.0421230670103,0.0408970646965,0.0617897727273,0.0481224798387,0.0512943786982,after_reset,5.33301318764,8412.22032066,0.0728646481575,4.47899130988,0.556037836789,0.0728646481575,0.0775384451823,0.0415766133324,0.0962201061906,0.0697197871793,0.0723088022114,0.00934421029061,0.0906581740977,0.0587628865979,0.0680511182109,0.117554858934,0.0858064516129,0.0943195266272,942,97,313,319,310,845
two_r8,eps2,2026,1,0.25,retained,4.92661467177e-15,-11.1767017463,2.7160006079,19487.9313751,25.8438445188,4,-13.0599856646,96.4861277042,4.89414373164,2.45665171632,1.72964046238,0.0668872744161,0.0545666881443,0.0519294129393,0.0857660658307,0.0625630040323,0.0683015902367,after_reset,8.02261218433,19567.2199737,0.111128669962,6.83108145893,0.628604989736,0.111128669962,0.115769223373,0.0662545969692,0.144755636823,0.107387605835,0.110583507786,0.00934421029061,0.132802547771,0.111340206186,0.0920127795527,0.172413793103,0.133225806452,0.135266272189,942,97,313,319,310,845
two_r8,eps2,2026,1,0.25,shared_reset,4.91273688397e-15,-7.60211381473e-10,-0.000137213262093,7.02794737017e-05,9.62327636599e-11,4,6.03295377805e-08,0.403523867437,4.89414373164,2.45676247259,0.104054529076,4.56143842887e-05,0.000442976804124,4.99201277955e-05,6.12264890282e-05,2.52016129032e-05,0,after_reset,0.000266940208757,0.403319839621,0.000504529245736,0.0310134223437,0.628604989736,0.000504529245736,0.00157214805187,0.00034796515797,0.000616578808213,0.000509945805127,6.51557318133e-06,0.00934421029061,0.000212314225053,0.0020618556701,0.000319488817891,0,0.000322580645161,0,942,97,313,319,310,845
two_r8,eps2,2026,1,0.25,local_reset,4.3094867952e-15,-11.3891393759,2.64766267181,19487.9613933,25.7166411254,4,-13.0005356999,95.8399381431,4.89414373164,2.45664229435,1.72408688883,0.0668665406051,0.0543653350515,0.0519418929712,0.0857048393417,0.0625504032258,0.0683015902367,after_reset,8.02261809197,19566.0339477,0.111125301996,6.83087442996,0.628604989736,0.111125301996,0.115737136808,0.0662518959073,0.144751775654,0.107384053478,0.110583590249,0.00934421029061,0.132802547771,0.111340206186,0.0920127795527,0.172413793103,0.133225806452,0.135266272189,942,97,313,319,310,845
two_r8,eps2,2026,1,0.25,retained,4.17547940668e-15,-187.249776013,61.5959744765,42198.8019425,272.350458245,10,-137.138635745,599.173798538,4.928183082,2.71512543866,4.00670483913,0.0744841427813,0.0645940721649,0.0523038138978,0.0982562695925,0.0724168346774,0.0756194526627,after_reset,11.3288013781,42544.7413247,0.163864356411,10.0727451092,0.786863906417,0.163864356411,0.168291161492,0.100788192588,0.21049141699,0.160450839907,0.163348514627,0.00934421029061,0.148089171975,0.123711340206,0.0894568690096,0.203448275862,0.150322580645,0.150887573964,942,97,313,319,310,845
two_r8,eps2,2026,1,0.25,shared_reset,4.47265922215e-15,-6.46962681169,5.72715325743,23649.7783771,25.3301105967,10,-12.2258481223,90.3787488175,5.01721374485,2.71614927391,1.5190958316,0.0516147492038,0.0442976804124,0.0348941693291,0.0692349137931,0.0503654233871,0.0524546967456,after_reset,8.58614142528,23739.5505931,0.122404617035,7.52421414019,0.786863906417,0.122404617035,0.125371347378,0.070107750172,0.159733631195,0.119626106803,0.122059443688,0.00934421029061,0.121762208068,0.114432989691,0.0683706070288,0.175235109718,0.12064516129,0.122603550296,942,97,313,319,310,845
two_r8,eps2,2026,1,0.25,local_reset,4.08961059462e-15,-187.565108646,61.1847784171,42198.9676154,272.097874979,10,-137.043717088,598.43049806,4.92818580128,2.71511698956,4.00438917001,0.0744965830679,0.0647148840206,0.0523038138978,0.0982562695925,0.0724546370968,0.0756194526627,after_reset,11.3288123816,42542.6478938,0.163860324856,10.0724972895,0.786863906417,0.163860324856,0.168251298379,0.100781734112,0.210488138659,0.160446850305,0.163348720047,0.00934421029061,0.147983014862,0.122680412371,0.0894568690096,0.203134796238,0.150322580645,0.150887573964,942,97,313,319,310,845
two_r8,eps2,2026,1,1,retained,4.14945855454e-15,0,0,6716.21181048,0,-1,0,0,4.89414373164,2.19298517412,0,0.0518303808386,0.051506121134,0.0525284544728,0.0513567789969,0.0516129032258,0.0518676035503,pulse,2.69264628004,6716.21181048,0.0651064094207,1,0.499445666371,0.0651064094207,0.0662561717386,0.0527708079057,0.0732367706351,0.06745048408,0.0649731230317,0.00934421029061,0.077813163482,0.0649484536082,0.0635782747604,0.0877742946708,0.081935483871,0.0792899408284,942,97,313,319,310,845
two_r8,eps2,2026,1,1,retained,4.05925293379e-15,-0.834547749568,-0.895973654895,9034.93153339,0.239991511114,0,-0.0502346659594,5.91043852592,4.89414373164,2.2524242496,0.420387218434,0.0590830679406,0.0577480670103,0.0608401557508,0.058973354232,0.057421875,0.059236316568,before_reset,3.70652046262,9037.52045129,0.0755242114367,1.16001192676,0.527932219067,0.0755242114367,0.0892102338897,0.0594199747918,0.0872457694238,0.077037662213,0.073790914835,0.00934421029061,0.0874734607219,0.0701030927835,0.0699680511182,0.103761755486,0.0883870967742,0.0894674556213,942,97,313,319,310,845
two_r8,eps2,2026,1,1,retained,4.05925293379e-15,-0.834547749568,-0.895973654895,9034.93153339,0.239991511114,0,-0.0502346659594,5.91043852592,4.89414373164,2.2524242496,0.420387218434,0.0590830679406,0.0577480670103,0.0608401557508,0.058973354232,0.057421875,0.059236316568,after_reset,3.70652046262,9037.52045129,0.0755242114367,1.16001192676,0.527932219067,0.0755242114367,0.0892102338897,0.0594199747918,0.0872457694238,0.077037662213,0.073790914835,0.00934421029061,0.0874734607219,0.0701030927835,0.0699680511182,0.103761755486,0.0883870967742,0.0894674556213,942,97,313,319,310,845
two_r8,eps2,2026,1,1,shared_reset,3.23352455922e-15,0,0,0,0,0,0,5.91043852592,4.89414373164,2.2524242496,0.420387218434,0.000203191348195,0.00197326030928,9.98402555911e-05,0.000269396551724,0.000239415322581,0,after_reset,0,5.91043852592,0.00193139634491,0.0296652259292,0.527932219067,0.00193139634491,0.006018814928,0.00132134793259,0.00233132094581,0.00199488541717,0,0.00934421029061,0.000636942675159,0.00618556701031,0.000319488817891,0.000940438871473,0.000645161290323,0,942,97,313,319,310,845
two_r8,eps2,2026,1,1,local_reset,4.05925293379e-15,0,0,9034.93153339,0,0,0,0,4.89414373164,2.25255798848,0,0.0590706276539,0.0576272551546,0.0608276757188,0.0588386559561,0.0575352822581,0.059236316568,after_reset,3.70652046262,9034.93153339,0.0755133932046,1.15984576444,0.527932219067,0.0755133932046,0.0891212538656,0.0594046135804,0.0872361663583,0.0770285883949,0.073790914835,0.00934421029061,0.0876857749469,0.0721649484536,0.0702875399361,0.104388714734,0.088064516129,0.0894674556213,942,97,313,319,310,845
two_r8,eps2,2026,1,1,retained,4.61089499915e-15,0.471165757604,-3.10384105623,12994.2151002,2.68140050173,1,-0.950046381744,25.1491229379,4.89414373164,2.3053081438,0.836617233563,0.0641752919321,0.0590769974227,0.0628619209265,0.0686961206897,0.0608492943548,0.0647605399408,after_reset,5.10541416879,13014.8801803,0.0906320158979,1.39205980954,0.556037836789,0.0906320158979,0.104810160554,0.0679038977438,0.10867908233,0.0902820363207,0.0888598352816,0.00934421029061,0.0989384288747,0.0752577319588,0.0811501597444,0.116927899687,0.0983870967742,0.101656804734,942,97,313,319,310,845
two_r8,eps2,2026,1,1,shared_reset,4.44501206676e-15,-1.46175741358e-08,-0.000645979535727,0.000334817486007,7.63358914929e-09,1,1.00602108813e-05,6.085478515,4.89414373164,2.30554572986,0.420264217587,0.000281979830149,0.00265786082474,0.00022464057508,0.000293887147335,0.000327620967742,9.24556213018e-06,after_reset,0.000590281644987,6.08454147224,0.00195963632261,0.0300989770446,0.556037836789,0.00195963632261,0.00610667663267,0.00135375322661,0.00237948207931,0.00199811877645,1.41397836735e-05,0.00934421029061,0.000636942675159,0.00618556701031,0.000638977635783,0.000313479623824,0.000967741935484,0,942,97,313,319,310,845
two_r8,eps2,2026,1,1,local_reset,3.83026943496e-15,1.34310617153,-2.18318630865,12994.0647124,2.1657368496,1,-0.796556117282,18.5425939028,4.89414373164,2.30543853106,0.709108223085,0.06413382431,0.0586340206186,0.0628619209265,0.068610403605,0.0608114919355,0.0647651627219,after_reset,5.10538998055,13011.4997707,0.090620245016,1.39187901502,0.556037836789,0.090620245016,0.104714977765,0.0678904640115,0.108669007838,0.0902688103377,0.0888593340796,0.00934421029061,0.0987261146497,0.0731958762887,0.0808306709265,0.116927899687,0.098064516129,0.101656804734,942,97,313,319,310,845
two_r8,eps2,2026,1,1,retained,4.23272528138e-15,-12.1818241921,-0.485758327261,24486.177215,24.7639827966,4,-10.8982707821,107.590686901,4.89414373164,2.45572815773,1.76666861583,0.0718260682059,0.0647148840206,0.0638353634185,0.0836108934169,0.0677671370968,0.0726423816568,after_reset,7.73463232264,24571.4001781,0.124530721815,1.91272599614,0.628604989736,0.124530721815,0.136466214427,0.0892803237811,0.152375692066,0.123221185108,0.123086580157,0.00934421029061,0.140658174098,0.124742268041,0.103833865815,0.168965517241,0.148709677419,0.142485207101,942,97,313,319,310,845
two_r8,eps2,2026,1,1,shared_reset,5.20156834272e-15,-2.10897586421e-08,-0.00271891270523,0.00117901477502,2.50054624339e-08,4,2.31667272239e-05,6.53625376671,4.89414373164,2.45663267978,0.41769380089,0.000248805732484,0.00237596649485,0.000249600638978,0.000342868338558,0.000151209677419,4.62278106509e-06,after_reset,0.0010676173867,6.53204127236,0.00203042060915,0.0311861862328,0.628604989736,0.00203042060915,0.00632691709499,0.00137729487729,0.00249456814721,0.00205148128922,2.66078653443e-05,0.00934421029061,0.00106157112527,0.0103092783505,0.000638977635783,0.000626959247649,0.00193548387097,0,942,97,313,319,310,845
two_r8,eps2,2026,1,1,local_reset,3.80251385934e-15,-11.6305044385,-0.715779083225,24485.7778578,23.3561955459,4,-10.3174397031,98.9537289047,4.89414373164,2.45584604176,1.69858984681,0.0718094811571,0.0645135309278,0.0639102436102,0.0835374216301,0.067716733871,0.0726470044379,after_reset,7.73460595541,24562.7603358,0.124508826025,1.9123896884,0.628604989736,0.124508826025,0.136279352138,0.0892579546774,0.152359413814,0.123191020727,0.123085652535,0.00934421029061,0.140445859873,0.122680412371,0.103833865815,0.169278996865,0.147741935484,0.142485207101,942,97,313,319,310,845
two_r8,eps2,2026,1,1,retained,4.36803371251e-15,-320.60314882,139.236367763,51055.8807807,289.573152044,10,-140.377660001,676.038946249,4.86457753035,2.71220589189,4.12599211598,0.0759603901274,0.0669297680412,0.0586311900958,0.0968113244514,0.0720010080645,0.0769970414201,after_reset,11.4416078658,51378.0039969,0.180073649744,2.76583598061,0.786863906417,0.180073649744,0.19011375991,0.124920793349,0.222660151804,0.1782180242,0.178885063643,0.00934421029061,0.157430997877,0.141237113402,0.103194888179,0.212225705329,0.155806451613,0.159289940828,942,97,313,319,310,845
two_r8,eps2,2026,1,1,shared_reset,4.53803661316e-15,13.0087582943,-14.3677077541,22678.5445103,29.3436756827,10,-13.9977503439,123.09313269,5.04270724595,2.71667792807,1.76040247393,0.0489442343418,0.0414787371134,0.0348317691693,0.0646184365204,0.0470640120968,0.0498012204142,after_reset,8.33755543343,22800.2679191,0.11995863851,1.84250121574,0.786863906417,0.11995863851,0.122981973475,0.0727544398565,0.15481631367,0.117127657369,0.119606691365,0.00934421029061,0.112526539278,0.105154639175,0.0664536741214,0.158620689655,0.111612903226,0.113372781065,942,97,313,319,310,845
two_r8,eps2,2026,1,1,local_reset,4.83640905102e-15,-339.912154716,140.430254074,54550.3438315,327.28788305,10,-152.181167721,664.462451796,4.87461259955,2.71248163618,4.11169644715,0.0781913481953,0.0691043814433,0.0604657547923,0.0995175352665,0.0741431451613,0.0792344674556,after_reset,11.9084847415,54838.7680296,0.186039600271,2.85746982403,0.786863906417,0.186039600271,0.196553344702,0.128688594143,0.231177135776,0.182911219013,0.184794426909,0.00934421029061,0.156475583864,0.143298969072,0.102555910543,0.21724137931,0.148387096774,0.15798816568,942,97,313,319,310,845
two_r8,eps2,42,0,0.25,retained,3.3792413312e-15,0,0,326.230133163,0,-1,0,0,4.53584492362,2.05823500447,0,0.0114284766454,0.0119791666667,0.0115939496805,0.0111922021944,0.0115045362903,0.0113703051643,pulse,0.672761670572,326.230133163,0.0143490645591,1,0.414086824872,0.0143490645591,0.014123286526,0.0116094176061,0.0159950413386,0.0150434447547,0.014372707239,0.00934421029061,0.0334394904459,0.0277777777778,0.032268370607,0.0376175548589,0.0303225806452,0.0340375586854,942,90,313,319,310,852
two_r8,eps2,42,0,0.25,retained,3.27515792264e-15,-0.107400821095,0.0446989438291,3392.36023797,0.0138698332297,0,-0.00819567271171,0.424820089386,4.53584492362,2.11627586011,0.113526602277,0.0332197120488,0.0304253472222,0.0234999001597,0.0428340517241,0.0331401209677,0.0335148914319,before_reset,3.19825992944,3392.65713279,0.0462734135876,3.22483834379,0.435432062221,0.0462734135876,0.0527861586117,0.0241326323622,0.0613715249054,0.0451966784956,0.0455310793312,0.00934421029061,0.091932059448,0.0833333333333,0.0683706070288,0.116300940439,0.0906451612903,0.0928403755869,942,90,313,319,310,852
two_r8,eps2,42,0,0.25,retained,3.27515792264e-15,-0.107400821095,0.0446989438291,3392.36023797,0.0138698332297,0,-0.00819567271171,0.424820089386,4.53584492362,2.11627586011,0.113526602277,0.0332197120488,0.0304253472222,0.0234999001597,0.0428340517241,0.0331401209677,0.0335148914319,after_reset,3.19825992944,3392.65713279,0.0462734135876,3.22483834379,0.435432062221,0.0462734135876,0.0527861586117,0.0241326323622,0.0613715249054,0.0451966784956,0.0455310793312,0.00934421029061,0.091932059448,0.0833333333333,0.0683706070288,0.116300940439,0.0906451612903,0.0928403755869,942,90,313,319,310,852
two_r8,eps2,42,0,0.25,shared_reset,3.14678838542e-15,0,0,0,0,0,0,0.424820089386,4.53584492362,2.11627586011,0.113526602277,0.000120256104034,0.00125868055556,8.73602236422e-05,0.000183679467085,8.82056451613e-05,0,after_reset,0,0.424820089386,0.00051780242005,0.0360861447043,0.435432062221,0.00051780242005,0.00167520620333,0.000293980079273,0.000733758309283,0.00041646601337,0,0.00934421029061,0.000636942675159,0.00666666666667,0.000958466453674,0.000626959247649,0.000322580645161,0,942,90,313,319,310,852
two_r8,eps2,42,0,0.25,local_reset,3.27515792264e-15,0,0,3392.36023797,0,0,0,0,4.53584492362,2.11634957564,0,0.0332155652866,0.0303819444444,0.0235123801917,0.0427973158307,0.0331527217742,0.0335148914319,after_reset,3.19825992944,3392.36023797,0.046271388827,3.22469723629,0.435432062221,0.046271388827,0.0527675779784,0.0241295974085,0.0613696871354,0.045194583308,0.0455310793312,0.00934421029061,0.0918259023355,0.0822222222222,0.0680511182109,0.116300940439,0.0906451612903,0.0928403755869,942,90,313,319,310,852
two_r8,eps2,42,0,0.25,retained,3.73485964378e-15,-1.85852794637,0.934079063698,4895.65103762,1.00656368036,1,-0.462667013241,8.08199281249,4.53584492362,2.18304599214,0.513731413765,0.0379345806794,0.0359375,0.0265200678914,0.0511975901254,0.0358114919355,0.0381455399061,after_reset,3.7452120495,4901.96536232,0.0556220091218,3.87635088635,0.463166870711,0.0556220091218,0.0616109724958,0.0287351982125,0.0746420431677,0.0532381037652,0.0549512691369,0.00934421029061,0.0970276008493,0.0844444444444,0.070607028754,0.131661442006,0.088064516129,0.0983568075117,942,90,313,319,310,852
two_r8,eps2,42,0,0.25,shared_reset,3.17454396104e-15,-1.79840755843e-09,1.37237995092e-05,2.41420513089e-05,4.65496348604e-11,1,-1.52764354253e-08,0.441721532203,4.53584492362,2.18319844113,0.113679737649,0.000124402866242,0.00125868055556,3.74400958466e-05,0.000257151253918,7.56048387097e-05,4.58480046948e-06,after_reset,0.000169769609215,0.44177308775,0.000528033140577,0.0367991333793,0.463166870711,0.000528033140577,0.00170826462822,0.000300811342773,0.000749237172488,0.000422176567606,3.81067310983e-06,0.00934421029061,0.000424628450106,0.00444444444444,0.000638977635783,0,0.000645161290323,0,942,90,313,319,310,852
two_r8,eps2,42,0,0.25,local_reset,4.36456426556e-15,-1.76785966802,0.896013372991,4895.64947889,0.989856589469,1,-0.456379513707,7.64219591687,4.53584492362,2.18311938827,0.500902093378,0.0379428742038,0.0360243055556,0.0265200678914,0.0512465713166,0.0357862903226,0.0381455399061,after_reset,3.74521099908,4901.62507977,0.0556200785158,3.87621634058,0.463166870711,0.0556200785158,0.0615928000541,0.02873298504,0.0746378294558,0.0532392598303,0.0549512605282,0.00934421029061,0.0970276008493,0.0844444444444,0.070607028754,0.131661442006,0.088064516129,0.0983568075117,942,90,313,319,310,852
two_r8,eps2,42,0,0.25,retained,3.63598040565e-15,-9.38837125234,1.57354817128,21461.0054519,19.0361813479,4,-9.65042231266,69.7945727745,4.76101953336,2.32773252854,1.42318396735,0.075433751327,0.0702256944444,0.0550868610224,0.0985746473354,0.0721648185484,0.0759838981808,after_reset,7.52116595694,21514.9057152,0.116528263988,8.12096590047,0.537479501361,0.116528263988,0.129961297749,0.0641433511682,0.154002743637,0.112705619671,0.115017702761,0.00934421029061,0.175477707006,0.155555555556,0.131629392971,0.235109717868,0.158387096774,0.177582159624,942,90,313,319,310,852
two_r8,eps2,42,0,0.25,shared_reset,4.34374758385e-15,-5.65217861562e-09,-8.89365891228e-05,0.000179231819998,3.13003223603e-10,4,8.08106856712e-08,0.461590660608,4.78122775574,2.32780868237,0.112178354174,6.2201433121e-05,0.000607638888889,1.24800319489e-05,0.000110207680251,6.30040322581e-05,4.58480046948e-06,after_reset,0.000447202655432,0.46159216988,0.000539747661565,0.0376155295241,0.537479501361,0.000539747661565,0.00174591191522,0.000316320731888,0.000772076996929,0.000413308106597,1.03791693196e-05,0.00934421029061,0.000530785562633,0.00555555555556,0.000319488817891,0.0012539184953,0,0,942,90,313,319,310,852
two_r8,eps2,42,0,0.25,local_reset,4.29517532652e-15,-7.92501075079,0.633978092647,21460.991733,18.9085990547,4,-9.59477130933,69.0414461271,4.7610184836,2.32780242625,1.4162889897,0.0754005772293,0.069921875,0.0550743809904,0.0985256661442,0.072127016129,0.0759793133803,after_reset,7.52116840864,21515.1701703,0.116528980152,8.12101581062,0.537479501361,0.116528980152,0.129968324398,0.0641425095809,0.154003150794,0.112707780783,0.115017666267,0.00934421029061,0.175159235669,0.152222222222,0.131309904153,0.235423197492,0.157419354839,0.177582159624,942,90,313,319,310,852
two_r8,eps2,42,0,0.25,retained,4.87804241445e-15,-228.605680608,144.077385728,64567.2026656,335.946036976,10,-169.052050556,638.132627218,5.14558639921,2.62374090491,3.98055104483,0.0982865578556,0.0932291666667,0.0598292731629,0.14101684953,0.0931451612903,0.0988207893192,after_reset,12.1846876455,65034.1206389,0.202596616941,14.1191515382,0.703060233435,0.202596616941,0.219457675636,0.116602797058,0.266741022886,0.194372816852,0.200732830511,0.00934421029061,0.217197452229,0.203333333333,0.157188498403,0.296865203762,0.195806451613,0.218661971831,942,90,313,319,310,852
two_r8,eps2,42,0,0.25,shared_reset,4.66640615038e-15,-2.37476726096e-08,-0.000224222852661,0.000752675420285,1.0760690115e-09,10,-3.33911865338e-07,0.48618518647,5.18783049101,2.62505787745,0.108781582629,6.2201433121e-05,0.000607638888889,4.99201277955e-05,0.000110207680251,2.52016129032e-05,4.58480046948e-06,after_reset,0.000845759870254,0.486488701942,0.000554112480774,0.0386166274807,0.703060233435,0.000554112480774,0.00179145758064,0.000339591771676,0.00077942026843,0.000437533813302,2.14897196665e-05,0.00934421029061,0.00031847133758,0.00222222222222,0.000638977635783,0.000313479623824,0,0.000117370892019,942,90,313,319,310,852
two_r8,eps2,42,0,0.25,local_reset,5.93969318174e-15,-225.68455656,142.500715456,64567.3688808,335.615690863,10,-168.893414966,637.624672458,5.14558663661,2.62381116191,3.97853552361,0.0982699708068,0.0930989583333,0.0598292731629,0.140967868339,0.0931451612903,0.0988162045188,after_reset,12.1847118969,65036.454732,0.202600252533,14.1194049061,0.703060233435,0.202600252533,0.219490032028,0.116605293822,0.266744709582,0.194377613287,0.200733150466,0.00934421029061,0.216985138004,0.202222222222,0.156869009585,0.296551724138,0.195806451613,0.218544600939,942,90,313,319,310,852
two_r8,eps2,42,0,1,retained,2.94209101526e-15,0,0,5232.9598493,0,-1,0,0,4.53584492362,2.05823500447,0,0.0481687898089,0.0484809027778,0.0474116413738,0.0483321904389,0.0487651209677,0.0481358201291,pulse,2.69254656522,5232.9598493,0.0574692135733,1,0.414086824872,0.0574692135733,0.0565778899338,0.0464944160439,0.064064557969,0.0602486841604,0.0575625615218,0.00934421029061,0.118683651805,0.116666666667,0.116293929712,0.124137931034,0.115483870968,0.118896713615,942,90,313,319,310,852
two_r8,eps2,42,0,1,retained,3.96904731303e-15,-2.36041439904,0.721183494744,9952.16063839,0.46239884012,0,-0.17768780435,6.98290509775,4.53584492362,2.11589004713,0.457538256093,0.0641794386943,0.0622829861111,0.054450379393,0.074157523511,0.0637348790323,0.0643797681925,before_reset,4.54222898664,9955.97210491,0.0792690016325,1.37932984817,0.435432062221,0.0792690016325,0.0906468067171,0.0553309243964,0.0961087991496,0.0806086280014,0.0779702255284,0.00934421029061,0.151592356688,0.123333333333,0.132268370607,0.172727272727,0.14935483871,0.154577464789,942,90,313,319,310,852
two_r8,eps2,42,0,1,retained,3.96904731303e-15,-2.36041439904,0.721183494744,9952.16063839,0.46239884012,0,-0.17768780435,6.98290509775,4.53584492362,2.11589004713,0.457538256093,0.0641794386943,0.0622829861111,0.054450379393,0.074157523511,0.0637348790323,0.0643797681925,after_reset,4.54222898664,9955.97210491,0.0792690016325,1.37932984817,0.435432062221,0.0792690016325,0.0906468067171,0.0553309243964,0.0961087991496,0.0806086280014,0.0779702255284,0.00934421029061,0.151592356688,0.123333333333,0.132268370607,0.172727272727,0.14935483871,0.154577464789,942,90,313,319,310,852
two_r8,eps2,42,0,1,shared_reset,2.40085729075e-15,0,0,0,0,0,0,6.98290509775,4.53584492362,2.11589004713,0.457538256093,0.000389795647558,0.00407986111111,0.00022464057508,0.000685736677116,0.000252016129032,0,after_reset,0,6.98290509775,0.00209932473462,0.0365295538967,0.435432062221,0.00209932473462,0.00679178327884,0.0011705976672,0.00300007421547,0.00165734261084,0,0.00934421029061,0.00169851380042,0.0177777777778,0.00191693290735,0.00156739811912,0.00161290322581,0,942,90,313,319,310,852
two_r8,eps2,42,0,1,local_reset,3.96904731303e-15,0,0,9952.16063839,0,0,0,0,4.53584492362,2.11634957564,0,0.0641835854565,0.0623263888889,0.0545252595847,0.0740473158307,0.0637852822581,0.0643797681925,after_reset,4.54222898664,9952.16063839,0.0792538268176,1.37906579697,0.435432062221,0.0792538268176,0.0905078197179,0.0553130395649,0.0960964648296,0.0805908101071,0.0779702255284,0.00934421029061,0.151486199575,0.122222222222,0.132587859425,0.172727272727,0.148709677419,0.154577464789,942,90,313,319,310,852
two_r8,eps2,42,0,1,retained,3.60822483003e-15,-8.49828696202,3.64194309971,12908.7901592,3.10491119026,1,-1.21925155844,23.7721687266,4.53584492362,2.18250112424,0.866623435928,0.0673890326433,0.0637586805556,0.0557358226837,0.080647531348,0.0655115927419,0.0677725205399,after_reset,5.29401109722,12923.5160482,0.090313338398,1.57150816555,0.463166870711,0.090313338398,0.101656559623,0.061158477548,0.110896141122,0.0913984946871,0.0890307557169,0.00934421029061,0.155838641189,0.126666666667,0.136102236422,0.187460815047,0.143225806452,0.158920187793,942,90,313,319,310,852
two_r8,eps2,42,0,1,shared_reset,3.61863317089e-15,-1.40475919411e-07,0.000211646423079,0.000354781187922,1.18079005812e-08,1,7.10811975978e-07,7.27471405304,4.53584492362,2.18281650526,0.458218564386,0.000356621549894,0.00368923611111,0.000174720447284,0.000722472570533,0.000163810483871,4.58480046948e-06,after_reset,0.000670135786554,7.27549327955,0.002142854951,0.0372870066905,0.463166870711,0.002142854951,0.0069324673133,0.00119787432408,0.00306561912606,0.00168332252962,1.46188170823e-05,0.00934421029061,0.0015923566879,0.0155555555556,0.000958466453674,0.0025078369906,0.00129032258065,0.000117370892019,942,90,313,319,310,852
two_r8,eps2,42,0,1,local_reset,3.10862446895e-15,-5.32387097477,2.50849167455,12908.7676201,2.43981605858,1,-0.976740871722,16.2219127074,4.53584492362,2.18295601339,0.725914272563,0.0673682988323,0.0635416666667,0.0556983825879,0.0805985501567,0.0655367943548,0.0677725205399,after_reset,5.29399763878,12919.8451085,0.0903005106827,1.57128495534,0.463166870711,0.0903005106827,0.101537866157,0.0611431146212,0.110881935298,0.0913880936335,0.0890306774192,0.00934421029061,0.156157112527,0.13,0.136741214058,0.187147335423,0.143870967742,0.158920187793,942,90,313,319,310,852
two_r8,eps2,42,0,1,retained,4.38364622379e-15,-34.0881851977,12.3865772653,22102.8750799,29.3903350225,4,-12.3391935281,125.944016751,4.77001493079,2.32644016582,1.88925810297,0.0819731953291,0.0773003472222,0.0655326477636,0.100754310345,0.0792464717742,0.0824668060446,after_reset,6.95264216266,22190.1278287,0.118342694923,2.05923637309,0.537479501361,0.118342694923,0.130846926306,0.0772891875967,0.14806334372,0.118179780735,0.116943774816,0.00934421029061,0.170806794055,0.162222222222,0.144089456869,0.211598746082,0.155806451613,0.171713615023,942,90,313,319,310,852
two_r8,eps2,42,0,1,shared_reset,4.10782519111e-15,-0.902028043562,0.344202566458,826.555463613,0.0715221443578,4,-0.0336626604506,7.62176342018,4.78123164936,2.32744655133,0.452189721253,0.0113289543524,0.0111111111111,0.00841154153355,0.0151106974922,0.0103830645161,0.0113519659624,after_reset,1.71876562706,833.065772903,0.022929849204,0.398993613768,0.537479501361,0.022929849204,0.026844400095,0.0130625706644,0.030649393036,0.0214183767426,0.022476563118,0.00934421029061,0.0367303609342,0.0366666666667,0.0319488817891,0.0429467084639,0.0351612903226,0.0367370892019,942,90,313,319,310,852
two_r8,eps2,42,0,1,local_reset,5.00988139862e-15,-28.017114334,9.68886542825,22102.2176978,27.6318229987,4,-11.6430436866,114.599253662,4.77001151885,2.32686579294,1.80512847891,0.0819814888535,0.0776041666667,0.0655576078275,0.100803291536,0.0791960685484,0.0824438820423,after_reset,6.95253824454,22184.5061893,0.118327703525,2.05897551345,0.537479501361,0.118327703525,0.130719243034,0.0772702819294,0.14804605837,0.118168931834,0.116942086415,0.00934421029061,0.170700636943,0.161111111111,0.144089456869,0.211598746082,0.155483870968,0.171713615023,942,90,313,319,310,852
two_r8,eps2,42,0,1,retained,4.62564014869e-15,-276.733148326,127.557345414,68576.7812624,337.788589612,10,-154.644686362,719.943680798,5.16889797436,2.6217607436,4.1616094028,0.104320096868,0.096484375,0.0676916932907,0.143539380878,0.100945060484,0.105147813967,after_reset,12.1942939824,69026.8725542,0.208723164873,3.63191266933,0.703060233435,0.208723164873,0.225726073421,0.129789861432,0.268281138869,0.20324785833,0.206845481329,0.00934421029061,0.213481953291,0.198888888889,0.16357827476,0.284326018809,0.190967741935,0.215023474178,942,90,313,319,310,852
two_r8,eps2,42,0,1,shared_reset,6.4774574593e-15,-36.7392047569,14.3351783699,17928.7374904,27.8696951934,10,-13.415438974,115.842695116,5.20077487823,2.62446157518,1.72991721339,0.0537669187898,0.04765625,0.0322733626198,0.0745616183386,0.0540700604839,0.0544124119718,after_reset,7.36751215153,18000.81095,0.106587822074,1.85469428667,0.703060233435,0.106587822074,0.111666439414,0.0571397837366,0.138705341461,0.106903653425,0.106037145149,0.00934421029061,0.117834394904,0.111111111111,0.0916932907348,0.155799373041,0.105161290323,0.118544600939,942,90,313,319,310,852
two_r8,eps2,42,0,1,local_reset,5.43228656502e-15,-261.001388687,111.201369003,64513.3811748,305.87858397,10,-140.894989627,658.542649549,5.1777879261,2.62157997546,3.92197213445,0.104291069533,0.0967881944444,0.0682657747604,0.143612852665,0.100201612903,0.105083626761,after_reset,11.646698682,64896.4123897,0.202382006442,3.52157257527,0.703060233435,0.202382006442,0.216986913818,0.126261926545,0.260374475806,0.196472545241,0.20077720474,0.00934421029061,0.214437367304,0.198888888889,0.166134185304,0.278369905956,0.197419354839,0.216079812207,942,90,313,319,310,852
two_r8,eps2,42,1,0.25,retained,3.0253577421e-15,0,0,331.074047578,0,-1,0,0,4.53584492362,2.05823500447,0,0.0112377255839,0.0106436353211,0.011219548722,0.0114126175549,0.011076108871,0.0113154636855,pulse,0.670044738286,331.074047578,0.0144552005715,1,0.414086824872,0.0144552005715,0.0143260890612,0.0117091844398,0.0161288409097,0.0151269031135,0.0144720098918,0.00934421029061,0.0346072186837,0.0348623853211,0.0370607028754,0.0341692789969,0.0325806451613,0.0345738295318,942,109,313,319,310,833
two_r8,eps2,42,1,0.25,retained,3.46944695195e-15,-0.181500266085,0.0693938589354,2799.593064,0.00987387447523,0,-0.00559422938245,0.474562191499,4.53584492362,2.12659297371,0.11643255164,0.0312956143843,0.0284547018349,0.024173821885,0.0392829153605,0.0302671370968,0.0316673544418,before_reset,2.68594086983,2799.8420988,0.0420366716594,2.90806560942,0.441810743597,0.0420366716594,0.0465784449499,0.0224280734458,0.0557262426549,0.0408189999123,0.0414055268373,0.00934421029061,0.0796178343949,0.0688073394495,0.0670926517572,0.0937304075235,0.0777419354839,0.0810324129652,942,109,313,319,310,833
two_r8,eps2,42,1,0.25,retained,3.46944695195e-15,-0.181500266085,0.0693938589354,2799.593064,0.00987387447523,0,-0.00559422938245,0.474562191499,4.53584492362,2.12659297371,0.11643255164,0.0312956143843,0.0284547018349,0.024173821885,0.0392829153605,0.0302671370968,0.0316673544418,after_reset,2.68594086983,2799.8420988,0.0420366716594,2.90806560942,0.441810743597,0.0420366716594,0.0465784449499,0.0224280734458,0.0557262426549,0.0408189999123,0.0414055268373,0.00934421029061,0.0796178343949,0.0688073394495,0.0670926517572,0.0937304075235,0.0777419354839,0.0810324129652,942,109,313,319,310,833
two_r8,eps2,42,1,0.25,shared_reset,3.33066907388e-15,0,0,0,0,0,0,0.474562191499,4.53584492362,2.12659297371,0.11643255164,0.000120256104034,0.00103927752294,9.98402555911e-05,0.000171434169279,8.82056451613e-05,0,after_reset,0,0.474562191499,0.000547278163832,0.0378602954088,0.441810743597,0.000547278163832,0.00160886766286,0.000304534948932,0.000744971931971,0.000495378243687,0,0.00934421029061,0.000636942675159,0.00550458715596,0.000319488817891,0.000940438871473,0.000645161290323,0,942,109,313,319,310,833
two_r8,eps2,42,1,0.25,local_reset,3.46944695195e-15,0,0,2799.593064,0,0,0,0,4.53584492362,2.12664021263,0,0.0312873208599,0.0283830275229,0.0241488618211,0.0393074059561,0.0302419354839,0.0316673544418,after_reset,2.68594086983,2799.593064,0.0420348021206,2.90793627613,0.441810743597,0.0420348021206,0.0465638614907,0.0224255934251,0.0557248343726,0.040816503658,0.0414055268373,0.00934421029061,0.0797239915074,0.0697247706422,0.0670926517572,0.0937304075235,0.078064516129,0.0810324129652,942,109,313,319,310,833
two_r8,eps2,42,1,0.25,retained,3.29944405131e-15,-0.914435606608,1.24421741785,6315.61245632,0.592693027599,1,-0.322255264108,4.98949500053,4.53584492362,2.17679133474,0.38480455947,0.0456226778132,0.0409260321101,0.034432408147,0.0576263714734,0.0445690524194,0.046237244898,after_reset,4.150844651,6321.20969744,0.0631628403921,4.36955821398,0.464411968604,0.0631628403921,0.068940771686,0.0325359398154,0.0830146670476,0.0629501911017,0.062367192494,0.00934421029061,0.107643312102,0.0889908256881,0.0801916932907,0.141379310345,0.10064516129,0.110084033613,942,109,313,319,310,833
two_r8,eps2,42,1,0.25,shared_reset,3.10428766026e-15,-1.43347961548e-09,-4.03755805071e-05,3.53884592609e-05,6.84823300396e-11,1,4.8088622825e-08,0.485710097538,4.53584492362,2.17680733875,0.116171788646,8.29352441614e-05,0.000716743119266,6.24001597444e-05,6.12264890282e-05,0.000126008064516,0,after_reset,0.000192411552971,0.485664828215,0.000553643084304,0.0383006158624,0.464411968604,0.000553643084304,0.00162752960169,0.000312085614814,0.000750176157362,0.000503968986335,4.58772844701e-06,0.00934421029061,0.00031847133758,0.00275229357798,0,0.000626959247649,0.000322580645161,0,942,109,313,319,310,833
two_r8,eps2,42,1,0.25,local_reset,2.85188539451e-15,-0.54976461176,1.07016829486,6315.60805195,0.572656086297,1,-0.31294033845,4.51315206048,4.53584492362,2.17683643554,0.366360865413,0.045639264862,0.0410693807339,0.0343949680511,0.057712088558,0.0445690524194,0.046237244898,after_reset,4.15084192317,6321.10878679,0.0631623362299,4.36952333642,0.464411968604,0.0631623362299,0.0689369387311,0.0325335619851,0.0830154701075,0.0629488049749,0.0623671694897,0.00934421029061,0.107749469214,0.0899082568807,0.0801916932907,0.141379310345,0.100967741935,0.110084033613,942,109,313,319,310,833
two_r8,eps2,42,1,0.25,retained,3.20316689839e-15,-16.6014427272,8.04417686106,20854.5484849,21.0673574404,4,-9.99515734578,79.6251299934,4.69720728839,2.34566452606,1.52826997666,0.0726346868365,0.0697391055046,0.0485473242812,0.0976072688088,0.0712575604839,0.0730135804322,after_reset,7.46394870699,20918.1361259,0.1149007981,7.9487515605,0.542240984168,0.1149007981,0.12654489388,0.0602856074291,0.152313114549,0.112139621616,0.113288626699,0.00934421029061,0.165180467091,0.138532110092,0.110862619808,0.228526645768,0.154838709677,0.168667466987,942,109,313,319,310,833
two_r8,eps2,42,1,0.25,shared_reset,4.23619472834e-15,-3.56285074259e-09,-0.000113557703618,0.000118239308201,2.61679769439e-10,4,-3.43383485253e-07,0.540046736857,4.73692921424,2.34610979101,0.115771306713,6.63481953291e-05,0.00053755733945,4.99201277955e-05,8.57170846395e-05,6.30040322581e-05,4.6893757503e-06,after_reset,0.000373233509973,0.539937167127,0.000583758429261,0.0403839729772,0.542240984168,0.000583758429261,0.00171595269124,0.000329525646159,0.000789436748229,0.00053345232232,8.43097185965e-06,0.00934421029061,0.00031847133758,0.00183486238532,0,0.000626959247649,0.000322580645161,0.000120048019208,942,109,313,319,310,833
two_r8,eps2,42,1,0.25,local_reset,3.3792413312e-15,-15.6809320928,7.52483483035,20854.4694845,20.9654799796,4,-9.94362714548,78.9028370404,4.69720727187,2.34570872017,1.52230844322,0.0726263933121,0.0696315940367,0.0485223642173,0.0976317594044,0.071232358871,0.0730182698079,after_reset,7.46394232538,20918.1383527,0.114900804216,7.94875198358,0.542240984168,0.114900804216,0.126546238417,0.0602892083475,0.152311994267,0.11213925182,0.113288437189,0.00934421029061,0.165286624204,0.139449541284,0.111182108626,0.228526645768,0.154838709677,0.168667466987,942,109,313,319,310,833
two_r8,eps2,42,1,0.25,retained,3.9065972679e-15,-160.392294888,108.890533549,44264.1070836,239.771626634,10,-115.230079786,589.702796708,4.9386438573,2.62978945565,3.78009181781,0.0862526539278,0.0843606651376,0.0532897364217,0.119991673197,0.0848160282258,0.08650022509,after_reset,10.7778164004,44760.1178247,0.168076564864,11.6274114657,0.704088605605,0.168076564864,0.182114916635,0.0924214736786,0.221001094922,0.164191594661,0.166151879306,0.00934421029061,0.176539278132,0.157798165138,0.121405750799,0.245454545455,0.161290322581,0.178991596639,942,109,313,319,310,833
two_r8,eps2,42,1,0.25,shared_reset,4.55928697574e-15,-31.4048841234,21.704392152,25416.9670707,26.0349783513,10,-12.6311579489,112.112688698,4.96468200142,2.63089164982,1.67471347739,0.0628897956476,0.0619624426606,0.0366039337061,0.0885090125392,0.0630670362903,0.0630111419568,after_reset,8.07385890433,25510.4514379,0.126888021262,8.77801872306,0.704088605605,0.126888021262,0.137140491877,0.0673634838489,0.167267828839,0.124709253039,0.12548450066,0.00934421029061,0.133757961783,0.122018348624,0.0840255591054,0.189655172414,0.126451612903,0.135294117647,942,109,313,319,310,833
two_r8,eps2,42,1,0.25,local_reset,4.85603311035e-15,-155.092631928,117.138046478,43393.1463007,240.325739767,10,-116.834316289,588.666826037,4.9386434087,2.62982071315,3.77723106615,0.0839387606157,0.0809202981651,0.0512430111821,0.11707729232,0.0828503024194,0.0843337334934,after_reset,10.7466040961,43912.561063,0.166477649803,11.5167997137,0.704088605605,0.166477649803,0.17952695767,0.0911083762721,0.219009262414,0.162722457134,0.164693636118,0.00934421029061,0.173248407643,0.15871559633,0.121086261981,0.241065830721,0.156129032258,0.175150060024,942,109,313,319,310,833
two_r8,eps2,42,1,1,retained,2.91433543964e-15,0,0,5266.80513364,0,-1,0,0,4.53584492362,2.05823500447,0,0.0460912619427,0.0454056766055,0.0456020367412,0.0471933777429,0.045451108871,0.046180972389,pulse,2.67812961623,5266.80513364,0.0576547612398,1,0.414086824872,0.0576547612398,0.0571424496647,0.0466397049394,0.0643775233743,0.0603306431901,0.0577214619846,0.00934421029061,0.126751592357,0.125688073394,0.137699680511,0.119122257053,0.123548387097,0.126890756303,942,109,313,319,310,833
two_r8,eps2,42,1,1,retained,3.64985819346e-15,-2.69016273655,1.04150372066,8474.7689909,0.340829121907,0,-0.120627012312,7.6890168873,4.53584492362,2.12622172502,0.467369316421,0.0570013933121,0.0571961009174,0.0518295726837,0.0641163793103,0.0549017137097,0.0569759153661,before_reset,4.09916716176,8479.26026485,0.0731544140036,1.26883560751,0.441810743597,0.0731544140036,0.0862389361176,0.0532156461336,0.0877533719959,0.0740157425262,0.0712647493658,0.00934421029061,0.142462845011,0.129357798165,0.151437699681,0.148275862069,0.127419354839,0.144177671068,942,109,313,319,310,833
two_r8,eps2,42,1,1,retained,3.64985819346e-15,-2.69016273655,1.04150372066,8474.7689909,0.340829121907,0,-0.120627012312,7.6890168873,4.53584492362,2.12622172502,0.467369316421,0.0570013933121,0.0571961009174,0.0518295726837,0.0641163793103,0.0549017137097,0.0569759153661,after_reset,4.09916716176,8479.26026485,0.0731544140036,1.26883560751,0.441810743597,0.0731544140036,0.0862389361176,0.0532156461336,0.0877533719959,0.0740157425262,0.0712647493658,0.00934421029061,0.142462845011,0.129357798165,0.151437699681,0.148275862069,0.127419354839,0.144177671068,942,109,313,319,310,833
two_r8,eps2,42,1,1,shared_reset,2.51187959321e-15,0,0,0,0,0,0,7.6890168873,4.53584492362,2.12622172502,0.467369316421,0.000447850318471,0.00387041284404,0.000324480830671,0.000587774294671,0.000428427419355,0,after_reset,0,7.6890168873,0.00220291104417,0.0382086578245,0.441810743597,0.00220291104417,0.00647603463346,0.00124985844125,0.00297176405205,0.00202021335318,0,0.00934421029061,0.00127388535032,0.0110091743119,0.000638977635783,0.00156739811912,0.00161290322581,0,942,109,313,319,310,833
two_r8,eps2,42,1,1,local_reset,4.4408920985e-15,0,0,8474.7689909,0,0,0,0,4.53584492362,2.12664021263,0,0.0569433386412,0.0566943807339,0.0517297324281,0.0641163793103,0.054826108871,0.0569759153661,after_reset,4.09916716176,8474.7689909,0.0731350373114,1.26849952612,0.441810743597,0.0731350373114,0.0860967877934,0.0532127774491,0.0877149359534,0.0740065197939,0.0712647493658,0.00934421029061,0.143099787686,0.134862385321,0.152076677316,0.148589341693,0.128387096774,0.144177671068,942,109,313,319,310,833
two_r8,eps2,42,1,1,retained,2.85188539451e-15,-5.5740537289,2.93118424857,12470.5539989,1.8563647017,1,-0.731685088957,18.6142074549,4.53584492362,2.17606323467,0.756044028938,0.0653446788747,0.0628942087156,0.0579572683706,0.0756392045455,0.0622101814516,0.0656653286315,after_reset,5.17925938321,12484.2754619,0.088765299799,1.53960050983,0.464411968604,0.088765299799,0.10299849906,0.0617646931576,0.10964226206,0.0878669984862,0.0867302049558,0.00934421029061,0.162101910828,0.155963302752,0.15303514377,0.187774294671,0.144838709677,0.162905162065,942,109,313,319,310,833
two_r8,eps2,42,1,1,shared_reset,2.97331603782e-15,-1.61247651678e-07,-0.000639586649781,0.000579037770926,1.78754062792e-08,1,1.84407122584e-06,7.86266182031,4.53584492362,2.17644804631,0.466145302862,0.000435410031847,0.00369122706422,0.000249600638978,0.000624510188088,0.000428427419355,9.3787515006e-06,after_reset,0.000774251363564,7.86196506831,0.00222754818804,0.0386359797551,0.464411968604,0.00222754818804,0.00654826106116,0.00128200380623,0.00299092366847,0.00205261153002,1.85558203818e-05,0.00934421029061,0.00127388535032,0.0110091743119,0.000638977635783,0.00156739811912,0.00161290322581,0,942,109,313,319,310,833
two_r8,eps2,42,1,1,local_reset,2.99066327258e-15,-2.80627013956,1.51971884316,12470.4443889,1.24236560583,1,-0.507765517508,10.1677159539,4.53584492362,2.17646560425,0.575391545205,0.0653156515393,0.0625716743119,0.0579198282748,0.075602468652,0.0621975806452,0.065674707383,after_reset,5.17922975013,12478.2658368,0.0887439325043,1.5392299022,0.464411968604,0.0887439325043,0.102841724604,0.0617648892172,0.109595679965,0.087861075159,0.0867298213987,0.00934421029061,0.162101910828,0.155963302752,0.153354632588,0.187460815047,0.144838709677,0.162905162065,942,109,313,319,310,833
two_r8,eps2,42,1,1,retained,3.95083271654e-15,-44.0503415685,16.5138731738,32263.9901927,35.303374215,4,-16.0842209904,121.118866464,4.72525494652,2.34476738804,1.87825141922,0.0929621151805,0.0902737958716,0.0714107428115,0.117934463166,0.0890246975806,0.0933138880552,after_reset,8.7311639132,32333.1710546,0.142851795305,2.47771029198,0.542240984168,0.142851795305,0.159635343949,0.0906116033666,0.182215696145,0.139833531657,0.140507377959,0.00934421029061,0.209978768577,0.184403669725,0.1696485623,0.266771159875,0.192258064516,0.213325330132,942,109,313,319,310,833
two_r8,eps2,42,1,1,shared_reset,3.77475828373e-15,-3.19864824171e-07,-0.00207081683807,0.00192726006947,6.72659627504e-08,4,-1.49835534208e-05,8.73235842277,4.73692885103,2.3457624085,0.464405038524,0.000418822983015,0.00333285550459,0.000274560702875,0.00056328369906,0.000415826612903,3.75150060024e-05,after_reset,0.00149881131807,8.7301135096,0.00234731567058,0.040713301384,0.542240984168,0.00234731567058,0.0068999084657,0.00134719012977,0.00314676483359,0.0021727548389,3.40339604583e-05,0.00934421029061,0.00116772823779,0.00917431192661,0.000958466453674,0.0012539184953,0.00129032258065,0.000120048019208,942,109,313,319,310,833
two_r8,eps2,42,1,1,local_reset,3.0253577421e-15,-37.0603199679,13.4497654912,32263.3041155,32.9891367911,4,-15.0529077699,109.722345722,4.72525510649,2.34515276142,1.79871418015,0.092933087845,0.0900587729358,0.0713109025559,0.117983444357,0.0889868951613,0.0933091986795,after_reset,8.73110018695,32328.6886735,0.142841893116,2.47753854225,0.542240984168,0.142841893116,0.159568161199,0.0906206564063,0.182186015882,0.139836665595,0.140505979275,0.00934421029061,0.210297239915,0.187155963303,0.1696485623,0.267084639498,0.192903225806,0.213325330132,942,109,313,319,310,833
two_r8,eps2,42,1,1,retained,4.37410524468e-15,-324.610271247,160.76902208,59980.8957274,358.635542863,10,-166.4941397,813.38316526,4.95525023371,2.62811064088,4.47016776142,0.1067086319,0.104931192661,0.0731829073482,0.141996473354,0.104246471774,0.106941213986,after_reset,11.7904016294,60492.2436578,0.195394079024,3.38903630545,0.704088605605,0.195394079024,0.212955471594,0.12278063009,0.24997439327,0.191029098347,0.192977925012,0.00934421029061,0.19957537155,0.175229357798,0.139297124601,0.277115987461,0.18064516129,0.202761104442,942,109,313,319,310,833
two_r8,eps2,42,1,1,shared_reset,4.18241830058e-15,-12.8341690747,15.1644321552,24818.1035342,27.2386740276,10,-12.8868931767,127.992155766,4.97228586433,2.63126761181,1.7738655905,0.0636652401805,0.0627508600917,0.0383012180511,0.0898315047022,0.0623487903226,0.0637848889556,after_reset,8.14873955863,24952.2211038,0.125492033835,2.17661180336,0.704088605605,0.125492033835,0.135650396577,0.0664010525565,0.166041684793,0.122606431514,0.124101281797,0.00934421029061,0.133121019108,0.124770642202,0.0798722044728,0.191222570533,0.127096774194,0.134213685474,942,109,313,319,310,833
two_r8,eps2,42,1,1,local_reset,4.91273688397e-15,-311.866329736,156.195343531,59978.6149905,351.772286255,10,-163.228849461,794.758141177,4.95525328336,2.62841293233,4.4195781701,0.106679604565,0.104644495413,0.0731454672524,0.141898510972,0.104296875,0.106945903361,after_reset,11.7902526453,60487.3457466,0.19538616857,3.38889910162,0.704088605605,0.19538616857,0.212913217312,0.12277769924,0.24995142419,0.191037341571,0.192974968465,0.00934421029061,0.199469214437,0.175229357798,0.138977635783,0.277115987461,0.18064516129,0.202641056423,942,109,313,319,310,833
two_r8,eps2,7,0,0.25,retained,2.30024332915e-15,0,0,284.316625715,0,-1,0,0,4.26425521092,1.94632753344,0,0.012017316879,0.0116470756881,0.0121680311502,0.0118901841693,0.0119959677419,0.0120657638055,pulse,0.661265145163,284.316625715,0.0133956157373,1,0.375757278234,0.0133956157373,0.0128365809047,0.0100172776188,0.0155803116393,0.0139342458269,0.0134670498934,0.00934421029061,0.040127388535,0.0412844036697,0.0335463258786,0.0438871473354,0.0429032258065,0.0399759903962,942,109,313,319,310,833
two_r8,eps2,7,0,0.25,retained,2.99760216649e-15,-0.272494358026,0.223268341387,5517.53581346,0.0248171704434,0,-0.0102243693331,0.435920116952,4.26425521092,2.01851054285,0.12206024945,0.0478619294055,0.0426103784404,0.0395741813099,0.0552507836991,0.0486265120968,0.0485491071429,before_reset,4.06074472388,5517.87764997,0.0590129854609,4.40539551284,0.401979543685,0.0590129854609,0.0646359960658,0.0332321616051,0.0764461498154,0.058767867477,0.0582370457555,0.00934421029061,0.142462845011,0.12752293578,0.112460063898,0.16802507837,0.146451612903,0.144417767107,942,109,313,319,310,833
two_r8,eps2,7,0,0.25,retained,2.99760216649e-15,-0.272494358026,0.223268341387,5517.53581346,0.0248171704434,0,-0.0102243693331,0.435920116952,4.26425521092,2.01851054285,0.12206024945,0.0478619294055,0.0426103784404,0.0395741813099,0.0552507836991,0.0486265120968,0.0485491071429,after_reset,4.06074472388,5517.87764997,0.0590129854609,4.40539551284,0.401979543685,0.0590129854609,0.0646359960658,0.0332321616051,0.0764461498154,0.058767867477,0.0582370457555,0.00934421029061,0.142462845011,0.12752293578,0.112460063898,0.16802507837,0.146451612903,0.144417767107,942,109,313,319,310,833
two_r8,eps2,7,0,0.25,shared_reset,2.35315239516e-15,0,0,0,0,0,0,0.435920116952,4.26425521092,2.01851054285,0.12206024945,0.000132696390658,0.00114678899083,0.00011232028754,0.000171434169279,0.000113407258065,0,after_reset,0,0.435920116952,0.000524523570177,0.0391563613396,0.401979543685,0.000524523570177,0.00154197456839,0.000323098914302,0.000691982841412,0.000487729122666,0,0.00934421029061,0.000424628450106,0.00366972477064,0.000319488817891,0.000626959247649,0.000322580645161,0,942,109,313,319,310,833
two_r8,eps2,7,0,0.25,local_reset,2.99760216649e-15,0,0,5517.53581346,0,0,0,0,4.26425521092,2.01856222582,0,0.0478577826433,0.0425745412844,0.039549221246,0.0552752742947,0.0486139112903,0.0485491071429,after_reset,4.06074472388,5517.53581346,0.059011157484,4.405259052,0.401979543685,0.059011157484,0.0646215712596,0.0332301705156,0.0764456067051,0.058764153368,0.0582370457555,0.00934421029061,0.142356687898,0.126605504587,0.112460063898,0.16802507837,0.146129032258,0.144417767107,942,109,313,319,310,833
two_r8,eps2,7,0,0.25,retained,2.59211055398e-15,-0.555657846118,-0.504627372407,12141.3987525,2.00462314598,1,-0.868563702038,12.010039529,4.27402205791,2.07702025217,0.648440073348,0.0679778728769,0.0623566513761,0.0549620607029,0.0803536442006,0.0683845766129,0.0687134228691,after_reset,5.83454459184,12151.5557174,0.0875744652618,6.53754683466,0.425755075638,0.0875744652618,0.0970159114751,0.0507554514726,0.112824914756,0.0872047253117,0.0862626077235,0.00934421029061,0.183651804671,0.154128440367,0.146645367412,0.220689655172,0.182903225806,0.187515006002,942,109,313,319,310,833
two_r8,eps2,7,0,0.25,shared_reset,3.02709246558e-15,-6.38850524562e-11,4.04719713691e-07,1.47176923726e-05,3.40637054629e-11,1,-7.54340246114e-08,0.452217562628,4.26425521092,2.07720198666,0.121935425767,9.53755307856e-05,0.000824254587156,2.49600638978e-05,0.000171434169279,8.82056451613e-05,0,after_reset,0.000148235720969,0.452232938798,0.000534247684524,0.0398822790233,0.425755075638,0.000534247684524,0.00157053971197,0.000331778991191,0.00070149477143,0.000499786154366,2.96856707641e-06,0.00934421029061,0.000636942675159,0.00550458715596,0.000319488817891,0.000940438871473,0.000645161290323,0,942,109,313,319,310,833
two_r8,eps2,7,0,0.25,local_reset,2.69229083472e-15,-0.066389288629,-0.744324478326,12141.3913766,1.93955428259,1,-0.834941420594,11.4469432758,4.27601424634,2.07707095427,0.634287774138,0.0679654325902,0.0622491399083,0.0549620607029,0.0802924177116,0.0684097782258,0.0687134228691,after_reset,5.8345420461,12151.4865638,0.0875742160715,6.53752823228,0.425755075638,0.0875742160715,0.0970141544777,0.0507494651935,0.112827145426,0.0872045127239,0.0862625802055,0.00934421029061,0.183651804671,0.154128440367,0.146645367412,0.220689655172,0.182903225806,0.187515006002,942,109,313,319,310,833
two_r8,eps2,7,0,0.25,retained,3.66720542821e-15,-7.42618732903,0.106712628349,27119.1243406,56.1851799026,4,-28.0751462649,185.101677491,4.45071035245,2.25644292969,2.35625965281,0.0863272956476,0.0769782110092,0.0702875399361,0.100937989812,0.0874873991935,0.0875506452581,after_reset,8.39646323549,27289.6219561,0.131238214324,9.79710204423,0.501118215995,0.131238214324,0.141731684328,0.0774711201147,0.166464572982,0.133275332941,0.129802370027,0.00934421029061,0.210721868365,0.180733944954,0.17124600639,0.254231974922,0.205806451613,0.214645858343,942,109,313,319,310,833
two_r8,eps2,7,0,0.25,shared_reset,3.43258407809e-15,2.82024212194e-09,-0.00011882546014,0.000141779569883,4.33226410114e-10,4,3.82594802079e-07,0.487700839336,4.40969047526,2.25595976607,0.12170226487,7.04949575372e-05,0.000573394495413,1.24800319489e-05,0.000110207680251,8.82056451613e-05,4.6893757503e-06,after_reset,0.000488005037862,0.487605739249,0.000554748270889,0.0414126742486,0.501118215995,0.000554748270889,0.00163062621107,0.00034171447475,0.000717698285019,0.000535915838422,9.27996683177e-06,0.00934421029061,0.00031847133758,0.00275229357798,0,0.000626959247649,0.000322580645161,0,942,109,313,319,310,833
two_r8,eps2,7,0,0.25,local_reset,3.82159581758e-15,1.99585630374,-11.802197508,21168.4881299,41.813672833,4,-20.214586318,171.460799164,4.54326101244,2.25643158023,2.25116624293,0.0748988190021,0.067409690367,0.0598292731629,0.0895131269592,0.0750756048387,0.0758787890156,after_reset,7.49801602385,21321.7207468,0.116003923541,8.65984257954,0.501118215995,0.116003923541,0.126053132816,0.0677756716947,0.147936401283,0.117188280984,0.114623794698,0.00934421029061,0.197664543524,0.180733944954,0.150479233227,0.243887147335,0.197741935484,0.199879951981,942,109,313,319,310,833
two_r8,eps2,7,0,0.25,retained,4.224051664e-15,-103.503251548,-10.9767589677,66710.2225865,519.059552496,10,-256.581570292,924.067703514,4.68665786906,2.56440540023,4.81765267199,0.100836816614,0.0984805045872,0.0705995407348,0.129543005486,0.101827116935,0.101145145558,after_reset,12.6724702028,67411.2266808,0.206266010099,15.398023812,0.650545898469,0.206266010099,0.221865437605,0.126352165397,0.260162875866,0.208602011195,0.204136610535,0.00934421029061,0.244267515924,0.24495412844,0.180511182109,0.305015673981,0.246129032258,0.244177671068,942,109,313,319,310,833
two_r8,eps2,7,0,0.25,shared_reset,4.02976263469e-15,8.68348276547e-09,-0.000290343223467,0.000461729018604,1.29375948943e-09,10,9.78101907887e-07,0.562805197196,4.7176046996,2.56308624548,0.120061679804,8.70820063694e-05,0.000609231651376,7.48801916933e-05,8.57170846395e-05,0.000100806451613,1.87575030012e-05,after_reset,0.00085069504601,0.562688214632,0.00059593029282,0.0444869653255,0.650545898469,0.00059593029282,0.00175127918786,0.000371679848868,0.000766231593245,0.000579229667708,1.67789228179e-05,0.00934421029061,0.00031847133758,0.00183486238532,0.000319488817891,0.000313479623824,0.000322580645161,0.000120048019208,942,109,313,319,310,833
two_r8,eps2,7,0,0.25,local_reset,4.49640324973e-15,-157.563075867,76.6940520806,56707.0846602,390.771223056,10,-200.648726192,789.908194398,4.7908269787,2.56345559609,4.43979743548,0.093210920913,0.0884819380734,0.0639352036741,0.120579447492,0.0946068548387,0.0938297193878,after_reset,11.9623366558,57324.7285777,0.190209654374,14.1993961385,0.650545898469,0.190209654374,0.202810081805,0.115875419899,0.23952576609,0.193246841061,0.188498550322,0.00934421029061,0.221656050955,0.220183486239,0.162939297125,0.281191222571,0.219677419355,0.221848739496,942,109,313,319,310,833
two_r8,eps2,7,0,1,retained,2.22044604925e-15,0,0,4564.47929951,0,-1,0,0,4.26425521092,1.94632753344,0,0.0484963840234,0.0482726490826,0.0494833266773,0.0484668887147,0.0475302419355,0.0485256602641,pulse,2.64914120371,4564.47929951,0.0536731610781,1,0.375757278234,0.0536731610781,0.0514292466466,0.040108414778,0.0624399545503,0.0558368120724,0.053959879004,0.00934421029061,0.137898089172,0.149541284404,0.126198083067,0.14012539185,0.147419354839,0.13637454982,942,109,313,319,310,833
two_r8,eps2,7,0,1,retained,2.63677968348e-15,-3.59449762341,0.881338734405,10937.0026167,0.607069447611,0,-0.174516053365,7.1008147218,4.26425521092,2.01819334335,0.491135433721,0.0684008426221,0.0629300458716,0.062013278754,0.0737656739812,0.0693296370968,0.0691167091837,before_reset,4.88260412243,10938.935151,0.0830900607953,1.54807466388,0.401979543685,0.0830900607953,0.0940219757157,0.0542367380768,0.102221438103,0.0851847791022,0.0815512436445,0.00934421029061,0.195116772824,0.190825688073,0.164536741214,0.223824451411,0.196451612903,0.195678271309,942,109,313,319,310,833
two_r8,eps2,7,0,1,retained,2.63677968348e-15,-3.59449762341,0.881338734405,10937.0026167,0.607069447611,0,-0.174516053365,7.1008147218,4.26425521092,2.01819334335,0.491135433721,0.0684008426221,0.0629300458716,0.062013278754,0.0737656739812,0.0693296370968,0.0691167091837,after_reset,4.88260412243,10938.935151,0.0830900607953,1.54807466388,0.401979543685,0.0830900607953,0.0940219757157,0.0542367380768,0.102221438103,0.0851847791022,0.0815512436445,0.00934421029061,0.195116772824,0.190825688073,0.164536741214,0.223824451411,0.196451612903,0.195678271309,942,109,313,319,310,833
two_r8,eps2,7,0,1,shared_reset,2.45203163329e-15,0,0,0,0,0,0,7.1008147218,4.26425521092,2.01819334335,0.491135433721,0.000352474787686,0.00304615825688,0.000237120607029,0.000453076018809,0.000365423387097,0,after_reset,0,7.1008147218,0.00211697458087,0.0394419582963,0.401979543685,0.00211697458087,0.00622340186644,0.00129566012753,0.0028009910656,0.00196212096923,0,0.00934421029061,0.00116772823779,0.0100917431193,0.000638977635783,0.0012539184953,0.00161290322581,0,942,109,313,319,310,833
two_r8,eps2,7,0,1,local_reset,2.63677968348e-15,0,0,10937.0026167,0,0,0,0,4.26425521092,2.01856222582,0,0.0682888800425,0.0619624426606,0.0620507188498,0.0736064851097,0.0691154233871,0.0691167091837,after_reset,4.88260412243,10937.0026167,0.0830827208906,1.54793791202,0.401979543685,0.0830827208906,0.0939659038678,0.0542218513497,0.102229929943,0.0851621039249,0.0815512436445,0.00934421029061,0.194692144374,0.187155963303,0.163897763578,0.224137931034,0.195483870968,0.195678271309,942,109,313,319,310,833
two_r8,eps2,7,0,1,retained,3.08086889333e-15,-8.6355799943,1.34031585311,17732.3454589,4.46434516822,1,-1.67850869193,26.9590745797,4.27268704629,2.07646935832,0.937820810872,0.0853693935775,0.0788417431193,0.0749176317891,0.0947418691223,0.0862777217742,0.0862235519208,after_reset,6.41814880265,17745.8213329,0.10583019716,1.97175264199,0.425755075638,0.10583019716,0.118920059395,0.0680869709047,0.131681767547,0.107282026091,0.103995526828,0.00934421029061,0.214649681529,0.195412844037,0.179233226837,0.250470219436,0.213548387097,0.217166866747,942,109,313,319,310,833
two_r8,eps2,7,0,1,shared_reset,3.02969455079e-15,-3.55472232014e-08,-0.000108057172723,0.000248246778656,9.07406389562e-09,1,-6.12548125897e-06,7.35951094096,4.26425521092,2.07688908289,0.490527017187,0.000427116507431,0.00365538990826,0.000212160543131,0.000624510188088,0.000441028225806,4.6893757503e-06,after_reset,0.000600678199257,7.35953076041,0.00215519522067,0.0401540579572,0.425755075638,0.00215519522067,0.00633567179605,0.00133126166372,0.00283704802333,0.00201059060274,1.21929781611e-05,0.00934421029061,0.00222929936306,0.0183486238532,0.00159744408946,0.00282131661442,0.00225806451613,0.000120048019208,942,109,313,319,310,833
two_r8,eps2,7,0,1,local_reset,3.0253577421e-15,-3.48437254093,0.0702535845205,17732.2640912,3.35285813184,1,-1.26327255258,18.8885535877,4.28150627335,2.07683149464,0.785873394651,0.0853652468153,0.0787700688073,0.0749301118211,0.0948398315047,0.0861517137097,0.0862282412965,after_reset,6.4181315045,17745.1507199,0.105828197484,1.97171538546,0.425755075638,0.105828197484,0.118906248412,0.0680597655205,0.131699437713,0.10727114084,0.10399529205,0.00934421029061,0.214755838641,0.196330275229,0.179552715655,0.251097178683,0.212903225806,0.217166866747,942,109,313,319,310,833
two_r8,eps2,7,0,1,retained,3.04964387077e-15,-21.7170289723,5.90629473021,32566.0372711,66.4168037319,4,-29.5337693989,214.370285132,4.45880668005,2.25528408027,2.47447339322,0.0943720143312,0.0866184059633,0.079098442492,0.107550450627,0.096232358871,0.0953865921369,after_reset,8.73735841051,32756.1353527,0.143783112747,2.67886425652,0.501118215995,0.143783112747,0.158727696408,0.0907306499467,0.178476921975,0.147412675402,0.141711020786,0.00934421029061,0.232590233546,0.222018348624,0.188178913738,0.281504702194,0.227096774194,0.233973589436,942,109,313,319,310,833
two_r8,eps2,7,0,1,shared_reset,4.50420950537e-15,2.16979229236e-08,-0.0023812622447,0.0023419119353,1.11585431128e-07,4,1.38580295976e-05,7.92512800923,4.40967442915,2.25567878759,0.489293194811,0.000460290605096,0.00390625,0.000374400958466,0.000465321316614,0.000541834677419,9.3787515006e-06,after_reset,0.00196144818241,7.92273526771,0.00223614069417,0.0416621762023,0.501118215995,0.00223614069417,0.00657289539284,0.0013679034598,0.00290147478269,0.00215460045285,3.77069821229e-05,0.00934421029061,0.000955414012739,0.00825688073394,0,0.00219435736677,0.000645161290323,0,942,109,313,319,310,833
two_r8,eps2,7,0,1,local_reset,3.56659146661e-15,-12.8303077855,2.85724589319,32565.6336537,63.5053455368,4,-28.28324754,202.744392629,4.45884036478,2.25560148135,2.40186778612,0.094367867569,0.0865467316514,0.0790859624601,0.107574941223,0.0962071572581,0.0953912815126,after_reset,8.73729038022,32755.370773,0.143781434675,2.67883299189,0.501118215995,0.143781434675,0.158720766777,0.0906960733126,0.178494709921,0.14740702229,0.141710111015,0.00934421029061,0.232802547771,0.222935779817,0.188178913738,0.282131661442,0.227096774194,0.234093637455,942,109,313,319,310,833
two_r8,eps2,7,0,1,retained,4.5709963592e-15,-260.645941632,123.027343429,67919.039369,497.306017792,10,-236.771948595,973.657082584,4.71692131901,2.56080235014,4.85756954354,0.103930301221,0.101777522936,0.0761531549521,0.132139008621,0.10294858871,0.104211997299,after_reset,12.334587349,68641.2213757,0.208139282998,3.87790245287,0.650545898469,0.208139282998,0.224452740023,0.137414262797,0.256761214822,0.211511550223,0.205909025584,0.00934421029061,0.244055201699,0.236697247706,0.190734824281,0.299059561129,0.241290322581,0.245018007203,942,109,313,319,310,833
two_r8,eps2,7,0,1,shared_reset,4.49250012191e-15,-39.1044611115,19.3393676465,20472.1169042,30.726525022,10,-16.3549736777,115.305342007,4.68503358164,2.5624279964,1.71126227677,0.0589089039278,0.0552608944954,0.0404852236422,0.0761779976489,0.0597404233871,0.0593862545018,after_reset,7.42559004392,20545.9086369,0.113873909009,2.12161733577,0.650545898469,0.113873909009,0.121500280529,0.0657031401708,0.144532549457,0.116399954002,0.112837850589,0.00934421029061,0.142144373673,0.14495412844,0.0961661341853,0.184639498433,0.144838709677,0.141776710684,942,109,313,319,310,833
two_r8,eps2,7,0,1,local_reset,4.18415302406e-15,-244.485965429,116.499288584,67917.1564554,489.371781408,10,-233.143338652,957.170038322,4.71695805814,2.56106839496,4.81064284103,0.103926154459,0.101777522936,0.0761531549521,0.132004310345,0.103074596774,0.104207307923,after_reset,12.3343709738,68641.4382441,0.2081396118,3.87790857888,0.650545898469,0.2081396118,0.224475841627,0.13736564445,0.256787774114,0.2115112407,0.205906106114,0.00934421029061,0.243630573248,0.233027522936,0.190734824281,0.298119122257,0.240967741935,0.245018007203,942,109,313,319,310,833
two_r8,eps2,7,1,0.25,retained,2.7582103268e-15,0,0,283.258606371,0,-1,0,0,4.26425521092,1.94632753344,0,0.0111589371019,0.0114820075758,0.0109574680511,0.0109840321317,0.0115423387097,0.0111209964413,pulse,0.666411511826,283.258606371,0.0133706681453,1,0.375757278234,0.0133706681453,0.0132633263758,0.00990283707175,0.0156359000165,0.013879848282,0.0133832176275,0.00934421029061,0.0375796178344,0.0383838383838,0.0325878594249,0.0442006269592,0.0358064516129,0.0374851720047,942,99,313,319,310,843
two_r8,eps2,7,1,0.25,retained,2.83974233017e-15,-0.260791275765,0.116755759927,3985.99718426,0.0241618439667,0,-0.0118930455189,0.648481336252,4.61610874856,2.0168565777,0.14577978802,0.0387473460722,0.032867739899,0.0309130391374,0.0456014890282,0.0396043346774,0.0394378336299,before_reset,3.59750853666,3986.35797032,0.0501590959707,3.75142778399,0.397711296427,0.0501590959707,0.0594012896475,0.0260335515349,0.0661027422486,0.0496433281361,0.048959371104,0.00934421029061,0.120700636943,0.105050505051,0.101597444089,0.136990595611,0.123225806452,0.122538552788,942,99,313,319,310,843
two_r8,eps2,7,1,0.25,retained,2.83974233017e-15,-0.260791275765,0.116755759927,3985.99718426,0.0241618439667,0,-0.0118930455189,0.648481336252,4.61610874856,2.0168565777,0.14577978802,0.0387473460722,0.032867739899,0.0309130391374,0.0456014890282,0.0396043346774,0.0394378336299,after_reset,3.59750853666,3986.35797032,0.0501590959707,3.75142778399,0.397711296427,0.0501590959707,0.0594012896475,0.0260335515349,0.0661027422486,0.0496433281361,0.048959371104,0.00934421029061,0.120700636943,0.105050505051,0.101597444089,0.136990595611,0.123225806452,0.122538552788,942,99,313,319,310,843
two_r8,eps2,7,1,0.25,shared_reset,2.06779038336e-15,0,0,0,0,0,0,0.648481336252,4.61610874856,2.0168565777,0.14577978802,9.95222929936e-05,0.00094696969697,8.73602236422e-05,0.000122452978056,8.82056451613e-05,0,after_reset,0,0.648481336252,0.000639749998473,0.0478472722172,0.397711296427,0.000639749998473,0.00197341373975,0.000339615259617,0.000950740273412,0.000443935858188,0,0.00934421029061,0.000424628450106,0.0040404040404,0.000319488817891,0.000626959247649,0.000322580645161,0,942,99,313,319,310,843
two_r8,eps2,7,1,0.25,local_reset,2.44249065418e-15,0,0,3985.99718426,0,0,0,0,4.61765016657,2.01687631103,0,0.0387266122611,0.0326704545455,0.0308506389776,0.0455892437304,0.0396169354839,0.0394378336299,after_reset,3.59750853666,3985.99718426,0.0501568260903,3.75125801832,0.397711296427,0.0501568260903,0.0593830494568,0.0260345475321,0.0660998078021,0.0496398523483,0.048959371104,0.00934421029061,0.120806794055,0.106060606061,0.101916932907,0.136990595611,0.123225806452,0.122538552788,942,99,313,319,310,843
two_r8,eps2,7,1,0.25,retained,3.11903280981e-15,-2.87458561503,1.43407145563,7547.4345685,1.56729670661,1,-0.892923288067,10.5997150694,4.61610874856,2.07142881111,0.610866739768,0.0502338773885,0.0432844065657,0.0386506589457,0.0601244122257,0.0517515120968,0.051050007414,after_reset,4.77816401797,7554.93470538,0.0690521031308,5.16444671131,0.420124000942,0.0690521031308,0.0806513805335,0.0352005788252,0.0906713692317,0.0691238177281,0.0675593661249,0.00934421029061,0.158067940552,0.128282828283,0.126517571885,0.18275862069,0.164516129032,0.161565836299,942,99,313,319,310,843
two_r8,eps2,7,1,0.25,shared_reset,4.65599780952e-15,6.52441426181e-10,-2.44790751816e-05,3.18116962109e-05,1.26305723101e-10,1,-2.90003576154e-07,0.673476438197,4.61610874856,2.0715992611,0.145770231997,0.000111962579618,0.00106534090909,7.48801916933e-05,0.000183679467085,7.56048387097e-05,0,after_reset,0.0002203250643,0.673458713167,0.00065195413017,0.0487600262819,0.420124000942,0.00065195413017,0.0020110194282,0.000346853781995,0.000967791971431,0.000454203195743,4.34431943234e-06,0.00934421029061,0.000743099787686,0.00707070707071,0.000319488817891,0.000940438871473,0.000967741935484,0,942,99,313,319,310,843
two_r8,eps2,7,1,0.25,local_reset,2.64024913044e-15,-2.14762208738,1.12784909988,7547.42918277,1.51512107092,1,-0.868147255816,9.87052033541,4.61765016657,2.07144688013,0.591354650046,0.0502172903397,0.0431265782828,0.0386506589457,0.0600631857367,0.0517641129032,0.051050007414,after_reset,4.77816386812,7555.03898369,0.069052579681,5.16448235277,0.420124000942,0.069052579681,0.0806554299623,0.0352033209443,0.0906733172965,0.0691212247777,0.0675593426823,0.00934421029061,0.157961783439,0.127272727273,0.126517571885,0.18275862069,0.164193548387,0.161565836299,942,99,313,319,310,843
two_r8,eps2,7,1,0.25,retained,3.20229953665e-15,8.80958946216,0.926904520204,20477.7170973,27.0970431029,4,-13.3361998916,102.571342194,4.61610874856,2.27847233417,1.81667511468,0.0756037685775,0.0679845328283,0.0579947084665,0.0918274882445,0.0766885080645,0.0764985542705,after_reset,7.41264313246,20600.1860708,0.114024223775,8.52793761211,0.500068411015,0.114024223775,0.129676036712,0.0641373617315,0.146594015043,0.115068425625,0.112042737054,0.00934421029061,0.194798301486,0.159595959596,0.139616613419,0.242319749216,0.201612903226,0.198932384342,942,99,313,319,310,843
two_r8,eps2,7,1,0.25,shared_reset,3.65159291693e-15,8.25059336142e-09,-4.87745822693e-05,0.000187378342464,6.8851202835e-10,4,5.35868065056e-07,0.731510403794,4.61610874856,2.27759566579,0.144624270221,0.000103669055202,0.00094696969697,7.48801916933e-05,0.00019592476489,3.78024193548e-05,4.6337485172e-06,after_reset,0.000506734461159,0.731601321898,0.000679514601942,0.0508212898981,0.500068411015,0.000679514601942,0.00209584657236,0.0003666425156,0.00100708157237,0.000472978074813,1.0585255459e-05,0.00934421029061,0.000636942675159,0.00606060606061,0.000319488817891,0.000940438871473,0.000645161290323,0,942,99,313,319,310,843
two_r8,eps2,7,1,0.25,local_reset,4.32986979604e-15,8.64151404964,2.93282106679,20587.1711248,26.0572350596,4,-12.8944813726,103.450077153,4.61765016657,2.27851900361,1.81653820195,0.0748946722399,0.0661695075758,0.0570212659744,0.0925377155172,0.0747857862903,0.0759193357058,after_reset,7.5364668602,20714.0381445,0.114338881292,8.55147102972,0.500068411015,0.114338881292,0.129672872296,0.0656755405983,0.147488391266,0.113959766656,0.112400916805,0.00934421029061,0.186199575372,0.161616161616,0.132907348243,0.23855799373,0.186129032258,0.189086595492,942,99,313,319,310,843
two_r8,eps2,7,1,0.25,retained,3.90312782095e-15,10.8567274501,2.83578047338,44975.576611,224.617196431,10,-105.211612721,543.816566076,4.61610874856,2.58090175459,3.79589586266,0.0823588442144,0.0772174873737,0.0573956669329,0.107770865987,0.0814138104839,0.082962633452,after_reset,10.4977947308,45560.9721639,0.1695735234,12.6825018434,0.650694072445,0.1695735234,0.189547073759,0.103432042375,0.214935847732,0.170406252806,0.167071269923,0.00934421029061,0.210721868365,0.177777777778,0.158466453674,0.263636363636,0.209032258065,0.214590747331,942,99,313,319,310,843
two_r8,eps2,7,1,0.25,shared_reset,3.94389382263e-15,-1.28101403875e-07,-7.93108835085e-05,0.00225210583508,1.04424049868e-08,10,1.24009401846e-06,0.856195221016,4.61610874856,2.57915170334,0.144131873403,9.53755307856e-05,0.000710227272727,4.99201277955e-05,0.000110207680251,0.000126008064516,2.3168742586e-05,after_reset,0.00203538217955,0.858290939512,0.000736001698958,0.0550459925384,0.650694072445,0.000736001698958,0.00226772487425,0.000397399524247,0.00108720207598,0.000519889458972,3.71741021906e-05,0.00934421029061,0.000530785562633,0.00505050505051,0.000319488817891,0.000940438871473,0.000322580645161,0,942,99,313,319,310,843
two_r8,eps2,7,1,0.25,local_reset,4.9751869291e-15,25.7394982794,5.29838101913,52576.9324009,266.788524372,10,-123.99036493,605.428992555,4.61765016657,2.58099544245,3.97631568107,0.0936629179936,0.0852272727273,0.0650459265176,0.122501959248,0.0928805443548,0.0946535809609,after_reset,11.3264165249,53263.2449465,0.183347656605,13.7126772285,0.650694072445,0.183347656605,0.204224947891,0.11240597472,0.233193287646,0.182852760542,0.180737710027,0.00934421029061,0.22983014862,0.19595959596,0.160063897764,0.290595611285,0.237741935484,0.233807829181,942,99,313,319,310,843
two_r8,eps2,7,1,1,retained,2.35922392733e-15,0,0,4545.30325309,0,-1,0,0,4.26425521092,1.94632753344,0,0.043089006104,0.0432054924242,0.0422573881789,0.0442789968652,0.0427041330645,0.0430753262159,pulse,2.67063423333,4545.30325309,0.0535602980072,1,0.375757278234,0.0535602980072,0.0531204923492,0.0396939804832,0.062619477044,0.0555991288056,0.0536117110473,0.00934421029061,0.125477707006,0.129292929293,0.114376996805,0.132601880878,0.12935483871,0.125029655991,942,99,313,319,310,843
two_r8,eps2,7,1,1,retained,2.52575738102e-15,-1.33723719137,-0.366200011134,9257.63115203,0.661575745929,0,-0.176559277843,10.6871682262,4.6116440033,2.01669591253,0.592066839415,0.0597880175159,0.0541351010101,0.0538638178914,0.0652307014107,0.0601688508065,0.0604518831554,before_reset,4.50685776475,9265.21990304,0.0764697056673,1.42773114625,0.397711296427,0.0764697056673,0.0901582307699,0.0516336423612,0.0937535125823,0.0776689581661,0.0746977461309,0.00934421029061,0.169532908705,0.142424242424,0.148881789137,0.186520376176,0.172903225806,0.172716488731,942,99,313,319,310,843
two_r8,eps2,7,1,1,retained,2.52575738102e-15,-1.33723719137,-0.366200011134,9257.63115203,0.661575745929,0,-0.176559277843,10.6871682262,4.6116440033,2.01669591253,0.592066839415,0.0597880175159,0.0541351010101,0.0538638178914,0.0652307014107,0.0601688508065,0.0604518831554,after_reset,4.50685776475,9265.21990304,0.0764697056673,1.42773114625,0.397711296427,0.0764697056673,0.0901582307699,0.0516336423612,0.0937535125823,0.0776689581661,0.0746977461309,0.00934421029061,0.169532908705,0.142424242424,0.148881789137,0.186520376176,0.172903225806,0.172716488731,942,99,313,319,310,843
two_r8,eps2,7,1,1,shared_reset,2.19615992059e-15,0,0,0,0,0,0,10.6871682262,4.6116440033,2.01669591253,0.592066839415,0.000489317940552,0.00465593434343,0.000312000798722,0.000746963166144,0.000403225806452,0,after_reset,0,10.6871682262,0.00259712513701,0.0484897439641,0.397711296427,0.00259712513701,0.00801125821251,0.00135411947414,0.00387450957966,0.00178808274268,0,0.00934421029061,0.00148619957537,0.0141414141414,0.000638977635783,0.00282131661442,0.000967741935484,0,942,99,313,319,310,843
two_r8,eps2,7,1,1,local_reset,2.52575738102e-15,0,0,9257.63115203,0,0,0,0,4.61765016657,2.01687631103,0,0.0598004578025,0.0542534722222,0.0538263777955,0.0653653996865,0.0601058467742,0.0604518831554,after_reset,4.50685776475,9257.63115203,0.0764383826961,1.42714632928,0.397711296427,0.0764383826961,0.0899051356611,0.0516247111838,0.0936998222304,0.0776479286682,0.0746977461309,0.00934421029061,0.16932059448,0.140404040404,0.148881789137,0.185893416928,0.172903225806,0.172716488731,942,99,313,319,310,843
two_r8,eps2,7,1,1,retained,2.91433543964e-15,-3.7661297105,0.168494859679,13420.2065178,3.49187681977,1,-1.35485713199,28.4060047775,4.6116440033,2.07119670774,0.96327855268,0.0694416799363,0.0614741161616,0.0598791932907,0.0792638126959,0.0689894153226,0.0703773724792,after_reset,5.60366904533,13442.1994155,0.0921078658603,1.71970413323,0.420124000942,0.0921078658603,0.108304821664,0.0600077632876,0.114507890746,0.0930133068754,0.090014705724,0.00934421029061,0.190658174098,0.164646464646,0.162939297125,0.213479623824,0.195161290323,0.193712930012,942,99,313,319,310,843
two_r8,eps2,7,1,1,shared_reset,2.74259781552e-15,1.43418212121e-08,-0.000564742915856,0.000509006907001,3.31104902929e-08,1,-1.91744183698e-05,11.1026932999,4.6116440033,2.07144985609,0.592036382955,0.000510051751592,0.00473484848485,0.000424321086262,0.000746963166144,0.000352822580645,1.39012455516e-05,after_reset,0.000881136929854,11.102034534,0.00264705423657,0.049421947507,0.420124000942,0.00264705423657,0.00816511531816,0.00138314986948,0.00394424965856,0.001830721811,1.7373436743e-05,0.00934421029061,0.0015923566879,0.0141414141414,0.000958466453674,0.00219435736677,0.00161290322581,0.00011862396204,942,99,313,319,310,843
two_r8,eps2,7,1,1,local_reset,2.58126853225e-15,-2.51659752976,0.260646168174,13420.0586628,2.39973375525,1,-0.996210473741,16.4643976179,4.61765016657,2.07136308402,0.738145710847,0.0694043590764,0.0611190025253,0.0598667132588,0.0791046238245,0.0690524193548,0.0703773724792,after_reset,5.6036420567,13432.4184705,0.092074349548,1.71907836539,0.420124000942,0.092074349548,0.108036688567,0.0599973645355,0.114456788627,0.0929839621962,0.0900142296917,0.00934421029061,0.18991507431,0.158585858586,0.161341853035,0.213166144201,0.194838709677,0.19359430605,942,99,313,319,310,843
two_r8,eps2,7,1,1,retained,4.17721413015e-15,-5.27582663737,11.6723352697,28491.6553726,45.1628857167,4,-20.4623334317,190.506633868,4.6116440033,2.27756323728,2.37043487475,0.0891180666136,0.0803740530303,0.0736197084665,0.10597080721,0.0874243951613,0.0901449436536,after_reset,8.23489044991,28699.1932426,0.1345849189,2.51277389983,0.500068411015,0.1345849189,0.154510767225,0.085716941865,0.168712666038,0.135394308231,0.132047730464,0.00934421029061,0.214861995754,0.181818181818,0.164536741214,0.255485893417,0.223870967742,0.218742586002,942,99,313,319,310,843
two_r8,eps2,7,1,1,shared_reset,3.51888657102e-15,3.78609161628e-07,-0.00120216775599,0.00307728478702,1.82322878842e-07,4,2.48888340666e-05,12.0673545266,4.6116440033,2.27746459031,0.587550255933,0.00047273089172,0.00414299242424,0.000312000798722,0.000795944357367,0.000302419354839,4.17037366548e-05,after_reset,0.00203524048004,12.0680781931,0.00275981906591,0.0515273284242,0.500068411015,0.00275981906591,0.00851219322804,0.00146029283624,0.00410663801764,0.00190721224724,4.29140350273e-05,0.00934421029061,0.00138004246285,0.0121212121212,0.000958466453674,0.00188087774295,0.00129032258065,0.00011862396204,942,99,313,319,310,843
two_r8,eps2,7,1,1,local_reset,3.27949473133e-15,0.649205955512,8.45849474879,28490.5504635,41.8141166592,4,-19.1047861029,173.249253765,4.61765016657,2.27769896713,2.26312385017,0.0890475716561,0.0798216540404,0.0734574680511,0.105885090125,0.0874621975806,0.0901310424081,after_reset,8.2347799522,28685.6196631,0.134553088473,2.51217960838,0.500068411015,0.134553088473,0.15426456976,0.0857022172535,0.168671907986,0.135359837555,0.13204528716,0.00934421029061,0.214649681529,0.180808080808,0.164217252396,0.255485893417,0.223548387097,0.21862396204,942,99,313,319,310,843
two_r8,eps2,7,1,1,retained,4.36976843599e-15,-68.1929959776,38.8746142963,59906.0538699,350.378734378,10,-164.04280849,818.218210219,4.6116440033,2.57984202143,4.58011368805,0.0980045780255,0.0918955176768,0.0718225838658,0.123812206113,0.0978830645161,0.098722012159,after_reset,11.5737601449,60687.9284342,0.195709861448,3.65400994262,0.650694072445,0.195709861448,0.218883304093,0.128642440623,0.243521136309,0.196612468244,0.192805759684,0.00934421029061,0.237048832272,0.209090909091,0.183067092652,0.279937304075,0.247419354839,0.240332147094,942,99,313,319,310,843
two_r8,eps2,7,1,1,shared_reset,4.67226084211e-15,-8.45100077399,3.86427385295,20373.4596319,15.3128457257,10,-6.49633543971,75.0249903379,4.6116440033,2.57897733514,1.38898291461,0.05500680069,0.0502288510101,0.0383885782748,0.071634992163,0.0546748991935,0.0555679122183,after_reset,7.24951560971,20441.6313432,0.113584567507,2.12068587617,0.650694072445,0.113584567507,0.125320740295,0.0678324273845,0.14554124136,0.112963645312,0.112125724524,0.00934421029061,0.144798301486,0.127272727273,0.103833865815,0.179937304075,0.15,0.146856465006,942,99,313,319,310,843
two_r8,eps2,7,1,1,local_reset,4.69069227904e-15,-55.4162453436,34.6963500969,59903.5078788,342.740863294,10,-160.871255989,794.103523512,4.61765016657,2.57997614054,4.51419004724,0.0979631104034,0.0915404040404,0.0718225838658,0.123763224922,0.0978074596774,0.0987173784104,after_reset,11.5735606857,60677.1699631,0.195692513416,3.6536860454,0.650694072445,0.195692513416,0.218766079852,0.128633595226,0.24352361939,0.196562669128,0.192801707509,0.00934421029061,0.237261146497,0.211111111111,0.182428115016,0.280250783699,0.248387096774,0.240332147094,942,99,313,319,310,843
two_r8,eps2,99,0,0.25,retained,3.00454106039e-15,0,0,268.192654625,0,-1,0,0,4.35362285361,1.93524201967,0,0.0135474721338,0.0140850360577,0.0145392372204,0.0123065242947,0.0138230846774,0.0134807577566,pulse,0.648691353254,268.192654625,0.0130102305432,1,0.360145389792,0.0130102305432,0.012675249366,0.00881889809633,0.0155111105013,0.013720254196,0.013051203669,0.00934421029061,0.0363057324841,0.0394230769231,0.0325878594249,0.0413793103448,0.0348387096774,0.0359188544153,942,104,313,319,310,838
two_r8,eps2,99,0,0.25,retained,3.35148575559e-15,-0.155807261723,0.14403509654,3402.9398818,0.0127929745608,0,-0.0069185792044,0.380051485936,4.35362285361,2.00281058545,0.11732546838,0.0408704883227,0.0381986177885,0.0359424920128,0.0448667711599,0.0417338709677,0.0412020808473,before_reset,3.22714602504,3403.29534477,0.0463459056009,3.56226628323,0.384239449444,0.0463459056009,0.0519920946121,0.0268199610441,0.0583845046851,0.0478851708888,0.0455964420496,0.00934421029061,0.104458598726,0.0788461538462,0.0843450479233,0.121003134796,0.107741935484,0.107637231504,942,104,313,319,310,838
two_r8,eps2,99,0,0.25,retained,3.35148575559e-15,-0.155807261723,0.14403509654,3402.9398818,0.0127929745608,0,-0.0069185792044,0.380051485936,4.35362285361,2.00281058545,0.11732546838,0.0408704883227,0.0381986177885,0.0359424920128,0.0448667711599,0.0417338709677,0.0412020808473,after_reset,3.22714602504,3403.29534477,0.0463459056009,3.56226628323,0.384239449444,0.0463459056009,0.0519920946121,0.0268199610441,0.0583845046851,0.0478851708888,0.0455964420496,0.00934421029061,0.104458598726,0.0788461538462,0.0843450479233,0.121003134796,0.107741935484,0.107637231504,942,104,313,319,310,838
two_r8,eps2,99,0,0.25,shared_reset,2.31065167e-15,0,0,0,0,0,0,0.380051485936,4.35362285361,2.00281058545,0.11732546838,9.12287685775e-05,0.000826322115385,0.00011232028754,6.12264890282e-05,0.000100806451613,0,after_reset,0,0.380051485936,0.000489759388851,0.0376441744999,0.384239449444,0.000489759388851,0.0014739798687,0.00036451472172,0.00056877476592,0.000511687606989,0,0.00934421029061,0.00031847133758,0.00288461538462,0.000319488817891,0.000626959247649,0,0,942,104,313,319,310,838
two_r8,eps2,99,0,0.25,local_reset,2.86576318231e-15,0,0,3402.9398818,0,0,0,0,4.35362285361,2.00276076266,0,0.0408995156582,0.0384615384615,0.0359300119808,0.0448790164577,0.0418220766129,0.0412020808473,after_reset,3.22714602504,3402.9398818,0.0463434851992,3.56208024489,0.384239449444,0.0463434851992,0.0519725489959,0.0268164876153,0.0583810463674,0.0478843556009,0.0455964420496,0.00934421029061,0.104564755839,0.0798076923077,0.0846645367412,0.121003134796,0.107741935484,0.107637231504,942,104,313,319,310,838
two_r8,eps2,99,0,0.25,retained,3.38618022511e-15,-2.55012759437,1.08416620001,7409.97686171,1.13173085036,1,-0.633654929381,8.29013427929,4.35362285361,2.04645133997,0.524758142052,0.058714006104,0.0525841346154,0.0507687699681,0.0655123432602,0.0597404233871,0.0594747538783,after_reset,4.59242293994,7415.19949419,0.0684105327675,5.25821064742,0.404092449456,0.0684105327675,0.0755762980863,0.0391537514726,0.0867357549057,0.0702268389592,0.0674681587175,0.00934421029061,0.152335456476,0.122115384615,0.118849840256,0.184012539185,0.153548387097,0.156085918854,942,104,313,319,310,838
two_r8,eps2,99,0,0.25,shared_reset,2.91173335443e-15,1.51460101328e-09,-3.97836540472e-05,2.94194175008e-05,9.36427118537e-11,1,4.89555399483e-07,0.400087051723,4.35362285361,2.04657179091,0.117943487866,0.000124402866242,0.00112680288462,0.000124800319489,0.000146943573668,0.000100806451613,0,after_reset,0.000205074021029,0.400037886066,0.000502472287828,0.0386213208261,0.404092449456,0.000502472287828,0.00151219323026,0.000379230477059,0.000578954900111,0.000526384815521,4.21708157488e-06,0.00934421029061,0.00031847133758,0.00288461538462,0.000319488817891,0.000313479623824,0.000322580645161,0,942,104,313,319,310,838
two_r8,eps2,99,0,0.25,local_reset,2.78943534937e-15,-1.94251425432,0.552534548898,7409.96298365,1.09620490625,1,-0.614840365562,7.83858730659,4.35362285361,2.0463995597,0.509502543421,0.0587430334395,0.0528470552885,0.0508062100639,0.0655000979624,0.0598034274194,0.0594747538783,after_reset,4.59242003324,7414.88813572,0.0684090964998,5.25810025217,0.404092449456,0.0684090964998,0.0755649949407,0.0391492785733,0.0867349615505,0.0702261135546,0.0674680929094,0.00934421029061,0.152335456476,0.122115384615,0.118849840256,0.184012539185,0.153548387097,0.156085918854,942,104,313,319,310,838
two_r8,eps2,99,0,0.25,retained,3.37663924599e-15,-16.3798565129,8.66213124666,18830.6340699,20.393124707,4,-11.2766476411,89.4853170301,4.35362285361,2.21501968158,1.68126352292,0.0809199177282,0.0702749399038,0.0659694488818,0.0932234521944,0.0833543346774,0.0822410128282,after_reset,7.1932058046,18902.5237658,0.109224848062,8.39530457973,0.47148922696,0.109224848062,0.117411651764,0.0649089486084,0.136399997286,0.113370912886,0.108165611234,0.00934421029061,0.194585987261,0.152884615385,0.140575079872,0.246394984326,0.195806451613,0.199761336516,942,104,313,319,310,838
two_r8,eps2,99,0,0.25,shared_reset,3.35929201123e-15,7.16913701273e-09,-0.000184363159741,0.000274654209486,1.0997838455e-09,4,1.34142849414e-06,0.455367189722,4.35362285361,2.21540257789,0.120059887226,0.000124402866242,0.00108924278846,0.00011232028754,0.000122452978056,0.000138608870968,4.66139618138e-06,after_reset,0.000631300524995,0.455275815907,0.000536042030425,0.0412015781463,0.47148922696,0.000536042030425,0.00161285268866,0.00040837462837,0.000619921121942,0.000556150121892,1.29586401003e-05,0.00934421029061,0.000530785562633,0.00480769230769,0.000319488817891,0.000940438871473,0.000322580645161,0,942,104,313,319,310,838
two_r8,eps2,99,0,0.25,local_reset,3.69669572731e-15,-14.997764225,7.06516466311,18830.6066306,20.232287308,4,-11.1712410325,88.6743636,4.35362285361,2.21497106954,1.67345767447,0.0808784501062,0.0698993389423,0.065907048722,0.0931377351097,0.0833795362903,0.0822410128282,after_reset,7.19319695006,18901.3056003,0.10922132853,8.39503405937,0.47148922696,0.10922132853,0.117382881404,0.0649015127282,0.13639828615,0.113367026008,0.108165491514,0.00934421029061,0.194479830149,0.151923076923,0.140575079872,0.246081504702,0.195806451613,0.199761336516,942,104,313,319,310,838
two_r8,eps2,99,0,0.25,retained,3.95170007828e-15,-123.255446683,51.7453578254,48841.3645741,253.179010485,10,-126.125957891,572.472942807,4.52158856047,2.51646968911,3.90394103731,0.0999328224522,0.0880033052885,0.0749925119808,0.119734521944,0.104737903226,0.101413335322,after_reset,11.2527060889,49271.7444339,0.176343932783,13.554251187,0.618100196661,0.176343932783,0.185788576915,0.109515567673,0.217293731824,0.183842903438,0.175136281488,0.00934421029061,0.250743099788,0.202884615385,0.183706070288,0.30407523511,0.263548387097,0.256682577566,942,104,313,319,310,838
two_r8,eps2,99,0,0.25,shared_reset,4.34374758385e-15,-1.20408825216,3.05176383281,9763.65730329,8.47068274936,10,-4.40473122401,34.8409496166,4.50185489555,2.51656877529,0.985470713732,0.0433626924098,0.0402268629808,0.0318240814696,0.0535364420063,0.0445438508065,0.0437518645585,after_reset,5.55960786101,9801.85482437,0.0786530712791,6.04547867297,0.618100196661,0.0786530712791,0.0891975148036,0.0454517004377,0.0999008027786,0.0802659345163,0.077244114823,0.00934421029061,0.102866242038,0.0778846153846,0.0632587859425,0.139811912226,0.104838709677,0.105966587112,942,104,313,319,310,838
two_r8,eps2,99,0,0.25,local_reset,4.21884749358e-15,-120.231626101,48.3658889556,48841.4680641,252.473639004,10,-125.751622204,570.761327854,4.5215973988,2.51643002888,3.8980940892,0.0999328224522,0.0879657451923,0.0749800319489,0.119710031348,0.104775705645,0.101417996718,after_reset,11.2527334087,49269.4683123,0.176339859608,13.5539381122,0.618100196661,0.176339859608,0.185752980846,0.109511024686,0.217293421097,0.183834141363,0.175136357189,0.00934421029061,0.250636942675,0.201923076923,0.183706070288,0.303761755486,0.263548387097,0.256682577566,942,104,313,319,310,838
two_r8,eps2,99,0,1,retained,2.67841304691e-15,0,0,4303.46458423,0,-1,0,0,4.35362285361,1.93524201967,0,0.0533480958068,0.0543118990385,0.0562475039936,0.0490546630094,0.0548387096774,0.0532284829952,pulse,2.5969115447,4303.46458423,0.0521159512899,1,0.360145389792,0.0521159512899,0.0507943179364,0.0353092011278,0.0621423624082,0.054961479387,0.052277642041,0.00934421029061,0.119002123142,0.110576923077,0.107348242812,0.132288401254,0.117096774194,0.120047732697,942,104,313,319,310,838
two_r8,eps2,99,0,1,retained,2.58126853225e-15,-0.387144244647,0.561473301209,6227.4932846,0.29529895806,0,-0.0552568694762,6.0397565993,4.35362285361,2.00280144015,0.468614399629,0.0598046045648,0.0595327524038,0.0588807907348,0.0597203173981,0.0608240927419,0.0598383427804,before_reset,3.57869975799,6234.06648454,0.0627259529081,1.20358453325,0.384239449444,0.0627259529081,0.0726704571007,0.0411654047512,0.0758052396808,0.0658155326561,0.0613795076079,0.00934421029061,0.132696390658,0.111538461538,0.121725239617,0.148589341693,0.127419354839,0.135322195704,942,104,313,319,310,838
two_r8,eps2,99,0,1,retained,2.58126853225e-15,-0.387144244647,0.561473301209,6227.4932846,0.29529895806,0,-0.0552568694762,6.0397565993,4.35362285361,2.00280144015,0.468614399629,0.0598046045648,0.0595327524038,0.0588807907348,0.0597203173981,0.0608240927419,0.0598383427804,after_reset,3.57869975799,6234.06648454,0.0627259529081,1.20358453325,0.384239449444,0.0627259529081,0.0726704571007,0.0411654047512,0.0758052396808,0.0658155326561,0.0613795076079,0.00934421029061,0.132696390658,0.111538461538,0.121725239617,0.148589341693,0.127419354839,0.135322195704,942,104,313,319,310,838
two_r8,eps2,99,0,1,shared_reset,2.34621350126e-15,0,0,0,0,0,0,6.0397565993,4.35362285361,2.00280144015,0.468614399629,0.000427116507431,0.00386868990385,0.000399361022364,0.000342868338558,0.000541834677419,0,after_reset,0,6.0397565993,0.00195241111485,0.0374628317536,0.384239449444,0.00195241111485,0.00587597653916,0.00143948134639,0.00226658864136,0.00205050017728,0,0.00934421029061,0.00148619957537,0.0134615384615,0.00191693290735,0.00188087774295,0.000645161290323,0,942,104,313,319,310,838
two_r8,eps2,99,0,1,local_reset,2.58126853225e-15,0,0,6227.4932846,0,0,0,0,4.35362285361,2.00276076266,0,0.0597216693206,0.0587815504808,0.0587809504792,0.0596101097179,0.0607862903226,0.0598383427804,after_reset,3.57869975799,6227.4932846,0.062692875063,1.20294983611,0.384239449444,0.062692875063,0.07241145443,0.0411206462269,0.0757722850837,0.0657870567544,0.0613795076079,0.00934421029061,0.132377919321,0.108653846154,0.121405750799,0.147962382445,0.127419354839,0.135322195704,942,104,313,319,310,838
two_r8,eps2,99,0,1,retained,2.74780198595e-15,1.20492228134,0.820230613653,10407.4242117,1.54987361891,1,-0.508885675899,15.2063978964,4.35362285361,2.046897275,0.736235083977,0.0703290870488,0.0664813701923,0.0650833666134,0.0740473158307,0.0717993951613,0.0708066079952,after_reset,5.07467885136,10427.2130176,0.0811233124884,1.55659276058,0.404092449456,0.0811233124884,0.0909867361091,0.0509060541704,0.100147832538,0.084026477539,0.0798142334794,0.00934421029061,0.170806794055,0.143269230769,0.140255591054,0.197178683386,0.174516129032,0.174224343675,942,104,313,319,310,838
two_r8,eps2,99,0,1,shared_reset,2.74715146464e-15,4.59060329184e-08,-0.000742466954032,0.000460419652125,2.31706633178e-08,1,2.98071508686e-05,6.35472492199,4.35362285361,2.04657041468,0.47097298383,0.000489317940552,0.00435697115385,0.000374400958466,0.000489811912226,0.000604838709677,9.32279236277e-06,after_reset,0.000814059256672,6.35376013702,0.00200252045379,0.0384243289094,0.404092449456,0.00200252045379,0.00602659951895,0.00149828769826,0.00230625148727,0.00210848063969,1.66843103127e-05,0.00934421029061,0.00127388535032,0.0115384615385,0.00159744408946,0.00156739811912,0.000645161290323,0,942,104,313,319,310,838
two_r8,eps2,99,0,1,local_reset,2.83106871279e-15,2.4901414238,-0.789809932523,10407.2900845,0.941055619572,1,-0.312439856103,8.28335669673,4.35362285361,2.04684644788,0.547547785591,0.0703456740977,0.0665564903846,0.065195686901,0.0740350705329,0.0717489919355,0.0708159307876,after_reset,5.07465395898,10419.2902801,0.0810924873367,1.55600128808,0.404092449456,0.0810924873367,0.0907411095938,0.0508571464829,0.100125259763,0.0839936397601,0.0798137248293,0.00934421029061,0.170488322718,0.140384615385,0.139616613419,0.197178683386,0.174193548387,0.174224343675,942,104,313,319,310,838
two_r8,eps2,99,0,1,retained,3.5093455919e-15,-21.6316679891,21.0632477884,22525.6758999,27.1960573498,4,-12.2627145429,109.541705413,4.35362285361,2.2149134326,1.91044653459,0.0905652866242,0.0797776442308,0.0785618011182,0.0995175352665,0.0934727822581,0.0919040871122,after_reset,7.50343841781,22636.7513931,0.119527711225,2.29349571997,0.47148922696,0.119527711225,0.129640055793,0.0764952136627,0.14601533674,0.124764001312,0.11821239375,0.00934421029061,0.198195329087,0.149038461538,0.148242811502,0.243573667712,0.201935483871,0.204295942721,942,104,313,319,310,838
two_r8,eps2,99,0,1,shared_reset,3.75394160201e-15,6.64277275246e-08,-0.00343321376081,0.00424827322635,2.75351778401e-07,4,7.16131738071e-05,7.21923965749,4.35362285361,2.21538983579,0.47933765766,0.000422969745223,0.00375600961538,0.000374400958466,0.000379604231975,0.000516633064516,9.32279236277e-06,after_reset,0.00250904900463,7.21676513775,0.00213418881159,0.0409507791524,0.47148922696,0.00213418881159,0.00642142372137,0.00161390824484,0.00246761172265,0.00222369158409,5.09890587921e-05,0.00934421029061,0.00138004246285,0.0125,0.000319488817891,0.0025078369906,0.00129032258065,0,942,104,313,319,310,838
two_r8,eps2,99,0,1,local_reset,2.85015067103e-15,-17.6347007841,15.2864020004,22525.0557,25.0488391894,4,-11.2669178482,99.076867411,4.35362285361,2.21487116543,1.81629263948,0.0905777269108,0.0798903245192,0.0785867611821,0.099480799373,0.0935231854839,0.0919040871122,after_reset,7.50332604903,22621.9509733,0.119488629876,2.2927458277,0.47148922696,0.119488629876,0.129325829017,0.076432977955,0.145985066713,0.124725203396,0.118210695808,0.00934421029061,0.198195329087,0.148076923077,0.148242811502,0.243260188088,0.202258064516,0.204415274463,942,104,313,319,310,838
two_r8,eps2,99,0,1,retained,3.54924423185e-15,-81.0106192383,45.9101395575,47286.268317,258.97138305,10,-121.002861459,585.342731691,4.45651603614,2.51631829951,4.05335784316,0.102615777601,0.0967172475962,0.0850389376997,0.117334443574,0.105216733871,0.103347814737,after_reset,10.7962282308,47818.3757495,0.173723657021,3.33340661969,0.618100196661,0.173723657021,0.184562230815,0.116534517752,0.209085359972,0.181687598992,0.172330992624,0.00934421029061,0.231422505308,0.184615384615,0.167092651757,0.281504702194,0.244838709677,0.23723150358,942,104,313,319,310,838
two_r8,eps2,99,0,1,shared_reset,4.48772963235e-15,4.3080902812,4.09070853664,18699.5900385,23.6228771281,10,-11.335249317,95.0920275525,4.51618538317,2.51645930902,1.62369128415,0.0625331740977,0.0568659855769,0.0451028354633,0.076741281348,0.0655115927419,0.0632365005967,after_reset,7.43260485981,18812.4320422,0.108964247734,2.09080415951,0.618100196661,0.108964247734,0.1184765267,0.0630481348207,0.136871966105,0.113083467557,0.107725152872,0.00934421029061,0.147239915074,0.123076923077,0.0913738019169,0.189968652038,0.159677419355,0.150238663484,942,104,313,319,310,838
two_r8,eps2,99,0,1,local_reset,4.47558656802e-15,-73.5264622622,36.7688981983,47283.6511986,253.622168818,10,-118.369736926,569.505407051,4.45656662485,2.51630320749,3.99714054705,0.102566016454,0.0963416466346,0.0850014976038,0.117309952978,0.105128528226,0.103338491945,after_reset,10.7959930027,47796.5241725,0.17368395921,3.33264489876,0.618100196661,0.17368395921,0.184262089111,0.116492305661,0.209054731505,0.181635861966,0.172325872971,0.00934421029061,0.231316348195,0.183653846154,0.166773162939,0.281504702194,0.244838709677,0.23723150358,942,104,313,319,310,838
two_r8,eps2,99,1,0.25,retained,2.78249645547e-15,0,0,274.339997857,0,-1,0,0,4.35362285361,1.93524201967,0,0.0125522492038,0.0124139300847,0.0127421126198,0.0123187695925,0.0126008064516,0.0125720570388,pulse,0.649107176459,274.339997857,0.0131584919261,1,0.360145389792,0.0131584919261,0.0131548814542,0.00891558100597,0.0156882955144,0.0138785885737,0.0131590088786,0.00934421029061,0.0357749469214,0.0313559322034,0.029392971246,0.0416927899687,0.0361290322581,0.0364077669903,942,118,313,319,310,824
two_r8,eps2,99,1,0.25,retained,4.43742265155e-15,0.184011182688,-0.140410929901,2356.47091871,0.0100069605399,0,-0.00570607539175,0.545915772677,4.35362285361,2.00758703633,0.132439746797,0.0332445926221,0.0282706567797,0.031736721246,0.0331112852665,0.034904233871,0.033956879551,before_reset,2.62017883657,2357.1026298,0.038570103039,2.93119479464,0.385846409443,0.038570103039,0.0416902812439,0.0218607561254,0.0480407634174,0.040781230352,0.038102372265,0.00934421029061,0.0892781316348,0.0720338983051,0.0738019169329,0.0978056426332,0.0961290322581,0.0917475728155,942,118,313,319,310,824
two_r8,eps2,99,1,0.25,retained,4.43742265155e-15,0.184011182688,-0.140410929901,2356.47091871,0.0100069605399,0,-0.00570607539175,0.545915772677,4.35362285361,2.00758703633,0.132439746797,0.0332445926221,0.0282706567797,0.031736721246,0.0331112852665,0.034904233871,0.033956879551,after_reset,2.62017883657,2357.1026298,0.038570103039,2.93119479464,0.385846409443,0.038570103039,0.0416902812439,0.0218607561254,0.0480407634174,0.040781230352,0.038102372265,0.00934421029061,0.0892781316348,0.0720338983051,0.0738019169329,0.0978056426332,0.0961290322581,0.0917475728155,942,118,313,319,310,824
two_r8,eps2,99,1,0.25,shared_reset,3.136596885e-15,0,0,0,0,0,0,0.545915772677,4.35362285361,2.00758703633,0.132439746797,0.000120256104034,0.00096001059322,0.000137280351438,0.000122452978056,0.000100806451613,0,after_reset,0,0.545915772677,0.000586981446259,0.0446085652944,0.385846409443,0.000586981446259,0.00165847458909,0.00035527992508,0.000807255476993,0.000498951914677,0,0.00934421029061,0.000636942675159,0.00508474576271,0.000638977635783,0.000940438871473,0.000322580645161,0,942,118,313,319,310,824
two_r8,eps2,99,1,0.25,local_reset,4.43742265155e-15,0,0,2356.47091871,0,0,0,0,4.35362285361,2.0077128345,0,0.0332570329087,0.0283699682203,0.0317741613419,0.0330867946708,0.0349294354839,0.033956879551,after_reset,2.62017883657,2356.47091871,0.0385649342368,2.93080198351,0.385846409443,0.0385649342368,0.0416520916853,0.0218579900035,0.0480320816531,0.0407783965741,0.038102372265,0.00934421029061,0.0893842887473,0.0728813559322,0.0738019169329,0.0981191222571,0.0961290322581,0.0917475728155,942,118,313,319,310,824
two_r8,eps2,99,1,0.25,retained,3.69843045078e-15,-1.65478796232,1.67065491995,7539.27483453,0.840132932207,1,-0.458302956982,4.72623376977,4.35362285361,2.07244445214,0.423211224271,0.0596677614119,0.0538930084746,0.0537514976038,0.0628673589342,0.0623487903226,0.0604947284587,after_reset,4.75469399172,7543.95632923,0.0690019137122,5.24390744015,0.40861245444,0.0690019137122,0.074917239982,0.0394362502808,0.086406336106,0.0722150926142,0.0681127778961,0.00934421029061,0.14076433121,0.116101694915,0.106389776358,0.162068965517,0.153548387097,0.144296116505,942,118,313,319,310,824
two_r8,eps2,99,1,0.25,shared_reset,3.02492406123e-15,-2.81342439892e-09,2.66030227448e-05,3.5061972231e-05,1.06298215981e-10,1,-5.2877103364e-08,0.570677270784,4.35362285361,2.07260855659,0.133007177975,0.000161723726115,0.00122484110169,0.000149760383387,0.000208170062696,0.000126008064516,9.48118932039e-06,after_reset,0.000233488916957,0.570765427527,0.000600192248809,0.0456125407214,0.40861245444,0.000600192248809,0.00169575763021,0.000378636417949,0.00082488879957,0.000499687293155,4.57779296043e-06,0.00934421029061,0.00031847133758,0.00254237288136,0,0.000626959247649,0.000322580645161,0,942,118,313,319,310,824
two_r8,eps2,99,1,0.25,local_reset,3.35842464949e-15,-1.67561917727,1.72966349802,7539.26960431,0.800788222647,1,-0.438408578061,4.09250859193,4.35362285361,2.07256857397,0.399118047728,0.0597133757962,0.0542240466102,0.0538014177316,0.0629040948276,0.0623991935484,0.0604994690534,after_reset,4.7546930406,7543.39417261,0.0689993427399,5.24371205512,0.40861245444,0.0689993427399,0.074898484795,0.0394348946707,0.0864014533928,0.0722143870405,0.0681127541975,0.00934421029061,0.140658174098,0.115254237288,0.10607028754,0.162068965517,0.153548387097,0.144296116505,942,118,313,319,310,824
two_r8,eps2,99,1,0.25,retained,3.20143217492e-15,-29.4581508773,17.8053821633,20193.3945248,21.6223182101,4,-11.2932646843,76.7778440153,4.44381551836,2.22113840496,1.59301721027,0.0867958797771,0.0792174258475,0.075192192492,0.0957214929467,0.0893271169355,0.0878811438107,after_reset,7.5107659428,20245.9026202,0.113039473146,8.59061006237,0.469117955816,0.113039473146,0.121559711181,0.0660451034585,0.140729152084,0.118509743561,0.111766187689,0.00934421029061,0.188747346072,0.158474576271,0.132907348243,0.23197492163,0.20064516129,0.193082524272,942,118,313,319,310,824
two_r8,eps2,99,1,0.25,shared_reset,3.94476118437e-15,-1.49581795404e-08,-2.38630200081e-06,0.000179133891994,5.48476390823e-10,4,-9.42216901626e-07,0.621061786136,4.4281444342,2.22201396246,0.132318724381,0.000132696390658,0.00102621822034,7.48801916933e-05,0.000208170062696,0.000113407258065,4.74059466019e-06,after_reset,0.000502647716815,0.621234233622,0.000626165654707,0.0475864299819,0.469117955816,0.000626165654707,0.00176897204451,0.000401364127847,0.000856500597156,0.000523339691815,1.04313077896e-05,0.00934421029061,0.000424628450106,0.00338983050847,0.000638977635783,0,0.000645161290323,0,942,118,313,319,310,824
two_r8,eps2,99,1,0.25,local_reset,5.12740891412e-15,-29.0456597536,18.1860737375,20193.3351225,21.445858985,4,-11.1979118657,75.7147658465,4.44381667064,2.22126450958,1.58344346823,0.0867668524416,0.0790188029661,0.0750923522364,0.0958194553292,0.0892389112903,0.087876403216,after_reset,7.51076080792,20246.3807516,0.113040807919,8.59071150057,0.469117955816,0.113040807919,0.12157070179,0.0660448428722,0.140732615009,0.118509527356,0.111766019113,0.00934421029061,0.188322717622,0.15593220339,0.132907348243,0.231034482759,0.200322580645,0.192961165049,942,118,313,319,310,824
two_r8,eps2,99,1,0.25,retained,4.57620052963e-15,-266.455480619,148.857141514,50310.6825401,312.447679776,10,-167.718955525,735.734698273,5.00433903825,2.52166495799,4.21182670037,0.100015757696,0.0912672139831,0.0773013178914,0.120040654389,0.10234375,0.101268583131,after_reset,11.368876719,50788.2303289,0.179037124105,13.6062038956,0.618815028774,0.179037124105,0.191891361911,0.108202453227,0.220339651068,0.188742018599,0.177120002445,0.00934421029061,0.21008492569,0.169491525424,0.142811501597,0.284012539185,0.201935483871,0.215898058252,942,118,313,319,310,824
two_r8,eps2,99,1,0.25,shared_reset,5.10355646632e-15,-4.41290863165e-08,-0.000138716165856,0.00103169315139,2.79640526409e-09,10,-2.4059383183e-06,0.718406947264,5.09299796015,2.52318183961,0.130738263368,0.00010781581741,0.000794491525424,7.48801916933e-05,0.000146943573668,0.000100806451613,9.48118932039e-06,after_reset,0.00116409649266,0.719156310745,0.00067371032123,0.0511996606462,0.618815028774,0.00067371032123,0.00190236007962,0.000439562828868,0.000907376001308,0.0005804367978,2.51528181109e-05,0.00934421029061,0.000212314225053,0.00169491525424,0,0.000626959247649,0,0,942,118,313,319,310,824
two_r8,eps2,99,1,0.25,local_reset,4.34201286037e-15,-265.142974822,148.8927319,50310.5703087,312.057336019,10,-167.471968271,735.385397256,5.00433976649,2.52177196133,4.20875285498,0.100028197983,0.0913665254237,0.0773262779553,0.120028409091,0.102368951613,0.101268583131,after_reset,11.3688682164,50790.5686196,0.179041245493,13.6065171069,0.618815028774,0.179041245493,0.191922604693,0.10820402306,0.220347929686,0.188743044482,0.177119917474,0.00934421029061,0.210191082803,0.170338983051,0.143130990415,0.283699059561,0.202258064516,0.215898058252,942,118,313,319,310,824
two_r8,eps2,99,1,1,retained,2.70963806948e-15,0,0,4372.64884535,0,-1,0,0,4.35362285361,1.93524201967,0,0.0491598659766,0.0506157309322,0.0500324480831,0.0474137931034,0.0500756048387,0.0489513804612,pulse,2.59473055709,4372.64884535,0.0525331997124,1,0.360145389792,0.0525331997124,0.0525012950759,0.0355821744173,0.0626463866464,0.0554002458015,0.0525377669944,0.00934421029061,0.117728237792,0.117796610169,0.1,0.13197492163,0.120967741935,0.117718446602,942,118,313,319,310,824
two_r8,eps2,99,1,1,retained,3.47638584586e-15,-2.96965189805,0.416800888283,5753.76884739,0.28687241949,0,-0.038876345042,8.9547262256,4.35362285361,2.0070598733,0.533899466104,0.053970110138,0.0523702330508,0.053714057508,0.0524711010972,0.0557711693548,0.05419921875,before_reset,3.17780340893,5757.82699133,0.0602824449882,1.14751138934,0.385846409443,0.0602824449882,0.0714841127507,0.0405018407948,0.0723621622107,0.0632298338407,0.058503021262,0.00934421029061,0.120063694268,0.108474576271,0.101597444089,0.134169278997,0.124193548387,0.121723300971,942,118,313,319,310,824
two_r8,eps2,99,1,1,retained,3.47638584586e-15,-2.96965189805,0.416800888283,5753.76884739,0.28687241949,0,-0.038876345042,8.9547262256,4.35362285361,2.0070598733,0.533899466104,0.053970110138,0.0523702330508,0.053714057508,0.0524711010972,0.0557711693548,0.05419921875,after_reset,3.17780340893,5757.82699133,0.0602824449882,1.14751138934,0.385846409443,0.0602824449882,0.0714841127507,0.0405018407948,0.0723621622107,0.0632298338407,0.058503021262,0.00934421029061,0.120063694268,0.108474576271,0.101597444089,0.134169278997,0.124193548387,0.121723300971,942,118,313,319,310,824
two_r8,eps2,99,1,1,shared_reset,2.36269337428e-15,0,0,0,0,0,0,8.9547262256,4.35362285361,2.0070598733,0.533899466104,0.000563959660297,0.00450211864407,0.000599041533546,0.000636755485893,0.000453629032258,0,after_reset,0,8.9547262256,0.00237732035669,0.045253675194,0.385846409443,0.00237732035669,0.00671695064099,0.00142953280033,0.00327899456836,0.0020115752143,0,0.00934421029061,0.00138004246285,0.0110169491525,0.00191693290735,0.00156739811912,0.000645161290323,0,942,118,313,319,310,824
two_r8,eps2,99,1,1,local_reset,3.47638584586e-15,0,0,5753.76884739,0,0,0,0,4.35362285361,2.0077128345,0,0.0539825504246,0.0524695444915,0.0536890974441,0.052483346395,0.0558215725806,0.05419921875,after_reset,3.17780340893,5753.76884739,0.0602611975663,1.14710693231,0.385846409443,0.0602611975663,0.0713409549528,0.0404845291276,0.0723211359244,0.0632277845835,0.058503021262,0.00934421029061,0.120276008493,0.110169491525,0.101277955272,0.134796238245,0.124516129032,0.121723300971,942,118,313,319,310,824
two_r8,eps2,99,1,1,retained,4.14251966063e-15,-5.20336767467,1.55366072054,10060.1700701,1.41331756933,1,-0.512406931186,17.8307724004,4.35362285361,2.07167526638,0.768992959893,0.070412022293,0.0657772775424,0.0660942492013,0.0731289184953,0.0719758064516,0.0710757357403,after_reset,4.81848319511,10071.0899323,0.079725965974,1.51763011601,0.40861245444,0.079725965974,0.0915715943299,0.0503277478729,0.098024070275,0.0828834207631,0.0778822877807,0.00934421029061,0.143524416136,0.133898305085,0.114696485623,0.168652037618,0.146774193548,0.144902912621,942,118,313,319,310,824
two_r8,eps2,99,1,1,shared_reset,2.81719092499e-15,-2.50856537193e-07,0.000399725942929,0.000569908173861,2.76040565879e-08,1,-6.47535224542e-06,9.35534863973,4.35362285361,2.07208859188,0.536046732891,0.000613720806794,0.00476694915254,0.000499201277955,0.000783699059561,0.000554435483871,1.89623786408e-05,after_reset,0.000936613368563,9.35670457497,0.00243009365561,0.0462582456221,0.40861245444,0.00243009365561,0.00686588480061,0.00152276427254,0.003351137788,0.00201177743216,1.84480266035e-05,0.00934421029061,0.00222929936306,0.0169491525424,0.000958466453674,0.00438871473354,0.00129032258065,0.000121359223301,942,118,313,319,310,824
two_r8,eps2,99,1,1,local_reset,3.24740234703e-15,-0.693268447645,0.121180989759,10060.0692107,0.711784918824,1,-0.26450600732,7.73165670038,4.35362285361,2.07231746852,0.524672770099,0.070412022293,0.0658103813559,0.0660817691693,0.0731778996865,0.0719380040323,0.0710709951456,after_reset,4.81845456839,10066.8394654,0.0797091401711,1.51730982707,0.40861245444,0.0797091401711,0.0914569228373,0.0503039939285,0.0979979900509,0.082880540403,0.0778818948743,0.00934421029061,0.143524416136,0.133898305085,0.114376996805,0.169278996865,0.146451612903,0.144902912621,942,118,313,319,310,824
two_r8,eps2,99,1,1,retained,3.24740234703e-15,-16.8516816191,2.65568814873,24343.6563946,23.4548971279,4,-10.4087639333,100.087362279,4.44057439842,2.22023931804,1.78012332427,0.0956989782378,0.0892809851695,0.0844398961661,0.105738146552,0.096736391129,0.0966180597694,after_reset,7.74722924049,24417.9891392,0.124141360602,2.36310297644,0.469117955816,0.124141360602,0.137049983565,0.0769721418067,0.153092853502,0.129344039203,0.122181210712,0.00934421029061,0.19118895966,0.150847457627,0.133546325879,0.239811912226,0.19935483871,0.196966019417,942,118,313,319,310,824
two_r8,eps2,99,1,1,shared_reset,5.30825383649e-15,-1.25979694827e-06,-7.85233930035e-05,0.00287621953651,1.41779920586e-07,4,-7.07754677673e-05,10.1738346095,4.42814203271,2.22148536255,0.532958254308,0.000522492038217,0.0040717690678,0.000349440894569,0.00067349137931,0.000541834677419,1.42217839806e-05,after_reset,0.00201127997545,10.1764098535,0.00253430480953,0.0482419655267,0.469117955816,0.00253430480953,0.00715964769337,0.00161528097325,0.00347830685015,0.00210534373178,4.17853434069e-05,0.00934421029061,0.0015923566879,0.0110169491525,0.00127795527157,0.00156739811912,0.00193548387097,0.000242718446602,942,118,313,319,310,824
two_r8,eps2,99,1,1,local_reset,3.85802501057e-15,-10.3967613131,2.28905495527,24343.0944806,21.1803766552,4,-9.42357780628,86.5581567104,4.44057715784,2.22088744219,1.66743417316,0.095703125,0.0893802966102,0.0844274161342,0.105701410658,0.0967993951613,0.0966085785801,after_reset,7.74711763217,24415.7704457,0.124135720541,2.3629956146,0.469117955816,0.124135720541,0.137017486511,0.0769650512111,0.153081889561,0.12934520396,0.122179879088,0.00934421029061,0.191082802548,0.15,0.133226837061,0.240438871473,0.198709677419,0.196966019417,942,118,313,319,310,824
two_r8,eps2,99,1,1,retained,4.37844205337e-15,-204.509225715,94.32891827,52340.7732441,306.830684248,10,-155.546366727,819.935534734,4.98256198064,2.51969725313,4.43902784764,0.10145053742,0.0939155190678,0.0779377995208,0.12170601489,0.104347278226,0.102529581311,after_reset,11.210757456,52936.0861147,0.182783701116,3.47939402352,0.618815028774,0.182783701116,0.197115077285,0.115896607631,0.222635891942,0.19223720802,0.180638345366,0.00934421029061,0.207430997877,0.167796610169,0.137060702875,0.279937304075,0.203870967742,0.213106796117,942,118,313,319,310,824
two_r8,eps2,99,1,1,shared_reset,4.78306630414e-15,-30.1012903538,10.5626825063,22283.06105,38.6863286297,10,-20.1130502208,158.960502982,5.04051390731,2.52257369514,2.04122971179,0.067102906051,0.059719279661,0.0511057308307,0.0811128526646,0.0688382056452,0.0681602700243,after_reset,7.95731203246,22401.4045655,0.118904742728,2.26342091056,0.618815028774,0.118904742728,0.128703719203,0.0700735905983,0.147643981908,0.124791284236,0.117434581368,0.00934421029061,0.13949044586,0.122033898305,0.0840255591054,0.194984326019,0.138387096774,0.141990291262,942,118,313,319,310,824
two_r8,eps2,99,1,1,local_reset,5.20156834272e-15,-215.654887355,99.5473675108,55294.335555,322.46849414,10,-163.806536204,791.954528208,4.99126682308,2.52033137882,4.36618319221,0.105128715499,0.0990466101695,0.081045327476,0.125697981975,0.108278729839,0.105999696602,after_reset,11.5679543965,55848.9304652,0.187745260851,3.57384019779,0.618815028774,0.187745260851,0.203105203,0.117829541581,0.229458197385,0.197259967334,0.185441545982,0.00934421029061,0.207643312102,0.167796610169,0.137060702875,0.283385579937,0.200967741935,0.213349514563,942,118,313,319,310,824
