round,clients,denominator,local_loss,update_norm,pre_clip_norm_mean,pre_clip_norm_median,pre_clip_norm_p90,pre_clip_norm_p95,pre_clip_norm_max,frac_clipped,post_clip_norm_mean,shrinkage_mean,noise_std,noise_norm,clipped_aggregate_norm,signal_to_noise,download_bytes,upload_bytes,bytes_per_client,sparse_upload_bytes_diag,skipped_empty,A_fro,B_fro,mean_touched_rows
1,92,92.000000,0.693106,0.000576,0.004165,0.003117,0.008159,0.010334,0.016219,0.000000,0.004165,1.000000,0.000000,0.000000,0.052975,inf,2570112,2570112,55872,,False,2.612889,2.612889,158.880435
2,79,79.000000,0.693065,0.000873,0.004897,0.003854,0.008807,0.011885,0.045456,0.000000,0.004897,1.000000,0.000000,0.000000,0.068967,inf,2206944,2206944,55872,,False,2.612926,2.612926,149.569620
3,104,104.000000,0.693103,0.000452,0.003721,0.002958,0.006795,0.008066,0.015375,0.000000,0.003721,1.000000,0.000000,0.000000,0.047005,inf,2905344,2905344,55872,,False,2.612947,2.612947,173.076923
4,105,105.000000,0.693101,0.000573,0.004214,0.002921,0.008162,0.009930,0.026731,0.000000,0.004214,1.000000,0.000000,0.000000,0.060207,inf,2933280,2933280,55872,,False,2.612967,2.612967,171.828571
5,91,91.000000,0.693098,0.000562,0.004208,0.003234,0.008769,0.010954,0.017934,0.000000,0.004208,1.000000,0.000000,0.000000,0.051167,inf,2542176,2542176,55872,,False,2.612990,2.612990,159.351648
6,85,85.000000,0.693093,0.000562,0.003960,0.003045,0.007865,0.010946,0.021376,0.000000,0.003960,1.000000,0.000000,0.000000,0.047735,inf,2374560,2374560,55872,,False,2.613015,2.613015,156.282353
7,95,95.000000,0.693072,0.001296,0.005182,0.003222,0.008168,0.010517,0.116717,0.000000,0.005182,1.000000,0.000000,0.000000,0.123109,inf,2653920,2653920,55872,,False,2.613046,2.613046,157.789474
8,94,94.000000,0.692976,0.000935,0.005869,0.003413,0.012362,0.019477,0.034039,0.000000,0.005869,1.000000,0.000000,0.000000,0.087864,inf,2625984,2625984,55872,,False,2.613125,2.613125,157.063830
9,81,81.000000,0.693067,0.000764,0.004579,0.003068,0.009155,0.013400,0.026309,0.000000,0.004579,1.000000,0.000000,0.000000,0.061883,inf,2262816,2262816,55872,,False,2.613163,2.613163,175.851852
10,89,89.000000,0.692968,0.001195,0.005904,0.003438,0.010044,0.015221,0.073140,0.000000,0.005904,1.000000,0.000000,0.000000,0.106356,inf,2486304,2486304,55872,,False,2.613244,2.613244,157.483146
11,108,108.000000,0.692933,0.001432,0.006461,0.003778,0.012747,0.017044,0.130655,0.000000,0.006461,1.000000,0.000000,0.000000,0.154706,inf,3017088,3017088,55872,,False,2.613340,2.613340,167.046296
12,81,81.000000,0.692829,0.002870,0.008741,0.004256,0.015187,0.017415,0.217339,0.000000,0.008741,1.000000,0.000000,0.000000,0.232487,inf,2262816,2262816,55872,,False,2.613471,2.613471,147.740741
13,92,92.000000,0.693045,0.000857,0.005241,0.003379,0.010403,0.016585,0.035830,0.000000,0.005241,1.000000,0.000000,0.000000,0.078815,inf,2570112,2570112,55872,,False,2.613518,2.613518,149.554348
14,83,83.000000,0.692995,0.001039,0.006116,0.003694,0.011615,0.021364,0.042123,0.000000,0.006116,1.000000,0.000000,0.000000,0.086271,inf,2318688,2318688,55872,,False,2.613588,2.613588,168.240964
15,78,78.000000,0.692654,0.003951,0.009862,0.003933,0.014354,0.021473,0.292498,0.000000,0.009862,1.000000,0.000000,0.000000,0.308211,inf,2179008,2179008,55872,,False,2.613785,2.613785,166.705128
16,93,93.000000,0.692986,0.000826,0.005457,0.004058,0.010428,0.013208,0.029583,0.000000,0.005457,1.000000,0.000000,0.000000,0.076823,inf,2598048,2598048,55872,,False,2.613861,2.613861,154.720430
17,102,102.000000,0.693030,0.000719,0.005229,0.004200,0.009878,0.014482,0.025695,0.000000,0.005229,1.000000,0.000000,0.000000,0.073287,inf,2849472,2849472,55872,,False,2.613915,2.613915,144.843137
18,86,86.000000,0.693021,0.000757,0.005288,0.004330,0.010362,0.014545,0.023558,0.000000,0.005288,1.000000,0.000000,0.000000,0.065115,inf,2402496,2402496,55872,,False,2.613974,2.613974,183.918605
19,97,97.000000,0.692986,0.001060,0.005737,0.003896,0.009713,0.013939,0.065979,0.000000,0.005737,1.000000,0.000000,0.000000,0.102789,inf,2709792,2709792,55872,,False,2.614048,2.614048,198.865979
20,96,96.000000,0.692926,0.001124,0.006550,0.004309,0.013931,0.020113,0.045979,0.000000,0.006550,1.000000,0.000000,0.000000,0.107941,inf,2681856,2681856,55872,,False,2.614150,2.614150,153.802083
21,95,95.000000,0.692908,0.001215,0.007436,0.004813,0.013221,0.019162,0.058736,0.000000,0.007436,1.000000,0.000000,0.000000,0.115426,inf,2653920,2653920,55872,,False,2.614260,2.614260,151.578947
22,104,104.000000,0.692956,0.000966,0.006831,0.004572,0.015922,0.020115,0.037564,0.000000,0.006831,1.000000,0.000000,0.000000,0.100484,inf,2905344,2905344,55872,,False,2.614348,2.614348,155.951923
23,90,90.000000,0.692978,0.001202,0.006876,0.004198,0.014767,0.019224,0.064157,0.000000,0.006876,1.000000,0.000000,0.000000,0.108168,inf,2514240,2514240,55872,,False,2.614425,2.614425,169.722222
24,87,87.000000,0.692579,0.004607,0.011747,0.004695,0.019931,0.026272,0.377734,0.000000,0.011747,1.000000,0.000000,0.000000,0.400802,inf,2430432,2430432,55872,,False,2.614640,2.614640,162.919540
25,92,92.000000,0.692966,0.001117,0.006250,0.003603,0.012252,0.018802,0.050276,0.000000,0.006250,1.000000,0.000000,0.000000,0.102733,inf,2570112,2570112,55872,,False,2.614723,2.614723,219.586957
26,103,103.000000,0.692931,0.001048,0.006242,0.004058,0.012567,0.015147,0.066791,0.000000,0.006242,1.000000,0.000000,0.000000,0.107995,inf,2877408,2877408,55872,,False,2.614823,2.614823,171.621359
27,101,101.000000,0.692853,0.001286,0.007403,0.004121,0.017319,0.024331,0.047143,0.000000,0.007403,1.000000,0.000000,0.000000,0.129927,inf,2821536,2821536,55872,,False,2.614959,2.614959,203.386139
28,93,93.000000,0.692917,0.001205,0.007631,0.005132,0.014256,0.027699,0.046680,0.000000,0.007631,1.000000,0.000000,0.000000,0.112032,inf,2598048,2598048,55872,,False,2.615065,2.615065,161.784946
29,79,79.000000,0.692855,0.001903,0.009545,0.005650,0.020022,0.035245,0.058996,0.000000,0.009545,1.000000,0.000000,0.000000,0.150352,inf,2206944,2206944,55872,,False,2.615198,2.615198,154.860759
30,74,74.000000,0.692839,0.001908,0.008845,0.005334,0.017047,0.030580,0.073859,0.000000,0.008845,1.000000,0.000000,0.000000,0.141183,inf,2067264,2067264,55872,,False,2.615337,2.615337,161.310811
31,97,97.000000,0.692800,0.001598,0.008718,0.004983,0.018472,0.022394,0.093896,0.000000,0.008718,1.000000,0.000000,0.000000,0.155020,inf,2709792,2709792,55872,,False,2.615495,2.615495,160.030928
32,98,98.000000,0.692894,0.001532,0.008153,0.004808,0.015902,0.023704,0.092584,0.000000,0.008153,1.000000,0.000000,0.000000,0.150182,inf,2737728,2737728,55872,,False,2.615610,2.615610,181.704082
33,88,88.000000,0.692851,0.001525,0.009577,0.005331,0.022373,0.031148,0.067088,0.000000,0.009577,1.000000,0.000000,0.000000,0.134185,inf,2458368,2458368,55872,,False,2.615744,2.615744,162.693182
34,89,89.000000,0.692789,0.001800,0.009360,0.005717,0.017470,0.022551,0.107520,0.000000,0.009360,1.000000,0.000000,0.000000,0.160221,inf,2486304,2486304,55872,,False,2.615907,2.615907,137.134831
35,90,90.000000,0.692898,0.001222,0.008459,0.006053,0.015292,0.020410,0.050515,0.000000,0.008459,1.000000,0.000000,0.000000,0.110022,inf,2514240,2514240,55872,,False,2.616022,2.616022,146.844444
36,111,111.000000,0.692793,0.001976,0.010154,0.005540,0.020796,0.031759,0.127416,0.000000,0.010154,1.000000,0.000000,0.000000,0.219381,inf,3100896,3100896,55872,,False,2.616180,2.616180,160.315315
37,96,96.000000,0.692807,0.001587,0.009454,0.005607,0.022255,0.026022,0.085488,0.000000,0.009454,1.000000,0.000000,0.000000,0.152321,inf,2681856,2681856,55872,,False,2.616335,2.616335,148.468750
38,104,104.000000,0.692756,0.001893,0.009562,0.006198,0.018710,0.022684,0.138135,0.000000,0.009562,1.000000,0.000000,0.000000,0.196903,inf,2905344,2905344,55872,,False,2.616511,2.616511,167.663462
39,81,81.000000,0.692804,0.001581,0.008919,0.005093,0.023934,0.027265,0.047255,0.000000,0.008919,1.000000,0.000000,0.000000,0.128092,inf,2262816,2262816,55872,,False,2.616669,2.616669,173.000000
40,96,96.000000,0.692664,0.002237,0.012172,0.007084,0.027715,0.038021,0.134612,0.000000,0.012172,1.000000,0.000000,0.000000,0.214736,inf,2681856,2681856,55872,,False,2.616886,2.616886,152.593750
41,96,96.000000,0.692113,0.005458,0.014751,0.005785,0.019851,0.025815,0.469068,0.000000,0.014751,1.000000,0.000000,0.000000,0.524013,inf,2681856,2681856,55872,,False,2.617286,2.617286,164.395833
42,103,103.000000,0.692812,0.001442,0.009804,0.007095,0.019150,0.026270,0.058960,0.000000,0.009804,1.000000,0.000000,0.000000,0.148484,inf,2877408,2877408,55872,,False,2.617440,2.617440,146.242718
43,80,80.000000,0.692808,0.001539,0.009489,0.006936,0.021593,0.024966,0.047082,0.000000,0.009489,1.000000,0.000000,0.000000,0.123146,inf,2234880,2234880,55872,,False,2.617597,2.617596,140.112500
44,101,101.000000,0.692752,0.001601,0.009870,0.006691,0.020944,0.027138,0.075482,0.000000,0.009870,1.000000,0.000000,0.000000,0.161733,inf,2821536,2821536,55872,,False,2.617778,2.617778,161.712871
45,98,98.000000,0.692751,0.001656,0.010318,0.006794,0.025591,0.029899,0.062361,0.000000,0.010318,1.000000,0.000000,0.000000,0.162301,inf,2737728,2737728,55872,,False,2.617960,2.617960,150.673469
46,106,106.000000,0.692671,0.001967,0.011487,0.006055,0.029170,0.040798,0.057429,0.000000,0.011487,1.000000,0.000000,0.000000,0.208531,inf,2961216,2961216,55872,,False,2.618178,2.618178,172.056604
47,96,96.000000,0.692709,0.001865,0.010237,0.006206,0.020599,0.030398,0.085055,0.000000,0.010237,1.000000,0.000000,0.000000,0.179040,inf,2681856,2681856,55872,,False,2.618378,2.618378,183.125000
48,81,81.000000,0.691572,0.007714,0.021144,0.008974,0.038982,0.053935,0.580828,0.000000,0.021144,1.000000,0.000000,0.000000,0.624799,inf,2262816,2262816,55872,,False,2.618961,2.618961,134.037037
49,95,95.000000,0.692650,0.002043,0.012517,0.007100,0.024367,0.036422,0.078235,0.000000,0.012517,1.000000,0.000000,0.000000,0.194088,inf,2653920,2653920,55872,,False,2.619187,2.619187,142.926316
50,88,88.000000,0.692633,0.002550,0.011768,0.006472,0.022256,0.033792,0.161870,0.000000,0.011768,1.000000,0.000000,0.000000,0.224424,inf,2458368,2458368,55872,,False,2.619416,2.619416,152.943182
51,106,106.000000,0.692687,0.001740,0.010721,0.005359,0.029642,0.033736,0.071665,0.000000,0.010721,1.000000,0.000000,0.000000,0.184427,inf,2961216,2961216,55872,,False,2.619627,2.619627,175.254717
52,83,83.000000,0.692680,0.002103,0.012010,0.007595,0.026194,0.032522,0.070685,0.000000,0.012010,1.000000,0.000000,0.000000,0.174510,inf,2318688,2318688,55872,,False,2.619839,2.619839,142.397590
53,94,94.000000,0.692583,0.002325,0.012686,0.006578,0.028607,0.043151,0.089054,0.000000,0.012686,1.000000,0.000000,0.000000,0.218567,inf,2625984,2625984,55872,,False,2.620095,2.620095,183.468085
54,95,95.000000,0.692651,0.002069,0.012934,0.008715,0.029907,0.035233,0.066726,0.000000,0.012934,1.000000,0.000000,0.000000,0.196532,inf,2653920,2653920,55872,,False,2.620321,2.620321,139.284211
55,90,90.000000,0.691710,0.008030,0.018845,0.007005,0.025508,0.033549,0.695911,0.000000,0.018845,1.000000,0.000000,0.000000,0.722682,inf,2514240,2514240,55872,,False,2.620795,2.620795,174.900000
56,77,77.000000,0.692555,0.002736,0.015079,0.008498,0.037407,0.056952,0.072050,0.000000,0.015079,1.000000,0.000000,0.000000,0.210639,inf,2151072,2151072,55872,,False,2.621061,2.621061,163.597403
57,98,98.000000,0.692592,0.002347,0.014286,0.007827,0.032848,0.053736,0.082696,0.000000,0.014286,1.000000,0.000000,0.000000,0.229984,inf,2737728,2737728,55872,,False,2.621310,2.621310,153.591837
58,99,99.000000,0.692559,0.002478,0.014204,0.006768,0.035752,0.050321,0.103672,0.000000,0.014204,1.000000,0.000000,0.000000,0.245369,inf,2765664,2765664,55872,,False,2.621573,2.621573,176.444444
59,101,101.000000,0.692374,0.003493,0.016015,0.009198,0.030354,0.038825,0.253940,0.000000,0.016015,1.000000,0.000000,0.000000,0.352807,inf,2821536,2821536,55872,,False,2.621908,2.621908,151.772277
60,97,97.000000,0.692646,0.002236,0.013177,0.007920,0.027990,0.041172,0.088868,0.000000,0.013177,1.000000,0.000000,0.000000,0.216850,inf,2709792,2709792,55872,,False,2.622133,2.622133,161.690722
61,93,93.000000,0.692494,0.002621,0.014825,0.010528,0.032068,0.046899,0.101274,0.000000,0.014825,1.000000,0.000000,0.000000,0.243764,inf,2598048,2598048,55872,,False,2.622429,2.622429,152.720430
62,94,94.000000,0.692447,0.002617,0.014553,0.007606,0.028983,0.046260,0.111041,0.000000,0.014553,1.000000,0.000000,0.000000,0.246034,inf,2625984,2625984,55872,,False,2.622743,2.622743,179.308511
63,83,83.000000,0.692475,0.002891,0.013413,0.008137,0.025191,0.035244,0.170655,0.000000,0.013413,1.000000,0.000000,0.000000,0.239991,inf,2318688,2318688,55872,,False,2.623043,2.623043,181.771084
64,102,102.000000,0.692597,0.002062,0.013231,0.006924,0.034725,0.040270,0.070459,0.000000,0.013231,1.000000,0.000000,0.000000,0.210352,inf,2849472,2849472,55872,,False,2.623293,2.623293,170.774510
65,86,86.000000,0.692545,0.002496,0.014092,0.007775,0.035731,0.041047,0.078312,0.000000,0.014092,1.000000,0.000000,0.000000,0.214618,inf,2402496,2402496,55872,,False,2.623565,2.623565,162.616279
66,94,94.000000,0.692564,0.002471,0.012674,0.007240,0.025540,0.036171,0.120395,0.000000,0.012674,1.000000,0.000000,0.000000,0.232252,inf,2625984,2625984,55872,,False,2.623827,2.623827,185.553191
67,95,95.000000,0.692404,0.002844,0.015935,0.009806,0.031397,0.060720,0.125240,0.000000,0.015935,1.000000,0.000000,0.000000,0.270134,inf,2653920,2653920,55872,,False,2.624159,2.624159,179.526316
68,107,107.000000,0.692511,0.002474,0.014902,0.010003,0.035934,0.042525,0.085457,0.000000,0.014902,1.000000,0.000000,0.000000,0.264673,inf,2989152,2989152,55872,,False,2.624446,2.624446,165.663551
69,80,80.000000,0.692177,0.003450,0.017428,0.010373,0.041276,0.050542,0.111137,0.000000,0.017428,1.000000,0.000000,0.000000,0.276012,inf,2234880,2234880,55872,,False,2.624885,2.624885,164.537500
70,73,73.000000,0.692124,0.003969,0.019461,0.009333,0.042899,0.059268,0.130773,0.000000,0.019461,1.000000,0.000000,0.000000,0.289755,inf,2039328,2039328,55872,,False,2.625338,2.625338,169.109589
71,98,98.000000,0.692114,0.004617,0.020667,0.010029,0.041221,0.060952,0.347697,0.000000,0.020667,1.000000,0.000000,0.000000,0.452489,inf,2737728,2737728,55872,,False,2.625768,2.625767,174.826531
72,91,91.000000,0.691847,0.004648,0.023815,0.012990,0.064976,0.086583,0.213940,0.000000,0.023815,1.000000,0.000000,0.000000,0.422931,inf,2542176,2542176,55872,,False,2.626334,2.626334,140.043956
73,124,124.000000,0.690852,0.007778,0.026155,0.008525,0.046880,0.070029,0.785448,0.000000,0.026155,1.000000,0.000000,0.000000,0.964442,inf,3464064,3464064,55872,,False,2.627144,2.627144,182.717742
74,81,81.000000,0.692372,0.003411,0.015121,0.006690,0.035750,0.046260,0.193541,0.000000,0.015121,1.000000,0.000000,0.000000,0.276326,inf,2262816,2262816,55872,,False,2.627484,2.627484,188.592593
75,97,97.000000,0.692030,0.004427,0.021742,0.011635,0.038789,0.084039,0.260177,0.000000,0.021742,1.000000,0.000000,0.000000,0.429387,inf,2709792,2709792,55872,,False,2.627962,2.627962,149.237113
76,86,86.000000,0.692244,0.003297,0.017847,0.009291,0.037919,0.057460,0.129474,0.000000,0.017847,1.000000,0.000000,0.000000,0.283552,inf,2402496,2402496,55872,,False,2.628364,2.628364,156.651163
77,90,90.000000,0.692062,0.004240,0.020807,0.010855,0.059582,0.081452,0.132515,0.000000,0.020807,1.000000,0.000000,0.000000,0.381579,inf,2514240,2514240,55872,,False,2.628844,2.628844,156.466667
78,95,95.000000,0.692323,0.003436,0.016936,0.009597,0.031898,0.053829,0.137970,0.000000,0.016936,1.000000,0.000000,0.000000,0.326437,inf,2653920,2653920,55872,,False,2.629205,2.629205,169.452632
79,85,85.000000,0.691780,0.005476,0.022936,0.009633,0.047570,0.064745,0.308540,0.000000,0.022936,1.000000,0.000000,0.000000,0.465422,inf,2374560,2374560,55872,,False,2.629783,2.629782,180.517647
80,94,94.000000,0.692181,0.003536,0.019038,0.009602,0.044687,0.056557,0.147066,0.000000,0.019038,1.000000,0.000000,0.000000,0.332338,inf,2625984,2625984,55872,,False,2.630210,2.630210,171.042553
81,98,98.000000,0.692157,0.003894,0.019602,0.008977,0.044215,0.071418,0.249444,0.000000,0.019602,1.000000,0.000000,0.000000,0.381615,inf,2737728,2737728,55872,,False,2.630635,2.630635,169.193878
82,88,88.000000,0.690305,0.010950,0.028544,0.012557,0.044046,0.060359,0.890654,0.000000,0.028544,1.000000,0.000000,0.000000,0.963559,inf,2458368,2458368,55872,,False,2.631547,2.631547,148.340909
83,112,112.000000,0.691757,0.005508,0.021743,0.009929,0.042189,0.063634,0.514090,0.000000,0.021743,1.000000,0.000000,0.000000,0.616930,inf,3128832,3128832,55872,,False,2.632097,2.632097,166.125000
84,94,94.000000,0.691276,0.005729,0.027592,0.013255,0.069643,0.115117,0.293886,0.000000,0.027592,1.000000,0.000000,0.000000,0.538534,inf,2625984,2625984,55872,,False,2.632901,2.632901,158.138298
85,74,74.000000,0.692179,0.004080,0.021154,0.012348,0.047894,0.074570,0.139009,0.000000,0.021154,1.000000,0.000000,0.000000,0.301889,inf,2067264,2067264,55872,,False,2.633326,2.633326,179.459459
86,93,93.000000,0.692216,0.003355,0.019278,0.009792,0.042561,0.057689,0.127577,0.000000,0.019278,1.000000,0.000000,0.000000,0.311993,inf,2598048,2598048,55872,,False,2.633735,2.633735,181.032258
87,95,95.000000,0.692111,0.003870,0.020344,0.012020,0.048772,0.055802,0.150719,0.000000,0.020344,1.000000,0.000000,0.000000,0.367613,inf,2653920,2653920,55872,,False,2.634193,2.634193,152.305263
88,83,83.000000,0.690967,0.009339,0.030635,0.016585,0.048801,0.064808,0.644591,0.000000,0.030635,1.000000,0.000000,0.000000,0.775176,inf,2318688,2318688,55872,,False,2.635000,2.635000,147.987952
89,96,96.000000,0.691936,0.004664,0.023899,0.011057,0.053638,0.081146,0.154324,0.000000,0.023899,1.000000,0.000000,0.000000,0.447701,inf,2681856,2681856,55872,,False,2.635527,2.635527,167.333333
90,97,97.000000,0.691547,0.005236,0.027025,0.018144,0.060776,0.090554,0.221230,0.000000,0.027025,1.000000,0.000000,0.000000,0.507871,inf,2709792,2709792,55872,,False,2.636221,2.636221,154.876289
91,88,88.000000,0.691123,0.007215,0.032064,0.016502,0.054550,0.080817,0.355631,0.000000,0.032064,1.000000,0.000000,0.000000,0.634882,inf,2458368,2458368,55872,,False,2.637046,2.637046,130.704545
92,81,81.000000,0.691644,0.005507,0.028033,0.014003,0.060513,0.131367,0.165349,0.000000,0.028033,1.000000,0.000000,0.000000,0.446103,inf,2262816,2262816,55872,,False,2.637691,2.637691,143.481481
93,106,106.000000,0.691881,0.004095,0.023046,0.013508,0.043706,0.073089,0.181738,0.000000,0.023046,1.000000,0.000000,0.000000,0.434077,inf,2961216,2961216,55872,,False,2.638241,2.638241,157.707547
94,123,123.000000,0.691746,0.004269,0.025153,0.014329,0.054124,0.087468,0.201432,0.000000,0.025153,1.000000,0.000000,0.000000,0.525100,inf,3436128,3436128,55872,,False,2.638850,2.638851,151.292683
95,84,84.000000,0.691062,0.007424,0.031183,0.013233,0.063717,0.137258,0.415205,0.000000,0.031183,1.000000,0.000000,0.000000,0.623591,inf,2346624,2346624,55872,,False,2.639698,2.639698,167.130952
96,92,92.000000,0.689196,0.012528,0.038166,0.016828,0.059949,0.083818,0.961036,0.000000,0.038166,1.000000,0.000000,0.000000,1.152577,inf,2570112,2570112,55872,,False,2.640945,2.640945,139.641304
97,99,99.000000,0.691849,0.004638,0.022625,0.013677,0.055518,0.067167,0.116679,0.000000,0.022625,1.000000,0.000000,0.000000,0.459170,inf,2765664,2765664,55872,,False,2.641522,2.641522,170.787879
98,84,84.000000,0.689917,0.011076,0.037065,0.012927,0.078009,0.143549,0.739422,0.000000,0.037065,1.000000,0.000000,0.000000,0.930346,inf,2346624,2346624,55872,,False,2.642689,2.642689,197.892857
99,99,99.000000,0.688917,0.011430,0.035378,0.013273,0.061252,0.114893,0.988222,0.000000,0.035378,1.000000,0.000000,0.000000,1.131522,inf,2765664,2765664,55872,,False,2.643967,2.643967,153.313131
100,98,98.000000,0.691626,0.004754,0.027444,0.015601,0.070209,0.077163,0.215603,0.000000,0.027444,1.000000,0.000000,0.000000,0.465890,inf,2737728,2737728,55872,,False,2.644620,2.644620,169.755102
101,110,110.000000,0.692137,0.003367,0.019337,0.012464,0.038637,0.054911,0.197794,0.000000,0.019337,1.000000,0.000000,0.000000,0.370413,inf,3072960,3072960,55872,,False,2.645066,2.645065,174.781818
102,94,94.000000,0.691487,0.005986,0.029856,0.015989,0.073002,0.095030,0.192633,0.000000,0.029856,1.000000,0.000000,0.000000,0.562729,inf,2625984,2625984,55872,,False,2.645779,2.645779,140.382979
103,97,97.000000,0.691717,0.004406,0.024413,0.013647,0.054077,0.076107,0.133939,0.000000,0.024413,1.000000,0.000000,0.000000,0.427353,inf,2709792,2709792,55872,,False,2.646413,2.646413,153.649485
104,83,83.000000,0.691613,0.004873,0.025248,0.013169,0.055043,0.079536,0.243073,0.000000,0.025248,1.000000,0.000000,0.000000,0.404493,inf,2318688,2318688,55872,,False,2.647080,2.647080,178.746988
105,112,112.000000,0.691569,0.004585,0.024778,0.015481,0.050092,0.069480,0.253518,0.000000,0.024778,1.000000,0.000000,0.000000,0.513465,inf,3128832,3128832,55872,,False,2.647772,2.647772,151.223214
106,83,83.000000,0.691005,0.007062,0.034448,0.020868,0.071774,0.106685,0.287837,0.000000,0.034448,1.000000,0.000000,0.000000,0.586175,inf,2318688,2318688,55872,,False,2.648671,2.648671,137.000000
107,85,85.000000,0.691338,0.006258,0.029466,0.016930,0.059958,0.082614,0.330181,0.000000,0.029466,1.000000,0.000000,0.000000,0.531953,inf,2374560,2374560,55872,,False,2.649440,2.649440,152.188235
108,99,99.000000,0.691637,0.005676,0.024303,0.012239,0.049273,0.081822,0.344245,0.000000,0.024303,1.000000,0.000000,0.000000,0.561907,inf,2765664,2765664,55872,,False,2.650071,2.650072,167.111111
109,76,76.000000,0.690961,0.007463,0.031267,0.015996,0.064507,0.089838,0.448923,0.000000,0.031267,1.000000,0.000000,0.000000,0.567157,inf,2123136,2123136,55872,,False,2.650952,2.650952,169.868421
110,77,77.000000,0.690521,0.008811,0.034810,0.018372,0.059251,0.086674,0.493153,0.000000,0.034810,1.000000,0.000000,0.000000,0.678445,inf,2151072,2151072,55872,,False,2.652007,2.652007,147.220779
111,89,89.000000,0.689581,0.010809,0.035290,0.012893,0.070205,0.084684,0.842850,0.000000,0.035290,1.000000,0.000000,0.000000,0.961990,inf,2486304,2486304,55872,,False,2.653228,2.653228,165.696629
112,102,102.000000,0.691764,0.004480,0.024880,0.014113,0.054901,0.077134,0.162681,0.000000,0.024880,1.000000,0.000000,0.000000,0.456957,inf,2849472,2849472,55872,,False,2.653830,2.653830,152.705882
113,94,94.000000,0.690821,0.007439,0.029313,0.014172,0.050299,0.077220,0.562010,0.000000,0.029313,1.000000,0.000000,0.000000,0.699281,inf,2625984,2625984,55872,,False,2.654746,2.654745,158.191489
114,93,93.000000,0.691784,0.004714,0.024272,0.014093,0.055030,0.070063,0.189920,0.000000,0.024272,1.000000,0.000000,0.000000,0.438383,inf,2598048,2598048,55872,,False,2.655337,2.655338,161.731183
115,91,91.000000,0.690910,0.007307,0.031897,0.016245,0.062871,0.086397,0.521524,0.000000,0.031897,1.000000,0.000000,0.000000,0.664968,inf,2542176,2542176,55872,,False,2.656234,2.656234,153.296703
116,85,85.000000,0.691484,0.005688,0.027819,0.014951,0.059113,0.089368,0.221508,0.000000,0.027819,1.000000,0.000000,0.000000,0.483485,inf,2374560,2374560,55872,,False,2.656948,2.656948,165.094118
117,94,94.000000,0.689438,0.010936,0.036568,0.016651,0.067202,0.086067,0.937049,0.000000,0.036568,1.000000,0.000000,0.000000,1.028022,inf,2625984,2625984,55872,,False,2.658090,2.658090,126.595745
118,93,93.000000,0.691146,0.006372,0.028927,0.014922,0.066685,0.077516,0.369920,0.000000,0.028927,1.000000,0.000000,0.000000,0.592591,inf,2598048,2598048,55872,,False,2.658937,2.658937,165.107527
119,118,118.000000,0.691413,0.004980,0.028747,0.015699,0.064174,0.085628,0.234150,0.000000,0.028747,1.000000,0.000000,0.000000,0.587630,inf,3296448,3296448,55872,,False,2.659684,2.659684,152.076271
120,90,90.000000,0.690974,0.006522,0.033535,0.020631,0.075319,0.118447,0.240220,0.000000,0.033535,1.000000,0.000000,0.000000,0.586969,inf,2514240,2514240,55872,,False,2.660605,2.660605,166.100000
121,83,83.000000,0.690481,0.007523,0.034999,0.017798,0.086806,0.098674,0.259951,0.000000,0.034999,1.000000,0.000000,0.000000,0.624376,inf,2318688,2318688,55872,,False,2.661745,2.661745,164.385542
122,92,92.000000,0.691365,0.005149,0.026586,0.015144,0.051397,0.069298,0.285186,0.000000,0.026586,1.000000,0.000000,0.000000,0.473698,inf,2570112,2570112,55872,,False,2.662510,2.662510,176.217391
123,101,101.000000,0.690959,0.005895,0.031313,0.020619,0.070914,0.100303,0.179152,0.000000,0.031313,1.000000,0.000000,0.000000,0.595411,inf,2821536,2821536,55872,,False,2.663463,2.663463,146.663366
124,81,81.000000,0.690994,0.007037,0.032855,0.015023,0.075357,0.146448,0.198863,0.000000,0.032855,1.000000,0.000000,0.000000,0.570034,inf,2262816,2262816,55872,,False,2.664383,2.664383,150.530864
125,99,99.000000,0.689932,0.008359,0.038723,0.020878,0.072004,0.106275,0.410218,0.000000,0.038723,1.000000,0.000000,0.000000,0.827507,inf,2765664,2765664,55872,,False,2.665706,2.665706,151.555556
126,121,121.000000,0.688909,0.010585,0.035190,0.015530,0.069285,0.100201,1.057095,0.000000,0.035190,1.000000,0.000000,0.000000,1.280833,inf,3380256,3380256,55872,,False,2.666970,2.666970,190.661157
127,82,82.000000,0.690089,0.009781,0.034281,0.014648,0.082061,0.099073,0.636296,0.000000,0.034281,1.000000,0.000000,0.000000,0.802037,inf,2290752,2290752,55872,,False,2.668146,2.668146,195.317073
128,89,89.000000,0.691027,0.006243,0.032071,0.013352,0.072125,0.098839,0.258229,0.000000,0.032071,1.000000,0.000000,0.000000,0.555588,inf,2486304,2486304,55872,,False,2.669043,2.669043,180.269663
129,93,93.000000,0.690537,0.007392,0.036107,0.019203,0.090550,0.116474,0.275092,0.000000,0.036107,1.000000,0.000000,0.000000,0.687473,inf,2598048,2598048,55872,,False,2.670147,2.670147,167.397849
130,102,102.000000,0.689459,0.009700,0.040185,0.018662,0.074704,0.141901,0.711950,0.000000,0.040185,1.000000,0.000000,0.000000,0.989433,inf,2849472,2849472,55872,,False,2.671569,2.671569,158.352941
131,105,105.000000,0.690526,0.006711,0.036900,0.023769,0.085255,0.109461,0.235793,0.000000,0.036900,1.000000,0.000000,0.000000,0.704673,inf,2933280,2933280,55872,,False,2.672691,2.672691,141.180952
132,98,98.000000,0.689906,0.009157,0.039943,0.015450,0.104747,0.131430,0.445778,0.000000,0.039943,1.000000,0.000000,0.000000,0.897404,inf,2737728,2737728,55872,,False,2.674007,2.674007,182.959184
133,105,105.000000,0.688054,0.012196,0.053440,0.018442,0.111903,0.186752,0.760946,0.000000,0.053440,1.000000,0.000000,0.000000,1.280566,inf,2933280,2933280,55872,,False,2.675873,2.675873,161.638095
134,81,81.000000,0.687806,0.013952,0.041693,0.015273,0.058106,0.099326,0.997941,0.000000,0.041693,1.000000,0.000000,0.000000,1.130083,inf,2262816,2262816,55872,,False,2.677462,2.677462,169.493827
135,77,77.000000,0.682907,0.020974,0.056381,0.017050,0.076193,0.141177,1.070842,0.000000,0.056381,1.000000,0.000000,0.000000,1.614994,inf,2151072,2151072,55872,,False,2.679961,2.679961,170.181818
136,98,98.000000,0.686499,0.013940,0.050238,0.024444,0.096578,0.151457,1.066789,0.000000,0.050238,1.000000,0.000000,0.000000,1.366084,inf,2737728,2737728,55872,,False,2.681983,2.681983,153.510204
137,104,104.000000,0.690850,0.005595,0.031071,0.016440,0.082305,0.110259,0.126942,0.000000,0.031071,1.000000,0.000000,0.000000,0.581862,inf,2905344,2905344,55872,,False,2.682985,2.682985,169.634615
138,82,82.000000,0.685578,0.015092,0.048312,0.023379,0.075337,0.127943,1.006277,0.000000,0.048312,1.000000,0.000000,0.000000,1.237554,inf,2290752,2290752,55872,,False,2.685122,2.685122,154.817073
139,94,94.000000,0.689393,0.009154,0.048391,0.021903,0.127690,0.166531,0.329189,0.000000,0.048391,1.000000,0.000000,0.000000,0.860512,inf,2625984,2625984,55872,,False,2.686666,2.686666,134.063830
140,105,105.000000,0.689852,0.007515,0.041372,0.021575,0.101938,0.127254,0.228328,0.000000,0.041372,1.000000,0.000000,0.000000,0.789084,inf,2933280,2933280,55872,,False,2.688067,2.688067,155.742857
141,85,85.000000,0.686570,0.014488,0.046293,0.020592,0.093736,0.112988,1.092748,0.000000,0.046293,1.000000,0.000000,0.000000,1.231474,inf,2374560,2374560,55872,,False,2.689753,2.689753,159.435294
142,92,92.000000,0.688883,0.010989,0.046763,0.020863,0.103485,0.150316,0.641699,0.000000,0.046763,1.000000,0.000000,0.000000,1.010965,inf,2570112,2570112,55872,,False,2.691428,2.691428,162.586957
143,85,85.000000,0.690228,0.008092,0.038898,0.021130,0.071551,0.151747,0.359944,0.000000,0.038898,1.000000,0.000000,0.000000,0.687834,inf,2374560,2374560,55872,,False,2.692630,2.692630,153.741176
144,101,101.000000,0.690066,0.007075,0.038139,0.023455,0.090630,0.114766,0.218852,0.000000,0.038139,1.000000,0.000000,0.000000,0.714557,inf,2821536,2821536,55872,,False,2.693954,2.693954,152.762376
145,91,91.000000,0.689442,0.009835,0.041965,0.021592,0.083585,0.124550,0.492098,0.000000,0.041965,1.000000,0.000000,0.000000,0.894999,inf,2542176,2542176,55872,,False,2.695444,2.695444,144.296703
146,99,99.000000,0.684859,0.014835,0.053630,0.021913,0.079241,0.199475,0.991699,0.000000,0.053630,1.000000,0.000000,0.000000,1.468693,inf,2765664,2765664,55872,,False,2.697687,2.697688,176.010101
147,84,84.000000,0.688255,0.012649,0.048973,0.020658,0.088748,0.174794,0.752636,0.000000,0.048973,1.000000,0.000000,0.000000,1.062548,inf,2346624,2346624,55872,,False,2.699509,2.699509,167.738095
148,94,94.000000,0.684376,0.016490,0.055255,0.024472,0.091203,0.134027,1.109250,0.000000,0.055255,1.000000,0.000000,0.000000,1.550049,inf,2625984,2625984,55872,,False,2.701861,2.701861,180.021277
149,86,86.000000,0.688021,0.011858,0.050417,0.027515,0.130680,0.150597,0.534566,0.000000,0.050417,1.000000,0.000000,0.000000,1.019817,inf,2402496,2402496,55872,,False,2.703923,2.703923,160.581395
150,101,101.000000,0.689636,0.008605,0.040410,0.022093,0.101446,0.122096,0.191879,0.000000,0.040410,1.000000,0.000000,0.000000,0.869104,inf,2821536,2821536,55872,,False,2.705423,2.705423,171.009901
151,108,108.000000,0.687606,0.012141,0.051806,0.025725,0.128471,0.196404,0.883458,0.000000,0.051806,1.000000,0.000000,0.000000,1.311261,inf,3017088,3017088,55872,,False,2.707396,2.707396,172.083333
152,84,84.000000,0.688864,0.010245,0.051792,0.036858,0.112314,0.147763,0.294761,0.000000,0.051792,1.000000,0.000000,0.000000,0.860550,inf,2346624,2346624,55872,,False,2.709195,2.709195,128.333333
153,87,87.000000,0.690320,0.007222,0.034077,0.022626,0.059071,0.081233,0.262503,0.000000,0.034077,1.000000,0.000000,0.000000,0.628331,inf,2430432,2430432,55872,,False,2.710406,2.710406,172.701149
154,95,95.000000,0.687837,0.011738,0.052251,0.028150,0.112230,0.178653,0.578889,0.000000,0.052251,1.000000,0.000000,0.000000,1.115132,inf,2653920,2653920,55872,,False,2.712502,2.712502,153.052632
155,86,86.000000,0.689097,0.009280,0.049202,0.036239,0.116876,0.151453,0.187168,0.000000,0.049202,1.000000,0.000000,0.000000,0.798059,inf,2402496,2402496,55872,,False,2.714208,2.714208,136.000000
156,101,101.000000,0.687849,0.012261,0.048570,0.024331,0.098692,0.153442,0.941423,0.000000,0.048570,1.000000,0.000000,0.000000,1.238408,inf,2821536,2821536,55872,,False,2.716043,2.716043,159.019802
157,88,88.000000,0.688676,0.010004,0.046529,0.027967,0.087376,0.135919,0.416540,0.000000,0.046529,1.000000,0.000000,0.000000,0.880394,inf,2458368,2458368,55872,,False,2.717854,2.717854,178.090909
158,85,85.000000,0.688928,0.009123,0.043833,0.027719,0.100026,0.144709,0.218153,0.000000,0.043833,1.000000,0.000000,0.000000,0.775433,inf,2374560,2374560,55872,,False,2.719651,2.719651,159.917647
159,103,103.000000,0.687403,0.011695,0.054027,0.026758,0.115938,0.173933,0.620638,0.000000,0.054027,1.000000,0.000000,0.000000,1.204592,inf,2877408,2877408,55872,,False,2.721924,2.721924,150.980583
160,97,97.000000,0.688448,0.010583,0.049117,0.028235,0.114527,0.156468,0.294123,0.000000,0.049117,1.000000,0.000000,0.000000,1.026542,inf,2709792,2709792,55872,,False,2.723881,2.723881,146.587629
161,100,100.000000,0.689082,0.008551,0.042178,0.022105,0.107186,0.122422,0.298113,0.000000,0.042178,1.000000,0.000000,0.000000,0.855131,inf,2793600,2793600,55872,,False,2.725593,2.725593,165.950000
162,94,94.000000,0.684786,0.015577,0.063234,0.030129,0.113490,0.292933,0.942978,0.000000,0.063234,1.000000,0.000000,0.000000,1.464246,inf,2625984,2625984,55872,,False,2.728507,2.728507,162.553191
163,103,103.000000,0.688747,0.009163,0.046488,0.026129,0.100381,0.133103,0.329729,0.000000,0.046488,1.000000,0.000000,0.000000,0.943774,inf,2877408,2877408,55872,,False,2.730326,2.730326,166.271845
164,92,92.000000,0.688415,0.010284,0.052511,0.033318,0.110544,0.161206,0.286347,0.000000,0.052511,1.000000,0.000000,0.000000,0.946131,inf,2570112,2570112,55872,,False,2.732292,2.732292,149.706522
165,94,94.000000,0.687523,0.011494,0.054675,0.026815,0.117499,0.178224,0.422329,0.000000,0.054675,1.000000,0.000000,0.000000,1.080474,inf,2625984,2625984,55872,,False,2.734566,2.734566,148.138298
166,91,91.000000,0.684402,0.014976,0.061029,0.029684,0.119541,0.169439,0.927380,0.000000,0.061029,1.000000,0.000000,0.000000,1.362777,inf,2542176,2542176,55872,,False,2.737547,2.737547,155.472527
167,101,101.000000,0.686810,0.012724,0.058406,0.029179,0.123531,0.145455,0.801289,0.000000,0.058406,1.000000,0.000000,0.000000,1.285164,inf,2821536,2821536,55872,,False,2.739936,2.739936,137.702970
168,85,85.000000,0.681677,0.019634,0.072614,0.032498,0.108941,0.202905,0.960602,0.000000,0.072614,1.000000,0.000000,0.000000,1.668851,inf,2374560,2374560,55872,,False,2.743558,2.743558,120.200000
169,96,96.000000,0.689287,0.008919,0.044016,0.027806,0.102631,0.118172,0.362646,0.000000,0.044016,1.000000,0.000000,0.000000,0.856193,inf,2681856,2681856,55872,,False,2.745157,2.745157,165.322917
170,98,98.000000,0.686957,0.012055,0.053711,0.030153,0.126719,0.169885,0.479000,0.000000,0.053711,1.000000,0.000000,0.000000,1.181382,inf,2737728,2737728,55872,,False,2.747646,2.747646,166.581633
171,91,91.000000,0.681909,0.017689,0.064002,0.030659,0.101958,0.198102,1.046975,0.000000,0.064002,1.000000,0.000000,0.000000,1.609715,inf,2542176,2542176,55872,,False,2.750920,2.750920,158.296703
172,89,89.000000,0.687388,0.011572,0.055915,0.031304,0.135055,0.170892,0.352470,0.000000,0.055915,1.000000,0.000000,0.000000,1.029921,inf,2486304,2486304,55872,,False,2.753285,2.753285,159.460674
173,101,101.000000,0.682119,0.018216,0.071819,0.024720,0.141824,0.304212,1.012274,0.000000,0.071819,1.000000,0.000000,0.000000,1.839821,inf,2821536,2821536,55872,,False,2.756835,2.756834,163.029703
174,105,105.000000,0.687203,0.011472,0.054937,0.027482,0.138709,0.208991,0.426987,0.000000,0.054937,1.000000,0.000000,0.000000,1.204536,inf,2933280,2933280,55872,,False,2.759216,2.759216,166.419048
175,91,91.000000,0.685869,0.014047,0.062221,0.035206,0.140145,0.157806,0.459912,0.000000,0.062221,1.000000,0.000000,0.000000,1.278260,inf,2542176,2542176,55872,,False,2.762148,2.762149,178.769231
176,94,94.000000,0.685889,0.014145,0.061548,0.036622,0.142340,0.187324,0.411902,0.000000,0.061548,1.000000,0.000000,0.000000,1.329638,inf,2625984,2625984,55872,,False,2.765102,2.765102,162.500000
177,94,94.000000,0.685999,0.013781,0.054366,0.029796,0.122591,0.161663,0.898418,0.000000,0.054366,1.000000,0.000000,0.000000,1.295433,inf,2625984,2625984,55872,,False,2.767699,2.767699,172.574468
178,87,87.000000,0.685776,0.013937,0.064105,0.031052,0.136238,0.253497,0.459751,0.000000,0.064105,1.000000,0.000000,0.000000,1.212479,inf,2430432,2430432,55872,,False,2.770611,2.770611,156.620690
179,103,103.000000,0.683640,0.014729,0.065223,0.028122,0.140965,0.168805,0.986848,0.000000,0.065223,1.000000,0.000000,0.000000,1.517108,inf,2877408,2877408,55872,,False,2.773697,2.773697,172.000000
180,109,109.000000,0.676807,0.019732,0.085548,0.032244,0.192913,0.402561,1.012045,0.000000,0.085548,1.000000,0.000000,0.000000,2.150816,inf,3045024,3045024,55872,,False,2.778352,2.778352,170.000000
181,100,100.000000,0.680130,0.018141,0.076734,0.037208,0.132899,0.269249,1.017152,0.000000,0.076734,1.000000,0.000000,0.000000,1.814077,inf,2793600,2793600,55872,,False,2.782323,2.782323,165.650000
182,91,91.000000,0.679634,0.019900,0.081597,0.034488,0.168096,0.238006,1.018756,0.000000,0.081597,1.000000,0.000000,0.000000,1.810934,inf,2542176,2542176,55872,,False,2.786703,2.786703,149.274725
183,93,93.000000,0.679143,0.019543,0.077050,0.032539,0.163000,0.246882,1.011876,0.000000,0.077050,1.000000,0.000000,0.000000,1.817491,inf,2598048,2598048,55872,,False,2.791105,2.791105,143.892473
184,87,87.000000,0.683248,0.017343,0.070836,0.034345,0.166788,0.236748,0.949536,0.000000,0.070836,1.000000,0.000000,0.000000,1.508826,inf,2430432,2430432,55872,,False,2.794626,2.794626,173.551724
185,103,103.000000,0.680111,0.018971,0.075063,0.035627,0.144278,0.196521,1.159886,0.000000,0.075063,1.000000,0.000000,0.000000,1.953988,inf,2877408,2877408,55872,,False,2.798716,2.798716,162.990291
186,87,87.000000,0.685159,0.014467,0.055658,0.025579,0.119229,0.192014,0.510024,0.000000,0.055658,1.000000,0.000000,0.000000,1.258613,inf,2430432,2430432,55872,,False,2.801853,2.801853,198.816092
187,105,105.000000,0.685816,0.013028,0.058460,0.027772,0.138972,0.208199,0.586656,0.000000,0.058460,1.000000,0.000000,0.000000,1.367959,inf,2933280,2933280,55872,,False,2.804686,2.804687,174.857143
188,101,101.000000,0.684145,0.015115,0.067257,0.036930,0.167163,0.254388,0.531737,0.000000,0.067257,1.000000,0.000000,0.000000,1.526618,inf,2821536,2821536,55872,,False,2.808162,2.808162,154.831683
189,97,97.000000,0.684271,0.014833,0.068269,0.038699,0.148885,0.225421,0.528757,0.000000,0.068269,1.000000,0.000000,0.000000,1.438826,inf,2709792,2709792,55872,,False,2.811651,2.811651,165.876289
190,80,80.000000,0.685824,0.013382,0.057683,0.031634,0.124845,0.160502,0.436034,0.000000,0.057683,1.000000,0.000000,0.000000,1.070523,inf,2234880,2234880,55872,,False,2.814569,2.814569,173.137500
191,101,101.000000,0.683916,0.015015,0.072008,0.037739,0.167519,0.192405,0.587837,0.000000,0.072008,1.000000,0.000000,0.000000,1.516505,inf,2821536,2821536,55872,,False,2.818126,2.818126,154.376238
192,95,95.000000,0.682294,0.017056,0.071434,0.040746,0.174016,0.226873,0.572546,0.000000,0.071434,1.000000,0.000000,0.000000,1.620279,inf,2653920,2653920,55872,,False,2.822289,2.822289,154.978947
193,85,85.000000,0.676240,0.023260,0.088255,0.049684,0.169478,0.202629,1.050362,0.000000,0.088255,1.000000,0.000000,0.000000,1.977139,inf,2374560,2374560,55872,,False,2.827469,2.827469,153.482353
194,114,114.000000,0.678248,0.018814,0.082823,0.040735,0.174622,0.242624,0.992271,0.000000,0.082823,1.000000,0.000000,0.000000,2.144760,inf,3184704,3184704,55872,,False,2.832058,2.832058,153.333333
195,90,90.000000,0.673043,0.026638,0.101962,0.055706,0.219892,0.326305,1.104045,0.000000,0.101962,1.000000,0.000000,0.000000,2.397437,inf,2514240,2514240,55872,,False,2.838487,2.838487,132.688889
196,100,100.000000,0.678007,0.019476,0.079460,0.045529,0.164069,0.198614,0.992873,0.000000,0.079460,1.000000,0.000000,0.000000,1.947621,inf,2793600,2793600,55872,,False,2.843254,2.843254,145.830000
197,80,80.000000,0.682309,0.017801,0.068626,0.030255,0.168897,0.236854,0.705230,0.000000,0.068626,1.000000,0.000000,0.000000,1.424061,inf,2234880,2234880,55872,,False,2.847319,2.847318,168.350000
198,93,93.000000,0.680842,0.019148,0.076511,0.040114,0.182536,0.229906,0.483886,0.000000,0.076511,1.000000,0.000000,0.000000,1.780782,inf,2598048,2598048,55872,,False,2.852026,2.852026,171.064516
199,89,89.000000,0.674669,0.025119,0.107254,0.058486,0.243635,0.378161,1.031373,0.000000,0.107254,1.000000,0.000000,0.000000,2.235608,inf,2486304,2486304,55872,,False,2.858406,2.858406,132.022472
200,95,95.000000,0.684200,0.015062,0.065436,0.034461,0.144609,0.190791,0.568558,0.000000,0.065436,1.000000,0.000000,0.000000,1.430891,inf,2653920,2653920,55872,,False,2.861777,2.861777,177.936842
201,89,89.000000,0.681491,0.018894,0.074641,0.038754,0.150456,0.228048,0.515663,0.000000,0.074641,1.000000,0.000000,0.000000,1.681547,inf,2486304,2486304,55872,,False,2.866279,2.866279,151.044944
202,81,81.000000,0.680570,0.018484,0.082184,0.037499,0.211483,0.258362,0.603458,0.000000,0.082184,1.000000,0.000000,0.000000,1.497192,inf,2262816,2262816,55872,,False,2.871003,2.871003,153.481481
203,74,74.000000,0.664209,0.029936,0.106413,0.052079,0.158159,0.529914,1.003439,0.000000,0.106413,1.000000,0.000000,0.000000,2.215278,inf,2067264,2067264,55872,,False,2.878544,2.878544,154.702703
204,112,112.000000,0.679626,0.019519,0.079496,0.042700,0.170845,0.285261,0.654692,0.000000,0.079496,1.000000,0.000000,0.000000,2.186154,inf,3128832,3128832,55872,,False,2.883444,2.883444,162.928571
205,94,94.000000,0.671253,0.024741,0.099329,0.053450,0.178649,0.315068,0.911619,0.000000,0.099329,1.000000,0.000000,0.000000,2.325629,inf,2625984,2625984,55872,,False,2.890240,2.890240,140.861702
206,93,93.000000,0.674993,0.023935,0.091784,0.051073,0.194143,0.309881,0.615820,0.000000,0.091784,1.000000,0.000000,0.000000,2.225977,inf,2598048,2598048,55872,,False,2.896894,2.896894,148.817204
207,91,91.000000,0.678795,0.020073,0.084396,0.048364,0.216418,0.302014,0.668634,0.000000,0.084396,1.000000,0.000000,0.000000,1.826644,inf,2542176,2542176,55872,,False,2.902249,2.902249,177.967033
208,116,116.000000,0.674912,0.021560,0.090368,0.043812,0.203320,0.263560,1.033630,0.000000,0.090368,1.000000,0.000000,0.000000,2.500925,inf,3240576,3240576,55872,,False,2.908221,2.908221,162.137931
209,89,89.000000,0.673284,0.026000,0.095553,0.048085,0.219679,0.316954,0.767653,0.000000,0.095553,1.000000,0.000000,0.000000,2.314035,inf,2486304,2486304,55872,,False,2.915259,2.915259,159.393258
210,82,82.000000,0.670389,0.029519,0.106085,0.047466,0.233178,0.313406,0.751900,0.000000,0.106085,1.000000,0.000000,0.000000,2.420562,inf,2290752,2290752,55872,,False,2.923138,2.923138,159.756098
211,86,86.000000,0.674902,0.023768,0.094088,0.062534,0.189333,0.239681,0.665000,0.000000,0.094088,1.000000,0.000000,0.000000,2.044015,inf,2402496,2402496,55872,,False,2.929880,2.929880,148.209302
212,79,79.000000,0.680883,0.017336,0.069344,0.044467,0.159666,0.243272,0.509522,0.000000,0.069344,1.000000,0.000000,0.000000,1.369580,inf,2206944,2206944,55872,,False,2.934576,2.934576,182.784810
213,96,96.000000,0.666617,0.029201,0.110544,0.053062,0.282377,0.363537,0.925821,0.000000,0.110544,1.000000,0.000000,0.000000,2.803315,inf,2681856,2681856,55872,,False,2.943264,2.943264,170.822917
214,82,82.000000,0.677183,0.021028,0.085014,0.041797,0.205979,0.259199,0.610726,0.000000,0.085014,1.000000,0.000000,0.000000,1.724276,inf,2290752,2290752,55872,,False,2.949190,2.949190,184.536585
215,97,97.000000,0.661963,0.031184,0.114615,0.054095,0.236530,0.373079,1.160180,0.000000,0.114615,1.000000,0.000000,0.000000,3.024813,inf,2709792,2709792,55872,,False,2.958044,2.958044,169.711340
216,91,91.000000,0.680174,0.017204,0.069402,0.036261,0.159546,0.239023,0.374230,0.000000,0.069402,1.000000,0.000000,0.000000,1.565593,inf,2542176,2542176,55872,,False,2.962956,2.962956,179.241758
217,74,74.000000,0.672145,0.025664,0.101084,0.042806,0.283852,0.338898,0.623836,0.000000,0.101084,1.000000,0.000000,0.000000,1.899100,inf,2067264,2067264,55872,,False,2.970487,2.970487,158.391892
218,110,110.000000,0.670157,0.023320,0.090934,0.047710,0.198375,0.266170,0.795857,0.000000,0.090934,1.000000,0.000000,0.000000,2.565220,inf,3072960,3072960,55872,,False,2.977496,2.977496,180.972727
219,90,90.000000,0.673929,0.024246,0.089108,0.057926,0.198834,0.237498,0.338728,0.000000,0.089108,1.000000,0.000000,0.000000,2.182160,inf,2514240,2514240,55872,,False,2.984849,2.984849,162.644444
220,85,85.000000,0.673871,0.024383,0.091980,0.051171,0.198450,0.276256,0.722142,0.000000,0.091980,1.000000,0.000000,0.000000,2.072583,inf,2374560,2374560,55872,,False,2.991938,2.991938,174.682353
221,81,81.000000,0.663377,0.029813,0.115221,0.064744,0.261704,0.351924,0.804017,0.000000,0.115221,1.000000,0.000000,0.000000,2.414857,inf,2262816,2262816,55872,,False,3.000968,3.000968,162.617284
222,106,106.000000,0.672707,0.024058,0.088105,0.051202,0.193389,0.244836,0.634973,0.000000,0.088105,1.000000,0.000000,0.000000,2.550117,inf,2961216,2961216,55872,,False,3.008159,3.008159,160.811321
223,94,94.000000,0.664010,0.031295,0.110266,0.047472,0.271177,0.449754,0.761573,0.000000,0.110266,1.000000,0.000000,0.000000,2.941698,inf,2625984,2625984,55872,,False,3.018069,3.018069,179.797872
224,101,101.000000,0.666526,0.027917,0.101491,0.051370,0.247555,0.333552,0.705310,0.000000,0.101491,1.000000,0.000000,0.000000,2.819606,inf,2821536,2821536,55872,,False,3.027145,3.027145,170.465347
225,102,102.000000,0.664596,0.032206,0.118765,0.075213,0.277939,0.400618,0.465051,0.000000,0.118765,1.000000,0.000000,0.000000,3.285008,inf,2849472,2849472,55872,,False,3.037398,3.037399,137.901961
226,95,95.000000,0.661278,0.032035,0.123555,0.069419,0.315859,0.345991,0.991340,0.000000,0.123555,1.000000,0.000000,0.000000,3.043367,inf,2653920,2653920,55872,,False,3.047535,3.047535,163.915789
227,87,87.000000,0.668944,0.026303,0.101096,0.050771,0.227910,0.295792,0.778491,0.000000,0.101096,1.000000,0.000000,0.000000,2.288322,inf,2430432,2430432,55872,,False,3.055621,3.055621,183.195402
228,91,91.000000,0.669104,0.025930,0.109646,0.061888,0.247220,0.309695,0.705971,0.000000,0.109646,1.000000,0.000000,0.000000,2.359585,inf,2542176,2542176,55872,,False,3.063856,3.063856,162.054945
229,92,92.000000,0.654071,0.036285,0.143218,0.081076,0.348786,0.421960,1.003457,0.000000,0.143218,1.000000,0.000000,0.000000,3.338209,inf,2570112,2570112,55872,,False,3.076368,3.076368,124.217391
230,97,97.000000,0.666782,0.027782,0.112475,0.055030,0.301875,0.342013,0.775439,0.000000,0.112475,1.000000,0.000000,0.000000,2.694870,inf,2709792,2709792,55872,,False,3.085331,3.085331,170.979381
231,87,87.000000,0.655007,0.035271,0.131384,0.072248,0.283812,0.329991,1.134173,0.000000,0.131384,1.000000,0.000000,0.000000,3.068589,inf,2430432,2430432,55872,,False,3.096359,3.096359,159.954023
232,84,84.000000,0.666640,0.028318,0.103025,0.064879,0.229304,0.331471,0.518617,0.000000,0.103025,1.000000,0.000000,0.000000,2.378700,inf,2346624,2346624,55872,,False,3.105483,3.105483,164.583333
233,93,93.000000,0.662587,0.029938,0.117050,0.049803,0.287491,0.355052,1.132952,0.000000,0.117050,1.000000,0.000000,0.000000,2.784252,inf,2598048,2598048,55872,,False,3.115012,3.115012,182.709677
234,99,99.000000,0.662898,0.030107,0.108844,0.047292,0.287917,0.366985,0.524916,0.000000,0.108844,1.000000,0.000000,0.000000,2.980636,inf,2765664,2765664,55872,,False,3.125238,3.125238,189.303030
235,85,85.000000,0.660529,0.032892,0.127560,0.081608,0.301204,0.351204,0.563770,0.000000,0.127560,1.000000,0.000000,0.000000,2.795778,inf,2374560,2374560,55872,,False,3.136246,3.136246,144.376471
236,99,99.000000,0.652485,0.037756,0.127401,0.057930,0.319244,0.383789,0.793004,0.000000,0.127401,1.000000,0.000000,0.000000,3.737837,inf,2765664,2765664,55872,,False,3.149135,3.149135,172.262626
237,97,97.000000,0.650578,0.039052,0.137940,0.084563,0.320832,0.407495,0.612893,0.000000,0.137940,1.000000,0.000000,0.000000,3.788015,inf,2709792,2709792,55872,,False,3.163002,3.163002,168.000000
238,89,89.000000,0.649094,0.039113,0.132265,0.065138,0.316295,0.552108,0.669874,0.000000,0.132265,1.000000,0.000000,0.000000,3.481077,inf,2486304,2486304,55872,,False,3.176407,3.176407,164.280899
239,87,87.000000,0.646549,0.036763,0.138114,0.085468,0.280385,0.396404,0.954321,0.000000,0.138114,1.000000,0.000000,0.000000,3.198399,inf,2430432,2430432,55872,,False,3.189062,3.189062,166.413793
240,91,91.000000,0.659069,0.031080,0.118681,0.066655,0.280569,0.365184,0.690501,0.000000,0.118681,1.000000,0.000000,0.000000,2.828262,inf,2542176,2542176,55872,,False,3.199713,3.199713,178.978022
241,89,89.000000,0.641265,0.044175,0.155415,0.095854,0.369578,0.482208,0.676444,0.000000,0.155415,1.000000,0.000000,0.000000,3.931551,inf,2486304,2486304,55872,,False,3.215871,3.215871,168.146067
242,96,96.000000,0.653837,0.034394,0.128859,0.085855,0.274431,0.372884,0.572046,0.000000,0.128859,1.000000,0.000000,0.000000,3.301783,inf,2681856,2681856,55872,,False,3.228397,3.228397,165.135417
243,92,92.000000,0.638828,0.045646,0.162373,0.103101,0.420950,0.437364,0.762624,0.000000,0.162373,1.000000,0.000000,0.000000,4.199474,inf,2570112,2570112,55872,,False,3.245189,3.245189,154.869565
244,85,85.000000,0.647017,0.037026,0.140554,0.090833,0.339991,0.541932,0.763256,0.000000,0.140554,1.000000,0.000000,0.000000,3.147180,inf,2374560,2374560,55872,,False,3.258213,3.258213,170.341176
245,98,98.000000,0.636499,0.042855,0.147394,0.098750,0.372295,0.412457,0.680661,0.000000,0.147394,1.000000,0.000000,0.000000,4.199812,inf,2737728,2737728,55872,,False,3.274369,3.274369,153.397959
246,88,88.000000,0.631721,0.045747,0.175401,0.114189,0.379477,0.545091,0.935780,0.000000,0.175401,1.000000,0.000000,0.000000,4.025731,inf,2458368,2458368,55872,,False,3.291945,3.291945,150.011364
247,85,85.000000,0.619197,0.050390,0.173479,0.109271,0.415923,0.505246,0.999582,0.000000,0.173479,1.000000,0.000000,0.000000,4.283145,inf,2374560,2374560,55872,,False,3.310893,3.310893,155.129412
248,104,104.000000,0.642786,0.040618,0.165185,0.102135,0.402190,0.428147,0.667019,0.000000,0.165185,1.000000,0.000000,0.000000,4.224239,inf,2905344,2905344,55872,,False,3.326341,3.326341,157.884615
249,107,107.000000,0.632322,0.042305,0.167415,0.091690,0.436040,0.493171,1.169659,0.000000,0.167415,1.000000,0.000000,0.000000,4.526634,inf,2989152,2989152,55872,,False,3.343023,3.343023,171.570093
250,89,89.000000,0.624855,0.048309,0.180818,0.121711,0.406115,0.465322,1.255269,0.000000,0.180818,1.000000,0.000000,0.000000,4.299534,inf,2486304,2486304,55872,,False,3.361276,3.361276,153.606742
251,101,101.000000,0.618229,0.049926,0.189087,0.115157,0.459324,0.534171,1.297326,0.000000,0.189087,1.000000,0.000000,0.000000,5.042536,inf,2821536,2821536,55872,,False,3.380947,3.380947,157.059406
252,102,102.000000,0.621273,0.051478,0.182955,0.120905,0.433022,0.467277,0.682369,0.000000,0.182955,1.000000,0.000000,0.000000,5.250779,inf,2849472,2849472,55872,,False,3.401277,3.401278,160.274510
253,100,100.000000,0.626099,0.044493,0.158871,0.103948,0.358233,0.430943,0.654781,0.000000,0.158871,1.000000,0.000000,0.000000,4.449267,inf,2793600,2793600,55872,,False,3.419017,3.419017,185.880000
254,86,86.000000,0.611854,0.054066,0.202410,0.125537,0.477245,0.512467,0.830056,0.000000,0.202410,1.000000,0.000000,0.000000,4.649717,inf,2402496,2402496,55872,,False,3.440459,3.440459,150.674419
255,116,116.000000,0.612475,0.050483,0.186780,0.122370,0.494282,0.553850,0.829829,0.000000,0.186780,1.000000,0.000000,0.000000,5.856028,inf,3240576,3240576,55872,,False,3.461443,3.461443,161.612069
256,91,91.000000,0.609704,0.051423,0.181681,0.110742,0.431078,0.502219,0.658458,0.000000,0.181681,1.000000,0.000000,0.000000,4.679457,inf,2542176,2542176,55872,,False,3.482038,3.482038,168.758242
257,88,88.000000,0.610404,0.048854,0.178124,0.121303,0.446608,0.520939,0.684762,0.000000,0.178124,1.000000,0.000000,0.000000,4.299142,inf,2458368,2458368,55872,,False,3.501395,3.501395,164.897727
258,88,88.000000,0.609116,0.053738,0.189698,0.132687,0.451959,0.477314,0.611076,0.000000,0.189698,1.000000,0.000000,0.000000,4.728985,inf,2458368,2458368,55872,,False,3.522973,3.522973,173.545455
259,89,89.000000,0.621128,0.047641,0.178071,0.095745,0.472605,0.518828,0.605631,0.000000,0.178071,1.000000,0.000000,0.000000,4.240023,inf,2486304,2486304,55872,,False,3.541677,3.541677,174.258427
260,96,96.000000,0.604575,0.053889,0.192872,0.117056,0.499507,0.562067,0.663936,0.000000,0.192872,1.000000,0.000000,0.000000,5.173350,inf,2681856,2681856,55872,,False,3.563405,3.563405,186.427083
261,87,87.000000,0.601145,0.052392,0.204761,0.147659,0.472652,0.528441,0.870177,0.000000,0.204761,1.000000,0.000000,0.000000,4.558070,inf,2430432,2430432,55872,,False,3.584540,3.584540,143.735632
262,93,93.000000,0.612096,0.048692,0.175795,0.108487,0.435465,0.531421,0.612501,0.000000,0.175795,1.000000,0.000000,0.000000,4.528356,inf,2598048,2598048,55872,,False,3.604466,3.604466,194.806452
263,86,86.000000,0.608681,0.050697,0.179778,0.099368,0.417160,0.512105,0.727825,0.000000,0.179778,1.000000,0.000000,0.000000,4.359907,inf,2402496,2402496,55872,,False,3.624816,3.624816,185.430233
264,123,123.000000,0.599505,0.052710,0.203256,0.146255,0.453337,0.519874,0.623139,0.000000,0.203256,1.000000,0.000000,0.000000,6.483320,inf,3436128,3436128,55872,,False,3.647517,3.647516,157.073171
265,99,99.000000,0.593301,0.053054,0.196172,0.121581,0.470358,0.514869,0.656746,0.000000,0.196172,1.000000,0.000000,0.000000,5.252320,inf,2765664,2765664,55872,,False,3.669936,3.669935,179.656566
266,113,113.000000,0.579172,0.057646,0.224624,0.168207,0.471018,0.543339,0.743351,0.000000,0.224624,1.000000,0.000000,0.000000,6.514040,inf,3156768,3156768,55872,,False,3.694788,3.694788,144.053097
267,90,90.000000,0.542369,0.071474,0.268566,0.226587,0.542940,0.582458,0.853845,0.000000,0.268566,1.000000,0.000000,0.000000,6.432696,inf,2514240,2514240,55872,,False,3.725883,3.725883,142.144444
268,99,99.000000,0.579188,0.059716,0.221227,0.176395,0.453509,0.505066,0.613152,0.000000,0.221227,1.000000,0.000000,0.000000,5.911847,inf,2765664,2765664,55872,,False,3.751471,3.751471,152.222222
269,81,81.000000,0.580458,0.062794,0.229346,0.186920,0.475854,0.527217,0.596160,0.000000,0.229346,1.000000,0.000000,0.000000,5.086329,inf,2262816,2262816,55872,,False,3.777317,3.777317,173.086420
270,92,92.000000,0.595344,0.056274,0.208383,0.160857,0.420745,0.514062,0.748470,0.000000,0.208383,1.000000,0.000000,0.000000,5.177230,inf,2570112,2570112,55872,,False,3.799849,3.799850,178.434783
271,92,92.000000,0.556556,0.065779,0.252409,0.194650,0.517745,0.589056,0.681339,0.000000,0.252409,1.000000,0.000000,0.000000,6.051627,inf,2570112,2570112,55872,,False,3.828191,3.828191,166.532609
272,95,95.000000,0.549748,0.061801,0.245087,0.207171,0.507859,0.542604,0.659499,0.000000,0.245087,1.000000,0.000000,0.000000,5.871104,inf,2653920,2653920,55872,,False,3.855764,3.855764,158.305263
273,95,95.000000,0.558695,0.062262,0.246815,0.153141,0.556189,0.622939,0.711223,0.000000,0.246815,1.000000,0.000000,0.000000,5.914933,inf,2653920,2653920,55872,,False,3.882056,3.882056,191.621053
274,98,98.000000,0.566336,0.060332,0.225457,0.169487,0.489774,0.527086,0.585056,0.000000,0.225457,1.000000,0.000000,0.000000,5.912565,inf,2737728,2737728,55872,,False,3.908002,3.908002,172.683673
275,82,82.000000,0.555962,0.061070,0.249041,0.183768,0.506395,0.567093,0.776635,0.000000,0.249041,1.000000,0.000000,0.000000,5.007773,inf,2290752,2290752,55872,,False,3.933724,3.933724,173.817073
276,96,96.000000,0.545982,0.065622,0.249056,0.195388,0.508636,0.548525,0.710562,0.000000,0.249056,1.000000,0.000000,0.000000,6.299689,inf,2681856,2681856,55872,,False,3.962710,3.962710,182.177083
277,97,97.000000,0.546137,0.062302,0.257990,0.231885,0.488302,0.557003,0.764943,0.000000,0.257990,1.000000,0.000000,0.000000,6.043264,inf,2709792,2709792,55872,,False,3.989653,3.989652,158.938144
278,109,109.000000,0.509410,0.069588,0.299746,0.288489,0.541768,0.584202,0.938624,0.000000,0.299746,1.000000,0.000000,0.000000,7.585067,inf,3045024,3045024,55872,,False,4.020529,4.020529,149.633028
279,81,81.000000,0.506997,0.070618,0.275580,0.200636,0.527317,0.560156,0.628466,0.000000,0.275580,1.000000,0.000000,0.000000,5.720090,inf,2262816,2262816,55872,,False,4.051355,4.051356,164.543210
280,94,94.000000,0.542280,0.063545,0.257348,0.210316,0.503668,0.555379,0.693355,0.000000,0.257348,1.000000,0.000000,0.000000,5.973224,inf,2625984,2625984,55872,,False,4.079025,4.079025,168.436170
281,89,89.000000,0.511209,0.074402,0.303867,0.269848,0.534710,0.602521,0.854733,0.000000,0.303867,1.000000,0.000000,0.000000,6.621784,inf,2486304,2486304,55872,,False,4.111180,4.111180,149.168539
282,94,94.000000,0.499855,0.073887,0.309513,0.325134,0.564282,0.613670,0.809093,0.000000,0.309513,1.000000,0.000000,0.000000,6.945338,inf,2625984,2625984,55872,,False,4.143599,4.143599,151.553191
283,100,100.000000,0.529588,0.065970,0.283793,0.230215,0.521134,0.577784,0.990713,0.000000,0.283793,1.000000,0.000000,0.000000,6.596975,inf,2793600,2793600,55872,,False,4.172298,4.172298,173.310000
284,87,87.000000,0.479976,0.074097,0.354473,0.335262,0.584769,0.656998,2.537596,0.000000,0.354473,1.000000,0.000000,0.000000,6.446441,inf,2430432,2430432,55872,,False,4.201408,4.201408,150.666667
285,112,112.000000,0.489334,0.070556,0.320520,0.271749,0.537577,0.612955,2.085305,0.000000,0.320520,1.000000,0.000000,0.000000,7.902236,inf,3128832,3128832,55872,,False,4.231522,4.231522,156.741071
286,106,106.000000,0.495607,0.070483,0.310451,0.279616,0.537633,0.604923,0.998670,0.000000,0.310451,1.000000,0.000000,0.000000,7.471202,inf,2961216,2961216,55872,,False,4.262472,4.262472,170.537736
287,97,97.000000,0.488951,0.071100,0.309002,0.261221,0.576842,0.622599,0.731702,0.000000,0.309002,1.000000,0.000000,0.000000,6.896720,inf,2709792,2709792,55872,,False,4.293571,4.293571,174.175258
288,95,95.000000,0.490495,0.070024,0.307430,0.264847,0.538890,0.641123,0.719562,0.000000,0.307430,1.000000,0.000000,0.000000,6.652285,inf,2653920,2653920,55872,,False,4.323675,4.323675,175.473684
289,96,96.000000,0.483406,0.065485,0.298994,0.263282,0.517446,0.634039,0.871849,0.000000,0.298994,1.000000,0.000000,0.000000,6.286562,inf,2681856,2681856,55872,,False,4.352157,4.352156,153.937500
290,87,87.000000,0.452851,0.075748,0.347824,0.321101,0.626794,0.676463,1.021632,0.000000,0.347824,1.000000,0.000000,0.000000,6.590094,inf,2430432,2430432,55872,,False,4.383542,4.383542,155.195402
291,92,92.000000,0.473286,0.067518,0.323226,0.304444,0.553382,0.610364,0.699174,0.000000,0.323226,1.000000,0.000000,0.000000,6.211690,inf,2570112,2570112,55872,,False,4.412912,4.412912,149.608696
292,111,111.000000,0.455192,0.071246,0.341795,0.326640,0.554725,0.586759,1.284802,0.000000,0.341795,1.000000,0.000000,0.000000,7.908307,inf,3100896,3100896,55872,,False,4.443323,4.443324,164.927928
293,97,97.000000,0.462691,0.068410,0.331921,0.294384,0.579539,0.624131,0.753258,0.000000,0.331921,1.000000,0.000000,0.000000,6.635761,inf,2709792,2709792,55872,,False,4.472624,4.472624,151.309278
294,74,74.000000,0.488650,0.070958,0.316145,0.293318,0.537341,0.652020,0.738289,0.000000,0.316145,1.000000,0.000000,0.000000,5.250871,inf,2067264,2067264,55872,,False,4.500679,4.500679,176.783784
295,91,91.000000,0.444155,0.069448,0.329192,0.310110,0.554286,0.583618,0.835862,0.000000,0.329192,1.000000,0.000000,0.000000,6.319769,inf,2542176,2542176,55872,,False,4.531000,4.531000,154.846154
296,83,83.000000,0.449190,0.073696,0.339274,0.313905,0.607053,0.654064,0.856299,0.000000,0.339274,1.000000,0.000000,0.000000,6.116759,inf,2318688,2318688,55872,,False,4.561733,4.561732,168.084337
297,84,84.000000,0.472918,0.073310,0.336811,0.304342,0.588849,0.635452,0.930254,0.000000,0.336811,1.000000,0.000000,0.000000,6.158027,inf,2346624,2346624,55872,,False,4.590192,4.590192,186.535714
298,104,104.000000,0.450056,0.073227,0.356312,0.344494,0.582912,0.628528,0.905492,0.000000,0.356312,1.000000,0.000000,0.000000,7.615558,inf,2905344,2905344,55872,,False,4.621077,4.621077,165.086538
299,101,101.000000,0.440098,0.072741,0.376140,0.364766,0.628869,0.728061,0.907753,0.000000,0.376140,1.000000,0.000000,0.000000,7.346828,inf,2821536,2821536,55872,,False,4.650618,4.650618,162.009901
300,96,96.000000,0.415837,0.071801,0.379712,0.387608,0.596105,0.702319,1.249935,0.000000,0.379712,1.000000,0.000000,0.000000,6.892851,inf,2681856,2681856,55872,,False,4.679678,4.679678,145.614583
301,88,88.000000,0.409393,0.070115,0.358556,0.317907,0.585614,0.631111,0.798856,0.000000,0.358556,1.000000,0.000000,0.000000,6.170145,inf,2458368,2458368,55872,,False,4.709273,4.709273,147.170455
302,104,104.000000,0.438674,0.070628,0.346516,0.311745,0.582378,0.644725,0.892826,0.000000,0.346516,1.000000,0.000000,0.000000,7.345332,inf,2905344,2905344,55872,,False,4.737957,4.737957,183.548077
303,83,83.000000,0.407716,0.081873,0.416638,0.393975,0.601709,0.670509,2.714661,0.000000,0.416638,1.000000,0.000000,0.000000,6.795449,inf,2318688,2318688,55872,,False,4.768762,4.768762,155.879518
304,97,97.000000,0.420878,0.075158,0.404770,0.339377,0.660556,0.771825,2.155354,0.000000,0.404770,1.000000,0.000000,0.000000,7.290346,inf,2709792,2709792,55872,,False,4.796841,4.796841,169.608247
305,96,96.000000,0.431620,0.072841,0.390152,0.353102,0.642184,0.679391,1.751992,0.000000,0.390152,1.000000,0.000000,0.000000,6.992741,inf,2681856,2681856,55872,,False,4.825244,4.825244,172.270833
306,96,96.000000,0.430512,0.071580,0.360780,0.336634,0.552328,0.631554,1.156924,0.000000,0.360780,1.000000,0.000000,0.000000,6.871676,inf,2681856,2681856,55872,,False,4.853119,4.853119,171.822917
307,71,71.000000,0.373792,0.076766,0.398184,0.405975,0.645696,0.699679,0.879797,0.000000,0.398184,1.000000,0.000000,0.000000,5.450417,inf,1983456,1983456,55872,,False,4.881673,4.881673,146.577465
308,100,100.000000,0.388826,0.073874,0.411597,0.389567,0.671390,0.781742,1.967122,0.000000,0.411597,1.000000,0.000000,0.000000,7.387437,inf,2793600,2793600,55872,,False,4.909692,4.909691,163.490000
309,95,95.000000,0.378881,0.075144,0.408872,0.365424,0.641755,0.689796,1.330365,0.000000,0.408872,1.000000,0.000000,0.000000,7.138713,inf,2653920,2653920,55872,,False,4.938124,4.938124,156.431579
310,95,95.000000,0.386233,0.071423,0.383633,0.373820,0.604795,0.635511,0.993087,0.000000,0.383633,1.000000,0.000000,0.000000,6.785172,inf,2653920,2653920,55872,,False,4.966739,4.966739,163.378947
311,91,91.000000,0.393371,0.079965,0.422310,0.395403,0.626290,0.699305,1.575539,0.000000,0.422310,1.000000,0.000000,0.000000,7.276775,inf,2542176,2542176,55872,,False,4.995942,4.995942,178.307692
312,80,80.000000,0.364294,0.078399,0.416641,0.394753,0.654478,0.674535,0.869232,0.000000,0.416641,1.000000,0.000000,0.000000,6.271936,inf,2234880,2234880,55872,,False,5.025488,5.025488,155.125000
313,98,98.000000,0.368805,0.070339,0.405042,0.397677,0.625447,0.683736,0.939944,0.000000,0.405042,1.000000,0.000000,0.000000,6.893175,inf,2737728,2737728,55872,,False,5.052771,5.052771,156.755102
314,80,80.000000,0.358289,0.073600,0.423332,0.411350,0.659996,0.739629,0.904715,0.000000,0.423332,1.000000,0.000000,0.000000,5.888003,inf,2234880,2234880,55872,,False,5.079103,5.079103,151.550000
315,95,95.000000,0.348630,0.071933,0.423725,0.386801,0.668557,0.780492,1.225766,0.000000,0.423725,1.000000,0.000000,0.000000,6.833664,inf,2653920,2653920,55872,,False,5.106534,5.106534,154.252632
316,93,93.000000,0.356789,0.069706,0.402577,0.405956,0.632924,0.681992,0.886494,0.000000,0.402577,1.000000,0.000000,0.000000,6.482638,inf,2598048,2598048,55872,,False,5.132889,5.132889,166.430108
317,97,97.000000,0.338321,0.070777,0.448226,0.432977,0.720541,0.845030,0.992012,0.000000,0.448226,1.000000,0.000000,0.000000,6.865397,inf,2709792,2709792,55872,,False,5.157692,5.157692,147.340206
318,103,103.000000,0.375071,0.071619,0.440908,0.385806,0.723383,0.814982,1.255447,0.000000,0.440908,1.000000,0.000000,0.000000,7.376795,inf,2877408,2877408,55872,,False,5.182943,5.182943,180.582524
319,106,106.000000,0.355821,0.070482,0.438076,0.430434,0.678329,0.741247,1.345733,0.000000,0.438076,1.000000,0.000000,0.000000,7.471135,inf,2961216,2961216,55872,,False,5.208059,5.208059,159.735849
320,92,92.000000,0.356558,0.066470,0.388558,0.374619,0.651255,0.733759,0.978206,0.000000,0.388558,1.000000,0.000000,0.000000,6.115271,inf,2570112,2570112,55872,,False,5.231781,5.231780,197.097826
321,93,93.000000,0.341123,0.069523,0.414721,0.401178,0.672360,0.715972,0.906119,0.000000,0.414721,1.000000,0.000000,0.000000,6.465650,inf,2598048,2598048,55872,,False,5.257972,5.257972,176.698925
322,91,91.000000,0.338174,0.069772,0.411263,0.375023,0.670718,0.734401,0.942809,0.000000,0.411263,1.000000,0.000000,0.000000,6.349269,inf,2542176,2542176,55872,,False,5.283325,5.283326,192.483516
323,109,109.000000,0.327613,0.067148,0.437780,0.400617,0.709541,0.750739,0.955796,0.000000,0.437780,1.000000,0.000000,0.000000,7.319138,inf,3045024,3045024,55872,,False,5.307339,5.307339,174.825688
324,90,90.000000,0.343011,0.071504,0.436733,0.395575,0.684711,0.767092,0.992060,0.000000,0.436733,1.000000,0.000000,0.000000,6.435387,inf,2514240,2514240,55872,,False,5.330644,5.330645,172.955556
325,96,96.000000,0.335140,0.069395,0.451821,0.410274,0.739539,0.815987,1.343373,0.000000,0.451821,1.000000,0.000000,0.000000,6.661873,inf,2681856,2681856,55872,,False,5.352454,5.352454,176.177083
326,91,91.000000,0.338150,0.072114,0.497231,0.450927,0.816619,0.901673,1.000003,0.000000,0.497231,1.000000,0.000000,0.000000,6.562385,inf,2542176,2542176,55872,,False,5.373860,5.373859,137.494505
327,91,91.000000,0.319119,0.070321,0.469959,0.447511,0.718343,0.815482,1.057406,0.000000,0.469959,1.000000,0.000000,0.000000,6.399222,inf,2542176,2542176,55872,,False,5.395038,5.395038,153.131868
328,81,81.000000,0.293206,0.072747,0.479494,0.470763,0.747639,0.809348,1.157950,0.000000,0.479494,1.000000,0.000000,0.000000,5.892498,inf,2262816,2262816,55872,,False,5.416088,5.416088,149.617284
329,92,92.000000,0.307688,0.070837,0.439128,0.400050,0.743264,0.790623,1.369097,0.000000,0.439128,1.000000,0.000000,0.000000,6.517018,inf,2570112,2570112,55872,,False,5.440550,5.440550,145.804348
330,89,89.000000,0.308418,0.070091,0.470145,0.448799,0.758586,0.852990,1.665506,0.000000,0.470145,1.000000,0.000000,0.000000,6.238077,inf,2486304,2486304,55872,,False,5.460444,5.460444,161.685393
331,90,90.000000,0.299964,0.067431,0.468283,0.444888,0.712140,0.817114,1.597328,0.000000,0.468283,1.000000,0.000000,0.000000,6.068778,inf,2514240,2514240,55872,,False,5.480914,5.480914,174.244444
332,99,99.000000,0.326026,0.071074,0.462269,0.418833,0.795799,0.850327,1.037963,0.000000,0.462269,1.000000,0.000000,0.000000,7.036283,inf,2765664,2765664,55872,,False,5.502595,5.502595,188.242424
333,92,92.000000,0.317510,0.071036,0.488316,0.427087,0.770461,0.949290,1.241676,0.000000,0.488316,1.000000,0.000000,0.000000,6.535281,inf,2570112,2570112,55872,,False,5.522402,5.522402,168.771739
334,85,85.000000,0.278013,0.070355,0.497434,0.463274,0.799942,0.873186,1.241858,0.000000,0.497434,1.000000,0.000000,0.000000,5.980160,inf,2374560,2374560,55872,,False,5.541650,5.541650,132.917647
335,86,86.000000,0.290740,0.068367,0.439994,0.390958,0.723764,0.765037,1.339488,0.000000,0.439994,1.000000,0.000000,0.000000,5.879597,inf,2402496,2402496,55872,,False,5.561160,5.561160,172.534884
336,97,97.000000,0.305663,0.069219,0.480353,0.433253,0.774318,0.879546,1.398677,0.000000,0.480353,1.000000,0.000000,0.000000,6.714257,inf,2709792,2709792,55872,,False,5.580207,5.580207,158.505155
337,91,91.000000,0.298293,0.069580,0.499837,0.452796,0.841280,0.897922,1.402269,0.000000,0.499837,1.000000,0.000000,0.000000,6.331771,inf,2542176,2542176,55872,,False,5.598454,5.598454,163.241758
338,99,99.000000,0.282907,0.065260,0.482997,0.444669,0.759993,0.824551,1.162141,0.000000,0.482997,1.000000,0.000000,0.000000,6.460759,inf,2765664,2765664,55872,,False,5.618473,5.618473,163.424242
339,80,80.000000,0.278393,0.072298,0.503063,0.490502,0.840480,0.910131,1.019633,0.000000,0.503063,1.000000,0.000000,0.000000,5.783868,inf,2234880,2234880,55872,,False,5.635598,5.635598,145.025000
340,86,86.000000,0.281889,0.072654,0.523391,0.467586,0.822273,0.981029,1.371300,0.000000,0.523391,1.000000,0.000000,0.000000,6.248276,inf,2402496,2402496,55872,,False,5.651680,5.651680,158.046512
341,98,98.000000,0.288435,0.066254,0.487460,0.444954,0.726480,0.803312,1.258794,0.000000,0.487460,1.000000,0.000000,0.000000,6.492915,inf,2737728,2737728,55872,,False,5.669316,5.669317,157.214286
342,89,89.000000,0.290193,0.068170,0.487074,0.440438,0.723583,0.890238,1.024250,0.000000,0.487074,1.000000,0.000000,0.000000,6.067097,inf,2486304,2486304,55872,,False,5.685456,5.685455,155.573034
343,106,106.000000,0.281187,0.063542,0.472974,0.459375,0.746552,0.850423,1.071872,0.000000,0.472974,1.000000,0.000000,0.000000,6.735452,inf,2961216,2961216,55872,,False,5.703237,5.703236,178.830189
344,91,91.000000,0.280008,0.064875,0.481231,0.441030,0.754456,0.876767,1.092259,0.000000,0.481231,1.000000,0.000000,0.000000,5.903598,inf,2542176,2542176,55872,,False,5.718915,5.718915,177.780220
345,121,121.000000,0.289346,0.061248,0.483621,0.456779,0.771905,0.847520,1.290608,0.000000,0.483621,1.000000,0.000000,0.000000,7.411043,inf,3380256,3380256,55872,,False,5.735052,5.735052,168.322314
346,107,107.000000,0.295739,0.063988,0.538665,0.502778,0.848296,0.925013,1.532981,0.000000,0.538665,1.000000,0.000000,0.000000,6.846677,inf,2989152,2989152,55872,,False,5.748232,5.748232,153.934579
347,99,99.000000,0.281610,0.063877,0.499353,0.437206,0.782940,0.842870,1.181273,0.000000,0.499353,1.000000,0.000000,0.000000,6.323867,inf,2765664,2765664,55872,,False,5.765014,5.765014,170.757576
348,107,107.000000,0.277143,0.059541,0.473562,0.392266,0.798376,0.907071,1.187378,0.000000,0.473562,1.000000,0.000000,0.000000,6.370867,inf,2989152,2989152,55872,,False,5.780992,5.780992,178.551402
349,91,91.000000,0.279301,0.066667,0.485498,0.460769,0.743411,0.867864,1.219058,0.000000,0.485498,1.000000,0.000000,0.000000,6.066679,inf,2542176,2542176,55872,,False,5.796712,5.796712,167.175824
350,90,90.000000,0.285352,0.067564,0.480805,0.439992,0.716120,0.844821,1.104863,0.000000,0.480805,1.000000,0.000000,0.000000,6.080794,inf,2514240,2514240,55872,,False,5.811172,5.811172,174.211111
351,86,86.000000,0.269331,0.062411,0.485376,0.493887,0.745789,0.807604,0.989580,0.000000,0.485376,1.000000,0.000000,0.000000,5.367338,inf,2402496,2402496,55872,,False,5.825198,5.825198,171.616279
352,86,86.000000,0.257661,0.076047,0.550164,0.492042,0.891845,1.084465,1.305656,0.000000,0.550164,1.000000,0.000000,0.000000,6.540018,inf,2402496,2402496,55872,,False,5.839135,5.839135,141.802326
353,104,104.000000,0.296148,0.061409,0.492215,0.456047,0.805297,0.879943,1.401820,0.000000,0.492215,1.000000,0.000000,0.000000,6.386524,inf,2905344,2905344,55872,,False,5.852219,5.852219,188.490385
354,95,95.000000,0.285713,0.070928,0.527752,0.480190,0.819559,0.982876,1.339088,0.000000,0.527752,1.000000,0.000000,0.000000,6.738157,inf,2653920,2653920,55872,,False,5.865469,5.865469,162.031579
355,97,97.000000,0.308674,0.070414,0.522772,0.465734,0.864753,0.941112,2.048410,0.000000,0.522772,1.000000,0.000000,0.000000,6.830160,inf,2709792,2709792,55872,,False,5.878192,5.878192,184.804124
356,104,104.000000,0.265239,0.066471,0.525456,0.476759,0.853686,0.980528,1.388915,0.000000,0.525456,1.000000,0.000000,0.000000,6.912937,inf,2905344,2905344,55872,,False,5.890643,5.890643,165.846154
357,93,93.000000,0.263503,0.068910,0.520191,0.457047,0.844696,0.940626,1.245426,0.000000,0.520191,1.000000,0.000000,0.000000,6.408600,inf,2598048,2598048,55872,,False,5.903700,5.903700,159.430108
358,101,101.000000,0.274222,0.064452,0.514936,0.468019,0.878427,0.960084,1.104049,0.000000,0.514936,1.000000,0.000000,0.000000,6.509614,inf,2821536,2821536,55872,,False,5.916059,5.916059,168.039604
359,88,88.000000,0.257714,0.066661,0.534451,0.465493,0.864848,1.092791,1.224843,0.000000,0.534451,1.000000,0.000000,0.000000,5.866187,inf,2458368,2458368,55872,,False,5.928128,5.928128,166.602273
360,103,103.000000,0.246494,0.063571,0.526511,0.468098,0.822674,0.901198,1.539814,0.000000,0.526511,1.000000,0.000000,0.000000,6.547786,inf,2877408,2877408,55872,,False,5.942270,5.942270,163.757282
361,88,88.000000,0.270979,0.066759,0.510921,0.432587,0.865792,0.909281,1.095266,0.000000,0.510921,1.000000,0.000000,0.000000,5.874819,inf,2458368,2458368,55872,,False,5.953766,5.953767,170.840909
362,97,97.000000,0.263878,0.067983,0.519568,0.434501,0.882421,1.174072,1.879549,0.000000,0.519568,1.000000,0.000000,0.000000,6.594336,inf,2709792,2709792,55872,,False,5.965137,5.965137,176.123711
363,93,93.000000,0.239702,0.064998,0.532035,0.494767,0.841400,0.958903,1.361996,0.000000,0.532035,1.000000,0.000000,0.000000,6.044828,inf,2598048,2598048,55872,,False,5.976568,5.976568,157.096774
364,83,83.000000,0.257171,0.070771,0.537808,0.488077,0.910172,0.958421,1.427627,0.000000,0.537808,1.000000,0.000000,0.000000,5.874000,inf,2318688,2318688,55872,,False,5.987125,5.987125,144.289157
365,113,113.000000,0.250565,0.056672,0.520147,0.488577,0.841361,0.927556,1.280886,0.000000,0.520147,1.000000,0.000000,0.000000,6.403985,inf,3156768,3156768,55872,,False,6.000368,6.000368,165.584071
366,108,108.000000,0.265655,0.067194,0.563949,0.487466,0.941557,0.996845,1.587155,0.000000,0.563949,1.000000,0.000000,0.000000,7.256996,inf,3017088,3017088,55872,,False,6.009868,6.009868,184.398148
367,100,100.000000,0.260390,0.062681,0.531601,0.469415,0.823644,0.968252,1.218945,0.000000,0.531601,1.000000,0.000000,0.000000,6.268053,inf,2793600,2793600,55872,,False,6.020791,6.020791,172.580000
368,89,89.000000,0.254102,0.066160,0.531840,0.513091,0.813689,0.962287,1.329707,0.000000,0.531840,1.000000,0.000000,0.000000,5.888257,inf,2486304,2486304,55872,,False,6.031388,6.031388,172.202247
369,86,86.000000,0.239270,0.066863,0.562615,0.525805,0.870496,1.059247,1.410198,0.000000,0.562615,1.000000,0.000000,0.000000,5.750256,inf,2402496,2402496,55872,,False,6.040795,6.040795,148.186047
370,94,94.000000,0.253976,0.066808,0.524097,0.464316,0.903356,1.035265,1.331373,0.000000,0.524097,1.000000,0.000000,0.000000,6.279930,inf,2625984,2625984,55872,,False,6.049629,6.049629,185.712766
371,96,96.000000,0.251323,0.061988,0.531650,0.487867,0.856017,0.896758,1.278883,0.000000,0.531650,1.000000,0.000000,0.000000,5.950881,inf,2681856,2681856,55872,,False,6.060247,6.060247,173.364583
372,100,100.000000,0.246035,0.065149,0.551402,0.489169,0.864142,1.088684,1.354254,0.000000,0.551402,1.000000,0.000000,0.000000,6.514854,inf,2793600,2793600,55872,,False,6.069692,6.069692,157.490000
373,100,100.000000,0.254834,0.064119,0.568610,0.492446,0.937830,1.056621,1.421879,0.000000,0.568610,1.000000,0.000000,0.000000,6.411921,inf,2793600,2793600,55872,,False,6.079585,6.079585,153.890000
374,78,78.000000,0.257975,0.070301,0.513782,0.451045,0.843040,0.918102,1.285526,0.000000,0.513782,1.000000,0.000000,0.000000,5.483515,inf,2179008,2179008,55872,,False,6.090446,6.090446,186.461538
375,102,102.000000,0.230915,0.068055,0.586243,0.556277,0.924959,1.075527,1.789000,0.000000,0.586243,1.000000,0.000000,0.000000,6.941572,inf,2849472,2849472,55872,,False,6.097850,6.097850,145.960784
376,104,104.000000,0.261609,0.063561,0.559480,0.520147,0.885149,0.966474,1.153578,0.000000,0.559480,1.000000,0.000000,0.000000,6.610356,inf,2905344,2905344,55872,,False,6.106344,6.106344,156.394231
377,100,100.000000,0.254999,0.061751,0.533007,0.473792,0.825359,0.950762,1.579075,0.000000,0.533007,1.000000,0.000000,0.000000,6.175092,inf,2793600,2793600,55872,,False,6.116091,6.116091,156.390000
378,87,87.000000,0.256650,0.073022,0.572256,0.517985,0.956002,1.020216,1.521186,0.000000,0.572256,1.000000,0.000000,0.000000,6.352880,inf,2430432,2430432,55872,,False,6.123430,6.123430,169.597701
379,93,93.000000,0.261710,0.064310,0.542348,0.469675,0.800142,0.985570,1.921212,0.000000,0.542348,1.000000,0.000000,0.000000,5.980865,inf,2598048,2598048,55872,,False,6.132946,6.132947,167.655914
380,93,93.000000,0.229737,0.068899,0.582735,0.542660,0.899259,1.077179,1.876848,0.000000,0.582735,1.000000,0.000000,0.000000,6.407563,inf,2598048,2598048,55872,,False,6.139837,6.139837,133.204301
381,94,94.000000,0.252005,0.062195,0.529566,0.485274,0.846808,0.948020,1.051824,0.000000,0.529566,1.000000,0.000000,0.000000,5.846342,inf,2625984,2625984,55872,,False,6.147891,6.147891,167.393617
382,99,99.000000,0.251599,0.068233,0.579900,0.523284,0.936636,1.004020,1.812488,0.000000,0.579900,1.000000,0.000000,0.000000,6.755083,inf,2765664,2765664,55872,,False,6.154940,6.154939,159.646465
383,92,92.000000,0.235433,0.063966,0.528509,0.484366,0.767418,0.900660,1.296474,0.000000,0.528509,1.000000,0.000000,0.000000,5.884826,inf,2570112,2570112,55872,,False,6.165066,6.165066,158.293478
384,98,98.000000,0.235458,0.071200,0.603787,0.541259,0.954047,1.093200,2.114704,0.000000,0.603787,1.000000,0.000000,0.000000,6.977553,inf,2737728,2737728,55872,,False,6.171933,6.171933,156.887755
385,97,97.000000,0.230092,0.062957,0.556908,0.497973,0.892218,1.042263,1.169161,0.000000,0.556908,1.000000,0.000000,0.000000,6.106865,inf,2709792,2709792,55872,,False,6.179492,6.179491,156.247423
386,93,93.000000,0.232176,0.065692,0.565301,0.504898,0.879690,1.082905,1.350065,0.000000,0.565301,1.000000,0.000000,0.000000,6.109329,inf,2598048,2598048,55872,,False,6.186630,6.186630,143.881720
387,87,87.000000,0.236132,0.065542,0.538400,0.502583,0.811134,1.037158,1.293298,0.000000,0.538400,1.000000,0.000000,0.000000,5.702172,inf,2430432,2430432,55872,,False,6.193882,6.193882,164.344828
388,103,103.000000,0.253947,0.064579,0.544104,0.496509,0.858034,0.999412,1.248175,0.000000,0.544104,1.000000,0.000000,0.000000,6.651604,inf,2877408,2877408,55872,,False,6.202464,6.202464,196.766990
389,94,94.000000,0.221885,0.063805,0.525259,0.451409,0.805342,0.924717,1.582924,0.000000,0.525259,1.000000,0.000000,0.000000,5.997629,inf,2625984,2625984,55872,,False,6.211186,6.211187,172.542553
390,92,92.000000,0.252291,0.066630,0.559032,0.483304,0.928410,1.036932,1.476200,0.000000,0.559032,1.000000,0.000000,0.000000,6.130001,inf,2570112,2570112,55872,,False,6.220186,6.220186,170.456522
391,89,89.000000,0.247204,0.072803,0.596030,0.542639,0.913569,1.103623,1.779423,0.000000,0.596030,1.000000,0.000000,0.000000,6.479469,inf,2486304,2486304,55872,,False,6.226940,6.226939,157.179775
392,88,88.000000,0.240791,0.064261,0.533525,0.496208,0.793110,0.850256,1.300552,0.000000,0.533525,1.000000,0.000000,0.000000,5.654970,inf,2458368,2458368,55872,,False,6.235470,6.235469,175.386364
393,97,97.000000,0.246220,0.070203,0.611612,0.552325,1.010270,1.137187,1.562257,0.000000,0.611612,1.000000,0.000000,0.000000,6.809660,inf,2709792,2709792,55872,,False,6.239593,6.239594,150.701031
394,100,100.000000,0.235573,0.064013,0.561770,0.501936,0.874392,0.965017,1.357670,0.000000,0.561770,1.000000,0.000000,0.000000,6.401327,inf,2793600,2793600,55872,,False,6.247792,6.247793,149.880000
395,110,110.000000,0.231303,0.060587,0.533070,0.497379,0.806982,0.990509,1.581536,0.000000,0.533070,1.000000,0.000000,0.000000,6.664584,inf,3072960,3072960,55872,,False,6.256742,6.256742,162.036364
396,94,94.000000,0.216449,0.062753,0.550398,0.497531,0.877761,0.949663,1.134514,0.000000,0.550398,1.000000,0.000000,0.000000,5.898792,inf,2625984,2625984,55872,,False,6.263974,6.263974,156.510638
397,85,85.000000,0.232884,0.064214,0.537026,0.492109,0.890632,0.966230,1.085721,0.000000,0.537026,1.000000,0.000000,0.000000,5.458165,inf,2374560,2374560,55872,,False,6.270411,6.270411,166.035294
398,96,96.000000,0.215234,0.070595,0.593702,0.529086,0.922866,1.150101,1.730796,0.000000,0.593702,1.000000,0.000000,0.000000,6.777143,inf,2681856,2681856,55872,,False,6.275831,6.275831,154.989583
399,91,91.000000,0.228322,0.065647,0.537465,0.468186,0.844968,0.907718,1.731908,0.000000,0.537465,1.000000,0.000000,0.000000,5.973917,inf,2542176,2542176,55872,,False,6.283729,6.283729,176.230769
400,92,92.000000,0.244439,0.069356,0.590736,0.537148,0.988864,1.076692,1.347313,0.000000,0.590736,1.000000,0.000000,0.000000,6.380709,inf,2570112,2570112,55872,,False,6.289809,6.289809,158.728261
401,93,93.000000,0.228140,0.063909,0.548158,0.526959,0.827054,0.911814,1.433628,0.000000,0.548158,1.000000,0.000000,0.000000,5.943528,inf,2598048,2598048,55872,,False,6.296301,6.296301,164.053763
402,91,91.000000,0.242651,0.065008,0.539033,0.454374,0.908066,1.068063,1.435273,0.000000,0.539033,1.000000,0.000000,0.000000,5.915710,inf,2542176,2542176,55872,,False,6.303319,6.303319,185.000000
403,91,91.000000,0.263383,0.065033,0.554787,0.483670,0.904672,1.096282,1.423953,0.000000,0.554787,1.000000,0.000000,0.000000,5.917969,inf,2542176,2542176,55872,,False,6.308628,6.308628,187.846154
404,104,104.000000,0.218308,0.069920,0.606303,0.558843,0.901242,1.115400,1.343304,0.000000,0.606303,1.000000,0.000000,0.000000,7.271665,inf,2905344,2905344,55872,,False,6.315806,6.315806,133.528846
405,91,91.000000,0.216709,0.062386,0.548397,0.515155,0.848885,0.991366,1.114979,0.000000,0.548397,1.000000,0.000000,0.000000,5.677123,inf,2542176,2542176,55872,,False,6.323909,6.323909,167.109890
406,85,85.000000,0.227459,0.070682,0.587999,0.546026,0.890293,1.105815,1.817765,0.000000,0.587999,1.000000,0.000000,0.000000,6.007932,inf,2374560,2374560,55872,,False,6.331499,6.331499,139.988235
407,98,98.000000,0.245017,0.066790,0.579462,0.507742,0.954819,1.170804,1.516679,0.000000,0.579462,1.000000,0.000000,0.000000,6.545434,inf,2737728,2737728,55872,,False,6.336944,6.336944,182.112245
408,82,82.000000,0.220562,0.073979,0.584791,0.527812,0.835003,0.941517,1.560191,0.000000,0.584791,1.000000,0.000000,0.000000,6.066243,inf,2290752,2290752,55872,,False,6.342255,6.342255,152.695122
409,99,99.000000,0.242605,0.061202,0.563051,0.511762,0.920704,0.997590,1.318328,0.000000,0.563051,1.000000,0.000000,0.000000,6.059028,inf,2765664,2765664,55872,,False,6.349111,6.349111,171.060606
410,107,107.000000,0.219448,0.060816,0.562674,0.543102,0.902900,0.955609,1.177302,0.000000,0.562674,1.000000,0.000000,0.000000,6.507277,inf,2989152,2989152,55872,,False,6.355720,6.355720,157.504673
411,108,108.000000,0.222933,0.065100,0.595922,0.539445,0.971633,1.117826,1.257895,0.000000,0.595922,1.000000,0.000000,0.000000,7.030853,inf,3017088,3017088,55872,,False,6.361300,6.361300,150.574074
412,91,91.000000,0.227304,0.066348,0.551730,0.477176,0.825314,1.092176,1.516338,0.000000,0.551730,1.000000,0.000000,0.000000,6.037656,inf,2542176,2542176,55872,,False,6.367500,6.367500,191.835165
413,95,95.000000,0.242483,0.066240,0.568369,0.500036,0.938773,1.049931,1.614372,0.000000,0.568369,1.000000,0.000000,0.000000,6.292761,inf,2653920,2653920,55872,,False,6.373100,6.373100,186.926316
414,83,83.000000,0.210079,0.082926,0.635076,0.580815,1.010845,1.245624,1.992995,0.000000,0.635076,1.000000,0.000000,0.000000,6.882851,inf,2318688,2318688,55872,,False,6.379486,6.379486,131.421687
415,91,91.000000,0.184095,0.065235,0.584043,0.555964,0.896911,0.982997,1.215574,0.000000,0.584043,1.000000,0.000000,0.000000,5.936341,inf,2542176,2542176,55872,,False,6.387012,6.387011,140.472527
416,87,87.000000,0.232011,0.072876,0.597964,0.547442,0.976667,1.142236,1.781266,0.000000,0.597964,1.000000,0.000000,0.000000,6.340222,inf,2430432,2430432,55872,,False,6.392325,6.392325,181.367816
417,89,89.000000,0.218694,0.071139,0.624376,0.563572,0.964055,1.108208,2.240383,0.000000,0.624376,1.000000,0.000000,0.000000,6.331395,inf,2486304,2486304,55872,,False,6.397223,6.397223,134.033708
418,87,87.000000,0.220755,0.070723,0.598783,0.534954,1.010632,1.097798,1.293675,0.000000,0.598783,1.000000,0.000000,0.000000,6.152912,inf,2430432,2430432,55872,,False,6.402975,6.402975,154.827586
419,99,99.000000,0.217203,0.063001,0.563149,0.498313,0.866151,0.959558,1.472631,0.000000,0.563149,1.000000,0.000000,0.000000,6.237068,inf,2765664,2765664,55872,,False,6.408927,6.408927,172.090909
420,86,86.000000,0.232257,0.070868,0.594772,0.568180,0.911884,1.116680,1.414079,0.000000,0.594772,1.000000,0.000000,0.000000,6.094644,inf,2402496,2402496,55872,,False,6.413967,6.413967,177.523256
421,83,83.000000,0.236382,0.073481,0.610554,0.524017,0.995336,1.119567,1.709048,0.000000,0.610554,1.000000,0.000000,0.000000,6.098963,inf,2318688,2318688,55872,,False,6.417461,6.417461,164.253012
422,85,85.000000,0.209868,0.073177,0.624590,0.580135,0.938222,1.038543,1.778880,0.000000,0.624590,1.000000,0.000000,0.000000,6.220043,inf,2374560,2374560,55872,,False,6.422019,6.422020,144.576471
423,99,99.000000,0.221930,0.071398,0.600869,0.525129,1.010136,1.232276,1.797598,0.000000,0.600869,1.000000,0.000000,0.000000,7.068392,inf,2765664,2765664,55872,,False,6.425784,6.425784,149.606061
424,102,102.000000,0.222662,0.063530,0.560118,0.508951,0.863175,1.040044,2.025032,0.000000,0.560118,1.000000,0.000000,0.000000,6.480069,inf,2849472,2849472,55872,,False,6.429698,6.429699,170.539216
425,86,86.000000,0.230357,0.065228,0.563602,0.496760,0.870394,0.957982,1.141611,0.000000,0.563602,1.000000,0.000000,0.000000,5.609584,inf,2402496,2402496,55872,,False,6.434701,6.434702,167.930233
426,93,93.000000,0.227114,0.065570,0.535065,0.448061,0.884023,0.951374,1.216276,0.000000,0.535065,1.000000,0.000000,0.000000,6.098045,inf,2598048,2598048,55872,,False,6.441307,6.441307,193.881720
427,82,82.000000,0.229550,0.070278,0.579111,0.542077,0.974271,1.026998,1.362614,0.000000,0.579111,1.000000,0.000000,0.000000,5.762815,inf,2290752,2290752,55872,,False,6.446554,6.446554,180.707317
428,99,99.000000,0.239374,0.069308,0.608323,0.543493,0.933986,1.037159,1.735261,0.000000,0.608323,1.000000,0.000000,0.000000,6.861518,inf,2765664,2765664,55872,,False,6.450814,6.450814,168.303030
429,119,119.000000,0.226039,0.067606,0.623178,0.549154,0.991362,1.229991,2.842208,0.000000,0.623178,1.000000,0.000000,0.000000,8.045067,inf,3324384,3324384,55872,,False,6.454961,6.454962,150.907563
430,82,82.000000,0.221384,0.076016,0.607747,0.543584,0.929843,1.058582,1.432733,0.000000,0.607747,1.000000,0.000000,0.000000,6.233353,inf,2290752,2290752,55872,,False,6.459396,6.459396,165.378049
431,87,87.000000,0.230436,0.073588,0.630766,0.537218,1.040798,1.132739,1.983368,0.000000,0.630766,1.000000,0.000000,0.000000,6.402169,inf,2430432,2430432,55872,,False,6.462374,6.462374,163.908046
432,85,85.000000,0.203233,0.073114,0.620304,0.612588,0.913812,1.066099,1.511560,0.000000,0.620304,1.000000,0.000000,0.000000,6.214722,inf,2374560,2374560,55872,,False,6.467586,6.467586,140.964706
433,103,103.000000,0.211378,0.063331,0.575593,0.518117,0.885539,0.987509,1.434254,0.000000,0.575593,1.000000,0.000000,0.000000,6.523049,inf,2877408,2877408,55872,,False,6.474312,6.474312,171.058252
434,88,88.000000,0.223036,0.070174,0.593419,0.566486,0.921171,1.031337,1.337366,0.000000,0.593419,1.000000,0.000000,0.000000,6.175300,inf,2458368,2458368,55872,,False,6.479373,6.479374,173.375000
435,102,102.000000,0.214066,0.066085,0.590703,0.553493,0.865023,0.997412,1.326363,0.000000,0.590703,1.000000,0.000000,0.000000,6.740623,inf,2849472,2849472,55872,,False,6.485004,6.485004,161.735294
436,104,104.000000,0.220890,0.069176,0.653872,0.576352,1.115610,1.200138,1.426782,0.000000,0.653872,1.000000,0.000000,0.000000,7.194306,inf,2905344,2905344,55872,,False,6.489155,6.489156,139.980769
437,94,94.000000,0.221693,0.063144,0.596209,0.548983,0.932926,1.049976,1.506931,0.000000,0.596209,1.000000,0.000000,0.000000,5.935504,inf,2625984,2625984,55872,,False,6.493389,6.493389,168.031915
438,100,100.000000,0.222452,0.060274,0.569792,0.525482,0.823283,0.912041,1.483305,0.000000,0.569792,1.000000,0.000000,0.000000,6.027407,inf,2793600,2793600,55872,,False,6.499651,6.499651,174.750000
439,85,85.000000,0.232045,0.075187,0.610726,0.587596,0.931968,1.049121,1.550605,0.000000,0.610726,1.000000,0.000000,0.000000,6.390896,inf,2374560,2374560,55872,,False,6.502085,6.502085,162.941176
440,86,86.000000,0.231684,0.069601,0.582454,0.560034,0.873942,0.949957,1.221617,0.000000,0.582454,1.000000,0.000000,0.000000,5.985676,inf,2402496,2402496,55872,,False,6.506424,6.506424,181.558140
441,97,97.000000,0.239601,0.072205,0.590519,0.498977,0.979518,1.068683,2.570727,0.000000,0.590519,1.000000,0.000000,0.000000,7.003871,inf,2709792,2709792,55872,,False,6.510729,6.510730,199.793814
442,79,79.000000,0.224702,0.072224,0.623002,0.554729,0.994151,1.201842,1.593190,0.000000,0.623002,1.000000,0.000000,0.000000,5.705694,inf,2206944,2206944,55872,,False,6.515695,6.515696,181.430380
443,101,101.000000,0.228998,0.069215,0.611925,0.549696,0.999978,1.167299,1.650413,0.000000,0.611925,1.000000,0.000000,0.000000,6.990718,inf,2821536,2821536,55872,,False,6.519589,6.519590,165.940594
444,81,81.000000,0.231076,0.071503,0.584775,0.537350,0.879004,1.020388,1.578964,0.000000,0.584775,1.000000,0.000000,0.000000,5.791707,inf,2262816,2262816,55872,,False,6.525348,6.525348,175.086420
445,103,103.000000,0.219209,0.064149,0.580663,0.538260,0.887774,0.952827,1.624745,0.000000,0.580663,1.000000,0.000000,0.000000,6.607354,inf,2877408,2877408,55872,,False,6.530777,6.530777,170.456311
446,100,100.000000,0.209389,0.068560,0.631662,0.571806,1.024868,1.199648,1.493252,0.000000,0.631662,1.000000,0.000000,0.000000,6.855993,inf,2793600,2793600,55872,,False,6.536392,6.536392,147.760000
447,98,98.000000,0.230300,0.072824,0.651763,0.570235,0.932045,1.268974,2.119095,0.000000,0.651763,1.000000,0.000000,0.000000,7.136784,inf,2737728,2737728,55872,,False,6.539608,6.539608,163.091837
448,98,98.000000,0.215782,0.075635,0.664920,0.578431,1.122008,1.307264,1.804690,0.000000,0.664920,1.000000,0.000000,0.000000,7.412223,inf,2737728,2737728,55872,,False,6.544377,6.544377,144.948980
449,103,103.000000,0.214996,0.060248,0.591961,0.549474,0.963339,1.106603,1.330751,0.000000,0.591961,1.000000,0.000000,0.000000,6.205584,inf,2877408,2877408,55872,,False,6.548172,6.548172,172.398058
450,94,94.000000,0.231404,0.071635,0.653676,0.606729,1.029506,1.226768,1.716348,0.000000,0.653676,1.000000,0.000000,0.000000,6.733649,inf,2625984,2625984,55872,,False,6.551324,6.551324,165.776596
451,95,95.000000,0.233228,0.074437,0.643352,0.590684,0.969775,1.113576,1.862608,0.000000,0.643352,1.000000,0.000000,0.000000,7.071551,inf,2653920,2653920,55872,,False,6.555411,6.555411,159.242105
452,96,96.000000,0.198623,0.066164,0.611320,0.571425,0.950115,1.044242,1.337955,0.000000,0.611320,1.000000,0.000000,0.000000,6.351723,inf,2681856,2681856,55872,,False,6.561392,6.561392,151.333333
453,105,105.000000,0.218724,0.065552,0.632210,0.592180,0.959464,1.077077,1.388153,0.000000,0.632210,1.000000,0.000000,0.000000,6.882970,inf,2933280,2933280,55872,,False,6.565272,6.565271,155.180952
454,115,115.000000,0.230882,0.063961,0.602006,0.536803,0.915214,1.015472,1.598907,0.000000,0.602006,1.000000,0.000000,0.000000,7.355472,inf,3212640,3212640,55872,,False,6.569690,6.569691,179.721739
455,105,105.000000,0.221814,0.060696,0.588303,0.505359,0.983213,1.065578,1.326212,0.000000,0.588303,1.000000,0.000000,0.000000,6.373071,inf,2933280,2933280,55872,,False,6.574776,6.574776,176.866667
456,99,99.000000,0.201239,0.064575,0.609768,0.574826,0.879261,0.962195,1.178367,0.000000,0.609768,1.000000,0.000000,0.000000,6.392965,inf,2765664,2765664,55872,,False,6.580376,6.580377,148.878788
457,104,104.000000,0.201343,0.065453,0.627542,0.573426,0.965316,1.151451,1.549749,0.000000,0.627542,1.000000,0.000000,0.000000,6.807089,inf,2905344,2905344,55872,,False,6.585738,6.585737,144.759615
458,91,91.000000,0.248298,0.071160,0.598821,0.520629,0.859319,1.048202,1.665105,0.000000,0.598821,1.000000,0.000000,0.000000,6.475599,inf,2542176,2542176,55872,,False,6.588480,6.588480,190.692308
459,91,91.000000,0.242976,0.081872,0.670228,0.585073,1.030282,1.249483,2.460949,0.000000,0.670228,1.000000,0.000000,0.000000,7.450370,inf,2542176,2542176,55872,,False,6.591247,6.591246,173.505495
460,100,100.000000,0.209061,0.068130,0.620726,0.566531,0.952258,1.098613,1.483605,0.000000,0.620726,1.000000,0.000000,0.000000,6.813025,inf,2793600,2793600,55872,,False,6.595861,6.595861,160.620000
461,80,80.000000,0.203803,0.069849,0.577129,0.545335,0.950390,1.026066,1.141197,0.000000,0.577129,1.000000,0.000000,0.000000,5.587955,inf,2234880,2234880,55872,,False,6.600803,6.600804,164.825000
462,95,95.000000,0.225718,0.066173,0.623733,0.551208,0.966357,1.191596,1.479308,0.000000,0.623733,1.000000,0.000000,0.000000,6.286474,inf,2653920,2653920,55872,,False,6.604907,6.604907,161.221053
463,78,78.000000,0.209841,0.077508,0.626698,0.539824,0.959044,1.317395,2.048662,0.000000,0.626698,1.000000,0.000000,0.000000,6.045595,inf,2179008,2179008,55872,,False,6.609406,6.609407,168.025641
464,101,101.000000,0.214243,0.067818,0.626669,0.598300,0.930639,1.148659,1.440564,0.000000,0.626669,1.000000,0.000000,0.000000,6.849659,inf,2821536,2821536,55872,,False,6.613681,6.613681,170.712871
465,103,103.000000,0.218541,0.062991,0.592706,0.551724,0.936477,1.008173,1.555111,0.000000,0.592706,1.000000,0.000000,0.000000,6.488025,inf,2877408,2877408,55872,,False,6.618494,6.618494,173.766990
466,100,100.000000,0.240612,0.061772,0.567114,0.526550,0.862820,1.039283,1.342635,0.000000,0.567114,1.000000,0.000000,0.000000,6.177215,inf,2793600,2793600,55872,,False,6.621728,6.621728,188.850000
467,97,97.000000,0.221209,0.067907,0.635549,0.609030,0.921996,1.133586,1.536029,0.000000,0.635549,1.000000,0.000000,0.000000,6.586994,inf,2709792,2709792,55872,,False,6.625590,6.625590,164.030928
468,95,95.000000,0.204501,0.066981,0.601418,0.562114,0.899208,1.129344,1.385407,0.000000,0.601418,1.000000,0.000000,0.000000,6.363194,inf,2653920,2653920,55872,,False,6.630002,6.630002,176.357895
469,91,91.000000,0.208660,0.082602,0.692179,0.608090,1.061026,1.211713,1.789408,0.000000,0.692179,1.000000,0.000000,0.000000,7.516788,inf,2542176,2542176,55872,,False,6.633642,6.633642,150.384615
470,92,92.000000,0.205148,0.065122,0.582558,0.562680,0.856377,1.058977,1.216992,0.000000,0.582558,1.000000,0.000000,0.000000,5.991240,inf,2570112,2570112,55872,,False,6.636970,6.636971,169.750000
471,104,104.000000,0.220038,0.062226,0.575032,0.532924,0.839047,0.982443,1.866886,0.000000,0.575032,1.000000,0.000000,0.000000,6.471539,inf,2905344,2905344,55872,,False,6.641693,6.641692,183.278846
472,88,88.000000,0.220954,0.067869,0.591685,0.548375,0.892397,0.951072,1.606386,0.000000,0.591685,1.000000,0.000000,0.000000,5.972483,inf,2458368,2458368,55872,,False,6.645691,6.645691,186.386364
473,82,82.000000,0.180707,0.077460,0.642768,0.594707,0.978087,1.122563,1.411424,0.000000,0.642768,1.000000,0.000000,0.000000,6.351730,inf,2290752,2290752,55872,,False,6.650992,6.650992,130.817073
474,97,97.000000,0.223405,0.074435,0.636522,0.590598,0.962790,1.148246,1.991097,0.000000,0.636522,1.000000,0.000000,0.000000,7.220160,inf,2709792,2709792,55872,,False,6.654383,6.654383,175.505155
475,98,98.000000,0.211808,0.069746,0.620503,0.529262,0.945276,1.105341,1.730696,0.000000,0.620503,1.000000,0.000000,0.000000,6.835070,inf,2737728,2737728,55872,,False,6.658250,6.658250,161.704082
476,82,82.000000,0.228196,0.078430,0.629108,0.556534,0.967933,1.167943,1.518490,0.000000,0.629108,1.000000,0.000000,0.000000,6.431240,inf,2290752,2290752,55872,,False,6.660800,6.660800,167.292683
477,76,76.000000,0.225491,0.081183,0.641565,0.565750,1.038082,1.187381,1.383524,0.000000,0.641565,1.000000,0.000000,0.000000,6.169942,inf,2123136,2123136,55872,,False,6.664516,6.664516,180.460526
478,103,103.000000,0.208133,0.064889,0.621824,0.556525,0.983509,1.153566,1.566555,0.000000,0.621824,1.000000,0.000000,0.000000,6.683540,inf,2877408,2877408,55872,,False,6.668120,6.668121,153.087379
479,101,101.000000,0.224418,0.069630,0.623095,0.532845,1.039580,1.245253,2.042733,0.000000,0.623095,1.000000,0.000000,0.000000,7.032661,inf,2821536,2821536,55872,,False,6.671394,6.671393,182.059406
480,106,106.000000,0.205146,0.064489,0.611228,0.571740,0.917938,1.050721,1.495399,0.000000,0.611228,1.000000,0.000000,0.000000,6.835816,inf,2961216,2961216,55872,,False,6.675684,6.675683,168.830189
481,92,92.000000,0.218919,0.078841,0.681146,0.575234,0.990689,1.139442,2.497017,0.000000,0.681146,1.000000,0.000000,0.000000,7.253340,inf,2570112,2570112,55872,,False,6.678272,6.678271,161.108696
482,95,95.000000,0.233899,0.077062,0.661843,0.574530,1.001104,1.404944,1.977363,0.000000,0.661843,1.000000,0.000000,0.000000,7.320910,inf,2653920,2653920,55872,,False,6.680208,6.680208,163.147368
483,90,90.000000,0.213458,0.077562,0.670563,0.602715,1.012569,1.238754,2.006766,0.000000,0.670563,1.000000,0.000000,0.000000,6.980542,inf,2514240,2514240,55872,,False,6.683775,6.683774,159.111111
484,96,96.000000,0.205734,0.069469,0.621403,0.552854,1.016511,1.177023,1.713866,0.000000,0.621403,1.000000,0.000000,0.000000,6.668999,inf,2681856,2681856,55872,,False,6.688330,6.688329,176.302083
485,95,95.000000,0.197213,0.067410,0.601442,0.539852,0.932287,0.983287,1.461297,0.000000,0.601442,1.000000,0.000000,0.000000,6.403909,inf,2653920,2653920,55872,,False,6.693724,6.693724,161.305263
486,95,95.000000,0.199806,0.074869,0.651368,0.576536,1.068470,1.234229,1.909853,0.000000,0.651368,1.000000,0.000000,0.000000,7.112562,inf,2653920,2653920,55872,,False,6.697557,6.697556,153.210526
487,113,113.000000,0.211181,0.064375,0.630110,0.564928,0.977810,1.168275,1.576582,0.000000,0.630110,1.000000,0.000000,0.000000,7.274387,inf,3156768,3156768,55872,,False,6.702172,6.702172,165.115044
488,103,103.000000,0.214365,0.070663,0.638707,0.586384,0.921373,1.095520,1.567167,0.000000,0.638707,1.000000,0.000000,0.000000,7.278299,inf,2877408,2877408,55872,,False,6.704385,6.704385,175.145631
489,102,102.000000,0.221501,0.079563,0.704033,0.624160,1.135463,1.284285,1.964752,0.000000,0.704033,1.000000,0.000000,0.000000,8.115466,inf,2849472,2849472,55872,,False,6.706956,6.706955,154.794118
490,106,106.000000,0.202603,0.065599,0.636137,0.599598,1.021682,1.132368,1.782939,0.000000,0.636137,1.000000,0.000000,0.000000,6.953491,inf,2961216,2961216,55872,,False,6.710027,6.710027,156.943396
491,88,88.000000,0.220985,0.076200,0.644165,0.584754,1.004714,1.171153,2.383128,0.000000,0.644165,1.000000,0.000000,0.000000,6.705637,inf,2458368,2458368,55872,,False,6.712826,6.712826,171.181818
492,97,97.000000,0.208543,0.068161,0.633481,0.631924,0.977522,1.122993,1.211268,0.000000,0.633481,1.000000,0.000000,0.000000,6.611570,inf,2709792,2709792,55872,,False,6.716815,6.716815,165.773196
493,102,102.000000,0.227329,0.068148,0.654501,0.598467,1.014773,1.255117,1.602618,0.000000,0.654501,1.000000,0.000000,0.000000,6.951045,inf,2849472,2849472,55872,,False,6.719342,6.719342,162.549020
494,117,117.000000,0.220690,0.061885,0.645815,0.616920,0.983257,1.046583,1.826337,0.000000,0.645815,1.000000,0.000000,0.000000,7.240513,inf,3268512,3268512,55872,,False,6.721203,6.721202,165.709402
495,100,100.000000,0.228651,0.073810,0.646579,0.581141,1.017103,1.223426,1.956323,0.000000,0.646579,1.000000,0.000000,0.000000,7.380963,inf,2793600,2793600,55872,,False,6.723328,6.723328,182.470000
496,98,98.000000,0.215941,0.074053,0.640047,0.577307,1.022463,1.127502,1.601888,0.000000,0.640047,1.000000,0.000000,0.000000,7.257211,inf,2737728,2737728,55872,,False,6.727391,6.727391,157.132653
497,103,103.000000,0.208118,0.077224,0.688848,0.613938,1.054926,1.199101,2.480205,0.000000,0.688848,1.000000,0.000000,0.000000,7.954056,inf,2877408,2877408,55872,,False,6.729515,6.729515,146.407767
498,103,103.000000,0.223264,0.071751,0.630384,0.532984,1.133680,1.298905,2.103867,0.000000,0.630384,1.000000,0.000000,0.000000,7.390345,inf,2877408,2877408,55872,,False,6.732696,6.732697,200.339806
499,91,91.000000,0.218029,0.077939,0.658948,0.655711,0.925320,1.155208,2.267113,0.000000,0.658948,1.000000,0.000000,0.000000,7.092488,inf,2542176,2542176,55872,,False,6.735047,6.735047,167.076923
500,88,88.000000,0.235156,0.077926,0.649573,0.576880,1.031772,1.159774,1.861236,0.000000,0.649573,1.000000,0.000000,0.000000,6.857489,inf,2458368,2458368,55872,,False,6.737741,6.737741,171.000000
501,99,99.000000,0.207880,0.071951,0.626644,0.539259,0.982349,1.127059,1.479181,0.000000,0.626644,1.000000,0.000000,0.000000,7.123165,inf,2765664,2765664,55872,,False,6.742332,6.742332,164.686869
502,104,104.000000,0.204192,0.076115,0.692695,0.609045,1.003023,1.299620,2.217275,0.000000,0.692695,1.000000,0.000000,0.000000,7.915925,inf,2905344,2905344,55872,,False,6.745147,6.745147,137.721154
503,80,80.000000,0.199829,0.073950,0.627980,0.555727,1.070204,1.222692,1.322138,0.000000,0.627980,1.000000,0.000000,0.000000,5.916008,inf,2234880,2234880,55872,,False,6.748352,6.748352,160.575000
504,96,96.000000,0.214994,0.070400,0.646390,0.606685,0.987065,1.135649,1.503867,0.000000,0.646390,1.000000,0.000000,0.000000,6.758439,inf,2681856,2681856,55872,,False,6.750775,6.750775,158.177083
505,92,92.000000,0.199551,0.080198,0.664823,0.628224,0.993002,1.159745,2.279561,0.000000,0.664823,1.000000,0.000000,0.000000,7.378181,inf,2570112,2570112,55872,,False,6.753543,6.753543,145.673913
506,107,107.000000,0.205711,0.067860,0.662593,0.597781,1.015533,1.162252,1.784546,0.000000,0.662593,1.000000,0.000000,0.000000,7.260998,inf,2989152,2989152,55872,,False,6.757596,6.757597,149.411215
507,95,95.000000,0.214205,0.071101,0.640819,0.591238,1.010930,1.128741,2.234690,0.000000,0.640819,1.000000,0.000000,0.000000,6.754559,inf,2653920,2653920,55872,,False,6.762177,6.762177,173.210526
508,100,100.000000,0.209627,0.069283,0.636589,0.552026,1.044878,1.176355,1.714387,0.000000,0.636589,1.000000,0.000000,0.000000,6.928307,inf,2793600,2793600,55872,,False,6.765973,6.765973,180.980000
509,99,99.000000,0.205716,0.067290,0.615730,0.586685,0.937851,1.055259,1.192905,0.000000,0.615730,1.000000,0.000000,0.000000,6.661734,inf,2765664,2765664,55872,,False,6.769853,6.769853,156.131313
510,91,91.000000,0.223761,0.076818,0.656689,0.591763,1.036927,1.189809,1.811069,0.000000,0.656689,1.000000,0.000000,0.000000,6.990414,inf,2542176,2542176,55872,,False,6.773686,6.773686,167.384615
511,112,112.000000,0.209389,0.065088,0.656900,0.598665,0.984516,1.111672,1.635699,0.000000,0.656900,1.000000,0.000000,0.000000,7.289808,inf,3128832,3128832,55872,,False,6.776794,6.776794,165.125000
512,108,108.000000,0.205917,0.071969,0.685896,0.642187,0.979944,1.268700,1.620315,0.000000,0.685896,1.000000,0.000000,0.000000,7.772621,inf,3017088,3017088,55872,,False,6.779611,6.779611,157.842593
513,81,81.000000,0.194045,0.075297,0.624447,0.563697,1.017987,1.108066,1.660505,0.000000,0.624447,1.000000,0.000000,0.000000,6.099061,inf,2262816,2262816,55872,,False,6.783474,6.783474,145.530864
514,106,106.000000,0.195282,0.065563,0.648141,0.596502,1.052208,1.205857,1.606968,0.000000,0.648141,1.000000,0.000000,0.000000,6.949635,inf,2961216,2961216,55872,,False,6.787218,6.787218,161.981132
515,98,98.000000,0.200048,0.075102,0.681350,0.640038,1.039380,1.169648,1.509161,0.000000,0.681350,1.000000,0.000000,0.000000,7.359970,inf,2737728,2737728,55872,,False,6.791659,6.791659,136.785714
516,102,102.000000,0.216580,0.069298,0.635578,0.581613,0.979335,1.071585,1.843637,0.000000,0.635578,1.000000,0.000000,0.000000,7.068364,inf,2849472,2849472,55872,,False,6.795278,6.795278,166.372549
517,89,89.000000,0.215326,0.079019,0.674177,0.609669,1.122701,1.302677,1.993353,0.000000,0.674177,1.000000,0.000000,0.000000,7.032704,inf,2486304,2486304,55872,,False,6.797843,6.797842,172.820225
518,89,89.000000,0.215015,0.076644,0.643903,0.582926,0.949624,1.222755,1.416863,0.000000,0.643903,1.000000,0.000000,0.000000,6.821333,inf,2486304,2486304,55872,,False,6.801277,6.801277,176.056180
519,104,104.000000,0.221304,0.076336,0.689938,0.585211,1.128154,1.276110,2.010079,0.000000,0.689938,1.000000,0.000000,0.000000,7.938968,inf,2905344,2905344,55872,,False,6.803751,6.803751,162.211538
520,87,87.000000,0.216189,0.081625,0.687185,0.601676,1.104918,1.307592,1.815962,0.000000,0.687185,1.000000,0.000000,0.000000,7.101337,inf,2430432,2430432,55872,,False,6.804415,6.804415,157.298851
521,93,93.000000,0.214506,0.068414,0.602482,0.580420,0.921154,1.051667,1.499085,0.000000,0.602482,1.000000,0.000000,0.000000,6.362466,inf,2598048,2598048,55872,,False,6.808020,6.808020,183.752688
522,100,100.000000,0.205125,0.073318,0.648658,0.601080,1.011898,1.126946,1.789529,0.000000,0.648658,1.000000,0.000000,0.000000,7.331786,inf,2793600,2793600,55872,,False,6.810930,6.810930,166.260000
523,75,75.000000,0.217332,0.086763,0.672136,0.609023,1.112649,1.272242,1.891000,0.000000,0.672136,1.000000,0.000000,0.000000,6.507244,inf,2095200,2095200,55872,,False,6.814249,6.814249,154.160000
524,106,106.000000,0.213064,0.069818,0.641466,0.568441,0.987316,1.178261,1.735700,0.000000,0.641466,1.000000,0.000000,0.000000,7.400722,inf,2961216,2961216,55872,,False,6.817456,6.817456,173.245283
525,88,88.000000,0.207251,0.079051,0.658681,0.588517,1.019348,1.095546,1.924894,0.000000,0.658681,1.000000,0.000000,0.000000,6.956447,inf,2458368,2458368,55872,,False,6.820404,6.820405,165.068182
526,98,98.000000,0.225093,0.074604,0.652775,0.597649,0.989600,1.071673,1.988314,0.000000,0.652775,1.000000,0.000000,0.000000,7.311178,inf,2737728,2737728,55872,,False,6.822145,6.822145,181.530612
527,91,91.000000,0.204503,0.073261,0.643519,0.588771,0.970615,1.094518,1.598265,0.000000,0.643519,1.000000,0.000000,0.000000,6.666794,inf,2542176,2542176,55872,,False,6.827139,6.827139,159.967033
528,82,82.000000,0.220040,0.077621,0.696834,0.653853,1.124354,1.307145,2.050941,0.000000,0.696834,1.000000,0.000000,0.000000,6.364892,inf,2290752,2290752,55872,,False,6.829733,6.829733,158.573171
529,89,89.000000,0.217595,0.083045,0.697245,0.605339,1.149193,1.305517,2.112626,0.000000,0.697245,1.000000,0.000000,0.000000,7.391012,inf,2486304,2486304,55872,,False,6.832688,6.832688,175.820225
530,107,107.000000,0.196462,0.068481,0.671375,0.619461,0.984313,1.145403,2.515098,0.000000,0.671375,1.000000,0.000000,0.000000,7.327488,inf,2989152,2989152,55872,,False,6.835146,6.835145,139.327103
531,97,97.000000,0.207426,0.084234,0.710593,0.632054,1.110286,1.191058,1.796327,0.000000,0.710593,1.000000,0.000000,0.000000,8.170713,inf,2709792,2709792,55872,,False,6.837664,6.837663,142.463918
532,93,93.000000,0.209932,0.072256,0.668756,0.627280,1.009473,1.150437,1.353395,0.000000,0.668756,1.000000,0.000000,0.000000,6.719823,inf,2598048,2598048,55872,,False,6.840264,6.840264,154.623656
533,94,94.000000,0.184918,0.070989,0.639393,0.574397,1.029944,1.182079,1.706757,0.000000,0.639393,1.000000,0.000000,0.000000,6.672984,inf,2625984,2625984,55872,,False,6.844782,6.844782,148.776596
534,80,80.000000,0.209488,0.083587,0.680546,0.612379,1.064257,1.205310,1.494195,0.000000,0.680546,1.000000,0.000000,0.000000,6.686954,inf,2234880,2234880,55872,,False,6.848415,6.848415,154.162500
535,110,110.000000,0.219832,0.066983,0.641250,0.576385,0.976316,1.111781,2.183104,0.000000,0.641250,1.000000,0.000000,0.000000,7.368131,inf,3072960,3072960,55872,,False,6.851429,6.851429,190.945455
536,79,79.000000,0.189021,0.080667,0.655572,0.608553,0.988794,1.178511,1.760901,0.000000,0.655572,1.000000,0.000000,0.000000,6.372725,inf,2206944,2206944,55872,,False,6.854815,6.854815,149.139241
537,100,100.000000,0.195648,0.076419,0.690169,0.654774,1.021578,1.339711,1.666301,0.000000,0.690169,1.000000,0.000000,0.000000,7.641909,inf,2793600,2793600,55872,,False,6.858797,6.858796,143.680000
538,95,95.000000,0.206894,0.064278,0.630754,0.574804,0.945847,1.148451,1.398882,0.000000,0.630754,1.000000,0.000000,0.000000,6.106433,inf,2653920,2653920,55872,,False,6.861771,6.861771,172.884211
539,102,102.000000,0.214145,0.071878,0.664433,0.606248,1.060020,1.177508,2.038382,0.000000,0.664433,1.000000,0.000000,0.000000,7.331512,inf,2849472,2849472,55872,,False,6.863703,6.863703,167.480392
540,97,97.000000,0.197530,0.077111,0.666859,0.633174,1.006819,1.162317,2.356917,0.000000,0.666859,1.000000,0.000000,0.000000,7.479802,inf,2709792,2709792,55872,,False,6.865823,6.865823,149.216495
541,77,77.000000,0.207757,0.075799,0.637024,0.610632,1.003563,1.116665,1.324064,0.000000,0.637024,1.000000,0.000000,0.000000,5.836547,inf,2151072,2151072,55872,,False,6.868997,6.868997,174.402597
542,85,85.000000,0.198493,0.077811,0.663031,0.638022,1.028297,1.156696,1.571839,0.000000,0.663031,1.000000,0.000000,0.000000,6.613937,inf,2374560,2374560,55872,,False,6.872043,6.872043,147.164706
543,75,75.000000,0.238817,0.077854,0.645361,0.591802,0.936655,1.079427,1.415608,0.000000,0.645361,1.000000,0.000000,0.000000,5.839064,inf,2095200,2095200,55872,,False,6.874150,6.874151,186.426667
544,96,96.000000,0.182884,0.065513,0.596183,0.560370,0.931982,1.066288,1.208606,0.000000,0.596183,1.000000,0.000000,0.000000,6.289239,inf,2681856,2681856,55872,,False,6.879141,6.879141,168.416667
545,100,100.000000,0.199867,0.068585,0.671528,0.619487,1.094828,1.196230,2.108732,0.000000,0.671528,1.000000,0.000000,0.000000,6.858525,inf,2793600,2793600,55872,,False,6.882180,6.882180,155.090000
546,76,76.000000,0.212949,0.080692,0.646671,0.572339,1.055047,1.239837,1.788117,0.000000,0.646671,1.000000,0.000000,0.000000,6.132575,inf,2123136,2123136,55872,,False,6.884706,6.884705,171.223684
547,96,96.000000,0.229126,0.073756,0.682146,0.634059,1.063994,1.197726,1.679924,0.000000,0.682146,1.000000,0.000000,0.000000,7.080546,inf,2681856,2681856,55872,,False,6.887965,6.887965,166.010417
548,87,87.000000,0.191759,0.073669,0.664483,0.635210,1.003297,1.075841,1.733035,0.000000,0.664483,1.000000,0.000000,0.000000,6.409222,inf,2430432,2430432,55872,,False,6.892627,6.892627,133.885057
549,101,101.000000,0.221259,0.072704,0.671062,0.612152,1.031202,1.191023,2.633127,0.000000,0.671062,1.000000,0.000000,0.000000,7.343140,inf,2821536,2821536,55872,,False,6.895136,6.895136,163.980198
550,88,88.000000,0.218438,0.083145,0.686991,0.619497,1.103688,1.232635,1.588608,0.000000,0.686991,1.000000,0.000000,0.000000,7.316787,inf,2458368,2458368,55872,,False,6.896128,6.896127,156.943182
551,81,81.000000,0.202375,0.073476,0.661925,0.600170,0.984277,1.168527,1.502803,0.000000,0.661925,1.000000,0.000000,0.000000,5.951527,inf,2262816,2262816,55872,,False,6.900424,6.900425,168.481481
552,81,81.000000,0.231291,0.084348,0.676822,0.622694,1.038569,1.161579,1.629243,0.000000,0.676822,1.000000,0.000000,0.000000,6.832173,inf,2262816,2262816,55872,,False,6.902120,6.902119,160.234568
553,87,87.000000,0.205311,0.073699,0.599034,0.533172,0.981477,1.120643,1.426318,0.000000,0.599034,1.000000,0.000000,0.000000,6.411786,inf,2430432,2430432,55872,,False,6.905015,6.905015,178.735632
554,84,84.000000,0.195029,0.079385,0.679245,0.646064,1.050666,1.196959,1.996962,0.000000,0.679245,1.000000,0.000000,0.000000,6.668368,inf,2346624,2346624,55872,,False,6.908924,6.908925,145.940476
555,107,107.000000,0.185094,0.069098,0.665294,0.606849,1.068987,1.141340,1.799968,0.000000,0.665294,1.000000,0.000000,0.000000,7.393467,inf,2989152,2989152,55872,,False,6.913230,6.913230,149.859813
556,83,83.000000,0.194234,0.086762,0.707525,0.609917,1.166428,1.231053,1.466826,0.000000,0.707525,1.000000,0.000000,0.000000,7.201287,inf,2318688,2318688,55872,,False,6.915798,6.915798,127.421687
557,91,91.000000,0.213151,0.072677,0.638480,0.607445,0.991016,1.140088,1.447481,0.000000,0.638480,1.000000,0.000000,0.000000,6.613565,inf,2542176,2542176,55872,,False,6.919590,6.919590,178.615385
558,94,94.000000,0.207843,0.072056,0.657495,0.618215,0.996218,1.145588,1.727479,0.000000,0.657495,1.000000,0.000000,0.000000,6.773267,inf,2625984,2625984,55872,,False,6.923592,6.923592,154.095745
559,92,92.000000,0.225127,0.076226,0.642375,0.534361,1.033303,1.322260,1.930929,0.000000,0.642375,1.000000,0.000000,0.000000,7.012834,inf,2570112,2570112,55872,,False,6.925821,6.925822,184.456522
560,99,99.000000,0.210579,0.075427,0.682307,0.622329,0.987275,1.206543,2.611384,0.000000,0.682307,1.000000,0.000000,0.000000,7.467252,inf,2765664,2765664,55872,,False,6.928774,6.928774,168.696970
561,91,91.000000,0.211030,0.077981,0.681922,0.644115,1.050017,1.206120,1.970613,0.000000,0.681922,1.000000,0.000000,0.000000,7.096312,inf,2542176,2542176,55872,,False,6.931179,6.931179,144.989011
562,96,96.000000,0.209992,0.084653,0.698781,0.605612,1.051777,1.278655,1.787108,0.000000,0.698781,1.000000,0.000000,0.000000,8.126712,inf,2681856,2681856,55872,,False,6.933632,6.933631,165.427083
563,91,91.000000,0.214565,0.075970,0.648976,0.555517,1.010871,1.350538,1.671637,0.000000,0.648976,1.000000,0.000000,0.000000,6.913286,inf,2542176,2542176,55872,,False,6.935193,6.935193,198.032967
564,89,89.000000,0.215840,0.075703,0.642777,0.585713,0.990381,1.158294,2.027611,0.000000,0.642777,1.000000,0.000000,0.000000,6.737545,inf,2486304,2486304,55872,,False,6.937987,6.937987,199.146067
565,97,97.000000,0.193131,0.081914,0.716151,0.690592,1.034834,1.248089,1.887043,0.000000,0.716151,1.000000,0.000000,0.000000,7.945624,inf,2709792,2709792,55872,,False,6.941171,6.941171,139.164948
566,91,91.000000,0.221712,0.080851,0.700410,0.647180,1.133167,1.236627,1.642519,0.000000,0.700410,1.000000,0.000000,0.000000,7.357482,inf,2542176,2542176,55872,,False,6.942785,6.942785,152.043956
567,97,97.000000,0.211298,0.073631,0.643079,0.557151,1.023781,1.318678,1.696802,0.000000,0.643079,1.000000,0.000000,0.000000,7.142192,inf,2709792,2709792,55872,,False,6.944714,6.944715,179.597938
568,97,97.000000,0.204919,0.073431,0.659976,0.623023,0.998875,1.181948,1.662909,0.000000,0.659976,1.000000,0.000000,0.000000,7.122780,inf,2709792,2709792,55872,,False,6.947510,6.947510,168.030928
569,101,101.000000,0.209801,0.076386,0.690657,0.636704,1.095567,1.352978,1.692532,0.000000,0.690657,1.000000,0.000000,0.000000,7.714970,inf,2821536,2821536,55872,,False,6.950830,6.950830,164.207921
570,94,94.000000,0.208596,0.075880,0.674176,0.572492,1.202084,1.303062,2.073911,0.000000,0.674176,1.000000,0.000000,0.000000,7.132737,inf,2625984,2625984,55872,,False,6.954293,6.954293,184.276596
571,79,79.000000,0.219472,0.083496,0.666988,0.572714,1.045581,1.202550,1.952941,0.000000,0.666988,1.000000,0.000000,0.000000,6.596217,inf,2206944,2206944,55872,,False,6.956321,6.956320,179.987342
572,97,97.000000,0.209184,0.073628,0.677523,0.630148,1.015053,1.137562,1.868554,0.000000,0.677523,1.000000,0.000000,0.000000,7.141869,inf,2709792,2709792,55872,,False,6.958791,6.958791,176.123711
573,100,100.000000,0.192300,0.078598,0.710258,0.652274,1.086768,1.275666,1.794728,0.000000,0.710258,1.000000,0.000000,0.000000,7.859764,inf,2793600,2793600,55872,,False,6.962238,6.962238,140.920000
574,98,98.000000,0.199302,0.082280,0.717901,0.670465,1.099659,1.199400,3.304848,0.000000,0.717901,1.000000,0.000000,0.000000,8.063448,inf,2737728,2737728,55872,,False,6.965818,6.965818,154.489796
575,88,88.000000,0.200050,0.079566,0.693124,0.635459,1.091835,1.228748,2.622374,0.000000,0.693124,1.000000,0.000000,0.000000,7.001819,inf,2458368,2458368,55872,,False,6.969271,6.969271,151.238636
576,96,96.000000,0.207481,0.079089,0.664843,0.591782,1.069833,1.232213,2.549887,0.000000,0.664843,1.000000,0.000000,0.000000,7.592559,inf,2681856,2681856,55872,,False,6.971807,6.971807,164.333333
577,83,83.000000,0.215465,0.083867,0.716590,0.682081,1.058945,1.186178,1.916097,0.000000,0.716590,1.000000,0.000000,0.000000,6.960985,inf,2318688,2318688,55872,,False,6.973658,6.973657,164.951807
578,88,88.000000,0.205741,0.084868,0.707546,0.624622,1.088835,1.366268,2.591332,0.000000,0.707546,1.000000,0.000000,0.000000,7.468358,inf,2458368,2458368,55872,,False,6.976742,6.976742,158.443182
579,103,103.000000,0.200427,0.072905,0.665220,0.591440,0.992248,1.199855,2.181196,0.000000,0.665220,1.000000,0.000000,0.000000,7.509188,inf,2877408,2877408,55872,,False,6.980730,6.980730,159.485437
580,108,108.000000,0.206740,0.067920,0.661159,0.637300,0.974987,1.085152,1.648410,0.000000,0.661159,1.000000,0.000000,0.000000,7.335387,inf,3017088,3017088,55872,,False,6.984561,6.984561,163.462963
581,95,95.000000,0.203542,0.073840,0.660359,0.564639,1.070838,1.180430,1.469473,0.000000,0.660359,1.000000,0.000000,0.000000,7.014764,inf,2653920,2653920,55872,,False,6.987088,6.987088,167.547368
582,101,101.000000,0.217025,0.075423,0.696177,0.617599,1.114229,1.269307,1.804855,0.000000,0.696177,1.000000,0.000000,0.000000,7.617711,inf,2821536,2821536,55872,,False,6.989728,6.989727,166.445545
583,90,90.000000,0.192922,0.082833,0.711419,0.656807,1.104851,1.272211,1.713398,0.000000,0.711419,1.000000,0.000000,0.000000,7.454981,inf,2514240,2514240,55872,,False,6.992487,6.992487,164.022222
584,97,97.000000,0.206722,0.072730,0.724576,0.680557,1.067262,1.157480,2.158957,0.000000,0.724576,1.000000,0.000000,0.000000,7.054823,inf,2709792,2709792,55872,,False,6.995225,6.995225,135.134021
585,100,100.000000,0.197105,0.075628,0.715118,0.656458,1.073145,1.304481,1.927276,0.000000,0.715118,1.000000,0.000000,0.000000,7.562780,inf,2793600,2793600,55872,,False,6.998737,6.998737,145.510000
586,84,84.000000,0.211236,0.080847,0.702446,0.619934,1.161572,1.317986,1.683014,0.000000,0.702446,1.000000,0.000000,0.000000,6.791133,inf,2346624,2346624,55872,,False,7.000800,7.000800,182.000000
587,77,77.000000,0.207498,0.083820,0.698526,0.605999,1.086090,1.230474,1.571116,0.000000,0.698526,1.000000,0.000000,0.000000,6.454115,inf,2151072,2151072,55872,,False,7.005036,7.005036,142.597403
588,97,97.000000,0.202741,0.081789,0.728972,0.629224,1.082919,1.382368,2.498145,0.000000,0.728972,1.000000,0.000000,0.000000,7.933509,inf,2709792,2709792,55872,,False,7.008471,7.008471,150.206186
589,85,85.000000,0.215747,0.076258,0.649757,0.591196,1.027340,1.235736,1.531178,0.000000,0.649757,1.000000,0.000000,0.000000,6.481905,inf,2374560,2374560,55872,,False,7.012439,7.012440,200.552941
590,88,88.000000,0.189644,0.074635,0.684017,0.679015,1.025245,1.121242,1.438937,0.000000,0.684017,1.000000,0.000000,0.000000,6.567895,inf,2458368,2458368,55872,,False,7.016102,7.016102,154.329545
591,95,95.000000,0.180485,0.075456,0.676425,0.600981,1.032623,1.302746,2.135560,0.000000,0.676425,1.000000,0.000000,0.000000,7.168332,inf,2653920,2653920,55872,,False,7.020009,7.020009,147.905263
592,94,94.000000,0.205368,0.071343,0.648675,0.559569,1.019654,1.301189,1.729690,0.000000,0.648675,1.000000,0.000000,0.000000,6.706276,inf,2625984,2625984,55872,,False,7.023515,7.023515,179.010638
593,101,101.000000,0.198107,0.079059,0.703481,0.627840,1.133040,1.245685,1.566097,0.000000,0.703481,1.000000,0.000000,0.000000,7.984915,inf,2821536,2821536,55872,,False,7.027053,7.027052,137.623762
594,84,84.000000,0.193942,0.079705,0.682006,0.619272,1.024745,1.337180,1.665708,0.000000,0.682006,1.000000,0.000000,0.000000,6.695246,inf,2346624,2346624,55872,,False,7.030159,7.030159,136.654762
595,96,96.000000,0.200546,0.079067,0.684700,0.656897,1.056099,1.246194,1.717556,0.000000,0.684700,1.000000,0.000000,0.000000,7.590435,inf,2681856,2681856,55872,,False,7.033264,7.033264,151.489583
596,104,104.000000,0.199534,0.072282,0.702315,0.683145,1.068806,1.158128,1.510675,0.000000,0.702315,1.000000,0.000000,0.000000,7.517343,inf,2905344,2905344,55872,,False,7.036209,7.036209,144.875000
597,109,109.000000,0.201234,0.064835,0.633731,0.593220,1.003131,1.123792,1.517176,0.000000,0.633731,1.000000,0.000000,0.000000,7.066968,inf,3045024,3045024,55872,,False,7.038968,7.038968,167.018349
598,95,95.000000,0.211868,0.083030,0.716121,0.640407,1.117175,1.401088,2.451605,0.000000,0.716121,1.000000,0.000000,0.000000,7.887860,inf,2653920,2653920,55872,,False,7.042017,7.042017,167.947368
599,97,97.000000,0.194477,0.070348,0.655059,0.599533,1.015686,1.156304,1.516394,0.000000,0.655059,1.000000,0.000000,0.000000,6.823731,inf,2709792,2709792,55872,,False,7.045069,7.045069,165.814433
600,105,105.000000,0.209998,0.072044,0.696847,0.639859,1.118010,1.230053,1.526723,0.000000,0.696847,1.000000,0.000000,0.000000,7.564656,inf,2933280,2933280,55872,,False,7.046995,7.046995,158.180952
601,104,104.000000,0.215592,0.069138,0.686753,0.641634,1.098428,1.187913,1.471641,0.000000,0.686753,1.000000,0.000000,0.000000,7.190334,inf,2905344,2905344,55872,,False,7.049696,7.049696,163.980769
602,95,95.000000,0.199930,0.078760,0.693583,0.665737,1.053179,1.204125,1.855565,0.000000,0.693583,1.000000,0.000000,0.000000,7.482180,inf,2653920,2653920,55872,,False,7.051708,7.051708,148.536842
603,85,85.000000,0.188043,0.073845,0.647269,0.616863,0.963390,1.094955,1.487520,0.000000,0.647269,1.000000,0.000000,0.000000,6.276784,inf,2374560,2374560,55872,,False,7.056143,7.056143,148.494118
604,95,95.000000,0.202538,0.083715,0.719997,0.661587,1.090005,1.270640,2.242221,0.000000,0.719997,1.000000,0.000000,0.000000,7.952938,inf,2653920,2653920,55872,,False,7.057652,7.057652,146.821053
605,113,113.000000,0.204899,0.070321,0.702209,0.639515,1.044738,1.276035,2.149841,0.000000,0.702209,1.000000,0.000000,0.000000,7.946240,inf,3156768,3156768,55872,,False,7.060305,7.060305,165.415929
606,92,92.000000,0.211206,0.078737,0.691718,0.639761,1.051298,1.228198,2.004941,0.000000,0.691718,1.000000,0.000000,0.000000,7.243802,inf,2570112,2570112,55872,,False,7.062438,7.062438,171.815217
607,97,97.000000,0.207996,0.077093,0.693891,0.638436,0.969074,1.296784,1.723339,0.000000,0.693891,1.000000,0.000000,0.000000,7.477981,inf,2709792,2709792,55872,,False,7.065083,7.065083,159.608247
608,87,87.000000,0.196197,0.085047,0.730905,0.691407,1.095854,1.234967,1.642407,0.000000,0.730905,1.000000,0.000000,0.000000,7.399053,inf,2430432,2430432,55872,,False,7.067642,7.067642,124.298851
609,84,84.000000,0.197823,0.081603,0.696668,0.657054,1.086424,1.162358,1.532915,0.000000,0.696668,1.000000,0.000000,0.000000,6.854668,inf,2346624,2346624,55872,,False,7.069881,7.069881,147.750000
610,96,96.000000,0.202461,0.078219,0.686089,0.586596,1.076758,1.294602,2.047438,0.000000,0.686089,1.000000,0.000000,0.000000,7.508986,inf,2681856,2681856,55872,,False,7.072859,7.072859,163.364583
611,109,109.000000,0.209999,0.066667,0.671887,0.601202,1.075685,1.207044,1.864531,0.000000,0.671887,1.000000,0.000000,0.000000,7.266688,inf,3045024,3045024,55872,,False,7.076132,7.076132,175.697248
612,91,91.000000,0.187324,0.074982,0.672759,0.631312,1.036821,1.102397,1.794127,0.000000,0.672759,1.000000,0.000000,0.000000,6.823368,inf,2542176,2542176,55872,,False,7.080661,7.080661,167.120879
613,82,82.000000,0.212799,0.078475,0.642823,0.599102,1.023415,1.117113,1.502585,0.000000,0.642823,1.000000,0.000000,0.000000,6.434935,inf,2290752,2290752,55872,,False,7.081599,7.081599,183.402439
614,92,92.000000,0.206802,0.081853,0.726799,0.680228,1.130610,1.219561,1.356469,0.000000,0.726799,1.000000,0.000000,0.000000,7.530439,inf,2570112,2570112,55872,,False,7.083659,7.083659,155.500000
615,92,92.000000,0.217955,0.082900,0.736665,0.685369,1.132668,1.281183,2.079955,0.000000,0.736665,1.000000,0.000000,0.000000,7.626781,inf,2570112,2570112,55872,,False,7.085437,7.085437,151.739130
616,96,96.000000,0.194047,0.072456,0.655107,0.625068,0.964565,1.039882,1.350675,0.000000,0.655107,1.000000,0.000000,0.000000,6.955783,inf,2681856,2681856,55872,,False,7.089616,7.089615,166.666667
617,85,85.000000,0.209210,0.082025,0.690667,0.627523,1.054114,1.228541,1.939085,0.000000,0.690667,1.000000,0.000000,0.000000,6.972139,inf,2374560,2374560,55872,,False,7.092344,7.092344,165.270588
618,86,86.000000,0.200870,0.084676,0.712765,0.618779,1.164849,1.299430,1.778172,0.000000,0.712765,1.000000,0.000000,0.000000,7.282164,inf,2402496,2402496,55872,,False,7.095510,7.095510,158.127907
619,101,101.000000,0.203021,0.072185,0.675766,0.618966,1.008378,1.159892,2.176011,0.000000,0.675766,1.000000,0.000000,0.000000,7.290733,inf,2821536,2821536,55872,,False,7.097325,7.097325,171.920792
620,89,89.000000,0.204456,0.084918,0.720915,0.682358,1.197680,1.528811,1.858464,0.000000,0.720915,1.000000,0.000000,0.000000,7.557699,inf,2486304,2486304,55872,,False,7.099895,7.099895,163.966292
621,102,102.000000,0.185677,0.078778,0.715141,0.649119,1.099300,1.297606,1.524691,0.000000,0.715141,1.000000,0.000000,0.000000,8.035350,inf,2849472,2849472,55872,,False,7.103365,7.103365,143.205882
622,88,88.000000,0.196148,0.076443,0.677592,0.620160,1.086895,1.256384,1.463773,0.000000,0.677592,1.000000,0.000000,0.000000,6.726983,inf,2458368,2458368,55872,,False,7.107400,7.107399,167.465909
623,102,102.000000,0.200912,0.069269,0.666705,0.588629,1.068878,1.226992,1.532167,0.000000,0.666705,1.000000,0.000000,0.000000,7.065450,inf,2849472,2849472,55872,,False,7.110373,7.110373,159.823529
624,99,99.000000,0.214614,0.078840,0.724223,0.682160,1.159885,1.277057,1.722052,0.000000,0.724223,1.000000,0.000000,0.000000,7.805116,inf,2765664,2765664,55872,,False,7.112327,7.112327,168.575758
625,107,107.000000,0.199629,0.069151,0.680101,0.662712,1.041499,1.185925,1.720484,0.000000,0.680101,1.000000,0.000000,0.000000,7.399204,inf,2989152,2989152,55872,,False,7.114301,7.114301,161.186916
626,87,87.000000,0.197193,0.076732,0.696999,0.683048,1.036218,1.081399,1.383974,0.000000,0.696999,1.000000,0.000000,0.000000,6.675667,inf,2430432,2430432,55872,,False,7.117495,7.117495,154.275862
627,103,103.000000,0.213694,0.079118,0.745941,0.679736,1.138769,1.385738,2.015056,0.000000,0.745941,1.000000,0.000000,0.000000,8.149190,inf,2877408,2877408,55872,,False,7.118376,7.118376,165.009709
628,74,74.000000,0.188664,0.088459,0.710524,0.661909,0.980590,1.235091,2.261203,0.000000,0.710524,1.000000,0.000000,0.000000,6.545973,inf,2067264,2067264,55872,,False,7.121548,7.121548,130.324324
629,106,106.000000,0.210005,0.079446,0.749922,0.712902,1.091316,1.287194,1.863336,0.000000,0.749922,1.000000,0.000000,0.000000,8.421224,inf,2961216,2961216,55872,,False,7.122650,7.122650,136.613208
630,85,85.000000,0.200860,0.087944,0.734911,0.679761,1.106149,1.279690,2.045856,0.000000,0.734911,1.000000,0.000000,0.000000,7.475245,inf,2374560,2374560,55872,,False,7.125546,7.125546,149.776471
631,93,93.000000,0.200852,0.081745,0.697645,0.637232,1.146715,1.269049,1.375826,0.000000,0.697645,1.000000,0.000000,0.000000,7.602274,inf,2598048,2598048,55872,,False,7.127095,7.127095,164.763441
632,97,97.000000,0.211772,0.079998,0.711543,0.632923,1.107239,1.228152,1.834787,0.000000,0.711543,1.000000,0.000000,0.000000,7.759794,inf,2709792,2709792,55872,,False,7.128108,7.128109,162.072165
633,88,88.000000,0.200402,0.082746,0.736329,0.628608,1.221829,1.370298,1.875821,0.000000,0.736329,1.000000,0.000000,0.000000,7.281639,inf,2458368,2458368,55872,,False,7.131048,7.131047,158.147727
634,102,102.000000,0.197476,0.071132,0.694069,0.647701,1.064986,1.234156,1.878847,0.000000,0.694069,1.000000,0.000000,0.000000,7.255426,inf,2849472,2849472,55872,,False,7.133547,7.133547,159.921569
635,97,97.000000,0.196976,0.079366,0.691518,0.593636,1.147265,1.286609,1.733353,0.000000,0.691518,1.000000,0.000000,0.000000,7.698498,inf,2709792,2709792,55872,,False,7.135682,7.135682,172.474227
636,92,92.000000,0.195894,0.076421,0.681515,0.639082,1.079023,1.132959,1.746528,0.000000,0.681515,1.000000,0.000000,0.000000,7.030704,inf,2570112,2570112,55872,,False,7.137203,7.137204,157.771739
637,87,87.000000,0.208231,0.092423,0.772185,0.693157,1.280717,1.492845,2.079781,0.000000,0.772185,1.000000,0.000000,0.000000,8.040814,inf,2430432,2430432,55872,,False,7.139313,7.139313,151.402299
638,87,87.000000,0.192786,0.088503,0.735470,0.645274,1.339000,1.490916,2.081274,0.000000,0.735470,1.000000,0.000000,0.000000,7.699769,inf,2430432,2430432,55872,,False,7.141456,7.141456,171.068966
639,79,79.000000,0.197143,0.091119,0.755561,0.712427,1.285468,1.396234,1.872741,0.000000,0.755561,1.000000,0.000000,0.000000,7.198427,inf,2206944,2206944,55872,,False,7.142827,7.142827,143.063291
640,93,93.000000,0.193982,0.078123,0.725553,0.664351,1.222725,1.328683,1.728898,0.000000,0.725553,1.000000,0.000000,0.000000,7.265449,inf,2598048,2598048,55872,,False,7.145283,7.145282,142.397849
641,102,102.000000,0.206116,0.076160,0.686989,0.632083,1.072489,1.148887,1.954734,0.000000,0.686989,1.000000,0.000000,0.000000,7.768342,inf,2849472,2849472,55872,,False,7.148134,7.148134,178.470588
642,94,94.000000,0.202386,0.080424,0.701472,0.648944,1.073784,1.195705,1.999203,0.000000,0.701472,1.000000,0.000000,0.000000,7.559847,inf,2625984,2625984,55872,,False,7.150630,7.150630,158.904255
643,87,87.000000,0.205086,0.083024,0.713209,0.681489,1.111673,1.222692,1.479132,0.000000,0.713209,1.000000,0.000000,0.000000,7.223094,inf,2430432,2430432,55872,,False,7.152383,7.152383,169.793103
644,111,111.000000,0.212433,0.067928,0.678677,0.639952,1.117617,1.186089,1.940950,0.000000,0.678677,1.000000,0.000000,0.000000,7.540023,inf,3100896,3100896,55872,,False,7.154934,7.154934,171.720721
645,94,94.000000,0.215106,0.074986,0.667187,0.583821,1.035181,1.171956,1.741822,0.000000,0.667187,1.000000,0.000000,0.000000,7.048658,inf,2625984,2625984,55872,,False,7.157449,7.157449,179.542553
646,97,97.000000,0.215612,0.073797,0.665483,0.623289,0.988865,1.122105,1.457730,0.000000,0.665483,1.000000,0.000000,0.000000,7.158286,inf,2709792,2709792,55872,,False,7.161018,7.161018,185.536082
647,76,76.000000,0.211090,0.082416,0.681192,0.639032,1.057712,1.150765,1.451194,0.000000,0.681192,1.000000,0.000000,0.000000,6.263580,inf,2123136,2123136,55872,,False,7.164248,7.164248,181.592105
648,86,86.000000,0.209640,0.089226,0.760498,0.697316,1.174808,1.326586,2.044571,0.000000,0.760498,1.000000,0.000000,0.000000,7.673469,inf,2402496,2402496,55872,,False,7.165386,7.165386,150.186047
649,103,103.000000,0.190526,0.074401,0.685891,0.641687,1.038023,1.221922,1.954121,0.000000,0.685891,1.000000,0.000000,0.000000,7.663287,inf,2877408,2877408,55872,,False,7.168472,7.168472,155.873786
650,101,101.000000,0.184876,0.072576,0.679092,0.641203,1.033584,1.085907,1.497732,0.000000,0.679092,1.000000,0.000000,0.000000,7.330146,inf,2821536,2821536,55872,,False,7.171695,7.171695,147.603960
651,93,93.000000,0.211167,0.078496,0.724716,0.669539,1.083222,1.226266,1.840508,0.000000,0.724716,1.000000,0.000000,0.000000,7.300154,inf,2598048,2598048,55872,,False,7.173479,7.173479,168.763441
652,104,104.000000,0.196308,0.067008,0.650314,0.606329,0.930619,1.144730,1.316882,0.000000,0.650314,1.000000,0.000000,0.000000,6.968832,inf,2905344,2905344,55872,,False,7.176823,7.176823,179.173077
653,97,97.000000,0.203027,0.074157,0.684827,0.618535,1.029655,1.306196,2.007751,0.000000,0.684827,1.000000,0.000000,0.000000,7.193221,inf,2709792,2709792,55872,,False,7.180359,7.180359,163.701031
654,111,111.000000,0.199858,0.067047,0.646419,0.645703,1.002925,1.093144,1.742290,0.000000,0.646419,1.000000,0.000000,0.000000,7.442225,inf,3100896,3100896,55872,,False,7.182992,7.182992,175.126126
655,82,82.000000,0.191527,0.087123,0.713864,0.667849,1.168143,1.218698,1.593390,0.000000,0.713864,1.000000,0.000000,0.000000,7.144064,inf,2290752,2290752,55872,,False,7.185786,7.185785,143.512195
656,79,79.000000,0.195000,0.074793,0.670510,0.620550,1.004784,1.062821,1.304212,0.000000,0.670510,1.000000,0.000000,0.000000,5.908671,inf,2206944,2206944,55872,,False,7.188576,7.188576,152.493671
657,96,96.000000,0.211972,0.071258,0.638995,0.612893,0.980435,1.100448,2.000268,0.000000,0.638995,1.000000,0.000000,0.000000,6.840787,inf,2681856,2681856,55872,,False,7.191170,7.191169,194.864583
658,80,80.000000,0.202315,0.086806,0.740476,0.672868,1.142463,1.352112,2.483806,0.000000,0.740476,1.000000,0.000000,0.000000,6.944506,inf,2234880,2234880,55872,,False,7.193802,7.193803,151.762500
659,95,95.000000,0.219253,0.079772,0.720210,0.649572,1.095899,1.281235,2.114280,0.000000,0.720210,1.000000,0.000000,0.000000,7.578350,inf,2653920,2653920,55872,,False,7.195003,7.195003,186.168421
660,106,106.000000,0.206164,0.076046,0.737199,0.714697,1.063060,1.257602,2.418088,0.000000,0.737199,1.000000,0.000000,0.000000,8.060870,inf,2961216,2961216,55872,,False,7.197181,7.197180,170.198113
661,83,83.000000,0.198126,0.080339,0.670505,0.654897,0.956594,1.096994,1.968411,0.000000,0.670505,1.000000,0.000000,0.000000,6.668102,inf,2318688,2318688,55872,,False,7.200311,7.200310,163.481928
662,104,104.000000,0.207855,0.075561,0.729223,0.667091,1.099485,1.223763,2.089657,0.000000,0.729223,1.000000,0.000000,0.000000,7.858366,inf,2905344,2905344,55872,,False,7.201381,7.201380,148.586538
663,83,83.000000,0.220657,0.091012,0.730318,0.638599,1.139806,1.260130,1.642116,0.000000,0.730318,1.000000,0.000000,0.000000,7.553994,inf,2318688,2318688,55872,,False,7.204093,7.204093,156.265060
664,91,91.000000,0.194099,0.078232,0.729864,0.658284,1.155915,1.461384,1.777421,0.000000,0.729864,1.000000,0.000000,0.000000,7.119157,inf,2542176,2542176,55872,,False,7.206118,7.206118,157.340659
665,92,92.000000,0.214101,0.083491,0.724022,0.670264,1.165012,1.445463,2.110452,0.000000,0.724022,1.000000,0.000000,0.000000,7.681204,inf,2570112,2570112,55872,,False,7.208847,7.208848,169.652174
666,84,84.000000,0.192865,0.089887,0.735525,0.646602,1.091865,1.340751,2.265599,0.000000,0.735525,1.000000,0.000000,0.000000,7.550548,inf,2346624,2346624,55872,,False,7.210896,7.210896,153.035714
667,93,93.000000,0.191858,0.079087,0.729856,0.695013,1.073906,1.167592,1.465247,0.000000,0.729856,1.000000,0.000000,0.000000,7.355059,inf,2598048,2598048,55872,,False,7.214255,7.214255,137.860215
668,91,91.000000,0.182606,0.083507,0.726354,0.662976,1.117252,1.385374,2.135822,0.000000,0.726354,1.000000,0.000000,0.000000,7.599116,inf,2542176,2542176,55872,,False,7.217116,7.217115,151.065934
669,85,85.000000,0.211779,0.080912,0.677911,0.659111,1.029047,1.145182,1.471011,0.000000,0.677911,1.000000,0.000000,0.000000,6.877515,inf,2374560,2374560,55872,,False,7.219736,7.219736,171.941176
670,106,106.000000,0.192978,0.077445,0.731022,0.637889,1.200624,1.502334,1.798305,0.000000,0.731022,1.000000,0.000000,0.000000,8.209210,inf,2961216,2961216,55872,,False,7.220979,7.220979,149.047170
671,108,108.000000,0.194016,0.069490,0.668164,0.619605,1.023838,1.135408,2.122361,0.000000,0.668164,1.000000,0.000000,0.000000,7.504871,inf,3017088,3017088,55872,,False,7.225002,7.225002,176.574074
672,90,90.000000,0.204439,0.076702,0.692003,0.612254,1.130272,1.283323,1.646152,0.000000,0.692003,1.000000,0.000000,0.000000,6.903220,inf,2514240,2514240,55872,,False,7.226519,7.226520,172.166667
673,76,76.000000,0.199554,0.092952,0.732351,0.628880,1.160667,1.429613,1.833097,0.000000,0.732351,1.000000,0.000000,0.000000,7.064348,inf,2123136,2123136,55872,,False,7.229177,7.229177,160.157895
674,87,87.000000,0.200318,0.075444,0.626705,0.560646,0.961815,1.128996,2.035292,0.000000,0.626705,1.000000,0.000000,0.000000,6.563598,inf,2430432,2430432,55872,,False,7.232143,7.232142,185.218391
675,100,100.000000,0.188976,0.077254,0.725615,0.684904,1.141408,1.285231,1.539327,0.000000,0.725615,1.000000,0.000000,0.000000,7.725420,inf,2793600,2793600,55872,,False,7.235355,7.235354,146.390000
676,96,96.000000,0.191959,0.071779,0.673614,0.656678,0.941536,1.081983,1.591654,0.000000,0.673614,1.000000,0.000000,0.000000,6.890761,inf,2681856,2681856,55872,,False,7.239462,7.239462,159.083333
677,91,91.000000,0.217772,0.089370,0.756158,0.708722,1.162648,1.252542,2.536754,0.000000,0.756158,1.000000,0.000000,0.000000,8.132714,inf,2542176,2542176,55872,,False,7.241825,7.241825,154.384615
678,90,90.000000,0.196674,0.079780,0.717260,0.696628,1.100289,1.252174,1.451042,0.000000,0.717260,1.000000,0.000000,0.000000,7.180205,inf,2514240,2514240,55872,,False,7.244476,7.244476,145.733333
679,86,86.000000,0.200018,0.079562,0.716604,0.649762,1.102608,1.246148,2.116763,0.000000,0.716604,1.000000,0.000000,0.000000,6.842336,inf,2402496,2402496,55872,,False,7.246542,7.246542,168.116279
680,79,79.000000,0.207212,0.085461,0.759893,0.732256,1.154345,1.206558,1.873934,0.000000,0.759893,1.000000,0.000000,0.000000,6.751441,inf,2206944,2206944,55872,,False,7.248171,7.248171,148.544304
681,103,103.000000,0.201514,0.075102,0.689223,0.618884,1.173001,1.309412,1.780387,0.000000,0.689223,1.000000,0.000000,0.000000,7.735464,inf,2877408,2877408,55872,,False,7.250276,7.250277,180.679612
682,83,83.000000,0.211093,0.084501,0.694556,0.644770,1.086543,1.189091,1.941436,0.000000,0.694556,1.000000,0.000000,0.000000,7.013593,inf,2318688,2318688,55872,,False,7.252110,7.252110,184.204819
683,97,97.000000,0.203287,0.076682,0.705559,0.663610,1.049956,1.128041,1.860401,0.000000,0.705559,1.000000,0.000000,0.000000,7.438148,inf,2709792,2709792,55872,,False,7.254810,7.254810,149.659794
684,95,95.000000,0.205557,0.082220,0.727681,0.679827,1.070586,1.249789,2.002930,0.000000,0.727681,1.000000,0.000000,0.000000,7.810879,inf,2653920,2653920,55872,,False,7.256774,7.256774,173.273684
685,116,116.000000,0.213293,0.065343,0.676756,0.640516,1.044966,1.194249,1.627375,0.000000,0.676756,1.000000,0.000000,0.000000,7.579778,inf,3240576,3240576,55872,,False,7.258744,7.258744,179.939655
686,95,95.000000,0.201415,0.087640,0.758508,0.688106,1.136198,1.311161,3.163299,0.000000,0.758508,1.000000,0.000000,0.000000,8.325776,inf,2653920,2653920,55872,,False,7.261673,7.261673,151.431579
687,86,86.000000,0.187352,0.084010,0.725131,0.650895,1.192798,1.365691,1.976762,0.000000,0.725131,1.000000,0.000000,0.000000,7.224877,inf,2402496,2402496,55872,,False,7.263993,7.263993,169.581395
688,97,97.000000,0.198707,0.077636,0.681513,0.597670,1.049167,1.183619,1.936347,0.000000,0.681513,1.000000,0.000000,0.000000,7.530693,inf,2709792,2709792,55872,,False,7.266795,7.266795,189.309278
689,86,86.000000,0.186186,0.088665,0.792188,0.721434,1.186584,1.320862,2.282396,0.000000,0.792188,1.000000,0.000000,0.000000,7.625216,inf,2402496,2402496,55872,,False,7.269258,7.269258,122.941860
690,90,90.000000,0.186926,0.073740,0.690162,0.680314,0.988054,1.044277,1.141124,0.000000,0.690162,1.000000,0.000000,0.000000,6.636561,inf,2514240,2514240,55872,,False,7.272334,7.272334,160.100000
691,97,97.000000,0.213394,0.074261,0.693467,0.657670,1.087022,1.180510,1.480667,0.000000,0.693467,1.000000,0.000000,0.000000,7.203272,inf,2709792,2709792,55872,,False,7.273674,7.273674,173.670103
692,96,96.000000,0.199293,0.095278,0.759440,0.713129,1.093976,1.187547,4.950708,0.000000,0.759440,1.000000,0.000000,0.000000,9.146677,inf,2681856,2681856,55872,,False,7.275359,7.275359,158.177083
693,85,85.000000,0.195867,0.092557,0.751714,0.666632,1.231113,1.410923,1.881388,0.000000,0.751714,1.000000,0.000000,0.000000,7.867315,inf,2374560,2374560,55872,,False,7.278381,7.278381,142.976471
694,108,108.000000,0.202258,0.077821,0.717323,0.631422,1.267189,1.388317,1.851236,0.000000,0.717323,1.000000,0.000000,0.000000,8.404645,inf,3017088,3017088,55872,,False,7.281186,7.281186,164.203704
695,94,94.000000,0.215072,0.078739,0.709839,0.662745,1.065400,1.182136,1.748800,0.000000,0.709839,1.000000,0.000000,0.000000,7.401426,inf,2625984,2625984,55872,,False,7.282574,7.282574,174.787234
696,98,98.000000,0.205810,0.102398,0.839427,0.741980,1.281716,1.422003,3.373103,0.000000,0.839427,1.000000,0.000000,0.000000,10.034989,inf,2737728,2737728,55872,,False,7.284201,7.284202,140.897959
697,92,92.000000,0.179705,0.082405,0.709325,0.692463,1.127171,1.230342,1.566094,0.000000,0.709325,1.000000,0.000000,0.000000,7.581250,inf,2570112,2570112,55872,,False,7.287670,7.287670,159.423913
698,97,97.000000,0.184782,0.082459,0.761707,0.710268,1.140267,1.258926,1.828164,0.000000,0.761707,1.000000,0.000000,0.000000,7.998536,inf,2709792,2709792,55872,,False,7.291416,7.291416,130.206186
699,87,87.000000,0.197290,0.081072,0.737239,0.671079,1.178533,1.326116,1.907273,0.000000,0.737239,1.000000,0.000000,0.000000,7.053267,inf,2430432,2430432,55872,,False,7.294758,7.294759,159.816092
700,79,79.000000,0.200401,0.084297,0.710316,0.659739,1.076224,1.314508,1.863312,0.000000,0.710316,1.000000,0.000000,0.000000,6.659492,inf,2206944,2206944,55872,,False,7.297562,7.297562,173.291139
701,89,89.000000,0.183539,0.072073,0.659915,0.591487,0.976063,1.133184,1.441502,0.000000,0.659915,1.000000,0.000000,0.000000,6.414488,inf,2486304,2486304,55872,,False,7.302044,7.302043,168.146067
702,97,97.000000,0.212351,0.076854,0.702695,0.646004,1.050917,1.226172,1.576908,0.000000,0.702695,1.000000,0.000000,0.000000,7.454862,inf,2709792,2709792,55872,,False,7.304330,7.304330,176.443299
703,95,95.000000,0.200199,0.075344,0.664395,0.599000,0.987108,1.054791,1.922409,0.000000,0.664395,1.000000,0.000000,0.000000,7.157670,inf,2653920,2653920,55872,,False,7.307137,7.307137,178.263158
704,85,85.000000,0.196550,0.080584,0.666094,0.623588,0.975483,1.138643,1.811737,0.000000,0.666094,1.000000,0.000000,0.000000,6.849662,inf,2374560,2374560,55872,,False,7.309611,7.309611,178.305882
705,95,95.000000,0.194869,0.080848,0.714344,0.590899,1.277895,1.512888,1.991732,0.000000,0.714344,1.000000,0.000000,0.000000,7.680575,inf,2653920,2653920,55872,,False,7.311674,7.311674,165.178947
706,99,99.000000,0.199220,0.093974,0.787725,0.702878,1.212151,1.574606,2.667411,0.000000,0.787725,1.000000,0.000000,0.000000,9.303467,inf,2765664,2765664,55872,,False,7.314432,7.314432,141.555556
707,99,99.000000,0.189247,0.080193,0.706708,0.664730,1.123790,1.263765,1.705909,0.000000,0.706708,1.000000,0.000000,0.000000,7.939093,inf,2765664,2765664,55872,,False,7.316963,7.316963,163.101010
708,96,96.000000,0.188857,0.077418,0.708250,0.684530,1.059287,1.166876,1.910222,0.000000,0.708250,1.000000,0.000000,0.000000,7.432140,inf,2681856,2681856,55872,,False,7.320041,7.320041,153.968750
709,96,96.000000,0.195323,0.083762,0.727302,0.654794,1.130969,1.509706,1.859691,0.000000,0.727302,1.000000,0.000000,0.000000,8.041180,inf,2681856,2681856,55872,,False,7.323259,7.323259,172.135417
710,97,97.000000,0.198984,0.075813,0.698927,0.624089,1.110885,1.279699,1.801536,0.000000,0.698927,1.000000,0.000000,0.000000,7.353856,inf,2709792,2709792,55872,,False,7.326012,7.326012,165.412371
711,82,82.000000,0.185444,0.081541,0.670296,0.629178,1.016332,1.203098,1.848632,0.000000,0.670296,1.000000,0.000000,0.000000,6.686395,inf,2290752,2290752,55872,,False,7.329492,7.329491,158.414634
712,99,99.000000,0.197227,0.077849,0.708045,0.647530,1.118149,1.248466,2.561384,0.000000,0.708045,1.000000,0.000000,0.000000,7.707090,inf,2765664,2765664,55872,,False,7.332765,7.332764,169.353535
713,92,92.000000,0.178164,0.080190,0.693731,0.618846,1.128507,1.265856,1.535882,0.000000,0.693731,1.000000,0.000000,0.000000,7.377520,inf,2570112,2570112,55872,,False,7.336741,7.336741,145.532609
714,92,92.000000,0.193382,0.077003,0.694723,0.680324,0.985486,1.115568,1.233484,0.000000,0.694723,1.000000,0.000000,0.000000,7.084305,inf,2570112,2570112,55872,,False,7.339657,7.339657,164.902174
715,91,91.000000,0.198963,0.093331,0.785590,0.733557,1.303648,1.502502,2.018197,0.000000,0.785590,1.000000,0.000000,0.000000,8.493086,inf,2542176,2542176,55872,,False,7.341911,7.341911,131.637363
716,89,89.000000,0.191584,0.081306,0.704844,0.682495,1.089709,1.167888,1.557384,0.000000,0.704844,1.000000,0.000000,0.000000,7.236262,inf,2486304,2486304,55872,,False,7.344788,7.344789,162.303371
717,93,93.000000,0.179999,0.082763,0.716333,0.672009,1.105956,1.161866,1.856933,0.000000,0.716333,1.000000,0.000000,0.000000,7.696924,inf,2598048,2598048,55872,,False,7.348000,7.348000,156.827957
718,101,101.000000,0.186370,0.087558,0.771930,0.707245,1.287368,1.364991,2.246217,0.000000,0.771930,1.000000,0.000000,0.000000,8.843355,inf,2821536,2821536,55872,,False,7.349805,7.349805,138.693069
719,91,91.000000,0.193315,0.072433,0.659730,0.611838,1.041778,1.138845,1.387012,0.000000,0.659730,1.000000,0.000000,0.000000,6.591419,inf,2542176,2542176,55872,,False,7.352865,7.352866,167.571429
720,86,86.000000,0.191186,0.080631,0.682721,0.584428,0.971611,1.245121,1.981298,0.000000,0.682721,1.000000,0.000000,0.000000,6.934282,inf,2402496,2402496,55872,,False,7.356537,7.356537,176.906977
721,89,89.000000,0.190495,0.087322,0.714918,0.663971,1.061117,1.358289,2.300991,0.000000,0.714918,1.000000,0.000000,0.000000,7.771699,inf,2486304,2486304,55872,,False,7.358088,7.358088,159.808989
722,105,105.000000,0.196244,0.076680,0.724419,0.694853,1.087212,1.216098,1.777472,0.000000,0.724419,1.000000,0.000000,0.000000,8.051450,inf,2933280,2933280,55872,,False,7.360820,7.360820,166.047619
723,92,92.000000,0.200347,0.080893,0.721430,0.687965,1.092753,1.333622,2.277863,0.000000,0.721430,1.000000,0.000000,0.000000,7.442126,inf,2570112,2570112,55872,,False,7.363307,7.363307,176.119565
724,99,99.000000,0.193535,0.079695,0.718247,0.656180,1.018339,1.222945,1.965979,0.000000,0.718247,1.000000,0.000000,0.000000,7.889853,inf,2765664,2765664,55872,,False,7.365571,7.365571,163.000000
725,83,83.000000,0.197210,0.090200,0.754905,0.759881,1.131349,1.358079,1.771003,0.000000,0.754905,1.000000,0.000000,0.000000,7.486628,inf,2318688,2318688,55872,,False,7.367453,7.367453,154.626506
726,76,76.000000,0.179861,0.093709,0.716954,0.667207,1.071396,1.316602,2.613562,0.000000,0.716954,1.000000,0.000000,0.000000,7.121886,inf,2123136,2123136,55872,,False,7.371199,7.371199,162.065789
727,104,104.000000,0.196735,0.075729,0.722012,0.686639,1.113557,1.184043,1.974373,0.000000,0.722012,1.000000,0.000000,0.000000,7.875851,inf,2905344,2905344,55872,,False,7.373671,7.373671,161.269231
728,85,85.000000,0.198690,0.073237,0.645327,0.613384,1.003935,1.178811,1.567282,0.000000,0.645327,1.000000,0.000000,0.000000,6.225181,inf,2374560,2374560,55872,,False,7.377136,7.377136,190.682353
729,88,88.000000,0.190287,0.088617,0.751639,0.702250,1.125221,1.389773,1.910096,0.000000,0.751639,1.000000,0.000000,0.000000,7.798323,inf,2458368,2458368,55872,,False,7.378441,7.378440,145.727273
730,94,94.000000,0.186623,0.077264,0.689381,0.648951,1.030152,1.114656,1.492589,0.000000,0.689381,1.000000,0.000000,0.000000,7.262848,inf,2625984,2625984,55872,,False,7.381641,7.381641,149.936170
731,87,87.000000,0.204604,0.084194,0.716803,0.657451,1.116181,1.363330,2.392391,0.000000,0.716803,1.000000,0.000000,0.000000,7.324860,inf,2430432,2430432,55872,,False,7.383076,7.383076,156.126437
732,103,103.000000,0.199099,0.078348,0.745708,0.734635,1.095854,1.198514,1.564938,0.000000,0.745708,1.000000,0.000000,0.000000,8.069890,inf,2877408,2877408,55872,,False,7.385810,7.385810,134.466019
733,103,103.000000,0.177337,0.078679,0.709481,0.674371,1.022205,1.231842,1.659444,0.000000,0.709481,1.000000,0.000000,0.000000,8.103923,inf,2877408,2877408,55872,,False,7.389372,7.389372,162.601942
734,95,95.000000,0.192120,0.084910,0.739848,0.687644,1.217696,1.485534,1.766688,0.000000,0.739848,1.000000,0.000000,0.000000,8.066464,inf,2653920,2653920,55872,,False,7.390481,7.390480,149.652632
735,85,85.000000,0.198459,0.087894,0.755702,0.692174,1.208957,1.294380,1.688481,0.000000,0.755702,1.000000,0.000000,0.000000,7.470989,inf,2374560,2374560,55872,,False,7.392140,7.392140,153.505882
736,102,102.000000,0.176671,0.080110,0.764230,0.688591,1.161969,1.230657,2.216344,0.000000,0.764230,1.000000,0.000000,0.000000,8.171231,inf,2849472,2849472,55872,,False,7.394930,7.394930,142.323529
737,84,84.000000,0.193397,0.086276,0.698240,0.629380,1.061598,1.256443,2.078439,0.000000,0.698240,1.000000,0.000000,0.000000,7.247188,inf,2346624,2346624,55872,,False,7.397779,7.397779,170.785714
738,87,87.000000,0.195690,0.083183,0.757433,0.688270,1.178295,1.334820,2.089110,0.000000,0.757433,1.000000,0.000000,0.000000,7.236880,inf,2430432,2430432,55872,,False,7.399903,7.399903,156.586207
739,90,90.000000,0.208261,0.085866,0.742194,0.653614,1.137827,1.373793,2.161483,0.000000,0.742194,1.000000,0.000000,0.000000,7.727965,inf,2514240,2514240,55872,,False,7.400759,7.400759,162.088889
740,95,95.000000,0.184467,0.081855,0.711210,0.636814,1.011514,1.146474,2.416007,0.000000,0.711210,1.000000,0.000000,0.000000,7.776272,inf,2653920,2653920,55872,,False,7.403842,7.403842,177.842105
741,101,101.000000,0.197356,0.074836,0.686430,0.631431,1.024221,1.111922,1.731641,0.000000,0.686430,1.000000,0.000000,0.000000,7.558441,inf,2821536,2821536,55872,,False,7.406767,7.406768,168.118812
742,89,89.000000,0.207001,0.091918,0.767729,0.713401,1.187470,1.414123,2.448029,0.000000,0.767729,1.000000,0.000000,0.000000,8.180679,inf,2486304,2486304,55872,,False,7.407776,7.407776,148.584270
743,87,87.000000,0.184422,0.082210,0.703767,0.655283,1.062610,1.247812,1.433014,0.000000,0.703767,1.000000,0.000000,0.000000,7.152254,inf,2430432,2430432,55872,,False,7.411001,7.411001,174.655172
744,96,96.000000,0.188483,0.073457,0.686550,0.621276,0.984746,1.125482,1.781281,0.000000,0.686550,1.000000,0.000000,0.000000,7.051906,inf,2681856,2681856,55872,,False,7.413947,7.413947,172.510417
745,94,94.000000,0.203895,0.094583,0.791474,0.673938,1.289085,1.485610,2.969760,0.000000,0.791474,1.000000,0.000000,0.000000,8.890757,inf,2625984,2625984,55872,,False,7.416150,7.416150,187.053191
746,91,91.000000,0.193510,0.079414,0.722924,0.647908,1.132442,1.351288,1.577555,0.000000,0.722924,1.000000,0.000000,0.000000,7.226652,inf,2542176,2542176,55872,,False,7.419400,7.419401,170.868132
747,103,103.000000,0.205764,0.080600,0.747987,0.694674,1.112274,1.362932,3.007306,0.000000,0.747987,1.000000,0.000000,0.000000,8.301842,inf,2877408,2877408,55872,,False,7.422049,7.422049,161.184466
748,105,105.000000,0.198575,0.075499,0.668255,0.623960,1.030303,1.148418,1.578255,0.000000,0.668255,1.000000,0.000000,0.000000,7.927345,inf,2933280,2933280,55872,,False,7.425683,7.425682,179.247619
749,68,68.000000,0.180703,0.099415,0.712835,0.591916,1.275529,1.740462,2.217704,0.000000,0.712835,1.000000,0.000000,0.000000,6.760238,inf,1899648,1899648,55872,,False,7.429241,7.429241,156.205882
750,109,109.000000,0.191454,0.076713,0.710397,0.645500,1.118731,1.182382,1.697174,0.000000,0.710397,1.000000,0.000000,0.000000,8.361743,inf,3045024,3045024,55872,,False,7.432018,7.432018,161.440367
751,90,90.000000,0.177435,0.076349,0.712922,0.617859,1.074819,1.175844,2.152207,0.000000,0.712922,1.000000,0.000000,0.000000,6.871453,inf,2514240,2514240,55872,,False,7.435691,7.435691,150.333333
752,97,97.000000,0.197711,0.078910,0.702661,0.664625,1.065869,1.123297,1.706767,0.000000,0.702661,1.000000,0.000000,0.000000,7.654291,inf,2709792,2709792,55872,,False,7.438373,7.438373,154.773196
753,103,103.000000,0.184473,0.077752,0.713650,0.688872,1.092522,1.376958,1.948505,0.000000,0.713650,1.000000,0.000000,0.000000,8.008471,inf,2877408,2877408,55872,,False,7.441400,7.441400,150.504854
754,99,99.000000,0.189251,0.075682,0.713773,0.666204,1.067533,1.267207,2.008098,0.000000,0.713773,1.000000,0.000000,0.000000,7.492471,inf,2765664,2765664,55872,,False,7.444061,7.444061,155.535354
755,111,111.000000,0.187648,0.077770,0.716130,0.631907,1.106854,1.447258,1.868108,0.000000,0.716130,1.000000,0.000000,0.000000,8.632522,inf,3100896,3100896,55872,,False,7.448034,7.448034,156.450450
756,96,96.000000,0.199927,0.080231,0.724330,0.674532,1.026722,1.154763,1.875375,0.000000,0.724330,1.000000,0.000000,0.000000,7.702148,inf,2681856,2681856,55872,,False,7.449470,7.449471,159.239583
757,95,95.000000,0.196241,0.075158,0.682869,0.626490,1.023678,1.213673,1.712572,0.000000,0.682869,1.000000,0.000000,0.000000,7.140044,inf,2653920,2653920,55872,,False,7.453145,7.453145,168.431579
758,110,110.000000,0.191697,0.071797,0.717044,0.650738,1.117249,1.197339,2.029137,0.000000,0.717044,1.000000,0.000000,0.000000,7.897634,inf,3072960,3072960,55872,,False,7.454987,7.454986,173.381818
759,98,98.000000,0.186940,0.079254,0.705297,0.684915,1.112757,1.227162,1.790282,0.000000,0.705297,1.000000,0.000000,0.000000,7.766903,inf,2737728,2737728,55872,,False,7.457908,7.457908,147.663265
760,89,89.000000,0.191872,0.089432,0.743018,0.653224,1.154416,1.424846,3.671770,0.000000,0.743018,1.000000,0.000000,0.000000,7.959471,inf,2486304,2486304,55872,,False,7.460178,7.460178,171.382022
761,79,79.000000,0.217141,0.089442,0.735406,0.685887,1.171200,1.253588,1.766376,0.000000,0.735406,1.000000,0.000000,0.000000,7.065909,inf,2206944,2206944,55872,,False,7.461802,7.461802,174.101266
762,94,94.000000,0.191327,0.074332,0.680196,0.651845,1.003712,1.186744,1.354374,0.000000,0.680196,1.000000,0.000000,0.000000,6.987175,inf,2625984,2625984,55872,,False,7.464886,7.464886,168.861702
763,102,102.000000,0.185915,0.088188,0.767092,0.686193,1.148102,1.523241,2.773090,0.000000,0.767092,1.000000,0.000000,0.000000,8.995167,inf,2849472,2849472,55872,,False,7.467255,7.467256,158.617647
764,103,103.000000,0.207550,0.082556,0.742191,0.672882,1.116321,1.439262,2.268858,0.000000,0.742191,1.000000,0.000000,0.000000,8.503257,inf,2877408,2877408,55872,,False,7.469903,7.469903,178.427184
765,92,92.000000,0.188666,0.080463,0.735272,0.699209,1.085464,1.269317,2.276796,0.000000,0.735272,1.000000,0.000000,0.000000,7.402601,inf,2570112,2570112,55872,,False,7.472907,7.472907,148.891304
766,104,104.000000,0.206887,0.079088,0.759944,0.664362,1.165163,1.421721,1.952620,0.000000,0.759944,1.000000,0.000000,0.000000,8.225122,inf,2905344,2905344,55872,,False,7.475427,7.475427,170.269231
767,91,91.000000,0.179173,0.081533,0.717071,0.684887,1.133015,1.240273,1.366404,0.000000,0.717071,1.000000,0.000000,0.000000,7.419527,inf,2542176,2542176,55872,,False,7.478692,7.478692,154.252747
768,94,94.000000,0.197324,0.081021,0.689995,0.654375,1.075421,1.224452,1.780270,0.000000,0.689995,1.000000,0.000000,0.000000,7.615940,inf,2625984,2625984,55872,,False,7.481317,7.481317,188.840426
769,94,94.000000,0.173595,0.087426,0.756186,0.692504,1.164140,1.372637,2.156962,0.000000,0.756186,1.000000,0.000000,0.000000,8.218073,inf,2625984,2625984,55872,,False,7.484879,7.484879,140.574468
770,88,88.000000,0.186151,0.083370,0.711272,0.631526,1.075500,1.232230,1.805171,0.000000,0.711272,1.000000,0.000000,0.000000,7.336589,inf,2458368,2458368,55872,,False,7.486566,7.486566,155.477273
771,71,71.000000,0.177511,0.105190,0.802570,0.750063,1.328771,1.762722,2.259591,0.000000,0.802570,1.000000,0.000000,0.000000,7.468514,inf,1983456,1983456,55872,,False,7.490416,7.490416,142.450704
772,91,91.000000,0.181783,0.080890,0.723213,0.658211,1.078179,1.319237,2.197611,0.000000,0.723213,1.000000,0.000000,0.000000,7.361021,inf,2542176,2542176,55872,,False,7.493827,7.493826,162.659341
773,94,94.000000,0.184186,0.082346,0.710446,0.634804,1.082575,1.306617,1.816375,0.000000,0.710446,1.000000,0.000000,0.000000,7.740557,inf,2625984,2625984,55872,,False,7.496721,7.496721,161.797872
774,98,98.000000,0.196653,0.082893,0.716772,0.647727,1.156259,1.274049,1.931342,0.000000,0.716772,1.000000,0.000000,0.000000,8.123474,inf,2737728,2737728,55872,,False,7.499138,7.499138,176.693878
775,93,93.000000,0.188500,0.085827,0.756528,0.730621,1.157808,1.273727,1.659594,0.000000,0.756528,1.000000,0.000000,0.000000,7.981922,inf,2598048,2598048,55872,,False,7.502870,7.502870,151.677419
776,90,90.000000,0.183743,0.078629,0.705156,0.663484,1.104680,1.288113,1.526847,0.000000,0.705156,1.000000,0.000000,0.000000,7.076599,inf,2514240,2514240,55872,,False,7.505730,7.505731,163.022222
777,94,94.000000,0.183073,0.078902,0.726412,0.717638,1.148695,1.266789,1.898874,0.000000,0.726412,1.000000,0.000000,0.000000,7.416821,inf,2625984,2625984,55872,,False,7.508897,7.508897,158.329787
778,105,105.000000,0.196478,0.067540,0.652916,0.582460,0.995910,1.199833,1.499860,0.000000,0.652916,1.000000,0.000000,0.000000,7.091728,inf,2933280,2933280,55872,,False,7.512138,7.512138,167.990476
779,94,94.000000,0.187662,0.092278,0.779727,0.691911,1.296402,1.397631,2.013867,0.000000,0.779727,1.000000,0.000000,0.000000,8.674098,inf,2625984,2625984,55872,,False,7.514391,7.514392,147.404255
780,82,82.000000,0.194673,0.089291,0.763369,0.671903,1.178278,1.319418,1.692723,0.000000,0.763369,1.000000,0.000000,0.000000,7.321832,inf,2290752,2290752,55872,,False,7.517983,7.517983,150.560976
781,108,108.000000,0.189144,0.078634,0.746291,0.692105,1.180450,1.450795,2.017616,0.000000,0.746291,1.000000,0.000000,0.000000,8.492422,inf,3017088,3017088,55872,,False,7.520025,7.520025,160.453704
782,87,87.000000,0.192861,0.083813,0.711766,0.665761,1.073365,1.179074,2.034180,0.000000,0.711766,1.000000,0.000000,0.000000,7.291704,inf,2430432,2430432,55872,,False,7.522585,7.522585,149.344828
783,75,75.000000,0.198242,0.088856,0.706600,0.642605,1.061865,1.249833,2.201849,0.000000,0.706600,1.000000,0.000000,0.000000,6.664201,inf,2095200,2095200,55872,,False,7.525351,7.525351,177.573333
784,95,95.000000,0.200637,0.083914,0.752175,0.664121,1.151424,1.356594,1.993508,0.000000,0.752175,1.000000,0.000000,0.000000,7.971794,inf,2653920,2653920,55872,,False,7.526621,7.526621,165.157895
785,100,100.000000,0.187426,0.075703,0.692011,0.647184,1.038234,1.226995,1.424186,0.000000,0.692011,1.000000,0.000000,0.000000,7.570346,inf,2793600,2793600,55872,,False,7.529850,7.529850,179.350000
786,99,99.000000,0.202838,0.074237,0.712512,0.673438,1.083886,1.150684,1.446598,0.000000,0.712512,1.000000,0.000000,0.000000,7.349438,inf,2765664,2765664,55872,,False,7.532885,7.532885,168.303030
787,101,101.000000,0.192303,0.074775,0.731111,0.694528,1.101002,1.315194,2.130805,0.000000,0.731111,1.000000,0.000000,0.000000,7.552253,inf,2821536,2821536,55872,,False,7.535283,7.535283,155.564356
788,92,92.000000,0.177183,0.084100,0.718797,0.666782,1.160899,1.270307,2.042027,0.000000,0.718797,1.000000,0.000000,0.000000,7.737169,inf,2570112,2570112,55872,,False,7.537915,7.537914,161.847826
789,101,101.000000,0.196714,0.081964,0.714447,0.607258,1.115171,1.313517,2.891513,0.000000,0.714447,1.000000,0.000000,0.000000,8.278339,inf,2821536,2821536,55872,,False,7.539838,7.539838,187.019802
790,103,103.000000,0.199119,0.076781,0.700898,0.662405,1.124132,1.290010,1.506058,0.000000,0.700898,1.000000,0.000000,0.000000,7.908406,inf,2877408,2877408,55872,,False,7.542573,7.542572,190.980583
791,88,88.000000,0.179613,0.084433,0.721014,0.665339,1.080770,1.203445,1.927223,0.000000,0.721014,1.000000,0.000000,0.000000,7.430073,inf,2458368,2458368,55872,,False,7.545711,7.545710,160.818182
792,97,97.000000,0.203712,0.082752,0.764740,0.704071,1.152981,1.504388,2.088883,0.000000,0.764740,1.000000,0.000000,0.000000,8.026928,inf,2709792,2709792,55872,,False,7.547665,7.547665,170.371134
793,97,97.000000,0.179315,0.082400,0.737339,0.676975,1.104507,1.304743,2.244118,0.000000,0.737339,1.000000,0.000000,0.000000,7.992846,inf,2709792,2709792,55872,,False,7.550124,7.550124,156.711340
794,95,95.000000,0.194259,0.084142,0.759926,0.693742,1.171868,1.337810,1.884603,0.000000,0.759926,1.000000,0.000000,0.000000,7.993474,inf,2653920,2653920,55872,,False,7.553103,7.553103,145.568421
795,87,87.000000,0.180367,0.087036,0.723062,0.665250,1.045672,1.146449,2.485905,0.000000,0.723062,1.000000,0.000000,0.000000,7.572151,inf,2430432,2430432,55872,,False,7.556255,7.556255,155.126437
796,94,94.000000,0.207494,0.080275,0.762745,0.714534,1.175981,1.366631,1.724034,0.000000,0.762745,1.000000,0.000000,0.000000,7.545860,inf,2625984,2625984,55872,,False,7.559016,7.559016,172.542553
797,87,87.000000,0.190825,0.085155,0.743457,0.718894,1.074740,1.111938,2.181811,0.000000,0.743457,1.000000,0.000000,0.000000,7.408500,inf,2430432,2430432,55872,,False,7.561773,7.561773,149.505747
798,90,90.000000,0.186765,0.085682,0.779860,0.740123,1.129897,1.222031,1.392853,0.000000,0.779860,1.000000,0.000000,0.000000,7.711375,inf,2514240,2514240,55872,,False,7.564923,7.564923,121.722222
799,88,88.000000,0.204320,0.083114,0.713903,0.630797,1.026203,1.513935,2.210656,0.000000,0.713903,1.000000,0.000000,0.000000,7.314021,inf,2458368,2458368,55872,,False,7.568065,7.568066,180.056818
800,81,81.000000,0.187586,0.091629,0.727838,0.595613,1.196683,1.500120,2.070311,0.000000,0.727838,1.000000,0.000000,0.000000,7.421918,inf,2262816,2262816,55872,,False,7.570177,7.570177,156.728395
801,101,101.000000,0.184857,0.081476,0.762296,0.647663,1.210104,1.422317,2.545994,0.000000,0.762296,1.000000,0.000000,0.000000,8.229068,inf,2821536,2821536,55872,,False,7.572727,7.572727,169.821782
802,101,101.000000,0.189307,0.081354,0.749601,0.719735,1.085761,1.342800,2.097297,0.000000,0.749601,1.000000,0.000000,0.000000,8.216713,inf,2821536,2821536,55872,,False,7.575953,7.575953,161.772277
803,83,83.000000,0.205326,0.087547,0.731848,0.650922,1.141558,1.244686,2.271071,0.000000,0.731848,1.000000,0.000000,0.000000,7.266377,inf,2318688,2318688,55872,,False,7.578865,7.578865,170.626506
804,83,83.000000,0.181632,0.081245,0.655323,0.602538,1.040381,1.214659,1.903609,0.000000,0.655323,1.000000,0.000000,0.000000,6.743365,inf,2318688,2318688,55872,,False,7.582943,7.582943,194.626506
805,111,111.000000,0.183619,0.074484,0.732404,0.686054,1.117563,1.291054,2.377824,0.000000,0.732404,1.000000,0.000000,0.000000,8.267745,inf,3100896,3100896,55872,,False,7.585886,7.585885,158.333333
806,105,105.000000,0.190698,0.083659,0.763330,0.687804,1.216665,1.349345,2.168440,0.000000,0.763330,1.000000,0.000000,0.000000,8.784189,inf,2933280,2933280,55872,,False,7.587341,7.587341,160.152381
807,93,93.000000,0.184690,0.096125,0.806676,0.781031,1.278848,1.399124,2.342800,0.000000,0.806676,1.000000,0.000000,0.000000,8.939656,inf,2598048,2598048,55872,,False,7.589455,7.589455,127.440860
808,112,112.000000,0.193220,0.079050,0.782226,0.706137,1.216446,1.431852,2.455478,0.000000,0.782226,1.000000,0.000000,0.000000,8.853622,inf,3128832,3128832,55872,,False,7.591422,7.591422,158.241071
809,92,92.000000,0.189009,0.089723,0.743092,0.660480,1.192294,1.480019,1.987015,0.000000,0.743092,1.000000,0.000000,0.000000,8.254556,inf,2570112,2570112,55872,,False,7.594921,7.594922,171.945652
810,91,91.000000,0.200986,0.094884,0.744995,0.623288,1.104702,1.368242,2.676086,0.000000,0.744995,1.000000,0.000000,0.000000,8.634459,inf,2542176,2542176,55872,,False,7.595946,7.595947,184.384615
811,85,85.000000,0.193531,0.089747,0.754841,0.681419,1.165409,1.263479,2.137466,0.000000,0.754841,1.000000,0.000000,0.000000,7.628472,inf,2374560,2374560,55872,,False,7.598711,7.598711,159.811765
812,101,101.000000,0.191766,0.075879,0.758446,0.711760,1.107578,1.432185,1.684495,0.000000,0.758446,1.000000,0.000000,0.000000,7.663794,inf,2821536,2821536,55872,,False,7.601831,7.601831,160.217822
813,96,96.000000,0.201392,0.080219,0.704658,0.664455,1.039002,1.247720,2.002074,0.000000,0.704658,1.000000,0.000000,0.000000,7.701023,inf,2681856,2681856,55872,,False,7.605178,7.605179,208.927083
814,90,90.000000,0.199179,0.082233,0.717797,0.685119,1.132628,1.270618,1.813831,0.000000,0.717797,1.000000,0.000000,0.000000,7.400954,inf,2514240,2514240,55872,,False,7.607578,7.607578,177.577778
815,83,83.000000,0.200023,0.085609,0.683252,0.595979,1.146756,1.414465,1.629707,0.000000,0.683252,1.000000,0.000000,0.000000,7.105582,inf,2318688,2318688,55872,,False,7.609181,7.609181,181.807229
816,80,80.000000,0.175992,0.093389,0.782293,0.756212,1.133364,1.243311,2.802140,0.000000,0.782293,1.000000,0.000000,0.000000,7.471128,inf,2234880,2234880,55872,,False,7.611427,7.611427,134.400000
817,96,96.000000,0.197055,0.074762,0.685137,0.616293,1.085439,1.247780,1.565703,0.000000,0.685137,1.000000,0.000000,0.000000,7.177170,inf,2681856,2681856,55872,,False,7.614724,7.614724,196.489583
818,107,107.000000,0.188324,0.092826,0.805947,0.741491,1.284797,1.420810,2.664561,0.000000,0.805947,1.000000,0.000000,0.000000,9.932371,inf,2989152,2989152,55872,,False,7.616785,7.616785,148.962617
819,95,95.000000,0.190511,0.082455,0.741613,0.720488,1.107918,1.258176,1.942279,0.000000,0.741613,1.000000,0.000000,0.000000,7.833212,inf,2653920,2653920,55872,,False,7.620208,7.620208,169.494737
820,91,91.000000,0.201078,0.099596,0.812178,0.732376,1.122492,1.302700,4.314305,0.000000,0.812178,1.000000,0.000000,0.000000,9.063281,inf,2542176,2542176,55872,,False,7.622511,7.622511,160.175824
821,99,99.000000,0.182225,0.077828,0.723954,0.662245,1.183499,1.369874,1.832056,0.000000,0.723954,1.000000,0.000000,0.000000,7.705006,inf,2765664,2765664,55872,,False,7.625252,7.625252,163.747475
822,85,85.000000,0.183932,0.086516,0.706181,0.647789,1.079778,1.272089,1.986107,0.000000,0.706181,1.000000,0.000000,0.000000,7.353881,inf,2374560,2374560,55872,,False,7.627439,7.627439,159.047059
823,83,83.000000,0.183061,0.086321,0.747543,0.706262,1.076631,1.288232,2.246333,0.000000,0.747543,1.000000,0.000000,0.000000,7.164628,inf,2318688,2318688,55872,,False,7.630918,7.630918,144.024096
824,88,88.000000,0.205102,0.080858,0.715227,0.675439,1.126497,1.176203,1.450688,0.000000,0.715227,1.000000,0.000000,0.000000,7.115508,inf,2458368,2458368,55872,,False,7.632437,7.632436,165.159091
825,109,109.000000,0.181169,0.078934,0.751092,0.736380,1.109966,1.241539,2.289177,0.000000,0.751092,1.000000,0.000000,0.000000,8.603755,inf,3045024,3045024,55872,,False,7.636539,7.636539,169.614679
826,101,101.000000,0.201293,0.081619,0.762770,0.756599,1.202173,1.340295,1.582521,0.000000,0.762770,1.000000,0.000000,0.000000,8.243552,inf,2821536,2821536,55872,,False,7.638922,7.638921,161.544554
827,97,97.000000,0.171692,0.083124,0.756636,0.704942,1.145159,1.434548,2.114337,0.000000,0.756636,1.000000,0.000000,0.000000,8.063064,inf,2709792,2709792,55872,,False,7.642512,7.642512,152.793814
828,97,97.000000,0.202931,0.080170,0.758642,0.715248,1.146628,1.321438,2.874302,0.000000,0.758642,1.000000,0.000000,0.000000,7.776513,inf,2709792,2709792,55872,,False,7.644946,7.644946,185.134021
829,83,83.000000,0.200924,0.092902,0.758152,0.697722,1.202900,1.336523,2.272779,0.000000,0.758152,1.000000,0.000000,0.000000,7.710877,inf,2318688,2318688,55872,,False,7.647364,7.647364,167.963855
830,85,85.000000,0.195739,0.089819,0.729854,0.644148,1.117864,1.360333,3.079702,0.000000,0.729854,1.000000,0.000000,0.000000,7.634622,inf,2374560,2374560,55872,,False,7.650245,7.650245,182.458824
831,77,77.000000,0.195891,0.098417,0.783915,0.714356,1.338167,1.400121,2.111934,0.000000,0.783915,1.000000,0.000000,0.000000,7.578084,inf,2151072,2151072,55872,,False,7.653176,7.653176,159.532468
832,108,108.000000,0.183729,0.072329,0.715077,0.688323,1.038049,1.291072,1.679788,0.000000,0.715077,1.000000,0.000000,0.000000,7.811547,inf,3017088,3017088,55872,,False,7.656101,7.656101,151.314815
833,116,116.000000,0.184705,0.079199,0.778455,0.709486,1.184143,1.323292,2.834504,0.000000,0.778455,1.000000,0.000000,0.000000,9.187044,inf,3240576,3240576,55872,,False,7.658272,7.658272,146.767241
834,96,96.000000,0.183675,0.082856,0.742944,0.637789,1.193523,1.403267,2.099029,0.000000,0.742944,1.000000,0.000000,0.000000,7.954134,inf,2681856,2681856,55872,,False,7.661602,7.661603,178.041667
835,91,91.000000,0.191137,0.083819,0.756656,0.723549,1.107086,1.359159,3.178531,0.000000,0.756656,1.000000,0.000000,0.000000,7.627545,inf,2542176,2542176,55872,,False,7.664677,7.664677,151.582418
836,93,93.000000,0.182624,0.085577,0.764552,0.730045,1.204139,1.366055,2.054906,0.000000,0.764552,1.000000,0.000000,0.000000,7.958640,inf,2598048,2598048,55872,,False,7.668038,7.668039,151.763441
837,94,94.000000,0.184651,0.086057,0.773752,0.717090,1.236690,1.509473,1.697487,0.000000,0.773752,1.000000,0.000000,0.000000,8.089369,inf,2625984,2625984,55872,,False,7.671152,7.671152,159.553191
838,105,105.000000,0.189200,0.080530,0.773174,0.715401,1.238705,1.384550,2.208902,0.000000,0.773174,1.000000,0.000000,0.000000,8.455656,inf,2933280,2933280,55872,,False,7.673282,7.673281,169.619048
839,89,89.000000,0.182646,0.081180,0.720723,0.659864,1.115845,1.238908,1.611777,0.000000,0.720723,1.000000,0.000000,0.000000,7.224982,inf,2486304,2486304,55872,,False,7.677144,7.677143,146.752809
840,85,85.000000,0.197644,0.084162,0.711885,0.665401,1.138173,1.218182,1.767564,0.000000,0.711885,1.000000,0.000000,0.000000,7.153744,inf,2374560,2374560,55872,,False,7.679880,7.679880,172.529412
841,98,98.000000,0.198371,0.080706,0.746520,0.693205,1.186301,1.319185,1.636885,0.000000,0.746520,1.000000,0.000000,0.000000,7.909213,inf,2737728,2737728,55872,,False,7.682073,7.682073,170.959184
842,101,101.000000,0.186600,0.075567,0.731265,0.707863,1.093342,1.184365,2.281098,0.000000,0.731265,1.000000,0.000000,0.000000,7.632313,inf,2821536,2821536,55872,,False,7.684981,7.684981,157.168317
843,97,97.000000,0.190575,0.072723,0.662913,0.603411,1.025684,1.174353,1.491368,0.000000,0.662913,1.000000,0.000000,0.000000,7.054161,inf,2709792,2709792,55872,,False,7.688700,7.688700,183.340206
844,106,106.000000,0.192661,0.076769,0.694688,0.605703,1.069711,1.489334,2.139986,0.000000,0.694688,1.000000,0.000000,0.000000,8.137531,inf,2961216,2961216,55872,,False,7.691560,7.691560,187.754717
845,105,105.000000,0.180434,0.078060,0.736020,0.658477,1.174630,1.360501,1.885272,0.000000,0.736020,1.000000,0.000000,0.000000,8.196290,inf,2933280,2933280,55872,,False,7.694439,7.694439,163.057143
846,100,100.000000,0.198697,0.078917,0.699397,0.652487,1.045187,1.272535,1.795519,0.000000,0.699397,1.000000,0.000000,0.000000,7.891705,inf,2793600,2793600,55872,,False,7.697337,7.697337,185.730000
847,86,86.000000,0.196677,0.099189,0.754159,0.645415,1.197150,1.511934,2.291956,0.000000,0.754159,1.000000,0.000000,0.000000,8.530263,inf,2402496,2402496,55872,,False,7.700281,7.700281,174.023256
848,90,90.000000,0.174514,0.083587,0.705189,0.670436,1.196682,1.354114,1.731580,0.000000,0.705189,1.000000,0.000000,0.000000,7.522875,inf,2514240,2514240,55872,,False,7.703873,7.703873,172.555556
849,109,109.000000,0.185146,0.080822,0.740186,0.665521,1.072653,1.391749,2.348229,0.000000,0.740186,1.000000,0.000000,0.000000,8.809634,inf,3045024,3045024,55872,,False,7.706627,7.706627,167.165138
850,92,92.000000,0.173668,0.079254,0.717013,0.694320,1.066868,1.310874,1.581175,0.000000,0.717013,1.000000,0.000000,0.000000,7.291344,inf,2570112,2570112,55872,,False,7.710206,7.710206,157.978261
851,104,104.000000,0.213102,0.081547,0.763790,0.681219,1.201653,1.364287,2.546400,0.000000,0.763790,1.000000,0.000000,0.000000,8.480868,inf,2905344,2905344,55872,,False,7.710406,7.710406,166.240385
852,102,102.000000,0.172037,0.081036,0.754069,0.704725,1.191352,1.443700,2.073245,0.000000,0.754069,1.000000,0.000000,0.000000,8.265696,inf,2849472,2849472,55872,,False,7.713503,7.713503,148.627451
853,88,88.000000,0.184018,0.085811,0.736357,0.728069,1.144696,1.205035,1.546626,0.000000,0.736357,1.000000,0.000000,0.000000,7.551347,inf,2458368,2458368,55872,,False,7.715925,7.715925,155.579545
854,97,97.000000,0.191084,0.082513,0.731678,0.670328,1.127313,1.377861,2.284369,0.000000,0.731678,1.000000,0.000000,0.000000,8.003765,inf,2709792,2709792,55872,,False,7.718501,7.718501,170.670103
855,96,96.000000,0.181164,0.080160,0.743945,0.718537,1.087129,1.195212,1.530177,0.000000,0.743945,1.000000,0.000000,0.000000,7.695330,inf,2681856,2681856,55872,,False,7.722112,7.722112,154.135417
856,95,95.000000,0.196687,0.075622,0.667895,0.629001,1.004617,1.158247,1.751224,0.000000,0.667895,1.000000,0.000000,0.000000,7.184074,inf,2653920,2653920,55872,,False,7.725573,7.725573,184.200000
857,112,112.000000,0.180773,0.077133,0.751719,0.676276,1.185873,1.414283,2.064901,0.000000,0.751719,1.000000,0.000000,0.000000,8.638925,inf,3128832,3128832,55872,,False,7.727698,7.727698,149.116071
858,91,91.000000,0.199277,0.087594,0.750072,0.693278,1.154278,1.459442,1.641201,0.000000,0.750072,1.000000,0.000000,0.000000,7.971081,inf,2542176,2542176,55872,,False,7.729294,7.729294,166.098901
859,93,93.000000,0.207926,0.078694,0.690676,0.601490,1.092871,1.226413,1.825971,0.000000,0.690676,1.000000,0.000000,0.000000,7.318578,inf,2598048,2598048,55872,,False,7.731520,7.731520,191.451613
860,87,87.000000,0.181943,0.076853,0.673374,0.647811,0.956513,1.071726,1.248194,0.000000,0.673374,1.000000,0.000000,0.000000,6.686243,inf,2430432,2430432,55872,,False,7.734362,7.734361,164.770115
861,95,95.000000,0.193646,0.082240,0.770912,0.676322,1.227491,1.355302,2.268833,0.000000,0.770912,1.000000,0.000000,0.000000,7.812840,inf,2653920,2653920,55872,,False,7.735603,7.735603,159.284211
862,85,85.000000,0.188454,0.094350,0.803254,0.751919,1.271622,1.495836,1.743701,0.000000,0.803254,1.000000,0.000000,0.000000,8.019787,inf,2374560,2374560,55872,,False,7.736775,7.736775,146.517647
863,81,81.000000,0.188959,0.092619,0.747572,0.684126,1.163176,1.251797,2.153180,0.000000,0.747572,1.000000,0.000000,0.000000,7.502160,inf,2262816,2262816,55872,,False,7.739208,7.739209,153.740741
864,93,93.000000,0.185012,0.081831,0.704624,0.631263,1.079500,1.306421,1.947507,0.000000,0.704624,1.000000,0.000000,0.000000,7.610303,inf,2598048,2598048,55872,,False,7.743020,7.743020,161.021505
865,110,110.000000,0.201700,0.073930,0.695393,0.633699,1.109915,1.256591,1.518901,0.000000,0.695393,1.000000,0.000000,0.000000,8.132255,inf,3072960,3072960,55872,,False,7.744610,7.744610,181.854545
866,87,87.000000,0.197497,0.102920,0.821645,0.674927,1.362932,1.539242,4.167826,0.000000,0.821645,1.000000,0.000000,0.000000,8.954046,inf,2430432,2430432,55872,,False,7.746165,7.746165,169.816092
867,85,85.000000,0.188763,0.090939,0.743588,0.667872,1.189050,1.462001,2.136547,0.000000,0.743588,1.000000,0.000000,0.000000,7.729831,inf,2374560,2374560,55872,,False,7.747540,7.747540,171.552941
868,99,99.000000,0.184090,0.088002,0.749038,0.655314,1.240422,1.481502,2.471200,0.000000,0.749038,1.000000,0.000000,0.000000,8.712185,inf,2765664,2765664,55872,,False,7.750790,7.750790,153.313131
869,86,86.000000,0.183475,0.090798,0.779329,0.714519,1.186005,1.539757,2.116142,0.000000,0.779329,1.000000,0.000000,0.000000,7.808615,inf,2402496,2402496,55872,,False,7.754637,7.754637,142.139535
870,98,98.000000,0.179259,0.073911,0.702209,0.647233,1.104069,1.223302,1.742586,0.000000,0.702209,1.000000,0.000000,0.000000,7.243283,inf,2737728,2737728,55872,,False,7.757811,7.757811,175.367347
871,79,79.000000,0.179207,0.085916,0.741504,0.686420,1.142014,1.349774,1.491885,0.000000,0.741504,1.000000,0.000000,0.000000,6.787348,inf,2206944,2206944,55872,,False,7.761301,7.761301,155.746835
872,93,93.000000,0.195764,0.077771,0.694582,0.641152,1.079563,1.219469,1.826973,0.000000,0.694582,1.000000,0.000000,0.000000,7.232699,inf,2598048,2598048,55872,,False,7.764130,7.764130,178.935484
873,94,94.000000,0.194832,0.091512,0.812537,0.752437,1.177295,1.496829,2.335328,0.000000,0.812537,1.000000,0.000000,0.000000,8.602087,inf,2625984,2625984,55872,,False,7.766903,7.766903,159.585106
874,90,90.000000,0.183556,0.083063,0.739991,0.719309,1.158643,1.259431,1.428518,0.000000,0.739991,1.000000,0.000000,0.000000,7.475626,inf,2514240,2514240,55872,,False,7.770104,7.770104,149.522222
875,109,109.000000,0.179324,0.076154,0.729918,0.666447,1.133588,1.271669,1.627837,0.000000,0.729918,1.000000,0.000000,0.000000,8.300733,inf,3045024,3045024,55872,,False,7.773052,7.773052,158.798165
876,90,90.000000,0.167765,0.084384,0.741839,0.698940,1.139003,1.205489,1.920594,0.000000,0.741839,1.000000,0.000000,0.000000,7.594531,inf,2514240,2514240,55872,,False,7.776982,7.776982,131.900000
877,87,87.000000,0.184349,0.090430,0.754285,0.679799,1.222526,1.404170,2.529107,0.000000,0.754285,1.000000,0.000000,0.000000,7.867402,inf,2430432,2430432,55872,,False,7.779241,7.779241,168.494253
878,104,104.000000,0.192987,0.077042,0.730332,0.675302,1.109512,1.301676,1.630227,0.000000,0.730332,1.000000,0.000000,0.000000,8.012368,inf,2905344,2905344,55872,,False,7.782099,7.782099,168.336538
879,88,88.000000,0.198596,0.088372,0.744210,0.731343,1.108458,1.180588,2.055995,0.000000,0.744210,1.000000,0.000000,0.000000,7.776717,inf,2458368,2458368,55872,,False,7.783519,7.783520,157.875000
880,74,74.000000,0.198190,0.092765,0.706482,0.674251,1.087470,1.153794,1.919387,0.000000,0.706482,1.000000,0.000000,0.000000,6.864630,inf,2067264,2067264,55872,,False,7.785750,7.785750,173.175676
881,98,98.000000,0.164929,0.084104,0.726832,0.669587,1.082740,1.375551,1.850424,0.000000,0.726832,1.000000,0.000000,0.000000,8.242171,inf,2737728,2737728,55872,,False,7.790309,7.790308,137.081633
882,85,85.000000,0.185097,0.086801,0.740992,0.682199,1.225480,1.410795,2.155368,0.000000,0.740992,1.000000,0.000000,0.000000,7.378043,inf,2374560,2374560,55872,,False,7.793077,7.793077,167.764706
883,86,86.000000,0.180438,0.088194,0.771051,0.729248,1.227273,1.450177,1.882583,0.000000,0.771051,1.000000,0.000000,0.000000,7.584694,inf,2402496,2402496,55872,,False,7.795995,7.795994,160.337209
884,96,96.000000,0.180307,0.075428,0.668583,0.619002,1.011871,1.151872,1.489314,0.000000,0.668583,1.000000,0.000000,0.000000,7.241059,inf,2681856,2681856,55872,,False,7.800153,7.800153,179.760417
885,91,91.000000,0.185659,0.084210,0.714953,0.665792,1.117324,1.335153,2.036192,0.000000,0.714953,1.000000,0.000000,0.000000,7.663106,inf,2542176,2542176,55872,,False,7.803282,7.803282,186.340659
886,94,94.000000,0.181932,0.075487,0.684720,0.631604,1.016648,1.176124,1.876004,0.000000,0.684720,1.000000,0.000000,0.000000,7.095741,inf,2625984,2625984,55872,,False,7.807405,7.807406,170.648936
887,87,87.000000,0.186599,0.086349,0.729469,0.702304,1.146842,1.196175,1.584871,0.000000,0.729469,1.000000,0.000000,0.000000,7.512382,inf,2430432,2430432,55872,,False,7.810353,7.810353,148.402299
888,101,101.000000,0.199445,0.080361,0.752405,0.712750,1.162178,1.239240,2.128109,0.000000,0.752405,1.000000,0.000000,0.000000,8.116431,inf,2821536,2821536,55872,,False,7.811809,7.811809,166.198020
889,85,85.000000,0.178339,0.079819,0.684372,0.582761,0.971824,1.167839,2.126094,0.000000,0.684372,1.000000,0.000000,0.000000,6.784583,inf,2374560,2374560,55872,,False,7.816665,7.816665,183.752941
890,83,83.000000,0.193184,0.085981,0.693408,0.662126,1.075933,1.205452,1.834994,0.000000,0.693408,1.000000,0.000000,0.000000,7.136393,inf,2318688,2318688,55872,,False,7.818311,7.818311,186.674699
891,97,97.000000,0.174242,0.082635,0.741920,0.710335,1.053366,1.337141,1.669906,0.000000,0.741920,1.000000,0.000000,0.000000,8.015643,inf,2709792,2709792,55872,,False,7.821476,7.821475,161.731959
892,85,85.000000,0.183103,0.090233,0.756673,0.701598,1.092520,1.262371,1.983962,0.000000,0.756673,1.000000,0.000000,0.000000,7.669815,inf,2374560,2374560,55872,,False,7.824723,7.824722,158.694118
893,88,88.000000,0.169258,0.086864,0.729511,0.626672,1.189644,1.306377,1.771184,0.000000,0.729511,1.000000,0.000000,0.000000,7.644013,inf,2458368,2458368,55872,,False,7.828646,7.828646,163.715909
894,104,104.000000,0.195162,0.086938,0.769827,0.664207,1.283038,1.576919,2.584827,0.000000,0.769827,1.000000,0.000000,0.000000,9.041547,inf,2905344,2905344,55872,,False,7.830598,7.830598,167.048077
895,89,89.000000,0.176048,0.090184,0.757676,0.674293,1.190314,1.445279,2.192517,0.000000,0.757676,1.000000,0.000000,0.000000,8.026396,inf,2486304,2486304,55872,,False,7.833372,7.833372,152.011236
896,105,105.000000,0.183375,0.080296,0.750575,0.676354,1.157867,1.387681,1.760829,0.000000,0.750575,1.000000,0.000000,0.000000,8.431053,inf,2933280,2933280,55872,,False,7.836735,7.836735,166.400000
897,98,98.000000,0.187655,0.078593,0.707378,0.673322,1.140114,1.244971,1.998484,0.000000,0.707378,1.000000,0.000000,0.000000,7.702085,inf,2737728,2737728,55872,,False,7.839034,7.839035,178.448980
898,75,75.000000,0.178633,0.083895,0.699383,0.658344,1.013991,1.240404,1.387911,0.000000,0.699383,1.000000,0.000000,0.000000,6.292132,inf,2095200,2095200,55872,,False,7.843133,7.843133,171.053333
899,104,104.000000,0.189199,0.078418,0.737126,0.652093,1.127121,1.305024,1.881591,0.000000,0.737126,1.000000,0.000000,0.000000,8.155479,inf,2905344,2905344,55872,,False,7.845312,7.845312,156.221154
900,84,84.000000,0.192368,0.089242,0.728406,0.694658,1.027288,1.286630,2.078922,0.000000,0.728406,1.000000,0.000000,0.000000,7.496352,inf,2346624,2346624,55872,,False,7.847390,7.847390,178.964286
901,82,82.000000,0.172395,0.098537,0.767568,0.684513,1.212659,1.381647,2.900498,0.000000,0.767568,1.000000,0.000000,0.000000,8.080020,inf,2290752,2290752,55872,,False,7.851630,7.851629,164.829268
902,69,69.000000,0.188997,0.086185,0.660280,0.597204,1.015075,1.155699,1.692974,0.000000,0.660280,1.000000,0.000000,0.000000,5.946797,inf,1927584,1927584,55872,,False,7.853247,7.853247,191.478261
903,96,96.000000,0.178058,0.084482,0.743547,0.706204,1.095967,1.253715,1.797698,0.000000,0.743547,1.000000,0.000000,0.000000,8.110281,inf,2681856,2681856,55872,,False,7.855525,7.855525,143.052083
904,96,96.000000,0.206221,0.082417,0.697781,0.611178,1.029922,1.311341,2.353119,0.000000,0.697781,1.000000,0.000000,0.000000,7.912075,inf,2681856,2681856,55872,,False,7.856864,7.856864,210.822917
905,93,93.000000,0.186969,0.082815,0.757361,0.690382,1.256715,1.415109,1.815964,0.000000,0.757361,1.000000,0.000000,0.000000,7.701752,inf,2598048,2598048,55872,,False,7.859726,7.859726,157.903226
906,113,113.000000,0.185338,0.085396,0.776343,0.677750,1.296809,1.656009,2.469443,0.000000,0.776343,1.000000,0.000000,0.000000,9.649733,inf,3156768,3156768,55872,,False,7.862186,7.862186,159.707965
907,84,84.000000,0.182820,0.081861,0.738604,0.721262,1.097115,1.202183,1.853874,0.000000,0.738604,1.000000,0.000000,0.000000,6.876358,inf,2346624,2346624,55872,,False,7.865737,7.865737,162.702381
908,81,81.000000,0.175057,0.085602,0.667852,0.604282,0.999006,1.088809,1.902320,0.000000,0.667852,1.000000,0.000000,0.000000,6.933735,inf,2262816,2262816,55872,,False,7.869989,7.869989,191.629630
909,98,98.000000,0.188175,0.079802,0.750057,0.725301,1.069319,1.156320,1.917272,0.000000,0.750057,1.000000,0.000000,0.000000,7.820597,inf,2737728,2737728,55872,,False,7.871713,7.871713,167.183673
910,111,111.000000,0.187149,0.074520,0.732423,0.662051,1.138332,1.320028,1.747131,0.000000,0.732423,1.000000,0.000000,0.000000,8.271695,inf,3100896,3100896,55872,,False,7.873849,7.873849,173.171171
911,105,105.000000,0.181842,0.085008,0.768861,0.711296,1.186884,1.315803,2.049132,0.000000,0.768861,1.000000,0.000000,0.000000,8.925855,inf,2933280,2933280,55872,,False,7.876955,7.876956,144.600000
912,94,94.000000,0.184366,0.079746,0.736272,0.712450,1.043803,1.274874,1.596789,0.000000,0.736272,1.000000,0.000000,0.000000,7.496129,inf,2625984,2625984,55872,,False,7.879661,7.879661,152.127660
913,70,70.000000,0.175651,0.102539,0.789579,0.735837,1.149620,1.616912,2.117546,0.000000,0.789579,1.000000,0.000000,0.000000,7.177748,inf,1955520,1955520,55872,,False,7.883512,7.883512,138.242857
914,96,96.000000,0.196695,0.082342,0.742250,0.667840,1.136088,1.453752,1.551570,0.000000,0.742250,1.000000,0.000000,0.000000,7.904832,inf,2681856,2681856,55872,,False,7.885758,7.885758,169.208333
915,92,92.000000,0.202510,0.077371,0.719880,0.629539,1.199384,1.315767,2.006153,0.000000,0.719880,1.000000,0.000000,0.000000,7.118089,inf,2570112,2570112,55872,,False,7.887780,7.887780,177.945652
916,102,102.000000,0.184237,0.081874,0.746636,0.673887,1.246312,1.467385,2.111241,0.000000,0.746636,1.000000,0.000000,0.000000,8.351101,inf,2849472,2849472,55872,,False,7.891177,7.891177,161.931373
917,92,92.000000,0.191727,0.085140,0.760858,0.691177,1.099457,1.245901,2.410730,0.000000,0.760858,1.000000,0.000000,0.000000,7.832834,inf,2570112,2570112,55872,,False,7.893674,7.893674,146.532609
918,91,91.000000,0.164928,0.084508,0.700823,0.617222,1.045562,1.424272,2.121620,0.000000,0.700823,1.000000,0.000000,0.000000,7.690220,inf,2542176,2542176,55872,,False,7.897201,7.897201,167.604396
919,96,96.000000,0.181133,0.084104,0.732709,0.683188,1.091220,1.235985,1.996290,0.000000,0.732709,1.000000,0.000000,0.000000,8.074005,inf,2681856,2681856,55872,,False,7.900175,7.900175,154.281250
920,106,106.000000,0.192612,0.081013,0.750110,0.674402,1.245537,1.404169,1.920925,0.000000,0.750110,1.000000,0.000000,0.000000,8.587407,inf,2961216,2961216,55872,,False,7.902589,7.902589,178.811321
921,87,87.000000,0.186497,0.101991,0.798742,0.664349,1.186964,1.719387,3.798300,0.000000,0.798742,1.000000,0.000000,0.000000,8.873217,inf,2430432,2430432,55872,,False,7.904395,7.904395,166.045977
922,89,89.000000,0.186563,0.076387,0.698161,0.632246,1.111978,1.191296,1.555106,0.000000,0.698161,1.000000,0.000000,0.000000,6.798410,inf,2486304,2486304,55872,,False,7.906806,7.906806,168.617978
923,102,102.000000,0.182533,0.075044,0.722739,0.691054,1.049531,1.386738,1.902618,0.000000,0.722739,1.000000,0.000000,0.000000,7.654477,inf,2849472,2849472,55872,,False,7.909162,7.909162,160.019608
924,96,96.000000,0.177450,0.078808,0.731709,0.638731,1.212574,1.382547,2.123120,0.000000,0.731709,1.000000,0.000000,0.000000,7.565543,inf,2681856,2681856,55872,,False,7.911721,7.911721,174.229167
925,86,86.000000,0.161918,0.085102,0.725928,0.669894,1.119981,1.413020,1.749395,0.000000,0.725928,1.000000,0.000000,0.000000,7.318740,inf,2402496,2402496,55872,,False,7.915558,7.915558,165.465116
926,87,87.000000,0.177729,0.095228,0.781781,0.722019,1.180743,1.337568,2.612709,0.000000,0.781781,1.000000,0.000000,0.000000,8.284834,inf,2430432,2430432,55872,,False,7.918077,7.918077,149.908046
927,107,107.000000,0.183851,0.068925,0.686735,0.645640,0.987084,1.162106,1.396659,0.000000,0.686735,1.000000,0.000000,0.000000,7.374990,inf,2989152,2989152,55872,,False,7.921190,7.921190,174.158879
928,90,90.000000,0.162634,0.089398,0.776764,0.717540,1.138151,1.653130,1.891687,0.000000,0.776764,1.000000,0.000000,0.000000,8.045803,inf,2514240,2514240,55872,,False,7.924810,7.924811,131.855556
929,85,85.000000,0.168988,0.088080,0.731378,0.666867,1.058582,1.354952,1.822065,0.000000,0.731378,1.000000,0.000000,0.000000,7.486764,inf,2374560,2374560,55872,,False,7.927965,7.927965,170.152941
930,84,84.000000,0.180912,0.089097,0.726262,0.673977,1.169585,1.299586,1.564880,0.000000,0.726262,1.000000,0.000000,0.000000,7.484169,inf,2346624,2346624,55872,,False,7.931221,7.931221,176.476190
931,106,106.000000,0.181801,0.077197,0.719791,0.661333,1.086411,1.428339,2.184418,0.000000,0.719791,1.000000,0.000000,0.000000,8.182847,inf,2961216,2961216,55872,,False,7.934040,7.934040,155.292453
932,88,88.000000,0.189165,0.090384,0.768772,0.656311,1.244099,1.392408,2.705205,0.000000,0.768772,1.000000,0.000000,0.000000,7.953770,inf,2458368,2458368,55872,,False,7.936255,7.936255,164.306818
933,89,89.000000,0.170659,0.083957,0.736121,0.702005,1.107942,1.279143,1.664129,0.000000,0.736121,1.000000,0.000000,0.000000,7.472173,inf,2486304,2486304,55872,,False,7.939169,7.939169,155.696629
934,81,81.000000,0.191281,0.089003,0.722519,0.647286,1.111027,1.665100,2.045119,0.000000,0.722519,1.000000,0.000000,0.000000,7.209278,inf,2262816,2262816,55872,,False,7.941601,7.941601,187.432099
935,91,91.000000,0.186383,0.081370,0.718520,0.684208,1.076928,1.181036,1.965227,0.000000,0.718520,1.000000,0.000000,0.000000,7.404688,inf,2542176,2542176,55872,,False,7.944328,7.944328,160.263736
936,98,98.000000,0.181912,0.080767,0.740778,0.672317,1.089840,1.349689,2.376116,0.000000,0.740778,1.000000,0.000000,0.000000,7.915120,inf,2737728,2737728,55872,,False,7.948323,7.948323,174.153061
937,94,94.000000,0.185284,0.078672,0.693836,0.649160,1.060039,1.352634,1.820089,0.000000,0.693836,1.000000,0.000000,0.000000,7.395199,inf,2625984,2625984,55872,,False,7.951073,7.951073,176.457447
938,90,90.000000,0.181422,0.088284,0.782689,0.681432,1.245384,1.416683,1.901873,0.000000,0.782689,1.000000,0.000000,0.000000,7.945546,inf,2514240,2514240,55872,,False,7.953932,7.953933,147.444444
939,97,97.000000,0.179110,0.090606,0.746835,0.688937,1.087118,1.454085,2.931638,0.000000,0.746835,1.000000,0.000000,0.000000,8.788741,inf,2709792,2709792,55872,,False,7.957128,7.957128,143.412371
940,87,87.000000,0.181532,0.090756,0.730154,0.667410,1.163209,1.273520,2.414363,0.000000,0.730154,1.000000,0.000000,0.000000,7.895745,inf,2430432,2430432,55872,,False,7.960042,7.960042,174.988506
941,102,102.000000,0.191358,0.080847,0.713963,0.604272,1.193293,1.351397,2.372900,0.000000,0.713963,1.000000,0.000000,0.000000,8.246389,inf,2849472,2849472,55872,,False,7.963235,7.963235,185.911765
942,99,99.000000,0.202788,0.082787,0.761704,0.699808,1.271563,1.483360,2.125083,0.000000,0.761704,1.000000,0.000000,0.000000,8.195885,inf,2765664,2765664,55872,,False,7.964617,7.964617,193.676768
943,89,89.000000,0.172666,0.087977,0.761806,0.667131,1.179899,1.257531,2.419202,0.000000,0.761806,1.000000,0.000000,0.000000,7.829934,inf,2486304,2486304,55872,,False,7.968116,7.968116,156.595506
944,99,99.000000,0.183391,0.081310,0.779247,0.749083,1.132086,1.286698,2.092937,0.000000,0.779247,1.000000,0.000000,0.000000,8.049641,inf,2765664,2765664,55872,,False,7.970917,7.970917,158.282828
945,85,85.000000,0.162412,0.100427,0.830024,0.764354,1.316719,1.592686,2.427414,0.000000,0.830024,1.000000,0.000000,0.000000,8.536336,inf,2374560,2374560,55872,,False,7.973336,7.973335,111.482353
946,108,108.000000,0.190274,0.069790,0.702359,0.649358,1.086598,1.220286,1.499227,0.000000,0.702359,1.000000,0.000000,0.000000,7.537322,inf,3017088,3017088,55872,,False,7.975656,7.975656,161.157407
947,100,100.000000,0.177596,0.096694,0.795901,0.725002,1.315754,1.457459,2.660277,0.000000,0.795901,1.000000,0.000000,0.000000,9.669429,inf,2793600,2793600,55872,,False,7.978595,7.978596,145.150000
948,92,92.000000,0.178794,0.085244,0.729470,0.687123,1.127293,1.308712,2.244622,0.000000,0.729470,1.000000,0.000000,0.000000,7.842461,inf,2570112,2570112,55872,,False,7.981612,7.981612,156.815217
949,93,93.000000,0.176289,0.081529,0.732610,0.692388,1.092063,1.168948,1.797472,0.000000,0.732610,1.000000,0.000000,0.000000,7.582216,inf,2598048,2598048,55872,,False,7.984715,7.984715,143.881720
950,96,96.000000,0.180954,0.089414,0.772143,0.728075,1.104044,1.358006,2.110060,0.000000,0.772143,1.000000,0.000000,0.000000,8.583733,inf,2681856,2681856,55872,,False,7.986809,7.986809,152.697917
951,102,102.000000,0.189693,0.080501,0.749865,0.686055,1.231926,1.539600,2.037029,0.000000,0.749865,1.000000,0.000000,0.000000,8.211051,inf,2849472,2849472,55872,,False,7.988790,7.988790,172.137255
952,99,99.000000,0.169025,0.096111,0.810248,0.728631,1.343045,1.791183,2.199822,0.000000,0.810248,1.000000,0.000000,0.000000,9.515003,inf,2765664,2765664,55872,,False,7.992110,7.992110,149.676768
953,103,103.000000,0.182275,0.086946,0.773813,0.695810,1.147449,1.603885,2.408327,0.000000,0.773813,1.000000,0.000000,0.000000,8.955416,inf,2877408,2877408,55872,,False,7.994783,7.994783,165.407767
954,80,80.000000,0.171432,0.081444,0.685500,0.646654,0.989758,1.148097,1.801693,0.000000,0.685500,1.000000,0.000000,0.000000,6.515487,inf,2234880,2234880,55872,,False,7.998267,7.998268,186.450000
955,83,83.000000,0.162753,0.085043,0.685377,0.596227,1.154994,1.293527,2.361003,0.000000,0.685377,1.000000,0.000000,0.000000,7.058590,inf,2318688,2318688,55872,,False,8.002431,8.002431,143.554217
956,98,98.000000,0.177170,0.079390,0.745968,0.677979,1.182661,1.408653,2.061045,0.000000,0.745968,1.000000,0.000000,0.000000,7.780248,inf,2737728,2737728,55872,,False,8.004780,8.004780,149.775510
957,87,87.000000,0.189245,0.078338,0.711645,0.700536,0.939139,1.192453,1.542135,0.000000,0.711645,1.000000,0.000000,0.000000,6.815427,inf,2430432,2430432,55872,,False,8.007554,8.007554,166.298851
958,96,96.000000,0.186223,0.081581,0.716871,0.690049,1.114408,1.232647,1.527567,0.000000,0.716871,1.000000,0.000000,0.000000,7.831779,inf,2681856,2681856,55872,,False,8.010215,8.010214,163.333333
959,84,84.000000,0.179772,0.088220,0.753454,0.710204,1.162954,1.364979,2.001017,0.000000,0.753454,1.000000,0.000000,0.000000,7.410460,inf,2346624,2346624,55872,,False,8.012394,8.012394,169.023810
960,104,104.000000,0.179674,0.076346,0.737304,0.694970,1.177607,1.309387,2.003211,0.000000,0.737304,1.000000,0.000000,0.000000,7.940000,inf,2905344,2905344,55872,,False,8.015363,8.015364,165.721154
961,89,89.000000,0.181126,0.090083,0.761100,0.660241,1.178063,1.407645,2.209400,0.000000,0.761100,1.000000,0.000000,0.000000,8.017417,inf,2486304,2486304,55872,,False,8.017467,8.017467,166.741573
962,92,92.000000,0.188811,0.078184,0.694329,0.650944,1.100071,1.243305,1.718094,0.000000,0.694329,1.000000,0.000000,0.000000,7.192941,inf,2570112,2570112,55872,,False,8.020121,8.020120,192.630435
963,100,100.000000,0.178139,0.091350,0.773349,0.693796,1.310240,1.473699,1.807738,0.000000,0.773349,1.000000,0.000000,0.000000,9.135016,inf,2793600,2793600,55872,,False,8.023148,8.023148,150.030000
964,107,107.000000,0.188253,0.080737,0.760945,0.698436,1.131237,1.275695,2.252014,0.000000,0.760945,1.000000,0.000000,0.000000,8.638817,inf,2989152,2989152,55872,,False,8.025646,8.025646,176.757009
965,96,96.000000,0.172081,0.088807,0.768571,0.766945,1.144585,1.331329,1.665736,0.000000,0.768571,1.000000,0.000000,0.000000,8.525487,inf,2681856,2681856,55872,,False,8.028885,8.028884,159.093750
966,81,81.000000,0.185985,0.092220,0.707455,0.645461,1.085362,1.328825,2.301889,0.000000,0.707455,1.000000,0.000000,0.000000,7.469798,inf,2262816,2262816,55872,,False,8.031910,8.031910,180.320988
967,101,101.000000,0.183144,0.077596,0.717696,0.671958,1.117581,1.201508,2.104284,0.000000,0.717696,1.000000,0.000000,0.000000,7.837235,inf,2821536,2821536,55872,,False,8.034857,8.034856,182.346535
968,98,98.000000,0.173280,0.087657,0.817874,0.706443,1.329740,1.584458,2.359610,0.000000,0.817874,1.000000,0.000000,0.000000,8.590339,inf,2737728,2737728,55872,,False,8.037475,8.037476,163.928571
969,76,76.000000,0.178366,0.086884,0.704310,0.601187,1.092957,1.366844,2.052581,0.000000,0.704310,1.000000,0.000000,0.000000,6.603175,inf,2123136,2123136,55872,,False,8.040413,8.040413,189.171053
970,109,109.000000,0.174734,0.074689,0.682512,0.647527,1.152627,1.219220,2.195683,0.000000,0.682512,1.000000,0.000000,0.000000,8.141154,inf,3045024,3045024,55872,,False,8.044621,8.044621,174.559633
971,100,100.000000,0.182298,0.075274,0.675865,0.592968,1.065594,1.134544,2.251732,0.000000,0.675865,1.000000,0.000000,0.000000,7.527406,inf,2793600,2793600,55872,,False,8.048239,8.048239,190.670000
972,93,93.000000,0.194210,0.081013,0.716530,0.688595,0.997227,1.124472,2.543744,0.000000,0.716530,1.000000,0.000000,0.000000,7.534200,inf,2598048,2598048,55872,,False,8.049756,8.049756,170.634409
973,84,84.000000,0.200649,0.087449,0.724119,0.684421,1.050353,1.229691,1.740011,0.000000,0.724119,1.000000,0.000000,0.000000,7.345719,inf,2346624,2346624,55872,,False,8.053090,8.053090,163.071429
974,80,80.000000,0.164366,0.085231,0.717835,0.648719,1.087231,1.221026,2.442110,0.000000,0.717835,1.000000,0.000000,0.000000,6.818482,inf,2234880,2234880,55872,,False,8.056876,8.056876,177.462500
975,98,98.000000,0.175929,0.088695,0.813161,0.689190,1.494332,1.602128,2.254672,0.000000,0.813161,1.000000,0.000000,0.000000,8.692101,inf,2737728,2737728,55872,,False,8.060152,8.060152,169.418367
976,100,100.000000,0.178908,0.077288,0.684439,0.617918,0.994540,1.115905,2.426794,0.000000,0.684439,1.000000,0.000000,0.000000,7.728849,inf,2793600,2793600,55872,,False,8.062954,8.062955,170.970000
977,97,97.000000,0.189792,0.083208,0.749647,0.697071,1.218183,1.313272,2.370784,0.000000,0.749647,1.000000,0.000000,0.000000,8.071194,inf,2709792,2709792,55872,,False,8.065003,8.065003,169.670103
978,106,106.000000,0.183380,0.083502,0.763139,0.684103,1.236663,1.366342,2.692899,0.000000,0.763139,1.000000,0.000000,0.000000,8.851252,inf,2961216,2961216,55872,,False,8.067868,8.067868,169.783019
979,106,106.000000,0.181223,0.081911,0.762831,0.701900,1.253918,1.367293,2.496203,0.000000,0.762831,1.000000,0.000000,0.000000,8.682569,inf,2961216,2961216,55872,,False,8.070450,8.070450,150.433962
980,86,86.000000,0.185173,0.081513,0.728065,0.692482,1.047489,1.184416,2.472120,0.000000,0.728065,1.000000,0.000000,0.000000,7.010156,inf,2402496,2402496,55872,,False,8.072892,8.072892,173.779070
981,102,102.000000,0.178884,0.080885,0.741432,0.652094,1.178897,1.328720,2.437873,0.000000,0.741432,1.000000,0.000000,0.000000,8.250292,inf,2849472,2849472,55872,,False,8.074842,8.074842,163.235294
982,90,90.000000,0.190504,0.091032,0.771681,0.678853,1.245324,1.589013,1.849689,0.000000,0.771681,1.000000,0.000000,0.000000,8.192870,inf,2514240,2514240,55872,,False,8.076921,8.076921,155.266667
983,87,87.000000,0.167714,0.095314,0.747761,0.659053,1.255389,1.476829,2.116410,0.000000,0.747761,1.000000,0.000000,0.000000,8.292300,inf,2430432,2430432,55872,,False,8.079415,8.079415,148.137931
984,100,100.000000,0.176659,0.086373,0.759507,0.666664,1.168992,1.329865,2.328433,0.000000,0.759507,1.000000,0.000000,0.000000,8.637324,inf,2793600,2793600,55872,,False,8.082768,8.082768,169.200000
985,95,95.000000,0.174495,0.078115,0.701133,0.678455,1.058941,1.297543,1.825118,0.000000,0.701133,1.000000,0.000000,0.000000,7.420913,inf,2653920,2653920,55872,,False,8.086713,8.086713,155.673684
986,96,96.000000,0.176814,0.095049,0.757279,0.634306,1.207355,1.544830,2.688762,0.000000,0.757279,1.000000,0.000000,0.000000,9.124675,inf,2681856,2681856,55872,,False,8.089104,8.089104,171.916667
987,81,81.000000,0.157052,0.094758,0.748512,0.684130,1.074793,1.296782,1.936632,0.000000,0.748512,1.000000,0.000000,0.000000,7.675429,inf,2262816,2262816,55872,,False,8.092757,8.092757,155.345679
988,85,85.000000,0.169454,0.088489,0.739554,0.707941,1.104205,1.477861,2.200190,0.000000,0.739554,1.000000,0.000000,0.000000,7.521549,inf,2374560,2374560,55872,,False,8.096048,8.096048,145.070588
989,91,91.000000,0.164423,0.079060,0.693592,0.656285,0.995580,1.306945,1.655840,0.000000,0.693592,1.000000,0.000000,0.000000,7.194437,inf,2542176,2542176,55872,,False,8.099116,8.099117,137.098901
990,110,110.000000,0.162649,0.083861,0.784790,0.705305,1.282874,1.436100,1.979434,0.000000,0.784790,1.000000,0.000000,0.000000,9.224680,inf,3072960,3072960,55872,,False,8.102361,8.102361,151.963636
991,90,90.000000,0.187501,0.085230,0.734238,0.662611,1.112159,1.254914,2.037310,0.000000,0.734238,1.000000,0.000000,0.000000,7.670737,inf,2514240,2514240,55872,,False,8.104907,8.104907,197.055556
992,93,93.000000,0.169910,0.087868,0.704259,0.621002,1.002983,1.177649,2.544972,0.000000,0.704259,1.000000,0.000000,0.000000,8.171702,inf,2598048,2598048,55872,,False,8.108130,8.108130,192.204301
993,97,97.000000,0.164332,0.097188,0.797345,0.684374,1.222849,1.489846,3.249553,0.000000,0.797345,1.000000,0.000000,0.000000,9.427280,inf,2709792,2709792,55872,,False,8.111060,8.111060,148.257732
994,105,105.000000,0.177053,0.078528,0.730664,0.675710,1.094985,1.262936,2.219824,0.000000,0.730664,1.000000,0.000000,0.000000,8.245425,inf,2933280,2933280,55872,,False,8.113609,8.113608,161.409524
995,87,87.000000,0.166804,0.091532,0.743975,0.654184,1.170052,1.348081,2.057827,0.000000,0.743975,1.000000,0.000000,0.000000,7.963242,inf,2430432,2430432,55872,,False,8.118178,8.118178,160.724138
996,90,90.000000,0.180587,0.076313,0.709259,0.709080,1.031195,1.081325,1.760177,0.000000,0.709259,1.000000,0.000000,0.000000,6.868204,inf,2514240,2514240,55872,,False,8.121188,8.121188,149.233333
997,104,104.000000,0.173962,0.071333,0.670909,0.599107,0.978655,1.277870,1.634503,0.000000,0.670909,1.000000,0.000000,0.000000,7.418601,inf,2905344,2905344,55872,,False,8.124031,8.124031,184.653846
998,94,94.000000,0.156664,0.088531,0.736139,0.687537,1.155695,1.228181,3.287272,0.000000,0.736139,1.000000,0.000000,0.000000,8.321929,inf,2625984,2625984,55872,,False,8.127384,8.127384,146.957447
999,106,106.000000,0.177944,0.080540,0.762051,0.704216,1.217837,1.317482,1.860459,0.000000,0.762051,1.000000,0.000000,0.000000,8.537214,inf,2961216,2961216,55872,,False,8.130561,8.130561,156.905660
1000,122,122.000000,0.163400,0.079493,0.790912,0.732081,1.297800,1.403424,2.233582,0.000000,0.790912,1.000000,0.000000,0.000000,9.698124,inf,3408192,3408192,55872,,False,8.133684,8.133684,144.377049
1001,89,89.000000,0.179897,0.085013,0.741884,0.676639,1.094657,1.421086,1.968398,0.000000,0.741884,1.000000,0.000000,0.000000,7.566122,inf,2486304,2486304,55872,,False,8.136217,8.136217,160.752809
1002,84,84.000000,0.179213,0.104205,0.832967,0.696640,1.374893,1.668302,2.738992,0.000000,0.832967,1.000000,0.000000,0.000000,8.753229,inf,2346624,2346624,55872,,False,8.137091,8.137091,135.714286
1003,101,101.000000,0.179141,0.083430,0.759074,0.717036,1.245429,1.422924,1.929654,0.000000,0.759074,1.000000,0.000000,0.000000,8.426448,inf,2821536,2821536,55872,,False,8.140757,8.140757,152.960396
1004,88,88.000000,0.179742,0.082461,0.733727,0.641202,1.247100,1.366107,1.825210,0.000000,0.733727,1.000000,0.000000,0.000000,7.256525,inf,2458368,2458368,55872,,False,8.142173,8.142172,164.965909
1005,98,98.000000,0.153664,0.087280,0.808594,0.719880,1.297991,1.551533,2.192434,0.000000,0.808594,1.000000,0.000000,0.000000,8.553477,inf,2737728,2737728,55872,,False,8.145287,8.145287,125.306122
1006,84,84.000000,0.187909,0.104434,0.827942,0.727936,1.409960,1.594572,3.162225,0.000000,0.827942,1.000000,0.000000,0.000000,8.772449,inf,2346624,2346624,55872,,False,8.147065,8.147065,161.785714
1007,101,101.000000,0.166369,0.081968,0.739354,0.663481,1.184384,1.280534,3.119647,0.000000,0.739354,1.000000,0.000000,0.000000,8.278772,inf,2821536,2821536,55872,,False,8.150295,8.150295,155.485149
1008,101,101.000000,0.170743,0.075349,0.657744,0.608620,0.926911,1.042211,1.614283,0.000000,0.657744,1.000000,0.000000,0.000000,7.610204,inf,2821536,2821536,55872,,False,8.154489,8.154490,182.069307
1009,104,104.000000,0.183104,0.079350,0.765573,0.758815,1.086104,1.298368,2.188427,0.000000,0.765573,1.000000,0.000000,0.000000,8.252405,inf,2905344,2905344,55872,,False,8.156684,8.156683,171.846154
1010,91,91.000000,0.176382,0.092195,0.770013,0.651096,1.042945,1.651702,3.510063,0.000000,0.770013,1.000000,0.000000,0.000000,8.389710,inf,2542176,2542176,55872,,False,8.159316,8.159316,151.417582
1011,100,100.000000,0.171052,0.082453,0.739335,0.682105,1.105442,1.307116,3.258611,0.000000,0.739335,1.000000,0.000000,0.000000,8.245327,inf,2793600,2793600,55872,,False,8.162530,8.162530,151.980000
1012,102,102.000000,0.173566,0.085659,0.765720,0.689007,1.217342,1.470950,2.598606,0.000000,0.765720,1.000000,0.000000,0.000000,8.737228,inf,2849472,2849472,55872,,False,8.164599,8.164599,158.862745
1013,112,112.000000,0.179904,0.077370,0.736272,0.682656,1.127737,1.256077,2.278394,0.000000,0.736272,1.000000,0.000000,0.000000,8.665459,inf,3128832,3128832,55872,,False,8.167483,8.167483,168.267857
1014,72,72.000000,0.179694,0.089085,0.701169,0.656584,1.048816,1.204175,1.668455,0.000000,0.701169,1.000000,0.000000,0.000000,6.414121,inf,2011392,2011392,55872,,False,8.170537,8.170537,155.819444
1015,107,107.000000,0.179925,0.078550,0.761287,0.692263,1.130448,1.451851,2.280194,0.000000,0.761287,1.000000,0.000000,0.000000,8.404864,inf,2989152,2989152,55872,,False,8.172594,8.172594,166.242991
1016,99,99.000000,0.163933,0.084625,0.750903,0.684510,1.247625,1.551608,2.291787,0.000000,0.750903,1.000000,0.000000,0.000000,8.377911,inf,2765664,2765664,55872,,False,8.175636,8.175636,162.161616
1017,83,83.000000,0.173649,0.096005,0.763191,0.711675,1.103324,1.327974,2.055794,0.000000,0.763191,1.000000,0.000000,0.000000,7.968388,inf,2318688,2318688,55872,,False,8.178066,8.178066,170.120482
1018,95,95.000000,0.165230,0.090386,0.734975,0.637484,1.142502,1.351861,3.172362,0.000000,0.734975,1.000000,0.000000,0.000000,8.586678,inf,2653920,2653920,55872,,False,8.180863,8.180863,173.505263
1019,98,98.000000,0.171210,0.079656,0.740002,0.698468,1.187398,1.273671,1.880057,0.000000,0.740002,1.000000,0.000000,0.000000,7.806281,inf,2737728,2737728,55872,,False,8.183850,8.183850,161.785714
1020,105,105.000000,0.182342,0.079487,0.758105,0.699320,1.113597,1.262858,2.387613,0.000000,0.758105,1.000000,0.000000,0.000000,8.346140,inf,2933280,2933280,55872,,False,8.187045,8.187045,166.714286
1021,87,87.000000,0.173677,0.079781,0.681646,0.645030,1.022154,1.153155,1.685283,0.000000,0.681646,1.000000,0.000000,0.000000,6.940952,inf,2430432,2430432,55872,,False,8.189981,8.189981,198.816092
1022,79,79.000000,0.173415,0.089180,0.712175,0.665219,1.081275,1.194923,2.347181,0.000000,0.712175,1.000000,0.000000,0.000000,7.045241,inf,2206944,2206944,55872,,False,8.191795,8.191795,165.126582
1023,104,104.000000,0.173912,0.086403,0.780357,0.734803,1.181492,1.413836,2.139274,0.000000,0.780357,1.000000,0.000000,0.000000,8.985915,inf,2905344,2905344,55872,,False,8.194231,8.194231,146.990385
1024,98,98.000000,0.183976,0.084151,0.732666,0.674395,1.106809,1.266436,2.019182,0.000000,0.732666,1.000000,0.000000,0.000000,8.246790,inf,2737728,2737728,55872,,False,8.196191,8.196191,161.806122
1025,85,85.000000,0.162123,0.087098,0.752345,0.704054,1.114505,1.421509,1.840044,0.000000,0.752345,1.000000,0.000000,0.000000,7.403317,inf,2374560,2374560,55872,,False,8.199361,8.199361,148.647059
1026,89,89.000000,0.181556,0.083145,0.704064,0.638699,1.134171,1.297863,1.765365,0.000000,0.704064,1.000000,0.000000,0.000000,7.399948,inf,2486304,2486304,55872,,False,8.201572,8.201572,179.191011
1027,88,88.000000,0.183775,0.091670,0.786678,0.714401,1.150902,1.496634,1.967051,0.000000,0.786678,1.000000,0.000000,0.000000,8.066995,inf,2458368,2458368,55872,,False,8.203538,8.203537,141.011364
1028,91,91.000000,0.177355,0.088115,0.768354,0.653444,1.241359,1.605391,2.089250,0.000000,0.768354,1.000000,0.000000,0.000000,8.018426,inf,2542176,2542176,55872,,False,8.207236,8.207236,158.813187
1029,89,89.000000,0.183093,0.085637,0.740257,0.680761,1.133872,1.441459,2.541464,0.000000,0.740257,1.000000,0.000000,0.000000,7.621657,inf,2486304,2486304,55872,,False,8.209508,8.209508,180.000000
1030,88,88.000000,0.184188,0.082289,0.697023,0.629717,1.064688,1.157254,1.663856,0.000000,0.697023,1.000000,0.000000,0.000000,7.241460,inf,2458368,2458368,55872,,False,8.212722,8.212722,168.352273
1031,110,110.000000,0.177721,0.075995,0.766078,0.738814,1.169155,1.314881,1.822231,0.000000,0.766078,1.000000,0.000000,0.000000,8.359402,inf,3072960,3072960,55872,,False,8.215387,8.215388,144.163636
1032,91,91.000000,0.192725,0.091427,0.778500,0.727713,1.139944,1.416401,2.227268,0.000000,0.778500,1.000000,0.000000,0.000000,8.319856,inf,2542176,2542176,55872,,False,8.218246,8.218246,155.571429
1033,91,91.000000,0.162691,0.080785,0.728769,0.679053,1.097295,1.194063,1.704949,0.000000,0.728769,1.000000,0.000000,0.000000,7.351458,inf,2542176,2542176,55872,,False,8.221593,8.221593,138.142857
1034,97,97.000000,0.161680,0.081309,0.745723,0.625887,1.158505,1.425085,2.057464,0.000000,0.745723,1.000000,0.000000,0.000000,7.887007,inf,2709792,2709792,55872,,False,8.225103,8.225102,144.268041
1035,94,94.000000,0.164968,0.081182,0.744767,0.638579,1.160815,1.372634,2.240005,0.000000,0.744767,1.000000,0.000000,0.000000,7.631107,inf,2625984,2625984,55872,,False,8.228341,8.228341,153.882979
1036,105,105.000000,0.164810,0.075766,0.688134,0.637422,1.048372,1.191254,1.850236,0.000000,0.688134,1.000000,0.000000,0.000000,7.955381,inf,2933280,2933280,55872,,False,8.231154,8.231154,173.304762
1037,93,93.000000,0.175119,0.087196,0.737173,0.692283,1.316367,1.485872,2.145675,0.000000,0.737173,1.000000,0.000000,0.000000,8.109193,inf,2598048,2598048,55872,,False,8.233429,8.233429,166.860215
1038,96,96.000000,0.175576,0.077977,0.729974,0.670423,1.127869,1.297069,1.720369,0.000000,0.729974,1.000000,0.000000,0.000000,7.485805,inf,2681856,2681856,55872,,False,8.236573,8.236573,166.291667
1039,95,95.000000,0.164300,0.090100,0.745878,0.683994,1.122852,1.324442,2.742973,0.000000,0.745878,1.000000,0.000000,0.000000,8.559493,inf,2653920,2653920,55872,,False,8.239763,8.239763,156.105263
1040,112,112.000000,0.174701,0.080474,0.761553,0.712314,1.142443,1.512704,2.289410,0.000000,0.761553,1.000000,0.000000,0.000000,9.013057,inf,3128832,3128832,55872,,False,8.242763,8.242764,170.017857
1041,90,90.000000,0.184368,0.088599,0.751064,0.696676,1.228524,1.472266,1.770396,0.000000,0.751064,1.000000,0.000000,0.000000,7.973883,inf,2514240,2514240,55872,,False,8.245501,8.245500,170.955556
1042,89,89.000000,0.200726,0.087677,0.723168,0.648833,1.063241,1.529484,2.742992,0.000000,0.723168,1.000000,0.000000,0.000000,7.803275,inf,2486304,2486304,55872,,False,8.247627,8.247627,182.078652
1043,89,89.000000,0.166002,0.075657,0.701347,0.705483,1.001713,1.140984,1.584407,0.000000,0.701347,1.000000,0.000000,0.000000,6.733463,inf,2486304,2486304,55872,,False,8.250696,8.250696,157.977528
1044,83,83.000000,0.170050,0.085924,0.728246,0.684726,1.114322,1.341614,1.486026,0.000000,0.728246,1.000000,0.000000,0.000000,7.131717,inf,2318688,2318688,55872,,False,8.253194,8.253194,161.771084
1045,102,102.000000,0.162907,0.077108,0.717516,0.695799,1.043817,1.171411,1.851745,0.000000,0.717516,1.000000,0.000000,0.000000,7.865042,inf,2849472,2849472,55872,,False,8.256488,8.256487,172.568627
1046,95,95.000000,0.164658,0.097467,0.802557,0.742444,1.205565,1.578995,1.836846,0.000000,0.802557,1.000000,0.000000,0.000000,9.259375,inf,2653920,2653920,55872,,False,8.260191,8.260191,156.147368
1047,87,87.000000,0.160275,0.094006,0.788599,0.698897,1.303624,1.617917,1.897894,0.000000,0.788599,1.000000,0.000000,0.000000,8.178483,inf,2430432,2430432,55872,,False,8.263618,8.263618,141.931034
1048,86,86.000000,0.173387,0.087388,0.745529,0.707395,1.165465,1.388567,2.213817,0.000000,0.745529,1.000000,0.000000,0.000000,7.515340,inf,2402496,2402496,55872,,False,8.266497,8.266497,172.965116
1049,92,92.000000,0.176128,0.084023,0.730170,0.660292,1.129623,1.420952,2.223195,0.000000,0.730170,1.000000,0.000000,0.000000,7.730139,inf,2570112,2570112,55872,,False,8.268363,8.268363,154.663043
1050,107,107.000000,0.171406,0.086764,0.772915,0.716603,1.140380,1.606187,2.599914,0.000000,0.772915,1.000000,0.000000,0.000000,9.283762,inf,2989152,2989152,55872,,False,8.271461,8.271461,157.981308
1051,100,100.000000,0.191997,0.076904,0.708295,0.642801,1.155968,1.208821,1.848963,0.000000,0.708295,1.000000,0.000000,0.000000,7.690383,inf,2793600,2793600,55872,,False,8.273846,8.273847,184.250000
1052,89,89.000000,0.183435,0.090299,0.790290,0.726351,1.208043,1.599421,2.777102,0.000000,0.790290,1.000000,0.000000,0.000000,8.036625,inf,2486304,2486304,55872,,False,8.276303,8.276303,158.483146
1053,86,86.000000,0.173617,0.087350,0.739292,0.662304,1.176471,1.446603,2.106315,0.000000,0.739292,1.000000,0.000000,0.000000,7.512118,inf,2402496,2402496,55872,,False,8.278775,8.278775,170.534884
1054,90,90.000000,0.166746,0.091549,0.798431,0.754132,1.346097,1.521801,1.882584,0.000000,0.798431,1.000000,0.000000,0.000000,8.239414,inf,2514240,2514240,55872,,False,8.281238,8.281238,127.222222
1055,89,89.000000,0.191865,0.106674,0.861305,0.734088,1.461951,1.850001,2.781143,0.000000,0.861305,1.000000,0.000000,0.000000,9.494013,inf,2486304,2486304,55872,,False,8.283232,8.283233,156.067416
1056,97,97.000000,0.161040,0.090284,0.792307,0.724124,1.170231,1.534012,2.087722,0.000000,0.792307,1.000000,0.000000,0.000000,8.757505,inf,2709792,2709792,55872,,False,8.286291,8.286290,132.979381
1057,95,95.000000,0.173105,0.084262,0.761611,0.704752,1.218672,1.511166,1.781103,0.000000,0.761611,1.000000,0.000000,0.000000,8.004870,inf,2653920,2653920,55872,,False,8.288940,8.288939,146.336842
1058,86,86.000000,0.183958,0.073061,0.690092,0.626459,1.014142,1.134447,2.079741,0.000000,0.690092,1.000000,0.000000,0.000000,6.283216,inf,2402496,2402496,55872,,False,8.292203,8.292203,177.837209
1059,103,103.000000,0.159620,0.081519,0.790737,0.708051,1.286815,1.416603,2.200046,0.000000,0.790737,1.000000,0.000000,0.000000,8.396477,inf,2877408,2877408,55872,,False,8.295288,8.295288,159.271845
1060,89,89.000000,0.151720,0.075454,0.675796,0.634720,1.003595,1.171360,1.406982,0.000000,0.675796,1.000000,0.000000,0.000000,6.715389,inf,2486304,2486304,55872,,False,8.299293,8.299293,160.786517
1061,112,112.000000,0.164143,0.077575,0.702685,0.644074,1.117237,1.316143,2.725609,0.000000,0.702685,1.000000,0.000000,0.000000,8.688413,inf,3128832,3128832,55872,,False,8.301850,8.301850,166.419643
1062,82,82.000000,0.163076,0.093747,0.756352,0.684752,1.211006,1.440949,2.282320,0.000000,0.756352,1.000000,0.000000,0.000000,7.687284,inf,2290752,2290752,55872,,False,8.305895,8.305894,144.353659
1063,88,88.000000,0.158593,0.091135,0.730624,0.659012,1.117391,1.262000,2.409628,0.000000,0.730624,1.000000,0.000000,0.000000,8.019888,inf,2458368,2458368,55872,,False,8.308898,8.308898,153.670455
1064,93,93.000000,0.164655,0.077828,0.724328,0.693597,1.057125,1.127800,1.573933,0.000000,0.724328,1.000000,0.000000,0.000000,7.237971,inf,2598048,2598048,55872,,False,8.311165,8.311165,165.677419
1065,78,78.000000,0.183134,0.105444,0.796012,0.708849,1.208055,1.739110,2.411818,0.000000,0.796012,1.000000,0.000000,0.000000,8.224664,inf,2179008,2179008,55872,,False,8.312646,8.312647,161.217949
1066,75,75.000000,0.161315,0.086544,0.697013,0.668234,1.040281,1.203099,1.593832,0.000000,0.697013,1.000000,0.000000,0.000000,6.490773,inf,2095200,2095200,55872,,False,8.315419,8.315419,158.386667
1067,105,105.000000,0.167841,0.082912,0.768413,0.740877,1.224002,1.458610,2.343291,0.000000,0.768413,1.000000,0.000000,0.000000,8.705765,inf,2933280,2933280,55872,,False,8.318033,8.318033,147.838095
1068,93,93.000000,0.161896,0.090967,0.784438,0.709061,1.193663,1.387071,3.688302,0.000000,0.784438,1.000000,0.000000,0.000000,8.459888,inf,2598048,2598048,55872,,False,8.321477,8.321477,160.354839
1069,105,105.000000,0.168451,0.079519,0.743221,0.700509,1.071338,1.417282,2.248058,0.000000,0.743221,1.000000,0.000000,0.000000,8.349451,inf,2933280,2933280,55872,,False,8.324991,8.324991,151.257143
1070,87,87.000000,0.167221,0.082593,0.707052,0.651776,1.115819,1.321114,1.583736,0.000000,0.707052,1.000000,0.000000,0.000000,7.185633,inf,2430432,2430432,55872,,False,8.327680,8.327680,155.402299
1071,93,93.000000,0.175143,0.092941,0.757259,0.676242,1.045685,1.429697,4.389423,0.000000,0.757259,1.000000,0.000000,0.000000,8.643529,inf,2598048,2598048,55872,,False,8.329806,8.329805,180.043011
1072,93,93.000000,0.153634,0.081400,0.725650,0.660136,1.031697,1.438621,1.600472,0.000000,0.725650,1.000000,0.000000,0.000000,7.570229,inf,2598048,2598048,55872,,False,8.333056,8.333056,150.698925
1073,103,103.000000,0.178901,0.072029,0.701355,0.679817,1.015482,1.173785,1.425219,0.000000,0.701355,1.000000,0.000000,0.000000,7.419004,inf,2877408,2877408,55872,,False,8.336321,8.336321,162.689320
1074,103,103.000000,0.164201,0.078586,0.706859,0.595811,1.124551,1.335660,1.826198,0.000000,0.706859,1.000000,0.000000,0.000000,8.094389,inf,2877408,2877408,55872,,False,8.339344,8.339344,171.281553
1075,92,92.000000,0.189873,0.089229,0.768214,0.705453,1.199697,1.337746,1.839440,0.000000,0.768214,1.000000,0.000000,0.000000,8.209051,inf,2570112,2570112,55872,,False,8.340698,8.340698,167.076087
1076,90,90.000000,0.164791,0.095574,0.806557,0.716599,1.290087,1.516782,2.705333,0.000000,0.806557,1.000000,0.000000,0.000000,8.601662,inf,2514240,2514240,55872,,False,8.343674,8.343674,129.077778
1077,90,90.000000,0.171667,0.080156,0.717071,0.683540,1.083113,1.205544,1.854359,0.000000,0.717071,1.000000,0.000000,0.000000,7.214073,inf,2514240,2514240,55872,,False,8.346626,8.346626,160.300000
1078,75,75.000000,0.157808,0.082799,0.661867,0.637350,1.051976,1.456835,2.181163,0.000000,0.661867,1.000000,0.000000,0.000000,6.209948,inf,2095200,2095200,55872,,False,8.349236,8.349236,172.586667
1079,100,100.000000,0.180422,0.080093,0.727116,0.676200,1.092843,1.221198,2.009557,0.000000,0.727116,1.000000,0.000000,0.000000,8.009290,inf,2793600,2793600,55872,,False,8.352509,8.352509,161.820000
1080,93,93.000000,0.157921,0.094240,0.778399,0.686137,1.263975,1.706699,2.345441,0.000000,0.778399,1.000000,0.000000,0.000000,8.764284,inf,2598048,2598048,55872,,False,8.355365,8.355365,144.806452
1081,80,80.000000,0.160921,0.087737,0.724149,0.673167,1.061378,1.162400,1.770842,0.000000,0.724149,1.000000,0.000000,0.000000,7.018927,inf,2234880,2234880,55872,,False,8.358869,8.358870,147.875000
1082,103,103.000000,0.162611,0.074969,0.715853,0.670626,1.090282,1.161188,1.834605,0.000000,0.715853,1.000000,0.000000,0.000000,7.721798,inf,2877408,2877408,55872,,False,8.362190,8.362190,175.631068
1083,88,88.000000,0.173622,0.087630,0.760136,0.687454,1.175285,1.275245,2.164022,0.000000,0.760136,1.000000,0.000000,0.000000,7.711460,inf,2458368,2458368,55872,,False,8.364487,8.364487,150.181818
1084,97,97.000000,0.145456,0.078439,0.703595,0.644314,1.090240,1.259273,2.244861,0.000000,0.703595,1.000000,0.000000,0.000000,7.608616,inf,2709792,2709792,55872,,False,8.368626,8.368626,151.381443
1085,104,104.000000,0.191291,0.080531,0.732884,0.695040,1.153112,1.351069,2.360765,0.000000,0.732884,1.000000,0.000000,0.000000,8.375276,inf,2905344,2905344,55872,,False,8.370634,8.370634,185.250000
1086,94,94.000000,0.163064,0.081897,0.696583,0.619644,1.070853,1.343338,2.044600,0.000000,0.696583,1.000000,0.000000,0.000000,7.698334,inf,2625984,2625984,55872,,False,8.374506,8.374506,145.957447
1087,91,91.000000,0.183573,0.084290,0.748380,0.689489,1.098696,1.240633,2.453214,0.000000,0.748380,1.000000,0.000000,0.000000,7.670421,inf,2542176,2542176,55872,,False,8.377455,8.377455,174.967033
1088,88,88.000000,0.177451,0.088896,0.752855,0.704397,1.188348,1.351363,2.126141,0.000000,0.752855,1.000000,0.000000,0.000000,7.822846,inf,2458368,2458368,55872,,False,8.380080,8.380080,166.534091
1089,105,105.000000,0.187495,0.081541,0.735780,0.646955,1.237722,1.660570,2.436418,0.000000,0.735780,1.000000,0.000000,0.000000,8.561839,inf,2933280,2933280,55872,,False,8.382589,8.382590,193.295238
1090,93,93.000000,0.171754,0.090349,0.783035,0.699766,1.197474,1.448291,2.028393,0.000000,0.783035,1.000000,0.000000,0.000000,8.402420,inf,2598048,2598048,55872,,False,8.384748,8.384748,152.731183
1091,87,87.000000,0.194454,0.093012,0.752598,0.680772,1.179761,1.267129,2.812354,0.000000,0.752598,1.000000,0.000000,0.000000,8.092058,inf,2430432,2430432,55872,,False,8.386621,8.386621,184.183908
1092,94,94.000000,0.159498,0.085419,0.766783,0.693534,1.201558,1.287404,2.052783,0.000000,0.766783,1.000000,0.000000,0.000000,8.029428,inf,2625984,2625984,55872,,False,8.389719,8.389719,142.191489
1093,98,98.000000,0.170863,0.084582,0.752923,0.716031,1.180946,1.290392,2.074503,0.000000,0.752923,1.000000,0.000000,0.000000,8.289017,inf,2737728,2737728,55872,,False,8.393956,8.393955,146.724490
1094,86,86.000000,0.168535,0.080570,0.704376,0.641306,1.030257,1.168926,1.489461,0.000000,0.704376,1.000000,0.000000,0.000000,6.928999,inf,2402496,2402496,55872,,False,8.397830,8.397830,166.232558
1095,92,92.000000,0.176312,0.077232,0.700408,0.670230,0.985311,1.230298,1.493673,0.000000,0.700408,1.000000,0.000000,0.000000,7.105326,inf,2570112,2570112,55872,,False,8.400505,8.400505,174.119565
1096,104,104.000000,0.150839,0.086918,0.796769,0.686853,1.399975,1.574102,2.640297,0.000000,0.796769,1.000000,0.000000,0.000000,9.039515,inf,2905344,2905344,55872,,False,8.404263,8.404262,133.076923
1097,99,99.000000,0.173954,0.080059,0.729068,0.653112,1.165140,1.421741,2.369370,0.000000,0.729068,1.000000,0.000000,0.000000,7.925835,inf,2765664,2765664,55872,,False,8.407928,8.407928,173.464646
1098,76,76.000000,0.157609,0.101688,0.790773,0.678907,1.131807,1.751651,2.703773,0.000000,0.790773,1.000000,0.000000,0.000000,7.728298,inf,2123136,2123136,55872,,False,8.410333,8.410333,143.763158
1099,101,101.000000,0.169709,0.082627,0.755825,0.629389,1.216355,1.632307,2.491722,0.000000,0.755825,1.000000,0.000000,0.000000,8.345309,inf,2821536,2821536,55872,,False,8.413145,8.413145,164.148515
1100,102,102.000000,0.171771,0.076884,0.679424,0.595180,1.132470,1.282679,1.825519,0.000000,0.679424,1.000000,0.000000,0.000000,7.842141,inf,2849472,2849472,55872,,False,8.415614,8.415614,171.794118
1101,107,107.000000,0.177039,0.086518,0.797996,0.679197,1.195810,1.680496,3.356570,0.000000,0.797996,1.000000,0.000000,0.000000,9.257384,inf,2989152,2989152,55872,,False,8.417252,8.417252,176.813084
1102,96,96.000000,0.172997,0.090905,0.741437,0.653082,1.282890,1.355197,2.271968,0.000000,0.741437,1.000000,0.000000,0.000000,8.726845,inf,2681856,2681856,55872,,False,8.419880,8.419880,168.052083
1103,100,100.000000,0.171661,0.076963,0.675172,0.637386,0.983422,1.061987,2.262280,0.000000,0.675172,1.000000,0.000000,0.000000,7.696267,inf,2793600,2793600,55872,,False,8.422808,8.422808,171.720000
1104,92,92.000000,0.163652,0.082296,0.741037,0.663072,1.125534,1.254819,1.827426,0.000000,0.741037,1.000000,0.000000,0.000000,7.571217,inf,2570112,2570112,55872,,False,8.425583,8.425583,149.934783
1105,92,92.000000,0.160462,0.082976,0.726037,0.626871,1.120966,1.309167,3.184186,0.000000,0.726037,1.000000,0.000000,0.000000,7.633788,inf,2570112,2570112,55872,,False,8.428774,8.428774,153.086957
1106,85,85.000000,0.160543,0.080740,0.696569,0.713784,1.000895,1.082698,1.868561,0.000000,0.696569,1.000000,0.000000,0.000000,6.862893,inf,2374560,2374560,55872,,False,8.432636,8.432636,147.458824
1107,107,107.000000,0.168382,0.072651,0.707565,0.640818,1.065123,1.338475,2.013784,0.000000,0.707565,1.000000,0.000000,0.000000,7.773651,inf,2989152,2989152,55872,,False,8.436165,8.436165,176.093458
1108,83,83.000000,0.155223,0.074876,0.650860,0.598707,1.039904,1.205362,1.370925,0.000000,0.650860,1.000000,0.000000,0.000000,6.214731,inf,2318688,2318688,55872,,False,8.439384,8.439384,173.987952
1109,91,91.000000,0.173639,0.088866,0.786509,0.702694,1.352193,1.611039,2.711424,0.000000,0.786509,1.000000,0.000000,0.000000,8.086845,inf,2542176,2542176,55872,,False,8.441813,8.441813,162.373626
1110,99,99.000000,0.174431,0.088012,0.780123,0.674643,1.260213,1.578737,2.251191,0.000000,0.780123,1.000000,0.000000,0.000000,8.713150,inf,2765664,2765664,55872,,False,8.444427,8.444427,160.919192
1111,99,99.000000,0.158924,0.079594,0.749729,0.685858,1.097219,1.265021,1.973577,0.000000,0.749729,1.000000,0.000000,0.000000,7.879808,inf,2765664,2765664,55872,,False,8.447069,8.447069,149.404040
1112,79,79.000000,0.169453,0.090194,0.719065,0.647178,1.111525,1.208407,1.843937,0.000000,0.719065,1.000000,0.000000,0.000000,7.125360,inf,2206944,2206944,55872,,False,8.450240,8.450240,165.860759
1113,91,91.000000,0.173232,0.097052,0.799109,0.710032,1.237187,1.670469,2.246698,0.000000,0.799109,1.000000,0.000000,0.000000,8.831761,inf,2542176,2542176,55872,,False,8.452537,8.452537,145.054945
1114,82,82.000000,0.165444,0.090728,0.722709,0.682935,1.198927,1.277212,1.974029,0.000000,0.722709,1.000000,0.000000,0.000000,7.439714,inf,2290752,2290752,55872,,False,8.455195,8.455194,182.682927
1115,103,103.000000,0.161871,0.079268,0.723915,0.665198,1.175088,1.348810,2.114866,0.000000,0.723915,1.000000,0.000000,0.000000,8.164613,inf,2877408,2877408,55872,,False,8.458735,8.458735,163.213592
1116,114,114.000000,0.176890,0.077882,0.745957,0.700444,1.041736,1.367998,2.783402,0.000000,0.745957,1.000000,0.000000,0.000000,8.878564,inf,3184704,3184704,55872,,False,8.460876,8.460876,166.535088
1117,87,87.000000,0.185112,0.084216,0.700720,0.639150,1.144138,1.248177,1.876567,0.000000,0.700720,1.000000,0.000000,0.000000,7.326809,inf,2430432,2430432,55872,,False,8.463562,8.463562,166.747126
1118,99,99.000000,0.178862,0.088666,0.761492,0.657300,1.280867,1.467823,2.432579,0.000000,0.761492,1.000000,0.000000,0.000000,8.777899,inf,2765664,2765664,55872,,False,8.466715,8.466715,169.939394
1119,118,118.000000,0.165465,0.080559,0.744178,0.665420,1.271829,1.353058,2.733559,0.000000,0.744178,1.000000,0.000000,0.000000,9.505970,inf,3296448,3296448,55872,,False,8.469177,8.469177,153.245763
1120,94,94.000000,0.149033,0.087999,0.747259,0.650448,1.203634,1.491665,2.639169,0.000000,0.747259,1.000000,0.000000,0.000000,8.271951,inf,2625984,2625984,55872,,False,8.472464,8.472464,157.106383
1121,94,94.000000,0.162503,0.094051,0.781164,0.709885,1.153826,1.504376,2.105391,0.000000,0.781164,1.000000,0.000000,0.000000,8.840803,inf,2625984,2625984,55872,,False,8.475314,8.475314,151.000000
1122,87,87.000000,0.171251,0.089916,0.779021,0.687452,1.305707,1.487283,1.919338,0.000000,0.779021,1.000000,0.000000,0.000000,7.822693,inf,2430432,2430432,55872,,False,8.478157,8.478157,146.908046
1123,75,75.000000,0.165723,0.104487,0.796222,0.717563,1.214836,1.432420,2.488680,0.000000,0.796222,1.000000,0.000000,0.000000,7.836511,inf,2095200,2095200,55872,,False,8.480441,8.480440,160.520000
1124,82,82.000000,0.163616,0.096814,0.750529,0.675724,1.149014,1.357887,2.803536,0.000000,0.750529,1.000000,0.000000,0.000000,7.938781,inf,2290752,2290752,55872,,False,8.482680,8.482679,163.560976
1125,96,96.000000,0.164226,0.097352,0.787003,0.693591,1.213814,1.315519,4.666377,0.000000,0.787003,1.000000,0.000000,0.000000,9.345772,inf,2681856,2681856,55872,,False,8.485222,8.485222,147.239583
1126,101,101.000000,0.158871,0.085296,0.765698,0.722609,1.190727,1.601362,1.957626,0.000000,0.765698,1.000000,0.000000,0.000000,8.614874,inf,2821536,2821536,55872,,False,8.488058,8.488058,150.900990
1127,90,90.000000,0.176969,0.095188,0.816613,0.736132,1.372412,1.563276,2.818641,0.000000,0.816613,1.000000,0.000000,0.000000,8.566942,inf,2514240,2514240,55872,,False,8.490217,8.490217,152.755556
1128,107,107.000000,0.159974,0.078343,0.731648,0.642656,1.189467,1.436164,2.302115,0.000000,0.731648,1.000000,0.000000,0.000000,8.382694,inf,2989152,2989152,55872,,False,8.493219,8.493219,174.065421
1129,94,94.000000,0.167489,0.098738,0.780577,0.689198,1.153749,1.261376,4.419432,0.000000,0.780577,1.000000,0.000000,0.000000,9.281390,inf,2625984,2625984,55872,,False,8.496166,8.496167,166.297872
1130,102,102.000000,0.171099,0.087623,0.787073,0.700510,1.143763,1.442970,3.795787,0.000000,0.787073,1.000000,0.000000,0.000000,8.937504,inf,2849472,2849472,55872,,False,8.498210,8.498210,160.872549
1131,100,100.000000,0.171886,0.082426,0.745808,0.652457,1.190154,1.307947,2.070926,0.000000,0.745808,1.000000,0.000000,0.000000,8.242618,inf,2793600,2793600,55872,,False,8.500689,8.500689,168.470000
1132,106,106.000000,0.150243,0.079895,0.771275,0.740216,1.232345,1.292210,1.789130,0.000000,0.771275,1.000000,0.000000,0.000000,8.468861,inf,2961216,2961216,55872,,False,8.503954,8.503954,119.613208
1133,99,99.000000,0.162027,0.076224,0.718765,0.665754,1.101132,1.291760,2.226111,0.000000,0.718765,1.000000,0.000000,0.000000,7.546188,inf,2765664,2765664,55872,,False,8.507589,8.507590,143.737374
1134,86,86.000000,0.187752,0.079771,0.706059,0.663311,1.066235,1.160132,1.591745,0.000000,0.706059,1.000000,0.000000,0.000000,6.860301,inf,2402496,2402496,55872,,False,8.510339,8.510338,193.883721
1135,93,93.000000,0.181059,0.080011,0.685676,0.630081,0.973611,1.168831,2.046929,0.000000,0.685676,1.000000,0.000000,0.000000,7.441052,inf,2598048,2598048,55872,,False,8.512851,8.512851,185.473118
1136,93,93.000000,0.181295,0.078646,0.697384,0.622586,1.019045,1.158298,2.111340,0.000000,0.697384,1.000000,0.000000,0.000000,7.314121,inf,2598048,2598048,55872,,False,8.514355,8.514356,186.612903
1137,93,93.000000,0.150719,0.086338,0.729261,0.640275,1.194425,1.392978,2.808554,0.000000,0.729261,1.000000,0.000000,0.000000,8.029399,inf,2598048,2598048,55872,,False,8.517079,8.517079,155.225806
1138,99,99.000000,0.159660,0.083139,0.722958,0.664858,1.151197,1.378440,2.783563,0.000000,0.722958,1.000000,0.000000,0.000000,8.230725,inf,2765664,2765664,55872,,False,8.519742,8.519742,163.878788
1139,108,108.000000,0.157560,0.080757,0.754747,0.643665,1.206177,1.464345,2.902438,0.000000,0.754747,1.000000,0.000000,0.000000,8.721790,inf,3017088,3017088,55872,,False,8.522847,8.522847,151.962963
1140,95,95.000000,0.187101,0.091386,0.751256,0.636933,1.242048,1.487741,3.615267,0.000000,0.751256,1.000000,0.000000,0.000000,8.681641,inf,2653920,2653920,55872,,False,8.525582,8.525582,190.884211
1141,102,102.000000,0.169609,0.084478,0.722207,0.646437,1.095282,1.332868,3.477228,0.000000,0.722207,1.000000,0.000000,0.000000,8.616802,inf,2849472,2849472,55872,,False,8.528041,8.528041,158.843137
1142,85,85.000000,0.165042,0.095913,0.784742,0.702755,1.174274,1.664754,2.782424,0.000000,0.784742,1.000000,0.000000,0.000000,8.152570,inf,2374560,2374560,55872,,False,8.530620,8.530620,168.058824
1143,85,85.000000,0.175734,0.095070,0.770643,0.682933,1.173998,1.370468,3.784175,0.000000,0.770643,1.000000,0.000000,0.000000,8.080933,inf,2374560,2374560,55872,,False,8.533120,8.533120,173.482353
1144,90,90.000000,0.156960,0.092004,0.792140,0.737434,1.188759,1.400540,2.443961,0.000000,0.792140,1.000000,0.000000,0.000000,8.280365,inf,2514240,2514240,55872,,False,8.536348,8.536348,136.777778
1145,92,92.000000,0.164351,0.086633,0.699180,0.586269,1.113834,1.308551,2.455117,0.000000,0.699180,1.000000,0.000000,0.000000,7.970236,inf,2570112,2570112,55872,,False,8.539124,8.539124,173.532609
1146,92,92.000000,0.176610,0.096260,0.782738,0.662304,1.300964,1.597625,2.307122,0.000000,0.782738,1.000000,0.000000,0.000000,8.855950,inf,2570112,2570112,55872,,False,8.542037,8.542036,170.304348
1147,94,94.000000,0.165267,0.093090,0.790891,0.722023,1.124587,1.220563,3.893713,0.000000,0.790891,1.000000,0.000000,0.000000,8.750490,inf,2625984,2625984,55872,,False,8.545053,8.545053,146.702128
1148,87,87.000000,0.172513,0.090221,0.764892,0.714923,1.090490,1.440737,3.062820,0.000000,0.764892,1.000000,0.000000,0.000000,7.849228,inf,2430432,2430432,55872,,False,8.548207,8.548207,159.988506
1149,83,83.000000,0.166825,0.089650,0.726002,0.656356,1.096303,1.273171,1.874878,0.000000,0.726002,1.000000,0.000000,0.000000,7.440977,inf,2318688,2318688,55872,,False,8.551424,8.551424,168.433735
1150,95,95.000000,0.179129,0.073692,0.663295,0.626033,0.955928,1.135368,1.988090,0.000000,0.663295,1.000000,0.000000,0.000000,7.000757,inf,2653920,2653920,55872,,False,8.554416,8.554416,194.863158
1151,99,99.000000,0.163562,0.086231,0.756628,0.681909,1.271050,1.477228,2.083783,0.000000,0.756628,1.000000,0.000000,0.000000,8.536836,inf,2765664,2765664,55872,,False,8.558197,8.558197,152.606061
1152,79,79.000000,0.170558,0.094491,0.771348,0.690465,1.328385,1.432489,1.771364,0.000000,0.771348,1.000000,0.000000,0.000000,7.464780,inf,2206944,2206944,55872,,False,8.560647,8.560647,162.012658
1153,89,89.000000,0.156064,0.089394,0.753723,0.704900,1.146716,1.227436,2.915314,0.000000,0.753723,1.000000,0.000000,0.000000,7.956085,inf,2486304,2486304,55872,,False,8.564350,8.564350,165.393258
1154,87,87.000000,0.162734,0.081976,0.701369,0.657789,1.028394,1.155750,1.682536,0.000000,0.701369,1.000000,0.000000,0.000000,7.131922,inf,2430432,2430432,55872,,False,8.567461,8.567461,168.011494
1155,91,91.000000,0.158490,0.084789,0.743172,0.663309,1.139255,1.495473,2.421372,0.000000,0.743172,1.000000,0.000000,0.000000,7.715773,inf,2542176,2542176,55872,,False,8.570926,8.570926,142.659341
1156,94,94.000000,0.180766,0.079191,0.731006,0.683987,1.088873,1.201430,1.740360,0.000000,0.731006,1.000000,0.000000,0.000000,7.443931,inf,2625984,2625984,55872,,False,8.573056,8.573056,169.712766
1157,112,112.000000,0.157703,0.076644,0.760325,0.687010,1.231370,1.412473,2.221388,0.000000,0.760325,1.000000,0.000000,0.000000,8.584148,inf,3128832,3128832,55872,,False,8.576065,8.576066,161.357143
1158,100,100.000000,0.160214,0.077254,0.705747,0.656598,1.201082,1.307151,1.903043,0.000000,0.705747,1.000000,0.000000,0.000000,7.725443,inf,2793600,2793600,55872,,False,8.578735,8.578735,155.140000
1159,88,88.000000,0.161171,0.096135,0.823724,0.744687,1.344150,1.753719,2.898687,0.000000,0.823724,1.000000,0.000000,0.000000,8.459856,inf,2458368,2458368,55872,,False,8.581038,8.581038,142.295455
1160,104,104.000000,0.147257,0.076667,0.710266,0.699366,1.105269,1.253984,1.854487,0.000000,0.710266,1.000000,0.000000,0.000000,7.973362,inf,2905344,2905344,55872,,False,8.584285,8.584286,161.125000
1161,100,100.000000,0.166915,0.082225,0.702089,0.611093,1.173963,1.276871,2.144106,0.000000,0.702089,1.000000,0.000000,0.000000,8.222460,inf,2793600,2793600,55872,,False,8.588187,8.588187,165.810000
1162,106,106.000000,0.167224,0.079901,0.720069,0.691527,1.068520,1.228928,1.664718,0.000000,0.720069,1.000000,0.000000,0.000000,8.469469,inf,2961216,2961216,55872,,False,8.591096,8.591096,167.339623
1163,89,89.000000,0.175556,0.082458,0.704041,0.613468,1.138231,1.395356,1.956994,0.000000,0.704041,1.000000,0.000000,0.000000,7.338763,inf,2486304,2486304,55872,,False,8.593925,8.593925,193.202247
1164,87,87.000000,0.176430,0.078424,0.687489,0.637882,1.086748,1.295147,1.485501,0.000000,0.687489,1.000000,0.000000,0.000000,6.822904,inf,2430432,2430432,55872,,False,8.596639,8.596639,186.563218
1165,105,105.000000,0.164711,0.083798,0.743668,0.665423,1.190062,1.267965,2.297668,0.000000,0.743668,1.000000,0.000000,0.000000,8.798809,inf,2933280,2933280,55872,,False,8.598906,8.598906,169.047619
1166,90,90.000000,0.167028,0.095283,0.811308,0.708152,1.272825,1.625887,2.452576,0.000000,0.811308,1.000000,0.000000,0.000000,8.575485,inf,2514240,2514240,55872,,False,8.601216,8.601217,140.466667
1167,105,105.000000,0.165116,0.077615,0.723805,0.668393,1.173422,1.292499,1.782176,0.000000,0.723805,1.000000,0.000000,0.000000,8.149595,inf,2933280,2933280,55872,,False,8.603375,8.603375,167.695238
1168,101,101.000000,0.166653,0.085219,0.774538,0.676341,1.260322,1.414639,2.540893,0.000000,0.774538,1.000000,0.000000,0.000000,8.607151,inf,2821536,2821536,55872,,False,8.606310,8.606310,164.000000
1169,102,102.000000,0.175835,0.082061,0.741558,0.653912,1.239002,1.453456,2.604834,0.000000,0.741558,1.000000,0.000000,0.000000,8.370243,inf,2849472,2849472,55872,,False,8.608391,8.608391,189.549020
1170,89,89.000000,0.173852,0.084583,0.709697,0.682071,1.070133,1.275421,1.677644,0.000000,0.709697,1.000000,0.000000,0.000000,7.527843,inf,2486304,2486304,55872,,False,8.610953,8.610953,180.280899
1171,105,105.000000,0.172796,0.077488,0.758437,0.732440,1.206683,1.290243,1.687347,0.000000,0.758437,1.000000,0.000000,0.000000,8.136267,inf,2933280,2933280,55872,,False,8.613508,8.613507,171.047619
1172,89,89.000000,0.166183,0.095834,0.766482,0.675646,1.123947,1.362052,2.368073,0.000000,0.766482,1.000000,0.000000,0.000000,8.529236,inf,2486304,2486304,55872,,False,8.614779,8.614779,149.966292
1173,76,76.000000,0.163727,0.089894,0.740777,0.649384,1.180015,1.352543,1.894660,0.000000,0.740777,1.000000,0.000000,0.000000,6.831971,inf,2123136,2123136,55872,,False,8.617497,8.617497,156.250000
1174,97,97.000000,0.159991,0.100464,0.809234,0.682697,1.173643,1.550144,5.899668,0.000000,0.809234,1.000000,0.000000,0.000000,9.744968,inf,2709792,2709792,55872,,False,8.620226,8.620226,148.030928
1175,101,101.000000,0.163213,0.083349,0.732681,0.679282,1.087097,1.343704,2.809315,0.000000,0.732681,1.000000,0.000000,0.000000,8.418245,inf,2821536,2821536,55872,,False,8.623019,8.623019,160.366337
1176,89,89.000000,0.178032,0.080022,0.724631,0.648334,1.093238,1.357068,1.886185,0.000000,0.724631,1.000000,0.000000,0.000000,7.121930,inf,2486304,2486304,55872,,False,8.625026,8.625026,164.000000
1177,96,96.000000,0.162590,0.077082,0.668570,0.605028,1.033994,1.294400,2.742617,0.000000,0.668570,1.000000,0.000000,0.000000,7.399874,inf,2681856,2681856,55872,,False,8.628537,8.628537,183.781250
1178,89,89.000000,0.170537,0.087956,0.740447,0.680665,1.224617,1.478606,1.914855,0.000000,0.740447,1.000000,0.000000,0.000000,7.828126,inf,2486304,2486304,55872,,False,8.630841,8.630840,176.202247
1179,111,111.000000,0.167045,0.081361,0.773283,0.670299,1.233005,1.352306,2.287414,0.000000,0.773283,1.000000,0.000000,0.000000,9.031020,inf,3100896,3100896,55872,,False,8.633054,8.633053,161.171171
1180,108,108.000000,0.163721,0.078188,0.734315,0.681021,1.095916,1.245277,2.352415,0.000000,0.734315,1.000000,0.000000,0.000000,8.444335,inf,3017088,3017088,55872,,False,8.635728,8.635728,170.935185
1181,90,90.000000,0.176992,0.083261,0.701855,0.632977,1.031569,1.187244,2.060758,0.000000,0.701855,1.000000,0.000000,0.000000,7.493485,inf,2514240,2514240,55872,,False,8.638114,8.638114,177.922222
1182,98,98.000000,0.166157,0.075005,0.715966,0.647836,1.118184,1.370645,1.728617,0.000000,0.715966,1.000000,0.000000,0.000000,7.350513,inf,2737728,2737728,55872,,False,8.640917,8.640917,187.724490
1183,92,92.000000,0.148072,0.081770,0.755094,0.704554,1.139546,1.474826,1.668158,0.000000,0.755094,1.000000,0.000000,0.000000,7.522866,inf,2570112,2570112,55872,,False,8.644206,8.644206,144.641304
1184,86,86.000000,0.151852,0.099022,0.800031,0.710319,1.294555,1.547226,2.032230,0.000000,0.800031,1.000000,0.000000,0.000000,8.515882,inf,2402496,2402496,55872,,False,8.647336,8.647336,149.906977
1185,93,93.000000,0.149120,0.087647,0.776967,0.676841,1.173385,1.479209,1.941425,0.000000,0.776967,1.000000,0.000000,0.000000,8.151182,inf,2598048,2598048,55872,,False,8.650217,8.650217,134.032258
1186,92,92.000000,0.152911,0.081063,0.722850,0.670323,1.101157,1.328727,1.756674,0.000000,0.722850,1.000000,0.000000,0.000000,7.457835,inf,2570112,2570112,55872,,False,8.654614,8.654614,157.760870
1187,95,95.000000,0.160289,0.088261,0.794779,0.748860,1.274417,1.436801,1.939600,0.000000,0.794779,1.000000,0.000000,0.000000,8.384790,inf,2653920,2653920,55872,,False,8.656762,8.656762,145.021053
1188,97,97.000000,0.167066,0.095098,0.801293,0.712096,1.277965,1.556109,1.952511,0.000000,0.801293,1.000000,0.000000,0.000000,9.224547,inf,2709792,2709792,55872,,False,8.659100,8.659100,166.402062
1189,93,93.000000,0.180769,0.078498,0.687279,0.632070,1.099568,1.377217,1.613365,0.000000,0.687279,1.000000,0.000000,0.000000,7.300334,inf,2598048,2598048,55872,,False,8.661497,8.661497,186.946237
1190,90,90.000000,0.153421,0.084926,0.709034,0.637512,1.053253,1.403236,2.268789,0.000000,0.709034,1.000000,0.000000,0.000000,7.643345,inf,2514240,2514240,55872,,False,8.664988,8.664988,171.566667
1191,84,84.000000,0.177659,0.096884,0.783564,0.717940,1.188174,1.420260,2.310267,0.000000,0.783564,1.000000,0.000000,0.000000,8.138278,inf,2346624,2346624,55872,,False,8.667117,8.667117,164.714286
1192,95,95.000000,0.151061,0.091084,0.753394,0.621061,1.239096,1.640125,2.931935,0.000000,0.753394,1.000000,0.000000,0.000000,8.652981,inf,2653920,2653920,55872,,False,8.670485,8.670485,166.631579
1193,87,87.000000,0.183120,0.078421,0.701113,0.625530,1.030706,1.211111,1.566957,0.000000,0.701113,1.000000,0.000000,0.000000,6.822664,inf,2430432,2430432,55872,,False,8.673302,8.673302,190.482759
1194,90,90.000000,0.159296,0.079980,0.687343,0.644740,1.145023,1.216399,1.746489,0.000000,0.687343,1.000000,0.000000,0.000000,7.198193,inf,2514240,2514240,55872,,False,8.676150,8.676150,189.711111
1195,74,74.000000,0.163102,0.104531,0.782283,0.740766,1.134302,1.571058,2.436501,0.000000,0.782283,1.000000,0.000000,0.000000,7.735329,inf,2067264,2067264,55872,,False,8.678634,8.678635,157.000000
1196,98,98.000000,0.163684,0.081921,0.741023,0.696449,1.224381,1.303858,1.801142,0.000000,0.741023,1.000000,0.000000,0.000000,8.028277,inf,2737728,2737728,55872,,False,8.681067,8.681067,165.459184
1197,90,90.000000,0.167832,0.087124,0.755349,0.703272,1.133047,1.424624,1.989164,0.000000,0.755349,1.000000,0.000000,0.000000,7.841155,inf,2514240,2514240,55872,,False,8.683514,8.683513,162.388889
1198,87,87.000000,0.155841,0.100156,0.824089,0.775010,1.246822,1.394265,2.452926,0.000000,0.824089,1.000000,0.000000,0.000000,8.713572,inf,2430432,2430432,55872,,False,8.686254,8.686255,133.827586
1199,76,76.000000,0.166201,0.096998,0.779366,0.716900,1.230087,1.428435,2.134120,0.000000,0.779366,1.000000,0.000000,0.000000,7.371881,inf,2123136,2123136,55872,,False,8.688832,8.688832,149.157895
1200,88,88.000000,0.147996,0.073381,0.691449,0.637832,1.084844,1.178294,2.337017,0.000000,0.691449,1.000000,0.000000,0.000000,6.457546,inf,2458368,2458368,55872,,False,8.692818,8.692818,177.125000
1201,96,96.000000,0.136221,0.085648,0.754902,0.729158,1.250892,1.380225,1.938277,0.000000,0.754902,1.000000,0.000000,0.000000,8.222168,inf,2681856,2681856,55872,,False,8.696454,8.696454,142.093750
1202,91,91.000000,0.165360,0.077631,0.670019,0.665531,0.988103,1.081031,1.720020,0.000000,0.670019,1.000000,0.000000,0.000000,7.064424,inf,2542176,2542176,55872,,False,8.699097,8.699097,168.461538
1203,102,102.000000,0.175661,0.076467,0.735709,0.696208,1.079411,1.323220,1.814680,0.000000,0.735709,1.000000,0.000000,0.000000,7.799633,inf,2849472,2849472,55872,,False,8.701671,8.701672,182.352941
1204,95,95.000000,0.146256,0.075010,0.677443,0.628500,1.017779,1.242889,1.503804,0.000000,0.677443,1.000000,0.000000,0.000000,7.125978,inf,2653920,2653920,55872,,False,8.705622,8.705622,155.747368
1205,91,91.000000,0.160877,0.082308,0.711920,0.649445,1.209520,1.374411,1.599121,0.000000,0.711920,1.000000,0.000000,0.000000,7.490020,inf,2542176,2542176,55872,,False,8.708065,8.708065,155.351648
1206,106,106.000000,0.155265,0.076101,0.696470,0.639521,1.095642,1.390648,1.814906,0.000000,0.696470,1.000000,0.000000,0.000000,8.066710,inf,2961216,2961216,55872,,False,8.710944,8.710943,164.084906
1207,96,96.000000,0.147557,0.087016,0.770779,0.688374,1.335431,1.481587,1.831433,0.000000,0.770779,1.000000,0.000000,0.000000,8.353558,inf,2681856,2681856,55872,,False,8.713678,8.713678,154.541667
1208,105,105.000000,0.153735,0.079881,0.770139,0.724943,1.100079,1.478648,2.201942,0.000000,0.770139,1.000000,0.000000,0.000000,8.387525,inf,2933280,2933280,55872,,False,8.716898,8.716897,150.447619
1209,77,77.000000,0.156851,0.098152,0.764896,0.689235,1.193404,1.449986,2.362472,0.000000,0.764896,1.000000,0.000000,0.000000,7.557730,inf,2151072,2151072,55872,,False,8.718632,8.718631,148.779221
1210,98,98.000000,0.167271,0.118616,0.849421,0.686024,1.323694,1.701865,7.784321,0.000000,0.849421,1.000000,0.000000,0.000000,11.624405,inf,2737728,2737728,55872,,False,8.720646,8.720646,161.183673
1211,93,93.000000,0.190330,0.074298,0.663388,0.617957,0.966494,1.116536,1.479662,0.000000,0.663388,1.000000,0.000000,0.000000,6.909707,inf,2598048,2598048,55872,,False,8.722470,8.722470,199.956989
1212,99,99.000000,0.160519,0.079475,0.713572,0.611301,1.118901,1.337283,1.832306,0.000000,0.713572,1.000000,0.000000,0.000000,7.868044,inf,2765664,2765664,55872,,False,8.725463,8.725463,188.737374
1213,100,100.000000,0.175361,0.082189,0.754824,0.690141,1.249069,1.322065,2.331550,0.000000,0.754824,1.000000,0.000000,0.000000,8.218868,inf,2793600,2793600,55872,,False,8.728821,8.728821,157.770000
1214,101,101.000000,0.146645,0.084375,0.758665,0.667105,1.226284,1.570319,2.391410,0.000000,0.758665,1.000000,0.000000,0.000000,8.521880,inf,2821536,2821536,55872,,False,8.731604,8.731604,147.821782
1215,90,90.000000,0.156197,0.087531,0.750795,0.702400,1.166719,1.368360,1.860800,0.000000,0.750795,1.000000,0.000000,0.000000,7.877792,inf,2514240,2514240,55872,,False,8.735157,8.735157,151.588889
1216,90,90.000000,0.155696,0.087904,0.754839,0.686515,1.268461,1.537857,2.865816,0.000000,0.754839,1.000000,0.000000,0.000000,7.911315,inf,2514240,2514240,55872,,False,8.737397,8.737397,157.111111
1217,105,105.000000,0.160848,0.090063,0.744459,0.640048,1.109006,1.351881,4.841216,0.000000,0.744459,1.000000,0.000000,0.000000,9.456569,inf,2933280,2933280,55872,,False,8.739453,8.739453,156.980952
1218,95,95.000000,0.159358,0.081640,0.753786,0.699199,1.150560,1.305938,2.012820,0.000000,0.753786,1.000000,0.000000,0.000000,7.755820,inf,2653920,2653920,55872,,False,8.741751,8.741751,151.189474
1219,106,106.000000,0.155737,0.077601,0.717306,0.637599,1.245834,1.392014,1.938151,0.000000,0.717306,1.000000,0.000000,0.000000,8.225689,inf,2961216,2961216,55872,,False,8.744596,8.744596,159.603774
1220,81,81.000000,0.157875,0.091136,0.745437,0.706289,1.208192,1.269977,1.728896,0.000000,0.745437,1.000000,0.000000,0.000000,7.382007,inf,2262816,2262816,55872,,False,8.747580,8.747580,154.975309
1221,85,85.000000,0.174685,0.143057,0.881861,0.742075,1.144277,1.459049,9.199132,0.000000,0.881861,1.000000,0.000000,0.000000,12.159851,inf,2374560,2374560,55872,,False,8.749139,8.749139,144.811765
1222,120,120.000000,0.156596,0.071166,0.730418,0.707727,1.086303,1.218218,1.689901,0.000000,0.730418,1.000000,0.000000,0.000000,8.539920,inf,3352320,3352320,55872,,False,8.752408,8.752408,150.141667
1223,91,91.000000,0.154682,0.090818,0.781409,0.708786,1.302430,1.460681,2.005835,0.000000,0.781409,1.000000,0.000000,0.000000,8.264422,inf,2542176,2542176,55872,,False,8.755405,8.755406,153.175824
1224,110,110.000000,0.156242,0.074860,0.731349,0.680462,1.099880,1.323077,2.326449,0.000000,0.731349,1.000000,0.000000,0.000000,8.234556,inf,3072960,3072960,55872,,False,8.759128,8.759127,164.854545
1225,93,93.000000,0.159798,0.087476,0.767247,0.664337,1.310193,1.587942,2.740703,0.000000,0.767247,1.000000,0.000000,0.000000,8.135272,inf,2598048,2598048,55872,,False,8.762424,8.762424,165.806452
1226,86,86.000000,0.169414,0.085636,0.716603,0.682053,1.054848,1.137865,1.663062,0.000000,0.716603,1.000000,0.000000,0.000000,7.364709,inf,2402496,2402496,55872,,False,8.764806,8.764806,155.639535
1227,91,91.000000,0.161807,0.081706,0.703893,0.638023,1.119700,1.248632,1.852541,0.000000,0.703893,1.000000,0.000000,0.000000,7.435261,inf,2542176,2542176,55872,,False,8.768016,8.768016,163.934066
1228,80,80.000000,0.160683,0.104821,0.786280,0.671917,1.338786,1.462358,2.949639,0.000000,0.786280,1.000000,0.000000,0.000000,8.385666,inf,2234880,2234880,55872,,False,8.770451,8.770451,154.925000
1229,98,98.000000,0.162752,0.084777,0.716807,0.659256,1.040314,1.200417,3.457788,0.000000,0.716807,1.000000,0.000000,0.000000,8.308100,inf,2737728,2737728,55872,,False,8.774114,8.774114,164.214286
1230,94,94.000000,0.174194,0.086822,0.730620,0.605042,1.074799,1.726827,3.153367,0.000000,0.730620,1.000000,0.000000,0.000000,8.161310,inf,2625984,2625984,55872,,False,8.776234,8.776234,181.925532
1231,105,105.000000,0.126266,0.084202,0.751101,0.687426,1.108205,1.432885,2.771360,0.000000,0.751101,1.000000,0.000000,0.000000,8.841172,inf,2933280,2933280,55872,,False,8.779724,8.779724,121.542857
1232,96,96.000000,0.156713,0.101902,0.847322,0.735348,1.469503,1.825955,2.706326,0.000000,0.847322,1.000000,0.000000,0.000000,9.782564,inf,2681856,2681856,55872,,False,8.782165,8.782165,139.604167
1233,98,98.000000,0.142102,0.086441,0.741390,0.672754,1.155630,1.516419,2.339168,0.000000,0.741390,1.000000,0.000000,0.000000,8.471232,inf,2737728,2737728,55872,,False,8.785547,8.785547,144.765306
1234,102,102.000000,0.165978,0.078712,0.718130,0.667334,1.080107,1.323563,2.451932,0.000000,0.718130,1.000000,0.000000,0.000000,8.028627,inf,2849472,2849472,55872,,False,8.788524,8.788524,179.480392
1235,97,97.000000,0.162771,0.069731,0.630664,0.610271,1.024288,1.261362,1.419475,0.000000,0.630664,1.000000,0.000000,0.000000,6.763884,inf,2709792,2709792,55872,,False,8.791361,8.791361,183.010309
1236,76,76.000000,0.150826,0.091334,0.738067,0.697900,1.109056,1.227418,1.413483,0.000000,0.738067,1.000000,0.000000,0.000000,6.941406,inf,2123136,2123136,55872,,False,8.794583,8.794582,149.697368
1237,94,94.000000,0.157858,0.091687,0.770334,0.706105,1.167218,1.350815,2.695952,0.000000,0.770334,1.000000,0.000000,0.000000,8.618589,inf,2625984,2625984,55872,,False,8.797140,8.797140,149.851064
1238,88,88.000000,0.160110,0.087823,0.729553,0.653900,1.263185,1.333742,1.830437,0.000000,0.729553,1.000000,0.000000,0.000000,7.728454,inf,2458368,2458368,55872,,False,8.799794,8.799794,179.090909
1239,105,105.000000,0.155756,0.074460,0.737153,0.695840,1.164480,1.344057,1.895474,0.000000,0.737153,1.000000,0.000000,0.000000,7.818317,inf,2933280,2933280,55872,,False,8.802755,8.802755,147.923810
1240,86,86.000000,0.168141,0.085843,0.737741,0.685952,1.182449,1.451782,2.000467,0.000000,0.737741,1.000000,0.000000,0.000000,7.382521,inf,2402496,2402496,55872,,False,8.805307,8.805307,177.895349
1241,91,91.000000,0.150045,0.080659,0.697182,0.626188,1.142296,1.423659,1.929142,0.000000,0.697182,1.000000,0.000000,0.000000,7.339961,inf,2542176,2542176,55872,,False,8.808172,8.808172,153.076923
1242,86,86.000000,0.163762,0.081351,0.699051,0.653594,1.078399,1.271905,1.590151,0.000000,0.699051,1.000000,0.000000,0.000000,6.996211,inf,2402496,2402496,55872,,False,8.811172,8.811172,181.279070
1243,92,92.000000,0.149780,0.075922,0.688688,0.617413,1.025919,1.286119,1.824334,0.000000,0.688688,1.000000,0.000000,0.000000,6.984789,inf,2570112,2570112,55872,,False,8.814625,8.814625,166.945652
1244,84,84.000000,0.143508,0.098127,0.757531,0.691041,1.186349,1.488069,2.414651,0.000000,0.757531,1.000000,0.000000,0.000000,8.242660,inf,2346624,2346624,55872,,False,8.818362,8.818362,166.880952
1245,108,108.000000,0.156300,0.073889,0.681585,0.610093,1.132493,1.254086,1.947039,0.000000,0.681585,1.000000,0.000000,0.000000,7.979994,inf,3017088,3017088,55872,,False,8.821248,8.821248,190.435185
1246,84,84.000000,0.142631,0.097566,0.805855,0.700613,1.339554,1.572275,2.206093,0.000000,0.805855,1.000000,0.000000,0.000000,8.195537,inf,2346624,2346624,55872,,False,8.824358,8.824358,135.511905
1247,106,106.000000,0.144019,0.080862,0.764049,0.667529,1.281827,1.526713,2.486544,0.000000,0.764049,1.000000,0.000000,0.000000,8.571343,inf,2961216,2961216,55872,,False,8.827643,8.827642,156.556604
1248,75,75.000000,0.150659,0.085086,0.684981,0.615712,1.057666,1.193812,1.805360,0.000000,0.684981,1.000000,0.000000,0.000000,6.381487,inf,2095200,2095200,55872,,False,8.831168,8.831168,162.293333
1249,95,95.000000,0.168328,0.086632,0.758309,0.727576,1.261682,1.548835,2.013366,0.000000,0.758309,1.000000,0.000000,0.000000,8.230071,inf,2653920,2653920,55872,,False,8.833343,8.833343,168.621053
1250,89,89.000000,0.160631,0.089830,0.736639,0.676417,1.017189,1.256973,1.846053,0.000000,0.736639,1.000000,0.000000,0.000000,7.994868,inf,2486304,2486304,55872,,False,8.836172,8.836172,154.707865
1251,89,89.000000,0.148675,0.098810,0.788155,0.725334,1.296048,1.471962,2.568841,0.000000,0.788155,1.000000,0.000000,0.000000,8.794062,inf,2486304,2486304,55872,,False,8.839051,8.839050,143.505618
1252,107,107.000000,0.178159,0.073191,0.683851,0.661890,0.978604,1.157675,1.396159,0.000000,0.683851,1.000000,0.000000,0.000000,7.831473,inf,2989152,2989152,55872,,False,8.841785,8.841784,200.121495
1253,88,88.000000,0.142629,0.094206,0.747186,0.650592,1.188433,1.330553,4.271936,0.000000,0.747186,1.000000,0.000000,0.000000,8.290124,inf,2458368,2458368,55872,,False,8.844964,8.844964,137.000000
1254,94,94.000000,0.160338,0.090896,0.750557,0.700134,1.193556,1.336301,2.261956,0.000000,0.750557,1.000000,0.000000,0.000000,8.544264,inf,2625984,2625984,55872,,False,8.847260,8.847261,149.829787
1255,97,97.000000,0.165214,0.094550,0.761271,0.668118,1.133274,1.601993,3.146566,0.000000,0.761271,1.000000,0.000000,0.000000,9.171343,inf,2709792,2709792,55872,,False,8.850460,8.850460,177.711340
1256,87,87.000000,0.169143,0.094898,0.779959,0.667829,1.194313,1.493131,2.868629,0.000000,0.779959,1.000000,0.000000,0.000000,8.256159,inf,2430432,2430432,55872,,False,8.852540,8.852540,175.666667
1257,95,95.000000,0.153127,0.086266,0.749022,0.627602,1.229534,1.540225,2.234727,0.000000,0.749022,1.000000,0.000000,0.000000,8.195266,inf,2653920,2653920,55872,,False,8.854881,8.854882,160.452632
1258,84,84.000000,0.162408,0.130005,0.815033,0.632559,1.254226,1.642065,8.074339,0.000000,0.815033,1.000000,0.000000,0.000000,10.920408,inf,2346624,2346624,55872,,False,8.856540,8.856540,174.226190
1259,76,76.000000,0.150805,0.093007,0.726311,0.641468,1.148936,1.454044,1.971125,0.000000,0.726311,1.000000,0.000000,0.000000,7.068550,inf,2123136,2123136,55872,,False,8.859637,8.859637,169.631579
1260,98,98.000000,0.154053,0.081463,0.715146,0.655860,1.125776,1.254208,1.739045,0.000000,0.715146,1.000000,0.000000,0.000000,7.983340,inf,2737728,2737728,55872,,False,8.862508,8.862508,161.928571
1261,90,90.000000,0.142854,0.085851,0.720520,0.642139,1.080291,1.357486,3.227219,0.000000,0.720520,1.000000,0.000000,0.000000,7.726572,inf,2514240,2514240,55872,,False,8.865759,8.865759,168.855556
1262,84,84.000000,0.163818,0.081227,0.680373,0.621428,1.011359,1.216142,1.703370,0.000000,0.680373,1.000000,0.000000,0.000000,6.823038,inf,2346624,2346624,55872,,False,8.869001,8.869000,192.535714
1263,103,103.000000,0.155782,0.080117,0.779884,0.706603,1.321153,1.423549,1.643534,0.000000,0.779884,1.000000,0.000000,0.000000,8.252029,inf,2877408,2877408,55872,,False,8.872196,8.872195,165.048544
1264,92,92.000000,0.168929,0.104422,0.829426,0.668952,1.422508,1.792432,3.059740,0.000000,0.829426,1.000000,0.000000,0.000000,9.606809,inf,2570112,2570112,55872,,False,8.874923,8.874923,179.782609
1265,99,99.000000,0.154502,0.077844,0.740558,0.668445,1.199484,1.333680,1.974977,0.000000,0.740558,1.000000,0.000000,0.000000,7.706584,inf,2765664,2765664,55872,,False,8.878039,8.878039,151.545455
1266,101,101.000000,0.160510,0.079000,0.726054,0.666962,1.151886,1.263397,1.837104,0.000000,0.726054,1.000000,0.000000,0.000000,7.979030,inf,2821536,2821536,55872,,False,8.881039,8.881039,172.237624
1267,91,91.000000,0.158206,0.075889,0.681374,0.626495,0.919073,1.178249,1.985792,0.000000,0.681374,1.000000,0.000000,0.000000,6.905887,inf,2542176,2542176,55872,,False,8.884197,8.884198,172.021978
1268,80,80.000000,0.168467,0.100677,0.800896,0.724220,1.287134,1.357265,2.251358,0.000000,0.800896,1.000000,0.000000,0.000000,8.054156,inf,2234880,2234880,55872,,False,8.885974,8.885974,155.025000
1269,85,85.000000,0.174608,0.083654,0.712871,0.645389,1.175717,1.307950,1.956007,0.000000,0.712871,1.000000,0.000000,0.000000,7.110556,inf,2374560,2374560,55872,,False,8.888724,8.888724,188.317647
1270,82,82.000000,0.148093,0.091343,0.743537,0.690610,1.235276,1.483086,2.328038,0.000000,0.743537,1.000000,0.000000,0.000000,7.490129,inf,2290752,2290752,55872,,False,8.891252,8.891253,154.878049
1271,81,81.000000,0.144119,0.095665,0.726658,0.683669,1.171734,1.325486,1.816819,0.000000,0.726658,1.000000,0.000000,0.000000,7.748826,inf,2262816,2262816,55872,,False,8.894973,8.894973,158.567901
1272,82,82.000000,0.147911,0.083511,0.692769,0.640116,1.110037,1.401509,2.070250,0.000000,0.692769,1.000000,0.000000,0.000000,6.847882,inf,2290752,2290752,55872,,False,8.898167,8.898167,163.451220
1273,105,105.000000,0.153665,0.080202,0.722652,0.669883,1.161828,1.327297,1.614792,0.000000,0.722652,1.000000,0.000000,0.000000,8.421174,inf,2933280,2933280,55872,,False,8.901062,8.901062,173.847619
1274,92,92.000000,0.150430,0.089678,0.762180,0.695236,1.277832,1.375652,1.935386,0.000000,0.762180,1.000000,0.000000,0.000000,8.250380,inf,2570112,2570112,55872,,False,8.903605,8.903605,158.293478
1275,89,89.000000,0.145959,0.077420,0.678338,0.657867,0.946506,1.107950,1.802703,0.000000,0.678338,1.000000,0.000000,0.000000,6.890362,inf,2486304,2486304,55872,,False,8.907101,8.907100,155.629213
1276,80,80.000000,0.165861,0.092236,0.710705,0.634563,1.095968,1.242133,2.906751,0.000000,0.710705,1.000000,0.000000,0.000000,7.378911,inf,2234880,2234880,55872,,False,8.910134,8.910135,187.887500
1277,79,79.000000,0.157021,0.090772,0.723218,0.694402,1.116298,1.363972,2.368436,0.000000,0.723218,1.000000,0.000000,0.000000,7.170961,inf,2206944,2206944,55872,,False,8.912690,8.912689,164.911392
1278,103,103.000000,0.158872,0.087204,0.776915,0.686633,1.214028,1.571866,3.133634,0.000000,0.776915,1.000000,0.000000,0.000000,8.982044,inf,2877408,2877408,55872,,False,8.914961,8.914961,149.776699
1279,101,101.000000,0.143045,0.081342,0.686477,0.624870,1.153971,1.335431,1.656908,0.000000,0.686477,1.000000,0.000000,0.000000,8.215509,inf,2821536,2821536,55872,,False,8.917961,8.917961,162.435644
1280,90,90.000000,0.140784,0.082937,0.707020,0.634234,1.041652,1.196352,2.171810,0.000000,0.707020,1.000000,0.000000,0.000000,7.464331,inf,2514240,2514240,55872,,False,8.921012,8.921012,141.400000
1281,81,81.000000,0.156012,0.087865,0.697779,0.634691,1.053557,1.170404,2.196954,0.000000,0.697779,1.000000,0.000000,0.000000,7.117082,inf,2262816,2262816,55872,,False,8.924239,8.924239,170.592593
1282,94,94.000000,0.136578,0.089484,0.752559,0.655994,1.159768,1.389282,3.447757,0.000000,0.752559,1.000000,0.000000,0.000000,8.411455,inf,2625984,2625984,55872,,False,8.927113,8.927113,131.691489
1283,111,111.000000,0.155033,0.081987,0.727180,0.638904,1.123028,1.454498,2.327038,0.000000,0.727180,1.000000,0.000000,0.000000,9.100510,inf,3100896,3100896,55872,,False,8.930101,8.930101,162.774775
1284,89,89.000000,0.160771,0.086961,0.742618,0.663457,1.114555,1.166306,2.445073,0.000000,0.742618,1.000000,0.000000,0.000000,7.739542,inf,2486304,2486304,55872,,False,8.932166,8.932166,171.651685
1285,95,95.000000,0.155983,0.080588,0.691235,0.626147,1.014053,1.123641,2.675569,0.000000,0.691235,1.000000,0.000000,0.000000,7.655882,inf,2653920,2653920,55872,,False,8.935134,8.935134,173.147368
1286,97,97.000000,0.148849,0.084832,0.734827,0.717883,1.142974,1.305151,1.933281,0.000000,0.734827,1.000000,0.000000,0.000000,8.228713,inf,2709792,2709792,55872,,False,8.937540,8.937539,136.216495
1287,86,86.000000,0.158960,0.085462,0.725235,0.662900,1.039342,1.380650,2.477583,0.000000,0.725235,1.000000,0.000000,0.000000,7.349770,inf,2402496,2402496,55872,,False,8.940123,8.940123,173.639535
1288,90,90.000000,0.146946,0.082793,0.734490,0.654903,1.147641,1.247592,2.320140,0.000000,0.734490,1.000000,0.000000,0.000000,7.451391,inf,2514240,2514240,55872,,False,8.943451,8.943451,168.944444
1289,100,100.000000,0.165435,0.075082,0.694933,0.604472,1.068873,1.213870,2.084777,0.000000,0.694933,1.000000,0.000000,0.000000,7.508218,inf,2793600,2793600,55872,,False,8.946415,8.946415,183.770000
1290,88,88.000000,0.158526,0.091372,0.764603,0.677416,1.168751,1.363329,3.334390,0.000000,0.764603,1.000000,0.000000,0.000000,8.040711,inf,2458368,2458368,55872,,False,8.948158,8.948158,173.579545
1291,80,80.000000,0.158103,0.088957,0.695254,0.643803,1.081880,1.314056,1.719551,0.000000,0.695254,1.000000,0.000000,0.000000,7.116540,inf,2234880,2234880,55872,,False,8.951283,8.951283,176.312500
1292,109,109.000000,0.153380,0.073726,0.698560,0.660723,1.092561,1.355168,1.645255,0.000000,0.698560,1.000000,0.000000,0.000000,8.036169,inf,3045024,3045024,55872,,False,8.954268,8.954268,174.100917
1293,89,89.000000,0.164386,0.101311,0.775351,0.659773,1.234351,1.517202,4.389554,0.000000,0.775351,1.000000,0.000000,0.000000,9.016681,inf,2486304,2486304,55872,,False,8.956854,8.956854,184.898876
1294,87,87.000000,0.138948,0.097810,0.791620,0.737661,1.371943,1.610743,1.836840,0.000000,0.791620,1.000000,0.000000,0.000000,8.509453,inf,2430432,2430432,55872,,False,8.959888,8.959888,138.747126
1295,90,90.000000,0.154307,0.088262,0.722166,0.648600,1.242818,1.535167,2.135379,0.000000,0.722166,1.000000,0.000000,0.000000,7.943578,inf,2514240,2514240,55872,,False,8.962219,8.962219,150.500000
1296,99,99.000000,0.153906,0.076998,0.687036,0.610205,1.135192,1.277103,1.443382,0.000000,0.687036,1.000000,0.000000,0.000000,7.622846,inf,2765664,2765664,55872,,False,8.965546,8.965546,181.111111
1297,80,80.000000,0.147036,0.092393,0.795740,0.734344,1.275357,1.507598,2.246278,0.000000,0.795740,1.000000,0.000000,0.000000,7.391440,inf,2234880,2234880,55872,,False,8.968159,8.968159,134.187500
1298,113,113.000000,0.156082,0.075786,0.714389,0.684511,1.066052,1.341033,2.216121,0.000000,0.714389,1.000000,0.000000,0.000000,8.563817,inf,3156768,3156768,55872,,False,8.970968,8.970968,161.274336
1299,90,90.000000,0.151051,0.093342,0.753969,0.663124,1.182031,1.637628,1.931057,0.000000,0.753969,1.000000,0.000000,0.000000,8.400756,inf,2514240,2514240,55872,,False,8.974145,8.974145,157.077778
1300,90,90.000000,0.146060,0.082511,0.711057,0.633374,1.056740,1.328522,2.579310,0.000000,0.711057,1.000000,0.000000,0.000000,7.425954,inf,2514240,2514240,55872,,False,8.977323,8.977322,162.544444
1301,98,98.000000,0.145963,0.080752,0.728262,0.662582,1.128681,1.379161,2.061990,0.000000,0.728262,1.000000,0.000000,0.000000,7.913680,inf,2737728,2737728,55872,,False,8.980028,8.980028,170.183673
1302,92,92.000000,0.154694,0.087156,0.736343,0.685087,1.166827,1.308756,1.673441,0.000000,0.736343,1.000000,0.000000,0.000000,8.018330,inf,2570112,2570112,55872,,False,8.983216,8.983216,171.043478
1303,88,88.000000,0.154400,0.084843,0.700546,0.661226,1.012587,1.191077,2.639450,0.000000,0.700546,1.000000,0.000000,0.000000,7.466142,inf,2458368,2458368,55872,,False,8.986000,8.986000,165.488636
1304,82,82.000000,0.164922,0.093775,0.778371,0.712106,1.184154,1.523345,2.100526,0.000000,0.778371,1.000000,0.000000,0.000000,7.689516,inf,2290752,2290752,55872,,False,8.987905,8.987905,170.146341
1305,78,78.000000,0.158898,0.089149,0.723391,0.618571,1.121780,1.305840,1.811630,0.000000,0.723391,1.000000,0.000000,0.000000,6.953643,inf,2179008,2179008,55872,,False,8.990202,8.990202,186.179487
1306,77,77.000000,0.131714,0.100921,0.738384,0.647315,1.163340,1.333985,2.860679,0.000000,0.738384,1.000000,0.000000,0.000000,7.770892,inf,2151072,2151072,55872,,False,8.993321,8.993321,142.714286
1307,99,99.000000,0.162942,0.077047,0.718039,0.647232,1.125225,1.291912,2.454488,0.000000,0.718039,1.000000,0.000000,0.000000,7.627650,inf,2765664,2765664,55872,,False,8.995664,8.995664,191.060606
1308,90,90.000000,0.130664,0.085101,0.735854,0.656141,1.191775,1.277838,2.440934,0.000000,0.735854,1.000000,0.000000,0.000000,7.659064,inf,2514240,2514240,55872,,False,8.998381,8.998381,150.166667
1309,88,88.000000,0.176206,0.078075,0.675294,0.592328,1.029650,1.216479,1.663766,0.000000,0.675294,1.000000,0.000000,0.000000,6.870572,inf,2458368,2458368,55872,,False,9.000766,9.000766,216.045455
1310,101,101.000000,0.155761,0.077658,0.714404,0.649272,1.069720,1.313891,2.040066,0.000000,0.714404,1.000000,0.000000,0.000000,7.843488,inf,2821536,2821536,55872,,False,9.003645,9.003645,169.138614
1311,98,98.000000,0.142955,0.085569,0.702250,0.639773,1.106068,1.276940,2.764295,0.000000,0.702250,1.000000,0.000000,0.000000,8.385774,inf,2737728,2737728,55872,,False,9.006975,9.006975,163.489796
1312,86,86.000000,0.139117,0.077587,0.643900,0.593920,1.022407,1.170684,1.877769,0.000000,0.643900,1.000000,0.000000,0.000000,6.672499,inf,2402496,2402496,55872,,False,9.010412,9.010412,176.720930
1313,101,101.000000,0.150891,0.084888,0.716685,0.618570,1.110918,1.710535,2.373500,0.000000,0.716685,1.000000,0.000000,0.000000,8.573666,inf,2821536,2821536,55872,,False,9.013421,9.013421,171.801980
1314,100,100.000000,0.154817,0.088356,0.765941,0.632890,1.327679,1.655692,2.665986,0.000000,0.765941,1.000000,0.000000,0.000000,8.835588,inf,2793600,2793600,55872,,False,9.016205,9.016204,168.910000
1315,81,81.000000,0.144785,0.086231,0.695246,0.586923,1.159988,1.388614,1.726966,0.000000,0.695246,1.000000,0.000000,0.000000,6.984735,inf,2262816,2262816,55872,,False,9.018819,9.018819,173.370370
1316,97,97.000000,0.148226,0.085522,0.752442,0.681591,1.223742,1.428322,1.995924,0.000000,0.752442,1.000000,0.000000,0.000000,8.295601,inf,2709792,2709792,55872,,False,9.021422,9.021422,155.319588
1317,89,89.000000,0.146436,0.081026,0.704583,0.660216,1.036545,1.335830,2.022421,0.000000,0.704583,1.000000,0.000000,0.000000,7.211355,inf,2486304,2486304,55872,,False,9.024416,9.024416,159.000000
1318,89,89.000000,0.158576,0.092463,0.758056,0.683572,1.096383,1.302142,2.652288,0.000000,0.758056,1.000000,0.000000,0.000000,8.229193,inf,2486304,2486304,55872,,False,9.027649,9.027649,170.842697
1319,90,90.000000,0.139245,0.090847,0.758328,0.616850,1.271082,1.539640,2.499033,0.000000,0.758328,1.000000,0.000000,0.000000,8.176190,inf,2514240,2514240,55872,,False,9.029703,9.029703,139.100000
1320,80,80.000000,0.140555,0.090833,0.717757,0.669621,1.097235,1.365460,2.077470,0.000000,0.717757,1.000000,0.000000,0.000000,7.266647,inf,2234880,2234880,55872,,False,9.032826,9.032826,150.287500
1321,94,94.000000,0.160507,0.081400,0.707867,0.630972,1.050126,1.489250,2.005758,0.000000,0.707867,1.000000,0.000000,0.000000,7.651626,inf,2625984,2625984,55872,,False,9.035731,9.035731,179.904255
1322,89,89.000000,0.138243,0.086381,0.713616,0.635880,1.179680,1.309237,3.207062,0.000000,0.713616,1.000000,0.000000,0.000000,7.687904,inf,2486304,2486304,55872,,False,9.039330,9.039330,148.662921
1323,93,93.000000,0.161264,0.073229,0.651677,0.568469,0.899713,1.085879,1.874445,0.000000,0.651677,1.000000,0.000000,0.000000,6.810251,inf,2598048,2598048,55872,,False,9.041959,9.041959,201.784946
1324,95,95.000000,0.154531,0.100858,0.823695,0.717653,1.295661,1.664818,3.337902,0.000000,0.823695,1.000000,0.000000,0.000000,9.581503,inf,2653920,2653920,55872,,False,9.044184,9.044184,150.694737
1325,86,86.000000,0.164375,0.095485,0.780852,0.694513,1.116404,1.463250,3.031163,0.000000,0.780852,1.000000,0.000000,0.000000,8.211712,inf,2402496,2402496,55872,,False,9.046313,9.046313,175.232558
1326,97,97.000000,0.140808,0.094446,0.781841,0.704062,1.243165,1.697051,2.606328,0.000000,0.781841,1.000000,0.000000,0.000000,9.161310,inf,2709792,2709792,55872,,False,9.049027,9.049026,161.793814
1327,83,83.000000,0.149375,0.092506,0.730058,0.643829,1.089820,1.305917,2.738301,0.000000,0.730058,1.000000,0.000000,0.000000,7.677975,inf,2318688,2318688,55872,,False,9.051705,9.051705,155.879518
1328,94,94.000000,0.143554,0.081509,0.730930,0.698384,1.009592,1.251334,2.216264,0.000000,0.730930,1.000000,0.000000,0.000000,7.661811,inf,2625984,2625984,55872,,False,9.054725,9.054725,151.744681
1329,81,81.000000,0.134000,0.088303,0.711338,0.674822,1.104154,1.304618,1.678443,0.000000,0.711338,1.000000,0.000000,0.000000,7.152512,inf,2262816,2262816,55872,,False,9.058207,9.058208,148.839506
1330,93,93.000000,0.149936,0.082485,0.740485,0.687570,1.104620,1.344890,1.952325,0.000000,0.740485,1.000000,0.000000,0.000000,7.671072,inf,2598048,2598048,55872,,False,9.061449,9.061448,146.193548
1331,81,81.000000,0.157267,0.093301,0.775091,0.744009,1.236551,1.553838,2.203445,0.000000,0.775091,1.000000,0.000000,0.000000,7.557355,inf,2262816,2262816,55872,,False,9.063843,9.063843,166.481481
1332,111,111.000000,0.145498,0.078133,0.750420,0.712881,1.159305,1.434195,1.760209,0.000000,0.750420,1.000000,0.000000,0.000000,8.672743,inf,3100896,3100896,55872,,False,9.066252,9.066252,148.198198
1333,100,100.000000,0.147995,0.083986,0.763593,0.715052,1.126185,1.235418,2.342422,0.000000,0.763593,1.000000,0.000000,0.000000,8.398590,inf,2793600,2793600,55872,,False,9.069216,9.069216,153.260000
1334,87,87.000000,0.142797,0.101885,0.742762,0.666606,1.031783,1.360963,3.961624,0.000000,0.742762,1.000000,0.000000,0.000000,8.864033,inf,2430432,2430432,55872,,False,9.072733,9.072733,141.103448
1335,92,92.000000,0.149378,0.079876,0.738505,0.687113,1.140983,1.294451,1.669822,0.000000,0.738505,1.000000,0.000000,0.000000,7.348614,inf,2570112,2570112,55872,,False,9.075844,9.075844,158.750000
1336,91,91.000000,0.167368,0.096923,0.746165,0.642454,1.251928,1.498560,3.102586,0.000000,0.746165,1.000000,0.000000,0.000000,8.820023,inf,2542176,2542176,55872,,False,9.077837,9.077837,189.274725
1337,92,92.000000,0.162477,0.079348,0.689347,0.652996,1.061472,1.228481,1.986005,0.000000,0.689347,1.000000,0.000000,0.000000,7.299977,inf,2570112,2570112,55872,,False,9.080176,9.080176,199.163043
1338,85,85.000000,0.127766,0.087139,0.733037,0.674199,1.123562,1.215288,1.425550,0.000000,0.733037,1.000000,0.000000,0.000000,7.406821,inf,2374560,2374560,55872,,False,9.083759,9.083759,136.929412
1339,100,100.000000,0.157832,0.082001,0.704328,0.629007,1.060843,1.293200,2.741754,0.000000,0.704328,1.000000,0.000000,0.000000,8.200060,inf,2793600,2793600,55872,,False,9.085826,9.085827,186.950000
1340,98,98.000000,0.145064,0.077360,0.704832,0.649691,0.977014,1.203558,2.713169,0.000000,0.704832,1.000000,0.000000,0.000000,7.581315,inf,2737728,2737728,55872,,False,9.089087,9.089087,151.530612
1341,97,97.000000,0.142360,0.079770,0.749707,0.732803,1.100708,1.257378,2.495122,0.000000,0.749707,1.000000,0.000000,0.000000,7.737644,inf,2709792,2709792,55872,,False,9.092169,9.092169,148.969072
1342,93,93.000000,0.139715,0.078646,0.682314,0.638950,1.039082,1.215583,2.137910,0.000000,0.682314,1.000000,0.000000,0.000000,7.314121,inf,2598048,2598048,55872,,False,9.096053,9.096053,168.365591
1343,96,96.000000,0.135340,0.083112,0.713233,0.637442,1.127069,1.481053,2.955241,0.000000,0.713233,1.000000,0.000000,0.000000,7.978753,inf,2681856,2681856,55872,,False,9.098287,9.098287,143.333333
1344,90,90.000000,0.135515,0.086162,0.741328,0.687163,1.155546,1.419709,1.811163,0.000000,0.741328,1.000000,0.000000,0.000000,7.754606,inf,2514240,2514240,55872,,False,9.101334,9.101334,161.900000
1345,88,88.000000,0.143707,0.082398,0.690089,0.596963,1.065862,1.339176,2.326486,0.000000,0.690089,1.000000,0.000000,0.000000,7.251008,inf,2458368,2458368,55872,,False,9.103684,9.103684,158.079545
1346,98,98.000000,0.141565,0.082672,0.706448,0.625844,1.084552,1.231732,2.413930,0.000000,0.706448,1.000000,0.000000,0.000000,8.101872,inf,2737728,2737728,55872,,False,9.106497,9.106497,153.010204
1347,104,104.000000,0.145132,0.066970,0.644976,0.589222,0.959955,1.146266,1.539474,0.000000,0.644976,1.000000,0.000000,0.000000,6.964901,inf,2905344,2905344,55872,,False,9.109550,9.109550,178.682692
1348,100,100.000000,0.145414,0.082733,0.713343,0.672282,1.113169,1.330090,2.089362,0.000000,0.713343,1.000000,0.000000,0.000000,8.273275,inf,2793600,2793600,55872,,False,9.112411,9.112411,169.500000
1349,102,102.000000,0.165795,0.083521,0.744692,0.649014,1.247073,1.492470,2.439941,0.000000,0.744692,1.000000,0.000000,0.000000,8.519111,inf,2849472,2849472,55872,,False,9.114304,9.114305,178.588235
1350,83,83.000000,0.159433,0.098146,0.767575,0.667561,1.173516,1.618847,3.575933,0.000000,0.767575,1.000000,0.000000,0.000000,8.146077,inf,2318688,2318688,55872,,False,9.116325,9.116325,174.409639
1351,77,77.000000,0.158170,0.099286,0.771498,0.683371,1.261119,1.461501,2.468241,0.000000,0.771498,1.000000,0.000000,0.000000,7.645004,inf,2151072,2151072,55872,,False,9.118001,9.118001,152.532468
1352,103,103.000000,0.138953,0.076257,0.715046,0.664407,1.083824,1.416376,1.561646,0.000000,0.715046,1.000000,0.000000,0.000000,7.854430,inf,2877408,2877408,55872,,False,9.120822,9.120822,149.708738
1353,106,106.000000,0.140980,0.080560,0.728303,0.701340,1.052508,1.276223,2.418397,0.000000,0.728303,1.000000,0.000000,0.000000,8.539326,inf,2961216,2961216,55872,,False,9.123264,9.123264,146.745283
1354,97,97.000000,0.165858,0.078558,0.722644,0.654745,1.192588,1.338439,1.932208,0.000000,0.722644,1.000000,0.000000,0.000000,7.620167,inf,2709792,2709792,55872,,False,9.125486,9.125486,183.742268
1355,96,96.000000,0.153474,0.083797,0.764078,0.706601,1.141571,1.342174,1.741146,0.000000,0.764078,1.000000,0.000000,0.000000,8.044511,inf,2681856,2681856,55872,,False,9.128160,9.128160,174.208333
1356,87,87.000000,0.123482,0.089431,0.751369,0.699825,1.221181,1.336093,1.855966,0.000000,0.751369,1.000000,0.000000,0.000000,7.780490,inf,2430432,2430432,55872,,False,9.131957,9.131957,132.873563
1357,96,96.000000,0.145269,0.086732,0.694458,0.615975,1.020538,1.119048,3.891446,0.000000,0.694458,1.000000,0.000000,0.000000,8.326227,inf,2681856,2681856,55872,,False,9.134876,9.134876,173.729167
1358,108,108.000000,0.148173,0.076909,0.741107,0.693650,1.195243,1.310680,1.949199,0.000000,0.741107,1.000000,0.000000,0.000000,8.306131,inf,3017088,3017088,55872,,False,9.137556,9.137556,162.842593
1359,91,91.000000,0.161811,0.093163,0.752922,0.691254,1.065826,1.262126,2.576962,0.000000,0.752922,1.000000,0.000000,0.000000,8.477803,inf,2542176,2542176,55872,,False,9.139665,9.139665,177.384615
1360,90,90.000000,0.146754,0.074259,0.692533,0.610775,0.999787,1.242016,1.814171,0.000000,0.692533,1.000000,0.000000,0.000000,6.683310,inf,2514240,2514240,55872,,False,9.142934,9.142934,172.611111
1361,89,89.000000,0.147319,0.075053,0.638082,0.585776,0.973237,1.094329,1.557028,0.000000,0.638082,1.000000,0.000000,0.000000,6.679740,inf,2486304,2486304,55872,,False,9.146277,9.146277,169.910112
1362,100,100.000000,0.137723,0.075737,0.698713,0.648370,1.147677,1.229208,1.537568,0.000000,0.698713,1.000000,0.000000,0.000000,7.573706,inf,2793600,2793600,55872,,False,9.149285,9.149286,155.870000
1363,93,93.000000,0.147221,0.076328,0.679766,0.633870,1.004598,1.237773,2.360624,0.000000,0.679766,1.000000,0.000000,0.000000,7.098488,inf,2598048,2598048,55872,,False,9.152391,9.152391,169.376344
1364,120,120.000000,0.156188,0.072434,0.727884,0.683923,1.143535,1.339976,1.985252,0.000000,0.727884,1.000000,0.000000,0.000000,8.692111,inf,3352320,3352320,55872,,False,9.154685,9.154684,159.783333
1365,97,97.000000,0.155192,0.075693,0.700846,0.655970,1.089692,1.209206,1.768427,0.000000,0.700846,1.000000,0.000000,0.000000,7.342211,inf,2709792,2709792,55872,,False,9.156759,9.156759,173.835052
1366,103,103.000000,0.166720,0.072585,0.674578,0.616471,1.003381,1.221843,1.998477,0.000000,0.674578,1.000000,0.000000,0.000000,7.476229,inf,2877408,2877408,55872,,False,9.159140,9.159140,206.174757
1367,85,85.000000,0.161275,0.085405,0.689102,0.607092,1.137246,1.262442,1.862291,0.000000,0.689102,1.000000,0.000000,0.000000,7.259391,inf,2374560,2374560,55872,,False,9.161401,9.161400,188.176471
1368,114,114.000000,0.134986,0.071732,0.702638,0.694457,1.065611,1.211538,1.505190,0.000000,0.702638,1.000000,0.000000,0.000000,8.177469,inf,3184704,3184704,55872,,False,9.164694,9.164694,147.122807
1369,101,101.000000,0.161382,0.089138,0.754939,0.680655,1.110576,1.465739,2.777416,0.000000,0.754939,1.000000,0.000000,0.000000,9.002960,inf,2821536,2821536,55872,,False,9.166912,9.166911,186.059406
1370,82,82.000000,0.134528,0.082740,0.680756,0.646298,1.039385,1.073642,1.487493,0.000000,0.680756,1.000000,0.000000,0.000000,6.784644,inf,2290752,2290752,55872,,False,9.170027,9.170027,140.975610
1371,96,96.000000,0.145434,0.093154,0.734872,0.624402,1.233485,1.555264,3.262013,0.000000,0.734872,1.000000,0.000000,0.000000,8.942793,inf,2681856,2681856,55872,,False,9.172993,9.172993,155.197917
1372,99,99.000000,0.151167,0.088399,0.716677,0.608927,1.156501,1.316478,3.432582,0.000000,0.716677,1.000000,0.000000,0.000000,8.751465,inf,2765664,2765664,55872,,False,9.175674,9.175674,175.757576
1373,94,94.000000,0.152203,0.099608,0.798439,0.695813,1.219157,1.796263,3.133394,0.000000,0.798439,1.000000,0.000000,0.000000,9.363190,inf,2625984,2625984,55872,,False,9.177927,9.177926,150.319149
1374,108,108.000000,0.150883,0.081376,0.721451,0.667918,1.097849,1.204693,2.665731,0.000000,0.721451,1.000000,0.000000,0.000000,8.788598,inf,3017088,3017088,55872,,False,9.180696,9.180696,167.944444
1375,99,99.000000,0.135939,0.078543,0.753911,0.700352,1.280100,1.555963,1.848886,0.000000,0.753911,1.000000,0.000000,0.000000,7.775798,inf,2765664,2765664,55872,,False,9.183618,9.183618,134.909091
1376,94,94.000000,0.140589,0.092289,0.771468,0.646110,1.220449,1.434033,2.835543,0.000000,0.771468,1.000000,0.000000,0.000000,8.675138,inf,2625984,2625984,55872,,False,9.186416,9.186416,143.723404
1377,95,95.000000,0.142048,0.085103,0.726012,0.673817,1.091138,1.203794,2.368495,0.000000,0.726012,1.000000,0.000000,0.000000,8.084743,inf,2653920,2653920,55872,,False,9.189059,9.189059,152.568421
1378,108,108.000000,0.138194,0.079665,0.708023,0.649484,1.167065,1.364576,2.136571,0.000000,0.708023,1.000000,0.000000,0.000000,8.603779,inf,3017088,3017088,55872,,False,9.191895,9.191895,140.712963
1379,81,81.000000,0.135041,0.089180,0.727654,0.689609,1.120864,1.344639,1.720611,0.000000,0.727654,1.000000,0.000000,0.000000,7.223599,inf,2262816,2262816,55872,,False,9.194604,9.194604,130.308642
1380,104,104.000000,0.132669,0.082167,0.785477,0.720866,1.176234,1.441703,3.668375,0.000000,0.785477,1.000000,0.000000,0.000000,8.545351,inf,2905344,2905344,55872,,False,9.197311,9.197311,123.605769
1381,80,80.000000,0.129801,0.082646,0.672335,0.592059,1.017246,1.220297,2.112288,0.000000,0.672335,1.000000,0.000000,0.000000,6.611703,inf,2234880,2234880,55872,,False,9.200853,9.200853,147.675000
1382,93,93.000000,0.133699,0.078139,0.692806,0.658557,1.066435,1.204531,1.837491,0.000000,0.692806,1.000000,0.000000,0.000000,7.266908,inf,2598048,2598048,55872,,False,9.204342,9.204342,140.096774
1383,87,87.000000,0.123975,0.083141,0.709375,0.652582,1.141873,1.285070,1.688480,0.000000,0.709375,1.000000,0.000000,0.000000,7.233281,inf,2430432,2430432,55872,,False,9.207901,9.207900,138.689655
1384,114,114.000000,0.147753,0.076527,0.704032,0.656696,1.096865,1.504059,2.390945,0.000000,0.704032,1.000000,0.000000,0.000000,8.724093,inf,3184704,3184704,55872,,False,9.210399,9.210399,161.105263
1385,97,97.000000,0.158974,0.089507,0.722958,0.618524,1.043502,1.327060,3.852150,0.000000,0.722958,1.000000,0.000000,0.000000,8.682139,inf,2709792,2709792,55872,,False,9.211633,9.211633,199.020619
1386,95,95.000000,0.152518,0.080471,0.732144,0.702255,1.181067,1.228837,1.741274,0.000000,0.732144,1.000000,0.000000,0.000000,7.644737,inf,2653920,2653920,55872,,False,9.213861,9.213861,175.926316
1387,91,91.000000,0.142666,0.080905,0.702160,0.680228,1.048616,1.177996,1.490583,0.000000,0.702160,1.000000,0.000000,0.000000,7.362382,inf,2542176,2542176,55872,,False,9.217052,9.217052,172.736264
1388,78,78.000000,0.139587,0.098581,0.730077,0.656705,1.077891,1.408873,3.664570,0.000000,0.730077,1.000000,0.000000,0.000000,7.689300,inf,2179008,2179008,55872,,False,9.220102,9.220102,132.461538
1389,94,94.000000,0.145746,0.079974,0.712756,0.696623,1.114665,1.243858,1.703415,0.000000,0.712756,1.000000,0.000000,0.000000,7.517512,inf,2625984,2625984,55872,,False,9.222800,9.222800,154.797872
1390,88,88.000000,0.143087,0.086443,0.734568,0.649693,1.130337,1.333816,2.173863,0.000000,0.734568,1.000000,0.000000,0.000000,7.607016,inf,2458368,2458368,55872,,False,9.225351,9.225351,149.647727
1391,94,94.000000,0.148699,0.077516,0.695892,0.654980,1.098766,1.240657,1.516606,0.000000,0.695892,1.000000,0.000000,0.000000,7.286458,inf,2625984,2625984,55872,,False,9.227734,9.227734,181.382979
1392,90,90.000000,0.140843,0.084600,0.708687,0.661030,0.988044,1.116734,2.869523,0.000000,0.708687,1.000000,0.000000,0.000000,7.614036,inf,2514240,2514240,55872,,False,9.230524,9.230524,167.255556
1393,101,101.000000,0.136755,0.075506,0.687190,0.633021,1.043435,1.241185,1.493359,0.000000,0.687190,1.000000,0.000000,0.000000,7.626066,inf,2821536,2821536,55872,,False,9.233425,9.233425,153.792079
1394,80,80.000000,0.141609,0.095940,0.758985,0.700425,1.211226,1.455418,2.651440,0.000000,0.758985,1.000000,0.000000,0.000000,7.675166,inf,2234880,2234880,55872,,False,9.236476,9.236476,148.137500
1395,83,83.000000,0.158049,0.091278,0.711619,0.582739,1.215507,1.561417,2.851421,0.000000,0.711619,1.000000,0.000000,0.000000,7.576062,inf,2318688,2318688,55872,,False,9.238560,9.238561,184.180723
1396,90,90.000000,0.145835,0.076991,0.682280,0.662993,1.042672,1.214515,1.433296,0.000000,0.682280,1.000000,0.000000,0.000000,6.929156,inf,2514240,2514240,55872,,False,9.240974,9.240974,164.644444
1397,88,88.000000,0.145700,0.081791,0.703644,0.645570,1.064549,1.146397,2.590725,0.000000,0.703644,1.000000,0.000000,0.000000,7.197588,inf,2458368,2458368,55872,,False,9.243060,9.243060,156.329545
1398,93,93.000000,0.134709,0.084416,0.702990,0.637610,1.176164,1.231863,1.694310,0.000000,0.702990,1.000000,0.000000,0.000000,7.850659,inf,2598048,2598048,55872,,False,9.246146,9.246146,157.322581
1399,102,102.000000,0.143650,0.076908,0.712215,0.633563,1.128537,1.339785,2.250358,0.000000,0.712215,1.000000,0.000000,0.000000,7.844568,inf,2849472,2849472,55872,,False,9.248943,9.248943,156.274510
1400,103,103.000000,0.146039,0.077228,0.677539,0.605965,0.980282,1.545782,2.994325,0.000000,0.677539,1.000000,0.000000,0.000000,7.954526,inf,2877408,2877408,55872,,False,9.251178,9.251179,172.951456
1401,93,93.000000,0.145898,0.080574,0.702991,0.653190,1.097359,1.189645,2.844053,0.000000,0.702991,1.000000,0.000000,0.000000,7.493422,inf,2598048,2598048,55872,,False,9.253377,9.253377,163.505376
1402,102,102.000000,0.126065,0.085473,0.725488,0.644898,1.264304,1.350650,1.862751,0.000000,0.725488,1.000000,0.000000,0.000000,8.718233,inf,2849472,2849472,55872,,False,9.256338,9.256337,150.235294
1403,96,96.000000,0.144876,0.081229,0.713727,0.700599,1.199657,1.413538,1.606445,0.000000,0.713727,1.000000,0.000000,0.000000,7.797970,inf,2681856,2681856,55872,,False,9.258971,9.258970,174.072917
1404,103,103.000000,0.144231,0.074959,0.688897,0.622465,1.149734,1.374476,1.776496,0.000000,0.688897,1.000000,0.000000,0.000000,7.720766,inf,2877408,2877408,55872,,False,9.261384,9.261384,163.368932
1405,88,88.000000,0.147528,0.078792,0.697346,0.667639,1.019618,1.241613,1.555400,0.000000,0.697346,1.000000,0.000000,0.000000,6.933692,inf,2458368,2458368,55872,,False,9.263542,9.263541,181.988636
1406,89,89.000000,0.149308,0.080174,0.695120,0.618549,1.204437,1.376069,1.905244,0.000000,0.695120,1.000000,0.000000,0.000000,7.135448,inf,2486304,2486304,55872,,False,9.265217,9.265217,176.247191
1407,99,99.000000,0.126243,0.084615,0.708461,0.587366,1.078488,1.424026,2.672644,0.000000,0.708461,1.000000,0.000000,0.000000,8.376863,inf,2765664,2765664,55872,,False,9.267975,9.267975,163.686869
1408,95,95.000000,0.151229,0.075320,0.680301,0.625523,1.072823,1.251137,2.071683,0.000000,0.680301,1.000000,0.000000,0.000000,7.155398,inf,2653920,2653920,55872,,False,9.270918,9.270918,181.610526
1409,81,81.000000,0.140816,0.093379,0.732637,0.632409,1.107918,1.381756,2.963698,0.000000,0.732637,1.000000,0.000000,0.000000,7.563728,inf,2262816,2262816,55872,,False,9.273763,9.273763,156.604938
1410,89,89.000000,0.149583,0.085569,0.708153,0.632385,1.103744,1.415555,2.851467,0.000000,0.708153,1.000000,0.000000,0.000000,7.615671,inf,2486304,2486304,55872,,False,9.275373,9.275373,181.370787
1411,98,98.000000,0.148558,0.087587,0.778084,0.713512,1.206722,1.315415,3.136341,0.000000,0.778084,1.000000,0.000000,0.000000,8.583557,inf,2737728,2737728,55872,,False,9.278221,9.278221,167.132653
1412,96,96.000000,0.134168,0.093313,0.726093,0.592452,1.127968,1.297999,3.917958,0.000000,0.726093,1.000000,0.000000,0.000000,8.958037,inf,2681856,2681856,55872,,False,9.281223,9.281223,160.041667
1413,93,93.000000,0.139439,0.091885,0.766700,0.678124,1.168607,1.411306,2.868227,0.000000,0.766700,1.000000,0.000000,0.000000,8.545342,inf,2598048,2598048,55872,,False,9.283748,9.283748,149.150538
1414,85,85.000000,0.142118,0.081757,0.674383,0.610762,0.964751,1.259173,1.569037,0.000000,0.674383,1.000000,0.000000,0.000000,6.949366,inf,2374560,2374560,55872,,False,9.286589,9.286589,176.494118
1415,103,103.000000,0.138908,0.083113,0.744189,0.696616,1.102176,1.310065,2.184037,0.000000,0.744189,1.000000,0.000000,0.000000,8.560657,inf,2877408,2877408,55872,,False,9.288987,9.288988,173.203883
1416,107,107.000000,0.137040,0.068546,0.669603,0.635632,1.069886,1.247950,2.029264,0.000000,0.669603,1.000000,0.000000,0.000000,7.334373,inf,2989152,2989152,55872,,False,9.292040,9.292040,161.785047
1417,108,108.000000,0.128666,0.076154,0.723245,0.638117,1.144568,1.375814,1.715131,0.000000,0.723245,1.000000,0.000000,0.000000,8.224664,inf,3017088,3017088,55872,,False,9.294748,9.294748,141.777778
1418,92,92.000000,0.135560,0.086566,0.729563,0.653340,1.142864,1.329854,2.347682,0.000000,0.729563,1.000000,0.000000,0.000000,7.964052,inf,2570112,2570112,55872,,False,9.298463,9.298463,151.250000
1419,82,82.000000,0.135239,0.093651,0.718439,0.650810,1.160479,1.409989,2.195435,0.000000,0.718439,1.000000,0.000000,0.000000,7.679417,inf,2290752,2290752,55872,,False,9.301125,9.301126,160.768293
1420,88,88.000000,0.132390,0.093112,0.789288,0.689311,1.431267,1.703121,2.278811,0.000000,0.789288,1.000000,0.000000,0.000000,8.193898,inf,2458368,2458368,55872,,False,9.303017,9.303017,136.500000
1421,100,100.000000,0.139591,0.071681,0.669863,0.619688,1.105471,1.215198,1.617207,0.000000,0.669863,1.000000,0.000000,0.000000,7.168113,inf,2793600,2793600,55872,,False,9.306158,9.306157,171.820000
1422,95,95.000000,0.137138,0.086892,0.686392,0.571101,1.118550,1.491470,2.528773,0.000000,0.686392,1.000000,0.000000,0.000000,8.254738,inf,2653920,2653920,55872,,False,9.309224,9.309224,174.410526
1423,131,131.000000,0.151101,0.076021,0.763336,0.687790,1.131743,1.377364,4.237563,0.000000,0.763336,1.000000,0.000000,0.000000,9.958810,inf,3659616,3659616,55872,,False,9.310916,9.310916,169.427481
1424,80,80.000000,0.134804,0.093010,0.692422,0.592313,1.175693,1.338723,1.956286,0.000000,0.692422,1.000000,0.000000,0.000000,7.440788,inf,2234880,2234880,55872,,False,9.313437,9.313437,171.287500
1425,94,94.000000,0.142184,0.078518,0.699687,0.651817,1.074286,1.348937,2.019420,0.000000,0.699687,1.000000,0.000000,0.000000,7.380724,inf,2625984,2625984,55872,,False,9.316521,9.316521,164.404255
1426,107,107.000000,0.143462,0.076436,0.726871,0.676694,1.152633,1.384789,2.038028,0.000000,0.726871,1.000000,0.000000,0.000000,8.178684,inf,2989152,2989152,55872,,False,9.318902,9.318902,164.037383
1427,89,89.000000,0.143026,0.090239,0.767203,0.730602,1.209942,1.509057,2.402843,0.000000,0.767203,1.000000,0.000000,0.000000,8.031255,inf,2486304,2486304,55872,,False,9.320589,9.320589,154.876404
1428,95,95.000000,0.141517,0.073170,0.639129,0.608482,1.029006,1.222004,1.466453,0.000000,0.639129,1.000000,0.000000,0.000000,6.951177,inf,2653920,2653920,55872,,False,9.322677,9.322677,189.568421
1429,97,97.000000,0.130998,0.096825,0.787885,0.678900,1.221514,1.704216,2.553022,0.000000,0.787885,1.000000,0.000000,0.000000,9.392071,inf,2709792,2709792,55872,,False,9.324649,9.324649,142.360825
1430,99,99.000000,0.139438,0.084908,0.705870,0.635511,1.160626,1.260417,3.969864,0.000000,0.705870,1.000000,0.000000,0.000000,8.405906,inf,2765664,2765664,55872,,False,9.327188,9.327188,181.131313
1431,94,94.000000,0.136629,0.081319,0.693403,0.616241,1.129521,1.317515,2.389826,0.000000,0.693403,1.000000,0.000000,0.000000,7.644007,inf,2625984,2625984,55872,,False,9.329477,9.329478,160.882979
1432,89,89.000000,0.154027,0.085037,0.722546,0.673135,1.122589,1.257537,2.748804,0.000000,0.722546,1.000000,0.000000,0.000000,7.568308,inf,2486304,2486304,55872,,False,9.331924,9.331924,187.865169
1433,76,76.000000,0.148028,0.099732,0.752942,0.653573,1.233557,1.510957,2.870639,0.000000,0.752942,1.000000,0.000000,0.000000,7.579650,inf,2123136,2123136,55872,,False,9.334123,9.334123,171.513158
1434,83,83.000000,0.136820,0.113658,0.795443,0.677225,1.172489,1.286744,5.753839,0.000000,0.795443,1.000000,0.000000,0.000000,9.433604,inf,2318688,2318688,55872,,False,9.336303,9.336304,150.963855
1435,97,97.000000,0.148912,0.087019,0.739220,0.610690,1.211324,1.535320,3.883420,0.000000,0.739220,1.000000,0.000000,0.000000,8.440833,inf,2709792,2709792,55872,,False,9.338297,9.338297,174.835052
1436,87,87.000000,0.134683,0.079307,0.689321,0.639371,1.191075,1.358790,2.006604,0.000000,0.689321,1.000000,0.000000,0.000000,6.899712,inf,2430432,2430432,55872,,False,9.340766,9.340766,175.137931
1437,91,91.000000,0.130630,0.085478,0.691689,0.635219,1.090619,1.238994,2.302917,0.000000,0.691689,1.000000,0.000000,0.000000,7.778531,inf,2542176,2542176,55872,,False,9.343648,9.343648,143.846154
1438,104,104.000000,0.142579,0.073842,0.692154,0.642242,1.006370,1.315804,1.896751,0.000000,0.692154,1.000000,0.000000,0.000000,7.679614,inf,2905344,2905344,55872,,False,9.345906,9.345906,171.432692
1439,94,94.000000,0.134529,0.109429,0.795340,0.691170,1.194992,1.596566,6.356085,0.000000,0.795340,1.000000,0.000000,0.000000,10.286330,inf,2625984,2625984,55872,,False,9.348396,9.348396,150.765957
1440,111,111.000000,0.159176,0.068016,0.662529,0.629299,1.107631,1.366163,1.792080,0.000000,0.662529,1.000000,0.000000,0.000000,7.549753,inf,3100896,3100896,55872,,False,9.350492,9.350492,182.873874
1441,94,94.000000,0.142907,0.081639,0.706440,0.666357,1.087846,1.433313,2.128632,0.000000,0.706440,1.000000,0.000000,0.000000,7.674094,inf,2625984,2625984,55872,,False,9.352390,9.352390,165.925532
1442,102,102.000000,0.139284,0.078893,0.722951,0.640405,1.181277,1.334715,1.616182,0.000000,0.722951,1.000000,0.000000,0.000000,8.047086,inf,2849472,2849472,55872,,False,9.355150,9.355150,150.235294
1443,104,104.000000,0.144981,0.075389,0.691151,0.610494,1.050771,1.501078,2.515924,0.000000,0.691151,1.000000,0.000000,0.000000,7.840479,inf,2905344,2905344,55872,,False,9.357449,9.357450,167.298077
1444,74,74.000000,0.135422,0.102281,0.776615,0.727234,1.262968,1.390811,2.343040,0.000000,0.776615,1.000000,0.000000,0.000000,7.568811,inf,2067264,2067264,55872,,False,9.359287,9.359287,143.351351
1445,75,75.000000,0.132463,0.083449,0.636155,0.625827,1.028565,1.234126,1.503192,0.000000,0.636155,1.000000,0.000000,0.000000,6.258661,inf,2095200,2095200,55872,,False,9.361369,9.361368,170.466667
1446,81,81.000000,0.133386,0.091504,0.733263,0.673057,1.077163,1.255835,2.307843,0.000000,0.733263,1.000000,0.000000,0.000000,7.411830,inf,2262816,2262816,55872,,False,9.364302,9.364301,156.716049
1447,104,104.000000,0.148778,0.085625,0.776679,0.725694,1.309529,1.399584,2.799985,0.000000,0.776679,1.000000,0.000000,0.000000,8.904958,inf,2905344,2905344,55872,,False,9.366770,9.366770,160.490385
1448,91,91.000000,0.138412,0.083769,0.695063,0.644524,1.105335,1.430394,2.122528,0.000000,0.695063,1.000000,0.000000,0.000000,7.623021,inf,2542176,2542176,55872,,False,9.369036,9.369036,178.208791
1449,87,87.000000,0.142444,0.077822,0.657113,0.626166,1.064146,1.101351,2.066844,0.000000,0.657113,1.000000,0.000000,0.000000,6.770478,inf,2430432,2430432,55872,,False,9.371612,9.371611,173.356322
1450,99,99.000000,0.134384,0.085372,0.755464,0.661852,1.291290,1.482888,2.728421,0.000000,0.755464,1.000000,0.000000,0.000000,8.451817,inf,2765664,2765664,55872,,False,9.374257,9.374257,146.181818
1451,78,78.000000,0.151640,0.103511,0.771562,0.646774,1.263746,1.485302,2.696854,0.000000,0.771562,1.000000,0.000000,0.000000,8.073848,inf,2179008,2179008,55872,,False,9.375922,9.375922,176.628205
1452,86,86.000000,0.122618,0.080777,0.650622,0.584837,0.997737,1.210695,2.370554,0.000000,0.650622,1.000000,0.000000,0.000000,6.946816,inf,2402496,2402496,55872,,False,9.379248,9.379248,169.430233
1453,93,93.000000,0.147427,0.092822,0.755363,0.650638,1.119327,1.371510,3.863685,0.000000,0.755363,1.000000,0.000000,0.000000,8.632440,inf,2598048,2598048,55872,,False,9.381386,9.381386,155.763441
1454,93,93.000000,0.134273,0.091054,0.765275,0.698293,1.228268,1.375088,2.896983,0.000000,0.765275,1.000000,0.000000,0.000000,8.468002,inf,2598048,2598048,55872,,False,9.383635,9.383635,143.709677
1455,107,107.000000,0.140578,0.073196,0.693621,0.648443,1.067107,1.168902,1.936616,0.000000,0.693621,1.000000,0.000000,0.000000,7.831944,inf,2989152,2989152,55872,,False,9.386237,9.386237,167.785047
1456,88,88.000000,0.139307,0.092185,0.730944,0.636939,1.191916,1.337327,3.113317,0.000000,0.730944,1.000000,0.000000,0.000000,8.112273,inf,2458368,2458368,55872,,False,9.388481,9.388481,151.659091
1457,99,99.000000,0.148099,0.078841,0.733131,0.708344,1.106355,1.254993,1.970757,0.000000,0.733131,1.000000,0.000000,0.000000,7.805262,inf,2765664,2765664,55872,,False,9.390796,9.390796,174.616162
1458,88,88.000000,0.136194,0.087408,0.735543,0.684581,1.217310,1.473043,2.364366,0.000000,0.735543,1.000000,0.000000,0.000000,7.691933,inf,2458368,2458368,55872,,False,9.393960,9.393960,168.977273
1459,100,100.000000,0.143530,0.077987,0.693770,0.614858,1.079915,1.295775,1.776359,0.000000,0.693770,1.000000,0.000000,0.000000,7.798662,inf,2793600,2793600,55872,,False,9.395476,9.395476,151.880000
1460,107,107.000000,0.148799,0.083559,0.781639,0.704480,1.269230,1.472333,2.840898,0.000000,0.781639,1.000000,0.000000,0.000000,8.940768,inf,2989152,2989152,55872,,False,9.397467,9.397467,162.672897
1461,85,85.000000,0.142680,0.086565,0.703578,0.634495,1.234837,1.445149,1.940525,0.000000,0.703578,1.000000,0.000000,0.000000,7.358043,inf,2374560,2374560,55872,,False,9.399617,9.399616,156.894118
1462,84,84.000000,0.142566,0.086846,0.722433,0.664764,1.190618,1.450553,2.257025,0.000000,0.722433,1.000000,0.000000,0.000000,7.295040,inf,2346624,2346624,55872,,False,9.402554,9.402554,163.976190
1463,92,92.000000,0.134442,0.077499,0.698860,0.681567,1.049579,1.222110,1.716639,0.000000,0.698860,1.000000,0.000000,0.000000,7.129911,inf,2570112,2570112,55872,,False,9.405247,9.405248,171.119565
1464,95,95.000000,0.139116,0.080174,0.711845,0.617769,1.048799,1.206801,2.879688,0.000000,0.711845,1.000000,0.000000,0.000000,7.616529,inf,2653920,2653920,55872,,False,9.408510,9.408510,159.578947
1465,91,91.000000,0.128319,0.082717,0.691092,0.624732,1.054061,1.300537,1.921179,0.000000,0.691092,1.000000,0.000000,0.000000,7.527257,inf,2542176,2542176,55872,,False,9.410789,9.410788,149.648352
1466,92,92.000000,0.145781,0.080316,0.683122,0.633044,1.020395,1.173096,1.988950,0.000000,0.683122,1.000000,0.000000,0.000000,7.389112,inf,2570112,2570112,55872,,False,9.412564,9.412563,181.250000
1467,92,92.000000,0.136023,0.077446,0.681207,0.623779,1.040214,1.206865,2.827871,0.000000,0.681207,1.000000,0.000000,0.000000,7.125038,inf,2570112,2570112,55872,,False,9.415358,9.415358,170.358696
1468,85,85.000000,0.112750,0.076457,0.650588,0.601433,1.056956,1.292456,1.724567,0.000000,0.650588,1.000000,0.000000,0.000000,6.498879,inf,2374560,2374560,55872,,False,9.419018,9.419018,148.788235
1469,88,88.000000,0.125127,0.079049,0.649776,0.620611,1.014567,1.226180,3.227427,0.000000,0.649776,1.000000,0.000000,0.000000,6.956353,inf,2458368,2458368,55872,,False,9.422143,9.422143,150.090909
1470,96,96.000000,0.127185,0.077563,0.672438,0.623581,1.065188,1.199528,1.922106,0.000000,0.672438,1.000000,0.000000,0.000000,7.446020,inf,2681856,2681856,55872,,False,9.425068,9.425067,147.354167
1471,101,101.000000,0.144288,0.081694,0.724574,0.696816,1.092860,1.215447,1.851596,0.000000,0.724574,1.000000,0.000000,0.000000,8.251117,inf,2821536,2821536,55872,,False,9.427372,9.427372,148.386139
1472,80,80.000000,0.130463,0.097549,0.756657,0.714647,1.093816,1.392529,4.162373,0.000000,0.756657,1.000000,0.000000,0.000000,7.803903,inf,2234880,2234880,55872,,False,9.430001,9.430001,149.112500
1473,92,92.000000,0.144289,0.087794,0.733244,0.673803,1.167574,1.328200,2.300476,0.000000,0.733244,1.000000,0.000000,0.000000,8.077051,inf,2570112,2570112,55872,,False,9.432120,9.432121,164.239130
1474,96,96.000000,0.144791,0.085946,0.750621,0.647984,1.253955,1.546364,1.791789,0.000000,0.750621,1.000000,0.000000,0.000000,8.250854,inf,2681856,2681856,55872,,False,9.434369,9.434369,163.604167
1475,97,97.000000,0.143278,0.089962,0.746427,0.681879,1.280166,1.435409,1.971811,0.000000,0.746427,1.000000,0.000000,0.000000,8.726312,inf,2709792,2709792,55872,,False,9.436457,9.436457,162.835052
1476,99,99.000000,0.132266,0.073643,0.654725,0.593707,1.002096,1.178107,1.966442,0.000000,0.654725,1.000000,0.000000,0.000000,7.290660,inf,2765664,2765664,55872,,False,9.439118,9.439119,146.040404
1477,79,79.000000,0.157829,0.096696,0.734184,0.646071,1.126119,1.488751,4.138323,0.000000,0.734184,1.000000,0.000000,0.000000,7.639015,inf,2206944,2206944,55872,,False,9.440525,9.440525,173.088608
1478,75,75.000000,0.154789,0.088963,0.695305,0.626772,1.146721,1.299382,2.178635,0.000000,0.695305,1.000000,0.000000,0.000000,6.672240,inf,2095200,2095200,55872,,False,9.442412,9.442411,188.653333
1479,99,99.000000,0.132404,0.080994,0.713166,0.643183,1.166044,1.335734,2.391973,0.000000,0.713166,1.000000,0.000000,0.000000,8.018409,inf,2765664,2765664,55872,,False,9.445024,9.445024,156.797980
1480,92,92.000000,0.135943,0.095030,0.778377,0.663352,1.293318,1.559889,3.439629,0.000000,0.778377,1.000000,0.000000,0.000000,8.742803,inf,2570112,2570112,55872,,False,9.447036,9.447035,155.891304
1481,125,125.000000,0.133249,0.071055,0.695443,0.632992,1.082914,1.266224,1.828789,0.000000,0.695443,1.000000,0.000000,0.000000,8.881888,inf,3492000,3492000,55872,,False,9.449898,9.449899,159.880000
1482,101,101.000000,0.133581,0.080390,0.682257,0.591169,1.081259,1.325148,2.400816,0.000000,0.682257,1.000000,0.000000,0.000000,8.119344,inf,2821536,2821536,55872,,False,9.452537,9.452537,160.603960
1483,97,97.000000,0.159586,0.079587,0.699441,0.632397,1.126497,1.277896,2.195318,0.000000,0.699441,1.000000,0.000000,0.000000,7.719936,inf,2709792,2709792,55872,,False,9.453726,9.453726,181.391753
1484,94,94.000000,0.141005,0.077615,0.668829,0.610871,1.108461,1.349194,1.836568,0.000000,0.668829,1.000000,0.000000,0.000000,7.295776,inf,2625984,2625984,55872,,False,9.456033,9.456033,162.744681
1485,98,98.000000,0.145482,0.081622,0.726038,0.681787,1.226661,1.421964,2.225303,0.000000,0.726038,1.000000,0.000000,0.000000,7.998967,inf,2737728,2737728,55872,,False,9.458198,9.458197,168.153061
1486,108,108.000000,0.145076,0.080678,0.729560,0.654433,1.162701,1.405212,2.870953,0.000000,0.729560,1.000000,0.000000,0.000000,8.713276,inf,3017088,3017088,55872,,False,9.460475,9.460475,160.000000
1487,94,94.000000,0.133186,0.085102,0.678683,0.602673,1.075778,1.252364,2.824363,0.000000,0.678683,1.000000,0.000000,0.000000,7.999562,inf,2625984,2625984,55872,,False,9.462815,9.462815,148.202128
1488,94,94.000000,0.120712,0.080158,0.704342,0.630766,1.066567,1.265045,1.978034,0.000000,0.704342,1.000000,0.000000,0.000000,7.534859,inf,2625984,2625984,55872,,False,9.465867,9.465867,135.223404
1489,90,90.000000,0.145501,0.089654,0.721495,0.637796,1.149178,1.431646,2.505051,0.000000,0.721495,1.000000,0.000000,0.000000,8.068838,inf,2514240,2514240,55872,,False,9.467620,9.467620,161.233333
1490,99,99.000000,0.137105,0.081309,0.754829,0.689030,1.176172,1.665860,1.954887,0.000000,0.754829,1.000000,0.000000,0.000000,8.049571,inf,2765664,2765664,55872,,False,9.469501,9.469501,165.000000
1491,91,91.000000,0.129930,0.076042,0.629230,0.569648,0.968880,1.128738,1.864448,0.000000,0.629230,1.000000,0.000000,0.000000,6.919837,inf,2542176,2542176,55872,,False,9.472402,9.472402,179.912088
1492,89,89.000000,0.130445,0.078258,0.679178,0.635497,1.078087,1.214446,1.481991,0.000000,0.679178,1.000000,0.000000,0.000000,6.964921,inf,2486304,2486304,55872,,False,9.475035,9.475035,144.359551
1493,103,103.000000,0.122902,0.074848,0.655136,0.564952,1.135928,1.324413,2.665302,0.000000,0.655136,1.000000,0.000000,0.000000,7.709335,inf,2877408,2877408,55872,,False,9.477914,9.477914,163.504854
1494,102,102.000000,0.132243,0.084920,0.717411,0.646609,1.176080,1.347751,2.692421,0.000000,0.717411,1.000000,0.000000,0.000000,8.661865,inf,2849472,2849472,55872,,False,9.479872,9.479872,163.578431
1495,93,93.000000,0.126391,0.084209,0.691278,0.622772,1.139509,1.332091,2.932439,0.000000,0.691278,1.000000,0.000000,0.000000,7.831410,inf,2598048,2598048,55872,,False,9.482509,9.482510,157.387097
1496,86,86.000000,0.138295,0.091089,0.738087,0.662076,1.080290,1.409147,2.577455,0.000000,0.738087,1.000000,0.000000,0.000000,7.833654,inf,2402496,2402496,55872,,False,9.485250,9.485250,150.104651
1497,91,91.000000,0.132746,0.079288,0.725104,0.666010,1.065880,1.271419,1.700327,0.000000,0.725104,1.000000,0.000000,0.000000,7.215207,inf,2542176,2542176,55872,,False,9.487943,9.487943,129.725275
1498,97,97.000000,0.132444,0.080237,0.722789,0.645841,1.142465,1.381959,2.448990,0.000000,0.722789,1.000000,0.000000,0.000000,7.782982,inf,2709792,2709792,55872,,False,9.490303,9.490304,140.824742
1499,83,83.000000,0.134533,0.077735,0.622221,0.579886,0.959639,1.101679,1.634121,0.000000,0.622221,1.000000,0.000000,0.000000,6.452018,inf,2318688,2318688,55872,,False,9.493603,9.493602,181.722892
1500,86,86.000000,0.137435,0.076610,0.667776,0.652369,0.982604,1.057169,1.227599,0.000000,0.667776,1.000000,0.000000,0.000000,6.588493,inf,2402496,2402496,55872,,False,9.496144,9.496144,166.337209
1501,101,101.000000,0.137360,0.077665,0.708425,0.664099,1.005853,1.233436,2.015136,0.000000,0.708425,1.000000,0.000000,0.000000,7.844148,inf,2821536,2821536,55872,,False,9.498309,9.498310,149.178218
1502,94,94.000000,0.141338,0.079583,0.689742,0.600657,1.113574,1.216090,2.426064,0.000000,0.689742,1.000000,0.000000,0.000000,7.480779,inf,2625984,2625984,55872,,False,9.500803,9.500803,174.691489
1503,80,80.000000,0.114277,0.096905,0.728382,0.614893,1.088721,1.335795,3.604446,0.000000,0.728382,1.000000,0.000000,0.000000,7.752414,inf,2234880,2234880,55872,,False,9.503515,9.503516,137.075000
1504,73,73.000000,0.156055,0.092033,0.715611,0.654917,1.075665,1.246061,1.714020,0.000000,0.715611,1.000000,0.000000,0.000000,6.718385,inf,2039328,2039328,55872,,False,9.505758,9.505758,203.917808
1505,101,101.000000,0.130560,0.077258,0.692536,0.669170,1.056691,1.158820,1.886770,0.000000,0.692536,1.000000,0.000000,0.000000,7.803030,inf,2821536,2821536,55872,,False,9.508214,9.508215,152.267327
1506,73,73.000000,0.132915,0.093063,0.695865,0.711211,1.206501,1.287787,1.458315,0.000000,0.695865,1.000000,0.000000,0.000000,6.793613,inf,2039328,2039328,55872,,False,9.510611,9.510611,155.328767
1507,98,98.000000,0.139955,0.083298,0.718350,0.657996,1.208804,1.408845,2.415640,0.000000,0.718350,1.000000,0.000000,0.000000,8.163225,inf,2737728,2737728,55872,,False,9.512764,9.512765,160.132653
1508,102,102.000000,0.126482,0.082618,0.699342,0.657075,1.153422,1.361300,2.368306,0.000000,0.699342,1.000000,0.000000,0.000000,8.427030,inf,2849472,2849472,55872,,False,9.514783,9.514783,156.892157
1509,79,79.000000,0.118960,0.077769,0.613443,0.595844,0.951386,1.334474,1.606039,0.000000,0.613443,1.000000,0.000000,0.000000,6.143744,inf,2206944,2206944,55872,,False,9.517649,9.517648,152.151899
1510,95,95.000000,0.117000,0.082712,0.734891,0.647074,1.330773,1.552407,2.102974,0.000000,0.734891,1.000000,0.000000,0.000000,7.857672,inf,2653920,2653920,55872,,False,9.519722,9.519722,130.021053
1511,93,93.000000,0.147231,0.092174,0.772254,0.642946,1.249723,1.559060,4.079771,0.000000,0.772254,1.000000,0.000000,0.000000,8.572148,inf,2598048,2598048,55872,,False,9.522402,9.522403,174.989247
1512,79,79.000000,0.145845,0.112043,0.745906,0.645052,1.059365,1.323231,4.991796,0.000000,0.745906,1.000000,0.000000,0.000000,8.851404,inf,2206944,2206944,55872,,False,9.524042,9.524041,170.000000
1513,79,79.000000,0.134433,0.094867,0.728285,0.639985,1.268454,1.583240,2.460297,0.000000,0.728285,1.000000,0.000000,0.000000,7.494519,inf,2206944,2206944,55872,,False,9.526261,9.526260,159.544304
1514,87,87.000000,0.123652,0.088431,0.713811,0.620237,1.130072,1.277371,2.525915,0.000000,0.713811,1.000000,0.000000,0.000000,7.693466,inf,2430432,2430432,55872,,False,9.529469,9.529469,158.172414
1515,102,102.000000,0.135184,0.088746,0.754837,0.668246,1.382118,1.619643,2.270501,0.000000,0.754837,1.000000,0.000000,0.000000,9.052064,inf,2849472,2849472,55872,,False,9.530809,9.530809,154.196078
1516,108,108.000000,0.137636,0.076815,0.732307,0.673933,1.090012,1.239255,2.714170,0.000000,0.732307,1.000000,0.000000,0.000000,8.296069,inf,3017088,3017088,55872,,False,9.533183,9.533183,156.259259
1517,90,90.000000,0.129685,0.081180,0.670542,0.570976,1.122111,1.201173,1.939357,0.000000,0.670542,1.000000,0.000000,0.000000,7.306207,inf,2514240,2514240,55872,,False,9.536281,9.536280,170.511111
1518,92,92.000000,0.148353,0.077423,0.685781,0.610074,1.181698,1.289333,1.448898,0.000000,0.685781,1.000000,0.000000,0.000000,7.122881,inf,2570112,2570112,55872,,False,9.539069,9.539068,189.423913
1519,98,98.000000,0.135657,0.077470,0.687089,0.635034,0.956155,1.392170,2.004177,0.000000,0.687089,1.000000,0.000000,0.000000,7.592058,inf,2737728,2737728,55872,,False,9.540689,9.540689,160.193878
1520,104,104.000000,0.144279,0.070645,0.623286,0.570254,1.031870,1.306113,1.897141,0.000000,0.623286,1.000000,0.000000,0.000000,7.347107,inf,2905344,2905344,55872,,False,9.542727,9.542727,191.000000
1521,89,89.000000,0.112692,0.086848,0.706849,0.612240,1.284164,1.456019,2.257651,0.000000,0.706849,1.000000,0.000000,0.000000,7.729444,inf,2486304,2486304,55872,,False,9.545328,9.545328,135.123596
1522,101,101.000000,0.137787,0.073024,0.654549,0.589577,1.108609,1.225751,1.716597,0.000000,0.654549,1.000000,0.000000,0.000000,7.375414,inf,2821536,2821536,55872,,False,9.547862,9.547862,165.722772
1523,102,102.000000,0.129307,0.074235,0.665998,0.626436,1.027262,1.238940,1.492042,0.000000,0.665998,1.000000,0.000000,0.000000,7.571979,inf,2849472,2849472,55872,,False,9.550289,9.550288,160.941176
1524,88,88.000000,0.127851,0.089107,0.745736,0.679052,1.203962,1.642914,2.514073,0.000000,0.745736,1.000000,0.000000,0.000000,7.841451,inf,2458368,2458368,55872,,False,9.551403,9.551404,146.318182
1525,115,115.000000,0.133518,0.075613,0.713718,0.595001,1.229243,1.644623,2.116613,0.000000,0.713718,1.000000,0.000000,0.000000,8.695444,inf,3212640,3212640,55872,,False,9.553798,9.553798,175.017391
1526,87,87.000000,0.126631,0.080385,0.643846,0.594637,1.075600,1.238151,1.522760,0.000000,0.643846,1.000000,0.000000,0.000000,6.993518,inf,2430432,2430432,55872,,False,9.556165,9.556166,161.471264
1527,101,101.000000,0.136887,0.082480,0.696899,0.599728,1.276239,1.433336,2.684128,0.000000,0.696899,1.000000,0.000000,0.000000,8.330450,inf,2821536,2821536,55872,,False,9.558683,9.558683,165.514851
1528,94,94.000000,0.140348,0.078561,0.707903,0.633982,1.223237,1.367990,1.791681,0.000000,0.707903,1.000000,0.000000,0.000000,7.384756,inf,2625984,2625984,55872,,False,9.561219,9.561220,173.223404
1529,100,100.000000,0.121216,0.088200,0.725850,0.655281,1.114189,1.534898,3.417372,0.000000,0.725850,1.000000,0.000000,0.000000,8.820037,inf,2793600,2793600,55872,,False,9.564385,9.564385,151.800000
1530,95,95.000000,0.130981,0.082541,0.692383,0.660873,1.084451,1.215412,1.821695,0.000000,0.692383,1.000000,0.000000,0.000000,7.841375,inf,2653920,2653920,55872,,False,9.566856,9.566856,165.294737
1531,103,103.000000,0.144218,0.079468,0.725669,0.682112,1.171777,1.459023,2.145048,0.000000,0.725669,1.000000,0.000000,0.000000,8.185229,inf,2877408,2877408,55872,,False,9.568383,9.568382,183.786408
1532,104,104.000000,0.131334,0.080142,0.718124,0.651137,1.202473,1.405040,2.575133,0.000000,0.718124,1.000000,0.000000,0.000000,8.334769,inf,2905344,2905344,55872,,False,9.571077,9.571077,172.144231
1533,97,97.000000,0.125611,0.075679,0.668380,0.617879,1.066536,1.230813,1.989221,0.000000,0.668380,1.000000,0.000000,0.000000,7.340879,inf,2709792,2709792,55872,,False,9.573438,9.573439,148.948454
1534,94,94.000000,0.133174,0.074370,0.665528,0.622838,1.018102,1.231513,1.825507,0.000000,0.665528,1.000000,0.000000,0.000000,6.990818,inf,2625984,2625984,55872,,False,9.575758,9.575758,167.372340
1535,95,95.000000,0.132338,0.072433,0.650195,0.612225,1.019952,1.133832,1.785007,0.000000,0.650195,1.000000,0.000000,0.000000,6.881147,inf,2653920,2653920,55872,,False,9.578345,9.578346,182.421053
1536,99,99.000000,0.132264,0.077351,0.684572,0.645986,1.001984,1.180929,1.891481,0.000000,0.684572,1.000000,0.000000,0.000000,7.657761,inf,2765664,2765664,55872,,False,9.580709,9.580708,171.858586
1537,93,93.000000,0.129307,0.083421,0.717505,0.640304,1.225289,1.432729,2.082809,0.000000,0.717505,1.000000,0.000000,0.000000,7.758191,inf,2598048,2598048,55872,,False,9.582592,9.582591,151.354839
1538,91,91.000000,0.132451,0.091018,0.733707,0.622791,1.134858,1.552371,2.952923,0.000000,0.733707,1.000000,0.000000,0.000000,8.282621,inf,2542176,2542176,55872,,False,9.584785,9.584785,153.659341
1539,95,95.000000,0.131987,0.084788,0.690426,0.634938,1.080975,1.254638,3.894541,0.000000,0.690426,1.000000,0.000000,0.000000,8.054860,inf,2653920,2653920,55872,,False,9.586335,9.586335,165.589474
1540,102,102.000000,0.145720,0.086173,0.725401,0.669101,1.130893,1.487601,2.464391,0.000000,0.725401,1.000000,0.000000,0.000000,8.789611,inf,2849472,2849472,55872,,False,9.587635,9.587634,166.745098
1541,98,98.000000,0.143289,0.085307,0.720445,0.634176,1.212528,1.498001,2.182982,0.000000,0.720445,1.000000,0.000000,0.000000,8.360075,inf,2737728,2737728,55872,,False,9.589529,9.589529,170.724490
1542,93,93.000000,0.127492,0.082584,0.689734,0.615376,1.131233,1.390380,2.296981,0.000000,0.689734,1.000000,0.000000,0.000000,7.680312,inf,2598048,2598048,55872,,False,9.591710,9.591710,153.774194
1543,101,101.000000,0.128751,0.074619,0.685599,0.632932,1.082631,1.458809,2.205659,0.000000,0.685599,1.000000,0.000000,0.000000,7.536520,inf,2821536,2821536,55872,,False,9.594676,9.594676,159.019802
1544,92,92.000000,0.128881,0.097205,0.749337,0.645336,1.351559,1.571626,3.493393,0.000000,0.749337,1.000000,0.000000,0.000000,8.942832,inf,2570112,2570112,55872,,False,9.596433,9.596433,156.250000
1545,95,95.000000,0.130799,0.083825,0.721386,0.650190,1.169421,1.242090,3.125624,0.000000,0.721386,1.000000,0.000000,0.000000,7.963336,inf,2653920,2653920,55872,,False,9.598210,9.598210,164.726316
1546,85,85.000000,0.140389,0.076567,0.664938,0.652963,1.057227,1.164797,1.700002,0.000000,0.664938,1.000000,0.000000,0.000000,6.508188,inf,2374560,2374560,55872,,False,9.600844,9.600844,173.188235
1547,98,98.000000,0.140998,0.079978,0.693132,0.620540,1.092749,1.401780,1.974891,0.000000,0.693132,1.000000,0.000000,0.000000,7.837845,inf,2737728,2737728,55872,,False,9.602964,9.602964,179.102041
1548,89,89.000000,0.125007,0.081550,0.670974,0.595931,0.952416,1.319412,3.248786,0.000000,0.670974,1.000000,0.000000,0.000000,7.257930,inf,2486304,2486304,55872,,False,9.605756,9.605756,176.022472
1549,104,104.000000,0.138406,0.079507,0.719999,0.668441,1.039249,1.298380,2.193754,0.000000,0.719999,1.000000,0.000000,0.000000,8.268691,inf,2905344,2905344,55872,,False,9.607934,9.607935,155.576923
1550,83,83.000000,0.130551,0.084604,0.718976,0.696197,1.014503,1.235005,1.898777,0.000000,0.718976,1.000000,0.000000,0.000000,7.022129,inf,2318688,2318688,55872,,False,9.609840,9.609840,160.975904
1551,92,92.000000,0.128545,0.078594,0.665454,0.632558,1.096728,1.163612,1.392820,0.000000,0.665454,1.000000,0.000000,0.000000,7.230680,inf,2570112,2570112,55872,,False,9.612209,9.612209,168.608696
1552,105,105.000000,0.159964,0.086224,0.769390,0.648620,1.291071,1.646904,2.924786,0.000000,0.769390,1.000000,0.000000,0.000000,9.053551,inf,2933280,2933280,55872,,False,9.613144,9.613143,173.942857
1553,93,93.000000,0.131233,0.084548,0.715179,0.635670,1.123698,1.310141,2.222193,0.000000,0.715179,1.000000,0.000000,0.000000,7.862989,inf,2598048,2598048,55872,,False,9.615239,9.615239,167.709677
1554,96,96.000000,0.120915,0.082158,0.757127,0.677552,1.197406,1.404402,1.782806,0.000000,0.757127,1.000000,0.000000,0.000000,7.887190,inf,2681856,2681856,55872,,False,9.617634,9.617635,143.677083
1555,94,94.000000,0.118547,0.082771,0.704804,0.627288,1.133244,1.529208,1.756425,0.000000,0.704804,1.000000,0.000000,0.000000,7.780476,inf,2625984,2625984,55872,,False,9.620433,9.620434,141.489362
1556,86,86.000000,0.120557,0.101033,0.746204,0.631866,1.143066,1.211418,4.390158,0.000000,0.746204,1.000000,0.000000,0.000000,8.688811,inf,2402496,2402496,55872,,False,9.622970,9.622970,147.046512
1557,105,105.000000,0.116909,0.072671,0.704943,0.676842,1.153249,1.278211,1.666649,0.000000,0.704943,1.000000,0.000000,0.000000,7.630483,inf,2933280,2933280,55872,,False,9.625665,9.625665,149.685714
1558,101,101.000000,0.143761,0.077176,0.707257,0.640524,1.087021,1.399908,2.001478,0.000000,0.707257,1.000000,0.000000,0.000000,7.794807,inf,2821536,2821536,55872,,False,9.627367,9.627367,171.257426
1559,102,102.000000,0.136732,0.072425,0.651703,0.585325,1.049751,1.297722,1.699256,0.000000,0.651703,1.000000,0.000000,0.000000,7.387380,inf,2849472,2849472,55872,,False,9.629352,9.629352,171.686275
1560,90,90.000000,0.151047,0.081786,0.704232,0.671963,1.074107,1.228480,1.979895,0.000000,0.704232,1.000000,0.000000,0.000000,7.360712,inf,2514240,2514240,55872,,False,9.630806,9.630806,191.088889
1561,91,91.000000,0.120709,0.089765,0.714142,0.643049,1.155363,1.453869,2.699654,0.000000,0.714142,1.000000,0.000000,0.000000,8.168641,inf,2542176,2542176,55872,,False,9.633301,9.633301,135.494505
1562,82,82.000000,0.128750,0.088631,0.726138,0.699533,1.095595,1.288130,1.902303,0.000000,0.726138,1.000000,0.000000,0.000000,7.267751,inf,2290752,2290752,55872,,False,9.635718,9.635718,150.780488
1563,85,85.000000,0.128977,0.083596,0.683941,0.598774,1.176778,1.285979,1.681547,0.000000,0.683941,1.000000,0.000000,0.000000,7.105677,inf,2374560,2374560,55872,,False,9.637312,9.637312,139.929412
1564,100,100.000000,0.137871,0.074694,0.658989,0.587527,0.977677,1.255750,2.221350,0.000000,0.658989,1.000000,0.000000,0.000000,7.469358,inf,2793600,2793600,55872,,False,9.640055,9.640055,190.150000
1565,78,78.000000,0.138957,0.092292,0.702884,0.603858,1.252209,1.500874,2.339793,0.000000,0.702884,1.000000,0.000000,0.000000,7.198745,inf,2179008,2179008,55872,,False,9.641650,9.641650,175.371795
1566,84,84.000000,0.134107,0.075218,0.634237,0.579629,0.975238,1.132319,1.736987,0.000000,0.634237,1.000000,0.000000,0.000000,6.318302,inf,2346624,2346624,55872,,False,9.644594,9.644594,174.428571
1567,103,103.000000,0.128597,0.069427,0.662596,0.656296,0.959719,1.123699,1.408172,0.000000,0.662596,1.000000,0.000000,0.000000,7.151018,inf,2877408,2877408,55872,,False,9.646924,9.646924,161.650485
1568,101,101.000000,0.124943,0.078662,0.681553,0.632983,1.115892,1.320953,2.394835,0.000000,0.681553,1.000000,0.000000,0.000000,7.944861,inf,2821536,2821536,55872,,False,9.649462,9.649462,156.178218
1569,90,90.000000,0.153359,0.079629,0.713075,0.672166,1.019769,1.056498,2.426363,0.000000,0.713075,1.000000,0.000000,0.000000,7.166655,inf,2514240,2514240,55872,,False,9.651640,9.651640,172.411111
1570,88,88.000000,0.129801,0.092377,0.747669,0.658827,1.145071,1.386712,3.303042,0.000000,0.747669,1.000000,0.000000,0.000000,8.129183,inf,2458368,2458368,55872,,False,9.653088,9.653088,145.113636
1571,120,120.000000,0.131578,0.073552,0.725416,0.648433,1.155663,1.308954,2.516310,0.000000,0.725416,1.000000,0.000000,0.000000,8.826279,inf,3352320,3352320,55872,,False,9.654610,9.654610,159.625000
1572,100,100.000000,0.130192,0.080395,0.701343,0.631396,1.084942,1.341087,3.323855,0.000000,0.701343,1.000000,0.000000,0.000000,8.039515,inf,2793600,2793600,55872,,False,9.656240,9.656240,163.170000
1573,92,92.000000,0.122429,0.082818,0.694352,0.622027,1.157029,1.353419,2.789907,0.000000,0.694352,1.000000,0.000000,0.000000,7.619233,inf,2570112,2570112,55872,,False,9.658091,9.658090,144.086957
1574,95,95.000000,0.123734,0.074182,0.632004,0.586189,1.078448,1.174687,1.464710,0.000000,0.632004,1.000000,0.000000,0.000000,7.047262,inf,2653920,2653920,55872,,False,9.660256,9.660256,166.273684
1575,100,100.000000,0.120153,0.084809,0.752416,0.666309,1.274519,1.461368,2.271967,0.000000,0.752416,1.000000,0.000000,0.000000,8.480933,inf,2793600,2793600,55872,,False,9.662263,9.662263,136.500000
1576,97,97.000000,0.133604,0.087450,0.726066,0.692576,1.144568,1.252798,2.553579,0.000000,0.726066,1.000000,0.000000,0.000000,8.482659,inf,2709792,2709792,55872,,False,9.664191,9.664191,147.587629
1577,93,93.000000,0.131251,0.080199,0.669435,0.608075,1.042030,1.190133,1.848666,0.000000,0.669435,1.000000,0.000000,0.000000,7.458548,inf,2598048,2598048,55872,,False,9.666369,9.666370,167.720430
1578,88,88.000000,0.120804,0.093593,0.726024,0.591211,1.228615,1.428490,4.048604,0.000000,0.726024,1.000000,0.000000,0.000000,8.236160,inf,2458368,2458368,55872,,False,9.668639,9.668639,153.818182
1579,102,102.000000,0.126933,0.073154,0.644620,0.631437,0.935983,1.065102,1.785466,0.000000,0.644620,1.000000,0.000000,0.000000,7.461686,inf,2849472,2849472,55872,,False,9.670948,9.670948,163.558824
1580,104,104.000000,0.126238,0.071694,0.621712,0.545668,0.963180,1.176631,1.926455,0.000000,0.621712,1.000000,0.000000,0.000000,7.456182,inf,2905344,2905344,55872,,False,9.674110,9.674109,179.076923
1581,102,102.000000,0.126829,0.074179,0.673169,0.651530,1.025490,1.198054,2.434004,0.000000,0.673169,1.000000,0.000000,0.000000,7.566252,inf,2849472,2849472,55872,,False,9.676301,9.676301,168.049020
1582,109,109.000000,0.132122,0.071127,0.674611,0.648009,1.090451,1.212833,1.387000,0.000000,0.674611,1.000000,0.000000,0.000000,7.752824,inf,3045024,3045024,55872,,False,9.678076,9.678075,161.743119
1583,103,103.000000,0.120832,0.076132,0.657910,0.617487,0.930725,1.084721,3.351928,0.000000,0.657910,1.000000,0.000000,0.000000,7.841555,inf,2877408,2877408,55872,,False,9.680745,9.680745,162.504854
1584,107,107.000000,0.128308,0.076330,0.718311,0.644113,1.148433,1.345664,1.746356,0.000000,0.718311,1.000000,0.000000,0.000000,8.167258,inf,2989152,2989152,55872,,False,9.682986,9.682986,164.654206
1585,99,99.000000,0.131676,0.090682,0.737666,0.625062,1.184686,1.420153,4.603652,0.000000,0.737666,1.000000,0.000000,0.000000,8.977516,inf,2765664,2765664,55872,,False,9.685122,9.685122,159.444444
1586,92,92.000000,0.129269,0.083495,0.685683,0.609267,1.121925,1.312302,1.910989,0.000000,0.685683,1.000000,0.000000,0.000000,7.681503,inf,2570112,2570112,55872,,False,9.687686,9.687686,163.260870
1587,92,92.000000,0.128748,0.075092,0.687936,0.672934,1.061548,1.338134,1.657324,0.000000,0.687936,1.000000,0.000000,0.000000,6.908507,inf,2570112,2570112,55872,,False,9.690331,9.690331,159.521739
1588,108,108.000000,0.121545,0.071694,0.647939,0.594199,0.956581,1.149856,1.863875,0.000000,0.647939,1.000000,0.000000,0.000000,7.742951,inf,3017088,3017088,55872,,False,9.692304,9.692304,161.768519
1589,90,90.000000,0.133948,0.093058,0.737247,0.603278,1.211369,1.532666,3.576753,0.000000,0.737247,1.000000,0.000000,0.000000,8.375251,inf,2514240,2514240,55872,,False,9.693936,9.693936,177.711111
1590,80,80.000000,0.127028,0.087857,0.697887,0.635263,1.124764,1.331848,1.685226,0.000000,0.697887,1.000000,0.000000,0.000000,7.028544,inf,2234880,2234880,55872,,False,9.695386,9.695386,148.300000
1591,97,97.000000,0.136106,0.076967,0.697154,0.608905,1.223670,1.504680,1.798884,0.000000,0.697154,1.000000,0.000000,0.000000,7.465830,inf,2709792,2709792,55872,,False,9.697474,9.697474,180.278351
1592,83,83.000000,0.131278,0.100145,0.781606,0.661916,1.270107,1.474509,3.828220,0.000000,0.781606,1.000000,0.000000,0.000000,8.312021,inf,2318688,2318688,55872,,False,9.699643,9.699643,154.698795
1593,90,90.000000,0.155826,0.138413,0.810607,0.642587,1.261114,1.581355,9.950519,0.000000,0.810607,1.000000,0.000000,0.000000,12.457151,inf,2514240,2514240,55872,,False,9.700699,9.700698,183.344444
1594,96,96.000000,0.123122,0.070445,0.592450,0.547160,0.969492,1.195707,2.500705,0.000000,0.592450,1.000000,0.000000,0.000000,6.762710,inf,2681856,2681856,55872,,False,9.702496,9.702496,162.562500
1595,92,92.000000,0.134536,0.094023,0.763938,0.643872,1.150054,1.485683,3.399704,0.000000,0.763938,1.000000,0.000000,0.000000,8.650140,inf,2570112,2570112,55872,,False,9.704308,9.704308,174.641304
1596,105,105.000000,0.135145,0.073428,0.693506,0.639292,1.088476,1.246119,1.805441,0.000000,0.693506,1.000000,0.000000,0.000000,7.709967,inf,2933280,2933280,55872,,False,9.705959,9.705959,162.314286
1597,97,97.000000,0.131419,0.075263,0.714175,0.680360,1.177117,1.271810,1.416352,0.000000,0.714175,1.000000,0.000000,0.000000,7.300499,inf,2709792,2709792,55872,,False,9.707912,9.707912,166.690722
1598,93,93.000000,0.122027,0.084124,0.693836,0.616390,1.176079,1.491160,2.400123,0.000000,0.693836,1.000000,0.000000,0.000000,7.823552,inf,2598048,2598048,55872,,False,9.710033,9.710032,143.870968
1599,82,82.000000,0.124526,0.080231,0.662145,0.594395,1.179894,1.261439,1.571127,0.000000,0.662145,1.000000,0.000000,0.000000,6.578974,inf,2290752,2290752,55872,,False,9.712335,9.712335,164.609756
1600,97,97.000000,0.139856,0.081772,0.740248,0.659642,1.157330,1.223491,2.335875,0.000000,0.740248,1.000000,0.000000,0.000000,7.931924,inf,2709792,2709792,55872,,False,9.714040,9.714040,172.195876
1601,88,88.000000,0.108869,0.079839,0.641087,0.628073,1.069970,1.148998,1.483221,0.000000,0.641087,1.000000,0.000000,0.000000,7.025801,inf,2458368,2458368,55872,,False,9.716521,9.716521,127.329545
1602,106,106.000000,0.119012,0.077303,0.742329,0.657828,1.301404,1.493012,2.138313,0.000000,0.742329,1.000000,0.000000,0.000000,8.194068,inf,2961216,2961216,55872,,False,9.718552,9.718552,127.849057
1603,100,100.000000,0.128769,0.084996,0.721520,0.663614,1.121099,1.376025,2.767111,0.000000,0.721520,1.000000,0.000000,0.000000,8.499592,inf,2793600,2793600,55872,,False,9.720376,9.720376,150.150000
1604,100,100.000000,0.127033,0.076523,0.701679,0.629070,1.193740,1.379316,2.127847,0.000000,0.701679,1.000000,0.000000,0.000000,7.652310,inf,2793600,2793600,55872,,False,9.722566,9.722566,167.570000
1605,78,78.000000,0.126191,0.088243,0.698787,0.702379,1.009053,1.212409,1.836969,0.000000,0.698787,1.000000,0.000000,0.000000,6.882984,inf,2179008,2179008,55872,,False,9.724314,9.724314,146.730769
1606,73,73.000000,0.141068,0.093726,0.680682,0.590006,1.009128,1.319966,3.278396,0.000000,0.680682,1.000000,0.000000,0.000000,6.842000,inf,2039328,2039328,55872,,False,9.726635,9.726635,204.342466
1607,76,76.000000,0.114896,0.090589,0.702453,0.678290,1.167204,1.336967,1.876438,0.000000,0.702453,1.000000,0.000000,0.000000,6.884797,inf,2123136,2123136,55872,,False,9.729181,9.729181,150.973684
1608,100,100.000000,0.135265,0.076741,0.696577,0.642376,1.056966,1.254836,1.773806,0.000000,0.696577,1.000000,0.000000,0.000000,7.674096,inf,2793600,2793600,55872,,False,9.731524,9.731524,176.330000
1609,98,98.000000,0.131500,0.080040,0.674524,0.624035,1.039837,1.270952,2.490229,0.000000,0.674524,1.000000,0.000000,0.000000,7.843961,inf,2737728,2737728,55872,,False,9.733706,9.733706,170.632653
1610,109,109.000000,0.121786,0.070893,0.655911,0.628270,1.092872,1.207953,2.076041,0.000000,0.655911,1.000000,0.000000,0.000000,7.727366,inf,3045024,3045024,55872,,False,9.736349,9.736350,157.963303
1611,103,103.000000,0.139009,0.080657,0.701982,0.623882,1.209034,1.569911,2.118133,0.000000,0.701982,1.000000,0.000000,0.000000,8.307664,inf,2877408,2877408,55872,,False,9.737864,9.737864,159.048544
1612,95,95.000000,0.125973,0.084691,0.731915,0.692065,1.112127,1.229491,2.882521,0.000000,0.731915,1.000000,0.000000,0.000000,8.045622,inf,2653920,2653920,55872,,False,9.739413,9.739413,148.726316
1613,93,93.000000,0.126751,0.083067,0.657720,0.632563,0.976685,1.158622,3.579295,0.000000,0.657720,1.000000,0.000000,0.000000,7.725200,inf,2598048,2598048,55872,,False,9.741036,9.741036,153.462366
1614,109,109.000000,0.132225,0.071454,0.647634,0.563623,1.066003,1.258277,1.685884,0.000000,0.647634,1.000000,0.000000,0.000000,7.788451,inf,3045024,3045024,55872,,False,9.743176,9.743176,185.770642
1615,96,96.000000,0.132739,0.081831,0.684649,0.599419,1.120219,1.380573,2.483158,0.000000,0.684649,1.000000,0.000000,0.000000,7.855797,inf,2681856,2681856,55872,,False,9.744987,9.744987,172.854167
1616,83,83.000000,0.145908,0.095447,0.718273,0.629781,1.097443,1.594406,2.799729,0.000000,0.718273,1.000000,0.000000,0.000000,7.922110,inf,2318688,2318688,55872,,False,9.746435,9.746435,172.554217
1617,81,81.000000,0.137212,0.078216,0.659022,0.623924,0.995588,1.099206,1.664510,0.000000,0.659022,1.000000,0.000000,0.000000,6.335513,inf,2262816,2262816,55872,,False,9.749057,9.749056,170.543210
1618,88,88.000000,0.105287,0.086668,0.716411,0.672083,1.085057,1.335222,2.130175,0.000000,0.716411,1.000000,0.000000,0.000000,7.626806,inf,2458368,2458368,55872,,False,9.751053,9.751053,130.806818
1619,109,109.000000,0.144647,0.079762,0.713014,0.673066,1.101666,1.288268,2.302372,0.000000,0.713014,1.000000,0.000000,0.000000,8.694038,inf,3045024,3045024,55872,,False,9.752166,9.752166,170.247706
1620,109,109.000000,0.144128,0.128740,0.819253,0.660381,1.307767,1.688271,11.294549,0.000000,0.819253,1.000000,0.000000,0.000000,14.032615,inf,3045024,3045024,55872,,False,9.754195,9.754195,164.201835
1621,93,93.000000,0.128964,0.075957,0.677517,0.634289,1.087397,1.183066,1.665909,0.000000,0.677517,1.000000,0.000000,0.000000,7.064024,inf,2598048,2598048,55872,,False,9.756021,9.756021,165.645161
1622,73,73.000000,0.116932,0.095904,0.710562,0.683354,1.204601,1.401908,2.817099,0.000000,0.710562,1.000000,0.000000,0.000000,7.000961,inf,2039328,2039328,55872,,False,9.757973,9.757973,152.616438
1623,91,91.000000,0.135228,0.079953,0.687095,0.699298,1.075166,1.211445,1.431068,0.000000,0.687095,1.000000,0.000000,0.000000,7.275762,inf,2542176,2542176,55872,,False,9.760507,9.760506,169.175824
1624,86,86.000000,0.121127,0.085352,0.688441,0.620153,1.063639,1.343705,2.542018,0.000000,0.688441,1.000000,0.000000,0.000000,7.340235,inf,2402496,2402496,55872,,False,9.762644,9.762644,149.093023
1625,96,96.000000,0.118888,0.082440,0.722097,0.674096,1.209577,1.358201,2.668000,0.000000,0.722097,1.000000,0.000000,0.000000,7.914277,inf,2681856,2681856,55872,,False,9.765394,9.765394,135.375000
1626,97,97.000000,0.129658,0.081174,0.676441,0.586084,1.181837,1.426306,2.413799,0.000000,0.676441,1.000000,0.000000,0.000000,7.873908,inf,2709792,2709792,55872,,False,9.767208,9.767208,170.051546
1627,101,101.000000,0.135887,0.077025,0.668077,0.570585,1.018209,1.214776,2.930211,0.000000,0.668077,1.000000,0.000000,0.000000,7.779546,inf,2821536,2821536,55872,,False,9.769750,9.769751,195.742574
1628,94,94.000000,0.120087,0.084361,0.728141,0.651612,1.262468,1.588697,2.628794,0.000000,0.728141,1.000000,0.000000,0.000000,7.929969,inf,2625984,2625984,55872,,False,9.771131,9.771131,153.031915
1629,111,111.000000,0.130202,0.069229,0.657813,0.606402,0.985441,1.128061,1.856799,0.000000,0.657813,1.000000,0.000000,0.000000,7.684442,inf,3100896,3100896,55872,,False,9.773259,9.773259,162.801802
1630,88,88.000000,0.148618,0.088495,0.727506,0.638959,1.327932,1.590733,2.137951,0.000000,0.727506,1.000000,0.000000,0.000000,7.787571,inf,2458368,2458368,55872,,False,9.775185,9.775185,184.250000
1631,94,94.000000,0.109871,0.099846,0.738716,0.634761,1.089636,1.363586,5.598368,0.000000,0.738716,1.000000,0.000000,0.000000,9.385526,inf,2625984,2625984,55872,,False,9.777803,9.777803,128.308511
1632,109,109.000000,0.124283,0.079363,0.720655,0.631347,1.143108,1.409797,2.786989,0.000000,0.720655,1.000000,0.000000,0.000000,8.650534,inf,3045024,3045024,55872,,False,9.779789,9.779789,150.284404
1633,91,91.000000,0.137302,0.091970,0.716041,0.620224,1.052387,1.699444,3.248773,0.000000,0.716041,1.000000,0.000000,0.000000,8.369225,inf,2542176,2542176,55872,,False,9.781667,9.781667,173.967033
1634,81,81.000000,0.124866,0.093375,0.703368,0.621427,1.162785,1.392349,2.304320,0.000000,0.703368,1.000000,0.000000,0.000000,7.563387,inf,2262816,2262816,55872,,False,9.783744,9.783744,152.950617
1635,92,92.000000,0.133210,0.092276,0.730379,0.591418,1.201270,1.486202,3.939146,0.000000,0.730379,1.000000,0.000000,0.000000,8.489372,inf,2570112,2570112,55872,,False,9.784879,9.784878,166.858696
1636,84,84.000000,0.135030,0.093629,0.727075,0.641029,1.270548,1.358363,4.149204,0.000000,0.727075,1.000000,0.000000,0.000000,7.864846,inf,2346624,2346624,55872,,False,9.786544,9.786544,148.595238
1637,92,92.000000,0.132998,0.077941,0.681437,0.620297,1.131612,1.273027,1.716120,0.000000,0.681437,1.000000,0.000000,0.000000,7.170608,inf,2570112,2570112,55872,,False,9.788393,9.788392,175.489130
1638,90,90.000000,0.113794,0.083368,0.686429,0.607502,1.180963,1.322363,2.130153,0.000000,0.686429,1.000000,0.000000,0.000000,7.503110,inf,2514240,2514240,55872,,False,9.791141,9.791141,143.233333
1639,89,89.000000,0.136912,0.078412,0.685741,0.603431,1.131494,1.252579,1.506474,0.000000,0.685741,1.000000,0.000000,0.000000,6.978708,inf,2486304,2486304,55872,,False,9.792994,9.792994,168.348315
1640,103,103.000000,0.121575,0.079145,0.671226,0.603286,1.170342,1.330013,3.496727,0.000000,0.671226,1.000000,0.000000,0.000000,8.151898,inf,2877408,2877408,55872,,False,9.794472,9.794472,152.679612
1641,104,104.000000,0.136131,0.086405,0.729210,0.650698,1.204079,1.391170,2.865836,0.000000,0.729210,1.000000,0.000000,0.000000,8.986164,inf,2905344,2905344,55872,,False,9.796399,9.796399,164.461538
1642,87,87.000000,0.138388,0.083807,0.694770,0.625250,1.120613,1.381228,1.844228,0.000000,0.694770,1.000000,0.000000,0.000000,7.291193,inf,2430432,2430432,55872,,False,9.798234,9.798235,175.034483
1643,100,100.000000,0.120419,0.072438,0.660750,0.585699,1.068752,1.257653,2.104055,0.000000,0.660750,1.000000,0.000000,0.000000,7.243777,inf,2793600,2793600,55872,,False,9.800464,9.800464,154.190000
1644,100,100.000000,0.140524,0.099048,0.783847,0.635758,1.396897,1.600299,5.301271,0.000000,0.783847,1.000000,0.000000,0.000000,9.904807,inf,2793600,2793600,55872,,False,9.802641,9.802641,170.470000
1645,84,84.000000,0.143207,0.076021,0.631916,0.582078,1.082724,1.360931,1.508023,0.000000,0.631916,1.000000,0.000000,0.000000,6.385795,inf,2346624,2346624,55872,,False,9.804708,9.804708,192.952381
1646,86,86.000000,0.133574,0.100834,0.744939,0.676777,1.134845,1.298728,3.235093,0.000000,0.744939,1.000000,0.000000,0.000000,8.671758,inf,2402496,2402496,55872,,False,9.806135,9.806135,146.104651
1647,94,94.000000,0.127526,0.077922,0.671832,0.609884,1.077684,1.339332,1.719364,0.000000,0.671832,1.000000,0.000000,0.000000,7.324627,inf,2625984,2625984,55872,,False,9.808296,9.808296,176.117021
1648,108,108.000000,0.132356,0.084453,0.754652,0.672276,1.209405,1.526627,2.787169,0.000000,0.754652,1.000000,0.000000,0.000000,9.120927,inf,3017088,3017088,55872,,False,9.810374,9.810374,171.138889
1649,92,92.000000,0.119407,0.090823,0.695984,0.627047,1.125743,1.457783,2.906839,0.000000,0.695984,1.000000,0.000000,0.000000,8.355695,inf,2570112,2570112,55872,,False,9.812304,9.812303,158.054348
1650,114,114.000000,0.128620,0.070655,0.687700,0.671999,1.035506,1.207272,2.986391,0.000000,0.687700,1.000000,0.000000,0.000000,8.054650,inf,3184704,3184704,55872,,False,9.814915,9.814916,158.184211
1651,93,93.000000,0.129120,0.080482,0.681141,0.663937,1.118628,1.243407,2.121347,0.000000,0.681141,1.000000,0.000000,0.000000,7.484801,inf,2598048,2598048,55872,,False,9.816409,9.816409,156.172043
1652,89,89.000000,0.128492,0.085412,0.686131,0.612106,1.112318,1.425721,2.182709,0.000000,0.686131,1.000000,0.000000,0.000000,7.601652,inf,2486304,2486304,55872,,False,9.818598,9.818599,170.247191
1653,90,90.000000,0.122579,0.098209,0.722540,0.653544,1.229078,1.533961,3.434008,0.000000,0.722540,1.000000,0.000000,0.000000,8.838785,inf,2514240,2514240,55872,,False,9.821046,9.821046,149.500000
1654,98,98.000000,0.135273,0.082507,0.727392,0.628534,1.178277,1.401742,2.527731,0.000000,0.727392,1.000000,0.000000,0.000000,8.085692,inf,2737728,2737728,55872,,False,9.823146,9.823146,160.704082
1655,93,93.000000,0.133172,0.090949,0.718957,0.620642,0.969450,1.285040,3.212701,0.000000,0.718957,1.000000,0.000000,0.000000,8.458279,inf,2598048,2598048,55872,,False,9.825386,9.825387,171.086022
1656,98,98.000000,0.123185,0.086466,0.728090,0.652475,1.095319,1.370222,3.587544,0.000000,0.728090,1.000000,0.000000,0.000000,8.473646,inf,2737728,2737728,55872,,False,9.826972,9.826973,146.275510
1657,85,85.000000,0.126714,0.083893,0.700966,0.629405,1.162734,1.583141,2.090548,0.000000,0.700966,1.000000,0.000000,0.000000,7.130891,inf,2374560,2374560,55872,,False,9.829048,9.829049,169.082353
1658,97,97.000000,0.146547,0.088740,0.716915,0.645869,1.114583,1.306544,3.110563,0.000000,0.716915,1.000000,0.000000,0.000000,8.607820,inf,2709792,2709792,55872,,False,9.830810,9.830809,186.175258
1659,96,96.000000,0.128578,0.076809,0.686094,0.616969,1.045966,1.270066,2.762856,0.000000,0.686094,1.000000,0.000000,0.000000,7.373629,inf,2681856,2681856,55872,,False,9.833205,9.833206,161.020833
1660,93,93.000000,0.123407,0.084122,0.687207,0.601845,1.065650,1.369840,3.311882,0.000000,0.687207,1.000000,0.000000,0.000000,7.823303,inf,2598048,2598048,55872,,False,9.835326,9.835325,159.559140
1661,85,85.000000,0.139752,0.088637,0.730503,0.698896,1.151827,1.303775,1.904514,0.000000,0.730503,1.000000,0.000000,0.000000,7.534166,inf,2374560,2374560,55872,,False,9.836546,9.836545,166.964706
1662,91,91.000000,0.128682,0.085945,0.701779,0.607529,1.124561,1.330154,3.962094,0.000000,0.701779,1.000000,0.000000,0.000000,7.820974,inf,2542176,2542176,55872,,False,9.838312,9.838312,168.538462
1663,92,92.000000,0.114566,0.071261,0.602302,0.587424,0.923755,1.009456,1.624659,0.000000,0.602302,1.000000,0.000000,0.000000,6.556012,inf,2570112,2570112,55872,,False,9.840766,9.840766,153.826087
1664,84,84.000000,0.134318,0.083211,0.672938,0.642997,1.075253,1.253635,2.311164,0.000000,0.672938,1.000000,0.000000,0.000000,6.989713,inf,2346624,2346624,55872,,False,9.842274,9.842273,178.178571
1665,90,90.000000,0.149476,0.076933,0.660539,0.604861,1.093898,1.182554,2.056687,0.000000,0.660539,1.000000,0.000000,0.000000,6.923954,inf,2514240,2514240,55872,,False,9.843912,9.843912,215.033333
1666,86,86.000000,0.132121,0.082773,0.709796,0.608024,1.179755,1.291219,1.793974,0.000000,0.709796,1.000000,0.000000,0.000000,7.118476,inf,2402496,2402496,55872,,False,9.846146,9.846146,179.767442
1667,85,85.000000,0.133964,0.092356,0.751074,0.633809,1.369139,1.695446,2.597175,0.000000,0.751074,1.000000,0.000000,0.000000,7.850276,inf,2374560,2374560,55872,,False,9.848085,9.848086,184.294118
1668,99,99.000000,0.126988,0.079732,0.693179,0.608858,1.093235,1.199004,2.309480,0.000000,0.693179,1.000000,0.000000,0.000000,7.893492,inf,2765664,2765664,55872,,False,9.849673,9.849673,168.272727
1669,99,99.000000,0.141722,0.083739,0.703609,0.637335,1.067588,1.426883,3.111867,0.000000,0.703609,1.000000,0.000000,0.000000,8.290153,inf,2765664,2765664,55872,,False,9.851355,9.851356,183.959596
1670,98,98.000000,0.131542,0.084254,0.710323,0.611688,1.226025,1.443934,2.500958,0.000000,0.710323,1.000000,0.000000,0.000000,8.256863,inf,2737728,2737728,55872,,False,9.852522,9.852522,156.775510
1671,86,86.000000,0.132298,0.093092,0.728729,0.666835,1.098130,1.592551,2.738372,0.000000,0.728729,1.000000,0.000000,0.000000,8.005930,inf,2402496,2402496,55872,,False,9.854396,9.854396,163.081395
1672,92,92.000000,0.138537,0.084220,0.700681,0.631520,1.189844,1.316208,1.930530,0.000000,0.700681,1.000000,0.000000,0.000000,7.748258,inf,2570112,2570112,55872,,False,9.856554,9.856555,186.521739
1673,82,82.000000,0.114010,0.089177,0.710195,0.666714,1.050092,1.209774,1.936861,0.000000,0.710195,1.000000,0.000000,0.000000,7.312502,inf,2290752,2290752,55872,,False,9.859034,9.859033,141.134146
1674,86,86.000000,0.133948,0.090390,0.685589,0.605432,0.965690,1.299524,3.356723,0.000000,0.685589,1.000000,0.000000,0.000000,7.773578,inf,2402496,2402496,55872,,False,9.860854,9.860854,160.906977
1675,95,95.000000,0.113218,0.081559,0.691310,0.603363,1.120232,1.307836,2.042030,0.000000,0.691310,1.000000,0.000000,0.000000,7.748082,inf,2653920,2653920,55872,,False,9.863151,9.863151,146.189474
1676,105,105.000000,0.121056,0.073536,0.643053,0.589076,1.033454,1.302229,1.648361,0.000000,0.643053,1.000000,0.000000,0.000000,7.721306,inf,2933280,2933280,55872,,False,9.865708,9.865708,156.952381
1677,93,93.000000,0.121050,0.077721,0.687761,0.681987,1.092163,1.181926,1.602565,0.000000,0.687761,1.000000,0.000000,0.000000,7.228083,inf,2598048,2598048,55872,,False,9.867238,9.867239,154.053763
1678,100,100.000000,0.128724,0.078123,0.690174,0.640574,1.117584,1.350415,1.767232,0.000000,0.690174,1.000000,0.000000,0.000000,7.812309,inf,2793600,2793600,55872,,False,9.869073,9.869074,153.770000
1679,89,89.000000,0.120035,0.078357,0.667657,0.620403,1.017184,1.348426,1.752899,0.000000,0.667657,1.000000,0.000000,0.000000,6.973789,inf,2486304,2486304,55872,,False,9.870970,9.870970,161.887640
1680,84,84.000000,0.116241,0.078608,0.618258,0.591972,1.026745,1.262873,1.703347,0.000000,0.618258,1.000000,0.000000,0.000000,6.603110,inf,2346624,2346624,55872,,False,9.872815,9.872815,145.071429
1681,102,102.000000,0.119328,0.073551,0.657774,0.614454,1.034274,1.142385,2.081429,0.000000,0.657774,1.000000,0.000000,0.000000,7.502241,inf,2849472,2849472,55872,,False,9.874743,9.874743,158.000000
1682,108,108.000000,0.136567,0.078611,0.699461,0.657659,1.152088,1.316582,1.963144,0.000000,0.699461,1.000000,0.000000,0.000000,8.490010,inf,3017088,3017088,55872,,False,9.876593,9.876593,176.259259
1683,100,100.000000,0.130564,0.094557,0.802651,0.688737,1.373024,1.774623,2.730224,0.000000,0.802651,1.000000,0.000000,0.000000,9.455745,inf,2793600,2793600,55872,,False,9.877311,9.877311,151.400000
1684,98,98.000000,0.132006,0.090458,0.756215,0.648022,1.144378,1.589115,3.915589,0.000000,0.756215,1.000000,0.000000,0.000000,8.864885,inf,2737728,2737728,55872,,False,9.879077,9.879078,169.040816
1685,103,103.000000,0.118353,0.068716,0.636816,0.604254,0.995061,1.166198,1.788913,0.000000,0.636816,1.000000,0.000000,0.000000,7.077754,inf,2877408,2877408,55872,,False,9.880740,9.880739,168.669903
1686,97,97.000000,0.117071,0.070800,0.626786,0.614389,0.978591,1.235438,1.546316,0.000000,0.626786,1.000000,0.000000,0.000000,6.867633,inf,2709792,2709792,55872,,False,9.883409,9.883408,171.463918
1687,125,125.000000,0.125339,0.067311,0.672471,0.646103,0.993632,1.383658,2.233191,0.000000,0.672471,1.000000,0.000000,0.000000,8.413844,inf,3492000,3492000,55872,,False,9.885139,9.885139,159.520000
1688,87,87.000000,0.120570,0.085342,0.673919,0.599109,1.189361,1.398421,1.875756,0.000000,0.673919,1.000000,0.000000,0.000000,7.424749,inf,2430432,2430432,55872,,False,9.886679,9.886679,166.379310
1689,83,83.000000,0.133919,0.090861,0.729610,0.709986,1.085677,1.275575,2.271517,0.000000,0.729610,1.000000,0.000000,0.000000,7.541431,inf,2318688,2318688,55872,,False,9.888189,9.888189,172.421687
1690,83,83.000000,0.141637,0.089440,0.713519,0.589964,1.041703,1.467310,2.618729,0.000000,0.713519,1.000000,0.000000,0.000000,7.423541,inf,2318688,2318688,55872,,False,9.889880,9.889880,174.650602
1691,94,94.000000,0.122298,0.088459,0.715586,0.609193,1.142485,1.347973,3.720250,0.000000,0.715586,1.000000,0.000000,0.000000,8.315144,inf,2625984,2625984,55872,,False,9.891204,9.891204,148.436170
1692,100,100.000000,0.125385,0.088565,0.717823,0.625093,1.103478,1.354692,3.331735,0.000000,0.717823,1.000000,0.000000,0.000000,8.856540,inf,2793600,2793600,55872,,False,9.893130,9.893130,159.050000
1693,80,80.000000,0.128455,0.102751,0.734019,0.663154,1.135090,1.377992,3.356585,0.000000,0.734019,1.000000,0.000000,0.000000,8.220085,inf,2234880,2234880,55872,,False,9.894682,9.894682,165.025000
1694,98,98.000000,0.129347,0.070833,0.658286,0.606255,1.276956,1.402217,2.145352,0.000000,0.658286,1.000000,0.000000,0.000000,6.941680,inf,2737728,2737728,55872,,False,9.895765,9.895765,164.234694
1695,93,93.000000,0.140240,0.082415,0.688542,0.608243,1.028699,1.238091,3.345094,0.000000,0.688542,1.000000,0.000000,0.000000,7.664623,inf,2598048,2598048,55872,,False,9.896729,9.896728,189.935484
1696,102,102.000000,0.136072,0.086452,0.745186,0.682232,1.224466,1.518864,2.974035,0.000000,0.745186,1.000000,0.000000,0.000000,8.818153,inf,2849472,2849472,55872,,False,9.898579,9.898580,165.803922
1697,98,98.000000,0.124302,0.083274,0.736270,0.644403,1.183135,1.388708,2.590059,0.000000,0.736270,1.000000,0.000000,0.000000,8.160882,inf,2737728,2737728,55872,,False,9.899572,9.899572,161.500000
1698,73,73.000000,0.125644,0.110990,0.792953,0.653250,1.196480,1.671546,3.553553,0.000000,0.792953,1.000000,0.000000,0.000000,8.102239,inf,2039328,2039328,55872,,False,9.901562,9.901563,159.821918
1699,87,87.000000,0.120821,0.084326,0.712585,0.629661,1.191869,1.475659,1.995802,0.000000,0.712585,1.000000,0.000000,0.000000,7.336368,inf,2430432,2430432,55872,,False,9.903390,9.903390,149.597701
1700,100,100.000000,0.123320,0.082061,0.727587,0.669303,1.194779,1.377470,2.611634,0.000000,0.727587,1.000000,0.000000,0.000000,8.206136,inf,2793600,2793600,55872,,False,9.904547,9.904547,143.460000
1701,97,97.000000,0.120332,0.090765,0.759235,0.690775,1.328289,1.493552,2.296205,0.000000,0.759235,1.000000,0.000000,0.000000,8.804209,inf,2709792,2709792,55872,,False,9.905986,9.905986,144.391753
1702,95,95.000000,0.117257,0.083567,0.687566,0.628433,0.993252,1.218363,3.815348,0.000000,0.687566,1.000000,0.000000,0.000000,7.938862,inf,2653920,2653920,55872,,False,9.907934,9.907934,162.315789
1703,90,90.000000,0.115398,0.080714,0.639916,0.546002,1.128640,1.508213,2.115915,0.000000,0.639916,1.000000,0.000000,0.000000,7.264272,inf,2514240,2514240,55872,,False,9.909932,9.909932,152.777778
1704,92,92.000000,0.121859,0.083774,0.707369,0.640648,1.215736,1.412778,2.400440,0.000000,0.707369,1.000000,0.000000,0.000000,7.707180,inf,2570112,2570112,55872,,False,9.911712,9.911711,134.402174
1705,101,101.000000,0.115753,0.084303,0.707289,0.600499,1.219499,1.792001,2.158943,0.000000,0.707289,1.000000,0.000000,0.000000,8.514615,inf,2821536,2821536,55872,,False,9.913070,9.913070,139.376238
1706,88,88.000000,0.120097,0.088685,0.741936,0.693913,1.218538,1.426500,2.116791,0.000000,0.741936,1.000000,0.000000,0.000000,7.804313,inf,2458368,2458368,55872,,False,9.914762,9.914762,147.988636
1707,98,98.000000,0.131736,0.099393,0.726923,0.604237,1.187898,1.336295,5.984254,0.000000,0.726923,1.000000,0.000000,0.000000,9.740477,inf,2737728,2737728,55872,,False,9.915740,9.915740,164.183673
1708,111,111.000000,0.122885,0.074346,0.714552,0.687083,1.139057,1.295899,1.603518,0.000000,0.714552,1.000000,0.000000,0.000000,8.252454,inf,3100896,3100896,55872,,False,9.917583,9.917583,159.243243
1709,88,88.000000,0.117077,0.088657,0.703718,0.631614,1.169508,1.379412,2.482048,0.000000,0.703718,1.000000,0.000000,0.000000,7.801791,inf,2458368,2458368,55872,,False,9.920099,9.920099,156.568182
1710,91,91.000000,0.126078,0.079565,0.692023,0.662862,1.068163,1.261178,2.066005,0.000000,0.692023,1.000000,0.000000,0.000000,7.240428,inf,2542176,2542176,55872,,False,9.921619,9.921618,150.758242
1711,103,103.000000,0.111908,0.077990,0.667193,0.627963,0.994889,1.237763,3.552123,0.000000,0.667193,1.000000,0.000000,0.000000,8.032970,inf,2877408,2877408,55872,,False,9.922921,9.922921,154.407767
1712,103,103.000000,0.116237,0.078201,0.699900,0.621339,1.151755,1.282225,3.003520,0.000000,0.699900,1.000000,0.000000,0.000000,8.054701,inf,2877408,2877408,55872,,False,9.925026,9.925026,145.718447
1713,105,105.000000,0.117954,0.093190,0.728450,0.626789,1.199863,1.748658,3.416541,0.000000,0.728450,1.000000,0.000000,0.000000,9.784974,inf,2933280,2933280,55872,,False,9.926314,9.926313,153.238095
1714,108,108.000000,0.133784,0.076600,0.698163,0.651912,1.118105,1.365886,2.234995,0.000000,0.698163,1.000000,0.000000,0.000000,8.272812,inf,3017088,3017088,55872,,False,9.927944,9.927944,180.000000
1715,94,94.000000,0.130390,0.083229,0.708670,0.598946,1.323540,1.717511,2.370328,0.000000,0.708670,1.000000,0.000000,0.000000,7.823530,inf,2625984,2625984,55872,,False,9.929877,9.929877,165.095745
1716,101,101.000000,0.117858,0.080772,0.697920,0.643553,1.152961,1.581555,2.045584,0.000000,0.697920,1.000000,0.000000,0.000000,8.157974,inf,2821536,2821536,55872,,False,9.931630,9.931630,153.376238
1717,85,85.000000,0.112365,0.076854,0.643437,0.594531,0.966529,1.107286,2.581147,0.000000,0.643437,1.000000,0.000000,0.000000,6.532613,inf,2374560,2374560,55872,,False,9.933621,9.933621,157.305882
1718,103,103.000000,0.131061,0.083947,0.714019,0.636412,1.229143,1.424102,3.060287,0.000000,0.714019,1.000000,0.000000,0.000000,8.646544,inf,2877408,2877408,55872,,False,9.933744,9.933745,159.718447
1719,99,99.000000,0.128221,0.081141,0.700057,0.622306,1.065857,1.575673,2.032198,0.000000,0.700057,1.000000,0.000000,0.000000,8.032960,inf,2765664,2765664,55872,,False,9.935206,9.935207,164.454545
1720,106,106.000000,0.117451,0.072021,0.679918,0.600082,1.156164,1.403480,2.001499,0.000000,0.679918,1.000000,0.000000,0.000000,7.634275,inf,2961216,2961216,55872,,False,9.936880,9.936880,148.783019
1721,86,86.000000,0.128261,0.085970,0.694773,0.601663,1.092956,1.654446,2.743954,0.000000,0.694773,1.000000,0.000000,0.000000,7.393384,inf,2402496,2402496,55872,,False,9.938205,9.938205,168.813953
1722,108,108.000000,0.122118,0.075785,0.704617,0.701772,1.063418,1.344445,2.596776,0.000000,0.704617,1.000000,0.000000,0.000000,8.184762,inf,3017088,3017088,55872,,False,9.939716,9.939716,153.796296
1723,81,81.000000,0.124061,0.082090,0.655835,0.589547,1.029281,1.123668,1.801291,0.000000,0.655835,1.000000,0.000000,0.000000,6.649262,inf,2262816,2262816,55872,,False,9.941339,9.941340,165.320988
1724,91,91.000000,0.128450,0.090866,0.773476,0.716810,1.166175,1.392395,2.536141,0.000000,0.773476,1.000000,0.000000,0.000000,8.268774,inf,2542176,2542176,55872,,False,9.943146,9.943146,151.417582
1725,96,96.000000,0.129063,0.088717,0.738953,0.646952,1.297545,1.470784,2.290666,0.000000,0.738953,1.000000,0.000000,0.000000,8.516846,inf,2681856,2681856,55872,,False,9.944143,9.944144,167.364583
1726,100,100.000000,0.116407,0.071284,0.636107,0.576882,0.976413,1.327827,2.408059,0.000000,0.636107,1.000000,0.000000,0.000000,7.128365,inf,2793600,2793600,55872,,False,9.946321,9.946321,161.240000
1727,100,100.000000,0.135467,0.086372,0.771287,0.723882,1.268614,1.650703,2.073619,0.000000,0.771287,1.000000,0.000000,0.000000,8.637151,inf,2793600,2793600,55872,,False,9.946839,9.946839,143.780000
1728,89,89.000000,0.138983,0.083157,0.707566,0.640363,1.166065,1.534063,2.438828,0.000000,0.707566,1.000000,0.000000,0.000000,7.401000,inf,2486304,2486304,55872,,False,9.948810,9.948809,157.674157
1729,86,86.000000,0.120644,0.080680,0.703648,0.605977,1.038443,1.133887,2.776191,0.000000,0.703648,1.000000,0.000000,0.000000,6.938506,inf,2402496,2402496,55872,,False,9.950829,9.950829,152.360465
1730,102,102.000000,0.114948,0.076993,0.672467,0.582379,1.152956,1.447448,2.266896,0.000000,0.672467,1.000000,0.000000,0.000000,7.853331,inf,2849472,2849472,55872,,False,9.952721,9.952720,155.450980
1731,96,96.000000,0.127990,0.091026,0.743955,0.603127,1.178831,2.081071,2.246697,0.000000,0.743955,1.000000,0.000000,0.000000,8.738489,inf,2681856,2681856,55872,,False,9.954557,9.954557,158.052083
1732,83,83.000000,0.119376,0.092432,0.743728,0.706260,1.160433,1.322413,1.626756,0.000000,0.743728,1.000000,0.000000,0.000000,7.671869,inf,2318688,2318688,55872,,False,9.955675,9.955675,142.710843
1733,99,99.000000,0.131195,0.076080,0.680007,0.645866,1.004987,1.260009,2.287201,0.000000,0.680007,1.000000,0.000000,0.000000,7.531925,inf,2765664,2765664,55872,,False,9.957753,9.957753,162.626263
1734,98,98.000000,0.134281,0.080208,0.671992,0.623534,0.935811,1.196419,2.993614,0.000000,0.671992,1.000000,0.000000,0.000000,7.860421,inf,2737728,2737728,55872,,False,9.959814,9.959814,191.520408
1735,84,84.000000,0.131978,0.078775,0.646205,0.572524,1.100088,1.293257,1.529612,0.000000,0.646205,1.000000,0.000000,0.000000,6.617073,inf,2346624,2346624,55872,,False,9.960778,9.960778,168.250000
1736,101,101.000000,0.136756,0.081753,0.704935,0.616525,1.040171,1.501544,2.155947,0.000000,0.704935,1.000000,0.000000,0.000000,8.257074,inf,2821536,2821536,55872,,False,9.961671,9.961671,168.267327
1737,83,83.000000,0.113246,0.111647,0.733195,0.679619,1.099127,1.441574,5.557490,0.000000,0.733195,1.000000,0.000000,0.000000,9.266725,inf,2318688,2318688,55872,,False,9.963791,9.963791,141.975904
1738,91,91.000000,0.131339,0.078969,0.674097,0.642328,1.083024,1.176242,1.437406,0.000000,0.674097,1.000000,0.000000,0.000000,7.186136,inf,2542176,2542176,55872,,False,9.965615,9.965615,170.109890
1739,101,101.000000,0.122570,0.073346,0.661620,0.613417,1.171595,1.365709,1.839969,0.000000,0.661620,1.000000,0.000000,0.000000,7.407934,inf,2821536,2821536,55872,,False,9.967200,9.967200,173.069307
1740,88,88.000000,0.111960,0.081151,0.661063,0.622157,1.013851,1.124695,2.602843,0.000000,0.661063,1.000000,0.000000,0.000000,7.141267,inf,2458368,2458368,55872,,False,9.969911,9.969911,163.375000
1741,89,89.000000,0.121344,0.082401,0.668389,0.636326,1.162582,1.313310,2.120169,0.000000,0.668389,1.000000,0.000000,0.000000,7.333732,inf,2486304,2486304,55872,,False,9.972019,9.972020,164.258427
1742,100,100.000000,0.126113,0.085077,0.744735,0.663047,1.314698,1.730570,2.729046,0.000000,0.744735,1.000000,0.000000,0.000000,8.507713,inf,2793600,2793600,55872,,False,9.973614,9.973614,169.130000
1743,104,104.000000,0.123040,0.090877,0.772797,0.671131,1.274102,1.615175,3.082363,0.000000,0.772797,1.000000,0.000000,0.000000,9.451179,inf,2905344,2905344,55872,,False,9.974411,9.974411,129.375000
1744,97,97.000000,0.124150,0.074307,0.646413,0.565465,1.083978,1.310305,1.750051,0.000000,0.646413,1.000000,0.000000,0.000000,7.207734,inf,2709792,2709792,55872,,False,9.976182,9.976182,169.876289
1745,99,99.000000,0.121569,0.082987,0.656483,0.575256,1.185025,1.362747,3.278216,0.000000,0.656483,1.000000,0.000000,0.000000,8.215702,inf,2765664,2765664,55872,,False,9.977180,9.977180,155.202020
1746,92,92.000000,0.125119,0.082600,0.702522,0.661499,1.112620,1.210064,2.273091,0.000000,0.702522,1.000000,0.000000,0.000000,7.599201,inf,2570112,2570112,55872,,False,9.977834,9.977834,160.119565
1747,94,94.000000,0.130907,0.088164,0.729834,0.599267,1.132660,1.778877,3.553668,0.000000,0.729834,1.000000,0.000000,0.000000,8.287394,inf,2625984,2625984,55872,,False,9.979663,9.979663,165.148936
1748,87,87.000000,0.115465,0.075624,0.653504,0.651578,1.013766,1.131260,1.730623,0.000000,0.653504,1.000000,0.000000,0.000000,6.579301,inf,2430432,2430432,55872,,False,9.981796,9.981796,163.413793
1749,88,88.000000,0.122759,0.077133,0.644962,0.605116,1.122136,1.261542,1.566613,0.000000,0.644962,1.000000,0.000000,0.000000,6.787682,inf,2458368,2458368,55872,,False,9.983798,9.983798,168.397727
1750,79,79.000000,0.131492,0.093744,0.691534,0.618061,1.042630,1.436541,3.784464,0.000000,0.691534,1.000000,0.000000,0.000000,7.405755,inf,2206944,2206944,55872,,False,9.985107,9.985107,184.367089
1751,92,92.000000,0.115322,0.085255,0.726873,0.665075,1.243711,1.435594,1.796109,0.000000,0.726873,1.000000,0.000000,0.000000,7.843445,inf,2570112,2570112,55872,,False,9.986958,9.986958,148.391304
1752,107,107.000000,0.127299,0.072907,0.655745,0.586130,1.100360,1.358746,2.299048,0.000000,0.655745,1.000000,0.000000,0.000000,7.801089,inf,2989152,2989152,55872,,False,9.988365,9.988365,162.009346
1753,85,85.000000,0.123686,0.086833,0.722390,0.688589,1.254276,1.406965,1.914106,0.000000,0.722390,1.000000,0.000000,0.000000,7.380819,inf,2374560,2374560,55872,,False,9.989203,9.989203,151.129412
1754,110,110.000000,0.130564,0.095855,0.823156,0.713572,1.424076,1.694880,3.030841,0.000000,0.823156,1.000000,0.000000,0.000000,10.544074,inf,3072960,3072960,55872,,False,9.990289,9.990290,148.945455
1755,86,86.000000,0.125434,0.085624,0.709866,0.617003,1.135339,1.316145,2.439072,0.000000,0.709866,1.000000,0.000000,0.000000,7.363625,inf,2402496,2402496,55872,,False,9.992881,9.992881,163.697674
1756,92,92.000000,0.125231,0.081360,0.683084,0.631067,1.109365,1.288186,1.890990,0.000000,0.683084,1.000000,0.000000,0.000000,7.485131,inf,2570112,2570112,55872,,False,9.994638,9.994638,173.815217
1757,81,81.000000,0.127162,0.086924,0.674429,0.611037,1.082997,1.309045,1.777471,0.000000,0.674429,1.000000,0.000000,0.000000,7.040829,inf,2262816,2262816,55872,,False,9.996493,9.996493,169.098765
1758,103,103.000000,0.128163,0.072932,0.653899,0.635051,1.075463,1.343066,1.645874,0.000000,0.653899,1.000000,0.000000,0.000000,7.511956,inf,2877408,2877408,55872,,False,9.998515,9.998515,189.621359
1759,88,88.000000,0.126757,0.079864,0.693293,0.650430,1.178987,1.335349,1.362924,0.000000,0.693293,1.000000,0.000000,0.000000,7.028027,inf,2458368,2458368,55872,,False,9.999525,9.999525,155.227273
1760,82,82.000000,0.120338,0.080245,0.649799,0.613702,1.054223,1.150085,1.370078,0.000000,0.649799,1.000000,0.000000,0.000000,6.580059,inf,2290752,2290752,55872,,False,10.000982,10.000982,166.146341
1761,116,116.000000,0.121189,0.071478,0.661818,0.587328,1.027132,1.319440,3.039095,0.000000,0.661818,1.000000,0.000000,0.000000,8.291504,inf,3240576,3240576,55872,,False,10.002960,10.002960,168.172414
1762,92,92.000000,0.129679,0.078384,0.691895,0.609191,1.105879,1.269558,1.649361,0.000000,0.691895,1.000000,0.000000,0.000000,7.211372,inf,2570112,2570112,55872,,False,10.004140,10.004141,162.097826
1763,98,98.000000,0.127807,0.076737,0.670362,0.601193,1.062514,1.264915,2.315355,0.000000,0.670362,1.000000,0.000000,0.000000,7.520204,inf,2737728,2737728,55872,,False,10.005606,10.005606,178.806122
1764,99,99.000000,0.121774,0.075910,0.664624,0.615479,1.090398,1.335675,2.400476,0.000000,0.664624,1.000000,0.000000,0.000000,7.515123,inf,2765664,2765664,55872,,False,10.006771,10.006771,162.242424
1765,93,93.000000,0.118446,0.082584,0.682165,0.601351,1.145519,1.441541,1.987896,0.000000,0.682165,1.000000,0.000000,0.000000,7.680333,inf,2598048,2598048,55872,,False,10.008472,10.008472,157.440860
1766,72,72.000000,0.106551,0.098647,0.702450,0.634990,1.317464,1.571959,2.433946,0.000000,0.702450,1.000000,0.000000,0.000000,7.102591,inf,2011392,2011392,55872,,False,10.010608,10.010608,142.458333
1767,90,90.000000,0.135779,0.083060,0.701818,0.637430,0.999410,1.240688,2.686405,0.000000,0.701818,1.000000,0.000000,0.000000,7.475427,inf,2514240,2514240,55872,,False,10.011999,10.011999,176.333333
1768,96,96.000000,0.118267,0.074230,0.621414,0.570375,1.140545,1.333199,1.570797,0.000000,0.621414,1.000000,0.000000,0.000000,7.126123,inf,2681856,2681856,55872,,False,10.013024,10.013024,163.614583
1769,105,105.000000,0.124724,0.084941,0.769244,0.696749,1.248342,1.609327,2.866216,0.000000,0.769244,1.000000,0.000000,0.000000,8.918809,inf,2933280,2933280,55872,,False,10.014212,10.014211,141.228571
1770,97,97.000000,0.107064,0.074441,0.616701,0.567852,1.008471,1.143627,2.556259,0.000000,0.616701,1.000000,0.000000,0.000000,7.220808,inf,2709792,2709792,55872,,False,10.016315,10.016315,162.907216
1771,85,85.000000,0.116762,0.077518,0.656900,0.621524,1.111903,1.303282,1.588381,0.000000,0.656900,1.000000,0.000000,0.000000,6.589007,inf,2374560,2374560,55872,,False,10.017818,10.017818,179.505882
1772,93,93.000000,0.118962,0.072619,0.656682,0.646395,1.045324,1.142073,1.930042,0.000000,0.656682,1.000000,0.000000,0.000000,6.753558,inf,2598048,2598048,55872,,False,10.019569,10.019569,157.075269
1773,100,100.000000,0.134104,0.072428,0.664213,0.625504,0.961177,1.197663,2.263474,0.000000,0.664213,1.000000,0.000000,0.000000,7.242807,inf,2793600,2793600,55872,,False,10.020694,10.020693,184.160000
1774,94,94.000000,0.106821,0.075945,0.663011,0.650069,1.076849,1.239367,1.604270,0.000000,0.663011,1.000000,0.000000,0.000000,7.138784,inf,2625984,2625984,55872,,False,10.022535,10.022536,141.457447
1775,101,101.000000,0.115312,0.073486,0.642862,0.575629,0.933536,1.231079,2.365955,0.000000,0.642862,1.000000,0.000000,0.000000,7.422043,inf,2821536,2821536,55872,,False,10.024689,10.024689,167.643564
1776,81,81.000000,0.117098,0.099334,0.733976,0.656640,1.275688,1.522593,2.886852,0.000000,0.733976,1.000000,0.000000,0.000000,8.046075,inf,2262816,2262816,55872,,False,10.026011,10.026011,135.320988
1777,96,96.000000,0.137637,0.072538,0.663403,0.607492,0.985685,1.302188,1.513274,0.000000,0.663403,1.000000,0.000000,0.000000,6.963619,inf,2681856,2681856,55872,,False,10.027142,10.027142,170.020833
1778,94,94.000000,0.125607,0.078225,0.682021,0.626846,1.082441,1.285331,1.779772,0.000000,0.682021,1.000000,0.000000,0.000000,7.353124,inf,2625984,2625984,55872,,False,10.028544,10.028544,173.319149
1779,96,96.000000,0.132260,0.079057,0.655951,0.575804,1.041730,1.359000,2.109151,0.000000,0.655951,1.000000,0.000000,0.000000,7.589460,inf,2681856,2681856,55872,,False,10.029922,10.029922,182.041667
1780,92,92.000000,0.118994,0.086774,0.717767,0.612566,1.268477,1.538717,2.824068,0.000000,0.717767,1.000000,0.000000,0.000000,7.983193,inf,2570112,2570112,55872,,False,10.031354,10.031354,177.163043
1781,91,91.000000,0.135224,0.081391,0.703624,0.662684,1.201259,1.350347,2.006551,0.000000,0.703624,1.000000,0.000000,0.000000,7.406556,inf,2542176,2542176,55872,,False,10.032478,10.032478,172.219780
1782,86,86.000000,0.128584,0.090187,0.734609,0.663754,1.134600,1.326359,2.610167,0.000000,0.734609,1.000000,0.000000,0.000000,7.756098,inf,2402496,2402496,55872,,False,10.034068,10.034069,164.081395
1783,96,96.000000,0.111851,0.073486,0.665194,0.604151,1.190202,1.305147,1.447829,0.000000,0.665194,1.000000,0.000000,0.000000,7.054678,inf,2681856,2681856,55872,,False,10.035974,10.035973,155.447917
1784,96,96.000000,0.115972,0.084280,0.731045,0.676772,1.159464,1.590463,3.113287,0.000000,0.731045,1.000000,0.000000,0.000000,8.090907,inf,2681856,2681856,55872,,False,10.037766,10.037766,139.250000
1785,98,98.000000,0.131298,0.088695,0.729971,0.649261,1.052385,1.614095,4.122466,0.000000,0.729971,1.000000,0.000000,0.000000,8.692103,inf,2737728,2737728,55872,,False,10.039829,10.039828,179.489796
1786,99,99.000000,0.127444,0.076129,0.708478,0.636796,1.188015,1.454170,1.743061,0.000000,0.708478,1.000000,0.000000,0.000000,7.536768,inf,2765664,2765664,55872,,False,10.041820,10.041820,165.040404
1787,114,114.000000,0.125505,0.078799,0.708370,0.669547,1.260552,1.470048,2.072446,0.000000,0.708370,1.000000,0.000000,0.000000,8.983079,inf,3184704,3184704,55872,,False,10.043162,10.043162,156.561404
1788,92,92.000000,0.118120,0.081377,0.692380,0.667473,1.082768,1.286363,1.837564,0.000000,0.692380,1.000000,0.000000,0.000000,7.486650,inf,2570112,2570112,55872,,False,10.044761,10.044761,159.467391
1789,112,112.000000,0.115500,0.074514,0.688943,0.644429,1.164062,1.350054,2.798729,0.000000,0.688943,1.000000,0.000000,0.000000,8.345536,inf,3128832,3128832,55872,,False,10.046683,10.046683,143.526786
1790,99,99.000000,0.126566,0.083150,0.720401,0.634177,1.129812,1.387481,2.842738,0.000000,0.720401,1.000000,0.000000,0.000000,8.231811,inf,2765664,2765664,55872,,False,10.048798,10.048798,165.717172
1791,107,107.000000,0.133899,0.072122,0.663814,0.605135,1.079630,1.338507,2.028358,0.000000,0.663814,1.000000,0.000000,0.000000,7.717074,inf,2989152,2989152,55872,,False,10.049635,10.049634,178.429907
1792,94,94.000000,0.118641,0.076720,0.675668,0.644035,1.043876,1.280530,1.724114,0.000000,0.675668,1.000000,0.000000,0.000000,7.211702,inf,2625984,2625984,55872,,False,10.051639,10.051639,150.063830
1793,101,101.000000,0.130387,0.081307,0.706898,0.635339,1.215523,1.469043,2.129205,0.000000,0.706898,1.000000,0.000000,0.000000,8.211973,inf,2821536,2821536,55872,,False,10.053207,10.053207,178.475248
1794,87,87.000000,0.128544,0.075166,0.630065,0.580641,1.007970,1.158069,1.956905,0.000000,0.630065,1.000000,0.000000,0.000000,6.539418,inf,2430432,2430432,55872,,False,10.054977,10.054977,192.034483
1795,91,91.000000,0.124245,0.082303,0.681394,0.623308,1.197963,1.492632,1.894037,0.000000,0.681394,1.000000,0.000000,0.000000,7.489557,inf,2542176,2542176,55872,,False,10.056488,10.056488,158.802198
1796,96,96.000000,0.112090,0.088175,0.691436,0.610010,1.194609,1.527495,3.045740,0.000000,0.691436,1.000000,0.000000,0.000000,8.464805,inf,2681856,2681856,55872,,False,10.057708,10.057709,141.260417
1797,98,98.000000,0.121899,0.077834,0.702841,0.614713,1.163397,1.406072,3.036094,0.000000,0.702841,1.000000,0.000000,0.000000,7.627746,inf,2737728,2737728,55872,,False,10.058676,10.058676,151.612245
1798,98,98.000000,0.110221,0.086518,0.748523,0.697239,1.230910,1.446294,3.338067,0.000000,0.748523,1.000000,0.000000,0.000000,8.478718,inf,2737728,2737728,55872,,False,10.060151,10.060152,127.316327
1799,101,101.000000,0.110517,0.078531,0.712729,0.668932,1.054628,1.354323,2.783610,0.000000,0.712729,1.000000,0.000000,0.000000,7.931677,inf,2821536,2821536,55872,,False,10.062342,10.062343,149.544554
1800,77,77.000000,0.117962,0.093234,0.679897,0.607763,1.176731,1.302094,2.155063,0.000000,0.679897,1.000000,0.000000,0.000000,7.179034,inf,2151072,2151072,55872,,False,10.064278,10.064278,161.584416
1801,89,89.000000,0.127335,0.090540,0.709327,0.567641,1.242049,1.749312,3.069648,0.000000,0.709327,1.000000,0.000000,0.000000,8.058022,inf,2486304,2486304,55872,,False,10.065232,10.065232,154.460674
1802,98,98.000000,0.125467,0.090348,0.775922,0.696927,1.227552,1.599936,2.268781,0.000000,0.775922,1.000000,0.000000,0.000000,8.854055,inf,2737728,2737728,55872,,False,10.066295,10.066295,142.938776
1803,89,89.000000,0.120371,0.092207,0.727072,0.674293,1.159620,1.759324,2.656300,0.000000,0.727072,1.000000,0.000000,0.000000,8.206422,inf,2486304,2486304,55872,,False,10.067795,10.067795,145.595506
1804,92,92.000000,0.132269,0.079024,0.676832,0.616018,1.101329,1.205954,1.762059,0.000000,0.676832,1.000000,0.000000,0.000000,7.270238,inf,2570112,2570112,55872,,False,10.069704,10.069704,178.152174
1805,83,83.000000,0.108094,0.079828,0.650264,0.591370,1.049233,1.153252,2.658035,0.000000,0.650264,1.000000,0.000000,0.000000,6.625699,inf,2318688,2318688,55872,,False,10.071733,10.071733,141.734940
1806,83,83.000000,0.130762,0.081854,0.706585,0.642829,1.127936,1.240893,1.843297,0.000000,0.706585,1.000000,0.000000,0.000000,6.793858,inf,2318688,2318688,55872,,False,10.073683,10.073683,173.361446
1807,97,97.000000,0.106577,0.081267,0.670882,0.635769,1.065991,1.219287,2.610971,0.000000,0.670882,1.000000,0.000000,0.000000,7.882906,inf,2709792,2709792,55872,,False,10.075967,10.075967,147.154639
1808,84,84.000000,0.108932,0.078508,0.647591,0.619727,1.089479,1.207164,1.442568,0.000000,0.647591,1.000000,0.000000,0.000000,6.594662,inf,2346624,2346624,55872,,False,10.078190,10.078189,147.500000
1809,115,115.000000,0.135612,0.071261,0.690181,0.606239,1.057447,1.510498,1.917319,0.000000,0.690181,1.000000,0.000000,0.000000,8.195063,inf,3212640,3212640,55872,,False,10.079324,10.079324,182.443478
1810,120,120.000000,0.140373,0.072911,0.697839,0.613909,1.136436,1.270986,3.260494,0.000000,0.697839,1.000000,0.000000,0.000000,8.749319,inf,3352320,3352320,55872,,False,10.080250,10.080250,188.066667
1811,82,82.000000,0.128355,0.085669,0.700025,0.658221,1.182611,1.438591,1.665590,0.000000,0.700025,1.000000,0.000000,0.000000,7.024892,inf,2290752,2290752,55872,,False,10.081231,10.081231,160.109756
1812,82,82.000000,0.123386,0.083693,0.645630,0.593688,1.028728,1.384759,2.247285,0.000000,0.645630,1.000000,0.000000,0.000000,6.862797,inf,2290752,2290752,55872,,False,10.082438,10.082438,152.292683
1813,99,99.000000,0.120846,0.085210,0.760367,0.657469,1.143597,1.503089,3.012687,0.000000,0.760367,1.000000,0.000000,0.000000,8.435805,inf,2765664,2765664,55872,,False,10.084058,10.084057,148.494949
1814,95,95.000000,0.141993,0.081099,0.695428,0.593608,1.301706,1.565891,1.732455,0.000000,0.695428,1.000000,0.000000,0.000000,7.704430,inf,2653920,2653920,55872,,False,10.084874,10.084874,196.200000
1815,97,97.000000,0.123042,0.079797,0.709240,0.608330,1.192874,1.592345,2.953315,0.000000,0.709240,1.000000,0.000000,0.000000,7.740311,inf,2709792,2709792,55872,,False,10.086201,10.086201,165.010309
1816,108,108.000000,0.117704,0.071407,0.680338,0.622541,1.086608,1.331339,2.821556,0.000000,0.680338,1.000000,0.000000,0.000000,7.711908,inf,3017088,3017088,55872,,False,10.087680,10.087680,147.861111
1817,99,99.000000,0.121852,0.081478,0.696512,0.590819,1.209188,1.351876,2.869723,0.000000,0.696512,1.000000,0.000000,0.000000,8.066310,inf,2765664,2765664,55872,,False,10.088806,10.088805,175.787879
1818,97,97.000000,0.127825,0.078069,0.672881,0.613936,1.037590,1.196044,1.914032,0.000000,0.672881,1.000000,0.000000,0.000000,7.572714,inf,2709792,2709792,55872,,False,10.090003,10.090003,162.515464
1819,97,97.000000,0.122031,0.081854,0.704915,0.617788,1.071778,1.186874,2.754413,0.000000,0.704915,1.000000,0.000000,0.000000,7.939853,inf,2709792,2709792,55872,,False,10.091489,10.091489,160.082474
1820,95,95.000000,0.123199,0.083525,0.694432,0.634355,1.355221,1.503434,1.790187,0.000000,0.694432,1.000000,0.000000,0.000000,7.934866,inf,2653920,2653920,55872,,False,10.092585,10.092585,160.442105
1821,101,101.000000,0.139509,0.078716,0.693504,0.633436,1.190056,1.398654,2.140996,0.000000,0.693504,1.000000,0.000000,0.000000,7.950333,inf,2821536,2821536,55872,,False,10.094309,10.094309,190.326733
1822,92,92.000000,0.123718,0.092124,0.761259,0.694929,1.121644,1.311317,3.221634,0.000000,0.761259,1.000000,0.000000,0.000000,8.475407,inf,2570112,2570112,55872,,False,10.095211,10.095211,142.608696
1823,94,94.000000,0.126621,0.079447,0.672627,0.631848,1.141859,1.411146,2.092348,0.000000,0.672627,1.000000,0.000000,0.000000,7.467988,inf,2625984,2625984,55872,,False,10.096747,10.096748,180.925532
1824,86,86.000000,0.117588,0.101289,0.742426,0.653749,1.293614,1.671876,4.286435,0.000000,0.742426,1.000000,0.000000,0.000000,8.710811,inf,2402496,2402496,55872,,False,10.097313,10.097313,159.325581
1825,86,86.000000,0.123850,0.085719,0.712125,0.634397,1.093702,1.592151,2.004098,0.000000,0.712125,1.000000,0.000000,0.000000,7.371838,inf,2402496,2402496,55872,,False,10.098886,10.098886,181.534884
1826,100,100.000000,0.135526,0.083593,0.761796,0.676975,1.313085,1.398032,1.871501,0.000000,0.761796,1.000000,0.000000,0.000000,8.359329,inf,2793600,2793600,55872,,False,10.100177,10.100178,175.110000
1827,80,80.000000,0.107505,0.092504,0.721227,0.615403,1.379962,1.636127,2.024126,0.000000,0.721227,1.000000,0.000000,0.000000,7.400325,inf,2234880,2234880,55872,,False,10.101811,10.101812,130.175000
1828,90,90.000000,0.113846,0.090700,0.718113,0.622403,1.250958,1.563315,2.481907,0.000000,0.718113,1.000000,0.000000,0.000000,8.162962,inf,2514240,2514240,55872,,False,10.103909,10.103909,149.277778
1829,77,77.000000,0.106714,0.082229,0.648065,0.618215,0.989270,1.092623,2.194481,0.000000,0.648065,1.000000,0.000000,0.000000,6.331654,inf,2151072,2151072,55872,,False,10.105456,10.105456,149.558442
1830,97,97.000000,0.118840,0.087240,0.729260,0.610067,1.163864,1.378848,2.630840,0.000000,0.729260,1.000000,0.000000,0.000000,8.462239,inf,2709792,2709792,55872,,False,10.107538,10.107538,156.927835
1831,88,88.000000,0.120337,0.091796,0.760381,0.692724,1.382030,1.754963,2.153193,0.000000,0.760381,1.000000,0.000000,0.000000,8.078068,inf,2458368,2458368,55872,,False,10.108590,10.108590,141.500000
1832,88,88.000000,0.137251,0.083006,0.687310,0.576606,1.115081,1.214630,2.083508,0.000000,0.687310,1.000000,0.000000,0.000000,7.304519,inf,2458368,2458368,55872,,False,10.109982,10.109982,182.340909
1833,95,95.000000,0.129427,0.086889,0.745173,0.697244,1.204715,1.367093,2.122721,0.000000,0.745173,1.000000,0.000000,0.000000,8.254473,inf,2653920,2653920,55872,,False,10.110778,10.110778,161.126316
1834,91,91.000000,0.131425,0.085619,0.729094,0.661203,1.124381,1.428806,2.797061,0.000000,0.729094,1.000000,0.000000,0.000000,7.791353,inf,2542176,2542176,55872,,False,10.112497,10.112497,166.505495
1835,100,100.000000,0.125844,0.081229,0.715076,0.615397,1.125688,1.465160,2.497449,0.000000,0.715076,1.000000,0.000000,0.000000,8.122925,inf,2793600,2793600,55872,,False,10.114472,10.114472,167.380000
1836,96,96.000000,0.132972,0.073339,0.634399,0.571077,1.041316,1.232133,1.696935,0.000000,0.634399,1.000000,0.000000,0.000000,7.040562,inf,2681856,2681856,55872,,False,10.116073,10.116073,175.802083
1837,74,74.000000,0.118284,0.082837,0.626213,0.581912,0.926033,1.150545,1.671595,0.000000,0.626213,1.000000,0.000000,0.000000,6.129942,inf,2067264,2067264,55872,,False,10.118194,10.118194,162.405405
1838,99,99.000000,0.114368,0.081229,0.694954,0.650592,1.140778,1.345893,2.017101,0.000000,0.694954,1.000000,0.000000,0.000000,8.041623,inf,2765664,2765664,55872,,False,10.119541,10.119541,142.141414
1839,84,84.000000,0.116577,0.082254,0.650801,0.599682,1.112178,1.238724,1.458438,0.000000,0.650801,1.000000,0.000000,0.000000,6.909315,inf,2346624,2346624,55872,,False,10.121482,10.121482,156.440476
1840,65,65.000000,0.105696,0.103496,0.752306,0.692727,1.322987,1.412088,1.957553,0.000000,0.752306,1.000000,0.000000,0.000000,6.727255,inf,1815840,1815840,55872,,False,10.123020,10.123020,119.292308
1841,88,88.000000,0.130638,0.091956,0.722996,0.620584,1.280023,1.480407,2.639798,0.000000,0.722996,1.000000,0.000000,0.000000,8.092143,inf,2458368,2458368,55872,,False,10.124021,10.124021,193.454545
1842,86,86.000000,0.120336,0.090061,0.688024,0.609771,1.079867,1.474655,2.989684,0.000000,0.688024,1.000000,0.000000,0.000000,7.745235,inf,2402496,2402496,55872,,False,10.125348,10.125348,157.686047
1843,98,98.000000,0.112752,0.074623,0.673814,0.632571,1.095520,1.274637,2.430480,0.000000,0.673814,1.000000,0.000000,0.000000,7.313042,inf,2737728,2737728,55872,,False,10.127346,10.127347,153.540816
1844,73,73.000000,0.131190,0.097804,0.765027,0.735779,1.221609,1.502493,1.998923,0.000000,0.765027,1.000000,0.000000,0.000000,7.139712,inf,2039328,2039328,55872,,False,10.127635,10.127635,161.698630
1845,104,104.000000,0.115050,0.087313,0.722641,0.571352,1.216888,1.819561,3.091109,0.000000,0.722641,1.000000,0.000000,0.000000,9.080549,inf,2905344,2905344,55872,,False,10.129164,10.129164,146.038462
1846,92,92.000000,0.125557,0.096025,0.778209,0.698434,1.250167,1.441967,2.625554,0.000000,0.778209,1.000000,0.000000,0.000000,8.834258,inf,2570112,2570112,55872,,False,10.130120,10.130120,139.141304
1847,97,97.000000,0.131221,0.082970,0.745689,0.717447,1.197253,1.358571,2.359624,0.000000,0.745689,1.000000,0.000000,0.000000,8.048051,inf,2709792,2709792,55872,,False,10.131295,10.131295,148.865979
1848,71,71.000000,0.119735,0.092186,0.645251,0.594762,0.871124,1.109317,3.037767,0.000000,0.645251,1.000000,0.000000,0.000000,6.545208,inf,1983456,1983456,55872,,False,10.133648,10.133648,173.492958
1849,101,101.000000,0.123354,0.080843,0.728590,0.659726,1.174409,1.392057,2.680308,0.000000,0.728590,1.000000,0.000000,0.000000,8.165134,inf,2821536,2821536,55872,,False,10.135323,10.135323,171.257426
1850,97,97.000000,0.115363,0.079961,0.663179,0.597657,1.166223,1.556108,2.231167,0.000000,0.663179,1.000000,0.000000,0.000000,7.756171,inf,2709792,2709792,55872,,False,10.137239,10.137239,172.628866
1851,108,108.000000,0.130834,0.078531,0.722564,0.653591,1.110559,1.310418,2.086145,0.000000,0.722564,1.000000,0.000000,0.000000,8.481372,inf,3017088,3017088,55872,,False,10.138556,10.138555,169.027778
1852,95,95.000000,0.125259,0.092268,0.762009,0.689412,1.231287,1.627111,3.296748,0.000000,0.762009,1.000000,0.000000,0.000000,8.765455,inf,2653920,2653920,55872,,False,10.138798,10.138798,158.600000
1853,91,91.000000,0.118102,0.097342,0.737290,0.675318,1.269400,1.449984,2.545885,0.000000,0.737290,1.000000,0.000000,0.000000,8.858078,inf,2542176,2542176,55872,,False,10.140306,10.140306,141.736264
1854,96,96.000000,0.114184,0.082886,0.671433,0.581860,1.056450,1.597587,2.317013,0.000000,0.671433,1.000000,0.000000,0.000000,7.957065,inf,2681856,2681856,55872,,False,10.141815,10.141815,159.083333
1855,90,90.000000,0.121304,0.089787,0.685395,0.569701,1.064780,1.845877,2.729746,0.000000,0.685395,1.000000,0.000000,0.000000,8.080841,inf,2514240,2514240,55872,,False,10.143346,10.143347,177.655556
1856,85,85.000000,0.113038,0.087410,0.678166,0.589795,1.241053,1.359452,2.186453,0.000000,0.678166,1.000000,0.000000,0.000000,7.429857,inf,2374560,2374560,55872,,False,10.144637,10.144637,165.858824
1857,98,98.000000,0.116448,0.084009,0.723131,0.648119,1.203935,1.437734,1.954208,0.000000,0.723131,1.000000,0.000000,0.000000,8.232872,inf,2737728,2737728,55872,,False,10.146129,10.146129,139.306122
1858,82,82.000000,0.125761,0.098196,0.777610,0.724132,1.354411,1.539318,1.968023,0.000000,0.777610,1.000000,0.000000,0.000000,8.052047,inf,2290752,2290752,55872,,False,10.147741,10.147742,153.256098
1859,79,79.000000,0.133392,0.078994,0.659873,0.629283,1.007152,1.166038,2.486813,0.000000,0.659873,1.000000,0.000000,0.000000,6.240551,inf,2206944,2206944,55872,,False,10.149029,10.149029,186.962025
1860,106,106.000000,0.112190,0.075165,0.695514,0.627467,1.178815,1.309653,1.908750,0.000000,0.695514,1.000000,0.000000,0.000000,7.967521,inf,2961216,2961216,55872,,False,10.150805,10.150804,155.962264
1861,99,99.000000,0.116306,0.077207,0.665104,0.595213,1.314316,1.498229,2.258030,0.000000,0.665104,1.000000,0.000000,0.000000,7.643473,inf,2765664,2765664,55872,,False,10.152380,10.152380,150.666667
1862,98,98.000000,0.122606,0.068322,0.581553,0.545830,0.944021,1.102513,2.021976,0.000000,0.581553,1.000000,0.000000,0.000000,6.695600,inf,2737728,2737728,55872,,False,10.153740,10.153740,191.653061
1863,81,81.000000,0.114656,0.085559,0.688016,0.634210,1.170787,1.425840,2.539964,0.000000,0.688016,1.000000,0.000000,0.000000,6.930239,inf,2262816,2262816,55872,,False,10.155050,10.155050,168.296296
1864,90,90.000000,0.106776,0.079970,0.662569,0.611883,0.943962,1.189701,3.054537,0.000000,0.662569,1.000000,0.000000,0.000000,7.197320,inf,2514240,2514240,55872,,False,10.157155,10.157155,145.711111
1865,90,90.000000,0.122198,0.078639,0.674696,0.631106,1.143522,1.256880,1.732090,0.000000,0.674696,1.000000,0.000000,0.000000,7.077548,inf,2514240,2514240,55872,,False,10.158658,10.158659,178.955556
1866,74,74.000000,0.140264,0.095507,0.719488,0.610428,1.302695,1.625943,1.930304,0.000000,0.719488,1.000000,0.000000,0.000000,7.067511,inf,2067264,2067264,55872,,False,10.159625,10.159625,181.459459
1867,82,82.000000,0.127492,0.104781,0.764169,0.653674,1.224827,1.276590,3.937640,0.000000,0.764169,1.000000,0.000000,0.000000,8.592072,inf,2290752,2290752,55872,,False,10.160825,10.160825,172.585366
1868,79,79.000000,0.113371,0.096375,0.734640,0.692290,1.241550,1.486487,1.999531,0.000000,0.734640,1.000000,0.000000,0.000000,7.613614,inf,2206944,2206944,55872,,False,10.162693,10.162693,150.443038
1869,97,97.000000,0.115412,0.082656,0.701655,0.617175,1.219976,1.502383,2.264316,0.000000,0.701655,1.000000,0.000000,0.000000,8.017591,inf,2709792,2709792,55872,,False,10.163542,10.163542,158.257732
1870,99,99.000000,0.130739,0.080805,0.709145,0.641311,1.185814,1.318459,1.741675,0.000000,0.709145,1.000000,0.000000,0.000000,7.999649,inf,2765664,2765664,55872,,False,10.164771,10.164771,171.181818
1871,109,109.000000,0.134972,0.068192,0.632665,0.597102,1.008599,1.107295,1.904854,0.000000,0.632665,1.000000,0.000000,0.000000,7.432961,inf,3045024,3045024,55872,,False,10.166265,10.166266,191.458716
1872,95,95.000000,0.104731,0.078423,0.650067,0.585614,1.070110,1.299739,2.364665,0.000000,0.650067,1.000000,0.000000,0.000000,7.450226,inf,2653920,2653920,55872,,False,10.168526,10.168526,172.442105
1873,111,111.000000,0.126487,0.085729,0.736176,0.604760,1.270947,1.609598,4.100629,0.000000,0.736176,1.000000,0.000000,0.000000,9.515971,inf,3100896,3100896,55872,,False,10.169337,10.169337,172.108108
1874,117,117.000000,0.117989,0.077587,0.699793,0.619319,1.267198,1.507616,1.891827,0.000000,0.699793,1.000000,0.000000,0.000000,9.077693,inf,3268512,3268512,55872,,False,10.170005,10.170005,158.264957
1875,98,98.000000,0.114589,0.087484,0.732746,0.656941,1.222184,1.512576,3.559325,0.000000,0.732746,1.000000,0.000000,0.000000,8.573391,inf,2737728,2737728,55872,,False,10.171980,10.171980,154.387755
1876,99,99.000000,0.127664,0.081820,0.716559,0.660323,1.163212,1.455553,2.147671,0.000000,0.716559,1.000000,0.000000,0.000000,8.100201,inf,2765664,2765664,55872,,False,10.172734,10.172734,176.262626
1877,92,92.000000,0.120782,0.117425,0.806410,0.696137,1.158036,1.645088,7.365187,0.000000,0.806410,1.000000,0.000000,0.000000,10.803057,inf,2570112,2570112,55872,,False,10.174811,10.174811,135.108696
1878,77,77.000000,0.130501,0.084698,0.669957,0.604069,1.054928,1.365755,1.894482,0.000000,0.669957,1.000000,0.000000,0.000000,6.521739,inf,2151072,2151072,55872,,False,10.176321,10.176320,164.532468
1879,96,96.000000,0.117252,0.083884,0.722959,0.639090,1.234208,1.582775,2.235137,0.000000,0.722959,1.000000,0.000000,0.000000,8.052886,inf,2681856,2681856,55872,,False,10.177979,10.177979,153.833333
1880,104,104.000000,0.119029,0.074114,0.674229,0.647230,1.029384,1.488223,1.941617,0.000000,0.674229,1.000000,0.000000,0.000000,7.707836,inf,2905344,2905344,55872,,False,10.179499,10.179499,167.307692
1881,111,111.000000,0.118259,0.084553,0.705167,0.617266,1.251475,1.639784,3.035803,0.000000,0.705167,1.000000,0.000000,0.000000,9.385395,inf,3100896,3100896,55872,,False,10.180387,10.180387,151.432432
1882,88,88.000000,0.123851,0.097658,0.769369,0.686818,1.236244,1.435790,3.875305,0.000000,0.769369,1.000000,0.000000,0.000000,8.593942,inf,2458368,2458368,55872,,False,10.181813,10.181813,150.113636
1883,95,95.000000,0.119007,0.080342,0.686363,0.639499,1.118184,1.259875,2.263209,0.000000,0.686363,1.000000,0.000000,0.000000,7.632453,inf,2653920,2653920,55872,,False,10.182860,10.182860,154.357895
1884,90,90.000000,0.116586,0.081229,0.679562,0.605789,1.242270,1.352958,2.021389,0.000000,0.679562,1.000000,0.000000,0.000000,7.310572,inf,2514240,2514240,55872,,False,10.184560,10.184560,164.366667
1885,92,92.000000,0.117655,0.074477,0.639853,0.626786,1.034408,1.246837,1.875632,0.000000,0.639853,1.000000,0.000000,0.000000,6.851866,inf,2570112,2570112,55872,,False,10.186290,10.186290,152.434783
1886,87,87.000000,0.123696,0.079195,0.656646,0.595070,1.181712,1.385684,1.568351,0.000000,0.656646,1.000000,0.000000,0.000000,6.889982,inf,2430432,2430432,55872,,False,10.186971,10.186971,191.977011
1887,78,78.000000,0.105346,0.075214,0.590389,0.579655,1.042715,1.247797,1.525659,0.000000,0.590389,1.000000,0.000000,0.000000,5.866699,inf,2179008,2179008,55872,,False,10.188971,10.188970,156.397436
1888,109,109.000000,0.125882,0.079526,0.729058,0.652427,1.125174,1.563750,3.104742,0.000000,0.729058,1.000000,0.000000,0.000000,8.668307,inf,3045024,3045024,55872,,False,10.190414,10.190415,176.449541
1889,108,108.000000,0.121381,0.074982,0.705614,0.634213,1.123536,1.345795,2.149040,0.000000,0.705614,1.000000,0.000000,0.000000,8.098078,inf,3017088,3017088,55872,,False,10.192004,10.192004,155.296296
1890,97,97.000000,0.130877,0.069320,0.638200,0.639100,0.964471,1.128696,1.824927,0.000000,0.638200,1.000000,0.000000,0.000000,6.724086,inf,2709792,2709792,55872,,False,10.193044,10.193044,177.061856
1891,94,94.000000,0.119773,0.073002,0.628349,0.611797,0.978031,1.118168,1.483728,0.000000,0.628349,1.000000,0.000000,0.000000,6.862230,inf,2625984,2625984,55872,,False,10.194701,10.194701,189.106383
1892,99,99.000000,0.109266,0.077430,0.706335,0.680327,1.139687,1.223674,2.092556,0.000000,0.706335,1.000000,0.000000,0.000000,7.665576,inf,2765664,2765664,55872,,False,10.195891,10.195891,123.919192
1893,106,106.000000,0.130910,0.075781,0.716718,0.621049,1.252384,1.516128,2.507721,0.000000,0.716718,1.000000,0.000000,0.000000,8.032734,inf,2961216,2961216,55872,,False,10.196758,10.196758,181.528302
1894,92,92.000000,0.120545,0.088829,0.715701,0.655993,1.137355,1.463791,2.658422,0.000000,0.715701,1.000000,0.000000,0.000000,8.172255,inf,2570112,2570112,55872,,False,10.198572,10.198572,166.891304
1895,100,100.000000,0.110824,0.071894,0.652823,0.622634,1.016563,1.239090,2.179395,0.000000,0.652823,1.000000,0.000000,0.000000,7.189351,inf,2793600,2793600,55872,,False,10.200211,10.200212,153.120000
1896,98,98.000000,0.115767,0.075820,0.678152,0.602084,1.213809,1.433372,2.126968,0.000000,0.678152,1.000000,0.000000,0.000000,7.430335,inf,2737728,2737728,55872,,False,10.202235,10.202235,174.734694
1897,104,104.000000,0.115151,0.075234,0.648227,0.577773,1.015229,1.204818,2.709080,0.000000,0.648227,1.000000,0.000000,0.000000,7.824349,inf,2905344,2905344,55872,,False,10.203843,10.203843,164.567308
1898,79,79.000000,0.126107,0.100928,0.760793,0.661148,1.292202,1.561765,2.260460,0.000000,0.760793,1.000000,0.000000,0.000000,7.973336,inf,2206944,2206944,55872,,False,10.204971,10.204971,150.063291
1899,75,75.000000,0.139487,0.091333,0.703022,0.646934,1.126265,1.440440,1.817562,0.000000,0.703022,1.000000,0.000000,0.000000,6.849938,inf,2095200,2095200,55872,,False,10.206559,10.206559,175.240000
1900,106,106.000000,0.107563,0.076332,0.672999,0.619749,1.032983,1.387135,2.564353,0.000000,0.672999,1.000000,0.000000,0.000000,8.091208,inf,2961216,2961216,55872,,False,10.208293,10.208293,147.066038
1901,96,96.000000,0.128771,0.079609,0.675475,0.622531,1.176022,1.331527,1.677574,0.000000,0.675475,1.000000,0.000000,0.000000,7.642474,inf,2681856,2681856,55872,,False,10.209397,10.209398,175.062500
1902,105,105.000000,0.116010,0.076139,0.701424,0.669874,1.136115,1.222038,1.702158,0.000000,0.701424,1.000000,0.000000,0.000000,7.994609,inf,2933280,2933280,55872,,False,10.210677,10.210677,152.180952
1903,106,106.000000,0.120412,0.076805,0.685141,0.651968,1.210500,1.465217,2.080815,0.000000,0.685141,1.000000,0.000000,0.000000,8.141343,inf,2961216,2961216,55872,,False,10.212021,10.212021,154.896226
1904,92,92.000000,0.116963,0.091371,0.783639,0.683503,1.216493,1.668698,3.242831,0.000000,0.783639,1.000000,0.000000,0.000000,8.406124,inf,2570112,2570112,55872,,False,10.212979,10.212979,155.608696
1905,90,90.000000,0.101073,0.082271,0.708895,0.655333,1.313619,1.417726,1.705226,0.000000,0.708895,1.000000,0.000000,0.000000,7.404428,inf,2514240,2514240,55872,,False,10.214485,10.214486,134.844444
1906,91,91.000000,0.108940,0.084687,0.704669,0.667876,1.264576,1.345822,2.202120,0.000000,0.704669,1.000000,0.000000,0.000000,7.706551,inf,2542176,2542176,55872,,False,10.216704,10.216704,148.681319
1907,78,78.000000,0.141948,0.086637,0.688842,0.655009,1.098583,1.388955,1.656634,0.000000,0.688842,1.000000,0.000000,0.000000,6.757673,inf,2179008,2179008,55872,,False,10.217577,10.217577,184.346154
1908,89,89.000000,0.124918,0.085918,0.723559,0.665458,1.148343,1.344393,2.517326,0.000000,0.723559,1.000000,0.000000,0.000000,7.646688,inf,2486304,2486304,55872,,False,10.218738,10.218738,147.842697
1909,84,84.000000,0.121558,0.088845,0.702601,0.643839,1.155999,1.218880,2.070828,0.000000,0.702601,1.000000,0.000000,0.000000,7.463005,inf,2346624,2346624,55872,,False,10.219519,10.219519,169.940476
1910,87,87.000000,0.116587,0.077288,0.647496,0.582644,1.007331,1.237547,2.129586,0.000000,0.647496,1.000000,0.000000,0.000000,6.724044,inf,2430432,2430432,55872,,False,10.221050,10.221050,165.701149
1911,92,92.000000,0.127372,0.081660,0.691817,0.622083,1.193598,1.386003,2.226655,0.000000,0.691817,1.000000,0.000000,0.000000,7.512740,inf,2570112,2570112,55872,,False,10.221420,10.221420,165.760870
1912,113,113.000000,0.117625,0.091038,0.772552,0.629781,1.190913,1.595214,5.160126,0.000000,0.772552,1.000000,0.000000,0.000000,10.287300,inf,3156768,3156768,55872,,False,10.222858,10.222858,150.982301
1913,109,109.000000,0.114537,0.076565,0.679115,0.614626,1.091664,1.433545,2.528625,0.000000,0.679115,1.000000,0.000000,0.000000,8.345558,inf,3045024,3045024,55872,,False,10.223869,10.223869,143.513761
1914,112,112.000000,0.114754,0.088452,0.710935,0.606939,1.161287,1.467997,4.976111,0.000000,0.710935,1.000000,0.000000,0.000000,9.906648,inf,3128832,3128832,55872,,False,10.224874,10.224874,156.232143
1915,87,87.000000,0.113606,0.092503,0.765645,0.719147,1.269073,1.525614,2.847451,0.000000,0.765645,1.000000,0.000000,0.000000,8.047775,inf,2430432,2430432,55872,,False,10.226295,10.226295,145.022989
1916,91,91.000000,0.126317,0.090268,0.709574,0.649734,1.149649,1.339938,2.494739,0.000000,0.709574,1.000000,0.000000,0.000000,8.214361,inf,2542176,2542176,55872,,False,10.226689,10.226689,153.769231
1917,82,82.000000,0.117815,0.077885,0.646526,0.622487,0.996279,1.178981,1.382387,0.000000,0.646526,1.000000,0.000000,0.000000,6.386541,inf,2290752,2290752,55872,,False,10.227794,10.227794,164.841463
1918,106,106.000000,0.124800,0.065751,0.617568,0.589192,0.973174,1.059940,1.674507,0.000000,0.617568,1.000000,0.000000,0.000000,6.969637,inf,2961216,2961216,55872,,False,10.229198,10.229198,179.471698
1919,95,95.000000,0.127566,0.079928,0.689951,0.604871,1.103820,1.358590,2.311770,0.000000,0.689951,1.000000,0.000000,0.000000,7.593198,inf,2653920,2653920,55872,,False,10.231163,10.231163,170.621053
1920,97,97.000000,0.114886,0.088218,0.724353,0.615760,1.285482,1.689508,3.277832,0.000000,0.724353,1.000000,0.000000,0.000000,8.557146,inf,2709792,2709792,55872,,False,10.232290,10.232290,164.649485
1921,90,90.000000,0.126144,0.085164,0.661233,0.587343,1.072482,1.285056,3.224869,0.000000,0.661233,1.000000,0.000000,0.000000,7.664728,inf,2514240,2514240,55872,,False,10.234059,10.234059,174.622222
1922,123,123.000000,0.110145,0.070688,0.688068,0.662756,1.119281,1.400399,2.544559,0.000000,0.688068,1.000000,0.000000,0.000000,8.694681,inf,3436128,3436128,55872,,False,10.235957,10.235957,147.439024
1923,94,94.000000,0.128999,0.078787,0.707128,0.662389,1.069519,1.238525,2.337386,0.000000,0.707128,1.000000,0.000000,0.000000,7.406019,inf,2625984,2625984,55872,,False,10.237514,10.237513,166.744681
1924,93,93.000000,0.123694,0.083334,0.676120,0.596509,1.042422,1.291943,3.354773,0.000000,0.676120,1.000000,0.000000,0.000000,7.750063,inf,2598048,2598048,55872,,False,10.238908,10.238909,174.387097
1925,95,95.000000,0.123606,0.085389,0.703530,0.626735,1.266317,1.362643,2.560998,0.000000,0.703530,1.000000,0.000000,0.000000,8.111980,inf,2653920,2653920,55872,,False,10.240211,10.240211,161.442105
1926,101,101.000000,0.130572,0.085941,0.773613,0.678488,1.285197,1.452806,2.691158,0.000000,0.773613,1.000000,0.000000,0.000000,8.680033,inf,2821536,2821536,55872,,False,10.241430,10.241430,161.792079
1927,86,86.000000,0.123747,0.089108,0.711357,0.631010,1.240369,1.462118,2.491427,0.000000,0.711357,1.000000,0.000000,0.000000,7.663279,inf,2402496,2402496,55872,,False,10.242792,10.242791,166.325581
1928,88,88.000000,0.117352,0.082702,0.696590,0.639033,1.152773,1.289340,1.746380,0.000000,0.696590,1.000000,0.000000,0.000000,7.277789,inf,2458368,2458368,55872,,False,10.244540,10.244540,153.022727
1929,94,94.000000,0.122843,0.085177,0.705222,0.648364,1.174435,1.441405,1.922017,0.000000,0.705222,1.000000,0.000000,0.000000,8.006597,inf,2625984,2625984,55872,,False,10.246079,10.246080,154.521277
1930,104,104.000000,0.121492,0.082754,0.738100,0.689781,1.218141,1.415611,2.853937,0.000000,0.738100,1.000000,0.000000,0.000000,8.606461,inf,2905344,2905344,55872,,False,10.246753,10.246753,158.605769
1931,100,100.000000,0.110117,0.075796,0.659790,0.636494,1.174227,1.399617,2.154114,0.000000,0.659790,1.000000,0.000000,0.000000,7.579557,inf,2793600,2793600,55872,,False,10.248335,10.248335,151.780000
1932,88,88.000000,0.112382,0.077823,0.674979,0.612964,1.076166,1.212164,2.207560,0.000000,0.674979,1.000000,0.000000,0.000000,6.848462,inf,2458368,2458368,55872,,False,10.250420,10.250420,159.568182
1933,92,92.000000,0.110500,0.079930,0.668776,0.646173,1.124117,1.390959,2.385039,0.000000,0.668776,1.000000,0.000000,0.000000,7.353564,inf,2570112,2570112,55872,,False,10.251811,10.251810,138.554348
1934,96,96.000000,0.103585,0.080239,0.688953,0.666741,0.991953,1.339944,2.636085,0.000000,0.688953,1.000000,0.000000,0.000000,7.702948,inf,2681856,2681856,55872,,False,10.253461,10.253461,135.947917
1935,97,97.000000,0.110194,0.079999,0.714098,0.697767,1.079524,1.180152,2.554390,0.000000,0.714098,1.000000,0.000000,0.000000,7.759926,inf,2709792,2709792,55872,,False,10.255043,10.255043,140.814433
1936,82,82.000000,0.116230,0.130554,0.799138,0.634081,1.228784,1.338760,7.439341,0.000000,0.799138,1.000000,0.000000,0.000000,10.705405,inf,2290752,2290752,55872,,False,10.256930,10.256930,154.317073
1937,103,103.000000,0.114345,0.099789,0.761184,0.622067,1.348384,1.586020,4.241249,0.000000,0.761184,1.000000,0.000000,0.000000,10.278284,inf,2877408,2877408,55872,,False,10.257992,10.257992,169.087379
1938,115,115.000000,0.134861,0.075524,0.692523,0.626024,1.180292,1.413192,2.120957,0.000000,0.692523,1.000000,0.000000,0.000000,8.685270,inf,3212640,3212640,55872,,False,10.258845,10.258845,191.260870
1939,102,102.000000,0.114893,0.076121,0.676545,0.647236,1.160010,1.421793,1.799113,0.000000,0.676545,1.000000,0.000000,0.000000,7.764299,inf,2849472,2849472,55872,,False,10.260356,10.260356,165.480392
1940,100,100.000000,0.108570,0.074536,0.669067,0.656263,1.118513,1.312591,2.041262,0.000000,0.669067,1.000000,0.000000,0.000000,7.453607,inf,2793600,2793600,55872,,False,10.261631,10.261632,149.330000
1941,108,108.000000,0.109762,0.077543,0.734694,0.703661,1.092947,1.433524,2.401524,0.000000,0.734694,1.000000,0.000000,0.000000,8.374663,inf,3017088,3017088,55872,,False,10.262703,10.262703,143.157407
1942,86,86.000000,0.131283,0.099879,0.775192,0.694553,1.247891,1.563321,2.599865,0.000000,0.775192,1.000000,0.000000,0.000000,8.589570,inf,2402496,2402496,55872,,False,10.263615,10.263615,162.709302
1943,83,83.000000,0.117084,0.082857,0.682920,0.630584,1.036946,1.335276,1.761706,0.000000,0.682920,1.000000,0.000000,0.000000,6.877109,inf,2318688,2318688,55872,,False,10.265268,10.265268,154.036145
1944,111,111.000000,0.119246,0.074578,0.705756,0.673057,1.136781,1.357279,1.987069,0.000000,0.705756,1.000000,0.000000,0.000000,8.278209,inf,3100896,3100896,55872,,False,10.266284,10.266284,153.945946
1945,95,95.000000,0.116986,0.087403,0.717720,0.599802,1.184997,1.532957,2.383186,0.000000,0.717720,1.000000,0.000000,0.000000,8.303281,inf,2653920,2653920,55872,,False,10.267673,10.267673,150.126316
1946,107,107.000000,0.113071,0.071139,0.654930,0.630061,1.011281,1.220527,1.670180,0.000000,0.654930,1.000000,0.000000,0.000000,7.611891,inf,2989152,2989152,55872,,False,10.269258,10.269258,157.196262
1947,115,115.000000,0.111300,0.066320,0.645837,0.593276,1.170002,1.254789,1.740327,0.000000,0.645837,1.000000,0.000000,0.000000,7.626844,inf,3212640,3212640,55872,,False,10.270615,10.270614,150.921739
1948,84,84.000000,0.108661,0.083007,0.652444,0.587758,1.102957,1.321849,2.058310,0.000000,0.652444,1.000000,0.000000,0.000000,6.972552,inf,2346624,2346624,55872,,False,10.272677,10.272677,154.285714
1949,106,106.000000,0.129228,0.087348,0.767722,0.617958,1.430199,1.933716,2.361893,0.000000,0.767722,1.000000,0.000000,0.000000,9.258859,inf,2961216,2961216,55872,,False,10.272638,10.272638,163.528302
1950,94,94.000000,0.125769,0.084765,0.727945,0.642244,1.156434,1.507272,2.828943,0.000000,0.727945,1.000000,0.000000,0.000000,7.967888,inf,2625984,2625984,55872,,False,10.273747,10.273747,162.021277
1951,97,97.000000,0.126619,0.084274,0.710836,0.637574,1.174177,1.468304,2.486525,0.000000,0.710836,1.000000,0.000000,0.000000,8.174540,inf,2709792,2709792,55872,,False,10.274505,10.274505,168.103093
1952,83,83.000000,0.112096,0.078936,0.665245,0.644567,1.156143,1.274593,1.835559,0.000000,0.665245,1.000000,0.000000,0.000000,6.551694,inf,2318688,2318688,55872,,False,10.276324,10.276323,155.819277
1953,101,101.000000,0.121995,0.079944,0.731630,0.670865,1.341260,1.396264,2.124282,0.000000,0.731630,1.000000,0.000000,0.000000,8.074350,inf,2821536,2821536,55872,,False,10.277081,10.277081,151.910891
1954,100,100.000000,0.116235,0.085468,0.715177,0.593529,1.238462,1.473132,2.813125,0.000000,0.715177,1.000000,0.000000,0.000000,8.546765,inf,2793600,2793600,55872,,False,10.278558,10.278558,177.670000
1955,97,97.000000,0.130629,0.084949,0.710661,0.625453,1.206099,1.503969,3.490817,0.000000,0.710661,1.000000,0.000000,0.000000,8.240028,inf,2709792,2709792,55872,,False,10.279598,10.279597,179.876289
1956,81,81.000000,0.116253,0.095063,0.740459,0.691584,1.216754,1.276847,2.457009,0.000000,0.740459,1.000000,0.000000,0.000000,7.700072,inf,2262816,2262816,55872,,False,10.281219,10.281219,158.506173
1957,100,100.000000,0.116263,0.074805,0.641234,0.634744,1.076393,1.390546,1.672833,0.000000,0.641234,1.000000,0.000000,0.000000,7.480505,inf,2793600,2793600,55872,,False,10.281964,10.281964,149.790000
1958,89,89.000000,0.125863,0.108567,0.773508,0.610980,1.377650,1.736420,5.851688,0.000000,0.773508,1.000000,0.000000,0.000000,9.662423,inf,2486304,2486304,55872,,False,10.283202,10.283202,169.943820
1959,82,82.000000,0.121447,0.082744,0.670666,0.600424,1.135531,1.231396,1.733503,0.000000,0.670666,1.000000,0.000000,0.000000,6.785028,inf,2290752,2290752,55872,,False,10.285141,10.285141,175.378049
1960,98,98.000000,0.118965,0.088850,0.756076,0.716288,1.319478,1.499277,2.013029,0.000000,0.756076,1.000000,0.000000,0.000000,8.707335,inf,2737728,2737728,55872,,False,10.286289,10.286289,156.204082
1961,100,100.000000,0.116941,0.087663,0.761997,0.661789,1.258521,1.396424,2.668353,0.000000,0.761997,1.000000,0.000000,0.000000,8.766346,inf,2793600,2793600,55872,,False,10.288050,10.288050,143.470000
1962,98,98.000000,0.139558,0.076875,0.651883,0.600218,0.994438,1.115185,3.285671,0.000000,0.651883,1.000000,0.000000,0.000000,7.533795,inf,2737728,2737728,55872,,False,10.288740,10.288741,199.785714
1963,101,101.000000,0.136850,0.081363,0.679906,0.600749,1.075249,1.431649,2.449186,0.000000,0.679906,1.000000,0.000000,0.000000,8.217654,inf,2821536,2821536,55872,,False,10.289793,10.289793,189.811881
1964,89,89.000000,0.113873,0.093165,0.652429,0.556400,1.045424,1.451877,4.442322,0.000000,0.652429,1.000000,0.000000,0.000000,8.291698,inf,2486304,2486304,55872,,False,10.290944,10.290944,185.269663
1965,101,101.000000,0.116820,0.086114,0.747752,0.668434,1.242829,1.432601,1.853615,0.000000,0.747752,1.000000,0.000000,0.000000,8.697483,inf,2821536,2821536,55872,,False,10.292499,10.292499,160.089109
1966,97,97.000000,0.118452,0.088506,0.769893,0.676547,1.252220,1.452020,2.336786,0.000000,0.769893,1.000000,0.000000,0.000000,8.585089,inf,2709792,2709792,55872,,False,10.293184,10.293184,158.608247
1967,88,88.000000,0.119382,0.082870,0.651615,0.585481,1.139435,1.287780,2.481565,0.000000,0.651615,1.000000,0.000000,0.000000,7.292544,inf,2458368,2458368,55872,,False,10.294064,10.294064,159.329545
1968,92,92.000000,0.109883,0.078066,0.657566,0.656019,1.018330,1.112830,2.091763,0.000000,0.657566,1.000000,0.000000,0.000000,7.182083,inf,2570112,2570112,55872,,False,10.296158,10.296158,137.532609
1969,78,78.000000,0.132038,0.086488,0.650825,0.611745,1.111069,1.384385,1.903264,0.000000,0.650825,1.000000,0.000000,0.000000,6.746041,inf,2179008,2179008,55872,,False,10.297225,10.297225,185.205128
1970,102,102.000000,0.119063,0.080485,0.709428,0.656287,1.114324,1.252796,2.481599,0.000000,0.709428,1.000000,0.000000,0.000000,8.209484,inf,2849472,2849472,55872,,False,10.298282,10.298282,154.735294
1971,92,92.000000,0.110066,0.076030,0.653783,0.629362,1.035121,1.126665,1.798097,0.000000,0.653783,1.000000,0.000000,0.000000,6.994727,inf,2570112,2570112,55872,,False,10.299528,10.299528,164.652174
1972,90,90.000000,0.125827,0.080703,0.682834,0.599780,1.117599,1.386770,1.517792,0.000000,0.682834,1.000000,0.000000,0.000000,7.263256,inf,2514240,2514240,55872,,False,10.300584,10.300584,188.166667
1973,95,95.000000,0.110226,0.081553,0.683509,0.617280,1.113280,1.604695,2.164149,0.000000,0.683509,1.000000,0.000000,0.000000,7.747573,inf,2653920,2653920,55872,,False,10.301496,10.301497,152.663158
1974,79,79.000000,0.116208,0.092822,0.724374,0.690845,1.145077,1.390707,1.982500,0.000000,0.724374,1.000000,0.000000,0.000000,7.332905,inf,2206944,2206944,55872,,False,10.303151,10.303152,150.139241
1975,91,91.000000,0.094791,0.074479,0.613795,0.566034,1.057878,1.196973,2.170946,0.000000,0.613795,1.000000,0.000000,0.000000,6.777632,inf,2542176,2542176,55872,,False,10.304778,10.304778,148.868132
1976,97,97.000000,0.118797,0.090186,0.737164,0.661951,1.236716,1.664343,3.348055,0.000000,0.737164,1.000000,0.000000,0.000000,8.748052,inf,2709792,2709792,55872,,False,10.305971,10.305971,166.927835
1977,99,99.000000,0.120400,0.080987,0.695965,0.615672,1.024862,1.437746,2.268355,0.000000,0.695965,1.000000,0.000000,0.000000,8.017688,inf,2765664,2765664,55872,,False,10.307702,10.307702,156.303030
1978,93,93.000000,0.123335,0.085050,0.726949,0.715901,1.142929,1.208196,2.677648,0.000000,0.726949,1.000000,0.000000,0.000000,7.909673,inf,2598048,2598048,55872,,False,10.309030,10.309029,168.978495
1979,78,78.000000,0.120242,0.086415,0.718169,0.671580,1.214371,1.385180,1.704209,0.000000,0.718169,1.000000,0.000000,0.000000,6.740408,inf,2179008,2179008,55872,,False,10.310126,10.310126,160.333333
1980,99,99.000000,0.102589,0.087901,0.712697,0.609950,1.212612,1.677980,2.535702,0.000000,0.712697,1.000000,0.000000,0.000000,8.702180,inf,2765664,2765664,55872,,False,10.312116,10.312117,142.191919
1981,91,91.000000,0.131405,0.086196,0.706735,0.646435,1.229665,1.468255,1.776207,0.000000,0.706735,1.000000,0.000000,0.000000,7.843804,inf,2542176,2542176,55872,,False,10.312293,10.312293,196.219780
1982,99,99.000000,0.121229,0.073256,0.681721,0.658930,1.084781,1.177153,1.737703,0.000000,0.681721,1.000000,0.000000,0.000000,7.252296,inf,2765664,2765664,55872,,False,10.313527,10.313527,167.050505
1983,92,92.000000,0.131879,0.075667,0.670570,0.644546,1.062241,1.199583,1.704110,0.000000,0.670570,1.000000,0.000000,0.000000,6.961371,inf,2570112,2570112,55872,,False,10.314297,10.314297,178.543478
1984,96,96.000000,0.125424,0.081726,0.740128,0.669990,1.132057,1.335301,2.150386,0.000000,0.740128,1.000000,0.000000,0.000000,7.845685,inf,2681856,2681856,55872,,False,10.315364,10.315364,165.989583
1985,94,94.000000,0.109740,0.082293,0.683081,0.624777,1.242024,1.403017,2.869137,0.000000,0.683081,1.000000,0.000000,0.000000,7.735529,inf,2625984,2625984,55872,,False,10.316009,10.316009,152.882979
1986,84,84.000000,0.113697,0.079245,0.656804,0.613823,1.077292,1.118587,1.747120,0.000000,0.656804,1.000000,0.000000,0.000000,6.656596,inf,2346624,2346624,55872,,False,10.317431,10.317431,171.797619
1987,100,100.000000,0.121971,0.077792,0.681054,0.621582,1.095450,1.304578,2.576829,0.000000,0.681054,1.000000,0.000000,0.000000,7.779197,inf,2793600,2793600,55872,,False,10.318511,10.318512,167.640000
1988,93,93.000000,0.119426,0.090795,0.767716,0.714853,1.332105,1.488432,2.416846,0.000000,0.767716,1.000000,0.000000,0.000000,8.443960,inf,2598048,2598048,55872,,False,10.319368,10.319367,147.967742
1989,88,88.000000,0.116720,0.082445,0.688449,0.626106,1.009470,1.250685,2.483577,0.000000,0.688449,1.000000,0.000000,0.000000,7.255158,inf,2458368,2458368,55872,,False,10.320637,10.320637,163.488636
1990,110,110.000000,0.122105,0.077583,0.701033,0.657447,1.059919,1.413759,3.098580,0.000000,0.701033,1.000000,0.000000,0.000000,8.534119,inf,3072960,3072960,55872,,False,10.321679,10.321679,178.018182
1991,93,93.000000,0.122850,0.080832,0.682641,0.596847,1.215233,1.468116,2.114810,0.000000,0.682641,1.000000,0.000000,0.000000,7.517408,inf,2598048,2598048,55872,,False,10.323017,10.323017,166.989247
1992,91,91.000000,0.109614,0.078141,0.661064,0.611277,1.083001,1.323901,1.969146,0.000000,0.661064,1.000000,0.000000,0.000000,7.110811,inf,2542176,2542176,55872,,False,10.324968,10.324968,164.901099
1993,90,90.000000,0.120570,0.084056,0.667246,0.591942,1.012347,1.411995,3.209738,0.000000,0.667246,1.000000,0.000000,0.000000,7.565072,inf,2514240,2514240,55872,,False,10.326185,10.326185,179.466667
1994,91,91.000000,0.125419,0.086263,0.737196,0.677244,1.173501,1.327009,3.209081,0.000000,0.737196,1.000000,0.000000,0.000000,7.849938,inf,2542176,2542176,55872,,False,10.326704,10.326704,166.681319
1995,79,79.000000,0.133785,0.085352,0.693550,0.587667,1.109576,1.198098,1.849730,0.000000,0.693550,1.000000,0.000000,0.000000,6.742774,inf,2206944,2206944,55872,,False,10.327466,10.327466,200.810127
1996,105,105.000000,0.126902,0.088556,0.747628,0.609688,1.325725,1.555509,3.764052,0.000000,0.747628,1.000000,0.000000,0.000000,9.298389,inf,2933280,2933280,55872,,False,10.328706,10.328706,173.276190
1997,82,82.000000,0.131420,0.116563,0.761522,0.640207,1.178612,1.348170,6.878741,0.000000,0.761522,1.000000,0.000000,0.000000,9.558186,inf,2290752,2290752,55872,,False,10.330504,10.330504,193.426829
1998,95,95.000000,0.117338,0.087060,0.704035,0.627926,1.119468,1.221912,3.979225,0.000000,0.704035,1.000000,0.000000,0.000000,8.270711,inf,2653920,2653920,55872,,False,10.331557,10.331557,166.421053
1999,101,101.000000,0.109768,0.075983,0.670838,0.640988,1.067377,1.389048,1.948899,0.000000,0.670838,1.000000,0.000000,0.000000,7.674318,inf,2821536,2821536,55872,,False,10.333723,10.333723,152.465347
2000,93,93.000000,0.110703,0.084152,0.689078,0.629444,1.271396,1.335167,2.217386,0.000000,0.689078,1.000000,0.000000,0.000000,7.826142,inf,2598048,2598048,55872,,False,10.335214,10.335214,158.731183
2001,92,92.000000,0.129945,0.079027,0.690372,0.683900,1.124410,1.348303,1.897633,0.000000,0.690372,1.000000,0.000000,0.000000,7.270517,inf,2570112,2570112,55872,,False,10.336887,10.336887,171.434783
2002,103,103.000000,0.125178,0.091928,0.775708,0.662227,1.390873,1.636278,3.763378,0.000000,0.775708,1.000000,0.000000,0.000000,9.468634,inf,2877408,2877408,55872,,False,10.337617,10.337617,154.495146
2003,97,97.000000,0.117209,0.081293,0.670184,0.656044,1.060411,1.224064,2.315655,0.000000,0.670184,1.000000,0.000000,0.000000,7.885391,inf,2709792,2709792,55872,,False,10.338723,10.338723,173.680412
2004,96,96.000000,0.110256,0.078159,0.688613,0.639731,1.101866,1.374845,1.964678,0.000000,0.688613,1.000000,0.000000,0.000000,7.503262,inf,2681856,2681856,55872,,False,10.340192,10.340192,167.187500
2005,97,97.000000,0.117389,0.103656,0.779589,0.645384,1.437287,1.835694,3.315841,0.000000,0.779589,1.000000,0.000000,0.000000,10.054656,inf,2709792,2709792,55872,,False,10.340788,10.340788,138.865979
2006,85,85.000000,0.119542,0.095432,0.762003,0.675676,1.210593,1.758992,2.362177,0.000000,0.762003,1.000000,0.000000,0.000000,8.111746,inf,2374560,2374560,55872,,False,10.341651,10.341651,139.200000
2007,101,101.000000,0.117049,0.075091,0.669953,0.605807,0.991255,1.323700,2.097086,0.000000,0.669953,1.000000,0.000000,0.000000,7.584169,inf,2821536,2821536,55872,,False,10.343028,10.343028,172.306931
2008,84,84.000000,0.117128,0.088677,0.730593,0.711784,1.134760,1.394242,2.361808,0.000000,0.730593,1.000000,0.000000,0.000000,7.448850,inf,2346624,2346624,55872,,False,10.344004,10.344005,137.678571
2009,104,104.000000,0.111481,0.091795,0.775155,0.670683,1.278302,1.534605,3.266904,0.000000,0.775155,1.000000,0.000000,0.000000,9.546731,inf,2905344,2905344,55872,,False,10.344422,10.344422,144.182692
2010,95,95.000000,0.113073,0.073467,0.634366,0.556557,1.034096,1.448573,2.279492,0.000000,0.634366,1.000000,0.000000,0.000000,6.979329,inf,2653920,2653920,55872,,False,10.345910,10.345910,181.168421
2011,98,98.000000,0.119587,0.076316,0.691434,0.654155,1.130886,1.237862,2.440715,0.000000,0.691434,1.000000,0.000000,0.000000,7.478934,inf,2737728,2737728,55872,,False,10.347186,10.347186,160.602041
2012,97,97.000000,0.118240,0.083391,0.731807,0.657249,1.235006,1.480013,2.112506,0.000000,0.731807,1.000000,0.000000,0.000000,8.088898,inf,2709792,2709792,55872,,False,10.348280,10.348279,155.329897
2013,92,92.000000,0.116372,0.096166,0.764388,0.672902,1.397920,1.655495,2.818441,0.000000,0.764388,1.000000,0.000000,0.000000,8.847294,inf,2570112,2570112,55872,,False,10.349140,10.349140,146.815217
2014,89,89.000000,0.123611,0.094300,0.785616,0.708526,1.356984,1.628446,2.349792,0.000000,0.785616,1.000000,0.000000,0.000000,8.392724,inf,2486304,2486304,55872,,False,10.350509,10.350509,164.056180
2015,77,77.000000,0.111052,0.090704,0.694703,0.640395,1.115775,1.215520,1.803159,0.000000,0.694703,1.000000,0.000000,0.000000,6.984207,inf,2151072,2151072,55872,,False,10.352033,10.352033,153.376623
2016,102,102.000000,0.112223,0.073068,0.655449,0.614565,1.043183,1.206667,1.727473,0.000000,0.655449,1.000000,0.000000,0.000000,7.452931,inf,2849472,2849472,55872,,False,10.353346,10.353346,153.225490
2017,80,80.000000,0.123136,0.106389,0.821134,0.730942,1.578246,1.683874,3.079950,0.000000,0.821134,1.000000,0.000000,0.000000,8.511084,inf,2234880,2234880,55872,,False,10.354035,10.354035,147.325000
2018,93,93.000000,0.106765,0.082935,0.644924,0.568013,1.144359,1.313726,2.523239,0.000000,0.644924,1.000000,0.000000,0.000000,7.712920,inf,2598048,2598048,55872,,False,10.355277,10.355276,174.774194
2019,108,108.000000,0.118028,0.075385,0.679724,0.644770,1.119722,1.295539,1.878821,0.000000,0.679724,1.000000,0.000000,0.000000,8.141600,inf,3017088,3017088,55872,,False,10.356281,10.356281,169.731481
2020,95,95.000000,0.136359,0.081941,0.711719,0.626499,1.183280,1.350437,2.571915,0.000000,0.711719,1.000000,0.000000,0.000000,7.784421,inf,2653920,2653920,55872,,False,10.356956,10.356956,179.894737
2021,105,105.000000,0.118452,0.073197,0.668728,0.617263,1.162756,1.388663,1.710971,0.000000,0.668728,1.000000,0.000000,0.000000,7.685685,inf,2933280,2933280,55872,,False,10.358038,10.358037,179.466667
2022,90,90.000000,0.128302,0.087770,0.676853,0.609325,1.208014,1.566619,2.289156,0.000000,0.676853,1.000000,0.000000,0.000000,7.899270,inf,2514240,2514240,55872,,False,10.359148,10.359148,162.877778
2023,101,101.000000,0.111533,0.087392,0.718318,0.628085,1.241746,1.556851,3.175516,0.000000,0.718318,1.000000,0.000000,0.000000,8.826620,inf,2821536,2821536,55872,,False,10.360290,10.360290,149.980198
2024,102,102.000000,0.126973,0.078476,0.693851,0.629044,1.068690,1.479778,1.979020,0.000000,0.693851,1.000000,0.000000,0.000000,8.004570,inf,2849472,2849472,55872,,False,10.361120,10.361120,174.333333
2025,77,77.000000,0.119815,0.091572,0.667259,0.608446,1.033525,1.402944,3.039483,0.000000,0.667259,1.000000,0.000000,0.000000,7.051076,inf,2151072,2151072,55872,,False,10.361783,10.361784,154.636364
2026,86,86.000000,0.097177,0.084461,0.654335,0.636252,1.015550,1.155326,1.976610,0.000000,0.654335,1.000000,0.000000,0.000000,7.263649,inf,2402496,2402496,55872,,False,10.363334,10.363335,136.720930
2027,106,106.000000,0.108383,0.078532,0.685430,0.628433,1.145917,1.352965,2.932540,0.000000,0.685430,1.000000,0.000000,0.000000,8.324432,inf,2961216,2961216,55872,,False,10.364683,10.364683,155.056604
2028,93,93.000000,0.137135,0.085945,0.736002,0.667141,1.080861,1.371939,3.548407,0.000000,0.736002,1.000000,0.000000,0.000000,7.992853,inf,2598048,2598048,55872,,False,10.365414,10.365415,175.849462
2029,72,72.000000,0.120009,0.102612,0.734844,0.614310,1.226749,1.444251,3.359748,0.000000,0.734844,1.000000,0.000000,0.000000,7.388091,inf,2011392,2011392,55872,,False,10.366815,10.366815,190.638889
2030,76,76.000000,0.123390,0.090555,0.708788,0.653144,1.263689,1.341638,1.626703,0.000000,0.708788,1.000000,0.000000,0.000000,6.882210,inf,2123136,2123136,55872,,False,10.366982,10.366982,173.815789
2031,96,96.000000,0.104787,0.085769,0.728900,0.616232,1.235714,1.654400,3.238800,0.000000,0.728900,1.000000,0.000000,0.000000,8.233791,inf,2681856,2681856,55872,,False,10.368056,10.368056,147.822917
2032,94,94.000000,0.116921,0.079165,0.685744,0.628076,1.202612,1.275310,2.178668,0.000000,0.685744,1.000000,0.000000,0.000000,7.441496,inf,2625984,2625984,55872,,False,10.369378,10.369378,170.510638
2033,105,105.000000,0.135450,0.089544,0.751762,0.634829,1.357983,1.744395,2.943583,0.000000,0.751762,1.000000,0.000000,0.000000,9.402148,inf,2933280,2933280,55872,,False,10.369752,10.369752,176.800000
2034,93,93.000000,0.110262,0.078808,0.688281,0.639588,1.090533,1.378246,2.014727,0.000000,0.688281,1.000000,0.000000,0.000000,7.329148,inf,2598048,2598048,55872,,False,10.371459,10.371459,150.849462
2035,105,105.000000,0.115878,0.089733,0.737393,0.625239,1.291772,1.498216,3.367767,0.000000,0.737393,1.000000,0.000000,0.000000,9.421951,inf,2933280,2933280,55872,,False,10.372776,10.372776,156.038095
2036,103,103.000000,0.125059,0.077441,0.684350,0.617601,1.188612,1.352208,2.027364,0.000000,0.684350,1.000000,0.000000,0.000000,7.976375,inf,2877408,2877408,55872,,False,10.373906,10.373905,173.155340
2037,107,107.000000,0.119143,0.075249,0.683413,0.608677,1.053784,1.340331,2.298910,0.000000,0.683413,1.000000,0.000000,0.000000,8.051654,inf,2989152,2989152,55872,,False,10.375403,10.375403,172.495327
2038,104,104.000000,0.121346,0.072637,0.666665,0.574128,1.064775,1.267483,2.003497,0.000000,0.666665,1.000000,0.000000,0.000000,7.554249,inf,2905344,2905344,55872,,False,10.376926,10.376926,173.471154
2039,99,99.000000,0.131545,0.077959,0.707509,0.616476,1.021069,1.197575,2.389759,0.000000,0.707509,1.000000,0.000000,0.000000,7.717932,inf,2765664,2765664,55872,,False,10.378236,10.378236,174.424242
2040,87,87.000000,0.120160,0.091807,0.721977,0.608852,1.247773,1.489267,2.754446,0.000000,0.721977,1.000000,0.000000,0.000000,7.987205,inf,2430432,2430432,55872,,False,10.379356,10.379356,164.057471
2041,106,106.000000,0.108391,0.079661,0.723486,0.646204,1.331890,1.511379,2.153625,0.000000,0.723486,1.000000,0.000000,0.000000,8.444114,inf,2961216,2961216,55872,,False,10.380894,10.380894,145.716981
2042,93,93.000000,0.117120,0.083665,0.660241,0.593526,1.069932,1.601939,2.221698,0.000000,0.660241,1.000000,0.000000,0.000000,7.780862,inf,2598048,2598048,55872,,False,10.382077,10.382077,171.311828
2043,78,78.000000,0.118939,0.103178,0.781218,0.689181,1.176494,1.413250,3.680075,0.000000,0.781218,1.000000,0.000000,0.000000,8.047892,inf,2179008,2179008,55872,,False,10.382644,10.382644,164.333333
2044,90,90.000000,0.109078,0.084177,0.691274,0.589484,1.267609,1.464352,2.501809,0.000000,0.691274,1.000000,0.000000,0.000000,7.575932,inf,2514240,2514240,55872,,False,10.383806,10.383806,146.288889
2045,85,85.000000,0.109306,0.087830,0.721729,0.658068,1.186543,1.368476,3.342325,0.000000,0.721729,1.000000,0.000000,0.000000,7.465591,inf,2374560,2374560,55872,,False,10.384662,10.384662,134.388235
2046,114,114.000000,0.129455,0.083539,0.741745,0.659251,1.225323,1.521740,2.580663,0.000000,0.741745,1.000000,0.000000,0.000000,9.523442,inf,3184704,3184704,55872,,False,10.385448,10.385448,167.684211
2047,83,83.000000,0.117623,0.085361,0.675581,0.645891,1.143775,1.205552,2.258735,0.000000,0.675581,1.000000,0.000000,0.000000,7.084935,inf,2318688,2318688,55872,,False,10.386410,10.386409,177.156627
2048,98,98.000000,0.120165,0.086833,0.711383,0.634824,1.082427,1.409810,3.725416,0.000000,0.711383,1.000000,0.000000,0.000000,8.509611,inf,2737728,2737728,55872,,False,10.387475,10.387475,169.857143
2049,95,95.000000,0.095109,0.088657,0.704565,0.585104,1.188583,1.529093,3.726242,0.000000,0.704565,1.000000,0.000000,0.000000,8.422439,inf,2653920,2653920,55872,,False,10.389243,10.389242,144.094737
2050,89,89.000000,0.124656,0.087961,0.741883,0.663936,1.313473,1.662495,2.608413,0.000000,0.741883,1.000000,0.000000,0.000000,7.828527,inf,2486304,2486304,55872,,False,10.389785,10.389785,174.460674
2051,94,94.000000,0.115840,0.081076,0.686468,0.617302,1.114296,1.358205,2.594108,0.000000,0.686468,1.000000,0.000000,0.000000,7.621178,inf,2625984,2625984,55872,,False,10.391418,10.391418,175.648936
2052,103,103.000000,0.110505,0.077704,0.686575,0.621836,1.121317,1.285126,2.687417,0.000000,0.686575,1.000000,0.000000,0.000000,8.003501,inf,2877408,2877408,55872,,False,10.392823,10.392822,165.349515
2053,98,98.000000,0.113035,0.079863,0.698673,0.658265,1.135522,1.341540,1.941472,0.000000,0.698673,1.000000,0.000000,0.000000,7.826590,inf,2737728,2737728,55872,,False,10.393941,10.393941,160.816327
2054,108,108.000000,0.116396,0.077646,0.749958,0.736233,1.217238,1.328717,1.755153,0.000000,0.749958,1.000000,0.000000,0.000000,8.385779,inf,3017088,3017088,55872,,False,10.395323,10.395323,163.138889
2055,87,87.000000,0.104675,0.078227,0.649178,0.619923,1.034087,1.162575,1.651172,0.000000,0.649178,1.000000,0.000000,0.000000,6.805758,inf,2430432,2430432,55872,,False,10.396658,10.396657,150.919540
2056,90,90.000000,0.124409,0.088484,0.733992,0.647147,1.238284,1.429235,2.306560,0.000000,0.733992,1.000000,0.000000,0.000000,7.963600,inf,2514240,2514240,55872,,False,10.396705,10.396705,172.233333
2057,91,91.000000,0.123520,0.084330,0.735816,0.681152,1.148022,1.349258,1.660483,0.000000,0.735816,1.000000,0.000000,0.000000,7.674036,inf,2542176,2542176,55872,,False,10.398028,10.398028,172.000000
2058,89,89.000000,0.137181,0.088306,0.740289,0.684184,1.116685,1.394409,2.302574,0.000000,0.740289,1.000000,0.000000,0.000000,7.859249,inf,2486304,2486304,55872,,False,10.398421,10.398422,171.292135
2059,92,92.000000,0.104778,0.086160,0.677249,0.588475,1.129821,1.506840,2.467184,0.000000,0.677249,1.000000,0.000000,0.000000,7.926723,inf,2570112,2570112,55872,,False,10.400069,10.400069,149.771739
2060,91,91.000000,0.121476,0.079949,0.661593,0.595320,1.039202,1.403016,2.083198,0.000000,0.661593,1.000000,0.000000,0.000000,7.275351,inf,2542176,2542176,55872,,False,10.400975,10.400975,175.285714
2061,98,98.000000,0.105766,0.078990,0.711657,0.649614,1.214474,1.369134,1.981355,0.000000,0.711657,1.000000,0.000000,0.000000,7.741002,inf,2737728,2737728,55872,,False,10.402610,10.402610,156.816327
2062,98,98.000000,0.131736,0.081848,0.705942,0.647102,1.093395,1.336057,2.575776,0.000000,0.705942,1.000000,0.000000,0.000000,8.021113,inf,2737728,2737728,55872,,False,10.403941,10.403941,170.969388
2063,99,99.000000,0.113476,0.079628,0.729209,0.666264,1.278730,1.422989,1.688504,0.000000,0.729209,1.000000,0.000000,0.000000,7.883144,inf,2765664,2765664,55872,,False,10.404939,10.404939,162.616162
2064,98,98.000000,0.124774,0.083109,0.725393,0.650217,1.305758,1.604855,2.247809,0.000000,0.725393,1.000000,0.000000,0.000000,8.144695,inf,2737728,2737728,55872,,False,10.406199,10.406199,171.734694
2065,90,90.000000,0.120644,0.072667,0.628947,0.592193,1.016039,1.315583,2.221893,0.000000,0.628947,1.000000,0.000000,0.000000,6.540002,inf,2514240,2514240,55872,,False,10.407133,10.407133,185.600000
2066,92,92.000000,0.113881,0.088886,0.739816,0.688909,1.286479,1.637712,2.271964,0.000000,0.739816,1.000000,0.000000,0.000000,8.177496,inf,2570112,2570112,55872,,False,10.407784,10.407784,155.771739
2067,79,79.000000,0.115912,0.080882,0.703581,0.650785,1.162416,1.285434,1.616754,0.000000,0.703581,1.000000,0.000000,0.000000,6.389695,inf,2206944,2206944,55872,,False,10.408792,10.408792,156.797468
2068,110,110.000000,0.115212,0.082239,0.756396,0.700802,1.233016,1.521927,2.819869,0.000000,0.756396,1.000000,0.000000,0.000000,9.046259,inf,3072960,3072960,55872,,False,10.410063,10.410063,145.481818
2069,93,93.000000,0.091633,0.072411,0.611198,0.571914,1.065951,1.231155,1.648981,0.000000,0.611198,1.000000,0.000000,0.000000,6.734263,inf,2598048,2598048,55872,,False,10.412494,10.412494,146.752688
2070,86,86.000000,0.137321,0.110559,0.853871,0.725884,1.554208,1.755030,3.720248,0.000000,0.853871,1.000000,0.000000,0.000000,9.508064,inf,2402496,2402496,55872,,False,10.412325,10.412325,190.046512
2071,110,110.000000,0.119076,0.080829,0.748762,0.679598,1.164254,1.495755,2.461133,0.000000,0.748762,1.000000,0.000000,0.000000,8.891184,inf,3072960,3072960,55872,,False,10.413205,10.413205,147.436364
2072,86,86.000000,0.111806,0.094357,0.755080,0.651076,1.256104,1.662138,2.662780,0.000000,0.755080,1.000000,0.000000,0.000000,8.114693,inf,2402496,2402496,55872,,False,10.414293,10.414293,151.093023
2073,82,82.000000,0.106941,0.084171,0.663686,0.634415,1.111943,1.384344,1.610475,0.000000,0.663686,1.000000,0.000000,0.000000,6.902040,inf,2290752,2290752,55872,,False,10.415630,10.415630,163.134146
2074,68,68.000000,0.119754,0.103243,0.736813,0.628045,1.242722,1.948459,2.099228,0.000000,0.736813,1.000000,0.000000,0.000000,7.020553,inf,1899648,1899648,55872,,False,10.416404,10.416404,164.147059
2075,89,89.000000,0.110848,0.078841,0.683700,0.651559,1.029871,1.373857,1.733814,0.000000,0.683700,1.000000,0.000000,0.000000,7.016884,inf,2486304,2486304,55872,,False,10.417505,10.417505,167.988764
2076,95,95.000000,0.124943,0.085581,0.734425,0.698894,1.232285,1.411614,2.031786,0.000000,0.734425,1.000000,0.000000,0.000000,8.130203,inf,2653920,2653920,55872,,False,10.418194,10.418194,171.084211
2077,85,85.000000,0.093988,0.084336,0.685252,0.661184,1.196567,1.383453,1.945501,0.000000,0.685252,1.000000,0.000000,0.000000,7.168566,inf,2374560,2374560,55872,,False,10.419888,10.419888,134.800000
2078,91,91.000000,0.109305,0.085148,0.727064,0.655460,1.293330,1.657010,1.766675,0.000000,0.727064,1.000000,0.000000,0.000000,7.748433,inf,2542176,2542176,55872,,False,10.420727,10.420727,136.450549
2079,92,92.000000,0.113934,0.083774,0.671942,0.587673,1.192885,1.407873,2.973930,0.000000,0.671942,1.000000,0.000000,0.000000,7.707214,inf,2570112,2570112,55872,,False,10.421992,10.421993,168.358696
2080,94,94.000000,0.109529,0.084060,0.758869,0.765404,1.272038,1.394889,1.877121,0.000000,0.758869,1.000000,0.000000,0.000000,7.901669,inf,2625984,2625984,55872,,False,10.423338,10.423338,136.882979
2081,94,94.000000,0.116421,0.086013,0.695373,0.614113,1.293717,1.470376,3.013214,0.000000,0.695373,1.000000,0.000000,0.000000,8.085259,inf,2625984,2625984,55872,,False,10.424582,10.424582,161.329787
2082,94,94.000000,0.121614,0.077195,0.682925,0.660431,1.073961,1.137533,1.546573,0.000000,0.682925,1.000000,0.000000,0.000000,7.256368,inf,2625984,2625984,55872,,False,10.425529,10.425529,165.159574
2083,100,100.000000,0.117010,0.079438,0.725840,0.671769,1.073889,1.222653,2.614361,0.000000,0.725840,1.000000,0.000000,0.000000,7.943784,inf,2793600,2793600,55872,,False,10.426716,10.426716,163.500000
2084,105,105.000000,0.123115,0.076822,0.736144,0.663908,1.227275,1.326627,1.931178,0.000000,0.736144,1.000000,0.000000,0.000000,8.066283,inf,2933280,2933280,55872,,False,10.427785,10.427785,165.123810
2085,106,106.000000,0.118519,0.076131,0.739637,0.720972,1.183770,1.314533,2.086232,0.000000,0.739637,1.000000,0.000000,0.000000,8.069845,inf,2961216,2961216,55872,,False,10.428604,10.428604,165.490566
2086,94,94.000000,0.103072,0.078785,0.707803,0.660576,1.132474,1.272267,2.496624,0.000000,0.707803,1.000000,0.000000,0.000000,7.405746,inf,2625984,2625984,55872,,False,10.430242,10.430242,152.063830
2087,99,99.000000,0.109838,0.075888,0.658168,0.599285,1.073699,1.221302,2.625444,0.000000,0.658168,1.000000,0.000000,0.000000,7.512906,inf,2765664,2765664,55872,,False,10.431120,10.431120,158.808081
2088,85,85.000000,0.129241,0.104663,0.829363,0.646436,1.282648,1.882356,4.070164,0.000000,0.829363,1.000000,0.000000,0.000000,8.896338,inf,2374560,2374560,55872,,False,10.431465,10.431465,160.741176
2089,87,87.000000,0.107076,0.097624,0.780530,0.666732,1.353478,1.583298,2.538401,0.000000,0.780530,1.000000,0.000000,0.000000,8.493259,inf,2430432,2430432,55872,,False,10.432739,10.432739,143.632184
2090,83,83.000000,0.114616,0.083934,0.679724,0.626266,1.078777,1.372789,2.654272,0.000000,0.679724,1.000000,0.000000,0.000000,6.966561,inf,2318688,2318688,55872,,False,10.433837,10.433837,164.783133
2091,79,79.000000,0.116712,0.085454,0.654495,0.601627,1.086513,1.437806,2.212833,0.000000,0.654495,1.000000,0.000000,0.000000,6.750898,inf,2206944,2206944,55872,,False,10.434390,10.434389,167.962025
2092,104,104.000000,0.119233,0.081078,0.713571,0.663166,1.242254,1.351875,2.152273,0.000000,0.713571,1.000000,0.000000,0.000000,8.432069,inf,2905344,2905344,55872,,False,10.435234,10.435234,162.144231
2093,103,103.000000,0.128647,0.076508,0.690230,0.645183,1.070269,1.192790,1.866335,0.000000,0.690230,1.000000,0.000000,0.000000,7.880321,inf,2877408,2877408,55872,,False,10.436152,10.436152,180.912621
2094,89,89.000000,0.121713,0.081816,0.699477,0.616734,1.120113,1.254540,1.830147,0.000000,0.699477,1.000000,0.000000,0.000000,7.281611,inf,2486304,2486304,55872,,False,10.437628,10.437628,176.022472
2095,77,77.000000,0.131717,0.100269,0.771879,0.650535,1.377840,1.559871,2.329634,0.000000,0.771879,1.000000,0.000000,0.000000,7.720692,inf,2151072,2151072,55872,,False,10.438342,10.438342,176.337662
2096,95,95.000000,0.108469,0.078105,0.656545,0.610938,1.145250,1.579124,2.427765,0.000000,0.656545,1.000000,0.000000,0.000000,7.420017,inf,2653920,2653920,55872,,False,10.439471,10.439471,162.789474
2097,104,104.000000,0.114492,0.080826,0.715476,0.626981,1.180523,1.578252,2.467381,0.000000,0.715476,1.000000,0.000000,0.000000,8.405935,inf,2905344,2905344,55872,,False,10.440799,10.440799,165.442308
2098,99,99.000000,0.120588,0.094796,0.764745,0.637349,1.235724,1.733817,3.604433,0.000000,0.764745,1.000000,0.000000,0.000000,9.384795,inf,2765664,2765664,55872,,False,10.442111,10.442111,151.676768
2099,80,80.000000,0.121571,0.101666,0.779599,0.718311,1.064337,1.754773,2.574510,0.000000,0.779599,1.000000,0.000000,0.000000,8.133305,inf,2234880,2234880,55872,,False,10.442602,10.442603,165.712500
2100,90,90.000000,0.121466,0.081271,0.722401,0.678701,1.128154,1.331881,1.676884,0.000000,0.722401,1.000000,0.000000,0.000000,7.314423,inf,2514240,2514240,55872,,False,10.443789,10.443790,162.988889
2101,97,97.000000,0.115248,0.073565,0.642538,0.566798,1.006739,1.195747,2.931503,0.000000,0.642538,1.000000,0.000000,0.000000,7.135771,inf,2709792,2709792,55872,,False,10.444900,10.444901,179.556701
2102,99,99.000000,0.115569,0.076236,0.642505,0.576388,1.130415,1.328608,2.034580,0.000000,0.642505,1.000000,0.000000,0.000000,7.547341,inf,2765664,2765664,55872,,False,10.446107,10.446107,183.505051
2103,106,106.000000,0.124554,0.067861,0.634411,0.583463,1.088779,1.207449,1.567080,0.000000,0.634411,1.000000,0.000000,0.000000,7.193273,inf,2961216,2961216,55872,,False,10.447268,10.447268,176.650943
2104,81,81.000000,0.113360,0.110702,0.791686,0.728686,1.326925,1.509371,3.611954,0.000000,0.791686,1.000000,0.000000,0.000000,8.966826,inf,2262816,2262816,55872,,False,10.448428,10.448428,157.777778
2105,85,85.000000,0.123951,0.082249,0.659177,0.638267,0.975412,1.373395,2.987017,0.000000,0.659177,1.000000,0.000000,0.000000,6.991131,inf,2374560,2374560,55872,,False,10.449539,10.449539,177.635294
2106,108,108.000000,0.115026,0.074345,0.712091,0.685411,1.129570,1.332798,1.823555,0.000000,0.712091,1.000000,0.000000,0.000000,8.029240,inf,3017088,3017088,55872,,False,10.450599,10.450599,163.796296
2107,89,89.000000,0.119071,0.078224,0.642542,0.607695,1.081486,1.289029,1.740877,0.000000,0.642542,1.000000,0.000000,0.000000,6.961898,inf,2486304,2486304,55872,,False,10.451714,10.451714,168.910112
2108,106,106.000000,0.120011,0.079974,0.710258,0.666518,1.214236,1.409293,2.513157,0.000000,0.710258,1.000000,0.000000,0.000000,8.477289,inf,2961216,2961216,55872,,False,10.452718,10.452718,176.735849
2109,84,84.000000,0.109953,0.082760,0.658377,0.641880,1.124824,1.324517,1.993508,0.000000,0.658377,1.000000,0.000000,0.000000,6.951852,inf,2346624,2346624,55872,,False,10.453939,10.453939,153.178571
2110,104,104.000000,0.104636,0.086585,0.709350,0.622718,1.320262,1.530547,2.696382,0.000000,0.709350,1.000000,0.000000,0.000000,9.004891,inf,2905344,2905344,55872,,False,10.454908,10.454908,137.086538
2111,107,107.000000,0.112466,0.073749,0.681012,0.620079,1.275974,1.438397,2.083108,0.000000,0.681012,1.000000,0.000000,0.000000,7.891180,inf,2989152,2989152,55872,,False,10.455839,10.455840,169.485981
2112,96,96.000000,0.113654,0.079439,0.673500,0.611914,1.062004,1.186460,2.371100,0.000000,0.673500,1.000000,0.000000,0.000000,7.626122,inf,2681856,2681856,55872,,False,10.456812,10.456812,154.093750
2113,91,91.000000,0.118240,0.083276,0.692763,0.642537,1.241299,1.380888,1.849083,0.000000,0.692763,1.000000,0.000000,0.000000,7.578113,inf,2542176,2542176,55872,,False,10.457938,10.457939,174.000000
2114,99,99.000000,0.123020,0.083323,0.714455,0.686700,1.107703,1.438366,1.985595,0.000000,0.714455,1.000000,0.000000,0.000000,8.248979,inf,2765664,2765664,55872,,False,10.458036,10.458036,155.010101
2115,103,103.000000,0.104564,0.086133,0.739089,0.639481,1.213861,1.737610,2.376341,0.000000,0.739089,1.000000,0.000000,0.000000,8.871696,inf,2877408,2877408,55872,,False,10.459787,10.459787,139.980583
2116,110,110.000000,0.114581,0.079703,0.697422,0.624953,1.153541,1.395621,2.293031,0.000000,0.697422,1.000000,0.000000,0.000000,8.767328,inf,3072960,3072960,55872,,False,10.460813,10.460813,157.127273
2117,98,98.000000,0.108414,0.078202,0.681326,0.645851,1.152319,1.374789,2.099024,0.000000,0.681326,1.000000,0.000000,0.000000,7.663826,inf,2737728,2737728,55872,,False,10.461865,10.461865,149.530612
2118,78,78.000000,0.117235,0.094443,0.738547,0.668266,1.357973,1.517304,1.859264,0.000000,0.738547,1.000000,0.000000,0.000000,7.366563,inf,2179008,2179008,55872,,False,10.463058,10.463058,158.820513
2119,90,90.000000,0.112783,0.093579,0.751198,0.610840,1.487563,1.652933,2.302720,0.000000,0.751198,1.000000,0.000000,0.000000,8.422140,inf,2514240,2514240,55872,,False,10.463868,10.463868,158.133333
2120,91,91.000000,0.126471,0.080804,0.672504,0.633626,1.052695,1.312684,1.842147,0.000000,0.672504,1.000000,0.000000,0.000000,7.353181,inf,2542176,2542176,55872,,False,10.464520,10.464520,193.747253
2121,96,96.000000,0.107084,0.086536,0.713485,0.623358,1.164887,1.341045,2.679811,0.000000,0.713485,1.000000,0.000000,0.000000,8.307485,inf,2681856,2681856,55872,,False,10.465401,10.465400,149.083333
2122,77,77.000000,0.115347,0.087113,0.674757,0.622061,1.116126,1.379874,1.896358,0.000000,0.674757,1.000000,0.000000,0.000000,6.707676,inf,2151072,2151072,55872,,False,10.466601,10.466601,171.207792
2123,100,100.000000,0.104051,0.088973,0.764219,0.707803,1.233448,1.554482,2.048722,0.000000,0.764219,1.000000,0.000000,0.000000,8.897331,inf,2793600,2793600,55872,,False,10.467923,10.467923,124.840000
2124,106,106.000000,0.116578,0.084184,0.765243,0.689946,1.234125,1.493329,2.891040,0.000000,0.765243,1.000000,0.000000,0.000000,8.923497,inf,2961216,2961216,55872,,False,10.468625,10.468626,151.367925
2125,82,82.000000,0.129919,0.095560,0.747272,0.663000,1.316483,1.484732,2.544228,0.000000,0.747272,1.000000,0.000000,0.000000,7.835950,inf,2290752,2290752,55872,,False,10.468687,10.468687,175.743902
2126,93,93.000000,0.107410,0.074347,0.662613,0.630873,1.149837,1.321609,1.771582,0.000000,0.662613,1.000000,0.000000,0.000000,6.914300,inf,2598048,2598048,55872,,False,10.469291,10.469292,159.698925
2127,87,87.000000,0.107943,0.094562,0.707393,0.629282,1.231467,1.393219,2.447933,0.000000,0.707393,1.000000,0.000000,0.000000,8.226909,inf,2430432,2430432,55872,,False,10.470496,10.470496,151.103448
2128,86,86.000000,0.118960,0.082210,0.690663,0.588845,1.178795,1.445328,1.708610,0.000000,0.690663,1.000000,0.000000,0.000000,7.070087,inf,2402496,2402496,55872,,False,10.471975,10.471975,186.779070
2129,88,88.000000,0.102062,0.097837,0.768699,0.689411,1.257366,1.537482,2.815576,0.000000,0.768699,1.000000,0.000000,0.000000,8.609624,inf,2458368,2458368,55872,,False,10.472519,10.472519,142.931818
2130,93,93.000000,0.107737,0.088819,0.752082,0.734325,1.227970,1.560866,1.897511,0.000000,0.752082,1.000000,0.000000,0.000000,8.260152,inf,2598048,2598048,55872,,False,10.473436,10.473436,159.505376
2131,89,89.000000,0.116519,0.094274,0.736304,0.702076,1.206677,1.309460,2.887734,0.000000,0.736304,1.000000,0.000000,0.000000,8.390386,inf,2486304,2486304,55872,,False,10.474878,10.474878,165.932584
2132,86,86.000000,0.109060,0.110109,0.806510,0.705785,1.326157,1.805926,3.846865,0.000000,0.806510,1.000000,0.000000,0.000000,9.469354,inf,2402496,2402496,55872,,False,10.476062,10.476062,152.453488
2133,78,78.000000,0.121260,0.114530,0.776437,0.667976,1.261815,1.487550,5.352519,0.000000,0.776437,1.000000,0.000000,0.000000,8.933346,inf,2179008,2179008,55872,,False,10.477078,10.477078,173.615385
2134,88,88.000000,0.100480,0.083155,0.704264,0.692064,1.133151,1.225485,1.812404,0.000000,0.704264,1.000000,0.000000,0.000000,7.317638,inf,2458368,2458368,55872,,False,10.478538,10.478538,133.977273
2135,74,74.000000,0.134526,0.114662,0.716033,0.606001,1.160199,1.313727,4.904713,0.000000,0.716033,1.000000,0.000000,0.000000,8.484971,inf,2067264,2067264,55872,,False,10.478693,10.478694,187.000000
2136,91,91.000000,0.112435,0.086562,0.683585,0.624058,1.133004,1.431249,2.745430,0.000000,0.683585,1.000000,0.000000,0.000000,7.877146,inf,2542176,2542176,55872,,False,10.479266,10.479266,163.186813
2137,112,112.000000,0.123348,0.077723,0.712156,0.652652,1.280757,1.461159,1.831564,0.000000,0.712156,1.000000,0.000000,0.000000,8.704990,inf,3128832,3128832,55872,,False,10.479638,10.479638,171.428571
2138,84,84.000000,0.117561,0.087570,0.695236,0.650409,1.137816,1.340639,1.925288,0.000000,0.695236,1.000000,0.000000,0.000000,7.355842,inf,2346624,2346624,55872,,False,10.480845,10.480845,140.904762
2139,85,85.000000,0.112469,0.076780,0.641817,0.602585,1.084915,1.183343,1.612486,0.000000,0.641817,1.000000,0.000000,0.000000,6.526328,inf,2374560,2374560,55872,,False,10.482426,10.482426,164.364706
2140,115,115.000000,0.126792,0.091146,0.835070,0.708813,1.395332,1.674055,2.467986,0.000000,0.835070,1.000000,0.000000,0.000000,10.481755,inf,3212640,3212640,55872,,False,10.483025,10.483025,159.808696
2141,99,99.000000,0.127095,0.082182,0.735970,0.677201,1.221837,1.419544,1.845174,0.000000,0.735970,1.000000,0.000000,0.000000,8.136024,inf,2765664,2765664,55872,,False,10.484099,10.484099,181.020202
2142,109,109.000000,0.119247,0.079442,0.728415,0.627472,1.305921,1.604372,2.430916,0.000000,0.728415,1.000000,0.000000,0.000000,8.659211,inf,3045024,3045024,55872,,False,10.484868,10.484868,162.669725
2143,86,86.000000,0.123448,0.090757,0.752029,0.607963,1.528229,1.667631,3.219584,0.000000,0.752029,1.000000,0.000000,0.000000,7.805062,inf,2402496,2402496,55872,,False,10.485769,10.485769,183.930233
2144,108,108.000000,0.104315,0.080019,0.706845,0.644298,1.242705,1.485513,2.919466,0.000000,0.706845,1.000000,0.000000,0.000000,8.642092,inf,3017088,3017088,55872,,False,10.486775,10.486775,147.148148
2145,98,98.000000,0.119050,0.074810,0.679522,0.622304,1.130945,1.213053,1.569846,0.000000,0.679522,1.000000,0.000000,0.000000,7.331407,inf,2737728,2737728,55872,,False,10.488159,10.488159,176.642857
2146,101,101.000000,0.107944,0.084129,0.749989,0.659469,1.314704,1.526676,2.322529,0.000000,0.749989,1.000000,0.000000,0.000000,8.497044,inf,2821536,2821536,55872,,False,10.489671,10.489672,165.306931
2147,115,115.000000,0.117833,0.072005,0.698083,0.674498,1.055868,1.238244,1.569205,0.000000,0.698083,1.000000,0.000000,0.000000,8.280551,inf,3212640,3212640,55872,,False,10.490794,10.490794,162.956522
2148,83,83.000000,0.128288,0.082342,0.674567,0.643099,0.993523,1.331769,2.416846,0.000000,0.674567,1.000000,0.000000,0.000000,6.834390,inf,2318688,2318688,55872,,False,10.491746,10.491746,183.012048
2149,102,102.000000,0.117477,0.073617,0.687891,0.635504,1.161000,1.409883,1.763326,0.000000,0.687891,1.000000,0.000000,0.000000,7.508969,inf,2849472,2849472,55872,,False,10.492643,10.492643,170.343137
2150,81,81.000000,0.124873,0.091116,0.757630,0.688837,1.332127,1.454469,1.794349,0.000000,0.757630,1.000000,0.000000,0.000000,7.380416,inf,2262816,2262816,55872,,False,10.493264,10.493264,173.469136
2151,107,107.000000,0.112718,0.078659,0.727164,0.663292,1.262016,1.486251,2.390899,0.000000,0.727164,1.000000,0.000000,0.000000,8.416482,inf,2989152,2989152,55872,,False,10.494740,10.494740,156.934579
2152,92,92.000000,0.124139,0.080555,0.683080,0.621545,1.308780,1.545545,2.073052,0.000000,0.683080,1.000000,0.000000,0.000000,7.411079,inf,2570112,2570112,55872,,False,10.495875,10.495875,189.902174
2153,102,102.000000,0.109050,0.079790,0.723655,0.683308,1.097596,1.732070,2.431016,0.000000,0.723655,1.000000,0.000000,0.000000,8.138614,inf,2849472,2849472,55872,,False,10.497166,10.497166,143.813725
2154,92,92.000000,0.109093,0.094136,0.738795,0.623350,1.395562,1.967794,2.472784,0.000000,0.738795,1.000000,0.000000,0.000000,8.660550,inf,2570112,2570112,55872,,False,10.497638,10.497638,151.902174
2155,100,100.000000,0.120384,0.083606,0.729957,0.661229,1.295531,1.369424,2.240956,0.000000,0.729957,1.000000,0.000000,0.000000,8.360607,inf,2793600,2793600,55872,,False,10.498590,10.498590,159.280000
2156,109,109.000000,0.105659,0.069352,0.672821,0.619982,1.046217,1.261265,2.035489,0.000000,0.672821,1.000000,0.000000,0.000000,7.559399,inf,3045024,3045024,55872,,False,10.499914,10.499914,147.174312
2157,102,102.000000,0.103755,0.081357,0.691393,0.637393,1.078646,1.429059,2.183628,0.000000,0.691393,1.000000,0.000000,0.000000,8.298465,inf,2849472,2849472,55872,,False,10.501179,10.501179,151.480392
2158,85,85.000000,0.112175,0.085430,0.677540,0.608758,1.093042,1.392467,2.077169,0.000000,0.677540,1.000000,0.000000,0.000000,7.261544,inf,2374560,2374560,55872,,False,10.502785,10.502785,164.152941
2159,98,98.000000,0.115722,0.076929,0.688647,0.642824,1.129169,1.277180,1.938277,0.000000,0.688647,1.000000,0.000000,0.000000,7.539080,inf,2737728,2737728,55872,,False,10.503968,10.503969,166.581633
2160,97,97.000000,0.101235,0.078561,0.677140,0.655662,1.038365,1.202268,2.548934,0.000000,0.677140,1.000000,0.000000,0.000000,7.620431,inf,2709792,2709792,55872,,False,10.505633,10.505633,160.268041
2161,95,95.000000,0.107588,0.090485,0.712729,0.640315,1.198650,1.439272,3.492104,0.000000,0.712729,1.000000,0.000000,0.000000,8.596070,inf,2653920,2653920,55872,,False,10.506756,10.506756,146.905263
2162,74,74.000000,0.096565,0.092122,0.716052,0.666679,1.194733,1.422276,2.859150,0.000000,0.716052,1.000000,0.000000,0.000000,6.817048,inf,2067264,2067264,55872,,False,10.508362,10.508362,119.324324
2163,99,99.000000,0.117557,0.083701,0.736222,0.663185,1.293961,1.556130,2.299654,0.000000,0.736222,1.000000,0.000000,0.000000,8.286428,inf,2765664,2765664,55872,,False,10.509244,10.509244,153.131313
2164,97,97.000000,0.127245,0.080277,0.654180,0.542438,1.033571,1.525926,2.916693,0.000000,0.654180,1.000000,0.000000,0.000000,7.786834,inf,2709792,2709792,55872,,False,10.510078,10.510077,196.762887
2165,105,105.000000,0.112620,0.084341,0.707376,0.632777,1.274170,1.440338,3.228931,0.000000,0.707376,1.000000,0.000000,0.000000,8.855829,inf,2933280,2933280,55872,,False,10.510356,10.510357,152.838095
2166,95,95.000000,0.104303,0.072473,0.615894,0.539567,0.998101,1.373936,2.528403,0.000000,0.615894,1.000000,0.000000,0.000000,6.884954,inf,2653920,2653920,55872,,False,10.511599,10.511599,158.715789
2167,110,110.000000,0.118401,0.085419,0.741721,0.651207,1.328678,1.741440,2.303857,0.000000,0.741721,1.000000,0.000000,0.000000,9.396050,inf,3072960,3072960,55872,,False,10.512368,10.512367,167.818182
2168,94,94.000000,0.107913,0.081243,0.681667,0.634677,1.187426,1.403866,1.982731,0.000000,0.681667,1.000000,0.000000,0.000000,7.636881,inf,2625984,2625984,55872,,False,10.513460,10.513461,161.127660
2169,105,105.000000,0.114875,0.097637,0.825006,0.726156,1.472938,1.875430,2.957535,0.000000,0.825006,1.000000,0.000000,0.000000,10.251916,inf,2933280,2933280,55872,,False,10.513974,10.513973,142.647619
2170,103,103.000000,0.108140,0.090776,0.744749,0.656781,1.311685,1.740017,3.486961,0.000000,0.744749,1.000000,0.000000,0.000000,9.349957,inf,2877408,2877408,55872,,False,10.514876,10.514876,138.980583
2171,88,88.000000,0.118158,0.092844,0.766699,0.714313,1.261523,1.540480,1.771469,0.000000,0.766699,1.000000,0.000000,0.000000,8.170240,inf,2458368,2458368,55872,,False,10.515217,10.515217,155.022727
2172,95,95.000000,0.124398,0.080904,0.690265,0.631760,1.065670,1.262705,2.245494,0.000000,0.690265,1.000000,0.000000,0.000000,7.685839,inf,2653920,2653920,55872,,False,10.515548,10.515548,179.000000
2173,91,91.000000,0.102302,0.083110,0.681544,0.617346,1.185260,1.326398,2.623327,0.000000,0.681544,1.000000,0.000000,0.000000,7.563037,inf,2542176,2542176,55872,,False,10.516826,10.516825,150.472527
2174,104,104.000000,0.118995,0.078070,0.701795,0.630694,1.181563,1.453335,2.026653,0.000000,0.701795,1.000000,0.000000,0.000000,8.119281,inf,2905344,2905344,55872,,False,10.517438,10.517438,175.894231
2175,98,98.000000,0.103327,0.071623,0.645635,0.608546,1.169616,1.300856,2.322169,0.000000,0.645635,1.000000,0.000000,0.000000,7.019051,inf,2737728,2737728,55872,,False,10.519205,10.519205,165.734694
2176,99,99.000000,0.109942,0.084978,0.713580,0.666337,1.239108,1.459840,2.401369,0.000000,0.713580,1.000000,0.000000,0.000000,8.412788,inf,2765664,2765664,55872,,False,10.519904,10.519904,137.212121
2177,97,97.000000,0.107898,0.079962,0.680304,0.643723,1.083253,1.287977,1.765209,0.000000,0.680304,1.000000,0.000000,0.000000,7.756305,inf,2709792,2709792,55872,,False,10.521751,10.521751,159.288660
2178,90,90.000000,0.127955,0.087450,0.758420,0.690017,1.236642,1.454370,2.915020,0.000000,0.758420,1.000000,0.000000,0.000000,7.870469,inf,2514240,2514240,55872,,False,10.522294,10.522294,164.411111
2179,97,97.000000,0.128166,0.087170,0.773300,0.663080,1.458127,1.505446,1.752397,0.000000,0.773300,1.000000,0.000000,0.000000,8.455484,inf,2709792,2709792,55872,,False,10.522984,10.522984,173.103093
2180,81,81.000000,0.097057,0.079801,0.609198,0.571439,1.018976,1.189751,2.296568,0.000000,0.609198,1.000000,0.000000,0.000000,6.463861,inf,2262816,2262816,55872,,False,10.524535,10.524536,156.925926
2181,104,104.000000,0.112439,0.080838,0.724697,0.642247,1.188099,1.345951,2.203243,0.000000,0.724697,1.000000,0.000000,0.000000,8.407166,inf,2905344,2905344,55872,,False,10.525506,10.525506,157.144231
2182,92,92.000000,0.111828,0.081777,0.685929,0.642085,1.020926,1.271984,1.708536,0.000000,0.685929,1.000000,0.000000,0.000000,7.523522,inf,2570112,2570112,55872,,False,10.527258,10.527258,150.250000
2183,101,101.000000,0.126153,0.077780,0.720536,0.646366,1.111164,1.303334,2.034865,0.000000,0.720536,1.000000,0.000000,0.000000,7.855801,inf,2821536,2821536,55872,,False,10.528061,10.528060,172.584158
2184,90,90.000000,0.106836,0.074026,0.621770,0.569071,1.004289,1.187947,2.059253,0.000000,0.621770,1.000000,0.000000,0.000000,6.662317,inf,2514240,2514240,55872,,False,10.529531,10.529531,161.466667
2185,76,76.000000,0.130030,0.090937,0.730369,0.673850,1.211377,1.499861,1.839203,0.000000,0.730369,1.000000,0.000000,0.000000,6.911200,inf,2123136,2123136,55872,,False,10.530000,10.530000,189.157895
2186,93,93.000000,0.123002,0.095177,0.738273,0.689707,1.052271,1.630136,2.990657,0.000000,0.738273,1.000000,0.000000,0.000000,8.851446,inf,2598048,2598048,55872,,False,10.530535,10.530535,183.204301
2187,95,95.000000,0.119552,0.092730,0.775024,0.700492,1.328970,1.717459,2.638127,0.000000,0.775024,1.000000,0.000000,0.000000,8.809311,inf,2653920,2653920,55872,,False,10.530602,10.530602,147.557895
2188,87,87.000000,0.117648,0.084847,0.716745,0.686221,1.067088,1.365016,2.590402,0.000000,0.716745,1.000000,0.000000,0.000000,7.381667,inf,2430432,2430432,55872,,False,10.531777,10.531776,154.574713
2189,84,84.000000,0.108484,0.077606,0.638536,0.520699,1.183537,1.299710,1.820455,0.000000,0.638536,1.000000,0.000000,0.000000,6.518926,inf,2346624,2346624,55872,,False,10.532666,10.532665,166.178571
2190,109,109.000000,0.115794,0.094206,0.800232,0.634206,1.269854,1.940628,3.677607,0.000000,0.800232,1.000000,0.000000,0.000000,10.268451,inf,3045024,3045024,55872,,False,10.533384,10.533384,156.036697
2191,99,99.000000,0.110729,0.075543,0.698851,0.641165,1.246465,1.314134,2.305850,0.000000,0.698851,1.000000,0.000000,0.000000,7.478784,inf,2765664,2765664,55872,,False,10.534643,10.534643,175.141414
2192,107,107.000000,0.117612,0.086258,0.779842,0.721837,1.254300,1.680136,2.594136,0.000000,0.779842,1.000000,0.000000,0.000000,9.229624,inf,2989152,2989152,55872,,False,10.535125,10.535125,152.448598
2193,102,102.000000,0.114631,0.084921,0.764920,0.699413,1.233516,1.389917,1.990041,0.000000,0.764920,1.000000,0.000000,0.000000,8.661904,inf,2849472,2849472,55872,,False,10.535966,10.535965,146.862745
2194,93,93.000000,0.108815,0.085871,0.710671,0.642122,1.211267,1.433950,2.408585,0.000000,0.710671,1.000000,0.000000,0.000000,7.986016,inf,2598048,2598048,55872,,False,10.537052,10.537053,154.215054
2195,83,83.000000,0.126232,0.091855,0.731115,0.684939,1.091159,1.579679,2.386890,0.000000,0.731115,1.000000,0.000000,0.000000,7.623955,inf,2318688,2318688,55872,,False,10.537522,10.537522,184.192771
2196,75,75.000000,0.097666,0.100030,0.662109,0.564843,1.152839,1.465870,3.119206,0.000000,0.662109,1.000000,0.000000,0.000000,7.502251,inf,2095200,2095200,55872,,False,10.538778,10.538778,155.840000
2197,89,89.000000,0.122838,0.083779,0.681796,0.670415,1.190442,1.436612,2.097772,0.000000,0.681796,1.000000,0.000000,0.000000,7.456364,inf,2486304,2486304,55872,,False,10.539754,10.539754,159.382022
2198,105,105.000000,0.096670,0.082407,0.709897,0.636146,1.121658,1.227826,3.355026,0.000000,0.709897,1.000000,0.000000,0.000000,8.652738,inf,2933280,2933280,55872,,False,10.541145,10.541145,127.542857
2199,75,75.000000,0.121871,0.119545,0.893553,0.742800,1.572960,1.842315,2.830098,0.000000,0.893553,1.000000,0.000000,0.000000,8.965861,inf,2095200,2095200,55872,,False,10.540955,10.540955,138.213333
2200,100,100.000000,0.103268,0.072042,0.645279,0.632177,1.065390,1.163175,1.473908,0.000000,0.645279,1.000000,0.000000,0.000000,7.204227,inf,2793600,2793600,55872,,False,10.542116,10.542116,148.460000
2201,101,101.000000,0.117427,0.082553,0.702497,0.595008,1.136556,1.612858,2.473042,0.000000,0.702497,1.000000,0.000000,0.000000,8.337873,inf,2821536,2821536,55872,,False,10.543202,10.543202,172.683168
2202,91,91.000000,0.107297,0.088440,0.715913,0.633105,1.178600,1.297073,3.296264,0.000000,0.715913,1.000000,0.000000,0.000000,8.048036,inf,2542176,2542176,55872,,False,10.544312,10.544312,160.912088
2203,84,84.000000,0.121794,0.092029,0.758680,0.679104,1.223623,1.604766,2.063513,0.000000,0.758680,1.000000,0.000000,0.000000,7.730395,inf,2346624,2346624,55872,,False,10.544997,10.544997,167.011905
2204,101,101.000000,0.125749,0.098457,0.739580,0.635794,1.244530,1.552555,5.500907,0.000000,0.739580,1.000000,0.000000,0.000000,9.944163,inf,2821536,2821536,55872,,False,10.545595,10.545595,168.930693
2205,97,97.000000,0.107054,0.078346,0.682363,0.616138,1.075258,1.246048,2.495884,0.000000,0.682363,1.000000,0.000000,0.000000,7.599562,inf,2709792,2709792,55872,,False,10.546879,10.546879,155.835052
2206,89,89.000000,0.107271,0.085387,0.704366,0.646018,1.174629,1.373201,2.174882,0.000000,0.704366,1.000000,0.000000,0.000000,7.599419,inf,2486304,2486304,55872,,False,10.547717,10.547716,150.505618
2207,103,103.000000,0.118089,0.095837,0.788113,0.664510,1.309960,1.487716,3.982712,0.000000,0.788113,1.000000,0.000000,0.000000,9.871215,inf,2877408,2877408,55872,,False,10.548401,10.548402,171.252427
2208,90,90.000000,0.109828,0.084099,0.713501,0.657718,1.161351,1.226361,2.409662,0.000000,0.713501,1.000000,0.000000,0.000000,7.568937,inf,2514240,2514240,55872,,False,10.549987,10.549986,150.177778
2209,99,99.000000,0.117709,0.096792,0.793357,0.652896,1.536816,1.951688,2.791686,0.000000,0.793357,1.000000,0.000000,0.000000,9.582417,inf,2765664,2765664,55872,,False,10.550336,10.550336,160.101010
2210,99,99.000000,0.120029,0.080140,0.690203,0.610130,1.278962,1.465684,1.947480,0.000000,0.690203,1.000000,0.000000,0.000000,7.933855,inf,2765664,2765664,55872,,False,10.551376,10.551375,172.424242
2211,93,93.000000,0.110871,0.077453,0.679993,0.645272,1.065240,1.389436,2.096429,0.000000,0.679993,1.000000,0.000000,0.000000,7.203083,inf,2598048,2598048,55872,,False,10.552707,10.552706,160.172043
2212,84,84.000000,0.106524,0.082807,0.660080,0.648235,1.087289,1.309397,1.907670,0.000000,0.660080,1.000000,0.000000,0.000000,6.955830,inf,2346624,2346624,55872,,False,10.553943,10.553943,166.357143
2213,106,106.000000,0.117500,0.084166,0.718149,0.642678,1.185033,1.378065,2.930015,0.000000,0.718149,1.000000,0.000000,0.000000,8.921632,inf,2961216,2961216,55872,,False,10.554564,10.554564,159.292453
2214,99,99.000000,0.128009,0.089869,0.763179,0.632801,1.277325,1.476895,2.527144,0.000000,0.763179,1.000000,0.000000,0.000000,8.897022,inf,2765664,2765664,55872,,False,10.555001,10.555001,167.060606
2215,96,96.000000,0.117221,0.074451,0.654897,0.598976,1.030325,1.193463,2.048708,0.000000,0.654897,1.000000,0.000000,0.000000,7.147323,inf,2681856,2681856,55872,,False,10.555510,10.555511,182.104167
2216,82,82.000000,0.111915,0.085548,0.682145,0.639533,1.208705,1.343366,1.941473,0.000000,0.682145,1.000000,0.000000,0.000000,7.014900,inf,2290752,2290752,55872,,False,10.556705,10.556705,165.792683
2217,101,101.000000,0.112642,0.099294,0.786054,0.684698,1.250315,1.521493,6.362068,0.000000,0.786054,1.000000,0.000000,0.000000,10.028727,inf,2821536,2821536,55872,,False,10.557461,10.557461,146.564356
2218,87,87.000000,0.108888,0.093701,0.747076,0.637993,1.230880,1.540078,3.060202,0.000000,0.747076,1.000000,0.000000,0.000000,8.152006,inf,2430432,2430432,55872,,False,10.558313,10.558313,144.494253
2219,97,97.000000,0.117027,0.090360,0.768733,0.636745,1.274729,1.989374,2.678154,0.000000,0.768733,1.000000,0.000000,0.000000,8.764879,inf,2709792,2709792,55872,,False,10.558654,10.558654,150.206186
2220,109,109.000000,0.117077,0.083228,0.723342,0.607527,1.213529,1.539319,2.757627,0.000000,0.723342,1.000000,0.000000,0.000000,9.071850,inf,3045024,3045024,55872,,False,10.559430,10.559430,191.908257
2221,94,94.000000,0.104213,0.080757,0.699552,0.647747,1.099418,1.368609,2.252975,0.000000,0.699552,1.000000,0.000000,0.000000,7.591183,inf,2625984,2625984,55872,,False,10.560533,10.560534,149.670213
2222,99,99.000000,0.130523,0.086695,0.762542,0.652170,1.200113,1.355098,3.097727,0.000000,0.762542,1.000000,0.000000,0.000000,8.582760,inf,2765664,2765664,55872,,False,10.560840,10.560840,178.484848
2223,115,115.000000,0.116721,0.069022,0.684653,0.633847,1.155999,1.403651,1.634506,0.000000,0.684653,1.000000,0.000000,0.000000,7.937556,inf,3212640,3212640,55872,,False,10.561606,10.561606,169.686957
2224,89,89.000000,0.104689,0.093110,0.721491,0.646886,1.168516,1.609440,3.129000,0.000000,0.721491,1.000000,0.000000,0.000000,8.286822,inf,2486304,2486304,55872,,False,10.562308,10.562308,153.539326
2225,97,97.000000,0.111345,0.079399,0.653215,0.597357,1.070294,1.320634,1.890223,0.000000,0.653215,1.000000,0.000000,0.000000,7.701716,inf,2709792,2709792,55872,,False,10.563446,10.563445,178.515464
2226,85,85.000000,0.123230,0.087496,0.702449,0.631364,1.137229,1.273265,2.473865,0.000000,0.702449,1.000000,0.000000,0.000000,7.437136,inf,2374560,2374560,55872,,False,10.563910,10.563910,170.529412
2227,100,100.000000,0.105103,0.084254,0.716481,0.639967,1.222882,1.762625,2.258391,0.000000,0.716481,1.000000,0.000000,0.000000,8.425409,inf,2793600,2793600,55872,,False,10.564339,10.564340,136.240000
2228,100,100.000000,0.119059,0.089056,0.745195,0.704193,1.178578,1.475208,2.614206,0.000000,0.745195,1.000000,0.000000,0.000000,8.905575,inf,2793600,2793600,55872,,False,10.564799,10.564799,173.960000
2229,99,99.000000,0.116862,0.087703,0.708022,0.654478,1.196727,1.469720,2.381429,0.000000,0.708022,1.000000,0.000000,0.000000,8.682632,inf,2765664,2765664,55872,,False,10.566010,10.566010,167.919192
2230,91,91.000000,0.124321,0.090279,0.784292,0.768930,1.233916,1.309019,1.805093,0.000000,0.784292,1.000000,0.000000,0.000000,8.215363,inf,2542176,2542176,55872,,False,10.567577,10.567577,169.824176
2231,81,81.000000,0.107365,0.097323,0.731255,0.679149,1.292451,1.533598,2.149684,0.000000,0.731255,1.000000,0.000000,0.000000,7.883181,inf,2262816,2262816,55872,,False,10.568337,10.568337,137.913580
2232,96,96.000000,0.108322,0.082035,0.702205,0.645618,1.222290,1.420440,2.255075,0.000000,0.702205,1.000000,0.000000,0.000000,7.875320,inf,2681856,2681856,55872,,False,10.569008,10.569008,154.197917
2233,91,91.000000,0.107991,0.089283,0.752192,0.665857,1.183546,1.422194,3.530543,0.000000,0.752192,1.000000,0.000000,0.000000,8.124747,inf,2542176,2542176,55872,,False,10.569955,10.569955,152.560440
2234,75,75.000000,0.112891,0.115741,0.757928,0.671366,1.067064,1.201508,6.154785,0.000000,0.757928,1.000000,0.000000,0.000000,8.680604,inf,2095200,2095200,55872,,False,10.571149,10.571148,164.226667
2235,96,96.000000,0.109289,0.089673,0.736925,0.673784,1.311599,1.488729,2.831448,0.000000,0.736925,1.000000,0.000000,0.000000,8.608597,inf,2681856,2681856,55872,,False,10.571774,10.571774,151.270833
2236,90,90.000000,0.101854,0.080367,0.665700,0.609895,1.102853,1.315551,1.562249,0.000000,0.665700,1.000000,0.000000,0.000000,7.233029,inf,2514240,2514240,55872,,False,10.573284,10.573283,157.900000
2237,89,89.000000,0.104360,0.095767,0.709637,0.633278,1.127972,1.380125,4.449805,0.000000,0.709637,1.000000,0.000000,0.000000,8.523230,inf,2486304,2486304,55872,,False,10.574393,10.574393,144.573034
2238,88,88.000000,0.132634,0.082503,0.692323,0.652347,0.923112,1.107043,3.225750,0.000000,0.692323,1.000000,0.000000,0.000000,7.260240,inf,2458368,2458368,55872,,False,10.574818,10.574818,186.886364
2239,100,100.000000,0.116584,0.078483,0.753976,0.683575,1.233568,1.477762,1.756001,0.000000,0.753976,1.000000,0.000000,0.000000,7.848262,inf,2793600,2793600,55872,,False,10.575886,10.575886,153.970000
2240,86,86.000000,0.101735,0.093397,0.712765,0.703535,1.199019,1.357758,2.785671,0.000000,0.712765,1.000000,0.000000,0.000000,8.032158,inf,2402496,2402496,55872,,False,10.576532,10.576532,137.406977
2241,84,84.000000,0.120613,0.101224,0.801966,0.751645,1.267509,1.536186,3.515247,0.000000,0.801966,1.000000,0.000000,0.000000,8.502790,inf,2346624,2346624,55872,,False,10.577011,10.577011,153.940476
2242,67,67.000000,0.116891,0.101889,0.713959,0.601085,1.235553,1.738239,2.475564,0.000000,0.713959,1.000000,0.000000,0.000000,6.826590,inf,1871712,1871712,55872,,False,10.577827,10.577827,174.134328
2243,99,99.000000,0.120912,0.087817,0.750873,0.690239,1.118867,1.306319,2.412147,0.000000,0.750873,1.000000,0.000000,0.000000,8.693895,inf,2765664,2765664,55872,,False,10.578467,10.578467,162.343434
2244,73,73.000000,0.128385,0.111448,0.812042,0.730355,1.247445,1.535620,3.215566,0.000000,0.812042,1.000000,0.000000,0.000000,8.135677,inf,2039328,2039328,55872,,False,10.578961,10.578960,148.917808
2245,90,90.000000,0.129638,0.093139,0.788886,0.717648,1.292668,1.626080,2.441626,0.000000,0.788886,1.000000,0.000000,0.000000,8.382523,inf,2514240,2514240,55872,,False,10.579260,10.579260,180.677778
2246,110,110.000000,0.116088,0.076142,0.712084,0.643225,1.232450,1.463072,1.826386,0.000000,0.712084,1.000000,0.000000,0.000000,8.375628,inf,3072960,3072960,55872,,False,10.580358,10.580357,179.427273
2247,109,109.000000,0.110359,0.092999,0.830074,0.730579,1.369937,1.646917,3.376133,0.000000,0.830074,1.000000,0.000000,0.000000,10.136847,inf,3045024,3045024,55872,,False,10.581567,10.581567,130.642202
2248,87,87.000000,0.118846,0.076362,0.606455,0.577044,0.985475,1.242175,1.571319,0.000000,0.606455,1.000000,0.000000,0.000000,6.643476,inf,2430432,2430432,55872,,False,10.582297,10.582297,186.620690
2249,91,91.000000,0.113697,0.087253,0.707712,0.643939,1.098876,1.192391,3.552135,0.000000,0.707712,1.000000,0.000000,0.000000,7.940047,inf,2542176,2542176,55872,,False,10.583145,10.583145,159.296703
2250,88,88.000000,0.121818,0.090756,0.737242,0.646624,1.326104,1.388006,2.368647,0.000000,0.737242,1.000000,0.000000,0.000000,7.986559,inf,2458368,2458368,55872,,False,10.584087,10.584087,169.647727
2251,107,107.000000,0.118928,0.083332,0.752209,0.670309,1.410544,1.633125,2.585166,0.000000,0.752209,1.000000,0.000000,0.000000,8.916555,inf,2989152,2989152,55872,,False,10.584664,10.584664,168.672897
2252,93,93.000000,0.118167,0.074768,0.651387,0.586835,1.080659,1.198155,1.664363,0.000000,0.651387,1.000000,0.000000,0.000000,6.953422,inf,2598048,2598048,55872,,False,10.585705,10.585705,182.225806
2253,109,109.000000,0.112121,0.089369,0.787350,0.645910,1.372073,1.872499,3.064668,0.000000,0.787350,1.000000,0.000000,0.000000,9.741224,inf,3045024,3045024,55872,,False,10.586012,10.586013,156.000000
2254,96,96.000000,0.130761,0.089030,0.738342,0.644643,1.313819,1.507670,2.802275,0.000000,0.738342,1.000000,0.000000,0.000000,8.546882,inf,2681856,2681856,55872,,False,10.586179,10.586179,168.135417
2255,99,99.000000,0.117658,0.074577,0.691136,0.609370,1.201770,1.293222,1.834621,0.000000,0.691136,1.000000,0.000000,0.000000,7.383165,inf,2765664,2765664,55872,,False,10.587037,10.587037,167.929293
2256,82,82.000000,0.111640,0.103158,0.753735,0.642603,1.184242,1.467903,3.287280,0.000000,0.753735,1.000000,0.000000,0.000000,8.458982,inf,2290752,2290752,55872,,False,10.587913,10.587912,160.792683
2257,96,96.000000,0.119968,0.086724,0.759779,0.734189,1.156097,1.320014,2.700438,0.000000,0.759779,1.000000,0.000000,0.000000,8.325456,inf,2681856,2681856,55872,,False,10.588310,10.588310,138.395833
2258,88,88.000000,0.115983,0.078234,0.645644,0.634896,1.102002,1.210446,1.489849,0.000000,0.645644,1.000000,0.000000,0.000000,6.884580,inf,2458368,2458368,55872,,False,10.589605,10.589605,165.772727
2259,92,92.000000,0.110531,0.077519,0.679036,0.614640,1.108652,1.380251,1.801911,0.000000,0.679036,1.000000,0.000000,0.000000,7.131778,inf,2570112,2570112,55872,,False,10.590941,10.590941,172.065217
2260,90,90.000000,0.112151,0.086535,0.687804,0.618528,1.163924,1.446561,2.105456,0.000000,0.687804,1.000000,0.000000,0.000000,7.788187,inf,2514240,2514240,55872,,False,10.592129,10.592129,174.366667
2261,70,70.000000,0.117515,0.100391,0.694505,0.613080,1.080822,1.644957,2.437338,0.000000,0.694505,1.000000,0.000000,0.000000,7.027368,inf,1955520,1955520,55872,,False,10.592996,10.592996,171.585714
2262,81,81.000000,0.101388,0.086141,0.684374,0.641320,1.104050,1.327017,2.276894,0.000000,0.684374,1.000000,0.000000,0.000000,6.977420,inf,2262816,2262816,55872,,False,10.594826,10.594826,151.679012
2263,103,103.000000,0.121518,0.076679,0.682507,0.615256,1.027112,1.169904,2.075186,0.000000,0.682507,1.000000,0.000000,0.000000,7.897896,inf,2877408,2877408,55872,,False,10.595491,10.595491,174.203883
2264,108,108.000000,0.112247,0.072696,0.688647,0.652468,1.106836,1.205113,2.614900,0.000000,0.688647,1.000000,0.000000,0.000000,7.851221,inf,3017088,3017088,55872,,False,10.596784,10.596784,160.250000
2265,112,112.000000,0.109819,0.080059,0.726787,0.668455,1.198204,1.632332,2.917145,0.000000,0.726787,1.000000,0.000000,0.000000,8.966563,inf,3128832,3128832,55872,,False,10.597980,10.597980,161.642857
2266,80,80.000000,0.101179,0.076355,0.592719,0.610626,0.939181,1.107430,2.087767,0.000000,0.592719,1.000000,0.000000,0.000000,6.108409,inf,2234880,2234880,55872,,False,10.599380,10.599380,148.887500
2267,97,97.000000,0.108548,0.081469,0.693901,0.642096,1.116447,1.309951,3.375550,0.000000,0.693901,1.000000,0.000000,0.000000,7.902479,inf,2709792,2709792,55872,,False,10.600571,10.600571,148.247423
2268,103,103.000000,0.109456,0.078733,0.718863,0.654554,1.071296,1.473554,2.115277,0.000000,0.718863,1.000000,0.000000,0.000000,8.109484,inf,2877408,2877408,55872,,False,10.602358,10.602358,156.485437
2269,85,85.000000,0.108151,0.091076,0.718394,0.618472,1.141790,1.728530,2.899865,0.000000,0.718394,1.000000,0.000000,0.000000,7.741485,inf,2374560,2374560,55872,,False,10.602773,10.602773,167.847059
2270,103,103.000000,0.109040,0.074914,0.628269,0.573671,0.968124,1.032342,3.267344,0.000000,0.628269,1.000000,0.000000,0.000000,7.716160,inf,2877408,2877408,55872,,False,10.604535,10.604535,179.708738
2271,102,102.000000,0.125442,0.069634,0.668595,0.629344,1.011400,1.224789,1.658231,0.000000,0.668595,1.000000,0.000000,0.000000,7.102672,inf,2849472,2849472,55872,,False,10.605600,10.605600,184.558824
2272,88,88.000000,0.118564,0.090288,0.692286,0.595958,1.336625,1.851997,2.311272,0.000000,0.692286,1.000000,0.000000,0.000000,7.945363,inf,2458368,2458368,55872,,False,10.605968,10.605968,185.954545
2273,92,92.000000,0.114752,0.079554,0.699237,0.653909,1.038098,1.174028,2.344014,0.000000,0.699237,1.000000,0.000000,0.000000,7.318941,inf,2570112,2570112,55872,,False,10.606707,10.606708,173.380435
2274,89,89.000000,0.101361,0.086019,0.693619,0.685936,1.202484,1.359930,1.997587,0.000000,0.693619,1.000000,0.000000,0.000000,7.655715,inf,2486304,2486304,55872,,False,10.607708,10.607707,142.988764
2275,94,94.000000,0.111122,0.088343,0.737262,0.685670,1.135663,1.561139,2.444310,0.000000,0.737262,1.000000,0.000000,0.000000,8.304245,inf,2625984,2625984,55872,,False,10.608988,10.608988,148.723404
2276,96,96.000000,0.116284,0.079558,0.684657,0.617161,1.179550,1.479526,2.266664,0.000000,0.684657,1.000000,0.000000,0.000000,7.637533,inf,2681856,2681856,55872,,False,10.610102,10.610102,173.125000
2277,90,90.000000,0.121055,0.094343,0.775821,0.679371,1.280682,1.416188,2.613596,0.000000,0.775821,1.000000,0.000000,0.000000,8.490875,inf,2514240,2514240,55872,,False,10.610335,10.610335,161.222222
2278,85,85.000000,0.118085,0.070677,0.623433,0.603050,0.874296,1.065952,1.420563,0.000000,0.623433,1.000000,0.000000,0.000000,6.007582,inf,2374560,2374560,55872,,False,10.611231,10.611231,190.329412
2279,89,89.000000,0.110747,0.088042,0.725886,0.669467,1.153955,1.456660,2.492488,0.000000,0.725886,1.000000,0.000000,0.000000,7.835760,inf,2486304,2486304,55872,,False,10.612245,10.612245,154.629213
2280,94,94.000000,0.108950,0.082249,0.728936,0.686722,1.130524,1.396984,1.977880,0.000000,0.728936,1.000000,0.000000,0.000000,7.731413,inf,2625984,2625984,55872,,False,10.613614,10.613614,165.617021
2281,102,102.000000,0.125556,0.086997,0.804077,0.735325,1.310290,1.565341,2.720236,0.000000,0.804077,1.000000,0.000000,0.000000,8.873676,inf,2849472,2849472,55872,,False,10.613708,10.613708,163.147059
2282,99,99.000000,0.129255,0.095347,0.805974,0.675780,1.305144,1.950343,3.585919,0.000000,0.805974,1.000000,0.000000,0.000000,9.439322,inf,2765664,2765664,55872,,False,10.613976,10.613976,167.191919
2283,98,98.000000,0.104975,0.100986,0.809994,0.663249,1.390359,1.774075,3.890943,0.000000,0.809994,1.000000,0.000000,0.000000,9.896602,inf,2737728,2737728,55872,,False,10.615278,10.615278,138.214286
2284,93,93.000000,0.113040,0.086728,0.719406,0.663070,1.161291,1.438940,2.450349,0.000000,0.719406,1.000000,0.000000,0.000000,8.065723,inf,2598048,2598048,55872,,False,10.616594,10.616594,160.709677
2285,85,85.000000,0.110995,0.086860,0.728276,0.674643,1.190949,1.370691,2.384441,0.000000,0.728276,1.000000,0.000000,0.000000,7.383136,inf,2374560,2374560,55872,,False,10.617390,10.617390,148.941176
2286,87,87.000000,0.113343,0.089154,0.709394,0.667642,1.129555,1.289743,2.822497,0.000000,0.709394,1.000000,0.000000,0.000000,7.756408,inf,2430432,2430432,55872,,False,10.618200,10.618200,155.827586
2287,89,89.000000,0.111293,0.089310,0.739351,0.682964,1.191938,1.541177,1.793320,0.000000,0.739351,1.000000,0.000000,0.000000,7.948568,inf,2486304,2486304,55872,,False,10.619863,10.619864,158.550562
2288,97,97.000000,0.116109,0.081706,0.691760,0.631898,1.199795,1.381645,1.949994,0.000000,0.691760,1.000000,0.000000,0.000000,7.925487,inf,2709792,2709792,55872,,False,10.620888,10.620888,178.639175
2289,103,103.000000,0.106822,0.073864,0.669186,0.650570,1.106088,1.286831,2.009719,0.000000,0.669186,1.000000,0.000000,0.000000,7.607995,inf,2877408,2877408,55872,,False,10.622312,10.622312,179.902913
2290,83,83.000000,0.104508,0.086341,0.693611,0.678099,1.066358,1.269156,1.836911,0.000000,0.693611,1.000000,0.000000,0.000000,7.166291,inf,2318688,2318688,55872,,False,10.623168,10.623168,142.072289
2291,97,97.000000,0.109307,0.087529,0.761009,0.714170,1.240268,1.536017,2.271193,0.000000,0.761009,1.000000,0.000000,0.000000,8.490346,inf,2709792,2709792,55872,,False,10.623826,10.623826,137.113402
2292,87,87.000000,0.119025,0.087284,0.714491,0.616053,1.182242,1.528680,2.092643,0.000000,0.714491,1.000000,0.000000,0.000000,7.593699,inf,2430432,2430432,55872,,False,10.624539,10.624540,168.551724
2293,109,109.000000,0.118064,0.076832,0.688190,0.609215,1.240304,1.427023,2.242775,0.000000,0.688190,1.000000,0.000000,0.000000,8.374734,inf,3045024,3045024,55872,,False,10.624798,10.624798,175.211009
2294,109,109.000000,0.109460,0.082435,0.738625,0.675101,1.253465,1.350425,2.986374,0.000000,0.738625,1.000000,0.000000,0.000000,8.985398,inf,3045024,3045024,55872,,False,10.625903,10.625903,168.330275
2295,80,80.000000,0.121661,0.091935,0.700454,0.597934,1.322384,1.549588,2.162842,0.000000,0.700454,1.000000,0.000000,0.000000,7.354821,inf,2234880,2234880,55872,,False,10.626276,10.626276,171.225000
2296,96,96.000000,0.106505,0.087424,0.729377,0.679542,1.213381,1.415720,2.418431,0.000000,0.729377,1.000000,0.000000,0.000000,8.392701,inf,2681856,2681856,55872,,False,10.626960,10.626960,142.447917
2297,80,80.000000,0.122806,0.094201,0.691174,0.612357,1.117188,1.452093,3.700815,0.000000,0.691174,1.000000,0.000000,0.000000,7.536089,inf,2234880,2234880,55872,,False,10.627382,10.627381,186.525000
2298,94,94.000000,0.112894,0.089884,0.754679,0.733950,1.315074,1.549766,2.942376,0.000000,0.754679,1.000000,0.000000,0.000000,8.449137,inf,2625984,2625984,55872,,False,10.627674,10.627674,139.914894
2299,96,96.000000,0.119618,0.092517,0.752058,0.606197,1.339270,1.745937,2.875283,0.000000,0.752058,1.000000,0.000000,0.000000,8.881633,inf,2681856,2681856,55872,,False,10.628450,10.628450,175.822917
2300,101,101.000000,0.101585,0.089960,0.758629,0.650593,1.237547,1.522878,2.674728,0.000000,0.758629,1.000000,0.000000,0.000000,9.085946,inf,2821536,2821536,55872,,False,10.629843,10.629843,147.405941
2301,97,97.000000,0.116005,0.078629,0.670776,0.596560,1.105817,1.288547,2.050765,0.000000,0.670776,1.000000,0.000000,0.000000,7.627037,inf,2709792,2709792,55872,,False,10.630927,10.630927,173.092784
2302,111,111.000000,0.114071,0.079376,0.708159,0.656727,1.194178,1.463332,2.318328,0.000000,0.708159,1.000000,0.000000,0.000000,8.810772,inf,3100896,3100896,55872,,False,10.631372,10.631371,174.918919
2303,84,84.000000,0.113841,0.094146,0.709361,0.658044,1.096306,1.457558,2.586822,0.000000,0.709361,1.000000,0.000000,0.000000,7.908301,inf,2346624,2346624,55872,,False,10.631990,10.631990,170.476190
2304,91,91.000000,0.112584,0.108175,0.765248,0.691900,1.584439,1.765955,3.748484,0.000000,0.765248,1.000000,0.000000,0.000000,9.843886,inf,2542176,2542176,55872,,False,10.632966,10.632965,152.087912
2305,98,98.000000,0.109523,0.078853,0.686600,0.598080,1.197739,1.279869,2.255047,0.000000,0.686600,1.000000,0.000000,0.000000,7.727592,inf,2737728,2737728,55872,,False,10.633821,10.633821,170.193878
2306,89,89.000000,0.120141,0.086753,0.729005,0.633542,1.295755,1.538612,2.280275,0.000000,0.729005,1.000000,0.000000,0.000000,7.721011,inf,2486304,2486304,55872,,False,10.634424,10.634424,177.786517
2307,91,91.000000,0.122752,0.092419,0.775934,0.702523,1.289192,1.578931,1.960421,0.000000,0.775934,1.000000,0.000000,0.000000,8.410172,inf,2542176,2542176,55872,,False,10.634785,10.634786,174.714286
2308,79,79.000000,0.114895,0.091204,0.702303,0.677725,1.170474,1.363750,2.246695,0.000000,0.702303,1.000000,0.000000,0.000000,7.205125,inf,2206944,2206944,55872,,False,10.635352,10.635352,157.063291
2309,104,104.000000,0.114540,0.089264,0.804519,0.680789,1.404147,1.604992,3.098525,0.000000,0.804519,1.000000,0.000000,0.000000,9.283431,inf,2905344,2905344,55872,,False,10.636502,10.636503,156.221154
2310,92,92.000000,0.115809,0.090127,0.740672,0.676404,1.134266,1.347472,2.315612,0.000000,0.740672,1.000000,0.000000,0.000000,8.291656,inf,2570112,2570112,55872,,False,10.637053,10.637053,157.347826
2311,105,105.000000,0.102372,0.078693,0.709448,0.620879,1.256649,1.476196,2.076919,0.000000,0.709448,1.000000,0.000000,0.000000,8.262810,inf,2933280,2933280,55872,,False,10.638083,10.638083,143.495238
2312,93,93.000000,0.109964,0.084450,0.698260,0.623689,1.201309,1.498041,2.183017,0.000000,0.698260,1.000000,0.000000,0.000000,7.853845,inf,2598048,2598048,55872,,False,10.639052,10.639052,167.473118
2313,107,107.000000,0.114560,0.073903,0.686343,0.638553,1.086025,1.319123,2.122141,0.000000,0.686343,1.000000,0.000000,0.000000,7.907637,inf,2989152,2989152,55872,,False,10.640210,10.640210,175.140187
2314,120,120.000000,0.105675,0.071200,0.692264,0.627674,1.165209,1.330362,2.069086,0.000000,0.692264,1.000000,0.000000,0.000000,8.543989,inf,3352320,3352320,55872,,False,10.641464,10.641464,157.850000
2315,91,91.000000,0.106991,0.099449,0.719931,0.672100,1.121488,1.514515,4.415643,0.000000,0.719931,1.000000,0.000000,0.000000,9.049888,inf,2542176,2542176,55872,,False,10.642945,10.642945,146.505495
2316,80,80.000000,0.102901,0.099036,0.759710,0.692661,1.299736,1.592379,2.749790,0.000000,0.759710,1.000000,0.000000,0.000000,7.922903,inf,2234880,2234880,55872,,False,10.643097,10.643098,140.875000
2317,95,95.000000,0.100565,0.091903,0.754582,0.670622,1.326219,1.597955,2.418396,0.000000,0.754582,1.000000,0.000000,0.000000,8.730743,inf,2653920,2653920,55872,,False,10.643744,10.643744,134.000000
2318,92,92.000000,0.121927,0.083708,0.684626,0.575436,1.119792,1.449709,2.715997,0.000000,0.684626,1.000000,0.000000,0.000000,7.701130,inf,2570112,2570112,55872,,False,10.643942,10.643941,182.750000
2319,108,108.000000,0.112162,0.083134,0.720404,0.626274,1.180023,1.465348,3.522944,0.000000,0.720404,1.000000,0.000000,0.000000,8.978502,inf,3017088,3017088,55872,,False,10.644889,10.644890,168.657407
2320,81,81.000000,0.103791,0.082555,0.649063,0.576537,1.066842,1.204062,2.208087,0.000000,0.649063,1.000000,0.000000,0.000000,6.686940,inf,2262816,2262816,55872,,False,10.646187,10.646187,159.370370
2321,91,91.000000,0.116371,0.090728,0.736290,0.653495,1.205761,1.477037,2.234346,0.000000,0.736290,1.000000,0.000000,0.000000,8.256265,inf,2542176,2542176,55872,,False,10.646985,10.646985,173.846154
2322,101,101.000000,0.097708,0.079582,0.721364,0.691884,1.187182,1.360486,1.719153,0.000000,0.721364,1.000000,0.000000,0.000000,8.037735,inf,2821536,2821536,55872,,False,10.648400,10.648399,141.000000
2323,98,98.000000,0.108950,0.084856,0.730095,0.736236,1.248629,1.494190,1.941587,0.000000,0.730095,1.000000,0.000000,0.000000,8.315925,inf,2737728,2737728,55872,,False,10.649061,10.649061,138.969388
2324,88,88.000000,0.123236,0.084843,0.692718,0.615408,1.216359,1.552196,1.829748,0.000000,0.692718,1.000000,0.000000,0.000000,7.466208,inf,2458368,2458368,55872,,False,10.649608,10.649608,180.784091
2325,94,94.000000,0.111055,0.076253,0.644284,0.611479,1.043579,1.244191,2.210265,0.000000,0.644284,1.000000,0.000000,0.000000,7.167814,inf,2625984,2625984,55872,,False,10.650476,10.650476,175.978723
2326,78,78.000000,0.109197,0.080768,0.639157,0.579034,1.144462,1.206458,1.686596,0.000000,0.639157,1.000000,0.000000,0.000000,6.299922,inf,2179008,2179008,55872,,False,10.651873,10.651873,210.307692
2327,98,98.000000,0.108643,0.084590,0.714707,0.658726,1.146110,1.508919,2.846067,0.000000,0.714707,1.000000,0.000000,0.000000,8.289788,inf,2737728,2737728,55872,,False,10.653491,10.653491,156.081633
2328,97,97.000000,0.113570,0.076594,0.647934,0.625095,1.114977,1.228504,1.893442,0.000000,0.647934,1.000000,0.000000,0.000000,7.429617,inf,2709792,2709792,55872,,False,10.654534,10.654534,189.226804
2329,102,102.000000,0.103753,0.076271,0.707010,0.643209,1.107751,1.354110,1.965355,0.000000,0.707010,1.000000,0.000000,0.000000,7.779653,inf,2849472,2849472,55872,,False,10.655948,10.655948,156.745098
2330,106,106.000000,0.101499,0.075213,0.673606,0.611108,1.135881,1.409804,1.813487,0.000000,0.673606,1.000000,0.000000,0.000000,7.972565,inf,2961216,2961216,55872,,False,10.657455,10.657455,151.981132
2331,100,100.000000,0.121416,0.095215,0.772475,0.680164,1.399140,1.591854,3.360892,0.000000,0.772475,1.000000,0.000000,0.000000,9.521549,inf,2793600,2793600,55872,,False,10.657888,10.657888,179.370000
2332,102,102.000000,0.122933,0.076941,0.668530,0.596031,1.183428,1.496362,2.708035,0.000000,0.668530,1.000000,0.000000,0.000000,7.848018,inf,2849472,2849472,55872,,False,10.658524,10.658524,186.215686
2333,106,106.000000,0.105108,0.083208,0.728452,0.619395,1.327136,1.471767,2.055438,0.000000,0.728452,1.000000,0.000000,0.000000,8.820025,inf,2961216,2961216,55872,,False,10.659668,10.659668,157.141509
2334,91,91.000000,0.112269,0.087313,0.725612,0.666334,1.257389,1.375104,2.727324,0.000000,0.725612,1.000000,0.000000,0.000000,7.945510,inf,2542176,2542176,55872,,False,10.660475,10.660474,165.956044
2335,101,101.000000,0.114842,0.077439,0.683520,0.616283,1.153353,1.353003,1.890364,0.000000,0.683520,1.000000,0.000000,0.000000,7.821317,inf,2821536,2821536,55872,,False,10.661130,10.661130,163.257426
2336,91,91.000000,0.121700,0.080831,0.698401,0.616873,1.083601,1.259550,2.023706,0.000000,0.698401,1.000000,0.000000,0.000000,7.355647,inf,2542176,2542176,55872,,False,10.661658,10.661658,173.307692
2337,91,91.000000,0.124959,0.086710,0.770882,0.730729,1.129285,1.352869,1.959292,0.000000,0.770882,1.000000,0.000000,0.000000,7.890613,inf,2542176,2542176,55872,,False,10.661880,10.661880,156.395604
2338,109,109.000000,0.105247,0.077453,0.711808,0.627111,1.172183,1.519740,1.867343,0.000000,0.711808,1.000000,0.000000,0.000000,8.442350,inf,3045024,3045024,55872,,False,10.662667,10.662667,146.220183
2339,98,98.000000,0.121946,0.087539,0.745547,0.609076,1.274425,1.690233,3.045919,0.000000,0.745547,1.000000,0.000000,0.000000,8.578871,inf,2737728,2737728,55872,,False,10.663000,10.663000,171.673469
2340,95,95.000000,0.110711,0.087447,0.779255,0.704527,1.240754,1.402500,1.712794,0.000000,0.779255,1.000000,0.000000,0.000000,8.307449,inf,2653920,2653920,55872,,False,10.664689,10.664689,148.221053
2341,72,72.000000,0.099400,0.096575,0.706968,0.663902,1.137091,1.243308,2.562455,0.000000,0.706968,1.000000,0.000000,0.000000,6.953413,inf,2011392,2011392,55872,,False,10.666505,10.666505,160.847222
2342,82,82.000000,0.122204,0.092893,0.737239,0.675704,1.228966,1.288580,2.188072,0.000000,0.737239,1.000000,0.000000,0.000000,7.617185,inf,2290752,2290752,55872,,False,10.667282,10.667283,179.963415
2343,87,87.000000,0.108791,0.092745,0.796905,0.721291,1.168682,1.656205,2.869138,0.000000,0.796905,1.000000,0.000000,0.000000,8.068780,inf,2430432,2430432,55872,,False,10.667807,10.667808,149.321839
2344,78,78.000000,0.117184,0.081855,0.625021,0.576724,1.142915,1.208176,1.526650,0.000000,0.625021,1.000000,0.000000,0.000000,6.384694,inf,2179008,2179008,55872,,False,10.668107,10.668107,160.205128
2345,98,98.000000,0.126568,0.093556,0.781939,0.687941,1.364600,1.623622,2.949956,0.000000,0.781939,1.000000,0.000000,0.000000,9.168457,inf,2737728,2737728,55872,,False,10.668921,10.668922,166.734694
2346,90,90.000000,0.103094,0.089268,0.724276,0.678112,1.127065,1.336723,2.773692,0.000000,0.724276,1.000000,0.000000,0.000000,8.034148,inf,2514240,2514240,55872,,False,10.670060,10.670060,155.633333
2347,92,92.000000,0.098952,0.082959,0.691403,0.631875,1.163004,1.309642,3.154155,0.000000,0.691403,1.000000,0.000000,0.000000,7.632242,inf,2570112,2570112,55872,,False,10.671138,10.671138,140.923913
2348,83,83.000000,0.131216,0.101997,0.813225,0.673951,1.483738,1.619281,3.486700,0.000000,0.813225,1.000000,0.000000,0.000000,8.465774,inf,2318688,2318688,55872,,False,10.670773,10.670773,173.192771
2349,108,108.000000,0.103299,0.068065,0.646591,0.623444,1.004745,1.302313,1.856929,0.000000,0.646591,1.000000,0.000000,0.000000,7.351066,inf,3017088,3017088,55872,,False,10.672052,10.672051,150.250000
2350,76,76.000000,0.102124,0.102834,0.748019,0.645634,1.331698,1.658606,2.660190,0.000000,0.748019,1.000000,0.000000,0.000000,7.815397,inf,2123136,2123136,55872,,False,10.673275,10.673275,142.960526
2351,89,89.000000,0.099691,0.082443,0.686962,0.609458,1.187389,1.361530,2.790803,0.000000,0.686962,1.000000,0.000000,0.000000,7.337416,inf,2486304,2486304,55872,,False,10.674751,10.674751,158.550562
2352,99,99.000000,0.115506,0.089369,0.748234,0.639985,1.345525,1.663894,3.032350,0.000000,0.748234,1.000000,0.000000,0.000000,8.847577,inf,2765664,2765664,55872,,False,10.675594,10.675594,163.747475
2353,92,92.000000,0.118372,0.123986,0.805135,0.627643,1.271628,1.750717,7.696722,0.000000,0.805135,1.000000,0.000000,0.000000,11.406725,inf,2570112,2570112,55872,,False,10.676201,10.676201,166.891304
2354,100,100.000000,0.110139,0.078659,0.707930,0.653461,1.202195,1.537823,2.112431,0.000000,0.707930,1.000000,0.000000,0.000000,7.865856,inf,2793600,2793600,55872,,False,10.677059,10.677059,162.630000
2355,94,94.000000,0.106710,0.088087,0.733338,0.645324,1.257221,1.375475,2.648046,0.000000,0.733338,1.000000,0.000000,0.000000,8.280190,inf,2625984,2625984,55872,,False,10.678258,10.678258,150.319149
2356,100,100.000000,0.114713,0.080709,0.712595,0.647530,1.194552,1.719777,2.205233,0.000000,0.712595,1.000000,0.000000,0.000000,8.070932,inf,2793600,2793600,55872,,False,10.678687,10.678688,161.700000
2357,75,75.000000,0.119043,0.090383,0.709107,0.643797,1.037799,1.418834,2.504559,0.000000,0.709107,1.000000,0.000000,0.000000,6.778758,inf,2095200,2095200,55872,,False,10.679667,10.679667,177.213333
2358,98,98.000000,0.103245,0.083550,0.763550,0.655768,1.363483,1.489952,2.761184,0.000000,0.763550,1.000000,0.000000,0.000000,8.187867,inf,2737728,2737728,55872,,False,10.680947,10.680947,157.979592
2359,96,96.000000,0.120814,0.098174,0.769134,0.664251,1.294853,1.640817,4.713160,0.000000,0.769134,1.000000,0.000000,0.000000,9.424705,inf,2681856,2681856,55872,,False,10.681572,10.681573,180.916667
2360,92,92.000000,0.100020,0.077530,0.684770,0.645894,1.059050,1.179894,1.753363,0.000000,0.684770,1.000000,0.000000,0.000000,7.132767,inf,2570112,2570112,55872,,False,10.683476,10.683476,155.032609
2361,99,99.000000,0.114672,0.090505,0.738486,0.650620,1.116063,1.329718,3.567867,0.000000,0.738486,1.000000,0.000000,0.000000,8.960032,inf,2765664,2765664,55872,,False,10.684127,10.684127,152.414141
2362,93,93.000000,0.122302,0.092369,0.755442,0.645879,1.323981,1.548583,3.044365,0.000000,0.755442,1.000000,0.000000,0.000000,8.590351,inf,2598048,2598048,55872,,False,10.684345,10.684345,162.978495
2363,86,86.000000,0.106424,0.086620,0.738475,0.662387,1.177569,1.579224,2.882284,0.000000,0.738475,1.000000,0.000000,0.000000,7.449351,inf,2402496,2402496,55872,,False,10.685038,10.685039,155.430233
2364,99,99.000000,0.124028,0.083936,0.744476,0.654687,1.453975,1.595046,2.707178,0.000000,0.744476,1.000000,0.000000,0.000000,8.309701,inf,2765664,2765664,55872,,False,10.685842,10.685842,184.111111
2365,90,90.000000,0.131724,0.082602,0.714505,0.661517,1.174665,1.315659,1.773459,0.000000,0.714505,1.000000,0.000000,0.000000,7.434150,inf,2514240,2514240,55872,,False,10.686451,10.686451,181.022222
2366,97,97.000000,0.104779,0.090558,0.774912,0.729593,1.260461,1.583208,1.901918,0.000000,0.774912,1.000000,0.000000,0.000000,8.784080,inf,2709792,2709792,55872,,False,10.687527,10.687527,148.371134
2367,76,76.000000,0.128704,0.094138,0.730868,0.663901,1.238586,1.632577,2.231179,0.000000,0.730868,1.000000,0.000000,0.000000,7.154486,inf,2123136,2123136,55872,,False,10.687690,10.687690,184.552632
2368,87,87.000000,0.120931,0.099056,0.774386,0.697184,1.273012,1.578514,2.643079,0.000000,0.774386,1.000000,0.000000,0.000000,8.617854,inf,2430432,2430432,55872,,False,10.687234,10.687234,159.597701
2369,98,98.000000,0.117198,0.083179,0.719314,0.619965,1.251763,1.562582,2.074601,0.000000,0.719314,1.000000,0.000000,0.000000,8.151498,inf,2737728,2737728,55872,,False,10.688199,10.688200,183.020408
2370,84,84.000000,0.112054,0.090052,0.744424,0.733676,1.231519,1.388885,1.689271,0.000000,0.744424,1.000000,0.000000,0.000000,7.564328,inf,2346624,2346624,55872,,False,10.688850,10.688850,163.559524
2371,82,82.000000,0.119538,0.096296,0.762362,0.716870,1.143686,1.372953,2.626318,0.000000,0.762362,1.000000,0.000000,0.000000,7.896257,inf,2290752,2290752,55872,,False,10.689062,10.689061,157.487805
2372,92,92.000000,0.122448,0.087057,0.715823,0.645688,1.242692,1.444393,2.758036,0.000000,0.715823,1.000000,0.000000,0.000000,8.009204,inf,2570112,2570112,55872,,False,10.689692,10.689692,164.130435
2373,108,108.000000,0.107281,0.076625,0.728531,0.646627,1.337048,1.493465,2.031508,0.000000,0.728531,1.000000,0.000000,0.000000,8.275530,inf,3017088,3017088,55872,,False,10.690601,10.690601,152.629630
2374,120,120.000000,0.126786,0.087247,0.800129,0.670650,1.334767,1.816922,2.603326,0.000000,0.800129,1.000000,0.000000,0.000000,10.469628,inf,3352320,3352320,55872,,False,10.690465,10.690465,174.616667
2375,93,93.000000,0.117365,0.086214,0.741569,0.648975,1.186688,1.474986,1.951844,0.000000,0.741569,1.000000,0.000000,0.000000,8.017948,inf,2598048,2598048,55872,,False,10.691317,10.691317,173.645161
2376,87,87.000000,0.121604,0.085532,0.745247,0.641981,1.276746,1.547052,2.198239,0.000000,0.745247,1.000000,0.000000,0.000000,7.441289,inf,2430432,2430432,55872,,False,10.692542,10.692541,184.436782
2377,105,105.000000,0.114442,0.084616,0.733925,0.646437,1.144230,1.382857,3.650651,0.000000,0.733925,1.000000,0.000000,0.000000,8.884702,inf,2933280,2933280,55872,,False,10.693020,10.693021,169.047619
2378,109,109.000000,0.113102,0.079466,0.721321,0.675893,1.217606,1.422656,2.502641,0.000000,0.721321,1.000000,0.000000,0.000000,8.661848,inf,3045024,3045024,55872,,False,10.693748,10.693748,156.000000
2379,94,94.000000,0.108335,0.089682,0.729527,0.698007,1.239217,1.679180,2.374316,0.000000,0.729527,1.000000,0.000000,0.000000,8.430138,inf,2625984,2625984,55872,,False,10.694139,10.694139,161.372340
2380,89,89.000000,0.120160,0.087277,0.728546,0.667577,1.164835,1.417232,2.513272,0.000000,0.728546,1.000000,0.000000,0.000000,7.767675,inf,2486304,2486304,55872,,False,10.695294,10.695294,157.415730
2381,109,109.000000,0.120645,0.075527,0.712339,0.621734,1.152386,1.438977,1.849476,0.000000,0.712339,1.000000,0.000000,0.000000,8.232406,inf,3045024,3045024,55872,,False,10.695850,10.695850,197.834862
2382,91,91.000000,0.100701,0.088477,0.761359,0.679644,1.365144,1.563321,2.168523,0.000000,0.761359,1.000000,0.000000,0.000000,8.051446,inf,2542176,2542176,55872,,False,10.696705,10.696705,142.835165
2383,95,95.000000,0.113428,0.093732,0.769363,0.649580,1.317334,1.679642,2.493886,0.000000,0.769363,1.000000,0.000000,0.000000,8.904525,inf,2653920,2653920,55872,,False,10.697173,10.697174,157.852632
2384,96,96.000000,0.121369,0.079241,0.707199,0.642323,1.142158,1.419420,2.269903,0.000000,0.707199,1.000000,0.000000,0.000000,7.607169,inf,2681856,2681856,55872,,False,10.697986,10.697986,188.395833
2385,87,87.000000,0.115247,0.091527,0.760293,0.683023,1.265070,1.653524,2.428791,0.000000,0.760293,1.000000,0.000000,0.000000,7.962843,inf,2430432,2430432,55872,,False,10.698728,10.698728,157.517241
2386,89,89.000000,0.100533,0.080102,0.687616,0.662783,1.119312,1.302904,2.647934,0.000000,0.687616,1.000000,0.000000,0.000000,7.129048,inf,2486304,2486304,55872,,False,10.699929,10.699929,146.471910
2387,83,83.000000,0.111193,0.093417,0.721169,0.596253,1.071363,1.747632,2.777377,0.000000,0.721169,1.000000,0.000000,0.000000,7.753645,inf,2318688,2318688,55872,,False,10.700863,10.700863,167.626506
2388,99,99.000000,0.118226,0.086050,0.747824,0.756983,1.251633,1.607221,2.110492,0.000000,0.747824,1.000000,0.000000,0.000000,8.518962,inf,2765664,2765664,55872,,False,10.700902,10.700902,148.090909
2389,102,102.000000,0.106067,0.081007,0.737037,0.688268,1.209940,1.440446,1.816849,0.000000,0.737037,1.000000,0.000000,0.000000,8.262719,inf,2849472,2849472,55872,,False,10.701532,10.701532,144.862745
2390,92,92.000000,0.109958,0.090535,0.740610,0.641205,1.288641,1.531206,2.303319,0.000000,0.740610,1.000000,0.000000,0.000000,8.329208,inf,2570112,2570112,55872,,False,10.702531,10.702531,171.815217
2391,92,92.000000,0.100606,0.091517,0.734389,0.637862,1.316428,1.452439,3.399798,0.000000,0.734389,1.000000,0.000000,0.000000,8.419530,inf,2570112,2570112,55872,,False,10.703276,10.703276,144.065217
2392,87,87.000000,0.107004,0.087489,0.715900,0.670650,1.087471,1.348446,1.800965,0.000000,0.715900,1.000000,0.000000,0.000000,7.611505,inf,2430432,2430432,55872,,False,10.704379,10.704378,156.114943
2393,101,101.000000,0.109266,0.075513,0.678971,0.650283,1.154270,1.302842,1.749379,0.000000,0.678971,1.000000,0.000000,0.000000,7.626851,inf,2821536,2821536,55872,,False,10.705312,10.705312,163.227723
2394,99,99.000000,0.111211,0.081874,0.666629,0.601854,1.157882,1.329759,3.176247,0.000000,0.666629,1.000000,0.000000,0.000000,8.105494,inf,2765664,2765664,55872,,False,10.706847,10.706847,175.121212
2395,77,77.000000,0.099694,0.082428,0.625919,0.577468,1.131851,1.292632,1.661572,0.000000,0.625919,1.000000,0.000000,0.000000,6.346953,inf,2151072,2151072,55872,,False,10.708531,10.708531,170.311688
2396,96,96.000000,0.103329,0.100869,0.775088,0.646424,1.406185,1.665103,3.445618,0.000000,0.775088,1.000000,0.000000,0.000000,9.683429,inf,2681856,2681856,55872,,False,10.709258,10.709258,146.791667
2397,95,95.000000,0.108636,0.086168,0.713718,0.665969,1.131127,1.297744,2.545907,0.000000,0.713718,1.000000,0.000000,0.000000,8.185986,inf,2653920,2653920,55872,,False,10.710733,10.710733,162.726316
2398,88,88.000000,0.126958,0.086899,0.716354,0.636444,1.221395,1.340646,3.044857,0.000000,0.716354,1.000000,0.000000,0.000000,7.647090,inf,2458368,2458368,55872,,False,10.711648,10.711648,191.840909
2399,97,97.000000,0.118997,0.136369,0.817856,0.676587,1.186637,1.381742,10.746793,0.000000,0.817856,1.000000,0.000000,0.000000,13.227840,inf,2709792,2709792,55872,,False,10.712406,10.712407,153.402062
2400,80,80.000000,0.098931,0.088129,0.697510,0.632024,1.197961,1.456797,2.101159,0.000000,0.697510,1.000000,0.000000,0.000000,7.050332,inf,2234880,2234880,55872,,False,10.713748,10.713748,162.900000
2401,92,92.000000,0.113374,0.077063,0.671063,0.653959,0.934117,1.057019,2.498949,0.000000,0.671063,1.000000,0.000000,0.000000,7.089793,inf,2570112,2570112,55872,,False,10.715356,10.715357,181.423913
2402,100,100.000000,0.112700,0.095153,0.797496,0.672361,1.427697,1.638981,3.786945,0.000000,0.797496,1.000000,0.000000,0.000000,9.515286,inf,2793600,2793600,55872,,False,10.715755,10.715755,166.920000
2403,93,93.000000,0.098082,0.086917,0.713860,0.638849,1.305689,1.589802,2.741470,0.000000,0.713860,1.000000,0.000000,0.000000,8.083257,inf,2598048,2598048,55872,,False,10.717101,10.717101,154.301075
2404,81,81.000000,0.105700,0.090643,0.712000,0.665405,1.107659,1.328689,3.076549,0.000000,0.712000,1.000000,0.000000,0.000000,7.342103,inf,2262816,2262816,55872,,False,10.718058,10.718058,150.209877
2405,92,92.000000,0.103802,0.096783,0.765512,0.681888,1.383775,1.981713,2.643358,0.000000,0.765512,1.000000,0.000000,0.000000,8.904054,inf,2570112,2570112,55872,,False,10.718815,10.718815,143.108696
2406,105,105.000000,0.112338,0.077291,0.728259,0.670304,1.190959,1.355946,3.197350,0.000000,0.728259,1.000000,0.000000,0.000000,8.115558,inf,2933280,2933280,55872,,False,10.719090,10.719090,175.104762
2407,118,118.000000,0.105284,0.079112,0.717470,0.639318,1.227266,1.536578,3.650608,0.000000,0.717470,1.000000,0.000000,0.000000,9.335252,inf,3296448,3296448,55872,,False,10.719563,10.719563,143.593220
2408,94,94.000000,0.111985,0.082137,0.677169,0.605303,1.037794,1.482059,2.278707,0.000000,0.677169,1.000000,0.000000,0.000000,7.720922,inf,2625984,2625984,55872,,False,10.720455,10.720455,177.202128
2409,103,103.000000,0.105016,0.079382,0.680433,0.622609,1.163596,1.520628,2.975617,0.000000,0.680433,1.000000,0.000000,0.000000,8.176341,inf,2877408,2877408,55872,,False,10.721661,10.721661,173.262136
2410,94,94.000000,0.106693,0.076719,0.647597,0.602540,1.051699,1.289564,1.814666,0.000000,0.647597,1.000000,0.000000,0.000000,7.211540,inf,2625984,2625984,55872,,False,10.722597,10.722596,181.851064
2411,90,90.000000,0.111065,0.085227,0.713544,0.674251,1.115740,1.287030,2.461919,0.000000,0.713544,1.000000,0.000000,0.000000,7.670450,inf,2514240,2514240,55872,,False,10.723610,10.723610,162.344444
2412,80,80.000000,0.096071,0.086081,0.694825,0.662876,1.022006,1.369697,1.663031,0.000000,0.694825,1.000000,0.000000,0.000000,6.886495,inf,2234880,2234880,55872,,False,10.725253,10.725253,137.825000
2413,96,96.000000,0.128209,0.093504,0.760189,0.648729,1.228822,1.751706,3.314988,0.000000,0.760189,1.000000,0.000000,0.000000,8.976350,inf,2681856,2681856,55872,,False,10.724967,10.724967,180.729167
2414,94,94.000000,0.111414,0.095282,0.815179,0.699981,1.425005,1.643592,3.485709,0.000000,0.815179,1.000000,0.000000,0.000000,8.956466,inf,2625984,2625984,55872,,False,10.725608,10.725608,152.978723
2415,98,98.000000,0.122264,0.076615,0.646570,0.582728,1.050749,1.386770,1.834074,0.000000,0.646570,1.000000,0.000000,0.000000,7.508273,inf,2737728,2737728,55872,,False,10.726399,10.726399,189.540816
2416,88,88.000000,0.113262,0.078239,0.668728,0.636063,1.049353,1.188796,1.810026,0.000000,0.668728,1.000000,0.000000,0.000000,6.885046,inf,2458368,2458368,55872,,False,10.727444,10.727444,175.102273
2417,93,93.000000,0.115148,0.088511,0.736427,0.666375,1.152079,1.470451,3.507741,0.000000,0.736427,1.000000,0.000000,0.000000,8.231547,inf,2598048,2598048,55872,,False,10.728499,10.728499,158.666667
2418,88,88.000000,0.117437,0.092764,0.726796,0.651399,1.203088,1.453038,2.926325,0.000000,0.726796,1.000000,0.000000,0.000000,8.163230,inf,2458368,2458368,55872,,False,10.729139,10.729139,177.125000
2419,85,85.000000,0.117947,0.091988,0.726210,0.664628,1.223749,1.566622,2.598921,0.000000,0.726210,1.000000,0.000000,0.000000,7.819013,inf,2374560,2374560,55872,,False,10.729851,10.729851,190.494118
2420,74,74.000000,0.107733,0.102430,0.773843,0.719416,1.282390,1.583540,2.319420,0.000000,0.773843,1.000000,0.000000,0.000000,7.579814,inf,2067264,2067264,55872,,False,10.730835,10.730835,157.959459
2421,96,96.000000,0.118412,0.081045,0.700663,0.641118,1.198927,1.464888,2.602783,0.000000,0.700663,1.000000,0.000000,0.000000,7.780313,inf,2681856,2681856,55872,,False,10.731422,10.731422,166.510417
2422,86,86.000000,0.103463,0.094906,0.747645,0.669367,1.308442,1.609172,2.023655,0.000000,0.747645,1.000000,0.000000,0.000000,8.161899,inf,2402496,2402496,55872,,False,10.732286,10.732285,142.220930
2423,96,96.000000,0.100159,0.078737,0.696611,0.661877,1.192356,1.370202,2.041272,0.000000,0.696611,1.000000,0.000000,0.000000,7.558783,inf,2681856,2681856,55872,,False,10.733150,10.733150,156.145833
2424,79,79.000000,0.115215,0.100865,0.757704,0.670536,1.136787,1.456754,3.192567,0.000000,0.757704,1.000000,0.000000,0.000000,7.968345,inf,2206944,2206944,55872,,False,10.734118,10.734118,165.949367
2425,87,87.000000,0.106448,0.094748,0.715277,0.667150,1.085767,1.248146,4.218505,0.000000,0.715277,1.000000,0.000000,0.000000,8.243083,inf,2430432,2430432,55872,,False,10.735711,10.735711,146.919540
2426,99,99.000000,0.110899,0.091183,0.782304,0.707952,1.327641,1.487078,4.454776,0.000000,0.782304,1.000000,0.000000,0.000000,9.027156,inf,2765664,2765664,55872,,False,10.736366,10.736367,151.101010
2427,88,88.000000,0.109109,0.094120,0.726318,0.674890,1.143698,1.515840,3.163887,0.000000,0.726318,1.000000,0.000000,0.000000,8.282582,inf,2458368,2458368,55872,,False,10.737441,10.737441,160.625000
2428,99,99.000000,0.106271,0.073505,0.668020,0.651133,1.065927,1.165285,2.115264,0.000000,0.668020,1.000000,0.000000,0.000000,7.276971,inf,2765664,2765664,55872,,False,10.738705,10.738705,163.393939
2429,94,94.000000,0.111609,0.086295,0.767687,0.714731,1.219399,1.329004,1.678684,0.000000,0.767687,1.000000,0.000000,0.000000,8.111689,inf,2625984,2625984,55872,,False,10.739749,10.739749,150.244681
2430,88,88.000000,0.125171,0.098767,0.782612,0.703362,1.420387,1.707742,2.269930,0.000000,0.782612,1.000000,0.000000,0.000000,8.691502,inf,2458368,2458368,55872,,False,10.739706,10.739706,164.931818
2431,87,87.000000,0.104369,0.089928,0.705843,0.622769,1.308989,1.596934,2.745004,0.000000,0.705843,1.000000,0.000000,0.000000,7.823756,inf,2430432,2430432,55872,,False,10.740729,10.740729,151.344828
2432,96,96.000000,0.104451,0.084189,0.694505,0.607572,1.247856,1.518920,2.413224,0.000000,0.694505,1.000000,0.000000,0.000000,8.082165,inf,2681856,2681856,55872,,False,10.741548,10.741548,163.281250
2433,80,80.000000,0.095034,0.090606,0.696943,0.687410,1.112730,1.367527,2.391783,0.000000,0.696943,1.000000,0.000000,0.000000,7.248486,inf,2234880,2234880,55872,,False,10.743029,10.743029,124.437500
2434,94,94.000000,0.101535,0.149444,0.798082,0.618207,1.162059,1.440639,11.528442,0.000000,0.798082,1.000000,0.000000,0.000000,14.047727,inf,2625984,2625984,55872,,False,10.743377,10.743377,138.574468
2435,89,89.000000,0.116895,0.082050,0.691401,0.626105,1.082357,1.247435,1.706906,0.000000,0.691401,1.000000,0.000000,0.000000,7.302484,inf,2486304,2486304,55872,,False,10.744128,10.744128,192.831461
2436,79,79.000000,0.117929,0.098613,0.734667,0.635787,1.155984,1.614800,3.528506,0.000000,0.734667,1.000000,0.000000,0.000000,7.790391,inf,2206944,2206944,55872,,False,10.744535,10.744535,178.202532
2437,87,87.000000,0.109414,0.095732,0.759758,0.693913,1.348888,1.776456,2.121650,0.000000,0.759758,1.000000,0.000000,0.000000,8.328700,inf,2430432,2430432,55872,,False,10.745488,10.745488,159.758621
2438,81,81.000000,0.101474,0.091035,0.690111,0.621083,1.159713,1.334447,2.326501,0.000000,0.690111,1.000000,0.000000,0.000000,7.373817,inf,2262816,2262816,55872,,False,10.745914,10.745914,160.987654
2439,84,84.000000,0.103298,0.089402,0.694457,0.624248,1.251940,1.467522,2.388464,0.000000,0.694457,1.000000,0.000000,0.000000,7.509745,inf,2346624,2346624,55872,,False,10.746680,10.746679,139.857143
2440,97,97.000000,0.109787,0.078465,0.662007,0.603683,1.159109,1.418395,2.134697,0.000000,0.662007,1.000000,0.000000,0.000000,7.611107,inf,2709792,2709792,55872,,False,10.747837,10.747836,153.938144
2441,100,100.000000,0.111183,0.090269,0.729661,0.667370,1.239835,1.469293,4.279758,0.000000,0.729661,1.000000,0.000000,0.000000,9.026929,inf,2793600,2793600,55872,,False,10.748873,10.748874,186.890000
2442,90,90.000000,0.110593,0.088899,0.725686,0.654100,1.250508,1.491266,1.993284,0.000000,0.725686,1.000000,0.000000,0.000000,8.000873,inf,2514240,2514240,55872,,False,10.749604,10.749604,168.466667
2443,96,96.000000,0.107728,0.093283,0.785911,0.663673,1.317636,1.687085,4.561996,0.000000,0.785911,1.000000,0.000000,0.000000,8.955147,inf,2681856,2681856,55872,,False,10.750086,10.750086,150.156250
2444,82,82.000000,0.117439,0.102856,0.767460,0.657538,1.237769,1.506773,4.028085,0.000000,0.767460,1.000000,0.000000,0.000000,8.434229,inf,2290752,2290752,55872,,False,10.750987,10.750987,166.890244
2445,90,90.000000,0.118060,0.096888,0.798060,0.719794,1.244465,1.419376,3.039920,0.000000,0.798060,1.000000,0.000000,0.000000,8.719892,inf,2514240,2514240,55872,,False,10.751539,10.751539,173.422222
2446,89,89.000000,0.110991,0.090198,0.729577,0.618492,1.204701,1.617782,2.815233,0.000000,0.729577,1.000000,0.000000,0.000000,8.027623,inf,2486304,2486304,55872,,False,10.752662,10.752662,161.494382
2447,98,98.000000,0.104808,0.087229,0.704733,0.629468,1.163084,1.382792,3.629608,0.000000,0.704733,1.000000,0.000000,0.000000,8.548443,inf,2737728,2737728,55872,,False,10.753904,10.753904,158.724490
2448,84,84.000000,0.104945,0.098140,0.760146,0.712250,1.104428,1.316878,3.873678,0.000000,0.760146,1.000000,0.000000,0.000000,8.243801,inf,2346624,2346624,55872,,False,10.754911,10.754911,151.047619
2449,89,89.000000,0.094306,0.083378,0.683420,0.656965,1.088716,1.210103,2.109043,0.000000,0.683420,1.000000,0.000000,0.000000,7.420613,inf,2486304,2486304,55872,,False,10.756203,10.756203,144.775281
2450,95,95.000000,0.109313,0.094865,0.772968,0.719065,1.206133,1.402779,3.309960,0.000000,0.772968,1.000000,0.000000,0.000000,9.012155,inf,2653920,2653920,55872,,False,10.757233,10.757233,145.621053
2451,97,97.000000,0.126679,0.095951,0.791462,0.632299,1.299779,1.795520,4.115472,0.000000,0.791462,1.000000,0.000000,0.000000,9.307228,inf,2709792,2709792,55872,,False,10.757530,10.757530,168.752577
2452,99,99.000000,0.125840,0.097718,0.843701,0.708547,1.413751,1.659564,3.445002,0.000000,0.843701,1.000000,0.000000,0.000000,9.674118,inf,2765664,2765664,55872,,False,10.757777,10.757778,161.313131
2453,109,109.000000,0.111442,0.080756,0.758314,0.701492,1.363801,1.603841,1.887534,0.000000,0.758314,1.000000,0.000000,0.000000,8.802434,inf,3045024,3045024,55872,,False,10.758414,10.758414,164.449541
2454,85,85.000000,0.097995,0.082121,0.687554,0.676288,1.125939,1.393421,1.870216,0.000000,0.687554,1.000000,0.000000,0.000000,6.980261,inf,2374560,2374560,55872,,False,10.759235,10.759235,163.835294
2455,91,91.000000,0.117748,0.089413,0.756345,0.708790,1.346935,1.479822,2.188374,0.000000,0.756345,1.000000,0.000000,0.000000,8.136619,inf,2542176,2542176,55872,,False,10.760503,10.760503,154.439560
2456,75,75.000000,0.108679,0.097735,0.673568,0.583987,1.019185,1.300803,3.124568,0.000000,0.673568,1.000000,0.000000,0.000000,7.330127,inf,2095200,2095200,55872,,False,10.761077,10.761077,167.146667
2457,88,88.000000,0.106684,0.097379,0.770058,0.690442,1.192828,1.381067,2.702281,0.000000,0.770058,1.000000,0.000000,0.000000,8.569395,inf,2458368,2458368,55872,,False,10.761619,10.761619,145.704545
2458,91,91.000000,0.108913,0.087307,0.710907,0.701004,1.107820,1.320122,2.403474,0.000000,0.710907,1.000000,0.000000,0.000000,7.944938,inf,2542176,2542176,55872,,False,10.762528,10.762528,148.824176
2459,98,98.000000,0.129816,0.092991,0.797653,0.641616,1.396110,1.588540,3.602410,0.000000,0.797653,1.000000,0.000000,0.000000,9.113162,inf,2737728,2737728,55872,,False,10.762496,10.762496,181.500000
2460,98,98.000000,0.108818,0.085637,0.735234,0.652680,1.279766,1.452230,1.888750,0.000000,0.735234,1.000000,0.000000,0.000000,8.392411,inf,2737728,2737728,55872,,False,10.763310,10.763309,164.581633
2461,88,88.000000,0.122846,0.086017,0.685730,0.613447,1.169409,1.366421,2.053424,0.000000,0.685730,1.000000,0.000000,0.000000,7.569453,inf,2458368,2458368,55872,,False,10.763902,10.763902,179.931818
2462,103,103.000000,0.118974,0.083809,0.742491,0.610685,1.178928,1.733277,2.468955,0.000000,0.742491,1.000000,0.000000,0.000000,8.632349,inf,2877408,2877408,55872,,False,10.764359,10.764359,182.582524
2463,102,102.000000,0.110094,0.093037,0.810096,0.721877,1.300059,1.777331,3.816215,0.000000,0.810096,1.000000,0.000000,0.000000,9.489747,inf,2849472,2849472,55872,,False,10.764444,10.764444,145.431373
2464,92,92.000000,0.097507,0.076513,0.619971,0.584883,1.133596,1.383512,1.899540,0.000000,0.619971,1.000000,0.000000,0.000000,7.039152,inf,2570112,2570112,55872,,False,10.765606,10.765607,163.173913
2465,108,108.000000,0.120681,0.078133,0.735328,0.670802,1.179687,1.584341,2.172787,0.000000,0.735328,1.000000,0.000000,0.000000,8.438338,inf,3017088,3017088,55872,,False,10.766044,10.766044,171.212963
2466,86,86.000000,0.106260,0.078908,0.662716,0.634349,0.959337,1.202078,1.846567,0.000000,0.662716,1.000000,0.000000,0.000000,6.786131,inf,2402496,2402496,55872,,False,10.767449,10.767449,170.046512
2467,89,89.000000,0.110835,0.080895,0.656660,0.624052,1.140504,1.270953,1.588762,0.000000,0.656660,1.000000,0.000000,0.000000,7.199615,inf,2486304,2486304,55872,,False,10.768265,10.768266,161.370787
2468,106,106.000000,0.125298,0.075378,0.706077,0.624921,1.192806,1.491053,1.958862,0.000000,0.706077,1.000000,0.000000,0.000000,7.990024,inf,2961216,2961216,55872,,False,10.769464,10.769464,192.433962
2469,110,110.000000,0.106904,0.091525,0.811266,0.703780,1.530326,1.712297,3.391263,0.000000,0.811266,1.000000,0.000000,0.000000,10.067747,inf,3072960,3072960,55872,,False,10.770503,10.770504,139.100000
2470,111,111.000000,0.112248,0.080418,0.727848,0.663118,1.292028,1.539779,2.078628,0.000000,0.727848,1.000000,0.000000,0.000000,8.926445,inf,3100896,3100896,55872,,False,10.771176,10.771176,159.531532
2471,79,79.000000,0.115985,0.101632,0.784613,0.731958,1.183065,1.350166,3.170471,0.000000,0.784613,1.000000,0.000000,0.000000,8.028942,inf,2206944,2206944,55872,,False,10.771878,10.771878,145.303797
2472,90,90.000000,0.101341,0.071012,0.615151,0.612856,0.976829,1.049407,1.700963,0.000000,0.615151,1.000000,0.000000,0.000000,6.391065,inf,2514240,2514240,55872,,False,10.772628,10.772628,163.900000
2473,118,118.000000,0.108629,0.066333,0.679182,0.666046,1.074288,1.262979,1.743795,0.000000,0.679182,1.000000,0.000000,0.000000,7.827328,inf,3296448,3296448,55872,,False,10.773672,10.773672,160.406780
2474,98,98.000000,0.112609,0.092644,0.772230,0.697915,1.302561,1.514847,2.905086,0.000000,0.772230,1.000000,0.000000,0.000000,9.079085,inf,2737728,2737728,55872,,False,10.774371,10.774371,156.887755
2475,102,102.000000,0.110734,0.075108,0.686070,0.631657,1.132719,1.313185,2.155364,0.000000,0.686070,1.000000,0.000000,0.000000,7.661055,inf,2849472,2849472,55872,,False,10.774594,10.774594,189.284314
2476,97,97.000000,0.114163,0.117407,0.828940,0.642734,1.384753,1.634541,7.678330,0.000000,0.828940,1.000000,0.000000,0.000000,11.388496,inf,2709792,2709792,55872,,False,10.774685,10.774686,153.360825
2477,79,79.000000,0.112648,0.109845,0.801933,0.720166,1.484255,1.750510,3.127102,0.000000,0.801933,1.000000,0.000000,0.000000,8.677732,inf,2206944,2206944,55872,,False,10.775180,10.775180,157.860759
2478,108,108.000000,0.111963,0.097874,0.782125,0.679760,1.196763,1.529527,5.540046,0.000000,0.782125,1.000000,0.000000,0.000000,10.570353,inf,3017088,3017088,55872,,False,10.775620,10.775620,154.981481
2479,90,90.000000,0.113780,0.090906,0.738755,0.636868,1.357179,1.503539,2.130271,0.000000,0.738755,1.000000,0.000000,0.000000,8.181525,inf,2514240,2514240,55872,,False,10.776937,10.776937,162.522222
2480,89,89.000000,0.116118,0.084257,0.681892,0.612293,1.152258,1.351786,2.190407,0.000000,0.681892,1.000000,0.000000,0.000000,7.498855,inf,2486304,2486304,55872,,False,10.777295,10.777296,175.280899
2481,82,82.000000,0.117211,0.095715,0.759017,0.649084,1.359067,1.713721,2.751245,0.000000,0.759017,1.000000,0.000000,0.000000,7.848610,inf,2290752,2290752,55872,,False,10.777570,10.777569,152.170732
2482,90,90.000000,0.102685,0.083444,0.669365,0.606276,1.082442,1.355716,1.879511,0.000000,0.669365,1.000000,0.000000,0.000000,7.509992,inf,2514240,2514240,55872,,False,10.778520,10.778520,162.955556
2483,83,83.000000,0.119369,0.094706,0.763788,0.682376,1.289373,1.421279,2.704100,0.000000,0.763788,1.000000,0.000000,0.000000,7.860599,inf,2318688,2318688,55872,,False,10.779014,10.779014,179.759036
2484,112,112.000000,0.111769,0.086617,0.781483,0.672152,1.098359,1.594732,2.664266,0.000000,0.781483,1.000000,0.000000,0.000000,9.701155,inf,3128832,3128832,55872,,False,10.779551,10.779551,150.848214
2485,108,108.000000,0.104371,0.081642,0.708620,0.647383,1.095250,1.312758,2.415439,0.000000,0.708620,1.000000,0.000000,0.000000,8.817376,inf,3017088,3017088,55872,,False,10.780353,10.780353,153.787037
2486,98,98.000000,0.128642,0.093288,0.776382,0.670810,1.296331,1.854862,3.311453,0.000000,0.776382,1.000000,0.000000,0.000000,9.142242,inf,2737728,2737728,55872,,False,10.780219,10.780219,178.765306
2487,92,92.000000,0.110420,0.092106,0.751603,0.697553,1.326503,1.535380,2.850097,0.000000,0.751603,1.000000,0.000000,0.000000,8.473742,inf,2570112,2570112,55872,,False,10.780900,10.780900,158.369565
2488,102,102.000000,0.122599,0.085959,0.736253,0.641719,1.318028,1.469382,2.638862,0.000000,0.736253,1.000000,0.000000,0.000000,8.767805,inf,2849472,2849472,55872,,False,10.781326,10.781326,169.970588
2489,101,101.000000,0.109146,0.084809,0.721756,0.632376,1.274881,1.483172,2.649441,0.000000,0.721756,1.000000,0.000000,0.000000,8.565736,inf,2821536,2821536,55872,,False,10.782070,10.782070,159.227723
2490,95,95.000000,0.101926,0.078612,0.703175,0.678524,1.182277,1.285257,1.586615,0.000000,0.703175,1.000000,0.000000,0.000000,7.468129,inf,2653920,2653920,55872,,False,10.783024,10.783024,157.157895
2491,97,97.000000,0.126593,0.085552,0.755169,0.653244,1.176884,1.622108,2.553965,0.000000,0.755169,1.000000,0.000000,0.000000,8.298561,inf,2709792,2709792,55872,,False,10.783283,10.783283,184.969072
2492,97,97.000000,0.104808,0.086438,0.758613,0.676220,1.290097,1.439361,1.961807,0.000000,0.758613,1.000000,0.000000,0.000000,8.384472,inf,2709792,2709792,55872,,False,10.784003,10.784003,137.309278
2493,95,95.000000,0.118973,0.082204,0.723855,0.663006,1.116987,1.201539,2.487154,0.000000,0.723855,1.000000,0.000000,0.000000,7.809352,inf,2653920,2653920,55872,,False,10.784898,10.784898,190.757895
2494,103,103.000000,0.115272,0.083234,0.733545,0.707441,1.205658,1.562974,2.041445,0.000000,0.733545,1.000000,0.000000,0.000000,8.573100,inf,2877408,2877408,55872,,False,10.785383,10.785383,164.728155
2495,91,91.000000,0.110977,0.083308,0.717636,0.673057,1.206035,1.259421,1.798692,0.000000,0.717636,1.000000,0.000000,0.000000,7.580998,inf,2542176,2542176,55872,,False,10.785879,10.785880,165.076923
2496,105,105.000000,0.111196,0.089075,0.747065,0.716450,1.230434,1.462829,2.817874,0.000000,0.747065,1.000000,0.000000,0.000000,9.352829,inf,2933280,2933280,55872,,False,10.786881,10.786881,162.600000
2497,101,101.000000,0.120846,0.079114,0.699452,0.621637,1.047477,1.239482,2.268559,0.000000,0.699452,1.000000,0.000000,0.000000,7.990560,inf,2821536,2821536,55872,,False,10.787658,10.787658,179.386139
2498,85,85.000000,0.105548,0.079379,0.669532,0.651243,1.039160,1.106051,1.634038,0.000000,0.669532,1.000000,0.000000,0.000000,6.747245,inf,2374560,2374560,55872,,False,10.788764,10.788764,161.988235
2499,101,101.000000,0.101260,0.084658,0.712292,0.659056,1.202921,1.510425,3.069398,0.000000,0.712292,1.000000,0.000000,0.000000,8.550445,inf,2821536,2821536,55872,,False,10.789592,10.789592,145.128713
2500,77,77.000000,0.114636,0.092457,0.732799,0.685919,1.252474,1.527211,2.148886,0.000000,0.732799,1.000000,0.000000,0.000000,7.119155,inf,2151072,2151072,55872,,False,10.789970,10.789970,173.961039
2501,97,97.000000,0.097538,0.089857,0.721233,0.638478,1.336705,1.584923,3.186447,0.000000,0.721233,1.000000,0.000000,0.000000,8.716100,inf,2709792,2709792,55872,,False,10.790689,10.790689,129.639175
2502,89,89.000000,0.121209,0.087644,0.708182,0.654149,1.126647,1.338560,3.196375,0.000000,0.708182,1.000000,0.000000,0.000000,7.800344,inf,2486304,2486304,55872,,False,10.790562,10.790562,186.449438
2503,112,112.000000,0.113281,0.079736,0.717334,0.619600,1.353658,1.500218,2.670071,0.000000,0.717334,1.000000,0.000000,0.000000,8.930451,inf,3128832,3128832,55872,,False,10.791157,10.791157,185.241071
2504,85,85.000000,0.105543,0.098031,0.771182,0.657470,1.404064,1.670895,3.622403,0.000000,0.771182,1.000000,0.000000,0.000000,8.332626,inf,2374560,2374560,55872,,False,10.791759,10.791759,152.235294
2505,83,83.000000,0.129743,0.100567,0.781103,0.677850,1.428872,1.740153,2.243919,0.000000,0.781103,1.000000,0.000000,0.000000,8.347094,inf,2318688,2318688,55872,,False,10.791612,10.791612,191.771084
2506,98,98.000000,0.109839,0.089337,0.770334,0.684250,1.204168,1.666911,2.965631,0.000000,0.770334,1.000000,0.000000,0.000000,8.755051,inf,2737728,2737728,55872,,False,10.792328,10.792327,148.510204
2507,91,91.000000,0.114329,0.095124,0.756600,0.686858,1.282482,1.591685,3.462117,0.000000,0.756600,1.000000,0.000000,0.000000,8.656289,inf,2542176,2542176,55872,,False,10.792830,10.792830,156.912088
2508,98,98.000000,0.112017,0.084491,0.704544,0.633883,1.250502,1.418446,1.790590,0.000000,0.704544,1.000000,0.000000,0.000000,8.280089,inf,2737728,2737728,55872,,False,10.793722,10.793721,178.275510
2509,96,96.000000,0.106157,0.078340,0.687816,0.662530,1.140596,1.332200,1.581202,0.000000,0.687816,1.000000,0.000000,0.000000,7.520650,inf,2681856,2681856,55872,,False,10.794543,10.794543,158.958333
2510,101,101.000000,0.103957,0.080050,0.698170,0.660191,1.180879,1.238556,2.448224,0.000000,0.698170,1.000000,0.000000,0.000000,8.085095,inf,2821536,2821536,55872,,False,10.795513,10.795513,151.851485
2511,94,94.000000,0.102376,0.088207,0.721761,0.617767,1.344006,1.628140,2.548516,0.000000,0.721761,1.000000,0.000000,0.000000,8.291432,inf,2625984,2625984,55872,,False,10.795848,10.795848,147.223404
2512,93,93.000000,0.114299,0.088653,0.750225,0.636696,1.343042,1.502994,2.395579,0.000000,0.750225,1.000000,0.000000,0.000000,8.244764,inf,2598048,2598048,55872,,False,10.796222,10.796222,159.913978
2513,101,101.000000,0.117596,0.094387,0.821043,0.739610,1.572785,1.716282,2.560590,0.000000,0.821043,1.000000,0.000000,0.000000,9.533051,inf,2821536,2821536,55872,,False,10.795979,10.795979,144.673267
2514,89,89.000000,0.111757,0.094479,0.771789,0.665170,1.363689,1.701103,3.479920,0.000000,0.771789,1.000000,0.000000,0.000000,8.408592,inf,2486304,2486304,55872,,False,10.797030,10.797030,157.898876
2515,100,100.000000,0.132623,0.092725,0.785139,0.720597,1.232502,1.669786,3.699291,0.000000,0.785139,1.000000,0.000000,0.000000,9.272470,inf,2793600,2793600,55872,,False,10.797266,10.797266,195.480000
2516,92,92.000000,0.104570,0.088203,0.704267,0.650457,1.070461,1.276711,2.675480,0.000000,0.704267,1.000000,0.000000,0.000000,8.114697,inf,2570112,2570112,55872,,False,10.798309,10.798310,154.543478
2517,93,93.000000,0.096885,0.077865,0.670905,0.613379,1.107103,1.382986,2.043386,0.000000,0.670905,1.000000,0.000000,0.000000,7.241440,inf,2598048,2598048,55872,,False,10.799594,10.799594,168.182796
2518,84,84.000000,0.115005,0.094225,0.769392,0.722438,1.191860,1.459716,2.132514,0.000000,0.769392,1.000000,0.000000,0.000000,7.914887,inf,2346624,2346624,55872,,False,10.800380,10.800380,147.916667
2519,109,109.000000,0.089913,0.067081,0.636015,0.639647,0.980652,1.154793,1.894828,0.000000,0.636015,1.000000,0.000000,0.000000,7.311790,inf,3045024,3045024,55872,,False,10.801591,10.801591,135.229358
2520,99,99.000000,0.105377,0.084728,0.721359,0.608011,1.226548,1.433709,2.498754,0.000000,0.721359,1.000000,0.000000,0.000000,8.388067,inf,2765664,2765664,55872,,False,10.802281,10.802281,158.535354
2521,96,96.000000,0.110087,0.094038,0.752344,0.644657,1.312423,1.519022,3.169975,0.000000,0.752344,1.000000,0.000000,0.000000,9.027654,inf,2681856,2681856,55872,,False,10.802709,10.802709,152.552083
2522,96,96.000000,0.116256,0.088097,0.746982,0.695398,1.281369,1.449446,2.609715,0.000000,0.746982,1.000000,0.000000,0.000000,8.457322,inf,2681856,2681856,55872,,False,10.803074,10.803074,161.760417
2523,85,85.000000,0.110473,0.086438,0.696340,0.658835,1.100872,1.278263,1.712256,0.000000,0.696340,1.000000,0.000000,0.000000,7.347198,inf,2374560,2374560,55872,,False,10.803668,10.803668,183.505882
2524,91,91.000000,0.105667,0.080221,0.664741,0.624227,1.200921,1.223657,1.645106,0.000000,0.664741,1.000000,0.000000,0.000000,7.300130,inf,2542176,2542176,55872,,False,10.804761,10.804762,179.956044
2525,102,102.000000,0.122166,0.092424,0.761041,0.688112,1.240332,1.333612,4.358845,0.000000,0.761041,1.000000,0.000000,0.000000,9.427270,inf,2849472,2849472,55872,,False,10.805714,10.805715,200.823529
2526,106,106.000000,0.099333,0.084419,0.705509,0.623596,1.207306,1.428002,2.841910,0.000000,0.705509,1.000000,0.000000,0.000000,8.948421,inf,2961216,2961216,55872,,False,10.807018,10.807018,153.716981
2527,94,94.000000,0.112192,0.093663,0.736672,0.650701,1.179103,1.571704,2.733399,0.000000,0.736672,1.000000,0.000000,0.000000,8.804282,inf,2625984,2625984,55872,,False,10.807799,10.807799,166.861702
2528,93,93.000000,0.107295,0.080731,0.651553,0.598975,0.991456,1.337450,2.825757,0.000000,0.651553,1.000000,0.000000,0.000000,7.507954,inf,2598048,2598048,55872,,False,10.808747,10.808747,169.096774
2529,94,94.000000,0.112147,0.101040,0.759447,0.632485,1.197799,1.599199,4.891371,0.000000,0.759447,1.000000,0.000000,0.000000,9.497774,inf,2625984,2625984,55872,,False,10.810214,10.810214,176.904255
2530,93,93.000000,0.117167,0.091523,0.803591,0.753478,1.314421,1.604532,2.123335,0.000000,0.803591,1.000000,0.000000,0.000000,8.511607,inf,2598048,2598048,55872,,False,10.810562,10.810562,162.064516
2531,102,102.000000,0.117556,0.084069,0.741799,0.662613,1.324036,1.581053,2.157572,0.000000,0.741799,1.000000,0.000000,0.000000,8.575085,inf,2849472,2849472,55872,,False,10.811111,10.811111,180.911765
2532,87,87.000000,0.106265,0.086292,0.698130,0.667303,1.205458,1.372238,2.376718,0.000000,0.698130,1.000000,0.000000,0.000000,7.507444,inf,2430432,2430432,55872,,False,10.811593,10.811592,160.356322
2533,78,78.000000,0.110211,0.102662,0.714902,0.591627,1.068857,1.432025,3.959163,0.000000,0.714902,1.000000,0.000000,0.000000,8.007613,inf,2179008,2179008,55872,,False,10.812438,10.812439,166.756410
2534,85,85.000000,0.103703,0.087917,0.733153,0.682544,1.181306,1.446666,2.179256,0.000000,0.733153,1.000000,0.000000,0.000000,7.472939,inf,2374560,2374560,55872,,False,10.813509,10.813510,170.517647
2535,87,87.000000,0.119109,0.084879,0.713665,0.662862,1.218016,1.370142,1.995397,0.000000,0.713665,1.000000,0.000000,0.000000,7.384437,inf,2430432,2430432,55872,,False,10.814629,10.814629,181.816092
2536,85,85.000000,0.108156,0.082167,0.653019,0.603825,1.226724,1.376680,1.947277,0.000000,0.653019,1.000000,0.000000,0.000000,6.984188,inf,2374560,2374560,55872,,False,10.815776,10.815776,166.717647
2537,88,88.000000,0.123759,0.089590,0.733941,0.656476,1.262581,1.428072,2.946678,0.000000,0.733941,1.000000,0.000000,0.000000,7.883904,inf,2458368,2458368,55872,,False,10.816487,10.816487,194.295455
2538,99,99.000000,0.102112,0.077902,0.681862,0.683068,1.074393,1.199075,1.851962,0.000000,0.681862,1.000000,0.000000,0.000000,7.712344,inf,2765664,2765664,55872,,False,10.817764,10.817764,149.989899
2539,88,88.000000,0.113329,0.081039,0.728724,0.667973,1.147202,1.269710,2.093567,0.000000,0.728724,1.000000,0.000000,0.000000,7.131464,inf,2458368,2458368,55872,,False,10.819073,10.819072,170.625000
2540,99,99.000000,0.113987,0.081259,0.690803,0.637273,1.206345,1.320839,2.401852,0.000000,0.690803,1.000000,0.000000,0.000000,8.044652,inf,2765664,2765664,55872,,False,10.819726,10.819726,160.555556
2541,91,91.000000,0.120014,0.080735,0.744174,0.694989,1.153032,1.360235,2.225776,0.000000,0.744174,1.000000,0.000000,0.000000,7.346869,inf,2542176,2542176,55872,,False,10.820520,10.820521,165.461538
2542,106,106.000000,0.111871,0.082455,0.728139,0.663922,1.222437,1.559333,3.388012,0.000000,0.728139,1.000000,0.000000,0.000000,8.740185,inf,2961216,2961216,55872,,False,10.820770,10.820770,145.443396
2543,91,91.000000,0.106263,0.081822,0.691622,0.636326,1.052404,1.346571,2.030874,0.000000,0.691622,1.000000,0.000000,0.000000,7.445827,inf,2542176,2542176,55872,,False,10.822449,10.822449,165.285714
2544,96,96.000000,0.115899,0.093863,0.777910,0.695484,1.294597,1.618361,2.587927,0.000000,0.777910,1.000000,0.000000,0.000000,9.010864,inf,2681856,2681856,55872,,False,10.823217,10.823217,145.979167
2545,105,105.000000,0.099040,0.079173,0.692775,0.672712,1.041484,1.238586,2.516442,0.000000,0.692775,1.000000,0.000000,0.000000,8.313145,inf,2933280,2933280,55872,,False,10.824429,10.824429,154.876190
2546,96,96.000000,0.105200,0.089209,0.744056,0.662113,1.205537,1.506906,2.928542,0.000000,0.744056,1.000000,0.000000,0.000000,8.564109,inf,2681856,2681856,55872,,False,10.825091,10.825091,149.208333
2547,95,95.000000,0.110787,0.086064,0.747024,0.653665,1.163760,1.505018,2.600083,0.000000,0.747024,1.000000,0.000000,0.000000,8.176092,inf,2653920,2653920,55872,,False,10.825747,10.825747,160.073684
2548,123,123.000000,0.101444,0.076163,0.729341,0.649255,1.266025,1.597384,2.834351,0.000000,0.729341,1.000000,0.000000,0.000000,9.368061,inf,3436128,3436128,55872,,False,10.826507,10.826508,147.398374
2549,97,97.000000,0.112626,0.078471,0.705299,0.651401,1.081860,1.293494,2.174547,0.000000,0.705299,1.000000,0.000000,0.000000,7.611646,inf,2709792,2709792,55872,,False,10.827107,10.827107,186.525773
2550,96,96.000000,0.110399,0.078489,0.667915,0.637795,1.153779,1.572297,1.818721,0.000000,0.667915,1.000000,0.000000,0.000000,7.534991,inf,2681856,2681856,55872,,False,10.827688,10.827688,169.718750
2551,102,102.000000,0.104568,0.086561,0.741054,0.656652,1.275179,1.470970,2.170996,0.000000,0.741054,1.000000,0.000000,0.000000,8.829270,inf,2849472,2849472,55872,,False,10.828990,10.828990,153.107843
2552,84,84.000000,0.119519,0.091728,0.718342,0.624258,1.334744,1.532492,1.852463,0.000000,0.718342,1.000000,0.000000,0.000000,7.705176,inf,2346624,2346624,55872,,False,10.829685,10.829684,178.500000
2553,92,92.000000,0.124151,0.098381,0.812519,0.666227,1.388693,1.640563,3.367365,0.000000,0.812519,1.000000,0.000000,0.000000,9.051051,inf,2570112,2570112,55872,,False,10.830149,10.830149,191.793478
2554,93,93.000000,0.120594,0.085468,0.736192,0.670089,1.130289,1.437577,2.303950,0.000000,0.736192,1.000000,0.000000,0.000000,7.948560,inf,2598048,2598048,55872,,False,10.830982,10.830982,167.881720
2555,89,89.000000,0.109920,0.087018,0.731250,0.665272,1.258840,1.321091,1.999033,0.000000,0.731250,1.000000,0.000000,0.000000,7.744576,inf,2486304,2486304,55872,,False,10.831671,10.831671,164.516854
2556,99,99.000000,0.110100,0.082479,0.699472,0.623614,1.176675,1.467076,2.158324,0.000000,0.699472,1.000000,0.000000,0.000000,8.165446,inf,2765664,2765664,55872,,False,10.832455,10.832455,170.414141
2557,91,91.000000,0.102303,0.088972,0.722335,0.636121,1.193660,1.516576,2.542594,0.000000,0.722335,1.000000,0.000000,0.000000,8.096482,inf,2542176,2542176,55872,,False,10.833155,10.833154,148.219780
2558,89,89.000000,0.108684,0.089433,0.721283,0.644798,1.104591,1.473249,2.790354,0.000000,0.721283,1.000000,0.000000,0.000000,7.959557,inf,2486304,2486304,55872,,False,10.833839,10.833839,152.988764
2559,91,91.000000,0.114597,0.080503,0.698178,0.637519,1.049557,1.202291,2.243327,0.000000,0.698178,1.000000,0.000000,0.000000,7.325739,inf,2542176,2542176,55872,,False,10.834854,10.834853,181.593407
2560,94,94.000000,0.117325,0.082880,0.709438,0.616461,1.250212,1.335048,2.175128,0.000000,0.709438,1.000000,0.000000,0.000000,7.790700,inf,2625984,2625984,55872,,False,10.835720,10.835721,190.872340
2561,85,85.000000,0.110855,0.084590,0.694027,0.627390,1.196902,1.411158,1.888792,0.000000,0.694027,1.000000,0.000000,0.000000,7.190167,inf,2374560,2374560,55872,,False,10.836051,10.836050,177.600000
2562,91,91.000000,0.111950,0.076591,0.631543,0.576454,0.977171,1.165632,1.796900,0.000000,0.631543,1.000000,0.000000,0.000000,6.969826,inf,2542176,2542176,55872,,False,10.837103,10.837103,196.296703
2563,99,99.000000,0.104180,0.086849,0.788293,0.713180,1.262843,1.461549,2.161469,0.000000,0.788293,1.000000,0.000000,0.000000,8.598075,inf,2765664,2765664,55872,,False,10.837980,10.837980,148.383838
2564,97,97.000000,0.100986,0.082704,0.725556,0.671326,1.202352,1.298955,2.065737,0.000000,0.725556,1.000000,0.000000,0.000000,8.022273,inf,2709792,2709792,55872,,False,10.839149,10.839149,138.061856
2565,87,87.000000,0.092578,0.074538,0.634948,0.632472,1.037290,1.163845,1.582706,0.000000,0.634948,1.000000,0.000000,0.000000,6.484807,inf,2430432,2430432,55872,,False,10.840894,10.840894,154.931034
2566,83,83.000000,0.108754,0.090316,0.752450,0.710327,1.227654,1.491185,2.166837,0.000000,0.752450,1.000000,0.000000,0.000000,7.496214,inf,2318688,2318688,55872,,False,10.841446,10.841446,152.650602
2567,99,99.000000,0.102078,0.083405,0.712241,0.672057,1.086554,1.658724,2.524925,0.000000,0.712241,1.000000,0.000000,0.000000,8.257050,inf,2765664,2765664,55872,,False,10.842246,10.842246,163.242424
2568,108,108.000000,0.116103,0.078216,0.749106,0.687424,1.390411,1.609459,2.517829,0.000000,0.749106,1.000000,0.000000,0.000000,8.447373,inf,3017088,3017088,55872,,False,10.842421,10.842421,177.138889
2569,99,99.000000,0.111702,0.077956,0.654339,0.641357,1.050751,1.465513,1.967593,0.000000,0.654339,1.000000,0.000000,0.000000,7.717641,inf,2765664,2765664,55872,,False,10.843128,10.843128,169.060606
2570,85,85.000000,0.125150,0.096595,0.808129,0.742460,1.285526,1.482090,1.759734,0.000000,0.808129,1.000000,0.000000,0.000000,8.210615,inf,2374560,2374560,55872,,False,10.843478,10.843477,166.258824
2571,84,84.000000,0.119607,0.097101,0.775771,0.702148,1.277352,1.441553,2.511483,0.000000,0.775771,1.000000,0.000000,0.000000,8.156473,inf,2346624,2346624,55872,,False,10.844214,10.844215,178.642857
2572,98,98.000000,0.101766,0.087278,0.760517,0.700369,1.216836,1.343698,2.730168,0.000000,0.760517,1.000000,0.000000,0.000000,8.553197,inf,2737728,2737728,55872,,False,10.845985,10.845985,146.775510
2573,83,83.000000,0.115706,0.089688,0.746554,0.663535,1.247031,1.471408,2.213346,0.000000,0.746554,1.000000,0.000000,0.000000,7.444111,inf,2318688,2318688,55872,,False,10.846535,10.846535,154.036145
2574,96,96.000000,0.105986,0.101616,0.816892,0.686947,1.252079,1.826118,4.023590,0.000000,0.816892,1.000000,0.000000,0.000000,9.755111,inf,2681856,2681856,55872,,False,10.846840,10.846840,162.708333
2575,101,101.000000,0.113342,0.086240,0.787108,0.699801,1.204367,1.315872,2.962076,0.000000,0.787108,1.000000,0.000000,0.000000,8.710231,inf,2821536,2821536,55872,,False,10.847713,10.847713,153.920792
2576,88,88.000000,0.127505,0.088418,0.782201,0.686378,1.320902,1.623948,2.740624,0.000000,0.782201,1.000000,0.000000,0.000000,7.780787,inf,2458368,2458368,55872,,False,10.847491,10.847491,178.375000
2577,82,82.000000,0.124065,0.085614,0.692051,0.621383,1.177602,1.282063,2.058901,0.000000,0.692051,1.000000,0.000000,0.000000,7.020357,inf,2290752,2290752,55872,,False,10.848063,10.848063,199.475610
2578,96,96.000000,0.102763,0.091290,0.751864,0.696062,1.266979,1.692814,2.988734,0.000000,0.751864,1.000000,0.000000,0.000000,8.763865,inf,2681856,2681856,55872,,False,10.848156,10.848156,136.041667
2579,93,93.000000,0.115297,0.086264,0.704545,0.616791,1.165318,1.440777,3.292932,0.000000,0.704545,1.000000,0.000000,0.000000,8.022588,inf,2598048,2598048,55872,,False,10.848516,10.848517,172.623656
2580,97,97.000000,0.106956,0.088758,0.740949,0.623534,1.246460,1.619646,2.960046,0.000000,0.740949,1.000000,0.000000,0.000000,8.609569,inf,2709792,2709792,55872,,False,10.849806,10.849806,167.206186
2581,87,87.000000,0.113286,0.099078,0.754207,0.637263,1.331663,1.504306,3.637929,0.000000,0.754207,1.000000,0.000000,0.000000,8.619793,inf,2430432,2430432,55872,,False,10.850516,10.850516,176.586207
2582,110,110.000000,0.104882,0.084484,0.744040,0.677874,1.178857,1.584083,2.340302,0.000000,0.744040,1.000000,0.000000,0.000000,9.293275,inf,3072960,3072960,55872,,False,10.851075,10.851075,149.254545
2583,103,103.000000,0.125420,0.092444,0.790176,0.680833,1.404950,1.677148,2.845767,0.000000,0.790176,1.000000,0.000000,0.000000,9.521695,inf,2877408,2877408,55872,,False,10.851008,10.851008,184.873786
2584,106,106.000000,0.097551,0.080317,0.693599,0.638063,1.185800,1.421170,3.427210,0.000000,0.693599,1.000000,0.000000,0.000000,8.513600,inf,2961216,2961216,55872,,False,10.851709,10.851709,143.867925
2585,94,94.000000,0.116270,0.082606,0.695971,0.621336,1.164097,1.379193,2.626688,0.000000,0.695971,1.000000,0.000000,0.000000,7.764936,inf,2625984,2625984,55872,,False,10.852052,10.852052,190.265957
2586,89,89.000000,0.108876,0.088410,0.737443,0.678931,1.293627,1.356642,1.709144,0.000000,0.737443,1.000000,0.000000,0.000000,7.868521,inf,2486304,2486304,55872,,False,10.853013,10.853013,156.247191
2587,84,84.000000,0.111200,0.110128,0.811886,0.683885,1.552182,2.183424,3.170732,0.000000,0.811886,1.000000,0.000000,0.000000,9.250715,inf,2346624,2346624,55872,,False,10.853084,10.853084,164.916667
2588,117,117.000000,0.109157,0.073654,0.731905,0.644235,1.257815,1.639426,1.992929,0.000000,0.731905,1.000000,0.000000,0.000000,8.617573,inf,3268512,3268512,55872,,False,10.853671,10.853671,174.384615
2589,78,78.000000,0.101568,0.088908,0.717810,0.669920,1.130585,1.291201,1.843338,0.000000,0.717810,1.000000,0.000000,0.000000,6.934809,inf,2179008,2179008,55872,,False,10.854319,10.854319,158.269231
2590,86,86.000000,0.100999,0.118673,0.844158,0.626671,1.621592,2.436628,3.089998,0.000000,0.844158,1.000000,0.000000,0.000000,10.205844,inf,2402496,2402496,55872,,False,10.854942,10.854943,151.883721
2591,90,90.000000,0.099626,0.079758,0.673430,0.622788,1.074774,1.331294,2.790122,0.000000,0.673430,1.000000,0.000000,0.000000,7.178195,inf,2514240,2514240,55872,,False,10.856386,10.856387,146.366667
2592,98,98.000000,0.120537,0.103209,0.839530,0.685452,1.488617,1.857963,3.384046,0.000000,0.839530,1.000000,0.000000,0.000000,10.114525,inf,2737728,2737728,55872,,False,10.856976,10.856976,171.387755
2593,96,96.000000,0.115029,0.103069,0.825596,0.654136,1.440150,1.747672,3.144596,0.000000,0.825596,1.000000,0.000000,0.000000,9.894586,inf,2681856,2681856,55872,,False,10.857511,10.857511,175.677083
2594,91,91.000000,0.114328,0.094510,0.761752,0.685624,1.204635,1.545380,2.815984,0.000000,0.761752,1.000000,0.000000,0.000000,8.600380,inf,2542176,2542176,55872,,False,10.857714,10.857714,163.582418
2595,97,97.000000,0.102823,0.079077,0.692191,0.635777,1.244563,1.430487,2.834393,0.000000,0.692191,1.000000,0.000000,0.000000,7.670504,inf,2709792,2709792,55872,,False,10.858465,10.858465,163.896907
2596,78,78.000000,0.112756,0.099706,0.746562,0.665476,1.228643,1.494105,2.397309,0.000000,0.746562,1.000000,0.000000,0.000000,7.777040,inf,2179008,2179008,55872,,False,10.858586,10.858586,159.089744
2597,103,103.000000,0.099073,0.072193,0.654888,0.631645,1.058255,1.137268,1.511953,0.000000,0.654888,1.000000,0.000000,0.000000,7.435919,inf,2877408,2877408,55872,,False,10.859981,10.859981,158.019417
2598,86,86.000000,0.113087,0.091291,0.790809,0.726875,1.280931,1.545385,2.578287,0.000000,0.790809,1.000000,0.000000,0.000000,7.851046,inf,2402496,2402496,55872,,False,10.860415,10.860415,148.104651
2599,93,93.000000,0.124606,0.101776,0.796960,0.720913,1.392658,1.626483,3.539975,0.000000,0.796960,1.000000,0.000000,0.000000,9.465209,inf,2598048,2598048,55872,,False,10.860669,10.860669,170.978495
2600,81,81.000000,0.112575,0.121507,0.871324,0.727162,1.605422,2.102557,3.980146,0.000000,0.871324,1.000000,0.000000,0.000000,9.842032,inf,2262816,2262816,55872,,False,10.860710,10.860710,140.135802
2601,100,100.000000,0.106409,0.084926,0.722638,0.640959,1.131050,1.398737,3.261223,0.000000,0.722638,1.000000,0.000000,0.000000,8.492630,inf,2793600,2793600,55872,,False,10.861560,10.861561,163.500000
2602,105,105.000000,0.115574,0.082811,0.711203,0.616056,1.230329,1.541201,2.374459,0.000000,0.711203,1.000000,0.000000,0.000000,8.695201,inf,2933280,2933280,55872,,False,10.862139,10.862139,177.809524
2603,93,93.000000,0.122783,0.092437,0.734920,0.643223,1.171243,1.454325,4.367138,0.000000,0.734920,1.000000,0.000000,0.000000,8.596626,inf,2598048,2598048,55872,,False,10.861766,10.861766,180.430108
2604,85,85.000000,0.119147,0.108410,0.760791,0.655611,1.170045,1.410957,4.813390,0.000000,0.760791,1.000000,0.000000,0.000000,9.214863,inf,2374560,2374560,55872,,False,10.861924,10.861924,160.964706
2605,99,99.000000,0.117647,0.088077,0.772490,0.709528,1.354800,1.661160,3.178906,0.000000,0.772490,1.000000,0.000000,0.000000,8.719637,inf,2765664,2765664,55872,,False,10.862495,10.862495,170.010101
2606,103,103.000000,0.100281,0.086605,0.726740,0.672198,1.286281,1.425646,2.570299,0.000000,0.726740,1.000000,0.000000,0.000000,8.920360,inf,2877408,2877408,55872,,False,10.863567,10.863567,153.864078
2607,86,86.000000,0.115016,0.085063,0.709632,0.655749,1.084456,1.454229,1.902907,0.000000,0.709632,1.000000,0.000000,0.000000,7.315428,inf,2402496,2402496,55872,,False,10.864399,10.864399,179.383721
2608,106,106.000000,0.111628,0.075379,0.683952,0.642547,1.086825,1.163749,3.040627,0.000000,0.683952,1.000000,0.000000,0.000000,7.990167,inf,2961216,2961216,55872,,False,10.865054,10.865054,178.943396
2609,103,103.000000,0.102849,0.088857,0.771003,0.682950,1.406481,1.859627,3.440803,0.000000,0.771003,1.000000,0.000000,0.000000,9.152236,inf,2877408,2877408,55872,,False,10.865446,10.865446,144.980583
2610,87,87.000000,0.111445,0.085349,0.711423,0.676312,1.099780,1.341238,2.508179,0.000000,0.711423,1.000000,0.000000,0.000000,7.425332,inf,2430432,2430432,55872,,False,10.866245,10.866246,178.505747
2611,120,120.000000,0.101594,0.072573,0.716545,0.659039,1.226944,1.397853,1.702929,0.000000,0.716545,1.000000,0.000000,0.000000,8.708806,inf,3352320,3352320,55872,,False,10.867258,10.867258,149.783333
2612,85,85.000000,0.115124,0.106048,0.769235,0.615850,1.380914,1.671805,3.501511,0.000000,0.769235,1.000000,0.000000,0.000000,9.014114,inf,2374560,2374560,55872,,False,10.867985,10.867985,169.705882
2613,110,110.000000,0.115879,0.071007,0.667441,0.655807,1.077874,1.206724,1.332144,0.000000,0.667441,1.000000,0.000000,0.000000,7.810817,inf,3072960,3072960,55872,,False,10.868773,10.868772,176.881818
2614,98,98.000000,0.094245,0.083020,0.704925,0.628449,1.205700,1.467067,1.998876,0.000000,0.704925,1.000000,0.000000,0.000000,8.135938,inf,2737728,2737728,55872,,False,10.870202,10.870202,142.663265
2615,86,86.000000,0.109634,0.090356,0.723117,0.644185,1.133231,1.532318,2.895453,0.000000,0.723117,1.000000,0.000000,0.000000,7.770643,inf,2402496,2402496,55872,,False,10.870660,10.870659,175.104651
2616,99,99.000000,0.101694,0.123609,0.771379,0.668215,1.099096,1.178868,9.124342,0.000000,0.771379,1.000000,0.000000,0.000000,12.237300,inf,2765664,2765664,55872,,False,10.872034,10.872033,145.333333
2617,94,94.000000,0.105373,0.093672,0.767371,0.728561,1.367425,1.574647,3.122156,0.000000,0.767371,1.000000,0.000000,0.000000,8.805145,inf,2625984,2625984,55872,,False,10.872699,10.872700,169.085106
2618,93,93.000000,0.101977,0.088824,0.703744,0.661504,1.107749,1.373010,3.378681,0.000000,0.703744,1.000000,0.000000,0.000000,8.260666,inf,2598048,2598048,55872,,False,10.873919,10.873919,159.720430
2619,84,84.000000,0.121141,0.105670,0.869411,0.736339,1.531805,1.839876,2.911178,0.000000,0.869411,1.000000,0.000000,0.000000,8.876279,inf,2346624,2346624,55872,,False,10.874069,10.874070,153.678571
2620,77,77.000000,0.111085,0.085298,0.676057,0.628709,1.090620,1.203306,1.912296,0.000000,0.676057,1.000000,0.000000,0.000000,6.567936,inf,2151072,2151072,55872,,False,10.875083,10.875082,161.961039
2621,88,88.000000,0.118625,0.104432,0.789343,0.601673,1.294890,1.932563,3.921852,0.000000,0.789343,1.000000,0.000000,0.000000,9.190032,inf,2458368,2458368,55872,,False,10.876122,10.876123,173.079545
2622,83,83.000000,0.102323,0.096606,0.744922,0.672260,1.221640,1.556925,2.814991,0.000000,0.744922,1.000000,0.000000,0.000000,8.018324,inf,2318688,2318688,55872,,False,10.877085,10.877085,142.975904
2623,96,96.000000,0.107253,0.079899,0.674381,0.637100,1.205977,1.403936,2.078725,0.000000,0.674381,1.000000,0.000000,0.000000,7.670329,inf,2681856,2681856,55872,,False,10.877475,10.877475,152.145833
2624,103,103.000000,0.105350,0.088183,0.759125,0.677492,1.364164,1.631004,2.546641,0.000000,0.759125,1.000000,0.000000,0.000000,9.082834,inf,2877408,2877408,55872,,False,10.878231,10.878230,152.961165
2625,74,74.000000,0.108974,0.102081,0.738345,0.681970,1.316942,1.502055,1.894805,0.000000,0.738345,1.000000,0.000000,0.000000,7.554028,inf,2067264,2067264,55872,,False,10.878992,10.878992,166.135135
2626,94,94.000000,0.105048,0.085315,0.724563,0.687329,1.176076,1.353304,2.039320,0.000000,0.724563,1.000000,0.000000,0.000000,8.019624,inf,2625984,2625984,55872,,False,10.880020,10.880020,146.468085
2627,86,86.000000,0.116005,0.097275,0.769185,0.699792,1.268764,1.453056,1.863300,0.000000,0.769185,1.000000,0.000000,0.000000,8.365631,inf,2402496,2402496,55872,,False,10.880271,10.880272,168.755814
2628,91,91.000000,0.095044,0.082877,0.705220,0.610850,1.163928,1.396351,2.367585,0.000000,0.705220,1.000000,0.000000,0.000000,7.541797,inf,2542176,2542176,55872,,False,10.881611,10.881611,154.758242
2629,97,97.000000,0.112091,0.082504,0.695984,0.662790,1.142813,1.456490,2.215339,0.000000,0.695984,1.000000,0.000000,0.000000,8.002850,inf,2709792,2709792,55872,,False,10.882055,10.882054,164.896907
2630,97,97.000000,0.115263,0.095838,0.786296,0.673743,1.322809,1.808734,2.658433,0.000000,0.786296,1.000000,0.000000,0.000000,9.296297,inf,2709792,2709792,55872,,False,10.881962,10.881962,163.144330
2631,94,94.000000,0.113691,0.093333,0.794554,0.714394,1.287438,1.516252,2.791783,0.000000,0.794554,1.000000,0.000000,0.000000,8.773291,inf,2625984,2625984,55872,,False,10.882266,10.882266,152.436170
2632,96,96.000000,0.115009,0.083829,0.687756,0.587919,1.165046,1.446397,3.055062,0.000000,0.687756,1.000000,0.000000,0.000000,8.047545,inf,2681856,2681856,55872,,False,10.882744,10.882743,190.572917
2633,98,98.000000,0.113380,0.082104,0.712545,0.622064,1.224641,1.350745,2.784043,0.000000,0.712545,1.000000,0.000000,0.000000,8.046220,inf,2737728,2737728,55872,,False,10.883649,10.883649,168.969388
2634,87,87.000000,0.125553,0.091146,0.746362,0.657372,1.378762,1.497000,2.009822,0.000000,0.746362,1.000000,0.000000,0.000000,7.929686,inf,2430432,2430432,55872,,False,10.883253,10.883253,186.908046
2635,90,90.000000,0.109437,0.090374,0.779830,0.775487,1.419190,1.590849,1.736106,0.000000,0.779830,1.000000,0.000000,0.000000,8.133648,inf,2514240,2514240,55872,,False,10.883745,10.883745,148.677778
2636,96,96.000000,0.122663,0.101469,0.784172,0.664363,1.133901,1.475666,3.876472,0.000000,0.784172,1.000000,0.000000,0.000000,9.741018,inf,2681856,2681856,55872,,False,10.883934,10.883933,179.541667
2637,88,88.000000,0.120620,0.095109,0.789473,0.690730,1.419526,1.879061,2.401134,0.000000,0.789473,1.000000,0.000000,0.000000,8.369607,inf,2458368,2458368,55872,,False,10.884480,10.884480,168.079545
2638,102,102.000000,0.125184,0.078948,0.723362,0.667047,1.186199,1.626371,2.367846,0.000000,0.723362,1.000000,0.000000,0.000000,8.052712,inf,2849472,2849472,55872,,False,10.884827,10.884827,176.176471
2639,92,92.000000,0.108873,0.091706,0.753764,0.667149,1.345125,1.607036,1.976899,0.000000,0.753764,1.000000,0.000000,0.000000,8.436978,inf,2570112,2570112,55872,,False,10.885528,10.885528,167.326087
2640,93,93.000000,0.097343,0.093193,0.769285,0.629573,1.293511,1.476084,3.140097,0.000000,0.769285,1.000000,0.000000,0.000000,8.666924,inf,2598048,2598048,55872,,False,10.886742,10.886742,154.913978
2641,88,88.000000,0.107294,0.095597,0.764481,0.668266,1.263131,1.454575,2.492627,0.000000,0.764481,1.000000,0.000000,0.000000,8.412509,inf,2458368,2458368,55872,,False,10.887443,10.887443,153.795455
2642,83,83.000000,0.115189,0.092326,0.794283,0.701719,1.307340,1.480220,2.298696,0.000000,0.794283,1.000000,0.000000,0.000000,7.663066,inf,2318688,2318688,55872,,False,10.888036,10.888036,159.710843
2643,98,98.000000,0.110079,0.078117,0.715061,0.648045,1.262370,1.373537,1.908861,0.000000,0.715061,1.000000,0.000000,0.000000,7.655435,inf,2737728,2737728,55872,,False,10.888725,10.888725,158.765306
2644,82,82.000000,0.113757,0.090860,0.732767,0.644102,1.217583,1.350957,2.600105,0.000000,0.732767,1.000000,0.000000,0.000000,7.450482,inf,2290752,2290752,55872,,False,10.889121,10.889121,177.378049
2645,92,92.000000,0.114368,0.092732,0.717302,0.653897,0.998093,1.407120,4.869133,0.000000,0.717302,1.000000,0.000000,0.000000,8.531386,inf,2570112,2570112,55872,,False,10.890202,10.890202,158.021739
2646,97,97.000000,0.103238,0.086631,0.761802,0.685396,1.256927,1.678664,2.456845,0.000000,0.761802,1.000000,0.000000,0.000000,8.403164,inf,2709792,2709792,55872,,False,10.891119,10.891118,156.412371
2647,84,84.000000,0.111570,0.099727,0.740474,0.618828,1.365089,1.660005,2.230615,0.000000,0.740474,1.000000,0.000000,0.000000,8.377084,inf,2346624,2346624,55872,,False,10.892003,10.892002,162.119048
2648,85,85.000000,0.107313,0.092735,0.747730,0.701632,1.270261,1.520928,2.219563,0.000000,0.747730,1.000000,0.000000,0.000000,7.882517,inf,2374560,2374560,55872,,False,10.892515,10.892515,165.400000
2649,75,75.000000,0.109256,0.107067,0.780020,0.733106,1.374484,1.514882,2.065290,0.000000,0.780020,1.000000,0.000000,0.000000,8.030030,inf,2095200,2095200,55872,,False,10.893413,10.893413,151.493333
2650,90,90.000000,0.109566,0.078618,0.643818,0.599148,1.034920,1.286679,1.900666,0.000000,0.643818,1.000000,0.000000,0.000000,7.075618,inf,2514240,2514240,55872,,False,10.894355,10.894355,180.966667
2651,104,104.000000,0.102411,0.084017,0.750663,0.636775,1.265504,1.560213,2.287802,0.000000,0.750663,1.000000,0.000000,0.000000,8.737799,inf,2905344,2905344,55872,,False,10.895535,10.895535,152.134615
2652,103,103.000000,0.108454,0.084437,0.762598,0.665556,1.311646,1.527282,2.317344,0.000000,0.762598,1.000000,0.000000,0.000000,8.696993,inf,2877408,2877408,55872,,False,10.896324,10.896324,158.951456
2653,111,111.000000,0.118872,0.067718,0.620756,0.554336,0.948645,1.152342,2.518429,0.000000,0.620756,1.000000,0.000000,0.000000,7.516683,inf,3100896,3100896,55872,,False,10.897226,10.897226,206.225225
2654,81,81.000000,0.127871,0.096176,0.706802,0.584241,1.062551,1.388274,3.523278,0.000000,0.706802,1.000000,0.000000,0.000000,7.790294,inf,2262816,2262816,55872,,False,10.897988,10.897987,199.913580
2655,89,89.000000,0.108297,0.109382,0.817998,0.703994,1.409488,1.897649,3.195062,0.000000,0.817998,1.000000,0.000000,0.000000,9.734988,inf,2486304,2486304,55872,,False,10.898415,10.898415,142.820225
2656,99,99.000000,0.116834,0.097464,0.843930,0.791575,1.371367,1.680057,2.471989,0.000000,0.843930,1.000000,0.000000,0.000000,9.648941,inf,2765664,2765664,55872,,False,10.898106,10.898107,161.383838
2657,98,98.000000,0.102867,0.079277,0.718355,0.703396,1.208951,1.359773,1.751552,0.000000,0.718355,1.000000,0.000000,0.000000,7.769133,inf,2737728,2737728,55872,,False,10.898690,10.898691,156.959184
2658,83,83.000000,0.109061,0.089820,0.739098,0.682066,1.194361,1.371412,2.116917,0.000000,0.739098,1.000000,0.000000,0.000000,7.455083,inf,2318688,2318688,55872,,False,10.899793,10.899793,158.891566
2659,95,95.000000,0.107780,0.089676,0.737878,0.678295,1.165120,1.426017,2.481804,0.000000,0.737878,1.000000,0.000000,0.000000,8.519221,inf,2653920,2653920,55872,,False,10.900850,10.900850,164.821053
2660,102,102.000000,0.111763,0.083529,0.737056,0.625528,1.265370,1.447347,2.065409,0.000000,0.737056,1.000000,0.000000,0.000000,8.520000,inf,2849472,2849472,55872,,False,10.901725,10.901725,170.284314
2661,96,96.000000,0.103985,0.085038,0.729532,0.676999,1.168641,1.292635,2.926854,0.000000,0.729532,1.000000,0.000000,0.000000,8.163612,inf,2681856,2681856,55872,,False,10.902405,10.902404,152.489583
2662,85,85.000000,0.102291,0.087833,0.713252,0.710254,1.222900,1.404407,1.796681,0.000000,0.713252,1.000000,0.000000,0.000000,7.465846,inf,2374560,2374560,55872,,False,10.903095,10.903096,149.976471
2663,105,105.000000,0.113764,0.084581,0.782256,0.698922,1.270719,1.510956,2.329790,0.000000,0.782256,1.000000,0.000000,0.000000,8.880983,inf,2933280,2933280,55872,,False,10.904090,10.904090,165.066667
2664,102,102.000000,0.120780,0.078411,0.723808,0.641020,1.180270,1.371771,2.800076,0.000000,0.723808,1.000000,0.000000,0.000000,7.997961,inf,2849472,2849472,55872,,False,10.904598,10.904598,185.009804
2665,104,104.000000,0.114580,0.079780,0.720205,0.640518,1.159861,1.411836,2.861591,0.000000,0.720205,1.000000,0.000000,0.000000,8.297162,inf,2905344,2905344,55872,,False,10.905193,10.905193,188.375000
2666,108,108.000000,0.097128,0.076992,0.739233,0.681608,1.235584,1.434363,1.966727,0.000000,0.739233,1.000000,0.000000,0.000000,8.315146,inf,3017088,3017088,55872,,False,10.905850,10.905850,150.907407
2667,82,82.000000,0.103543,0.089238,0.710239,0.658438,1.173629,1.432623,2.770593,0.000000,0.710239,1.000000,0.000000,0.000000,7.317532,inf,2290752,2290752,55872,,False,10.906159,10.906159,147.341463
2668,102,102.000000,0.104177,0.087832,0.742296,0.682521,1.174318,1.572648,3.004371,0.000000,0.742296,1.000000,0.000000,0.000000,8.958824,inf,2849472,2849472,55872,,False,10.906685,10.906685,156.794118
2669,83,83.000000,0.109062,0.082238,0.699075,0.680491,1.107399,1.291282,1.960092,0.000000,0.699075,1.000000,0.000000,0.000000,6.825734,inf,2318688,2318688,55872,,False,10.907257,10.907257,159.674699
2670,108,108.000000,0.102984,0.105453,0.802452,0.650621,1.396971,1.662913,6.334753,0.000000,0.802452,1.000000,0.000000,0.000000,11.388902,inf,3017088,3017088,55872,,False,10.908469,10.908469,145.240741
2671,101,101.000000,0.121563,0.085639,0.752550,0.721406,1.179884,1.443837,2.325638,0.000000,0.752550,1.000000,0.000000,0.000000,8.649556,inf,2821536,2821536,55872,,False,10.908745,10.908745,166.574257
2672,90,90.000000,0.101446,0.100315,0.767147,0.664117,1.141747,1.584618,4.911064,0.000000,0.767147,1.000000,0.000000,0.000000,9.028344,inf,2514240,2514240,55872,,False,10.909520,10.909520,142.100000
2673,94,94.000000,0.105837,0.087303,0.744131,0.640389,1.229172,1.500411,2.232283,0.000000,0.744131,1.000000,0.000000,0.000000,8.206454,inf,2625984,2625984,55872,,False,10.910282,10.910282,150.000000
2674,73,73.000000,0.135927,0.108547,0.770911,0.653904,1.145981,1.377830,2.827647,0.000000,0.770911,1.000000,0.000000,0.000000,7.923947,inf,2039328,2039328,55872,,False,10.910489,10.910490,201.301370
2675,90,90.000000,0.114301,0.104365,0.777855,0.627625,1.243058,1.569147,4.073147,0.000000,0.777855,1.000000,0.000000,0.000000,9.392843,inf,2514240,2514240,55872,,False,10.911080,10.911081,175.733333
2676,90,90.000000,0.108659,0.100277,0.779727,0.706162,1.188355,1.808696,3.489453,0.000000,0.779727,1.000000,0.000000,0.000000,9.024927,inf,2514240,2514240,55872,,False,10.911261,10.911261,143.588889
2677,96,96.000000,0.112059,0.091163,0.766287,0.674932,1.577346,1.705045,2.564176,0.000000,0.766287,1.000000,0.000000,0.000000,8.751625,inf,2681856,2681856,55872,,False,10.911308,10.911308,152.447917
2678,90,90.000000,0.099904,0.077983,0.657618,0.653258,1.075744,1.214529,1.772817,0.000000,0.657618,1.000000,0.000000,0.000000,7.018446,inf,2514240,2514240,55872,,False,10.912742,10.912742,160.466667
2679,96,96.000000,0.109961,0.089212,0.766891,0.727891,1.226487,1.485720,2.588132,0.000000,0.766891,1.000000,0.000000,0.000000,8.564337,inf,2681856,2681856,55872,,False,10.913408,10.913408,159.656250
2680,92,92.000000,0.112125,0.079860,0.671190,0.637814,1.096320,1.295233,1.783348,0.000000,0.671190,1.000000,0.000000,0.000000,7.347146,inf,2570112,2570112,55872,,False,10.913877,10.913877,160.760870
2681,93,93.000000,0.124739,0.080430,0.704970,0.619155,1.178766,1.485436,2.444863,0.000000,0.704970,1.000000,0.000000,0.000000,7.480016,inf,2598048,2598048,55872,,False,10.913800,10.913800,182.903226
2682,97,97.000000,0.122983,0.084825,0.746923,0.664480,1.129197,1.386849,2.373210,0.000000,0.746923,1.000000,0.000000,0.000000,8.227994,inf,2709792,2709792,55872,,False,10.914495,10.914495,177.061856
2683,95,95.000000,0.088636,0.081903,0.685233,0.668165,1.108980,1.311942,2.296239,0.000000,0.685233,1.000000,0.000000,0.000000,7.780767,inf,2653920,2653920,55872,,False,10.915495,10.915495,123.157895
2684,92,92.000000,0.105709,0.086829,0.754581,0.689157,1.221435,1.409924,2.500767,0.000000,0.754581,1.000000,0.000000,0.000000,7.988258,inf,2570112,2570112,55872,,False,10.916145,10.916145,161.347826
2685,97,97.000000,0.120462,0.099878,0.772800,0.644654,1.307656,1.565000,5.354862,0.000000,0.772800,1.000000,0.000000,0.000000,9.688211,inf,2709792,2709792,55872,,False,10.916820,10.916820,188.268041
2686,92,92.000000,0.113121,0.088139,0.747545,0.683273,1.144576,1.407430,2.296946,0.000000,0.747545,1.000000,0.000000,0.000000,8.108818,inf,2570112,2570112,55872,,False,10.917631,10.917631,186.760870
2687,98,98.000000,0.101956,0.081124,0.696932,0.680596,1.092423,1.352564,2.993507,0.000000,0.696932,1.000000,0.000000,0.000000,7.950128,inf,2737728,2737728,55872,,False,10.918157,10.918157,148.030612
2688,114,114.000000,0.119820,0.083429,0.741077,0.678797,1.365711,1.645678,2.390417,0.000000,0.741077,1.000000,0.000000,0.000000,9.510918,inf,3184704,3184704,55872,,False,10.918767,10.918767,168.815789
2689,94,94.000000,0.105892,0.096762,0.837634,0.761595,1.477692,1.882409,2.329041,0.000000,0.837634,1.000000,0.000000,0.000000,9.095657,inf,2625984,2625984,55872,,False,10.918829,10.918829,151.329787
2690,100,100.000000,0.111847,0.083674,0.726286,0.675449,1.247617,1.428467,2.271132,0.000000,0.726286,1.000000,0.000000,0.000000,8.367383,inf,2793600,2793600,55872,,False,10.919613,10.919613,174.460000
2691,122,122.000000,0.109905,0.071844,0.728649,0.662299,1.211754,1.420746,2.627461,0.000000,0.728649,1.000000,0.000000,0.000000,8.764944,inf,3408192,3408192,55872,,False,10.920347,10.920347,172.745902
2692,88,88.000000,0.108477,0.093463,0.750647,0.632748,1.232887,1.719530,3.708404,0.000000,0.750647,1.000000,0.000000,0.000000,8.224765,inf,2458368,2458368,55872,,False,10.921308,10.921308,161.465909
2693,99,99.000000,0.116450,0.072356,0.674254,0.630449,1.119398,1.194834,1.541573,0.000000,0.674254,1.000000,0.000000,0.000000,7.163215,inf,2765664,2765664,55872,,False,10.921807,10.921807,183.545455
2694,107,107.000000,0.107453,0.090618,0.772465,0.658236,1.398238,1.604083,3.514795,0.000000,0.772465,1.000000,0.000000,0.000000,9.696100,inf,2989152,2989152,55872,,False,10.922323,10.922324,161.448598
2695,94,94.000000,0.107842,0.087385,0.726207,0.640938,1.289431,1.560239,3.236963,0.000000,0.726207,1.000000,0.000000,0.000000,8.214210,inf,2625984,2625984,55872,,False,10.923482,10.923482,167.117021
2696,89,89.000000,0.111709,0.105423,0.802094,0.643799,1.287301,1.878439,3.615788,0.000000,0.802094,1.000000,0.000000,0.000000,9.382660,inf,2486304,2486304,55872,,False,10.923490,10.923489,150.808989
2697,104,104.000000,0.105928,0.079551,0.727496,0.630202,1.210786,1.534867,2.684001,0.000000,0.727496,1.000000,0.000000,0.000000,8.273271,inf,2905344,2905344,55872,,False,10.924739,10.924739,160.038462
2698,106,106.000000,0.100795,0.074091,0.650386,0.594285,1.083587,1.304352,1.799208,0.000000,0.650386,1.000000,0.000000,0.000000,7.853664,inf,2961216,2961216,55872,,False,10.925954,10.925954,168.745283
2699,102,102.000000,0.108362,0.079828,0.710822,0.690771,1.089684,1.362405,1.852193,0.000000,0.710822,1.000000,0.000000,0.000000,8.142405,inf,2849472,2849472,55872,,False,10.927084,10.927083,163.441176
2700,96,96.000000,0.124344,0.088464,0.790682,0.712235,1.274312,1.549325,2.163227,0.000000,0.790682,1.000000,0.000000,0.000000,8.492545,inf,2681856,2681856,55872,,False,10.927111,10.927111,176.885417
2701,90,90.000000,0.113036,0.076299,0.668265,0.616018,0.968984,1.157129,2.046609,0.000000,0.668265,1.000000,0.000000,0.000000,6.866913,inf,2514240,2514240,55872,,False,10.928293,10.928293,177.544444
2702,83,83.000000,0.105573,0.101686,0.774842,0.724179,1.260870,1.744172,3.545635,0.000000,0.774842,1.000000,0.000000,0.000000,8.439927,inf,2318688,2318688,55872,,False,10.929152,10.929152,144.060241
2703,97,97.000000,0.110542,0.092762,0.772741,0.710490,1.390082,1.573111,2.674201,0.000000,0.772741,1.000000,0.000000,0.000000,8.997892,inf,2709792,2709792,55872,,False,10.929586,10.929586,160.845361
2704,77,77.000000,0.115539,0.099386,0.764441,0.662967,1.219894,1.405935,2.620018,0.000000,0.764441,1.000000,0.000000,0.000000,7.652759,inf,2151072,2151072,55872,,False,10.930120,10.930121,172.000000
2705,81,81.000000,0.118264,0.105021,0.835073,0.759225,1.289477,1.555385,3.479872,0.000000,0.835073,1.000000,0.000000,0.000000,8.506724,inf,2262816,2262816,55872,,False,10.929786,10.929786,144.839506
2706,93,93.000000,0.108284,0.087090,0.743820,0.676264,1.320696,1.554362,2.437336,0.000000,0.743820,1.000000,0.000000,0.000000,8.099326,inf,2598048,2598048,55872,,False,10.931238,10.931238,166.688172
2707,102,102.000000,0.101963,0.096635,0.799281,0.684630,1.275579,1.653375,2.954410,0.000000,0.799281,1.000000,0.000000,0.000000,9.856786,inf,2849472,2849472,55872,,False,10.931636,10.931636,137.352941
2708,94,94.000000,0.103855,0.091424,0.737480,0.608838,1.269867,1.783139,2.517114,0.000000,0.737480,1.000000,0.000000,0.000000,8.593841,inf,2625984,2625984,55872,,False,10.932397,10.932397,160.553191
2709,95,95.000000,0.114643,0.082843,0.698495,0.657032,1.135810,1.435579,2.166582,0.000000,0.698495,1.000000,0.000000,0.000000,7.870098,inf,2653920,2653920,55872,,False,10.932732,10.932732,169.915789
2710,96,96.000000,0.122387,0.091748,0.764291,0.639660,1.239503,1.500407,3.805466,0.000000,0.764291,1.000000,0.000000,0.000000,8.807822,inf,2681856,2681856,55872,,False,10.933491,10.933491,191.114583
2711,117,117.000000,0.119771,0.068152,0.676665,0.635576,1.063653,1.218762,1.510093,0.000000,0.676665,1.000000,0.000000,0.000000,7.973730,inf,3268512,3268512,55872,,False,10.933764,10.933764,171.196581
2712,94,94.000000,0.106129,0.100323,0.795934,0.714824,1.190144,1.683955,3.018000,0.000000,0.795934,1.000000,0.000000,0.000000,9.430337,inf,2625984,2625984,55872,,False,10.934178,10.934178,168.148936
2713,73,73.000000,0.113529,0.102529,0.771693,0.702400,1.261087,1.492492,1.948135,0.000000,0.771693,1.000000,0.000000,0.000000,7.484587,inf,2039328,2039328,55872,,False,10.935227,10.935227,154.917808
2714,93,93.000000,0.104955,0.085984,0.745149,0.696730,1.198439,1.319638,2.494281,0.000000,0.745149,1.000000,0.000000,0.000000,7.996491,inf,2598048,2598048,55872,,False,10.936170,10.936170,162.247312
2715,77,77.000000,0.103247,0.108297,0.796932,0.708834,1.267998,2.029880,3.082003,0.000000,0.796932,1.000000,0.000000,0.000000,8.338838,inf,2151072,2151072,55872,,False,10.936084,10.936084,148.532468
2716,91,91.000000,0.109780,0.089164,0.708912,0.639306,1.139799,1.709659,2.820842,0.000000,0.708912,1.000000,0.000000,0.000000,8.113899,inf,2542176,2542176,55872,,False,10.937096,10.937096,156.164835
2717,91,91.000000,0.109546,0.101625,0.792740,0.668651,1.423033,1.512348,3.877891,0.000000,0.792740,1.000000,0.000000,0.000000,9.247867,inf,2542176,2542176,55872,,False,10.937467,10.937467,157.285714
2718,96,96.000000,0.098324,0.084179,0.722047,0.664253,1.235959,1.740080,2.206788,0.000000,0.722047,1.000000,0.000000,0.000000,8.081198,inf,2681856,2681856,55872,,False,10.938441,10.938441,145.385417
2719,81,81.000000,0.110464,0.092522,0.737566,0.681708,1.080111,1.447818,2.737947,0.000000,0.737566,1.000000,0.000000,0.000000,7.494285,inf,2262816,2262816,55872,,False,10.939627,10.939627,162.382716
2720,89,89.000000,0.109768,0.081924,0.689616,0.695711,1.062927,1.362200,1.980966,0.000000,0.689616,1.000000,0.000000,0.000000,7.291219,inf,2486304,2486304,55872,,False,10.940340,10.940340,163.303371
2721,104,104.000000,0.113921,0.077978,0.745381,0.705339,1.174048,1.537319,2.113489,0.000000,0.745381,1.000000,0.000000,0.000000,8.109662,inf,2905344,2905344,55872,,False,10.941083,10.941083,171.278846
2722,83,83.000000,0.111511,0.086583,0.689055,0.629196,1.039791,1.307951,2.754616,0.000000,0.689055,1.000000,0.000000,0.000000,7.186386,inf,2318688,2318688,55872,,False,10.941701,10.941701,167.421687
2723,97,97.000000,0.103577,0.090674,0.767551,0.687643,1.250541,1.512223,2.572865,0.000000,0.767551,1.000000,0.000000,0.000000,8.795414,inf,2709792,2709792,55872,,False,10.942584,10.942584,136.474227
2724,102,102.000000,0.109733,0.091822,0.789952,0.689163,1.274389,1.851076,3.438373,0.000000,0.789952,1.000000,0.000000,0.000000,9.365825,inf,2849472,2849472,55872,,False,10.943640,10.943640,162.362745
2725,111,111.000000,0.101810,0.078547,0.727012,0.685561,1.164759,1.472619,2.183781,0.000000,0.727012,1.000000,0.000000,0.000000,8.718730,inf,3100896,3100896,55872,,False,10.944563,10.944563,153.648649
2726,93,93.000000,0.112547,0.091587,0.767335,0.715554,1.192017,1.304240,3.018276,0.000000,0.767335,1.000000,0.000000,0.000000,8.517557,inf,2598048,2598048,55872,,False,10.945344,10.945345,159.720430
2727,110,110.000000,0.117374,0.085500,0.797109,0.712172,1.430571,1.667086,2.853361,0.000000,0.797109,1.000000,0.000000,0.000000,9.405018,inf,3072960,3072960,55872,,False,10.945368,10.945368,166.772727
2728,99,99.000000,0.106931,0.078106,0.732549,0.714787,1.052237,1.353372,1.869011,0.000000,0.732549,1.000000,0.000000,0.000000,7.732481,inf,2765664,2765664,55872,,False,10.946019,10.946019,156.787879
2729,96,96.000000,0.097430,0.092129,0.753325,0.641633,1.420651,1.646118,2.598616,0.000000,0.753325,1.000000,0.000000,0.000000,8.844432,inf,2681856,2681856,55872,,False,10.947094,10.947094,155.302083
2730,93,93.000000,0.112056,0.084012,0.723131,0.680241,1.107248,1.342564,1.939350,0.000000,0.723131,1.000000,0.000000,0.000000,7.813128,inf,2598048,2598048,55872,,False,10.948089,10.948089,171.688172
2731,81,81.000000,0.122325,0.109015,0.870444,0.829661,1.544581,1.732531,2.121903,0.000000,0.870444,1.000000,0.000000,0.000000,8.830189,inf,2262816,2262816,55872,,False,10.947480,10.947481,165.592593
2732,92,92.000000,0.092777,0.094328,0.743096,0.689674,1.126059,1.291967,3.667810,0.000000,0.743096,1.000000,0.000000,0.000000,8.678164,inf,2570112,2570112,55872,,False,10.949135,10.949135,150.760870
2733,99,99.000000,0.108138,0.085715,0.718623,0.653160,1.160702,1.704077,3.124508,0.000000,0.718623,1.000000,0.000000,0.000000,8.485782,inf,2765664,2765664,55872,,False,10.950049,10.950048,167.858586
2734,95,95.000000,0.110321,0.088902,0.747184,0.641279,1.304971,1.540061,2.909850,0.000000,0.747184,1.000000,0.000000,0.000000,8.445728,inf,2653920,2653920,55872,,False,10.950735,10.950735,175.778947
2735,96,96.000000,0.094241,0.095731,0.797815,0.683338,1.488635,1.692312,2.428758,0.000000,0.797815,1.000000,0.000000,0.000000,9.190139,inf,2681856,2681856,55872,,False,10.951434,10.951434,136.427083
2736,80,80.000000,0.108695,0.089763,0.676376,0.632574,1.152584,1.370065,1.477552,0.000000,0.676376,1.000000,0.000000,0.000000,7.181001,inf,2234880,2234880,55872,,False,10.952487,10.952487,168.950000
2737,74,74.000000,0.113027,0.091128,0.714669,0.644037,1.090001,1.388726,2.560279,0.000000,0.714669,1.000000,0.000000,0.000000,6.743462,inf,2067264,2067264,55872,,False,10.953257,10.953257,165.756757
2738,100,100.000000,0.108646,0.086498,0.792632,0.762028,1.409900,1.546270,2.189326,0.000000,0.792632,1.000000,0.000000,0.000000,8.649796,inf,2793600,2793600,55872,,False,10.953819,10.953820,143.250000
2739,109,109.000000,0.111802,0.081038,0.724827,0.656708,1.131885,1.335514,3.165708,0.000000,0.724827,1.000000,0.000000,0.000000,8.833164,inf,3045024,3045024,55872,,False,10.954599,10.954599,170.275229
2740,105,105.000000,0.108419,0.090644,0.775599,0.669483,1.292642,1.551266,3.653953,0.000000,0.775599,1.000000,0.000000,0.000000,9.517611,inf,2933280,2933280,55872,,False,10.954964,10.954963,148.247619
2741,87,87.000000,0.117888,0.123219,0.876297,0.797462,1.299948,1.522428,5.821080,0.000000,0.876297,1.000000,0.000000,0.000000,10.720062,inf,2430432,2430432,55872,,False,10.955070,10.955070,161.356322
2742,87,87.000000,0.100512,0.091182,0.739605,0.667067,1.201138,1.432436,2.589610,0.000000,0.739605,1.000000,0.000000,0.000000,7.932863,inf,2430432,2430432,55872,,False,10.956453,10.956453,139.517241
2743,98,98.000000,0.102785,0.078858,0.700309,0.644487,1.152803,1.282690,1.790198,0.000000,0.700309,1.000000,0.000000,0.000000,7.728101,inf,2737728,2737728,55872,,False,10.957353,10.957353,164.908163
2744,96,96.000000,0.105520,0.086474,0.736444,0.644876,1.228055,1.478500,3.615470,0.000000,0.736444,1.000000,0.000000,0.000000,8.301551,inf,2681856,2681856,55872,,False,10.958144,10.958143,154.968750
2745,89,89.000000,0.114242,0.108049,0.826293,0.716672,1.390169,1.622962,3.339148,0.000000,0.826293,1.000000,0.000000,0.000000,9.616347,inf,2486304,2486304,55872,,False,10.957873,10.957873,140.685393
2746,82,82.000000,0.109820,0.093679,0.731204,0.675514,1.192808,1.591988,1.854339,0.000000,0.731204,1.000000,0.000000,0.000000,7.681657,inf,2290752,2290752,55872,,False,10.958398,10.958398,155.548780
2747,94,94.000000,0.126891,0.089568,0.735525,0.640463,1.273688,1.703814,2.339401,0.000000,0.735525,1.000000,0.000000,0.000000,8.419436,inf,2625984,2625984,55872,,False,10.958864,10.958864,197.361702
2748,97,97.000000,0.110415,0.077887,0.708978,0.654740,1.099988,1.348167,2.093673,0.000000,0.708978,1.000000,0.000000,0.000000,7.555087,inf,2709792,2709792,55872,,False,10.959707,10.959707,165.690722
2749,88,88.000000,0.097699,0.089361,0.718793,0.629227,1.303101,1.760976,2.118856,0.000000,0.718793,1.000000,0.000000,0.000000,7.863809,inf,2458368,2458368,55872,,False,10.961054,10.961054,143.931818
2750,103,103.000000,0.112469,0.087723,0.747277,0.669030,1.306699,1.627756,2.965166,0.000000,0.747277,1.000000,0.000000,0.000000,9.035429,inf,2877408,2877408,55872,,False,10.961341,10.961340,162.359223
2751,90,90.000000,0.098342,0.099320,0.735589,0.612371,1.402854,1.839709,2.883221,0.000000,0.735589,1.000000,0.000000,0.000000,8.938811,inf,2514240,2514240,55872,,False,10.962125,10.962125,148.400000
2752,107,107.000000,0.104446,0.089291,0.762185,0.647852,1.243218,1.781650,2.570414,0.000000,0.762185,1.000000,0.000000,0.000000,9.554175,inf,2989152,2989152,55872,,False,10.962577,10.962577,165.168224
2753,102,102.000000,0.119542,0.082755,0.730215,0.665847,1.157167,1.428376,2.371302,0.000000,0.730215,1.000000,0.000000,0.000000,8.440983,inf,2849472,2849472,55872,,False,10.963174,10.963174,175.892157
2754,93,93.000000,0.110126,0.085609,0.706497,0.691814,1.130123,1.330679,1.788923,0.000000,0.706497,1.000000,0.000000,0.000000,7.961680,inf,2598048,2598048,55872,,False,10.963883,10.963883,175.053763
2755,94,94.000000,0.103948,0.080532,0.710523,0.685691,1.162921,1.462644,2.229793,0.000000,0.710523,1.000000,0.000000,0.000000,7.569986,inf,2625984,2625984,55872,,False,10.964720,10.964719,150.478723
2756,87,87.000000,0.110762,0.087807,0.721532,0.634400,1.252784,1.426188,2.262561,0.000000,0.721532,1.000000,0.000000,0.000000,7.639244,inf,2430432,2430432,55872,,False,10.965486,10.965486,166.091954
2757,118,118.000000,0.111219,0.083455,0.756819,0.628740,1.502263,1.646990,2.642666,0.000000,0.756819,1.000000,0.000000,0.000000,9.847673,inf,3296448,3296448,55872,,False,10.966677,10.966678,181.305085
2758,109,109.000000,0.110562,0.075574,0.751477,0.703886,1.263828,1.377340,2.396371,0.000000,0.751477,1.000000,0.000000,0.000000,8.237559,inf,3045024,3045024,55872,,False,10.966721,10.966721,157.889908
2759,87,87.000000,0.115420,0.090418,0.756307,0.701720,1.177014,1.408963,2.659014,0.000000,0.756307,1.000000,0.000000,0.000000,7.866401,inf,2430432,2430432,55872,,False,10.967091,10.967091,170.540230
2760,88,88.000000,0.109481,0.088033,0.744413,0.713238,1.249042,1.394359,2.145461,0.000000,0.744413,1.000000,0.000000,0.000000,7.746890,inf,2458368,2458368,55872,,False,10.968148,10.968148,172.920455
2761,102,102.000000,0.091409,0.077900,0.662507,0.608754,1.170567,1.530941,2.524258,0.000000,0.662507,1.000000,0.000000,0.000000,7.945798,inf,2849472,2849472,55872,,False,10.968864,10.968864,146.215686
2762,92,92.000000,0.120043,0.086467,0.755073,0.689409,1.262367,1.489875,2.236478,0.000000,0.755073,1.000000,0.000000,0.000000,7.954972,inf,2570112,2570112,55872,,False,10.968784,10.968784,176.684783
2763,96,96.000000,0.109046,0.096450,0.783342,0.637691,1.408709,1.847722,2.915541,0.000000,0.783342,1.000000,0.000000,0.000000,9.259238,inf,2681856,2681856,55872,,False,10.969249,10.969249,166.197917
2764,98,98.000000,0.109569,0.090433,0.757819,0.677132,1.272461,1.734751,2.980201,0.000000,0.757819,1.000000,0.000000,0.000000,8.862460,inf,2737728,2737728,55872,,False,10.969535,10.969535,167.010204
2765,98,98.000000,0.101155,0.088732,0.768893,0.684487,1.273573,1.808513,2.354889,0.000000,0.768893,1.000000,0.000000,0.000000,8.695752,inf,2737728,2737728,55872,,False,10.970389,10.970389,137.255102
2766,94,94.000000,0.094834,0.077136,0.656105,0.615804,1.015349,1.108455,2.387683,0.000000,0.656105,1.000000,0.000000,0.000000,7.250743,inf,2625984,2625984,55872,,False,10.971570,10.971569,141.117021
2767,88,88.000000,0.117464,0.082326,0.668837,0.654157,1.044456,1.141425,2.738240,0.000000,0.668837,1.000000,0.000000,0.000000,7.244703,inf,2458368,2458368,55872,,False,10.972140,10.972141,200.193182
2768,92,92.000000,0.116269,0.100864,0.802878,0.669075,1.406344,1.633031,3.570438,0.000000,0.802878,1.000000,0.000000,0.000000,9.279497,inf,2570112,2570112,55872,,False,10.972941,10.972941,179.054348
2769,100,100.000000,0.110145,0.088159,0.728572,0.628744,1.214252,1.619108,2.755202,0.000000,0.728572,1.000000,0.000000,0.000000,8.815883,inf,2793600,2793600,55872,,False,10.973271,10.973270,177.910000
2770,86,86.000000,0.108565,0.093647,0.738324,0.684899,1.140465,1.500358,2.729080,0.000000,0.738324,1.000000,0.000000,0.000000,8.053636,inf,2402496,2402496,55872,,False,10.973523,10.973523,151.779070
2771,107,107.000000,0.107376,0.085353,0.758473,0.681608,1.287363,1.642362,2.398176,0.000000,0.758473,1.000000,0.000000,0.000000,9.132774,inf,2989152,2989152,55872,,False,10.974251,10.974251,164.112150
2772,77,77.000000,0.106090,0.096460,0.702931,0.579958,1.262453,1.455540,2.656206,0.000000,0.702931,1.000000,0.000000,0.000000,7.427421,inf,2151072,2151072,55872,,False,10.975448,10.975448,180.051948
2773,90,90.000000,0.116138,0.096521,0.824919,0.718002,1.317508,1.568996,2.358359,0.000000,0.824919,1.000000,0.000000,0.000000,8.686910,inf,2514240,2514240,55872,,False,10.975939,10.975939,155.388889
2774,102,102.000000,0.112102,0.079796,0.685349,0.605437,1.307789,1.420344,2.167349,0.000000,0.685349,1.000000,0.000000,0.000000,8.139192,inf,2849472,2849472,55872,,False,10.976514,10.976514,170.333333
2775,105,105.000000,0.109380,0.086273,0.769315,0.642142,1.323889,1.701512,3.290912,0.000000,0.769315,1.000000,0.000000,0.000000,9.058698,inf,2933280,2933280,55872,,False,10.976934,10.976933,160.447619
2776,87,87.000000,0.102408,0.099506,0.811831,0.744290,1.322023,1.710411,2.310545,0.000000,0.811831,1.000000,0.000000,0.000000,8.657035,inf,2430432,2430432,55872,,False,10.977551,10.977551,142.586207
2777,85,85.000000,0.102096,0.077609,0.627414,0.590832,1.030722,1.133793,1.708342,0.000000,0.627414,1.000000,0.000000,0.000000,6.596797,inf,2374560,2374560,55872,,False,10.979141,10.979141,174.776471
2778,106,106.000000,0.105130,0.088480,0.766855,0.672636,1.318630,1.500701,4.084204,0.000000,0.766855,1.000000,0.000000,0.000000,9.378877,inf,2961216,2961216,55872,,False,10.980011,10.980011,164.028302
2779,84,84.000000,0.118313,0.100665,0.811862,0.670378,1.486014,1.924113,2.586122,0.000000,0.811862,1.000000,0.000000,0.000000,8.455866,inf,2346624,2346624,55872,,False,10.980515,10.980515,169.071429
2780,94,94.000000,0.118133,0.092080,0.763057,0.666835,1.316926,1.556370,2.536874,0.000000,0.763057,1.000000,0.000000,0.000000,8.655557,inf,2625984,2625984,55872,,False,10.980882,10.980882,171.542553
2781,94,94.000000,0.106297,0.087142,0.721895,0.660185,1.382691,1.633843,2.026018,0.000000,0.721895,1.000000,0.000000,0.000000,8.191305,inf,2625984,2625984,55872,,False,10.981326,10.981326,155.840426
2782,84,84.000000,0.103738,0.094912,0.712267,0.625145,1.231265,1.620505,2.159992,0.000000,0.712267,1.000000,0.000000,0.000000,7.972586,inf,2346624,2346624,55872,,False,10.982409,10.982409,144.750000
2783,93,93.000000,0.110606,0.100870,0.768409,0.676381,1.370139,1.847271,3.512698,0.000000,0.768409,1.000000,0.000000,0.000000,9.380886,inf,2598048,2598048,55872,,False,10.983353,10.983353,176.215054
2784,101,101.000000,0.095703,0.077390,0.678555,0.601944,1.142375,1.351504,2.297908,0.000000,0.678555,1.000000,0.000000,0.000000,7.816433,inf,2821536,2821536,55872,,False,10.984407,10.984407,162.148515
2785,98,98.000000,0.110054,0.092648,0.770786,0.658833,1.384923,1.586764,3.061601,0.000000,0.770786,1.000000,0.000000,0.000000,9.079548,inf,2737728,2737728,55872,,False,10.985431,10.985431,164.989796
2786,101,101.000000,0.107635,0.095303,0.749765,0.639015,1.148246,1.630647,4.588613,0.000000,0.749765,1.000000,0.000000,0.000000,9.625631,inf,2821536,2821536,55872,,False,10.986166,10.986167,161.267327
2787,95,95.000000,0.112819,0.091404,0.759684,0.691336,1.123475,1.414597,3.202880,0.000000,0.759684,1.000000,0.000000,0.000000,8.683416,inf,2653920,2653920,55872,,False,10.986588,10.986588,165.315789
2788,99,99.000000,0.100375,0.101299,0.828542,0.722169,1.565766,1.746332,4.277412,0.000000,0.828542,1.000000,0.000000,0.000000,10.028587,inf,2765664,2765664,55872,,False,10.987025,10.987025,142.353535
2789,100,100.000000,0.104745,0.081122,0.769589,0.719387,1.208298,1.333877,1.950755,0.000000,0.769589,1.000000,0.000000,0.000000,8.112229,inf,2793600,2793600,55872,,False,10.987647,10.987647,156.750000
2790,97,97.000000,0.099123,0.080948,0.718813,0.689469,1.155266,1.403563,2.193544,0.000000,0.718813,1.000000,0.000000,0.000000,7.851990,inf,2709792,2709792,55872,,False,10.988689,10.988689,143.226804
2791,84,84.000000,0.112574,0.104245,0.802073,0.691345,1.335361,1.496226,3.564170,0.000000,0.802073,1.000000,0.000000,0.000000,8.756546,inf,2346624,2346624,55872,,False,10.989527,10.989528,172.095238
2792,92,92.000000,0.107572,0.135584,0.871862,0.728916,1.362553,1.538786,9.230097,0.000000,0.871862,1.000000,0.000000,0.000000,12.473762,inf,2570112,2570112,55872,,False,10.990599,10.990599,159.271739
2793,95,95.000000,0.105084,0.106255,0.819036,0.650980,1.509921,1.879565,4.092254,0.000000,0.819036,1.000000,0.000000,0.000000,10.094220,inf,2653920,2653920,55872,,False,10.991554,10.991554,150.884211
2794,115,115.000000,0.102240,0.075591,0.708659,0.659879,1.247308,1.401531,2.661674,0.000000,0.708659,1.000000,0.000000,0.000000,8.692931,inf,3212640,3212640,55872,,False,10.992790,10.992789,168.730435
2795,99,99.000000,0.108597,0.090678,0.784243,0.670336,1.261187,1.873966,2.722453,0.000000,0.784243,1.000000,0.000000,0.000000,8.977108,inf,2765664,2765664,55872,,False,10.993770,10.993769,161.414141
2796,89,89.000000,0.116941,0.092903,0.727151,0.653791,1.103895,1.433014,3.840443,0.000000,0.727151,1.000000,0.000000,0.000000,8.268410,inf,2486304,2486304,55872,,False,10.994292,10.994292,169.112360
2797,109,109.000000,0.119656,0.099434,0.794760,0.681184,1.380002,1.649350,5.610400,0.000000,0.794760,1.000000,0.000000,0.000000,10.838318,inf,3045024,3045024,55872,,False,10.994529,10.994529,171.449541
2798,100,100.000000,0.107678,0.096204,0.781511,0.676718,1.215478,1.467511,3.789304,0.000000,0.781511,1.000000,0.000000,0.000000,9.620367,inf,2793600,2793600,55872,,False,10.995383,10.995384,149.520000
2799,83,83.000000,0.115056,0.100111,0.764997,0.649757,1.183603,1.528823,2.825800,0.000000,0.764997,1.000000,0.000000,0.000000,8.309213,inf,2318688,2318688,55872,,False,10.995656,10.995656,174.048193
2800,95,95.000000,0.112207,0.093149,0.770116,0.664829,1.336315,1.690094,3.000143,0.000000,0.770116,1.000000,0.000000,0.000000,8.849153,inf,2653920,2653920,55872,,False,10.996418,10.996418,159.263158
2801,84,84.000000,0.102538,0.092776,0.739110,0.720715,1.254892,1.461657,1.717589,0.000000,0.739110,1.000000,0.000000,0.000000,7.793206,inf,2346624,2346624,55872,,False,10.996881,10.996881,143.000000
2802,99,99.000000,0.107280,0.094410,0.777957,0.663838,1.391894,1.492649,3.259218,0.000000,0.777957,1.000000,0.000000,0.000000,9.346561,inf,2765664,2765664,55872,,False,10.997337,10.997337,140.676768
2803,84,84.000000,0.105549,0.099646,0.752173,0.699679,1.041438,1.425056,4.608033,0.000000,0.752173,1.000000,0.000000,0.000000,8.370257,inf,2346624,2346624,55872,,False,10.997789,10.997789,157.416667
2804,106,106.000000,0.107624,0.077730,0.699003,0.639067,1.212713,1.504658,1.957117,0.000000,0.699003,1.000000,0.000000,0.000000,8.239332,inf,2961216,2961216,55872,,False,10.998329,10.998329,180.641509
2805,105,105.000000,0.125526,0.080084,0.731527,0.692641,1.247231,1.434730,2.171400,0.000000,0.731527,1.000000,0.000000,0.000000,8.408778,inf,2933280,2933280,55872,,False,10.998834,10.998835,169.904762
2806,88,88.000000,0.114314,0.091377,0.746541,0.666704,1.263722,1.335170,2.008727,0.000000,0.746541,1.000000,0.000000,0.000000,8.041141,inf,2458368,2458368,55872,,False,10.998889,10.998889,163.306818
2807,84,84.000000,0.112779,0.098111,0.780213,0.653793,1.513503,1.698398,1.932770,0.000000,0.780213,1.000000,0.000000,0.000000,8.241361,inf,2346624,2346624,55872,,False,10.999118,10.999118,176.595238
2808,92,92.000000,0.117369,0.089997,0.781542,0.743661,1.139184,1.398369,3.380355,0.000000,0.781542,1.000000,0.000000,0.000000,8.279725,inf,2570112,2570112,55872,,False,10.998844,10.998844,153.521739
2809,100,100.000000,0.099916,0.082884,0.703588,0.638946,1.164393,1.523940,2.122692,0.000000,0.703588,1.000000,0.000000,0.000000,8.288437,inf,2793600,2793600,55872,,False,10.999446,10.999446,161.960000
2810,95,95.000000,0.100762,0.087007,0.767543,0.690437,1.206528,1.318929,2.167002,0.000000,0.767543,1.000000,0.000000,0.000000,8.265691,inf,2653920,2653920,55872,,False,11.000338,11.000338,146.094737
2811,103,103.000000,0.103563,0.081046,0.710877,0.675275,1.258812,1.513385,2.391437,0.000000,0.710877,1.000000,0.000000,0.000000,8.347766,inf,2877408,2877408,55872,,False,11.000566,11.000566,148.300971
2812,90,90.000000,0.107422,0.095564,0.755226,0.664117,1.272017,1.422473,2.126980,0.000000,0.755226,1.000000,0.000000,0.000000,8.600794,inf,2514240,2514240,55872,,False,11.001390,11.001390,167.588889
2813,98,98.000000,0.109274,0.076056,0.698402,0.696819,0.997494,1.114074,1.888970,0.000000,0.698402,1.000000,0.000000,0.000000,7.453479,inf,2737728,2737728,55872,,False,11.002144,11.002144,178.142857
2814,103,103.000000,0.106814,0.081222,0.717335,0.660012,1.066126,1.332380,2.958540,0.000000,0.717335,1.000000,0.000000,0.000000,8.365909,inf,2877408,2877408,55872,,False,11.003216,11.003216,146.106796
2815,86,86.000000,0.109694,0.094327,0.710162,0.658501,1.189645,1.367698,3.260720,0.000000,0.710162,1.000000,0.000000,0.000000,8.112163,inf,2402496,2402496,55872,,False,11.003983,11.003983,174.244186
2816,104,104.000000,0.105888,0.076512,0.703224,0.612381,1.255336,1.425660,1.958235,0.000000,0.703224,1.000000,0.000000,0.000000,7.957250,inf,2905344,2905344,55872,,False,11.004593,11.004593,166.759615
2817,107,107.000000,0.104563,0.081065,0.746087,0.683031,1.189779,1.488043,2.609328,0.000000,0.746087,1.000000,0.000000,0.000000,8.673930,inf,2989152,2989152,55872,,False,11.005272,11.005272,167.214953
2818,88,88.000000,0.110855,0.082368,0.678710,0.636027,1.081753,1.181481,2.076586,0.000000,0.678710,1.000000,0.000000,0.000000,7.248377,inf,2458368,2458368,55872,,False,11.006539,11.006539,193.886364
2819,105,105.000000,0.102374,0.094363,0.818489,0.687371,1.528253,1.705026,3.082961,0.000000,0.818489,1.000000,0.000000,0.000000,9.908152,inf,2933280,2933280,55872,,False,11.007413,11.007412,139.076190
2820,82,82.000000,0.097585,0.104691,0.744818,0.593817,1.245718,1.791258,3.380504,0.000000,0.744818,1.000000,0.000000,0.000000,8.584696,inf,2290752,2290752,55872,,False,11.008809,11.008810,150.402439
2821,89,89.000000,0.108179,0.093873,0.762973,0.685789,1.251267,1.560697,2.656174,0.000000,0.762973,1.000000,0.000000,0.000000,8.354683,inf,2486304,2486304,55872,,False,11.009706,11.009706,160.460674
2822,96,96.000000,0.094822,0.085307,0.695883,0.617904,1.176980,1.338767,2.698442,0.000000,0.695883,1.000000,0.000000,0.000000,8.189427,inf,2681856,2681856,55872,,False,11.010528,11.010528,155.614583
2823,123,123.000000,0.119065,0.078000,0.738779,0.664827,1.263311,1.581108,1.874519,0.000000,0.738779,1.000000,0.000000,0.000000,9.593984,inf,3436128,3436128,55872,,False,11.010561,11.010561,178.520325
2824,86,86.000000,0.114163,0.106020,0.869517,0.756872,1.458495,1.816845,3.034062,0.000000,0.869517,1.000000,0.000000,0.000000,9.117731,inf,2402496,2402496,55872,,False,11.011174,11.011174,149.174419
2825,86,86.000000,0.103757,0.088738,0.763108,0.718276,1.205137,1.512510,2.341073,0.000000,0.763108,1.000000,0.000000,0.000000,7.631467,inf,2402496,2402496,55872,,False,11.011608,11.011608,151.697674
2826,90,90.000000,0.101913,0.091613,0.703693,0.678012,1.149294,1.352937,4.101518,0.000000,0.703693,1.000000,0.000000,0.000000,8.245182,inf,2514240,2514240,55872,,False,11.012393,11.012394,153.722222
2827,98,98.000000,0.104968,0.079420,0.692253,0.640350,1.130193,1.368772,2.186965,0.000000,0.692253,1.000000,0.000000,0.000000,7.783114,inf,2737728,2737728,55872,,False,11.013260,11.013260,156.081633
2828,80,80.000000,0.109359,0.104814,0.837738,0.710957,1.377316,1.546107,2.285898,0.000000,0.837738,1.000000,0.000000,0.000000,8.385154,inf,2234880,2234880,55872,,False,11.013680,11.013679,151.900000
2829,103,103.000000,0.102954,0.078941,0.695880,0.681100,1.183796,1.350854,1.718526,0.000000,0.695880,1.000000,0.000000,0.000000,8.130966,inf,2877408,2877408,55872,,False,11.014527,11.014527,160.951456
2830,108,108.000000,0.100893,0.078980,0.722851,0.686294,1.231928,1.434712,2.139670,0.000000,0.722851,1.000000,0.000000,0.000000,8.529842,inf,3017088,3017088,55872,,False,11.015419,11.015419,169.129630
2831,104,104.000000,0.118132,0.081794,0.702148,0.618100,1.243762,1.397595,2.342756,0.000000,0.702148,1.000000,0.000000,0.000000,8.506528,inf,2905344,2905344,55872,,False,11.015813,11.015813,193.432692
2832,98,98.000000,0.111564,0.091365,0.753592,0.696321,1.205471,1.520757,3.651350,0.000000,0.753592,1.000000,0.000000,0.000000,8.953757,inf,2737728,2737728,55872,,False,11.015529,11.015529,162.765306
2833,96,96.000000,0.106525,0.099245,0.838612,0.700251,1.334709,1.744945,3.132930,0.000000,0.838612,1.000000,0.000000,0.000000,9.527488,inf,2681856,2681856,55872,,False,11.016315,11.016315,139.906250
2834,109,109.000000,0.095842,0.085227,0.779213,0.687597,1.324115,1.632591,2.467982,0.000000,0.779213,1.000000,0.000000,0.000000,9.289746,inf,3045024,3045024,55872,,False,11.017709,11.017709,135.577982
2835,112,112.000000,0.112699,0.078320,0.721158,0.658798,1.293272,1.542513,2.014405,0.000000,0.721158,1.000000,0.000000,0.000000,8.771849,inf,3128832,3128832,55872,,False,11.017919,11.017919,163.276786
2836,79,79.000000,0.105460,0.083570,0.679463,0.631350,1.098299,1.325694,1.693810,0.000000,0.679463,1.000000,0.000000,0.000000,6.602067,inf,2206944,2206944,55872,,False,11.018624,11.018625,180.151899
2837,98,98.000000,0.104352,0.082692,0.726448,0.649239,1.147042,1.339080,3.408615,0.000000,0.726448,1.000000,0.000000,0.000000,8.103798,inf,2737728,2737728,55872,,False,11.019679,11.019679,173.663265
2838,92,92.000000,0.101346,0.088635,0.756333,0.682211,1.252875,1.615881,2.148711,0.000000,0.756333,1.000000,0.000000,0.000000,8.154392,inf,2570112,2570112,55872,,False,11.020663,11.020663,138.858696
2839,107,107.000000,0.108369,0.090556,0.762935,0.667963,1.221853,1.504199,3.674096,0.000000,0.762935,1.000000,0.000000,0.000000,9.689473,inf,2989152,2989152,55872,,False,11.021238,11.021238,164.616822
2840,98,98.000000,0.098878,0.096222,0.790124,0.694534,1.222534,1.553846,4.365729,0.000000,0.790124,1.000000,0.000000,0.000000,9.429738,inf,2737728,2737728,55872,,False,11.022158,11.022158,135.826531
2841,100,100.000000,0.114490,0.083708,0.727375,0.689963,1.236328,1.471373,2.648841,0.000000,0.727375,1.000000,0.000000,0.000000,8.370824,inf,2793600,2793600,55872,,False,11.022512,11.022513,169.640000
2842,97,97.000000,0.096511,0.079915,0.696633,0.661338,1.211153,1.370568,2.227103,0.000000,0.696633,1.000000,0.000000,0.000000,7.751768,inf,2709792,2709792,55872,,False,11.024130,11.024130,164.917526
2843,91,91.000000,0.089447,0.086462,0.741733,0.653537,1.209870,1.363091,2.020715,0.000000,0.741733,1.000000,0.000000,0.000000,7.867999,inf,2542176,2542176,55872,,False,11.024752,11.024752,129.340659
2844,95,95.000000,0.099446,0.079294,0.678983,0.657756,1.126916,1.341977,1.988392,0.000000,0.678983,1.000000,0.000000,0.000000,7.532977,inf,2653920,2653920,55872,,False,11.026066,11.026066,140.726316
2845,100,100.000000,0.122849,0.091746,0.810980,0.669638,1.507774,1.774584,2.507904,0.000000,0.810980,1.000000,0.000000,0.000000,9.174550,inf,2793600,2793600,55872,,False,11.025959,11.025959,178.400000
2846,83,83.000000,0.109394,0.101777,0.794443,0.696995,1.244774,1.495519,2.256167,0.000000,0.794443,1.000000,0.000000,0.000000,8.447484,inf,2318688,2318688,55872,,False,11.026614,11.026614,157.566265
2847,97,97.000000,0.098871,0.081769,0.727693,0.658317,1.215526,1.451707,1.802741,0.000000,0.727693,1.000000,0.000000,0.000000,7.931625,inf,2709792,2709792,55872,,False,11.027801,11.027801,148.835052
2848,96,96.000000,0.114351,0.087147,0.773343,0.716691,1.217019,1.411089,2.227419,0.000000,0.773343,1.000000,0.000000,0.000000,8.366107,inf,2681856,2681856,55872,,False,11.027794,11.027795,144.083333
2849,102,102.000000,0.100602,0.081815,0.709817,0.651273,1.307927,1.428473,1.884598,0.000000,0.709817,1.000000,0.000000,0.000000,8.345121,inf,2849472,2849472,55872,,False,11.028360,11.028360,159.049020
2850,94,94.000000,0.110817,0.093290,0.766879,0.647005,1.415796,1.821865,2.777145,0.000000,0.766879,1.000000,0.000000,0.000000,8.769285,inf,2625984,2625984,55872,,False,11.028893,11.028893,154.127660
2851,98,98.000000,0.102330,0.093568,0.769680,0.643637,1.419230,1.857583,2.740069,0.000000,0.769680,1.000000,0.000000,0.000000,9.169685,inf,2737728,2737728,55872,,False,11.029079,11.029080,150.775510
2852,91,91.000000,0.109662,0.091021,0.817926,0.741575,1.305761,1.616001,2.531938,0.000000,0.817926,1.000000,0.000000,0.000000,8.282916,inf,2542176,2542176,55872,,False,11.029795,11.029795,167.208791
2853,87,87.000000,0.095425,0.122628,0.773491,0.661008,1.360536,1.572042,6.810674,0.000000,0.773491,1.000000,0.000000,0.000000,10.668648,inf,2430432,2430432,55872,,False,11.031167,11.031167,136.091954
2854,100,100.000000,0.123353,0.092151,0.765370,0.708514,1.152386,1.641845,3.118313,0.000000,0.765370,1.000000,0.000000,0.000000,9.215067,inf,2793600,2793600,55872,,False,11.031363,11.031363,184.970000
2855,81,81.000000,0.108461,0.100960,0.758042,0.669094,1.299827,1.701314,2.588330,0.000000,0.758042,1.000000,0.000000,0.000000,8.177760,inf,2262816,2262816,55872,,False,11.031533,11.031533,153.790123
2856,97,97.000000,0.102908,0.084936,0.720381,0.656194,1.251606,1.429793,1.887727,0.000000,0.720381,1.000000,0.000000,0.000000,8.238751,inf,2709792,2709792,55872,,False,11.032379,11.032379,163.536082
2857,101,101.000000,0.116448,0.080001,0.695238,0.616005,1.113307,1.528103,2.055563,0.000000,0.695238,1.000000,0.000000,0.000000,8.080055,inf,2821536,2821536,55872,,False,11.033714,11.033713,174.653465
2858,89,89.000000,0.109033,0.091235,0.739978,0.679283,1.206093,1.309586,2.913150,0.000000,0.739978,1.000000,0.000000,0.000000,8.119926,inf,2486304,2486304,55872,,False,11.034113,11.034113,159.382022
2859,83,83.000000,0.101781,0.094899,0.743320,0.656103,1.434217,1.546937,1.791609,0.000000,0.743320,1.000000,0.000000,0.000000,7.876637,inf,2318688,2318688,55872,,False,11.034898,11.034898,182.240964
2860,87,87.000000,0.120150,0.100444,0.765303,0.622455,1.243739,1.972585,3.421511,0.000000,0.765303,1.000000,0.000000,0.000000,8.738670,inf,2430432,2430432,55872,,False,11.035347,11.035347,175.022989
2861,89,89.000000,0.102454,0.084064,0.659828,0.620965,1.158987,1.356477,2.403195,0.000000,0.659828,1.000000,0.000000,0.000000,7.481708,inf,2486304,2486304,55872,,False,11.035682,11.035682,151.719101
2862,104,104.000000,0.121064,0.089325,0.765944,0.709855,1.390540,1.698173,3.016803,0.000000,0.765944,1.000000,0.000000,0.000000,9.289820,inf,2905344,2905344,55872,,False,11.036038,11.036038,173.355769
2863,96,96.000000,0.111740,0.095409,0.822070,0.754899,1.367697,1.701076,2.402411,0.000000,0.822070,1.000000,0.000000,0.000000,9.159222,inf,2681856,2681856,55872,,False,11.036245,11.036245,152.479167
2864,95,95.000000,0.125409,0.087238,0.772469,0.736302,1.249928,1.353340,2.139977,0.000000,0.772469,1.000000,0.000000,0.000000,8.287566,inf,2653920,2653920,55872,,False,11.036745,11.036745,172.600000
2865,82,82.000000,0.110658,0.099593,0.745246,0.657672,1.425340,1.602557,2.811320,0.000000,0.745246,1.000000,0.000000,0.000000,8.166605,inf,2290752,2290752,55872,,False,11.037086,11.037086,151.963415
2866,92,92.000000,0.108327,0.089342,0.707714,0.622151,1.120776,1.340900,3.950897,0.000000,0.707714,1.000000,0.000000,0.000000,8.219436,inf,2570112,2570112,55872,,False,11.037808,11.037807,176.250000
2867,101,101.000000,0.106140,0.088430,0.742909,0.739838,1.134922,1.489901,2.294896,0.000000,0.742909,1.000000,0.000000,0.000000,8.931478,inf,2821536,2821536,55872,,False,11.037907,11.037907,166.574257
2868,85,85.000000,0.107065,0.101345,0.796781,0.699926,1.287869,1.403649,2.870885,0.000000,0.796781,1.000000,0.000000,0.000000,8.614316,inf,2374560,2374560,55872,,False,11.037716,11.037716,161.658824
2869,86,86.000000,0.115688,0.089630,0.713995,0.631128,1.186164,1.508599,1.948249,0.000000,0.713995,1.000000,0.000000,0.000000,7.708215,inf,2402496,2402496,55872,,False,11.038233,11.038233,178.674419
2870,103,103.000000,0.097634,0.082728,0.752962,0.711903,1.175670,1.317378,3.252458,0.000000,0.752962,1.000000,0.000000,0.000000,8.520986,inf,2877408,2877408,55872,,False,11.038754,11.038754,149.961165
2871,106,106.000000,0.097127,0.084045,0.721783,0.640351,1.275562,1.519597,2.960318,0.000000,0.721783,1.000000,0.000000,0.000000,8.908735,inf,2961216,2961216,55872,,False,11.039393,11.039392,146.443396
2872,89,89.000000,0.098096,0.098877,0.766646,0.621525,1.260382,1.739047,2.912551,0.000000,0.766646,1.000000,0.000000,0.000000,8.800093,inf,2486304,2486304,55872,,False,11.040632,11.040632,161.089888
2873,92,92.000000,0.103834,0.086329,0.708650,0.657017,1.326069,1.470821,1.806951,0.000000,0.708650,1.000000,0.000000,0.000000,7.942280,inf,2570112,2570112,55872,,False,11.041072,11.041072,152.489130
2874,102,102.000000,0.109848,0.084005,0.768794,0.727402,1.272801,1.569498,2.312429,0.000000,0.768794,1.000000,0.000000,0.000000,8.568516,inf,2849472,2849472,55872,,False,11.041932,11.041932,166.019608
2875,90,90.000000,0.107192,0.106672,0.784838,0.639023,1.526660,1.762392,4.447820,0.000000,0.784838,1.000000,0.000000,0.000000,9.600464,inf,2514240,2514240,55872,,False,11.041423,11.041423,166.933333
2876,100,100.000000,0.105090,0.085114,0.759926,0.672393,1.210149,1.542844,2.282472,0.000000,0.759926,1.000000,0.000000,0.000000,8.511377,inf,2793600,2793600,55872,,False,11.042138,11.042138,159.640000
2877,93,93.000000,0.105446,0.083743,0.719405,0.606253,1.249776,1.630363,2.061036,0.000000,0.719405,1.000000,0.000000,0.000000,7.788107,inf,2598048,2598048,55872,,False,11.042729,11.042729,160.935484
2878,92,92.000000,0.103123,0.090053,0.754691,0.700833,1.360602,1.488177,1.932650,0.000000,0.754691,1.000000,0.000000,0.000000,8.284866,inf,2570112,2570112,55872,,False,11.043743,11.043743,148.586957
2879,92,92.000000,0.116066,0.079644,0.712304,0.667744,1.163204,1.274495,2.250048,0.000000,0.712304,1.000000,0.000000,0.000000,7.327287,inf,2570112,2570112,55872,,False,11.044498,11.044498,176.065217
2880,91,91.000000,0.101021,0.099973,0.817594,0.707919,1.460382,1.736761,3.000962,0.000000,0.817594,1.000000,0.000000,0.000000,9.097503,inf,2542176,2542176,55872,,False,11.045036,11.045036,149.593407
2881,110,110.000000,0.098709,0.087918,0.773352,0.709331,1.275445,1.693142,2.608010,0.000000,0.773352,1.000000,0.000000,0.000000,9.670994,inf,3072960,3072960,55872,,False,11.045729,11.045729,148.854545
2882,85,85.000000,0.108945,0.105577,0.854490,0.712614,1.453218,1.968864,3.149691,0.000000,0.854490,1.000000,0.000000,0.000000,8.974038,inf,2374560,2374560,55872,,False,11.045646,11.045646,146.882353
2883,83,83.000000,0.112831,0.126769,0.834267,0.678983,1.410894,1.910089,6.518010,0.000000,0.834267,1.000000,0.000000,0.000000,10.521850,inf,2318688,2318688,55872,,False,11.045512,11.045511,168.891566
2884,88,88.000000,0.118626,0.081759,0.694419,0.661633,1.087935,1.219149,1.594390,0.000000,0.694419,1.000000,0.000000,0.000000,7.194794,inf,2458368,2458368,55872,,False,11.046102,11.046102,193.488636
2885,86,86.000000,0.117538,0.095513,0.778901,0.719644,1.232727,1.574975,2.492566,0.000000,0.778901,1.000000,0.000000,0.000000,8.214099,inf,2402496,2402496,55872,,False,11.046488,11.046488,166.686047
2886,95,95.000000,0.111047,0.088089,0.766483,0.718533,1.454097,1.698396,2.517565,0.000000,0.766483,1.000000,0.000000,0.000000,8.368482,inf,2653920,2653920,55872,,False,11.046934,11.046933,156.821053
2887,93,93.000000,0.119819,0.088471,0.756999,0.720261,1.238147,1.425494,2.372720,0.000000,0.756999,1.000000,0.000000,0.000000,8.227817,inf,2598048,2598048,55872,,False,11.047173,11.047172,178.225806
2888,94,94.000000,0.099309,0.085407,0.719373,0.669381,1.117578,1.205267,3.166316,0.000000,0.719373,1.000000,0.000000,0.000000,8.028291,inf,2625984,2625984,55872,,False,11.048434,11.048434,162.223404
2889,81,81.000000,0.092260,0.088586,0.715966,0.653096,1.404482,1.560969,2.574239,0.000000,0.715966,1.000000,0.000000,0.000000,7.175465,inf,2262816,2262816,55872,,False,11.049283,11.049283,144.913580
2890,99,99.000000,0.111401,0.099062,0.817719,0.666040,1.726645,2.043658,2.613255,0.000000,0.817719,1.000000,0.000000,0.000000,9.807159,inf,2765664,2765664,55872,,False,11.049747,11.049747,171.898990
2891,94,94.000000,0.113934,0.089429,0.770519,0.691821,1.317610,1.647369,2.044033,0.000000,0.770519,1.000000,0.000000,0.000000,8.406291,inf,2625984,2625984,55872,,False,11.050515,11.050515,154.638298
2892,107,107.000000,0.103971,0.081511,0.736257,0.659323,1.187099,1.477540,1.958073,0.000000,0.736257,1.000000,0.000000,0.000000,8.721652,inf,2989152,2989152,55872,,False,11.050964,11.050964,158.635514
2893,99,99.000000,0.109808,0.090325,0.741416,0.689177,1.170211,1.615748,2.701021,0.000000,0.741416,1.000000,0.000000,0.000000,8.942143,inf,2765664,2765664,55872,,False,11.050958,11.050959,167.050505
2894,89,89.000000,0.106355,0.099908,0.815735,0.708945,1.467606,1.831240,2.477341,0.000000,0.815735,1.000000,0.000000,0.000000,8.891843,inf,2486304,2486304,55872,,False,11.050955,11.050955,142.539326
2895,98,98.000000,0.123386,0.093827,0.801951,0.737188,1.330664,1.686969,2.302202,0.000000,0.801951,1.000000,0.000000,0.000000,9.195075,inf,2737728,2737728,55872,,False,11.051351,11.051351,183.500000
2896,78,78.000000,0.109527,0.096481,0.746734,0.652879,1.311209,1.808086,2.411096,0.000000,0.746734,1.000000,0.000000,0.000000,7.525483,inf,2179008,2179008,55872,,False,11.051816,11.051816,162.474359
2897,86,86.000000,0.104861,0.087709,0.676267,0.615199,1.223113,1.351628,1.764300,0.000000,0.676267,1.000000,0.000000,0.000000,7.542951,inf,2402496,2402496,55872,,False,11.052855,11.052855,176.151163
2898,74,74.000000,0.114877,0.100524,0.793639,0.687957,1.413557,1.579673,2.228805,0.000000,0.793639,1.000000,0.000000,0.000000,7.438766,inf,2067264,2067264,55872,,False,11.053196,11.053196,172.297297
2899,106,106.000000,0.118789,0.103113,0.866399,0.684437,1.550424,2.054074,3.005818,0.000000,0.866399,1.000000,0.000000,0.000000,10.930003,inf,2961216,2961216,55872,,False,11.053411,11.053412,168.367925
2900,95,95.000000,0.114157,0.087491,0.743034,0.725277,1.283035,1.509649,1.947370,0.000000,0.743034,1.000000,0.000000,0.000000,8.311617,inf,2653920,2653920,55872,,False,11.053768,11.053767,176.442105
2901,101,101.000000,0.121490,0.086375,0.782143,0.678837,1.277699,1.701936,2.311595,0.000000,0.782143,1.000000,0.000000,0.000000,8.723916,inf,2821536,2821536,55872,,False,11.054966,11.054966,173.554455
2902,75,75.000000,0.089642,0.089977,0.679900,0.697247,1.071831,1.408121,2.106585,0.000000,0.679900,1.000000,0.000000,0.000000,6.748256,inf,2095200,2095200,55872,,False,11.056250,11.056249,140.800000
2903,109,109.000000,0.115393,0.098710,0.831510,0.708397,1.361802,2.158505,3.664289,0.000000,0.831510,1.000000,0.000000,0.000000,10.759345,inf,3045024,3045024,55872,,False,11.056389,11.056389,170.412844
2904,93,93.000000,0.104721,0.087217,0.706929,0.595853,1.182428,1.636659,2.651342,0.000000,0.706929,1.000000,0.000000,0.000000,8.111201,inf,2598048,2598048,55872,,False,11.057498,11.057499,174.720430
2905,97,97.000000,0.101407,0.114818,0.794005,0.617256,1.308961,1.904179,7.281231,0.000000,0.794005,1.000000,0.000000,0.000000,11.137394,inf,2709792,2709792,55872,,False,11.057974,11.057974,148.309278
2906,86,86.000000,0.105909,0.090252,0.739865,0.769719,1.287918,1.365545,1.866336,0.000000,0.739865,1.000000,0.000000,0.000000,7.761666,inf,2402496,2402496,55872,,False,11.058892,11.058893,146.383721
2907,112,112.000000,0.105128,0.083929,0.732199,0.621480,1.289932,1.595903,2.561222,0.000000,0.732199,1.000000,0.000000,0.000000,9.400055,inf,3128832,3128832,55872,,False,11.059765,11.059765,168.857143
2908,101,101.000000,0.094858,0.087763,0.768214,0.755440,1.210606,1.429738,1.727223,0.000000,0.768214,1.000000,0.000000,0.000000,8.864084,inf,2821536,2821536,55872,,False,11.060867,11.060868,136.069307
2909,96,96.000000,0.109143,0.100684,0.809462,0.719183,1.421809,1.760028,2.173501,0.000000,0.809462,1.000000,0.000000,0.000000,9.665681,inf,2681856,2681856,55872,,False,11.061147,11.061147,152.864583
2910,83,83.000000,0.109531,0.090290,0.703517,0.617057,1.294179,1.610810,2.385865,0.000000,0.703517,1.000000,0.000000,0.000000,7.494078,inf,2318688,2318688,55872,,False,11.061963,11.061963,181.313253
2911,100,100.000000,0.106281,0.089601,0.781682,0.743414,1.309643,1.626893,2.129052,0.000000,0.781682,1.000000,0.000000,0.000000,8.960122,inf,2793600,2793600,55872,,False,11.062605,11.062605,170.830000
2912,87,87.000000,0.097300,0.093030,0.761674,0.713693,1.335070,1.486100,3.805108,0.000000,0.761674,1.000000,0.000000,0.000000,8.093602,inf,2430432,2430432,55872,,False,11.062943,11.062943,134.747126
2913,91,91.000000,0.109803,0.102783,0.795412,0.693629,1.382674,1.516579,4.595562,0.000000,0.795412,1.000000,0.000000,0.000000,9.353240,inf,2542176,2542176,55872,,False,11.063339,11.063340,172.615385
2914,86,86.000000,0.103599,0.097035,0.780865,0.701400,1.320401,1.505747,3.623627,0.000000,0.780865,1.000000,0.000000,0.000000,8.345008,inf,2402496,2402496,55872,,False,11.064129,11.064129,144.244186
2915,109,109.000000,0.113759,0.093862,0.809128,0.706039,1.293431,1.669180,3.532412,0.000000,0.809128,1.000000,0.000000,0.000000,10.230930,inf,3045024,3045024,55872,,False,11.064313,11.064313,152.935780
2916,87,87.000000,0.111296,0.122707,0.795073,0.650189,1.363772,1.496892,8.212131,0.000000,0.795073,1.000000,0.000000,0.000000,10.675513,inf,2430432,2430432,55872,,False,11.064436,11.064436,151.965517
2917,82,82.000000,0.108897,0.088099,0.707660,0.661812,1.157466,1.369218,1.726497,0.000000,0.707660,1.000000,0.000000,0.000000,7.224121,inf,2290752,2290752,55872,,False,11.065294,11.065294,157.682927
2918,88,88.000000,0.100131,0.102719,0.785507,0.676380,1.564864,1.882612,2.229733,0.000000,0.785507,1.000000,0.000000,0.000000,9.039300,inf,2458368,2458368,55872,,False,11.065975,11.065975,146.795455
2919,94,94.000000,0.110923,0.099383,0.775639,0.609201,1.225119,1.389435,5.847003,0.000000,0.775639,1.000000,0.000000,0.000000,9.341967,inf,2625984,2625984,55872,,False,11.066401,11.066401,172.159574
2920,114,114.000000,0.110998,0.076083,0.726729,0.671148,1.203436,1.312752,1.511217,0.000000,0.726729,1.000000,0.000000,0.000000,8.673448,inf,3184704,3184704,55872,,False,11.066649,11.066649,154.561404
2921,79,79.000000,0.109285,0.108380,0.800852,0.730738,1.395075,1.821092,2.546534,0.000000,0.800852,1.000000,0.000000,0.000000,8.561985,inf,2206944,2206944,55872,,False,11.067131,11.067131,149.278481
2922,90,90.000000,0.105616,0.089509,0.726034,0.659841,1.269620,1.349415,1.659433,0.000000,0.726034,1.000000,0.000000,0.000000,8.055779,inf,2514240,2514240,55872,,False,11.068251,11.068251,165.588889
2923,94,94.000000,0.119473,0.098050,0.822493,0.688008,1.353108,1.795681,2.954679,0.000000,0.822493,1.000000,0.000000,0.000000,9.216718,inf,2625984,2625984,55872,,False,11.068313,11.068312,170.914894
2924,98,98.000000,0.108605,0.089123,0.802538,0.704212,1.406205,1.692674,2.650292,0.000000,0.802538,1.000000,0.000000,0.000000,8.734068,inf,2737728,2737728,55872,,False,11.069120,11.069120,146.714286
2925,97,97.000000,0.117868,0.082619,0.682223,0.607024,1.188978,1.481420,1.946425,0.000000,0.682223,1.000000,0.000000,0.000000,8.014054,inf,2709792,2709792,55872,,False,11.069307,11.069307,194.494845
2926,93,93.000000,0.106008,0.079226,0.688767,0.678697,1.140439,1.249254,2.231980,0.000000,0.688767,1.000000,0.000000,0.000000,7.368021,inf,2598048,2598048,55872,,False,11.070271,11.070271,165.451613
2927,112,112.000000,0.104360,0.074503,0.657014,0.606458,1.174392,1.300479,1.938287,0.000000,0.657014,1.000000,0.000000,0.000000,8.344332,inf,3128832,3128832,55872,,False,11.070968,11.070968,162.339286
2928,100,100.000000,0.111013,0.092029,0.799580,0.717670,1.285364,1.384177,2.312873,0.000000,0.799580,1.000000,0.000000,0.000000,9.202884,inf,2793600,2793600,55872,,False,11.071435,11.071435,159.130000
2929,94,94.000000,0.120283,0.105325,0.832850,0.681323,1.393539,1.535713,5.171149,0.000000,0.832850,1.000000,0.000000,0.000000,9.900537,inf,2625984,2625984,55872,,False,11.071482,11.071482,174.106383
2930,100,100.000000,0.096953,0.091312,0.756326,0.686482,1.133136,1.728034,2.655968,0.000000,0.756326,1.000000,0.000000,0.000000,9.131243,inf,2793600,2793600,55872,,False,11.072674,11.072674,143.450000
2931,102,102.000000,0.104459,0.086815,0.745687,0.656416,1.393406,1.712908,2.198102,0.000000,0.745687,1.000000,0.000000,0.000000,8.855114,inf,2849472,2849472,55872,,False,11.073119,11.073119,159.588235
2932,89,89.000000,0.116402,0.100909,0.765171,0.636843,1.215733,1.689233,3.356717,0.000000,0.765171,1.000000,0.000000,0.000000,8.980882,inf,2486304,2486304,55872,,False,11.073260,11.073261,188.943820
2933,83,83.000000,0.101117,0.092620,0.722294,0.654288,1.130759,1.810831,2.081086,0.000000,0.722294,1.000000,0.000000,0.000000,7.687419,inf,2318688,2318688,55872,,False,11.074331,11.074332,149.457831
2934,107,107.000000,0.095891,0.090975,0.713159,0.629833,1.092665,1.364669,5.121403,0.000000,0.713159,1.000000,0.000000,0.000000,9.734321,inf,2989152,2989152,55872,,False,11.075119,11.075120,148.140187
2935,92,92.000000,0.100114,0.092687,0.724579,0.603055,1.131747,1.465918,4.404434,0.000000,0.724579,1.000000,0.000000,0.000000,8.527241,inf,2570112,2570112,55872,,False,11.076075,11.076075,169.532609
2936,89,89.000000,0.103846,0.100406,0.748157,0.695431,1.206239,1.631978,3.753137,0.000000,0.748157,1.000000,0.000000,0.000000,8.936144,inf,2486304,2486304,55872,,False,11.076975,11.076975,168.977528
2937,101,101.000000,0.117730,0.078189,0.721323,0.660627,1.195688,1.380991,2.074950,0.000000,0.721323,1.000000,0.000000,0.000000,7.897051,inf,2821536,2821536,55872,,False,11.077330,11.077329,170.584158
2938,84,84.000000,0.099936,0.091942,0.745135,0.700188,1.138966,1.317774,2.081919,0.000000,0.745135,1.000000,0.000000,0.000000,7.723124,inf,2346624,2346624,55872,,False,11.078238,11.078238,149.916667
2939,107,107.000000,0.115556,0.105322,0.841760,0.678638,1.538417,2.120593,4.792681,0.000000,0.841760,1.000000,0.000000,0.000000,11.269449,inf,2989152,2989152,55872,,False,11.078545,11.078544,165.785047
2940,94,94.000000,0.109588,0.085028,0.723338,0.694017,1.300720,1.513085,2.166617,0.000000,0.723338,1.000000,0.000000,0.000000,7.992635,inf,2625984,2625984,55872,,False,11.079241,11.079241,173.936170
2941,97,97.000000,0.109262,0.092660,0.761185,0.658993,1.205844,1.868878,2.588966,0.000000,0.761185,1.000000,0.000000,0.000000,8.988006,inf,2709792,2709792,55872,,False,11.079683,11.079683,154.556701
2942,86,86.000000,0.095268,0.091237,0.743104,0.652820,1.345557,1.538784,2.350478,0.000000,0.743104,1.000000,0.000000,0.000000,7.846354,inf,2402496,2402496,55872,,False,11.080607,11.080606,143.732558
2943,78,78.000000,0.114646,0.091671,0.704243,0.621398,1.244469,1.452603,2.328837,0.000000,0.704243,1.000000,0.000000,0.000000,7.150373,inf,2179008,2179008,55872,,False,11.081164,11.081164,179.320513
2944,88,88.000000,0.101249,0.085646,0.685024,0.636088,1.172784,1.353079,1.820005,0.000000,0.685024,1.000000,0.000000,0.000000,7.536883,inf,2458368,2458368,55872,,False,11.081697,11.081697,144.443182
2945,91,91.000000,0.102458,0.088585,0.702783,0.624522,1.168303,1.401832,3.326769,0.000000,0.702783,1.000000,0.000000,0.000000,8.061268,inf,2542176,2542176,55872,,False,11.081930,11.081929,159.461538
2946,110,110.000000,0.123185,0.084273,0.776642,0.642770,1.319774,1.585185,3.227743,0.000000,0.776642,1.000000,0.000000,0.000000,9.270004,inf,3072960,3072960,55872,,False,11.082406,11.082406,177.872727
2947,107,107.000000,0.113290,0.098185,0.758093,0.642350,1.130765,1.389358,5.746340,0.000000,0.758093,1.000000,0.000000,0.000000,10.505760,inf,2989152,2989152,55872,,False,11.082843,11.082843,184.925234
2948,97,97.000000,0.103031,0.087274,0.744330,0.647003,1.294869,1.592027,2.796871,0.000000,0.744330,1.000000,0.000000,0.000000,8.465558,inf,2709792,2709792,55872,,False,11.083948,11.083948,168.206186
2949,97,97.000000,0.096576,0.091403,0.751871,0.706850,1.328987,1.472828,2.731055,0.000000,0.751871,1.000000,0.000000,0.000000,8.866103,inf,2709792,2709792,55872,,False,11.085009,11.085009,168.072165
2950,94,94.000000,0.095808,0.092701,0.731912,0.680981,1.054583,1.736505,2.919899,0.000000,0.731912,1.000000,0.000000,0.000000,8.713867,inf,2625984,2625984,55872,,False,11.086404,11.086404,164.670213
2951,90,90.000000,0.115372,0.098754,0.783381,0.688160,1.518375,1.668123,2.880722,0.000000,0.783381,1.000000,0.000000,0.000000,8.887869,inf,2514240,2514240,55872,,False,11.086844,11.086844,161.944444
2952,86,86.000000,0.109805,0.085806,0.702130,0.697881,1.112109,1.352240,1.760879,0.000000,0.702130,1.000000,0.000000,0.000000,7.379280,inf,2402496,2402496,55872,,False,11.087099,11.087099,165.720930
2953,98,98.000000,0.111092,0.081595,0.766689,0.754094,1.158611,1.345797,2.145920,0.000000,0.766689,1.000000,0.000000,0.000000,7.996312,inf,2737728,2737728,55872,,False,11.088019,11.088019,150.571429
2954,87,87.000000,0.116053,0.097602,0.742637,0.685225,1.138383,1.320426,3.843932,0.000000,0.742637,1.000000,0.000000,0.000000,8.491365,inf,2430432,2430432,55872,,False,11.088629,11.088630,165.436782
2955,95,95.000000,0.108894,0.085896,0.716051,0.667458,1.059580,1.348535,3.438770,0.000000,0.716051,1.000000,0.000000,0.000000,8.160109,inf,2653920,2653920,55872,,False,11.088967,11.088967,168.768421
2956,86,86.000000,0.102016,0.091672,0.729031,0.648648,1.276490,1.692671,2.230092,0.000000,0.729031,1.000000,0.000000,0.000000,7.883787,inf,2402496,2402496,55872,,False,11.089650,11.089651,174.267442
2957,97,97.000000,0.107381,0.087761,0.725396,0.672362,1.201146,1.673821,3.012630,0.000000,0.725396,1.000000,0.000000,0.000000,8.512806,inf,2709792,2709792,55872,,False,11.090332,11.090332,171.278351
2958,102,102.000000,0.106873,0.088615,0.733579,0.621296,1.269789,1.601724,3.222537,0.000000,0.733579,1.000000,0.000000,0.000000,9.038689,inf,2849472,2849472,55872,,False,11.091131,11.091131,163.245098
2959,96,96.000000,0.110773,0.089195,0.749905,0.695943,1.245384,1.329291,3.743798,0.000000,0.749905,1.000000,0.000000,0.000000,8.562674,inf,2681856,2681856,55872,,False,11.091370,11.091370,146.770833
2960,112,112.000000,0.102887,0.083061,0.743914,0.702878,1.204169,1.542014,2.555752,0.000000,0.743914,1.000000,0.000000,0.000000,9.302882,inf,3128832,3128832,55872,,False,11.092237,11.092237,156.919643
2961,98,98.000000,0.111941,0.093368,0.788805,0.686026,1.256003,1.430418,2.908898,0.000000,0.788805,1.000000,0.000000,0.000000,9.150046,inf,2737728,2737728,55872,,False,11.093160,11.093160,157.000000
2962,95,95.000000,0.108421,0.106752,0.846431,0.735889,1.503013,1.912944,3.086739,0.000000,0.846431,1.000000,0.000000,0.000000,10.141439,inf,2653920,2653920,55872,,False,11.093429,11.093429,157.831579
2963,107,107.000000,0.109922,0.091778,0.823113,0.730370,1.337542,1.802466,3.117735,0.000000,0.823113,1.000000,0.000000,0.000000,9.820229,inf,2989152,2989152,55872,,False,11.093606,11.093606,145.738318
2964,75,75.000000,0.110171,0.093784,0.734666,0.679225,1.106945,1.345830,2.112398,0.000000,0.734666,1.000000,0.000000,0.000000,7.033783,inf,2095200,2095200,55872,,False,11.094484,11.094485,154.453333
2965,94,94.000000,0.106405,0.082930,0.719096,0.657069,1.126754,1.422840,2.245228,0.000000,0.719096,1.000000,0.000000,0.000000,7.795458,inf,2625984,2625984,55872,,False,11.095166,11.095166,170.670213
2966,94,94.000000,0.095998,0.089416,0.750240,0.669499,1.282572,1.525157,2.031744,0.000000,0.750240,1.000000,0.000000,0.000000,8.405069,inf,2625984,2625984,55872,,False,11.095833,11.095833,129.074468
2967,93,93.000000,0.097871,0.088077,0.723856,0.714708,1.135986,1.399462,2.609273,0.000000,0.723856,1.000000,0.000000,0.000000,8.191184,inf,2598048,2598048,55872,,False,11.096729,11.096729,142.225806
2968,97,97.000000,0.111417,0.089581,0.748387,0.674387,1.315823,1.437845,2.422366,0.000000,0.748387,1.000000,0.000000,0.000000,8.689362,inf,2709792,2709792,55872,,False,11.097447,11.097447,180.835052
2969,95,95.000000,0.105996,0.087607,0.737197,0.662933,1.173011,1.476724,2.099823,0.000000,0.737197,1.000000,0.000000,0.000000,8.322618,inf,2653920,2653920,55872,,False,11.097862,11.097861,161.894737
2970,92,92.000000,0.106023,0.080477,0.691836,0.660727,1.042095,1.298496,1.915945,0.000000,0.691836,1.000000,0.000000,0.000000,7.403901,inf,2570112,2570112,55872,,False,11.098634,11.098634,177.586957
2971,95,95.000000,0.091835,0.083656,0.721267,0.653174,1.090460,1.364668,3.470867,0.000000,0.721267,1.000000,0.000000,0.000000,7.947337,inf,2653920,2653920,55872,,False,11.099523,11.099523,139.768421
2972,86,86.000000,0.101801,0.103145,0.768120,0.701872,1.198108,1.367020,5.405681,0.000000,0.768120,1.000000,0.000000,0.000000,8.870492,inf,2402496,2402496,55872,,False,11.100571,11.100571,160.232558
2973,96,96.000000,0.114975,0.095923,0.820248,0.720070,1.365098,1.656125,2.183643,0.000000,0.820248,1.000000,0.000000,0.000000,9.208586,inf,2681856,2681856,55872,,False,11.100791,11.100791,180.864583
2974,102,102.000000,0.107070,0.087852,0.793639,0.700677,1.262191,1.648183,1.994466,0.000000,0.793639,1.000000,0.000000,0.000000,8.960858,inf,2849472,2849472,55872,,False,11.101330,11.101330,146.960784
2975,100,100.000000,0.100226,0.090622,0.751293,0.677297,1.288061,1.735411,3.069926,0.000000,0.751293,1.000000,0.000000,0.000000,9.062152,inf,2793600,2793600,55872,,False,11.101783,11.101784,154.730000
2976,95,95.000000,0.099500,0.082485,0.730039,0.676718,1.274773,1.407762,1.892025,0.000000,0.730039,1.000000,0.000000,0.000000,7.836038,inf,2653920,2653920,55872,,False,11.102530,11.102530,155.600000
2977,102,102.000000,0.101093,0.082339,0.703412,0.640655,1.150312,1.548245,2.332976,0.000000,0.703412,1.000000,0.000000,0.000000,8.398533,inf,2849472,2849472,55872,,False,11.103289,11.103289,153.637255
2978,92,92.000000,0.114655,0.088286,0.737635,0.669500,1.242727,1.443834,2.781731,0.000000,0.737635,1.000000,0.000000,0.000000,8.122338,inf,2570112,2570112,55872,,False,11.103865,11.103865,162.630435
2979,78,78.000000,0.115827,0.093071,0.728705,0.602557,1.256762,1.382472,1.855598,0.000000,0.728705,1.000000,0.000000,0.000000,7.259571,inf,2179008,2179008,55872,,False,11.104548,11.104548,184.858974
2980,85,85.000000,0.106923,0.091994,0.721775,0.693648,1.114759,1.345389,2.625335,0.000000,0.721775,1.000000,0.000000,0.000000,7.819465,inf,2374560,2374560,55872,,False,11.105294,11.105294,154.211765
2981,89,89.000000,0.110764,0.091286,0.757347,0.675189,1.263900,1.527187,2.143516,0.000000,0.757347,1.000000,0.000000,0.000000,8.124467,inf,2486304,2486304,55872,,False,11.105579,11.105579,160.404494
2982,105,105.000000,0.116043,0.086810,0.798253,0.694410,1.462544,1.704101,2.082474,0.000000,0.798253,1.000000,0.000000,0.000000,9.115088,inf,2933280,2933280,55872,,False,11.105896,11.105895,173.961905
2983,99,99.000000,0.117159,0.089382,0.779045,0.652080,1.372803,1.872870,2.860164,0.000000,0.779045,1.000000,0.000000,0.000000,8.848826,inf,2765664,2765664,55872,,False,11.106183,11.106182,168.020202
2984,105,105.000000,0.111464,0.082043,0.759049,0.688103,1.131033,1.448941,2.947143,0.000000,0.759049,1.000000,0.000000,0.000000,8.614487,inf,2933280,2933280,55872,,False,11.107014,11.107014,178.838095
2985,89,89.000000,0.097007,0.087701,0.720206,0.611474,1.208602,1.440364,2.554771,0.000000,0.720206,1.000000,0.000000,0.000000,7.805345,inf,2486304,2486304,55872,,False,11.108241,11.108241,164.101124
2986,93,93.000000,0.108214,0.100197,0.757659,0.667638,1.355982,1.668123,4.319286,0.000000,0.757659,1.000000,0.000000,0.000000,9.318285,inf,2598048,2598048,55872,,False,11.108542,11.108542,179.483871
2987,83,83.000000,0.107596,0.113805,0.838252,0.719477,1.366944,1.601196,4.332390,0.000000,0.838252,1.000000,0.000000,0.000000,9.445839,inf,2318688,2318688,55872,,False,11.109095,11.109095,152.963855
2988,99,99.000000,0.112133,0.093784,0.791391,0.655327,1.296956,1.527531,3.224940,0.000000,0.791391,1.000000,0.000000,0.000000,9.284660,inf,2765664,2765664,55872,,False,11.109629,11.109629,164.626263
2989,97,97.000000,0.121374,0.097494,0.852558,0.789430,1.466631,1.726297,2.675768,0.000000,0.852558,1.000000,0.000000,0.000000,9.456898,inf,2709792,2709792,55872,,False,11.110111,11.110112,157.649485
2990,90,90.000000,0.110880,0.090748,0.748318,0.659261,1.428180,1.576480,3.704038,0.000000,0.748318,1.000000,0.000000,0.000000,8.167342,inf,2514240,2514240,55872,,False,11.110660,11.110660,157.877778
2991,98,98.000000,0.112198,0.102877,0.805944,0.678969,1.255752,1.592966,4.669515,0.000000,0.805944,1.000000,0.000000,0.000000,10.081939,inf,2737728,2737728,55872,,False,11.111609,11.111609,166.275510
2992,95,95.000000,0.119098,0.090815,0.764398,0.701440,1.231765,1.380103,2.738567,0.000000,0.764398,1.000000,0.000000,0.000000,8.627464,inf,2653920,2653920,55872,,False,11.111672,11.111672,174.463158
2993,78,78.000000,0.116898,0.099599,0.752404,0.646957,1.370862,1.520228,2.253253,0.000000,0.752404,1.000000,0.000000,0.000000,7.768755,inf,2179008,2179008,55872,,False,11.112465,11.112465,163.192308
2994,96,96.000000,0.111452,0.101693,0.799182,0.686401,1.552388,1.946650,3.022832,0.000000,0.799182,1.000000,0.000000,0.000000,9.762525,inf,2681856,2681856,55872,,False,11.112628,11.112628,165.687500
2995,110,110.000000,0.106943,0.081939,0.773758,0.693159,1.329087,1.520710,2.512104,0.000000,0.773758,1.000000,0.000000,0.000000,9.013309,inf,3072960,3072960,55872,,False,11.113165,11.113165,169.900000
2996,79,79.000000,0.112234,0.098514,0.750651,0.686416,1.231763,1.425721,2.346006,0.000000,0.750651,1.000000,0.000000,0.000000,7.782613,inf,2206944,2206944,55872,,False,11.113667,11.113667,161.594937
2997,109,109.000000,0.112459,0.084837,0.759710,0.632227,1.384103,1.566713,2.973913,0.000000,0.759710,1.000000,0.000000,0.000000,9.247284,inf,3045024,3045024,55872,,False,11.114466,11.114466,184.339450
2998,91,91.000000,0.096653,0.087951,0.725615,0.692279,1.085931,1.303859,3.111052,0.000000,0.725615,1.000000,0.000000,0.000000,8.003551,inf,2542176,2542176,55872,,False,11.115417,11.115417,154.252747
2999,88,88.000000,0.096591,0.088945,0.708354,0.619930,1.253298,1.762834,2.069856,0.000000,0.708354,1.000000,0.000000,0.000000,7.827158,inf,2458368,2458368,55872,,False,11.116493,11.116493,157.556818
3000,111,111.000000,0.097570,0.091037,0.727099,0.624600,1.327837,1.581000,4.166386,0.000000,0.727099,1.000000,0.000000,0.000000,10.105128,inf,3100896,3100896,55872,,False,11.116940,11.116940,157.594595
3001,91,91.000000,0.110999,0.090302,0.762951,0.681434,1.244605,1.682769,2.474965,0.000000,0.762951,1.000000,0.000000,0.000000,8.217506,inf,2542176,2542176,55872,,False,11.117665,11.117665,161.725275
3002,104,104.000000,0.108599,0.088332,0.776731,0.729136,1.258184,1.709730,2.881455,0.000000,0.776731,1.000000,0.000000,0.000000,9.186503,inf,2905344,2905344,55872,,False,11.118270,11.118270,165.250000
3003,87,87.000000,0.113614,0.094069,0.774856,0.703236,1.388648,1.661861,2.156621,0.000000,0.774856,1.000000,0.000000,0.000000,8.184000,inf,2430432,2430432,55872,,False,11.118744,11.118745,152.321839
3004,93,93.000000,0.108918,0.082914,0.722887,0.685464,1.052318,1.269772,2.570492,0.000000,0.722887,1.000000,0.000000,0.000000,7.711031,inf,2598048,2598048,55872,,False,11.119147,11.119146,166.741935
3005,81,81.000000,0.114595,0.091539,0.693157,0.593647,1.288479,1.501469,2.884276,0.000000,0.693157,1.000000,0.000000,0.000000,7.414647,inf,2262816,2262816,55872,,False,11.119869,11.119868,198.592593
3006,78,78.000000,0.110105,0.092522,0.725320,0.684222,1.183945,1.473382,2.442740,0.000000,0.725320,1.000000,0.000000,0.000000,7.216686,inf,2179008,2179008,55872,,False,11.120360,11.120360,165.423077
3007,104,104.000000,0.105744,0.077507,0.710310,0.665519,1.123998,1.245604,1.801017,0.000000,0.710310,1.000000,0.000000,0.000000,8.060734,inf,2905344,2905344,55872,,False,11.121032,11.121032,149.865385
3008,92,92.000000,0.127201,0.088388,0.772298,0.723532,1.199515,1.766105,2.296622,0.000000,0.772298,1.000000,0.000000,0.000000,8.131678,inf,2570112,2570112,55872,,False,11.120714,11.120715,181.934783
3009,87,87.000000,0.109637,0.109104,0.845189,0.782172,1.483264,1.570798,4.460877,0.000000,0.845189,1.000000,0.000000,0.000000,9.492054,inf,2430432,2430432,55872,,False,11.121547,11.121547,151.735632
3010,100,100.000000,0.107647,0.076944,0.673488,0.644756,1.139530,1.395209,1.517125,0.000000,0.673488,1.000000,0.000000,0.000000,7.694427,inf,2793600,2793600,55872,,False,11.122366,11.122366,188.440000
3011,87,87.000000,0.103546,0.094507,0.761547,0.703345,1.253637,1.576352,1.956563,0.000000,0.761547,1.000000,0.000000,0.000000,8.222084,inf,2430432,2430432,55872,,False,11.122616,11.122616,146.873563
3012,108,108.000000,0.096937,0.101481,0.766880,0.654235,1.170785,1.537758,6.743032,0.000000,0.766880,1.000000,0.000000,0.000000,10.959942,inf,3017088,3017088,55872,,False,11.123963,11.123963,149.666667
3013,100,100.000000,0.095789,0.090453,0.753453,0.666579,1.203521,1.647768,2.477165,0.000000,0.753453,1.000000,0.000000,0.000000,9.045305,inf,2793600,2793600,55872,,False,11.125278,11.125278,155.140000
3014,90,90.000000,0.109588,0.092681,0.780862,0.725616,1.230408,1.436644,2.316565,0.000000,0.780862,1.000000,0.000000,0.000000,8.341264,inf,2514240,2514240,55872,,False,11.125952,11.125952,150.233333
3015,104,104.000000,0.107562,0.086973,0.747881,0.652841,1.207746,1.331020,3.039764,0.000000,0.747881,1.000000,0.000000,0.000000,9.045167,inf,2905344,2905344,55872,,False,11.126824,11.126825,188.038462
3016,89,89.000000,0.116602,0.104297,0.825184,0.693663,1.435340,1.920898,2.908750,0.000000,0.825184,1.000000,0.000000,0.000000,9.282454,inf,2486304,2486304,55872,,False,11.127464,11.127463,157.786517
3017,100,100.000000,0.095109,0.083477,0.742628,0.692380,1.354875,1.444835,1.536735,0.000000,0.742628,1.000000,0.000000,0.000000,8.347651,inf,2793600,2793600,55872,,False,11.128615,11.128615,146.260000
3018,112,112.000000,0.103544,0.082214,0.743481,0.643147,1.283032,1.586285,2.996716,0.000000,0.743481,1.000000,0.000000,0.000000,9.207934,inf,3128832,3128832,55872,,False,11.129434,11.129433,175.803571
3019,105,105.000000,0.098178,0.081978,0.725472,0.666871,1.247532,1.365734,2.757440,0.000000,0.725472,1.000000,0.000000,0.000000,8.607742,inf,2933280,2933280,55872,,False,11.130862,11.130862,156.847619
3020,89,89.000000,0.112208,0.088097,0.736885,0.662288,1.258540,1.593962,2.113219,0.000000,0.736885,1.000000,0.000000,0.000000,7.840658,inf,2486304,2486304,55872,,False,11.131625,11.131626,171.157303
3021,76,76.000000,0.097669,0.099609,0.729914,0.668472,1.327402,1.599911,2.641966,0.000000,0.729914,1.000000,0.000000,0.000000,7.570287,inf,2123136,2123136,55872,,False,11.132374,11.132374,168.552632
3022,104,104.000000,0.104402,0.083028,0.736774,0.658761,1.220793,1.495952,3.314772,0.000000,0.736774,1.000000,0.000000,0.000000,8.634934,inf,2905344,2905344,55872,,False,11.133517,11.133517,152.923077
3023,89,89.000000,0.103327,0.171702,0.881461,0.731732,1.251204,1.561458,12.461542,0.000000,0.881461,1.000000,0.000000,0.000000,15.281463,inf,2486304,2486304,55872,,False,11.134689,11.134689,155.022472
3024,101,101.000000,0.108475,0.092004,0.742006,0.653513,1.206217,1.547436,3.335345,0.000000,0.742006,1.000000,0.000000,0.000000,9.292428,inf,2821536,2821536,55872,,False,11.134949,11.134949,171.980198
3025,89,89.000000,0.122461,0.142175,0.788122,0.625741,1.032703,1.338599,9.911711,0.000000,0.788122,1.000000,0.000000,0.000000,12.653537,inf,2486304,2486304,55872,,False,11.135232,11.135232,187.932584
3026,93,93.000000,0.104249,0.115307,0.818717,0.708870,1.399032,1.795914,5.780803,0.000000,0.818717,1.000000,0.000000,0.000000,10.723513,inf,2598048,2598048,55872,,False,11.135332,11.135333,141.924731
3027,99,99.000000,0.110725,0.095937,0.796587,0.666936,1.300465,1.777005,3.138267,0.000000,0.796587,1.000000,0.000000,0.000000,9.497737,inf,2765664,2765664,55872,,False,11.136163,11.136163,182.909091
3028,86,86.000000,0.108927,0.100575,0.807402,0.749846,1.284787,1.447613,3.150092,0.000000,0.807402,1.000000,0.000000,0.000000,8.649413,inf,2402496,2402496,55872,,False,11.136713,11.136713,152.441860
3029,94,94.000000,0.118718,0.088669,0.729757,0.640935,1.336031,1.479145,2.287641,0.000000,0.729757,1.000000,0.000000,0.000000,8.334902,inf,2625984,2625984,55872,,False,11.136958,11.136958,177.425532
3030,95,95.000000,0.104599,0.079674,0.678787,0.636361,1.218441,1.381136,2.206810,0.000000,0.678787,1.000000,0.000000,0.000000,7.569039,inf,2653920,2653920,55872,,False,11.137549,11.137549,172.800000
3031,96,96.000000,0.108084,0.095713,0.801214,0.674153,1.238648,1.755086,3.174423,0.000000,0.801214,1.000000,0.000000,0.000000,9.188473,inf,2681856,2681856,55872,,False,11.138140,11.138140,170.104167
3032,95,95.000000,0.117102,0.095913,0.821713,0.725587,1.469139,1.735610,2.215378,0.000000,0.821713,1.000000,0.000000,0.000000,9.111738,inf,2653920,2653920,55872,,False,11.138167,11.138167,163.515789
3033,74,74.000000,0.107693,0.088449,0.664293,0.609205,1.166275,1.256977,2.079377,0.000000,0.664293,1.000000,0.000000,0.000000,6.545258,inf,2067264,2067264,55872,,False,11.138807,11.138808,175.121622
3034,99,99.000000,0.101048,0.080207,0.685631,0.641988,1.104473,1.165699,2.118998,0.000000,0.685631,1.000000,0.000000,0.000000,7.940490,inf,2765664,2765664,55872,,False,11.139453,11.139453,166.515152
3035,87,87.000000,0.119349,0.093488,0.778270,0.708480,1.248100,1.480999,2.018089,0.000000,0.778270,1.000000,0.000000,0.000000,8.133461,inf,2430432,2430432,55872,,False,11.139714,11.139715,166.344828
3036,86,86.000000,0.109042,0.095785,0.768730,0.701829,1.263813,1.505008,3.060285,0.000000,0.768730,1.000000,0.000000,0.000000,8.237551,inf,2402496,2402496,55872,,False,11.140092,11.140092,157.709302
3037,74,74.000000,0.105489,0.168883,0.883045,0.667195,1.234078,1.759293,10.494517,0.000000,0.883045,1.000000,0.000000,0.000000,12.497351,inf,2067264,2067264,55872,,False,11.140625,11.140625,140.256757
3038,82,82.000000,0.115447,0.111526,0.763919,0.648799,1.280089,1.627326,4.492291,0.000000,0.763919,1.000000,0.000000,0.000000,9.145135,inf,2290752,2290752,55872,,False,11.140948,11.140948,180.195122
3039,103,103.000000,0.111475,0.091909,0.747875,0.714341,1.353365,1.541746,3.572919,0.000000,0.747875,1.000000,0.000000,0.000000,9.466663,inf,2877408,2877408,55872,,False,11.140994,11.140994,160.067961
3040,82,82.000000,0.119298,0.128261,0.862756,0.751052,1.235204,1.906547,6.039620,0.000000,0.862756,1.000000,0.000000,0.000000,10.517364,inf,2290752,2290752,55872,,False,11.141637,11.141637,173.243902
3041,90,90.000000,0.103339,0.091585,0.769815,0.693004,1.327304,1.572310,2.106882,0.000000,0.769815,1.000000,0.000000,0.000000,8.242618,inf,2514240,2514240,55872,,False,11.142553,11.142553,144.966667
3042,103,103.000000,0.104680,0.084482,0.749494,0.659525,1.279278,1.494585,3.032609,0.000000,0.749494,1.000000,0.000000,0.000000,8.701689,inf,2877408,2877408,55872,,False,11.143319,11.143319,162.883495
3043,97,97.000000,0.105016,0.099476,0.851541,0.767458,1.489626,1.697657,2.424446,0.000000,0.851541,1.000000,0.000000,0.000000,9.649202,inf,2709792,2709792,55872,,False,11.143082,11.143082,141.597938
3044,96,96.000000,0.114413,0.096090,0.827551,0.728490,1.255521,1.482909,3.382507,0.000000,0.827551,1.000000,0.000000,0.000000,9.224639,inf,2681856,2681856,55872,,False,11.143444,11.143443,159.572917
3045,100,100.000000,0.121553,0.100253,0.812873,0.683274,1.295382,1.938012,3.260660,0.000000,0.812873,1.000000,0.000000,0.000000,10.025339,inf,2793600,2793600,55872,,False,11.143684,11.143683,186.190000
3046,90,90.000000,0.105012,0.079861,0.659095,0.633053,1.030331,1.304183,2.070126,0.000000,0.659095,1.000000,0.000000,0.000000,7.187533,inf,2514240,2514240,55872,,False,11.144530,11.144530,179.511111
3047,104,104.000000,0.104162,0.088849,0.755449,0.649589,1.245274,1.702949,3.195628,0.000000,0.755449,1.000000,0.000000,0.000000,9.240308,inf,2905344,2905344,55872,,False,11.144888,11.144888,167.788462
3048,99,99.000000,0.113058,0.080931,0.718645,0.656068,1.146628,1.482359,2.199438,0.000000,0.718645,1.000000,0.000000,0.000000,8.012153,inf,2765664,2765664,55872,,False,11.144734,11.144734,172.878788
3049,110,110.000000,0.102976,0.087066,0.789964,0.760068,1.224858,1.656911,2.395233,0.000000,0.789964,1.000000,0.000000,0.000000,9.577313,inf,3072960,3072960,55872,,False,11.145700,11.145700,136.890909
3050,107,107.000000,0.108466,0.089716,0.777937,0.692063,1.194025,1.653766,4.024595,0.000000,0.777937,1.000000,0.000000,0.000000,9.599571,inf,2989152,2989152,55872,,False,11.146572,11.146572,172.056075
3051,112,112.000000,0.098654,0.091964,0.800405,0.723407,1.353863,1.575807,3.362806,0.000000,0.800405,1.000000,0.000000,0.000000,10.299946,inf,3128832,3128832,55872,,False,11.146979,11.146979,153.616071
3052,87,87.000000,0.103730,0.105068,0.798299,0.682906,1.372633,1.759417,3.578424,0.000000,0.798299,1.000000,0.000000,0.000000,9.140936,inf,2430432,2430432,55872,,False,11.147744,11.147744,148.643678
3053,105,105.000000,0.088576,0.092636,0.766865,0.659828,1.328005,1.737130,3.456915,0.000000,0.766865,1.000000,0.000000,0.000000,9.726798,inf,2933280,2933280,55872,,False,11.148496,11.148496,130.609524
3054,101,101.000000,0.106643,0.087516,0.732408,0.659477,1.119967,1.463065,3.958339,0.000000,0.732408,1.000000,0.000000,0.000000,8.839116,inf,2821536,2821536,55872,,False,11.149047,11.149047,170.168317
3055,100,100.000000,0.099532,0.091667,0.802986,0.746551,1.311943,1.798812,2.314558,0.000000,0.802986,1.000000,0.000000,0.000000,9.166688,inf,2793600,2793600,55872,,False,11.149293,11.149293,138.740000
3056,90,90.000000,0.101503,0.095914,0.767777,0.721698,1.320761,1.582768,2.688755,0.000000,0.767777,1.000000,0.000000,0.000000,8.632274,inf,2514240,2514240,55872,,False,11.149760,11.149759,149.177778
3057,82,82.000000,0.100683,0.090892,0.736432,0.656868,1.355544,1.668111,2.386027,0.000000,0.736432,1.000000,0.000000,0.000000,7.453133,inf,2290752,2290752,55872,,False,11.150293,11.150293,149.231707
3058,82,82.000000,0.101586,0.107108,0.726137,0.665304,1.074768,1.827770,4.564173,0.000000,0.726137,1.000000,0.000000,0.000000,8.782838,inf,2290752,2290752,55872,,False,11.150578,11.150578,154.109756
3059,84,84.000000,0.121134,0.100787,0.787465,0.725674,1.306430,1.448600,2.603992,0.000000,0.787465,1.000000,0.000000,0.000000,8.466123,inf,2346624,2346624,55872,,False,11.151098,11.151098,172.833333
3060,111,111.000000,0.109852,0.072720,0.724483,0.680668,1.142399,1.211625,2.379314,0.000000,0.724483,1.000000,0.000000,0.000000,8.071966,inf,3100896,3100896,55872,,False,11.151814,11.151814,169.243243
3061,94,94.000000,0.115304,0.097450,0.824607,0.782011,1.290962,1.445407,1.853425,0.000000,0.824607,1.000000,0.000000,0.000000,9.160291,inf,2625984,2625984,55872,,False,11.152022,11.152021,177.936170
3062,114,114.000000,0.112115,0.086086,0.783963,0.742445,1.284317,1.659788,3.396239,0.000000,0.783963,1.000000,0.000000,0.000000,9.813751,inf,3184704,3184704,55872,,False,11.152298,11.152298,156.438596
3063,100,100.000000,0.109514,0.085855,0.731014,0.678670,1.212474,1.579623,2.338337,0.000000,0.731014,1.000000,0.000000,0.000000,8.585458,inf,2793600,2793600,55872,,False,11.153331,11.153331,172.160000
3064,106,106.000000,0.113427,0.095040,0.806206,0.675284,1.269861,1.750058,3.297404,0.000000,0.806206,1.000000,0.000000,0.000000,10.074286,inf,2961216,2961216,55872,,False,11.153957,11.153957,172.047170
3065,94,94.000000,0.094150,0.089474,0.774563,0.746704,1.264284,1.437238,2.262730,0.000000,0.774563,1.000000,0.000000,0.000000,8.410588,inf,2625984,2625984,55872,,False,11.155442,11.155442,138.744681
3066,104,104.000000,0.107798,0.094826,0.798664,0.652356,1.412788,1.912791,3.334102,0.000000,0.798664,1.000000,0.000000,0.000000,9.861908,inf,2905344,2905344,55872,,False,11.155725,11.155725,159.298077
3067,99,99.000000,0.101746,0.092116,0.783486,0.688963,1.361818,1.646436,2.434140,0.000000,0.783486,1.000000,0.000000,0.000000,9.119455,inf,2765664,2765664,55872,,False,11.156626,11.156625,150.131313
3068,112,112.000000,0.110616,0.083010,0.792342,0.748320,1.328378,1.677003,2.299122,0.000000,0.792342,1.000000,0.000000,0.000000,9.297067,inf,3128832,3128832,55872,,False,11.156780,11.156781,169.401786
3069,101,101.000000,0.097508,0.096455,0.834598,0.783142,1.379156,1.766000,3.099423,0.000000,0.834598,1.000000,0.000000,0.000000,9.741928,inf,2821536,2821536,55872,,False,11.156842,11.156841,124.722772
3070,106,106.000000,0.107564,0.088266,0.774411,0.716897,1.334522,1.538702,2.614617,0.000000,0.774411,1.000000,0.000000,0.000000,9.356145,inf,2961216,2961216,55872,,False,11.157454,11.157454,150.471698
3071,108,108.000000,0.121408,0.082100,0.730427,0.627353,1.407624,1.594857,2.518964,0.000000,0.730427,1.000000,0.000000,0.000000,8.866843,inf,3017088,3017088,55872,,False,11.157884,11.157884,193.898148
3072,84,84.000000,0.101677,0.103236,0.807522,0.708021,1.335682,1.732768,3.126222,0.000000,0.807522,1.000000,0.000000,0.000000,8.671804,inf,2346624,2346624,55872,,False,11.157846,11.157846,152.440476
3073,84,84.000000,0.112638,0.097282,0.759776,0.652473,1.109979,1.193326,4.128873,0.000000,0.759776,1.000000,0.000000,0.000000,8.171720,inf,2346624,2346624,55872,,False,11.158831,11.158831,190.869048
3074,81,81.000000,0.117595,0.098087,0.791324,0.735972,1.222160,1.482736,2.708368,0.000000,0.791324,1.000000,0.000000,0.000000,7.945025,inf,2262816,2262816,55872,,False,11.159810,11.159810,178.148148
3075,95,95.000000,0.109190,0.090103,0.780633,0.691433,1.420976,1.588839,2.078068,0.000000,0.780633,1.000000,0.000000,0.000000,8.559740,inf,2653920,2653920,55872,,False,11.160747,11.160747,175.178947
3076,88,88.000000,0.115624,0.082158,0.703222,0.678607,1.153297,1.211624,2.275525,0.000000,0.703222,1.000000,0.000000,0.000000,7.229933,inf,2458368,2458368,55872,,False,11.161016,11.161016,176.170455
3077,84,84.000000,0.109422,0.111137,0.794513,0.668959,1.260737,1.688038,3.247618,0.000000,0.794513,1.000000,0.000000,0.000000,9.335547,inf,2346624,2346624,55872,,False,11.161538,11.161539,159.583333
3078,106,106.000000,0.106236,0.081958,0.711205,0.629876,1.283902,1.511021,3.445886,0.000000,0.711205,1.000000,0.000000,0.000000,8.687591,inf,2961216,2961216,55872,,False,11.162265,11.162265,191.811321
3079,91,91.000000,0.109476,0.094722,0.783590,0.721044,1.291032,1.514648,2.637514,0.000000,0.783590,1.000000,0.000000,0.000000,8.619677,inf,2542176,2542176,55872,,False,11.162563,11.162563,151.582418
3080,93,93.000000,0.117095,0.094749,0.768661,0.724708,1.184187,1.370334,2.805298,0.000000,0.768661,1.000000,0.000000,0.000000,8.811652,inf,2598048,2598048,55872,,False,11.162544,11.162544,172.516129
3081,78,78.000000,0.110205,0.112061,0.792548,0.659082,1.198687,2.015155,3.407124,0.000000,0.792548,1.000000,0.000000,0.000000,8.740783,inf,2179008,2179008,55872,,False,11.162812,11.162812,170.333333
3082,88,88.000000,0.111754,0.098592,0.816801,0.736632,1.361421,1.814814,2.377846,0.000000,0.816801,1.000000,0.000000,0.000000,8.676120,inf,2458368,2458368,55872,,False,11.163448,11.163448,174.840909
3083,82,82.000000,0.107633,0.083197,0.672847,0.635383,1.139688,1.391389,2.399593,0.000000,0.672847,1.000000,0.000000,0.000000,6.822157,inf,2290752,2290752,55872,,False,11.164058,11.164058,161.451220
3084,87,87.000000,0.091724,0.080246,0.665893,0.665131,1.014273,1.271976,1.989820,0.000000,0.665893,1.000000,0.000000,0.000000,6.981373,inf,2430432,2430432,55872,,False,11.165214,11.165213,157.149425
3085,101,101.000000,0.108173,0.111244,0.777704,0.597162,1.331604,1.777961,4.726603,0.000000,0.777704,1.000000,0.000000,0.000000,11.235690,inf,2821536,2821536,55872,,False,11.165094,11.165093,163.980198
3086,99,99.000000,0.107015,0.092371,0.817338,0.724060,1.270652,1.848125,2.641259,0.000000,0.817338,1.000000,0.000000,0.000000,9.144704,inf,2765664,2765664,55872,,False,11.165541,11.165541,148.585859
3087,97,97.000000,0.113558,0.092578,0.722239,0.631930,1.350113,1.679070,3.367233,0.000000,0.722239,1.000000,0.000000,0.000000,8.980049,inf,2709792,2709792,55872,,False,11.165740,11.165740,180.546392
3088,81,81.000000,0.099039,0.107233,0.799917,0.682856,1.356996,1.705291,2.619745,0.000000,0.799917,1.000000,0.000000,0.000000,8.685869,inf,2262816,2262816,55872,,False,11.166359,11.166359,144.962963
3089,106,106.000000,0.107363,0.086086,0.754965,0.693561,1.125650,1.565047,3.361220,0.000000,0.754965,1.000000,0.000000,0.000000,9.125168,inf,2961216,2961216,55872,,False,11.166821,11.166821,168.462264
3090,103,103.000000,0.104401,0.084052,0.772259,0.693184,1.315076,1.502734,2.724087,0.000000,0.772259,1.000000,0.000000,0.000000,8.657362,inf,2877408,2877408,55872,,False,11.167761,11.167761,143.184466
3091,103,103.000000,0.103508,0.071519,0.633776,0.629903,1.134013,1.279355,1.444882,0.000000,0.633776,1.000000,0.000000,0.000000,7.366455,inf,2877408,2877408,55872,,False,11.168153,11.168153,178.699029
3092,107,107.000000,0.105383,0.077070,0.694519,0.667950,1.149458,1.314808,1.720778,0.000000,0.694519,1.000000,0.000000,0.000000,8.246503,inf,2989152,2989152,55872,,False,11.168968,11.168968,158.682243
3093,90,90.000000,0.109250,0.090372,0.783167,0.713210,1.287690,1.619624,2.032527,0.000000,0.783167,1.000000,0.000000,0.000000,8.133503,inf,2514240,2514240,55872,,False,11.169745,11.169745,176.711111
3094,106,106.000000,0.104569,0.084381,0.780318,0.719733,1.223076,1.450601,1.996301,0.000000,0.780318,1.000000,0.000000,0.000000,8.944364,inf,2961216,2961216,55872,,False,11.170601,11.170601,150.113208
3095,80,80.000000,0.103723,0.093898,0.720935,0.647338,1.079439,1.501550,2.600429,0.000000,0.720935,1.000000,0.000000,0.000000,7.511879,inf,2234880,2234880,55872,,False,11.171650,11.171650,182.700000
3096,87,87.000000,0.112966,0.088341,0.723547,0.638671,1.318132,1.587602,2.184803,0.000000,0.723547,1.000000,0.000000,0.000000,7.685664,inf,2430432,2430432,55872,,False,11.171930,11.171930,179.770115
3097,87,87.000000,0.128634,0.102011,0.770779,0.634403,1.331220,2.070642,3.859595,0.000000,0.770779,1.000000,0.000000,0.000000,8.874945,inf,2430432,2430432,55872,,False,11.171727,11.171728,209.275862
3098,96,96.000000,0.097546,0.086687,0.749656,0.692877,1.156562,1.507684,2.684115,0.000000,0.749656,1.000000,0.000000,0.000000,8.321928,inf,2681856,2681856,55872,,False,11.172492,11.172492,146.739583
3099,89,89.000000,0.111748,0.089151,0.752703,0.725697,1.130453,1.296191,2.843194,0.000000,0.752703,1.000000,0.000000,0.000000,7.934461,inf,2486304,2486304,55872,,False,11.172912,11.172911,173.000000
3100,93,93.000000,0.098508,0.094742,0.740415,0.640118,1.217591,1.605322,3.847185,0.000000,0.740415,1.000000,0.000000,0.000000,8.811049,inf,2598048,2598048,55872,,False,11.173799,11.173799,146.311828
3101,96,96.000000,0.100832,0.087482,0.752573,0.651013,1.274245,1.408381,2.499140,0.000000,0.752573,1.000000,0.000000,0.000000,8.398287,inf,2681856,2681856,55872,,False,11.174607,11.174607,162.750000
3102,112,112.000000,0.101216,0.082798,0.789445,0.709135,1.359010,1.496175,3.698616,0.000000,0.789445,1.000000,0.000000,0.000000,9.273363,inf,3128832,3128832,55872,,False,11.175443,11.175443,159.526786
3103,97,97.000000,0.110163,0.100869,0.796055,0.648654,1.305070,1.694454,3.442304,0.000000,0.796055,1.000000,0.000000,0.000000,9.784313,inf,2709792,2709792,55872,,False,11.176087,11.176088,166.010309
3104,81,81.000000,0.122023,0.108700,0.771854,0.696107,1.260270,1.538336,3.607468,0.000000,0.771854,1.000000,0.000000,0.000000,8.804660,inf,2262816,2262816,55872,,False,11.175999,11.175999,191.765432
3105,85,85.000000,0.115700,0.139790,0.892053,0.729965,1.342776,1.779461,8.585788,0.000000,0.892053,1.000000,0.000000,0.000000,11.882191,inf,2374560,2374560,55872,,False,11.176566,11.176566,139.694118
3106,97,97.000000,0.115536,0.113106,0.851414,0.662981,1.361458,2.021250,4.109328,0.000000,0.851414,1.000000,0.000000,0.000000,10.971329,inf,2709792,2709792,55872,,False,11.176627,11.176626,183.020619
3107,109,109.000000,0.095394,0.084090,0.744419,0.733029,1.330574,1.572418,1.820651,0.000000,0.744419,1.000000,0.000000,0.000000,9.165795,inf,3045024,3045024,55872,,False,11.177622,11.177622,136.513761
3108,97,97.000000,0.122037,0.096348,0.794455,0.704039,1.453489,1.703139,2.360859,0.000000,0.794455,1.000000,0.000000,0.000000,9.345778,inf,2709792,2709792,55872,,False,11.177668,11.177668,165.865979
3109,78,78.000000,0.119116,0.100216,0.771212,0.685588,1.301695,1.701425,2.355055,0.000000,0.771212,1.000000,0.000000,0.000000,7.816858,inf,2179008,2179008,55872,,False,11.178138,11.178138,165.525641
3110,93,93.000000,0.105052,0.086617,0.729748,0.676580,1.206283,1.601098,3.036978,0.000000,0.729748,1.000000,0.000000,0.000000,8.055343,inf,2598048,2598048,55872,,False,11.178428,11.178428,177.247312
3111,87,87.000000,0.119195,0.112447,0.796174,0.637484,1.194374,1.546486,6.087969,0.000000,0.796174,1.000000,0.000000,0.000000,9.782871,inf,2430432,2430432,55872,,False,11.179137,11.179137,187.793103
3112,101,101.000000,0.111451,0.100307,0.839682,0.738603,1.364184,1.663598,4.003777,0.000000,0.839682,1.000000,0.000000,0.000000,10.131035,inf,2821536,2821536,55872,,False,11.179668,11.179668,146.415842
3113,108,108.000000,0.104518,0.091855,0.811980,0.699865,1.366166,1.740579,2.968896,0.000000,0.811980,1.000000,0.000000,0.000000,9.920347,inf,3017088,3017088,55872,,False,11.180233,11.180233,166.564815
3114,116,116.000000,0.104471,0.072493,0.689113,0.641312,1.151703,1.473937,1.861432,0.000000,0.689113,1.000000,0.000000,0.000000,8.409207,inf,3240576,3240576,55872,,False,11.180989,11.180989,169.387931
3115,95,95.000000,0.096007,0.100150,0.838282,0.760173,1.314695,1.835972,3.181809,0.000000,0.838282,1.000000,0.000000,0.000000,9.514232,inf,2653920,2653920,55872,,False,11.181459,11.181459,140.284211
3116,95,95.000000,0.096797,0.100912,0.861077,0.797814,1.400810,1.721773,2.593466,0.000000,0.861077,1.000000,0.000000,0.000000,9.586617,inf,2653920,2653920,55872,,False,11.181288,11.181288,128.273684
3117,85,85.000000,0.090259,0.123582,0.846996,0.746808,1.285526,1.607682,5.486267,0.000000,0.846996,1.000000,0.000000,0.000000,10.504458,inf,2374560,2374560,55872,,False,11.182295,11.182295,124.882353
3118,85,85.000000,0.112229,0.099952,0.791149,0.690961,1.276358,1.683942,3.033061,0.000000,0.791149,1.000000,0.000000,0.000000,8.495932,inf,2374560,2374560,55872,,False,11.182553,11.182553,172.376471
3119,90,90.000000,0.103820,0.097642,0.813551,0.758189,1.399770,1.796559,2.234061,0.000000,0.813551,1.000000,0.000000,0.000000,8.787772,inf,2514240,2514240,55872,,False,11.183002,11.183002,140.911111
3120,93,93.000000,0.094737,0.085977,0.719811,0.628948,1.377966,1.601423,1.968601,0.000000,0.719811,1.000000,0.000000,0.000000,7.995832,inf,2598048,2598048,55872,,False,11.183829,11.183830,168.043011
3121,78,78.000000,0.100806,0.099700,0.759777,0.739121,1.275562,1.525181,2.146461,0.000000,0.759777,1.000000,0.000000,0.000000,7.776587,inf,2179008,2179008,55872,,False,11.184941,11.184942,152.512821
3122,99,99.000000,0.117697,0.105647,0.845765,0.745091,1.320667,1.703557,3.707367,0.000000,0.845765,1.000000,0.000000,0.000000,10.459046,inf,2765664,2765664,55872,,False,11.184790,11.184790,166.464646
3123,114,114.000000,0.112692,0.095405,0.740266,0.648661,1.050525,1.401342,6.057405,0.000000,0.740266,1.000000,0.000000,0.000000,10.876120,inf,3184704,3184704,55872,,False,11.185382,11.185382,184.570175
3124,107,107.000000,0.115090,0.093907,0.805253,0.691675,1.406740,1.607478,3.646030,0.000000,0.805253,1.000000,0.000000,0.000000,10.048005,inf,2989152,2989152,55872,,False,11.185465,11.185465,165.242991
3125,101,101.000000,0.119784,0.087924,0.804724,0.747071,1.379793,1.533556,2.622640,0.000000,0.804724,1.000000,0.000000,0.000000,8.880368,inf,2821536,2821536,55872,,False,11.184968,11.184969,158.633663
3126,93,93.000000,0.101611,0.084454,0.698064,0.604484,1.213136,1.569743,1.980417,0.000000,0.698064,1.000000,0.000000,0.000000,7.854246,inf,2598048,2598048,55872,,False,11.185669,11.185670,174.043011
3127,101,101.000000,0.110927,0.078100,0.687378,0.635581,1.229929,1.401349,2.280662,0.000000,0.687378,1.000000,0.000000,0.000000,7.888143,inf,2821536,2821536,55872,,False,11.186296,11.186296,178.673267
3128,89,89.000000,0.113059,0.103660,0.744904,0.597064,1.356678,1.544593,4.211632,0.000000,0.744904,1.000000,0.000000,0.000000,9.225721,inf,2486304,2486304,55872,,False,11.186729,11.186729,197.483146
3129,89,89.000000,0.098124,0.093288,0.774040,0.720453,1.204148,1.588798,3.531496,0.000000,0.774040,1.000000,0.000000,0.000000,8.302619,inf,2486304,2486304,55872,,False,11.187428,11.187428,144.471910
3130,86,86.000000,0.110310,0.101091,0.762260,0.615618,1.407918,1.752985,2.511737,0.000000,0.762260,1.000000,0.000000,0.000000,8.693800,inf,2402496,2402496,55872,,False,11.187371,11.187371,168.662791
3131,94,94.000000,0.114248,0.089989,0.770121,0.695275,1.256165,1.535126,2.701714,0.000000,0.770121,1.000000,0.000000,0.000000,8.458944,inf,2625984,2625984,55872,,False,11.187119,11.187119,178.382979
3132,90,90.000000,0.093826,0.087035,0.722637,0.647023,1.324165,1.533663,2.650319,0.000000,0.722637,1.000000,0.000000,0.000000,7.833174,inf,2514240,2514240,55872,,False,11.188516,11.188516,150.466667
3133,76,76.000000,0.106848,0.090552,0.712640,0.690191,1.160789,1.274751,1.743061,0.000000,0.712640,1.000000,0.000000,0.000000,6.881929,inf,2123136,2123136,55872,,False,11.189084,11.189084,167.184211
3134,99,99.000000,0.107815,0.088430,0.774908,0.711106,1.295930,1.582895,2.297882,0.000000,0.774908,1.000000,0.000000,0.000000,8.754606,inf,2765664,2765664,55872,,False,11.189601,11.189602,154.191919
3135,75,75.000000,0.114090,0.109705,0.805228,0.724729,1.456971,1.605272,2.428591,0.000000,0.805228,1.000000,0.000000,0.000000,8.227898,inf,2095200,2095200,55872,,False,11.190105,11.190105,163.733333
3136,85,85.000000,0.113388,0.102429,0.822421,0.673153,1.316098,1.627863,2.757213,0.000000,0.822421,1.000000,0.000000,0.000000,8.706439,inf,2374560,2374560,55872,,False,11.191004,11.191004,164.047059
3137,73,73.000000,0.102628,0.110043,0.729538,0.666296,1.331797,1.671072,2.688094,0.000000,0.729538,1.000000,0.000000,0.000000,8.033138,inf,2039328,2039328,55872,,False,11.192338,11.192338,161.041096
3138,92,92.000000,0.102299,0.094844,0.778927,0.686888,1.314415,1.621894,2.432818,0.000000,0.778927,1.000000,0.000000,0.000000,8.725652,inf,2570112,2570112,55872,,False,11.193207,11.193207,153.217391
3139,90,90.000000,0.115322,0.084157,0.728113,0.663807,1.161773,1.386507,2.622139,0.000000,0.728113,1.000000,0.000000,0.000000,7.574091,inf,2514240,2514240,55872,,False,11.193760,11.193760,184.888889
3140,93,93.000000,0.115170,0.096211,0.809040,0.717445,1.284958,1.750915,2.582028,0.000000,0.809040,1.000000,0.000000,0.000000,8.947594,inf,2598048,2598048,55872,,False,11.194005,11.194005,166.881720
3141,100,100.000000,0.112847,0.103086,0.878456,0.725405,1.534490,2.376752,3.678398,0.000000,0.878456,1.000000,0.000000,0.000000,10.308630,inf,2793600,2793600,55872,,False,11.194178,11.194178,149.420000
3142,108,108.000000,0.104664,0.077555,0.716258,0.660806,1.228468,1.391395,2.188385,0.000000,0.716258,1.000000,0.000000,0.000000,8.375908,inf,3017088,3017088,55872,,False,11.194674,11.194674,165.972222
3143,99,99.000000,0.104243,0.091438,0.741756,0.627107,1.448656,1.721951,1.968436,0.000000,0.741756,1.000000,0.000000,0.000000,9.052408,inf,2765664,2765664,55872,,False,11.195258,11.195257,170.161616
3144,105,105.000000,0.105639,0.081883,0.730199,0.674261,1.277863,1.519635,1.790061,0.000000,0.730199,1.000000,0.000000,0.000000,8.597753,inf,2933280,2933280,55872,,False,11.195736,11.195736,169.180952
3145,101,101.000000,0.101843,0.089052,0.722908,0.594901,1.493652,1.739804,2.737762,0.000000,0.722908,1.000000,0.000000,0.000000,8.994243,inf,2821536,2821536,55872,,False,11.196437,11.196437,152.554455
3146,89,89.000000,0.092212,0.091886,0.763751,0.713999,1.277996,1.561729,1.839568,0.000000,0.763751,1.000000,0.000000,0.000000,8.177872,inf,2486304,2486304,55872,,False,11.197169,11.197169,149.629213
3147,107,107.000000,0.115071,0.092136,0.806304,0.669455,1.345243,1.685372,2.590051,0.000000,0.806304,1.000000,0.000000,0.000000,9.858552,inf,2989152,2989152,55872,,False,11.197725,11.197725,182.261682
3148,93,93.000000,0.109860,0.141421,0.810349,0.690986,1.177121,1.293155,10.591667,0.000000,0.810349,1.000000,0.000000,0.000000,13.152122,inf,2598048,2598048,55872,,False,11.198444,11.198444,156.408602
3149,103,103.000000,0.108608,0.091198,0.756578,0.649302,1.223710,1.548835,4.188853,0.000000,0.756578,1.000000,0.000000,0.000000,9.393442,inf,2877408,2877408,55872,,False,11.198730,11.198730,176.669903
3150,102,102.000000,0.094512,0.083369,0.747208,0.695816,1.218352,1.682936,2.245198,0.000000,0.747208,1.000000,0.000000,0.000000,8.503645,inf,2849472,2849472,55872,,False,11.199466,11.199466,147.009804
3151,92,92.000000,0.104542,0.096044,0.761189,0.678738,1.296493,1.457946,3.831199,0.000000,0.761189,1.000000,0.000000,0.000000,8.836030,inf,2570112,2570112,55872,,False,11.200315,11.200315,149.913043
3152,92,92.000000,0.106726,0.089089,0.775088,0.657130,1.352767,1.587631,2.694715,0.000000,0.775088,1.000000,0.000000,0.000000,8.196161,inf,2570112,2570112,55872,,False,11.201143,11.201143,165.565217
3153,91,91.000000,0.131672,0.121546,0.889378,0.721276,1.422249,1.703757,7.053454,0.000000,0.889378,1.000000,0.000000,0.000000,11.060714,inf,2542176,2542176,55872,,False,11.201135,11.201135,196.153846
3154,100,100.000000,0.111502,0.095063,0.800791,0.717865,1.414676,1.493053,4.557786,0.000000,0.800791,1.000000,0.000000,0.000000,9.506333,inf,2793600,2793600,55872,,False,11.201896,11.201896,153.090000
3155,95,95.000000,0.103623,0.088675,0.735675,0.672916,1.168388,1.377909,3.302634,0.000000,0.735675,1.000000,0.000000,0.000000,8.424170,inf,2653920,2653920,55872,,False,11.202485,11.202484,147.663158
3156,90,90.000000,0.110648,0.088709,0.721005,0.646642,1.206187,1.405390,2.106751,0.000000,0.721005,1.000000,0.000000,0.000000,7.983793,inf,2514240,2514240,55872,,False,11.202871,11.202871,171.955556
3157,109,109.000000,0.110242,0.087659,0.799258,0.692147,1.366392,1.636954,2.973715,0.000000,0.799258,1.000000,0.000000,0.000000,9.554792,inf,3045024,3045024,55872,,False,11.203248,11.203248,151.082569
3158,98,98.000000,0.093097,0.081992,0.714772,0.652995,1.107510,1.339200,3.509936,0.000000,0.714772,1.000000,0.000000,0.000000,8.035210,inf,2737728,2737728,55872,,False,11.203526,11.203526,137.948980
3159,91,91.000000,0.107286,0.099846,0.822576,0.721600,1.361408,1.604273,2.452158,0.000000,0.822576,1.000000,0.000000,0.000000,9.085968,inf,2542176,2542176,55872,,False,11.203858,11.203859,146.000000
3160,101,101.000000,0.100689,0.084690,0.753026,0.630781,1.314948,1.617305,2.829462,0.000000,0.753026,1.000000,0.000000,0.000000,8.553739,inf,2821536,2821536,55872,,False,11.204904,11.204904,157.306931
3161,97,97.000000,0.094564,0.079779,0.693397,0.635769,1.221790,1.296595,2.520628,0.000000,0.693397,1.000000,0.000000,0.000000,7.738574,inf,2709792,2709792,55872,,False,11.205814,11.205814,148.103093
3162,96,96.000000,0.103486,0.083322,0.719713,0.697369,1.258331,1.437920,1.949398,0.000000,0.719713,1.000000,0.000000,0.000000,7.998955,inf,2681856,2681856,55872,,False,11.206820,11.206820,153.541667
3163,97,97.000000,0.091127,0.079189,0.716118,0.705847,1.110882,1.387650,2.019504,0.000000,0.716118,1.000000,0.000000,0.000000,7.681355,inf,2709792,2709792,55872,,False,11.207983,11.207983,155.855670
3164,97,97.000000,0.100828,0.094208,0.787938,0.738571,1.327451,1.449577,2.591141,0.000000,0.787938,1.000000,0.000000,0.000000,9.138186,inf,2709792,2709792,55872,,False,11.208316,11.208316,152.041237
3165,102,102.000000,0.094309,0.091987,0.723659,0.652677,1.162462,1.381142,5.238716,0.000000,0.723659,1.000000,0.000000,0.000000,9.382626,inf,2849472,2849472,55872,,False,11.209726,11.209726,147.460784
3166,81,81.000000,0.118454,0.106578,0.780979,0.670792,1.285783,1.505010,4.212911,0.000000,0.780979,1.000000,0.000000,0.000000,8.632794,inf,2262816,2262816,55872,,False,11.210030,11.210030,182.950617
3167,114,114.000000,0.110966,0.093836,0.835418,0.676166,1.465688,1.614664,3.160245,0.000000,0.835418,1.000000,0.000000,0.000000,10.697251,inf,3184704,3184704,55872,,False,11.209920,11.209921,160.298246
3168,93,93.000000,0.116177,0.079031,0.694181,0.641758,1.049872,1.253588,2.395138,0.000000,0.694181,1.000000,0.000000,0.000000,7.349900,inf,2598048,2598048,55872,,False,11.210431,11.210432,185.086022
3169,109,109.000000,0.098968,0.106261,0.844121,0.734537,1.483340,1.826580,6.956694,0.000000,0.844121,1.000000,0.000000,0.000000,11.582473,inf,3045024,3045024,55872,,False,11.210896,11.210896,138.376147
3170,106,106.000000,0.122957,0.095371,0.843408,0.742188,1.414659,1.717203,3.108667,0.000000,0.843408,1.000000,0.000000,0.000000,10.109312,inf,2961216,2961216,55872,,False,11.210491,11.210491,174.386792
3171,103,103.000000,0.107000,0.090532,0.807828,0.727902,1.366883,1.695163,4.068304,0.000000,0.807828,1.000000,0.000000,0.000000,9.324815,inf,2877408,2877408,55872,,False,11.210714,11.210714,142.213592
3172,105,105.000000,0.098410,0.100034,0.868981,0.794160,1.536340,1.769082,2.673426,0.000000,0.868981,1.000000,0.000000,0.000000,10.503572,inf,2933280,2933280,55872,,False,11.211290,11.211290,134.971429
3173,87,87.000000,0.102976,0.098093,0.772040,0.721028,1.392489,1.737693,2.755990,0.000000,0.772040,1.000000,0.000000,0.000000,8.534086,inf,2430432,2430432,55872,,False,11.211754,11.211754,149.517241
3174,100,100.000000,0.100151,0.086929,0.721232,0.673939,1.363551,1.708082,2.298916,0.000000,0.721232,1.000000,0.000000,0.000000,8.692940,inf,2793600,2793600,55872,,False,11.212443,11.212443,154.710000
3175,100,100.000000,0.111080,0.087870,0.744005,0.675370,1.292060,1.527546,2.815731,0.000000,0.744005,1.000000,0.000000,0.000000,8.786977,inf,2793600,2793600,55872,,False,11.212519,11.212519,177.740000
3176,116,116.000000,0.110423,0.075616,0.717608,0.674731,1.143682,1.228997,2.327571,0.000000,0.717608,1.000000,0.000000,0.000000,8.771477,inf,3240576,3240576,55872,,False,11.213149,11.213149,171.250000
3177,103,103.000000,0.101377,0.089507,0.768941,0.716264,1.280127,1.419191,2.718053,0.000000,0.768941,1.000000,0.000000,0.000000,9.219224,inf,2877408,2877408,55872,,False,11.213562,11.213562,145.495146
3178,100,100.000000,0.096650,0.085579,0.735480,0.723025,1.203103,1.371658,3.316213,0.000000,0.735480,1.000000,0.000000,0.000000,8.557935,inf,2793600,2793600,55872,,False,11.214625,11.214625,139.190000
3179,76,76.000000,0.093812,0.095347,0.741366,0.688144,1.222603,1.414260,1.963872,0.000000,0.741366,1.000000,0.000000,0.000000,7.246371,inf,2123136,2123136,55872,,False,11.215516,11.215516,143.289474
3180,79,79.000000,0.105881,0.107676,0.848893,0.759081,1.621491,1.877479,2.242243,0.000000,0.848893,1.000000,0.000000,0.000000,8.506434,inf,2206944,2206944,55872,,False,11.215596,11.215596,150.835443
3181,98,98.000000,0.098137,0.090984,0.803113,0.697401,1.546665,1.865557,2.556139,0.000000,0.803113,1.000000,0.000000,0.000000,8.916415,inf,2737728,2737728,55872,,False,11.216382,11.216382,140.346939
3182,89,89.000000,0.112206,0.101262,0.810692,0.688723,1.595538,1.838667,2.626361,0.000000,0.810692,1.000000,0.000000,0.000000,9.012313,inf,2486304,2486304,55872,,False,11.216318,11.216318,163.775281
3183,93,93.000000,0.099920,0.085901,0.727984,0.670588,1.265731,1.397817,1.958842,0.000000,0.727984,1.000000,0.000000,0.000000,7.988834,inf,2598048,2598048,55872,,False,11.216991,11.216991,162.182796
3184,103,103.000000,0.103246,0.079854,0.738708,0.659599,1.175107,1.331662,2.423619,0.000000,0.738708,1.000000,0.000000,0.000000,8.224926,inf,2877408,2877408,55872,,False,11.218568,11.218568,166.427184
3185,100,100.000000,0.105461,0.086119,0.740884,0.688829,1.267788,1.491181,2.517917,0.000000,0.740884,1.000000,0.000000,0.000000,8.611855,inf,2793600,2793600,55872,,False,11.218954,11.218954,153.170000
3186,81,81.000000,0.105913,0.144462,0.936534,0.773078,1.465838,1.751905,6.919302,0.000000,0.936534,1.000000,0.000000,0.000000,11.701395,inf,2262816,2262816,55872,,False,11.219468,11.219468,150.370370
3187,78,78.000000,0.120872,0.111931,0.872251,0.797405,1.346998,1.543023,2.315065,0.000000,0.872251,1.000000,0.000000,0.000000,8.730651,inf,2179008,2179008,55872,,False,11.219516,11.219516,149.653846
3188,104,104.000000,0.103857,0.083975,0.716625,0.629905,1.230984,1.530636,3.001175,0.000000,0.716625,1.000000,0.000000,0.000000,8.733359,inf,2905344,2905344,55872,,False,11.220567,11.220567,184.644231
3189,106,106.000000,0.100584,0.090750,0.793761,0.695617,1.416432,1.553721,3.017373,0.000000,0.793761,1.000000,0.000000,0.000000,9.619489,inf,2961216,2961216,55872,,False,11.220884,11.220884,148.292453
3190,114,114.000000,0.110958,0.093358,0.831115,0.707001,1.369067,1.887784,4.679732,0.000000,0.831115,1.000000,0.000000,0.000000,10.642763,inf,3184704,3184704,55872,,False,11.221093,11.221094,178.929825
3191,115,115.000000,0.109190,0.076873,0.754146,0.693821,1.257632,1.501160,2.691321,0.000000,0.754146,1.000000,0.000000,0.000000,8.840339,inf,3212640,3212640,55872,,False,11.221380,11.221380,162.634783
3192,84,84.000000,0.107216,0.098803,0.782003,0.726082,1.305936,1.646739,2.298974,0.000000,0.782003,1.000000,0.000000,0.000000,8.299410,inf,2346624,2346624,55872,,False,11.221980,11.221980,151.940476
3193,81,81.000000,0.114032,0.103456,0.814120,0.731054,1.422308,1.682926,2.454075,0.000000,0.814120,1.000000,0.000000,0.000000,8.379899,inf,2262816,2262816,55872,,False,11.221516,11.221516,153.271605
3194,89,89.000000,0.113010,0.082164,0.663094,0.612141,1.068231,1.336051,1.993222,0.000000,0.663094,1.000000,0.000000,0.000000,7.312625,inf,2486304,2486304,55872,,False,11.221679,11.221679,194.471910
3195,99,99.000000,0.112238,0.084758,0.748537,0.717535,1.203394,1.448757,1.744192,0.000000,0.748537,1.000000,0.000000,0.000000,8.391002,inf,2765664,2765664,55872,,False,11.222049,11.222049,164.373737
3196,119,119.000000,0.097650,0.082899,0.756118,0.704610,1.217240,1.415205,3.306006,0.000000,0.756118,1.000000,0.000000,0.000000,9.864970,inf,3324384,3324384,55872,,False,11.222262,11.222263,145.764706
3197,82,82.000000,0.106337,0.091453,0.743737,0.690751,1.203611,1.500970,2.652712,0.000000,0.743737,1.000000,0.000000,0.000000,7.499143,inf,2290752,2290752,55872,,False,11.223245,11.223245,164.695122
3198,77,77.000000,0.116656,0.137250,0.844817,0.711420,1.287842,1.599277,6.145049,0.000000,0.844817,1.000000,0.000000,0.000000,10.568249,inf,2151072,2151072,55872,,False,11.223449,11.223449,178.246753
3199,102,102.000000,0.106285,0.084798,0.756208,0.652599,1.347586,1.501332,3.010951,0.000000,0.756208,1.000000,0.000000,0.000000,8.649388,inf,2849472,2849472,55872,,False,11.224588,11.224588,183.176471
3200,96,96.000000,0.106245,0.092264,0.772864,0.701943,1.483852,1.673196,1.938258,0.000000,0.772864,1.000000,0.000000,0.000000,8.857390,inf,2681856,2681856,55872,,False,11.225205,11.225205,170.114583
3201,85,85.000000,0.106383,0.105565,0.838658,0.708251,1.309370,1.628757,3.092925,0.000000,0.838658,1.000000,0.000000,0.000000,8.973025,inf,2374560,2374560,55872,,False,11.226252,11.226252,162.200000
3202,87,87.000000,0.096319,0.086335,0.713996,0.648693,1.203669,1.415207,2.099296,0.000000,0.713996,1.000000,0.000000,0.000000,7.511107,inf,2430432,2430432,55872,,False,11.227210,11.227210,157.413793
3203,96,96.000000,0.096692,0.095697,0.767880,0.677681,1.401379,1.628040,2.907902,0.000000,0.767880,1.000000,0.000000,0.000000,9.186884,inf,2681856,2681856,55872,,False,11.228193,11.228192,154.656250
3204,108,108.000000,0.124902,0.106201,0.873470,0.726031,1.666526,1.974177,3.800310,0.000000,0.873470,1.000000,0.000000,0.000000,11.469760,inf,3017088,3017088,55872,,False,11.227955,11.227955,165.351852
3205,83,83.000000,0.111688,0.095940,0.811882,0.759416,1.403324,1.941695,2.343619,0.000000,0.811882,1.000000,0.000000,0.000000,7.963058,inf,2318688,2318688,55872,,False,11.228846,11.228846,170.385542
3206,89,89.000000,0.099635,0.085369,0.705799,0.626143,1.154038,1.397824,2.591788,0.000000,0.705799,1.000000,0.000000,0.000000,7.597833,inf,2486304,2486304,55872,,False,11.229364,11.229364,166.786517
3207,105,105.000000,0.097144,0.091195,0.801550,0.714993,1.330998,1.589779,3.203328,0.000000,0.801550,1.000000,0.000000,0.000000,9.575525,inf,2933280,2933280,55872,,False,11.230515,11.230515,170.323810
3208,100,100.000000,0.087079,0.090448,0.775979,0.701515,1.219495,1.467910,2.763348,0.000000,0.775979,1.000000,0.000000,0.000000,9.044776,inf,2793600,2793600,55872,,False,11.231569,11.231569,121.280000
3209,87,87.000000,0.105074,0.098996,0.780664,0.695688,1.377582,1.466277,2.626511,0.000000,0.780664,1.000000,0.000000,0.000000,8.612629,inf,2430432,2430432,55872,,False,11.232348,11.232348,169.770115
3210,111,111.000000,0.097486,0.087974,0.777491,0.690385,1.287584,1.506382,4.598226,0.000000,0.777491,1.000000,0.000000,0.000000,9.765134,inf,3100896,3100896,55872,,False,11.233135,11.233135,145.459459
3211,86,86.000000,0.126200,0.091523,0.765919,0.669028,1.201901,1.541481,2.040994,0.000000,0.765919,1.000000,0.000000,0.000000,7.870984,inf,2402496,2402496,55872,,False,11.233430,11.233430,196.081395
3212,112,112.000000,0.103194,0.086437,0.826793,0.718180,1.449972,1.625071,2.742792,0.000000,0.826793,1.000000,0.000000,0.000000,9.680971,inf,3128832,3128832,55872,,False,11.234523,11.234523,147.892857
3213,94,94.000000,0.108809,0.098226,0.800705,0.715349,1.309729,1.874936,4.722295,0.000000,0.800705,1.000000,0.000000,0.000000,9.233248,inf,2625984,2625984,55872,,False,11.235013,11.235013,153.914894
3214,100,100.000000,0.099476,0.079238,0.665607,0.614778,1.153816,1.292391,2.429356,0.000000,0.665607,1.000000,0.000000,0.000000,7.923799,inf,2793600,2793600,55872,,False,11.235731,11.235731,160.230000
3215,107,107.000000,0.107276,0.081970,0.740322,0.689794,1.254190,1.388959,1.776550,0.000000,0.740322,1.000000,0.000000,0.000000,8.770794,inf,2989152,2989152,55872,,False,11.236300,11.236300,164.196262
3216,94,94.000000,0.100824,0.127477,0.847678,0.726588,1.292972,1.581319,6.871514,0.000000,0.847678,1.000000,0.000000,0.000000,11.982833,inf,2625984,2625984,55872,,False,11.236852,11.236852,134.329787
3217,90,90.000000,0.103804,0.110106,0.839981,0.711767,1.481811,2.099622,3.529015,0.000000,0.839981,1.000000,0.000000,0.000000,9.909519,inf,2514240,2514240,55872,,False,11.237617,11.237617,145.755556
3218,74,74.000000,0.094321,0.098530,0.727348,0.663102,1.235841,1.342745,2.485026,0.000000,0.727348,1.000000,0.000000,0.000000,7.291233,inf,2067264,2067264,55872,,False,11.238935,11.238935,160.689189
3219,78,78.000000,0.108016,0.109354,0.829224,0.714134,1.497875,1.597078,4.530363,0.000000,0.829224,1.000000,0.000000,0.000000,8.529601,inf,2179008,2179008,55872,,False,11.238982,11.238983,159.628205
3220,91,91.000000,0.114559,0.087749,0.709020,0.646574,1.150473,1.479082,2.407849,0.000000,0.709020,1.000000,0.000000,0.000000,7.985127,inf,2542176,2542176,55872,,False,11.239085,11.239085,200.879121
3221,100,100.000000,0.104910,0.088419,0.745829,0.696367,1.281838,1.580829,2.772512,0.000000,0.745829,1.000000,0.000000,0.000000,8.841853,inf,2793600,2793600,55872,,False,11.239738,11.239738,157.670000
3222,93,93.000000,0.097390,0.087721,0.733379,0.683949,1.199589,1.356393,1.840459,0.000000,0.733379,1.000000,0.000000,0.000000,8.158083,inf,2598048,2598048,55872,,False,11.241170,11.241170,146.978495
3223,103,103.000000,0.104095,0.082735,0.742784,0.701894,1.201269,1.454048,1.945417,0.000000,0.742784,1.000000,0.000000,0.000000,8.521724,inf,2877408,2877408,55872,,False,11.242153,11.242153,160.718447
3224,86,86.000000,0.111810,0.097711,0.804152,0.693043,1.586992,1.892799,3.043220,0.000000,0.804152,1.000000,0.000000,0.000000,8.403115,inf,2402496,2402496,55872,,False,11.242213,11.242213,169.267442
3225,112,112.000000,0.088777,0.079019,0.735589,0.670066,1.356161,1.494537,1.726684,0.000000,0.735589,1.000000,0.000000,0.000000,8.850175,inf,3128832,3128832,55872,,False,11.243322,11.243322,130.232143
3226,74,74.000000,0.106991,0.107766,0.808054,0.693703,1.454022,1.566439,2.712663,0.000000,0.808054,1.000000,0.000000,0.000000,7.974658,inf,2067264,2067264,55872,,False,11.243946,11.243945,160.770270
3227,96,96.000000,0.108201,0.090410,0.759123,0.744874,1.233215,1.498321,2.626389,0.000000,0.759123,1.000000,0.000000,0.000000,8.679328,inf,2681856,2681856,55872,,False,11.244529,11.244529,165.156250
3228,104,104.000000,0.119533,0.081237,0.752104,0.703476,1.252008,1.343712,1.767257,0.000000,0.752104,1.000000,0.000000,0.000000,8.448662,inf,2905344,2905344,55872,,False,11.244530,11.244530,182.028846
3229,115,115.000000,0.102016,0.073658,0.669268,0.646734,1.113495,1.222042,2.078004,0.000000,0.669268,1.000000,0.000000,0.000000,8.470660,inf,3212640,3212640,55872,,False,11.245708,11.245708,170.495652
3230,93,93.000000,0.104219,0.100247,0.722777,0.598191,1.177924,1.464335,5.630530,0.000000,0.722777,1.000000,0.000000,0.000000,9.322944,inf,2598048,2598048,55872,,False,11.246318,11.246318,169.752688
3231,79,79.000000,0.105136,0.111299,0.807659,0.670155,1.485413,1.870641,4.001396,0.000000,0.807659,1.000000,0.000000,0.000000,8.792619,inf,2206944,2206944,55872,,False,11.246614,11.246614,145.898734
3232,97,97.000000,0.102385,0.087279,0.712511,0.647739,1.174087,1.275329,3.048400,0.000000,0.712511,1.000000,0.000000,0.000000,8.466089,inf,2709792,2709792,55872,,False,11.246987,11.246988,149.123711
3233,92,92.000000,0.104444,0.100682,0.809010,0.799140,1.323996,1.391796,2.387858,0.000000,0.809010,1.000000,0.000000,0.000000,9.262778,inf,2570112,2570112,55872,,False,11.247437,11.247437,152.608696
3234,87,87.000000,0.099698,0.096715,0.729557,0.657471,1.245919,1.666043,2.539326,0.000000,0.729557,1.000000,0.000000,0.000000,8.414248,inf,2430432,2430432,55872,,False,11.248453,11.248453,156.218391
3235,98,98.000000,0.108933,0.089169,0.747914,0.661483,1.263866,1.515877,2.801775,0.000000,0.747914,1.000000,0.000000,0.000000,8.738517,inf,2737728,2737728,55872,,False,11.248522,11.248522,173.561224
3236,90,90.000000,0.110072,0.088795,0.769467,0.736878,1.206706,1.547689,2.005809,0.000000,0.769467,1.000000,0.000000,0.000000,7.991559,inf,2514240,2514240,55872,,False,11.249263,11.249263,164.244444
3237,77,77.000000,0.102270,0.099122,0.762787,0.728807,1.190994,1.646011,2.318374,0.000000,0.762787,1.000000,0.000000,0.000000,7.632363,inf,2151072,2151072,55872,,False,11.249726,11.249726,155.818182
3238,89,89.000000,0.103023,0.089695,0.700718,0.598483,1.224157,1.636738,2.786377,0.000000,0.700718,1.000000,0.000000,0.000000,7.982855,inf,2486304,2486304,55872,,False,11.250268,11.250268,172.157303
3239,77,77.000000,0.097927,0.096871,0.749604,0.684473,1.219515,1.571941,2.185471,0.000000,0.749604,1.000000,0.000000,0.000000,7.459099,inf,2151072,2151072,55872,,False,11.251493,11.251493,161.831169
3240,101,101.000000,0.111368,0.092200,0.812781,0.752553,1.283822,1.653362,2.552381,0.000000,0.812781,1.000000,0.000000,0.000000,9.312197,inf,2821536,2821536,55872,,False,11.251088,11.251089,161.742574
3241,94,94.000000,0.103262,0.091723,0.764242,0.667535,1.263378,1.480101,2.809379,0.000000,0.764242,1.000000,0.000000,0.000000,8.621926,inf,2625984,2625984,55872,,False,11.251757,11.251758,161.872340
3242,96,96.000000,0.096705,0.088645,0.735763,0.645949,1.134303,1.751038,3.097789,0.000000,0.735763,1.000000,0.000000,0.000000,8.509952,inf,2681856,2681856,55872,,False,11.252710,11.252710,165.166667
3243,88,88.000000,0.103123,0.090843,0.778637,0.695775,1.374682,1.612310,2.200525,0.000000,0.778637,1.000000,0.000000,0.000000,7.994205,inf,2458368,2458368,55872,,False,11.253579,11.253579,161.443182
3244,95,95.000000,0.108001,0.096003,0.842801,0.760947,1.456827,1.732784,2.471943,0.000000,0.842801,1.000000,0.000000,0.000000,9.120250,inf,2653920,2653920,55872,,False,11.253942,11.253941,151.463158
3245,91,91.000000,0.104076,0.106823,0.840064,0.786320,1.421748,1.696134,3.316313,0.000000,0.840064,1.000000,0.000000,0.000000,9.720899,inf,2542176,2542176,55872,,False,11.254502,11.254501,144.989011
3246,100,100.000000,0.100625,0.082646,0.750096,0.666632,1.350338,1.544582,2.278916,0.000000,0.750096,1.000000,0.000000,0.000000,8.264556,inf,2793600,2793600,55872,,False,11.255221,11.255221,161.230000
3247,94,94.000000,0.106780,0.125734,0.907181,0.718763,1.537073,1.915177,7.842594,0.000000,0.907181,1.000000,0.000000,0.000000,11.819000,inf,2625984,2625984,55872,,False,11.256336,11.256335,156.053191
3248,93,93.000000,0.113873,0.098882,0.790404,0.661102,1.431219,1.829234,2.710940,0.000000,0.790404,1.000000,0.000000,0.000000,9.196068,inf,2598048,2598048,55872,,False,11.256974,11.256974,173.569892
3249,88,88.000000,0.110409,0.096708,0.773572,0.664511,1.276948,1.623746,3.484997,0.000000,0.773572,1.000000,0.000000,0.000000,8.510324,inf,2458368,2458368,55872,,False,11.257743,11.257744,173.022727
3250,108,108.000000,0.110334,0.092151,0.777207,0.663473,1.345176,1.488164,2.962404,0.000000,0.777207,1.000000,0.000000,0.000000,9.952328,inf,3017088,3017088,55872,,False,11.258185,11.258185,182.398148
3251,115,115.000000,0.098321,0.071717,0.698094,0.674019,1.086228,1.265920,1.851436,0.000000,0.698094,1.000000,0.000000,0.000000,8.247504,inf,3212640,3212640,55872,,False,11.259151,11.259151,153.808696
3252,105,105.000000,0.096692,0.093718,0.771489,0.663591,1.311421,1.721380,3.462633,0.000000,0.771489,1.000000,0.000000,0.000000,9.840342,inf,2933280,2933280,55872,,False,11.259727,11.259727,153.590476
3253,98,98.000000,0.103098,0.104416,0.801608,0.650925,1.433301,2.099737,4.579836,0.000000,0.801608,1.000000,0.000000,0.000000,10.232792,inf,2737728,2737728,55872,,False,11.259698,11.259697,157.683673
3254,95,95.000000,0.105522,0.080997,0.702975,0.684720,1.182419,1.408540,1.879290,0.000000,0.702975,1.000000,0.000000,0.000000,7.694691,inf,2653920,2653920,55872,,False,11.260002,11.260002,165.126316
3255,90,90.000000,0.096488,0.090825,0.744482,0.646585,1.202811,1.747057,2.664154,0.000000,0.744482,1.000000,0.000000,0.000000,8.174221,inf,2514240,2514240,55872,,False,11.261127,11.261127,171.800000
3256,82,82.000000,0.118187,0.107137,0.793676,0.711899,1.248074,1.488108,4.543950,0.000000,0.793676,1.000000,0.000000,0.000000,8.785268,inf,2290752,2290752,55872,,False,11.261628,11.261628,177.987805
3257,98,98.000000,0.109656,0.096677,0.757195,0.663932,1.151694,1.444712,3.596170,0.000000,0.757195,1.000000,0.000000,0.000000,9.474374,inf,2737728,2737728,55872,,False,11.262285,11.262285,174.408163
3258,95,95.000000,0.110607,0.090728,0.738051,0.614713,1.244456,1.490950,2.924598,0.000000,0.738051,1.000000,0.000000,0.000000,8.619190,inf,2653920,2653920,55872,,False,11.262841,11.262840,186.810526
3259,91,91.000000,0.108153,0.086328,0.736644,0.630280,1.149673,1.693177,2.536602,0.000000,0.736644,1.000000,0.000000,0.000000,7.855824,inf,2542176,2542176,55872,,False,11.263827,11.263827,176.065934
3260,114,114.000000,0.119812,0.112625,0.820162,0.674271,1.343871,1.456728,8.409102,0.000000,0.820162,1.000000,0.000000,0.000000,12.839210,inf,3184704,3184704,55872,,False,11.263650,11.263650,203.394737
3261,89,89.000000,0.112104,0.095259,0.797675,0.714424,1.386637,1.755878,2.069430,0.000000,0.797675,1.000000,0.000000,0.000000,8.478065,inf,2486304,2486304,55872,,False,11.263821,11.263821,174.550562
3262,92,92.000000,0.098921,0.099277,0.803949,0.682582,1.404980,1.712916,2.973777,0.000000,0.803949,1.000000,0.000000,0.000000,9.133467,inf,2570112,2570112,55872,,False,11.264672,11.264672,156.728261
3263,96,96.000000,0.109769,0.081488,0.718745,0.654618,1.130389,1.321429,2.054812,0.000000,0.718745,1.000000,0.000000,0.000000,7.822824,inf,2681856,2681856,55872,,False,11.265206,11.265206,182.708333
3264,102,102.000000,0.103360,0.089948,0.764542,0.697745,1.351619,1.584624,1.969176,0.000000,0.764542,1.000000,0.000000,0.000000,9.174679,inf,2849472,2849472,55872,,False,11.265782,11.265782,144.950980
3265,85,85.000000,0.106464,0.086736,0.704080,0.620951,1.047121,1.539365,2.421873,0.000000,0.704080,1.000000,0.000000,0.000000,7.372539,inf,2374560,2374560,55872,,False,11.266771,11.266771,183.364706
3266,86,86.000000,0.100006,0.091111,0.738237,0.674520,1.283304,1.605462,2.024915,0.000000,0.738237,1.000000,0.000000,0.000000,7.835529,inf,2402496,2402496,55872,,False,11.267705,11.267705,161.488372
3267,94,94.000000,0.107849,0.102023,0.861060,0.817566,1.304004,1.665351,4.207332,0.000000,0.861060,1.000000,0.000000,0.000000,9.590144,inf,2625984,2625984,55872,,False,11.267962,11.267962,149.180851
3268,92,92.000000,0.099136,0.095407,0.797440,0.672562,1.515499,1.674209,2.940286,0.000000,0.797440,1.000000,0.000000,0.000000,8.777469,inf,2570112,2570112,55872,,False,11.268360,11.268361,141.260870
3269,86,86.000000,0.110710,0.093496,0.783600,0.720100,1.251145,1.609779,2.250179,0.000000,0.783600,1.000000,0.000000,0.000000,8.040659,inf,2402496,2402496,55872,,False,11.268721,11.268721,174.465116
3270,92,92.000000,0.111536,0.088763,0.752980,0.646941,1.118564,1.500309,2.445241,0.000000,0.752980,1.000000,0.000000,0.000000,8.166167,inf,2570112,2570112,55872,,False,11.269856,11.269856,167.228261
3271,93,93.000000,0.102284,0.093616,0.738491,0.658931,1.212638,1.569507,2.779330,0.000000,0.738491,1.000000,0.000000,0.000000,8.706291,inf,2598048,2598048,55872,,False,11.270363,11.270363,168.548387
3272,80,80.000000,0.104156,0.095351,0.725861,0.652023,1.167542,1.455720,3.301347,0.000000,0.725861,1.000000,0.000000,0.000000,7.628107,inf,2234880,2234880,55872,,False,11.270784,11.270784,158.400000
3273,102,102.000000,0.129007,0.093203,0.814347,0.716559,1.271789,1.770514,2.588570,0.000000,0.814347,1.000000,0.000000,0.000000,9.506668,inf,2849472,2849472,55872,,False,11.270786,11.270787,185.000000
3274,105,105.000000,0.098138,0.077019,0.687478,0.626892,1.111902,1.214405,2.859522,0.000000,0.687478,1.000000,0.000000,0.000000,8.087024,inf,2933280,2933280,55872,,False,11.272124,11.272125,180.828571
3275,96,96.000000,0.103161,0.079653,0.704092,0.721712,1.065783,1.167853,2.159311,0.000000,0.704092,1.000000,0.000000,0.000000,7.646700,inf,2681856,2681856,55872,,False,11.272496,11.272496,155.052083
3276,94,94.000000,0.102181,0.079594,0.678412,0.626988,1.027470,1.146896,1.872609,0.000000,0.678412,1.000000,0.000000,0.000000,7.481865,inf,2625984,2625984,55872,,False,11.273468,11.273468,177.723404
3277,116,116.000000,0.101114,0.081081,0.752898,0.705490,1.348841,1.558967,2.648210,0.000000,0.752898,1.000000,0.000000,0.000000,9.405404,inf,3240576,3240576,55872,,False,11.274451,11.274451,155.724138
3278,107,107.000000,0.092903,0.082167,0.745705,0.676182,1.171848,1.448294,3.014615,0.000000,0.745705,1.000000,0.000000,0.000000,8.791866,inf,2989152,2989152,55872,,False,11.275095,11.275095,145.224299
3279,82,82.000000,0.092563,0.090412,0.704443,0.606340,1.317885,1.568881,2.019692,0.000000,0.704443,1.000000,0.000000,0.000000,7.413817,inf,2290752,2290752,55872,,False,11.275583,11.275583,151.926829
3280,94,94.000000,0.105948,0.089352,0.736179,0.678710,1.408034,1.615293,2.082551,0.000000,0.736179,1.000000,0.000000,0.000000,8.399077,inf,2625984,2625984,55872,,False,11.275573,11.275573,160.531915
3281,107,107.000000,0.103152,0.086227,0.733268,0.640813,1.229452,1.472940,3.326510,0.000000,0.733268,1.000000,0.000000,0.000000,9.226258,inf,2989152,2989152,55872,,False,11.275973,11.275972,163.542056
3282,82,82.000000,0.117435,0.095377,0.754609,0.701991,1.273342,1.642300,2.077893,0.000000,0.754609,1.000000,0.000000,0.000000,7.820947,inf,2290752,2290752,55872,,False,11.275872,11.275871,176.487805
3283,97,97.000000,0.123792,0.101988,0.820826,0.693230,1.362152,2.017639,3.675397,0.000000,0.820826,1.000000,0.000000,0.000000,9.892831,inf,2709792,2709792,55872,,False,11.275891,11.275890,197.020619
3284,104,104.000000,0.115990,0.104331,0.827368,0.696780,1.407001,1.786073,4.521324,0.000000,0.827368,1.000000,0.000000,0.000000,10.850451,inf,2905344,2905344,55872,,False,11.275839,11.275839,173.692308
3285,85,85.000000,0.100866,0.094822,0.765489,0.693049,1.174723,1.408244,2.453083,0.000000,0.765489,1.000000,0.000000,0.000000,8.059884,inf,2374560,2374560,55872,,False,11.276765,11.276765,160.682353
3286,109,109.000000,0.113879,0.110367,0.860623,0.706953,1.307064,1.610071,4.910710,0.000000,0.860623,1.000000,0.000000,0.000000,12.029991,inf,3045024,3045024,55872,,False,11.276874,11.276875,163.128440
3287,83,83.000000,0.103175,0.089930,0.693037,0.642813,1.122604,1.376170,2.439206,0.000000,0.693037,1.000000,0.000000,0.000000,7.464223,inf,2318688,2318688,55872,,False,11.277698,11.277698,176.096386
3288,101,101.000000,0.091399,0.080744,0.696239,0.616975,1.248172,1.468797,2.257233,0.000000,0.696239,1.000000,0.000000,0.000000,8.155173,inf,2821536,2821536,55872,,False,11.278380,11.278380,150.019802
3289,90,90.000000,0.096528,0.090842,0.756015,0.727199,1.292944,1.398432,2.580646,0.000000,0.756015,1.000000,0.000000,0.000000,8.175811,inf,2514240,2514240,55872,,False,11.278891,11.278891,141.855556
3290,102,102.000000,0.100305,0.085385,0.761372,0.672337,1.249456,1.834076,2.634932,0.000000,0.761372,1.000000,0.000000,0.000000,8.709263,inf,2849472,2849472,55872,,False,11.279827,11.279827,150.666667
3291,87,87.000000,0.113497,0.089199,0.774184,0.709529,1.219494,1.528158,2.028537,0.000000,0.774184,1.000000,0.000000,0.000000,7.760315,inf,2430432,2430432,55872,,False,11.280058,11.280058,168.367816
3292,95,95.000000,0.116034,0.091802,0.762783,0.654355,1.313610,1.430142,2.588595,0.000000,0.762783,1.000000,0.000000,0.000000,8.721157,inf,2653920,2653920,55872,,False,11.280605,11.280605,181.368421
3293,100,100.000000,0.097654,0.091845,0.756941,0.686719,1.410748,1.966784,2.210856,0.000000,0.756941,1.000000,0.000000,0.000000,9.184482,inf,2793600,2793600,55872,,False,11.281697,11.281697,156.680000
3294,89,89.000000,0.098135,0.093293,0.752518,0.677259,1.317422,1.617270,2.729432,0.000000,0.752518,1.000000,0.000000,0.000000,8.303083,inf,2486304,2486304,55872,,False,11.282732,11.282732,153.887640
3295,98,98.000000,0.108134,0.083039,0.733922,0.675081,1.199363,1.471759,2.079208,0.000000,0.733922,1.000000,0.000000,0.000000,8.137837,inf,2737728,2737728,55872,,False,11.283015,11.283015,155.867347
3296,96,96.000000,0.120634,0.090364,0.791899,0.697602,1.254221,1.755754,2.817978,0.000000,0.791899,1.000000,0.000000,0.000000,8.674941,inf,2681856,2681856,55872,,False,11.283321,11.283321,199.677083
3297,93,93.000000,0.110331,0.181996,0.853380,0.650091,1.118860,1.329716,15.251719,0.000000,0.853380,1.000000,0.000000,0.000000,16.925619,inf,2598048,2598048,55872,,False,11.283917,11.283917,170.677419
3298,103,103.000000,0.113285,0.101532,0.826182,0.729481,1.540143,1.642194,3.104313,0.000000,0.826182,1.000000,0.000000,0.000000,10.457824,inf,2877408,2877408,55872,,False,11.283959,11.283959,165.854369
3299,76,76.000000,0.092712,0.100208,0.788637,0.709545,1.241204,1.592787,2.243426,0.000000,0.788637,1.000000,0.000000,0.000000,7.615792,inf,2123136,2123136,55872,,False,11.284858,11.284858,149.131579
3300,90,90.000000,0.108042,0.098356,0.779848,0.733723,1.195205,1.464742,3.310828,0.000000,0.779848,1.000000,0.000000,0.000000,8.852058,inf,2514240,2514240,55872,,False,11.285403,11.285403,151.055556
3301,121,121.000000,0.110739,0.072126,0.683992,0.652056,0.985536,1.264579,2.406646,0.000000,0.683992,1.000000,0.000000,0.000000,8.727291,inf,3380256,3380256,55872,,False,11.286139,11.286139,191.314050
3302,90,90.000000,0.107884,0.085232,0.697085,0.617304,1.187929,1.462885,2.752163,0.000000,0.697085,1.000000,0.000000,0.000000,7.670840,inf,2514240,2514240,55872,,False,11.287394,11.287393,169.433333
3303,99,99.000000,0.116195,0.101923,0.837303,0.739951,1.445140,1.660299,3.895273,0.000000,0.837303,1.000000,0.000000,0.000000,10.090378,inf,2765664,2765664,55872,,False,11.287476,11.287476,158.131313
3304,89,89.000000,0.103838,0.092277,0.761749,0.678060,1.323508,1.746876,2.523708,0.000000,0.761749,1.000000,0.000000,0.000000,8.212615,inf,2486304,2486304,55872,,False,11.287629,11.287628,150.348315
3305,75,75.000000,0.106560,0.108432,0.800588,0.746732,1.209532,1.505027,2.809374,0.000000,0.800588,1.000000,0.000000,0.000000,8.132403,inf,2095200,2095200,55872,,False,11.288361,11.288361,179.560000
3306,81,81.000000,0.106002,0.091463,0.691821,0.662513,1.121001,1.303117,2.449656,0.000000,0.691821,1.000000,0.000000,0.000000,7.408502,inf,2262816,2262816,55872,,False,11.288427,11.288427,160.234568
3307,85,85.000000,0.107398,0.096481,0.743395,0.619028,1.373590,1.821034,2.213879,0.000000,0.743395,1.000000,0.000000,0.000000,8.200909,inf,2374560,2374560,55872,,False,11.288977,11.288977,169.423529
3308,100,100.000000,0.103334,0.089640,0.796593,0.698556,1.436251,1.906008,2.156746,0.000000,0.796593,1.000000,0.000000,0.000000,8.963981,inf,2793600,2793600,55872,,False,11.289652,11.289652,148.110000
3309,101,101.000000,0.105952,0.081338,0.744350,0.683981,1.188027,1.453897,1.905752,0.000000,0.744350,1.000000,0.000000,0.000000,8.215187,inf,2821536,2821536,55872,,False,11.290174,11.290174,162.782178
3310,109,109.000000,0.096414,0.083794,0.714753,0.607117,1.442274,1.677354,2.350190,0.000000,0.714753,1.000000,0.000000,0.000000,9.133565,inf,3045024,3045024,55872,,False,11.291032,11.291033,148.000000
3311,97,97.000000,0.109634,0.090420,0.785543,0.704729,1.292151,1.703187,2.586825,0.000000,0.785543,1.000000,0.000000,0.000000,8.770704,inf,2709792,2709792,55872,,False,11.291198,11.291199,148.206186
3312,84,84.000000,0.111224,0.103637,0.850333,0.717977,1.568883,1.994557,2.396290,0.000000,0.850333,1.000000,0.000000,0.000000,8.705475,inf,2346624,2346624,55872,,False,11.291172,11.291172,137.035714
3313,87,87.000000,0.106695,0.111721,0.847621,0.697013,1.345072,1.953983,3.893489,0.000000,0.847621,1.000000,0.000000,0.000000,9.719733,inf,2430432,2430432,55872,,False,11.291507,11.291507,160.390805
3314,94,94.000000,0.108911,0.096910,0.771504,0.704212,1.176087,1.312720,3.858366,0.000000,0.771504,1.000000,0.000000,0.000000,9.109506,inf,2625984,2625984,55872,,False,11.292425,11.292425,165.914894
3315,78,78.000000,0.104200,0.123260,0.886777,0.773002,1.382458,1.974820,4.009112,0.000000,0.886777,1.000000,0.000000,0.000000,9.614271,inf,2179008,2179008,55872,,False,11.292904,11.292904,146.564103
3316,101,101.000000,0.100261,0.087108,0.754019,0.662076,1.431397,1.702710,2.725444,0.000000,0.754019,1.000000,0.000000,0.000000,8.797907,inf,2821536,2821536,55872,,False,11.293696,11.293696,144.039604
3317,78,78.000000,0.102587,0.090119,0.699773,0.661121,1.123137,1.236562,2.919894,0.000000,0.699773,1.000000,0.000000,0.000000,7.029253,inf,2179008,2179008,55872,,False,11.294094,11.294094,182.012821
3318,93,93.000000,0.104152,0.092922,0.820297,0.744427,1.499336,1.681090,2.630123,0.000000,0.820297,1.000000,0.000000,0.000000,8.641718,inf,2598048,2598048,55872,,False,11.294737,11.294738,154.387097
3319,85,85.000000,0.108956,0.104887,0.827286,0.719581,1.437594,1.873687,2.571109,0.000000,0.827286,1.000000,0.000000,0.000000,8.915361,inf,2374560,2374560,55872,,False,11.294793,11.294793,173.894118
3320,82,82.000000,0.104497,0.101795,0.767285,0.649392,1.218707,1.862507,4.680058,0.000000,0.767285,1.000000,0.000000,0.000000,8.347217,inf,2290752,2290752,55872,,False,11.295110,11.295111,174.158537
3321,98,98.000000,0.104579,0.078024,0.692689,0.656164,1.120934,1.238327,2.426558,0.000000,0.692689,1.000000,0.000000,0.000000,7.646324,inf,2737728,2737728,55872,,False,11.296046,11.296046,176.387755
3322,98,98.000000,0.114686,0.084595,0.759576,0.665233,1.231170,1.459954,2.435070,0.000000,0.759576,1.000000,0.000000,0.000000,8.290332,inf,2737728,2737728,55872,,False,11.296666,11.296666,178.071429
3323,89,89.000000,0.098094,0.085022,0.674600,0.628164,0.992369,1.313772,2.124887,0.000000,0.674600,1.000000,0.000000,0.000000,7.566984,inf,2486304,2486304,55872,,False,11.297846,11.297846,169.898876
3324,98,98.000000,0.104463,0.088897,0.787744,0.739309,1.347321,1.561519,2.588889,0.000000,0.787744,1.000000,0.000000,0.000000,8.711899,inf,2737728,2737728,55872,,False,11.298445,11.298445,166.612245
3325,92,92.000000,0.088175,0.083703,0.709121,0.658939,1.266207,1.632859,2.141289,0.000000,0.709121,1.000000,0.000000,0.000000,7.700643,inf,2570112,2570112,55872,,False,11.299366,11.299365,145.739130
3326,106,106.000000,0.101386,0.080172,0.756249,0.755971,1.218714,1.427167,1.599913,0.000000,0.756249,1.000000,0.000000,0.000000,8.498203,inf,2961216,2961216,55872,,False,11.299827,11.299827,166.613208
3327,91,91.000000,0.108755,0.093656,0.748755,0.666362,1.382059,1.487789,2.628575,0.000000,0.748755,1.000000,0.000000,0.000000,8.522714,inf,2542176,2542176,55872,,False,11.299769,11.299769,179.681319
3328,102,102.000000,0.097788,0.082990,0.735438,0.644719,1.329347,1.461369,2.710203,0.000000,0.735438,1.000000,0.000000,0.000000,8.464990,inf,2849472,2849472,55872,,False,11.300680,11.300680,153.617647
3329,101,101.000000,0.106742,0.093335,0.784588,0.718348,1.217224,1.588392,4.396306,0.000000,0.784588,1.000000,0.000000,0.000000,9.426845,inf,2821536,2821536,55872,,False,11.301143,11.301143,146.762376
3330,90,90.000000,0.100682,0.103289,0.869989,0.720156,1.433934,1.839237,3.263322,0.000000,0.869989,1.000000,0.000000,0.000000,9.295980,inf,2514240,2514240,55872,,False,11.302294,11.302294,136.455556
3331,89,89.000000,0.110156,0.085653,0.699587,0.647296,1.111280,1.392226,2.696093,0.000000,0.699587,1.000000,0.000000,0.000000,7.623118,inf,2486304,2486304,55872,,False,11.303063,11.303063,182.213483
3332,92,92.000000,0.106734,0.098038,0.782155,0.685604,1.441036,1.733874,2.504574,0.000000,0.782155,1.000000,0.000000,0.000000,9.019527,inf,2570112,2570112,55872,,False,11.302735,11.302735,155.967391
3333,80,80.000000,0.106619,0.113040,0.780160,0.668898,1.314671,1.627524,4.337601,0.000000,0.780160,1.000000,0.000000,0.000000,9.043229,inf,2234880,2234880,55872,,False,11.303372,11.303371,183.162500
3334,98,98.000000,0.109317,0.094342,0.771758,0.705039,1.285234,1.509739,3.586585,0.000000,0.771758,1.000000,0.000000,0.000000,9.245503,inf,2737728,2737728,55872,,False,11.303662,11.303663,161.928571
3335,107,107.000000,0.109362,0.100405,0.799424,0.683222,1.345067,1.794120,4.037910,0.000000,0.799424,1.000000,0.000000,0.000000,10.743295,inf,2989152,2989152,55872,,False,11.304175,11.304175,168.841121
3336,88,88.000000,0.113183,0.086184,0.696283,0.607715,1.235097,1.381161,1.483735,0.000000,0.696283,1.000000,0.000000,0.000000,7.584191,inf,2458368,2458368,55872,,False,11.304736,11.304736,205.590909
3337,100,100.000000,0.105918,0.104957,0.846646,0.733761,1.332963,1.814289,3.405507,0.000000,0.846646,1.000000,0.000000,0.000000,10.495736,inf,2793600,2793600,55872,,False,11.305090,11.305090,157.480000
3338,99,99.000000,0.118925,0.089394,0.778668,0.705385,1.246361,1.480695,2.463468,0.000000,0.778668,1.000000,0.000000,0.000000,8.849975,inf,2765664,2765664,55872,,False,11.305044,11.305045,180.989899
3339,106,106.000000,0.109767,0.088366,0.825550,0.780314,1.343180,1.630741,2.300901,0.000000,0.825550,1.000000,0.000000,0.000000,9.366785,inf,2961216,2961216,55872,,False,11.305455,11.305455,150.245283
3340,102,102.000000,0.102195,0.097588,0.810899,0.704659,1.472476,1.722669,3.563559,0.000000,0.810899,1.000000,0.000000,0.000000,9.954023,inf,2849472,2849472,55872,,False,11.305818,11.305818,156.696078
3341,94,94.000000,0.088356,0.082908,0.752814,0.710667,1.163240,1.294730,2.159357,0.000000,0.752814,1.000000,0.000000,0.000000,7.793387,inf,2625984,2625984,55872,,False,11.307236,11.307236,135.617021
3342,93,93.000000,0.100617,0.086898,0.717386,0.670970,1.203861,1.489477,2.182159,0.000000,0.717386,1.000000,0.000000,0.000000,8.081518,inf,2598048,2598048,55872,,False,11.308071,11.308071,156.344086
3343,89,89.000000,0.128654,0.114647,0.888162,0.765655,1.424504,2.044123,4.025026,0.000000,0.888162,1.000000,0.000000,0.000000,10.203599,inf,2486304,2486304,55872,,False,11.307390,11.307390,191.921348
3344,91,91.000000,0.100358,0.088226,0.734379,0.691027,1.281939,1.438816,1.949940,0.000000,0.734379,1.000000,0.000000,0.000000,8.028536,inf,2542176,2542176,55872,,False,11.307714,11.307714,159.725275
3345,85,85.000000,0.098411,0.090906,0.735856,0.669000,1.254188,1.563763,1.980654,0.000000,0.735856,1.000000,0.000000,0.000000,7.727011,inf,2374560,2374560,55872,,False,11.308592,11.308592,153.082353
3346,105,105.000000,0.097086,0.088041,0.774383,0.688220,1.250205,1.498961,3.030741,0.000000,0.774383,1.000000,0.000000,0.000000,9.244280,inf,2933280,2933280,55872,,False,11.309662,11.309661,153.466667
3347,94,94.000000,0.117721,0.107060,0.872669,0.718162,1.290386,2.535490,3.448529,0.000000,0.872669,1.000000,0.000000,0.000000,10.063635,inf,2625984,2625984,55872,,False,11.309505,11.309505,171.521277
3348,93,93.000000,0.108089,0.094464,0.799420,0.692277,1.295723,1.546060,2.766544,0.000000,0.799420,1.000000,0.000000,0.000000,8.785160,inf,2598048,2598048,55872,,False,11.309709,11.309709,170.838710
3349,80,80.000000,0.117212,0.100248,0.762653,0.686969,1.174480,1.596788,2.959737,0.000000,0.762653,1.000000,0.000000,0.000000,8.019853,inf,2234880,2234880,55872,,False,11.309923,11.309923,191.837500
3350,76,76.000000,0.093196,0.100244,0.732121,0.721848,1.114358,1.406756,3.183868,0.000000,0.732121,1.000000,0.000000,0.000000,7.618575,inf,2123136,2123136,55872,,False,11.310604,11.310604,148.552632
3351,110,110.000000,0.108279,0.086580,0.783651,0.698900,1.216033,1.515020,2.741178,0.000000,0.783651,1.000000,0.000000,0.000000,9.523827,inf,3072960,3072960,55872,,False,11.310896,11.310896,163.790909
3352,93,93.000000,0.115280,0.092574,0.820270,0.705363,1.317368,1.494121,2.547554,0.000000,0.820270,1.000000,0.000000,0.000000,8.609375,inf,2598048,2598048,55872,,False,11.311116,11.311116,164.354839
3353,90,90.000000,0.103484,0.085709,0.715450,0.694830,1.235757,1.466256,1.915717,0.000000,0.715450,1.000000,0.000000,0.000000,7.713805,inf,2514240,2514240,55872,,False,11.311389,11.311389,166.266667
3354,84,84.000000,0.102549,0.086231,0.739461,0.732978,1.063933,1.460593,1.575772,0.000000,0.739461,1.000000,0.000000,0.000000,7.243371,inf,2346624,2346624,55872,,False,11.311498,11.311498,142.511905
3355,90,90.000000,0.108350,0.100000,0.790652,0.680392,1.241272,1.728968,3.559268,0.000000,0.790652,1.000000,0.000000,0.000000,8.999993,inf,2514240,2514240,55872,,False,11.311478,11.311478,171.511111
3356,96,96.000000,0.104134,0.087787,0.764162,0.715302,1.260577,1.306866,2.984628,0.000000,0.764162,1.000000,0.000000,0.000000,8.427594,inf,2681856,2681856,55872,,False,11.312343,11.312343,166.343750
3357,95,95.000000,0.107586,0.086591,0.697280,0.631891,1.212418,1.441066,1.815247,0.000000,0.697280,1.000000,0.000000,0.000000,8.226149,inf,2653920,2653920,55872,,False,11.313425,11.313425,182.357895
3358,89,89.000000,0.106532,0.080925,0.681594,0.655716,1.130381,1.305700,1.646052,0.000000,0.681594,1.000000,0.000000,0.000000,7.202301,inf,2486304,2486304,55872,,False,11.313666,11.313666,188.471910
3359,87,87.000000,0.109234,0.088817,0.727160,0.673376,1.140340,1.408473,2.751038,0.000000,0.727160,1.000000,0.000000,0.000000,7.727101,inf,2430432,2430432,55872,,False,11.313698,11.313698,173.068966
3360,99,99.000000,0.101648,0.076059,0.689528,0.654430,1.129281,1.204388,1.552237,0.000000,0.689528,1.000000,0.000000,0.000000,7.529879,inf,2765664,2765664,55872,,False,11.314122,11.314122,171.353535
3361,83,83.000000,0.105333,0.103883,0.777512,0.697373,1.333283,1.574050,3.525075,0.000000,0.777512,1.000000,0.000000,0.000000,8.622259,inf,2318688,2318688,55872,,False,11.314497,11.314497,151.481928
3362,80,80.000000,0.104847,0.102233,0.801674,0.772806,1.168273,1.509082,2.769585,0.000000,0.801674,1.000000,0.000000,0.000000,8.178606,inf,2234880,2234880,55872,,False,11.314909,11.314909,155.362500
3363,99,99.000000,0.111090,0.083727,0.713795,0.640153,1.227343,1.385848,2.190586,0.000000,0.713795,1.000000,0.000000,0.000000,8.288987,inf,2765664,2765664,55872,,False,11.315296,11.315296,182.111111
3364,82,82.000000,0.107020,0.095367,0.758278,0.667830,1.344003,1.666110,1.905251,0.000000,0.758278,1.000000,0.000000,0.000000,7.820086,inf,2290752,2290752,55872,,False,11.316156,11.316156,176.451220
3365,89,89.000000,0.102372,0.087014,0.725592,0.679151,1.225314,1.391146,2.016604,0.000000,0.725592,1.000000,0.000000,0.000000,7.744227,inf,2486304,2486304,55872,,False,11.317314,11.317314,151.685393
3366,105,105.000000,0.106678,0.095636,0.789331,0.655834,1.457283,1.794263,2.821956,0.000000,0.789331,1.000000,0.000000,0.000000,10.041770,inf,2933280,2933280,55872,,False,11.317466,11.317466,168.552381
3367,97,97.000000,0.097401,0.091093,0.738116,0.661184,1.164073,1.556042,4.579679,0.000000,0.738116,1.000000,0.000000,0.000000,8.835999,inf,2709792,2709792,55872,,False,11.318220,11.318220,154.525773
3368,103,103.000000,0.101037,0.079940,0.734314,0.698049,1.127725,1.305029,2.179861,0.000000,0.734314,1.000000,0.000000,0.000000,8.233855,inf,2877408,2877408,55872,,False,11.318961,11.318961,162.786408
3369,98,98.000000,0.103969,0.098228,0.786230,0.690965,1.303029,1.656953,3.448455,0.000000,0.786230,1.000000,0.000000,0.000000,9.626327,inf,2737728,2737728,55872,,False,11.319164,11.319165,165.000000
3370,96,96.000000,0.118173,0.101055,0.830250,0.673131,1.541002,1.780779,3.307922,0.000000,0.830250,1.000000,0.000000,0.000000,9.701277,inf,2681856,2681856,55872,,False,11.319716,11.319716,170.385417
3371,85,85.000000,0.114848,0.123689,0.876053,0.723652,1.539237,1.924399,5.198497,0.000000,0.876053,1.000000,0.000000,0.000000,10.513581,inf,2374560,2374560,55872,,False,11.319810,11.319810,165.317647
3372,105,105.000000,0.103770,0.093218,0.825781,0.661463,1.464671,1.848523,3.715136,0.000000,0.825781,1.000000,0.000000,0.000000,9.787906,inf,2933280,2933280,55872,,False,11.320250,11.320251,149.561905
3373,95,95.000000,0.103988,0.078361,0.693757,0.650158,1.180587,1.353195,2.204053,0.000000,0.693757,1.000000,0.000000,0.000000,7.444264,inf,2653920,2653920,55872,,False,11.320316,11.320316,168.147368
3374,88,88.000000,0.107461,0.101221,0.797319,0.706876,1.186886,1.700922,3.282243,0.000000,0.797319,1.000000,0.000000,0.000000,8.907428,inf,2458368,2458368,55872,,False,11.321126,11.321125,161.079545
3375,108,108.000000,0.098980,0.082952,0.757263,0.670487,1.286407,1.686397,2.775260,0.000000,0.757263,1.000000,0.000000,0.000000,8.958837,inf,3017088,3017088,55872,,False,11.321919,11.321919,155.972222
3376,91,91.000000,0.101551,0.101849,0.832284,0.729377,1.516504,1.823068,2.609841,0.000000,0.832284,1.000000,0.000000,0.000000,9.268296,inf,2542176,2542176,55872,,False,11.321923,11.321923,141.846154
3377,84,84.000000,0.098620,0.103349,0.786171,0.713315,1.222079,1.481506,2.919051,0.000000,0.786171,1.000000,0.000000,0.000000,8.681277,inf,2346624,2346624,55872,,False,11.322810,11.322809,141.500000
3378,94,94.000000,0.101111,0.092293,0.766049,0.659259,1.444812,1.602286,2.439424,0.000000,0.766049,1.000000,0.000000,0.000000,8.675552,inf,2625984,2625984,55872,,False,11.323696,11.323696,155.691489
3379,87,87.000000,0.113378,0.093044,0.740677,0.711019,1.112784,1.497412,2.567583,0.000000,0.740677,1.000000,0.000000,0.000000,8.094830,inf,2430432,2430432,55872,,False,11.323667,11.323666,197.356322
3380,86,86.000000,0.110045,0.109780,0.857225,0.721272,1.441711,1.687768,3.717423,0.000000,0.857225,1.000000,0.000000,0.000000,9.441049,inf,2402496,2402496,55872,,False,11.323356,11.323356,143.255814
3381,108,108.000000,0.107132,0.082530,0.732162,0.673126,1.198623,1.405331,3.141718,0.000000,0.732162,1.000000,0.000000,0.000000,8.913199,inf,3017088,3017088,55872,,False,11.324006,11.324005,168.203704
3382,105,105.000000,0.107818,0.097062,0.837217,0.695482,1.414137,1.690420,2.752514,0.000000,0.837217,1.000000,0.000000,0.000000,10.191465,inf,2933280,2933280,55872,,False,11.324581,11.324581,164.457143
3383,103,103.000000,0.109490,0.094845,0.832588,0.708595,1.263787,1.573838,4.030043,0.000000,0.832588,1.000000,0.000000,0.000000,9.768999,inf,2877408,2877408,55872,,False,11.324547,11.324547,165.592233
3384,86,86.000000,0.096771,0.093329,0.766249,0.727116,1.236488,1.886393,2.172061,0.000000,0.766249,1.000000,0.000000,0.000000,8.026321,inf,2402496,2402496,55872,,False,11.324817,11.324817,150.616279
3385,93,93.000000,0.098383,0.101300,0.820557,0.734374,1.282893,1.549231,2.999540,0.000000,0.820557,1.000000,0.000000,0.000000,9.420916,inf,2598048,2598048,55872,,False,11.325765,11.325765,139.333333
3386,71,71.000000,0.104304,0.129561,0.897912,0.729437,1.510656,2.100159,3.857110,0.000000,0.897912,1.000000,0.000000,0.000000,9.198820,inf,1983456,1983456,55872,,False,11.326522,11.326523,160.873239
3387,89,89.000000,0.111234,0.108189,0.831896,0.716851,1.460138,1.726435,3.799232,0.000000,0.831896,1.000000,0.000000,0.000000,9.628829,inf,2486304,2486304,55872,,False,11.326994,11.326994,156.966292
3388,96,96.000000,0.110988,0.081453,0.723545,0.673993,1.186988,1.472040,1.776822,0.000000,0.723545,1.000000,0.000000,0.000000,7.819532,inf,2681856,2681856,55872,,False,11.327751,11.327750,179.229167
3389,99,99.000000,0.119979,0.088300,0.753373,0.672261,1.254126,1.497834,3.308554,0.000000,0.753373,1.000000,0.000000,0.000000,8.741666,inf,2765664,2765664,55872,,False,11.327945,11.327945,182.818182
3390,80,80.000000,0.100829,0.099236,0.771826,0.675337,1.245649,1.401357,3.183128,0.000000,0.771826,1.000000,0.000000,0.000000,7.938910,inf,2234880,2234880,55872,,False,11.328567,11.328566,153.362500
3391,87,87.000000,0.117209,0.104053,0.849916,0.759958,1.373727,1.643434,2.721512,0.000000,0.849916,1.000000,0.000000,0.000000,9.052589,inf,2430432,2430432,55872,,False,11.328981,11.328981,159.011494
3392,95,95.000000,0.091767,0.093332,0.752981,0.639058,1.497185,1.743862,2.995912,0.000000,0.752981,1.000000,0.000000,0.000000,8.866494,inf,2653920,2653920,55872,,False,11.329339,11.329339,144.810526
3393,105,105.000000,0.099673,0.075431,0.703375,0.650770,1.183807,1.397865,2.561955,0.000000,0.703375,1.000000,0.000000,0.000000,7.920268,inf,2933280,2933280,55872,,False,11.329974,11.329973,169.761905
3394,99,99.000000,0.101549,0.091303,0.742863,0.680224,1.220299,1.501148,2.965784,0.000000,0.742863,1.000000,0.000000,0.000000,9.038949,inf,2765664,2765664,55872,,False,11.330560,11.330560,157.575758
3395,93,93.000000,0.105517,0.099518,0.773984,0.681551,1.321945,1.651372,4.265889,0.000000,0.773984,1.000000,0.000000,0.000000,9.255130,inf,2598048,2598048,55872,,False,11.331318,11.331318,164.451613
3396,110,110.000000,0.097693,0.088866,0.781429,0.689651,1.353261,1.589779,2.906843,0.000000,0.781429,1.000000,0.000000,0.000000,9.775277,inf,3072960,3072960,55872,,False,11.332235,11.332236,145.309091
3397,86,86.000000,0.107547,0.088977,0.724406,0.642011,1.162202,1.470288,2.701563,0.000000,0.724406,1.000000,0.000000,0.000000,7.652016,inf,2402496,2402496,55872,,False,11.332788,11.332788,179.988372
3398,94,94.000000,0.102894,0.100542,0.796187,0.670622,1.376814,1.856137,3.005763,0.000000,0.796187,1.000000,0.000000,0.000000,9.450932,inf,2625984,2625984,55872,,False,11.333117,11.333117,151.148936
3399,105,105.000000,0.100340,0.087714,0.772575,0.698285,1.319154,1.514690,2.569342,0.000000,0.772575,1.000000,0.000000,0.000000,9.210006,inf,2933280,2933280,55872,,False,11.334533,11.334532,162.933333
3400,92,92.000000,0.117807,0.099798,0.818796,0.741272,1.357766,1.836856,3.172518,0.000000,0.818796,1.000000,0.000000,0.000000,9.181378,inf,2570112,2570112,55872,,False,11.334635,11.334635,163.000000
3401,88,88.000000,0.099236,0.093604,0.749466,0.701770,1.215614,1.565760,2.412077,0.000000,0.749466,1.000000,0.000000,0.000000,8.237139,inf,2458368,2458368,55872,,False,11.335705,11.335705,163.113636
3402,96,96.000000,0.112407,0.100478,0.823465,0.714281,1.446023,1.610564,3.610795,0.000000,0.823465,1.000000,0.000000,0.000000,9.645913,inf,2681856,2681856,55872,,False,11.335770,11.335770,174.218750
3403,114,114.000000,0.100195,0.081750,0.751126,0.642845,1.354417,1.609253,3.838994,0.000000,0.751126,1.000000,0.000000,0.000000,9.319469,inf,3184704,3184704,55872,,False,11.336549,11.336549,163.385965
3404,107,107.000000,0.104611,0.085107,0.758476,0.701627,1.255229,1.447247,3.601291,0.000000,0.758476,1.000000,0.000000,0.000000,9.106426,inf,2989152,2989152,55872,,False,11.336572,11.336572,169.317757
3405,99,99.000000,0.114577,0.086288,0.762332,0.703579,1.352414,1.573126,1.895417,0.000000,0.762332,1.000000,0.000000,0.000000,8.542520,inf,2765664,2765664,55872,,False,11.336828,11.336828,194.212121
3406,88,88.000000,0.091446,0.092287,0.758501,0.744145,1.164830,1.443151,3.576790,0.000000,0.758501,1.000000,0.000000,0.000000,8.121229,inf,2458368,2458368,55872,,False,11.337933,11.337933,138.579545
3407,86,86.000000,0.108132,0.106896,0.840958,0.736095,1.492249,1.907423,2.690652,0.000000,0.840958,1.000000,0.000000,0.000000,9.193023,inf,2402496,2402496,55872,,False,11.338543,11.338543,163.372093
3408,82,82.000000,0.119705,0.101922,0.793386,0.732270,1.234405,1.401037,3.333237,0.000000,0.793386,1.000000,0.000000,0.000000,8.357615,inf,2290752,2290752,55872,,False,11.338687,11.338688,167.841463
3409,92,92.000000,0.104498,0.093542,0.794455,0.713014,1.287964,1.558142,2.798194,0.000000,0.794455,1.000000,0.000000,0.000000,8.605884,inf,2570112,2570112,55872,,False,11.339100,11.339100,161.010870
3410,96,96.000000,0.115704,0.094745,0.770167,0.635074,1.284886,1.611732,3.387286,0.000000,0.770167,1.000000,0.000000,0.000000,9.095535,inf,2681856,2681856,55872,,False,11.339780,11.339780,182.822917
3411,91,91.000000,0.107971,0.088789,0.703404,0.656110,1.139071,1.450591,2.386994,0.000000,0.703404,1.000000,0.000000,0.000000,8.079805,inf,2542176,2542176,55872,,False,11.340275,11.340275,173.604396
3412,100,100.000000,0.109051,0.082349,0.732699,0.654178,1.245100,1.390721,2.308528,0.000000,0.732699,1.000000,0.000000,0.000000,8.234858,inf,2793600,2793600,55872,,False,11.340691,11.340691,165.940000
3413,106,106.000000,0.100045,0.082156,0.727944,0.676833,1.262981,1.478158,2.632867,0.000000,0.727944,1.000000,0.000000,0.000000,8.708559,inf,2961216,2961216,55872,,False,11.340676,11.340676,148.386792
3414,76,76.000000,0.111001,0.104661,0.784847,0.700682,1.220609,1.770007,2.533938,0.000000,0.784847,1.000000,0.000000,0.000000,7.954206,inf,2123136,2123136,55872,,False,11.341005,11.341005,163.710526
3415,88,88.000000,0.114712,0.086081,0.732382,0.698105,1.236488,1.447398,1.893503,0.000000,0.732382,1.000000,0.000000,0.000000,7.575093,inf,2458368,2458368,55872,,False,11.341208,11.341208,179.227273
3416,104,104.000000,0.111707,0.135052,0.941990,0.736259,1.740894,2.028407,8.602226,0.000000,0.941990,1.000000,0.000000,0.000000,14.045413,inf,2905344,2905344,55872,,False,11.341695,11.341695,164.500000
3417,89,89.000000,0.112368,0.123652,0.957474,0.727478,1.628778,2.260103,4.218419,0.000000,0.957474,1.000000,0.000000,0.000000,11.005018,inf,2486304,2486304,55872,,False,11.341188,11.341188,145.977528
3418,112,112.000000,0.107357,0.104039,0.847054,0.722035,1.265778,1.505787,5.867598,0.000000,0.847054,1.000000,0.000000,0.000000,11.652393,inf,3128832,3128832,55872,,False,11.341635,11.341634,167.330357
3419,100,100.000000,0.103459,0.095779,0.819172,0.729552,1.365474,1.549742,2.695790,0.000000,0.819172,1.000000,0.000000,0.000000,9.577850,inf,2793600,2793600,55872,,False,11.342010,11.342010,141.320000
3420,89,89.000000,0.109050,0.092726,0.758717,0.682606,1.310178,1.661184,2.696053,0.000000,0.758717,1.000000,0.000000,0.000000,8.252628,inf,2486304,2486304,55872,,False,11.342386,11.342386,167.696629
3421,93,93.000000,0.118889,0.089547,0.759214,0.695369,1.200833,1.762371,2.665626,0.000000,0.759214,1.000000,0.000000,0.000000,8.327853,inf,2598048,2598048,55872,,False,11.342320,11.342320,185.795699
3422,104,104.000000,0.103137,0.086225,0.792994,0.741737,1.368241,1.557454,3.122887,0.000000,0.792994,1.000000,0.000000,0.000000,8.967432,inf,2905344,2905344,55872,,False,11.342845,11.342845,151.586538
3423,86,86.000000,0.099764,0.097896,0.798436,0.717693,1.343913,1.543140,2.725385,0.000000,0.798436,1.000000,0.000000,0.000000,8.419096,inf,2402496,2402496,55872,,False,11.343668,11.343668,144.337209
3424,91,91.000000,0.097932,0.113146,0.801464,0.744981,1.190625,1.596165,4.569196,0.000000,0.801464,1.000000,0.000000,0.000000,10.296294,inf,2542176,2542176,55872,,False,11.345280,11.345280,153.626374
3425,105,105.000000,0.094605,0.082334,0.720475,0.622001,1.201102,1.514700,2.728121,0.000000,0.720475,1.000000,0.000000,0.000000,8.645040,inf,2933280,2933280,55872,,False,11.346060,11.346060,168.714286
3426,98,98.000000,0.099816,0.095791,0.772439,0.650302,1.292387,1.766306,4.024794,0.000000,0.772439,1.000000,0.000000,0.000000,9.387517,inf,2737728,2737728,55872,,False,11.347081,11.347082,167.969388
3427,101,101.000000,0.113015,0.094352,0.833312,0.707349,1.332784,1.928316,2.622723,0.000000,0.833312,1.000000,0.000000,0.000000,9.529508,inf,2821536,2821536,55872,,False,11.347667,11.347667,178.752475
3428,107,107.000000,0.108785,0.077075,0.687450,0.653092,1.124818,1.325779,2.001568,0.000000,0.687450,1.000000,0.000000,0.000000,8.247015,inf,2989152,2989152,55872,,False,11.348208,11.348208,181.757009
3429,97,97.000000,0.111887,0.095952,0.825066,0.756941,1.487917,1.638521,2.937036,0.000000,0.825066,1.000000,0.000000,0.000000,9.307301,inf,2709792,2709792,55872,,False,11.348388,11.348387,160.309278
3430,100,100.000000,0.113107,0.087249,0.738372,0.649505,1.162087,1.817879,2.692498,0.000000,0.738372,1.000000,0.000000,0.000000,8.724915,inf,2793600,2793600,55872,,False,11.348550,11.348550,193.430000
3431,94,94.000000,0.096405,0.099345,0.796062,0.669485,1.329908,1.716142,2.822734,0.000000,0.796062,1.000000,0.000000,0.000000,9.338407,inf,2625984,2625984,55872,,False,11.349516,11.349515,170.074468
3432,95,95.000000,0.099552,0.086198,0.743231,0.714157,1.181740,1.479090,2.596907,0.000000,0.743231,1.000000,0.000000,0.000000,8.188842,inf,2653920,2653920,55872,,False,11.350551,11.350551,160.747368
3433,76,76.000000,0.109146,0.120698,0.860502,0.720922,1.617255,1.881368,3.695465,0.000000,0.860502,1.000000,0.000000,0.000000,9.173035,inf,2123136,2123136,55872,,False,11.350961,11.350961,152.736842
3434,106,106.000000,0.098337,0.080314,0.714256,0.656726,1.170789,1.419620,2.205524,0.000000,0.714256,1.000000,0.000000,0.000000,8.513287,inf,2961216,2961216,55872,,False,11.352133,11.352133,165.820755
3435,96,96.000000,0.104241,0.139411,0.826352,0.650662,1.244233,1.624028,9.027278,0.000000,0.826352,1.000000,0.000000,0.000000,13.383410,inf,2681856,2681856,55872,,False,11.351777,11.351778,165.854167
3436,111,111.000000,0.096174,0.099665,0.839883,0.622174,1.571311,2.232434,3.632737,0.000000,0.839883,1.000000,0.000000,0.000000,11.062866,inf,3100896,3100896,55872,,False,11.351985,11.351985,160.171171
3437,94,94.000000,0.101491,0.095137,0.781866,0.695504,1.338371,1.738650,3.134961,0.000000,0.781866,1.000000,0.000000,0.000000,8.942862,inf,2625984,2625984,55872,,False,11.352432,11.352432,141.234043
3438,92,92.000000,0.109580,0.094682,0.788835,0.733489,1.309676,1.482477,1.961805,0.000000,0.788835,1.000000,0.000000,0.000000,8.710788,inf,2570112,2570112,55872,,False,11.352612,11.352612,172.706522
3439,110,110.000000,0.097948,0.087863,0.717578,0.632568,1.169349,1.451879,4.721765,0.000000,0.717578,1.000000,0.000000,0.000000,9.664879,inf,3072960,3072960,55872,,False,11.353000,11.353000,163.009091
3440,82,82.000000,0.110930,0.083410,0.688188,0.690447,1.094108,1.213570,1.566630,0.000000,0.688188,1.000000,0.000000,0.000000,6.839648,inf,2290752,2290752,55872,,False,11.353589,11.353589,188.573171
3441,108,108.000000,0.114928,0.103837,0.885460,0.738210,1.460281,1.938696,3.759391,0.000000,0.885460,1.000000,0.000000,0.000000,11.214344,inf,3017088,3017088,55872,,False,11.353352,11.353352,170.250000
3442,95,95.000000,0.115203,0.093395,0.782410,0.705103,1.314225,1.536158,2.415675,0.000000,0.782410,1.000000,0.000000,0.000000,8.872572,inf,2653920,2653920,55872,,False,11.353623,11.353623,173.915789
3443,92,92.000000,0.120258,0.107154,0.877585,0.775225,1.483566,1.587832,3.229491,0.000000,0.877585,1.000000,0.000000,0.000000,9.858200,inf,2570112,2570112,55872,,False,11.353223,11.353223,166.413043
3444,103,103.000000,0.107603,0.086337,0.748636,0.636112,1.270533,1.592987,3.618122,0.000000,0.748636,1.000000,0.000000,0.000000,8.892725,inf,2877408,2877408,55872,,False,11.353992,11.353992,166.330097
3445,90,90.000000,0.104827,0.095443,0.760931,0.654480,1.404597,1.727530,2.585955,0.000000,0.760931,1.000000,0.000000,0.000000,8.589846,inf,2514240,2514240,55872,,False,11.354049,11.354049,165.222222
3446,98,98.000000,0.118594,0.102942,0.860779,0.760814,1.542491,1.938815,4.044965,0.000000,0.860779,1.000000,0.000000,0.000000,10.088350,inf,2737728,2737728,55872,,False,11.353354,11.353354,168.836735
3447,81,81.000000,0.099358,0.089595,0.730691,0.706725,1.153010,1.336107,2.014763,0.000000,0.730691,1.000000,0.000000,0.000000,7.257213,inf,2262816,2262816,55872,,False,11.354463,11.354463,150.345679
3448,107,107.000000,0.103985,0.094619,0.796880,0.660934,1.509903,1.834937,3.206706,0.000000,0.796880,1.000000,0.000000,0.000000,10.124229,inf,2989152,2989152,55872,,False,11.354747,11.354747,176.046729
3449,93,93.000000,0.095596,0.094648,0.789001,0.670036,1.317501,1.551470,3.861621,0.000000,0.789001,1.000000,0.000000,0.000000,8.802226,inf,2598048,2598048,55872,,False,11.355340,11.355340,149.000000
3450,96,96.000000,0.105754,0.099558,0.783453,0.741081,1.288671,1.637496,3.623029,0.000000,0.783453,1.000000,0.000000,0.000000,9.557582,inf,2681856,2681856,55872,,False,11.355331,11.355331,153.500000
3451,85,85.000000,0.104576,0.085206,0.703230,0.698909,1.329984,1.502763,1.792837,0.000000,0.703230,1.000000,0.000000,0.000000,7.242483,inf,2374560,2374560,55872,,False,11.356252,11.356252,186.952941
3452,106,106.000000,0.103641,0.086426,0.751310,0.704349,1.207235,1.385486,2.526634,0.000000,0.751310,1.000000,0.000000,0.000000,9.161111,inf,2961216,2961216,55872,,False,11.356606,11.356606,150.490566
3453,100,100.000000,0.105981,0.076433,0.690721,0.659736,1.065954,1.329563,2.598760,0.000000,0.690721,1.000000,0.000000,0.000000,7.643331,inf,2793600,2793600,55872,,False,11.357369,11.357369,178.660000
3454,79,79.000000,0.109645,0.123719,0.880149,0.730274,1.601787,1.770961,3.123738,0.000000,0.880149,1.000000,0.000000,0.000000,9.773815,inf,2206944,2206944,55872,,False,11.357654,11.357654,151.139241
3455,100,100.000000,0.100161,0.082344,0.704038,0.670202,1.203609,1.383690,2.669071,0.000000,0.704038,1.000000,0.000000,0.000000,8.234357,inf,2793600,2793600,55872,,False,11.358284,11.358284,155.220000
3456,92,92.000000,0.108743,0.108701,0.859618,0.747188,1.438008,1.870001,3.553012,0.000000,0.859618,1.000000,0.000000,0.000000,10.000494,inf,2570112,2570112,55872,,False,11.358696,11.358697,160.423913
3457,106,106.000000,0.094760,0.090001,0.736011,0.623858,1.314787,1.629607,4.544960,0.000000,0.736011,1.000000,0.000000,0.000000,9.540127,inf,2961216,2961216,55872,,False,11.359571,11.359571,157.877358
3458,98,98.000000,0.113512,0.093866,0.791415,0.726122,1.192293,1.409366,2.985108,0.000000,0.791415,1.000000,0.000000,0.000000,9.198821,inf,2737728,2737728,55872,,False,11.359750,11.359750,174.938776
3459,90,90.000000,0.099780,0.103421,0.844611,0.698848,1.425056,1.700418,3.922966,0.000000,0.844611,1.000000,0.000000,0.000000,9.307903,inf,2514240,2514240,55872,,False,11.360138,11.360139,148.844444
3460,97,97.000000,0.099866,0.086219,0.754777,0.665622,1.362704,1.528316,2.546912,0.000000,0.754777,1.000000,0.000000,0.000000,8.363278,inf,2709792,2709792,55872,,False,11.360962,11.360963,162.845361
3461,103,103.000000,0.117836,0.103146,0.860840,0.726009,1.406343,1.771735,3.882290,0.000000,0.860840,1.000000,0.000000,0.000000,10.624045,inf,2877408,2877408,55872,,False,11.361279,11.361279,170.203883
3462,94,94.000000,0.115220,0.082893,0.701847,0.623799,1.178198,1.414662,1.897252,0.000000,0.701847,1.000000,0.000000,0.000000,7.791978,inf,2625984,2625984,55872,,False,11.362144,11.362144,197.585106
3463,122,122.000000,0.097385,0.085329,0.800148,0.694049,1.528259,1.718793,2.603629,0.000000,0.800148,1.000000,0.000000,0.000000,10.410083,inf,3408192,3408192,55872,,False,11.363092,11.363092,147.786885
3464,100,100.000000,0.104446,0.083334,0.740321,0.667707,1.120423,1.300420,3.235481,0.000000,0.740321,1.000000,0.000000,0.000000,8.333391,inf,2793600,2793600,55872,,False,11.363560,11.363560,167.980000
3465,83,83.000000,0.083661,0.092513,0.735801,0.612963,1.317075,1.525434,2.224622,0.000000,0.735801,1.000000,0.000000,0.000000,7.678563,inf,2318688,2318688,55872,,False,11.365260,11.365260,123.132530
3466,92,92.000000,0.102997,0.097369,0.764363,0.670961,1.355335,1.681649,3.648645,0.000000,0.764363,1.000000,0.000000,0.000000,8.957946,inf,2570112,2570112,55872,,False,11.365969,11.365969,138.782609
3467,82,82.000000,0.101658,0.091792,0.721320,0.642064,1.262268,1.660548,2.628342,0.000000,0.721320,1.000000,0.000000,0.000000,7.526927,inf,2290752,2290752,55872,,False,11.366655,11.366655,169.292683
3468,83,83.000000,0.102553,0.102756,0.791863,0.730107,1.357844,1.676840,2.553258,0.000000,0.791863,1.000000,0.000000,0.000000,8.528756,inf,2318688,2318688,55872,,False,11.367059,11.367059,147.216867
3469,95,95.000000,0.105654,0.096329,0.757708,0.631984,1.364720,1.645449,2.667606,0.000000,0.757708,1.000000,0.000000,0.000000,9.151253,inf,2653920,2653920,55872,,False,11.367651,11.367651,171.284211
3470,112,112.000000,0.115476,0.085166,0.803828,0.745907,1.372585,1.576105,2.616233,0.000000,0.803828,1.000000,0.000000,0.000000,9.538616,inf,3128832,3128832,55872,,False,11.367572,11.367572,172.669643
3471,100,100.000000,0.097166,0.088443,0.780837,0.664926,1.277817,1.606448,3.196702,0.000000,0.780837,1.000000,0.000000,0.000000,8.844314,inf,2793600,2793600,55872,,False,11.368402,11.368402,153.040000
3472,88,88.000000,0.106410,0.084099,0.703312,0.653875,1.267119,1.430499,1.777116,0.000000,0.703312,1.000000,0.000000,0.000000,7.400702,inf,2458368,2458368,55872,,False,11.368816,11.368816,177.193182
3473,99,99.000000,0.092589,0.089353,0.773053,0.637059,1.257437,1.582272,2.824375,0.000000,0.773053,1.000000,0.000000,0.000000,8.845909,inf,2765664,2765664,55872,,False,11.369630,11.369630,155.949495
3474,77,77.000000,0.113197,0.094495,0.794235,0.714196,1.240270,1.443584,2.093931,0.000000,0.794235,1.000000,0.000000,0.000000,7.276112,inf,2151072,2151072,55872,,False,11.369945,11.369946,184.259740
3475,112,112.000000,0.110443,0.084950,0.765290,0.714613,1.294912,1.647312,2.212657,0.000000,0.765290,1.000000,0.000000,0.000000,9.514348,inf,3128832,3128832,55872,,False,11.370189,11.370189,162.973214
3476,86,86.000000,0.098166,0.095231,0.759984,0.744885,1.356865,1.651275,2.993316,0.000000,0.759984,1.000000,0.000000,0.000000,8.189884,inf,2402496,2402496,55872,,False,11.370410,11.370409,149.627907
3477,104,104.000000,0.103474,0.094753,0.742199,0.639426,1.286413,1.630711,4.287057,0.000000,0.742199,1.000000,0.000000,0.000000,9.854287,inf,2905344,2905344,55872,,False,11.370837,11.370838,158.355769
3478,111,111.000000,0.101849,0.087775,0.763264,0.712135,1.251193,1.552010,3.533508,0.000000,0.763264,1.000000,0.000000,0.000000,9.743038,inf,3100896,3100896,55872,,False,11.370892,11.370892,151.963964
3479,87,87.000000,0.094622,0.085666,0.709361,0.668866,1.203929,1.448543,2.012931,0.000000,0.709361,1.000000,0.000000,0.000000,7.452907,inf,2430432,2430432,55872,,False,11.371643,11.371643,132.333333
3480,105,105.000000,0.113346,0.099590,0.847393,0.718587,1.589370,2.023297,3.016088,0.000000,0.847393,1.000000,0.000000,0.000000,10.456915,inf,2933280,2933280,55872,,False,11.371935,11.371936,173.761905
3481,96,96.000000,0.091663,0.087989,0.746339,0.697650,1.363101,1.601318,1.882690,0.000000,0.746339,1.000000,0.000000,0.000000,8.446905,inf,2681856,2681856,55872,,False,11.373097,11.373096,150.281250
3482,98,98.000000,0.094568,0.097398,0.774853,0.684084,1.394737,2.320679,3.394324,0.000000,0.774853,1.000000,0.000000,0.000000,9.544983,inf,2737728,2737728,55872,,False,11.373217,11.373217,143.836735
3483,112,112.000000,0.109027,0.091695,0.827254,0.737690,1.417494,1.677096,2.601366,0.000000,0.827254,1.000000,0.000000,0.000000,10.269816,inf,3128832,3128832,55872,,False,11.373285,11.373285,159.214286
3484,89,89.000000,0.099876,0.093444,0.792457,0.774914,1.243183,1.309480,2.081524,0.000000,0.792457,1.000000,0.000000,0.000000,8.316556,inf,2486304,2486304,55872,,False,11.374077,11.374077,158.123596
3485,78,78.000000,0.107273,0.097549,0.752413,0.630898,1.319916,1.611252,2.408017,0.000000,0.752413,1.000000,0.000000,0.000000,7.608855,inf,2179008,2179008,55872,,False,11.374453,11.374453,174.141026
3486,102,102.000000,0.101453,0.087168,0.770577,0.709036,1.311380,1.488697,2.083861,0.000000,0.770577,1.000000,0.000000,0.000000,8.891127,inf,2849472,2849472,55872,,False,11.374719,11.374719,157.911765
3487,84,84.000000,0.118294,0.122162,0.964171,0.753177,1.642672,2.302144,3.592704,0.000000,0.964171,1.000000,0.000000,0.000000,10.261638,inf,2346624,2346624,55872,,False,11.374290,11.374290,150.333333
3488,110,110.000000,0.107602,0.085187,0.753074,0.685323,1.202185,1.750052,2.046358,0.000000,0.753074,1.000000,0.000000,0.000000,9.370546,inf,3072960,3072960,55872,,False,11.374939,11.374939,178.854545
3489,78,78.000000,0.117515,0.107043,0.853257,0.764895,1.365077,1.913821,2.561788,0.000000,0.853257,1.000000,0.000000,0.000000,8.349378,inf,2179008,2179008,55872,,False,11.375049,11.375049,150.461538
3490,91,91.000000,0.102975,0.104572,0.793903,0.678880,1.342069,1.864504,3.429059,0.000000,0.793903,1.000000,0.000000,0.000000,9.516010,inf,2542176,2542176,55872,,False,11.375964,11.375964,157.516484
3491,95,95.000000,0.097871,0.083615,0.719735,0.673182,1.109464,1.504258,1.944487,0.000000,0.719735,1.000000,0.000000,0.000000,7.943392,inf,2653920,2653920,55872,,False,11.377032,11.377032,177.273684
3492,99,99.000000,0.108866,0.096824,0.843414,0.823504,1.443371,1.609545,1.837995,0.000000,0.843414,1.000000,0.000000,0.000000,9.585555,inf,2765664,2765664,55872,,False,11.376864,11.376865,140.282828
3493,107,107.000000,0.107526,0.082170,0.745124,0.695946,1.169946,1.501991,2.273441,0.000000,0.745124,1.000000,0.000000,0.000000,8.792222,inf,2989152,2989152,55872,,False,11.377468,11.377468,179.588785
3494,89,89.000000,0.122091,0.097068,0.797973,0.697946,1.338946,1.758167,2.451180,0.000000,0.797973,1.000000,0.000000,0.000000,8.639087,inf,2486304,2486304,55872,,False,11.377811,11.377811,199.707865
3495,98,98.000000,0.089426,0.114381,0.835796,0.703924,1.398616,2.052233,4.377809,0.000000,0.835796,1.000000,0.000000,0.000000,11.209378,inf,2737728,2737728,55872,,False,11.378630,11.378630,136.204082
3496,82,82.000000,0.100855,0.087145,0.690439,0.653637,1.096747,1.371026,2.182591,0.000000,0.690439,1.000000,0.000000,0.000000,7.145920,inf,2290752,2290752,55872,,False,11.379627,11.379627,171.548780
3497,115,115.000000,0.111550,0.082991,0.729182,0.648672,1.221400,1.694839,2.690385,0.000000,0.729182,1.000000,0.000000,0.000000,9.543976,inf,3212640,3212640,55872,,False,11.380066,11.380067,170.069565
3498,95,95.000000,0.103695,0.092777,0.759495,0.679395,1.511507,1.811101,2.127244,0.000000,0.759495,1.000000,0.000000,0.000000,8.813855,inf,2653920,2653920,55872,,False,11.380537,11.380537,165.157895
3499,75,75.000000,0.100060,0.093958,0.706931,0.639968,1.286806,1.397087,1.833982,0.000000,0.706931,1.000000,0.000000,0.000000,7.046866,inf,2095200,2095200,55872,,False,11.381404,11.381404,157.200000
3500,93,93.000000,0.097822,0.107199,0.890177,0.750366,1.639693,1.850286,2.930375,0.000000,0.890177,1.000000,0.000000,0.000000,9.969500,inf,2598048,2598048,55872,,False,11.382072,11.382073,137.526882
3501,99,99.000000,0.102216,0.095735,0.714703,0.695199,1.170482,1.390922,4.452056,0.000000,0.714703,1.000000,0.000000,0.000000,9.477792,inf,2765664,2765664,55872,,False,11.382261,11.382261,156.373737
3502,108,108.000000,0.109363,0.081854,0.739917,0.681254,1.189789,1.590606,2.422547,0.000000,0.739917,1.000000,0.000000,0.000000,8.840256,inf,3017088,3017088,55872,,False,11.382529,11.382529,177.157407
3503,106,106.000000,0.097335,0.083866,0.747386,0.640404,1.295237,1.566360,2.860508,0.000000,0.747386,1.000000,0.000000,0.000000,8.889765,inf,2961216,2961216,55872,,False,11.383238,11.383237,164.726415
3504,99,99.000000,0.100487,0.089801,0.767691,0.681116,1.270201,1.353291,2.511907,0.000000,0.767691,1.000000,0.000000,0.000000,8.890284,inf,2765664,2765664,55872,,False,11.383863,11.383863,174.878788
3505,103,103.000000,0.107072,0.107074,0.869779,0.721565,1.401852,1.906725,3.826242,0.000000,0.869779,1.000000,0.000000,0.000000,11.028625,inf,2877408,2877408,55872,,False,11.384377,11.384377,168.038835
3506,98,98.000000,0.103305,0.092649,0.797454,0.734044,1.348886,1.686108,2.415867,0.000000,0.797454,1.000000,0.000000,0.000000,9.079610,inf,2737728,2737728,55872,,False,11.385050,11.385050,165.428571
3507,106,106.000000,0.103402,0.100397,0.834683,0.696655,1.663148,1.851806,3.341125,0.000000,0.834683,1.000000,0.000000,0.000000,10.642039,inf,2961216,2961216,55872,,False,11.385483,11.385483,148.292453
3508,100,100.000000,0.098851,0.100634,0.834461,0.761658,1.437900,1.684789,4.247336,0.000000,0.834461,1.000000,0.000000,0.000000,10.063374,inf,2793600,2793600,55872,,False,11.386445,11.386445,160.950000
3509,85,85.000000,0.102737,0.096140,0.745813,0.668373,1.299631,1.529137,2.381124,0.000000,0.745813,1.000000,0.000000,0.000000,8.171869,inf,2374560,2374560,55872,,False,11.387300,11.387300,167.917647
3510,84,84.000000,0.112059,0.111911,0.853480,0.788355,1.469044,1.654212,2.959176,0.000000,0.853480,1.000000,0.000000,0.000000,9.400499,inf,2346624,2346624,55872,,False,11.387517,11.387518,164.928571
3511,105,105.000000,0.115400,0.095864,0.815448,0.754341,1.381416,1.675838,3.124297,0.000000,0.815448,1.000000,0.000000,0.000000,10.065725,inf,2933280,2933280,55872,,False,11.387412,11.387413,177.904762
3512,94,94.000000,0.101768,0.095405,0.806512,0.719182,1.218137,1.652071,2.631770,0.000000,0.806512,1.000000,0.000000,0.000000,8.968086,inf,2625984,2625984,55872,,False,11.387786,11.387787,153.276596
3513,96,96.000000,0.106671,0.084472,0.696707,0.635040,1.185718,1.391882,3.001304,0.000000,0.696707,1.000000,0.000000,0.000000,8.109342,inf,2681856,2681856,55872,,False,11.388243,11.388242,176.322917
3514,91,91.000000,0.111781,0.093676,0.758461,0.641885,1.278460,1.667246,3.562252,0.000000,0.758461,1.000000,0.000000,0.000000,8.524553,inf,2542176,2542176,55872,,False,11.388628,11.388628,173.010989
3515,83,83.000000,0.099380,0.097384,0.765391,0.727681,1.182197,1.603336,2.820177,0.000000,0.765391,1.000000,0.000000,0.000000,8.082856,inf,2318688,2318688,55872,,False,11.389256,11.389256,157.433735
3516,98,98.000000,0.107131,0.101368,0.831722,0.686310,1.615328,2.030920,2.644194,0.000000,0.831722,1.000000,0.000000,0.000000,9.934039,inf,2737728,2737728,55872,,False,11.389134,11.389134,163.244898
3517,105,105.000000,0.108923,0.077080,0.707072,0.711058,1.192058,1.358915,1.854536,0.000000,0.707072,1.000000,0.000000,0.000000,8.093367,inf,2933280,2933280,55872,,False,11.389710,11.389710,179.000000
3518,80,80.000000,0.092569,0.090129,0.721983,0.659299,1.246119,1.331810,2.904027,0.000000,0.721983,1.000000,0.000000,0.000000,7.210302,inf,2234880,2234880,55872,,False,11.390741,11.390741,167.200000
3519,91,91.000000,0.097121,0.090127,0.698900,0.639053,1.167385,1.443308,2.670137,0.000000,0.698900,1.000000,0.000000,0.000000,8.201556,inf,2542176,2542176,55872,,False,11.391272,11.391272,154.428571
3520,89,89.000000,0.119053,0.089788,0.772428,0.719872,1.342498,1.501867,1.820946,0.000000,0.772428,1.000000,0.000000,0.000000,7.991124,inf,2486304,2486304,55872,,False,11.391337,11.391337,186.078652
3521,101,101.000000,0.097525,0.093513,0.754465,0.644681,1.305322,1.537421,2.760743,0.000000,0.754465,1.000000,0.000000,0.000000,9.444776,inf,2821536,2821536,55872,,False,11.391859,11.391860,157.821782
3522,103,103.000000,0.111622,0.097896,0.780133,0.643447,1.298170,1.827812,3.545054,0.000000,0.780133,1.000000,0.000000,0.000000,10.083302,inf,2877408,2877408,55872,,False,11.392268,11.392269,168.067961
3523,85,85.000000,0.119916,0.102279,0.785825,0.631380,1.474523,1.782251,2.928861,0.000000,0.785825,1.000000,0.000000,0.000000,8.693683,inf,2374560,2374560,55872,,False,11.393193,11.393193,199.705882
3524,98,98.000000,0.118524,0.081951,0.770879,0.693268,1.199762,1.420842,2.224999,0.000000,0.770879,1.000000,0.000000,0.000000,8.031219,inf,2737728,2737728,55872,,False,11.393846,11.393847,173.969388
3525,103,103.000000,0.110305,0.092630,0.769329,0.702676,1.254831,1.470179,2.586700,0.000000,0.769329,1.000000,0.000000,0.000000,9.540860,inf,2877408,2877408,55872,,False,11.394452,11.394453,178.718447
3526,95,95.000000,0.118618,0.089997,0.803911,0.677565,1.428077,1.696892,1.815230,0.000000,0.803911,1.000000,0.000000,0.000000,8.549669,inf,2653920,2653920,55872,,False,11.394511,11.394512,175.778947
3527,95,95.000000,0.097152,0.089657,0.776951,0.709799,1.287012,1.418034,2.201500,0.000000,0.776951,1.000000,0.000000,0.000000,8.517419,inf,2653920,2653920,55872,,False,11.395545,11.395546,150.242105
3528,97,97.000000,0.107295,0.091552,0.784049,0.664589,1.478069,1.742734,2.250288,0.000000,0.784049,1.000000,0.000000,0.000000,8.880590,inf,2709792,2709792,55872,,False,11.395917,11.395917,174.958763
3529,97,97.000000,0.094384,0.087323,0.710130,0.649650,1.142501,1.541142,3.053000,0.000000,0.710130,1.000000,0.000000,0.000000,8.470309,inf,2709792,2709792,55872,,False,11.396723,11.396724,163.164948
3530,100,100.000000,0.106427,0.094551,0.778704,0.706050,1.268710,1.417639,3.041025,0.000000,0.778704,1.000000,0.000000,0.000000,9.455065,inf,2793600,2793600,55872,,False,11.397112,11.397112,174.240000
3531,87,87.000000,0.101729,0.110876,0.813295,0.727963,1.506499,1.810371,3.603506,0.000000,0.813295,1.000000,0.000000,0.000000,9.646213,inf,2430432,2430432,55872,,False,11.397783,11.397783,168.045977
3532,81,81.000000,0.110140,0.097329,0.771085,0.731843,1.335970,1.519638,2.542448,0.000000,0.771085,1.000000,0.000000,0.000000,7.883614,inf,2262816,2262816,55872,,False,11.398179,11.398179,172.259259
3533,87,87.000000,0.109079,0.100238,0.793620,0.736205,1.370745,1.660409,2.891474,0.000000,0.793620,1.000000,0.000000,0.000000,8.720699,inf,2430432,2430432,55872,,False,11.397923,11.397923,168.160920
3534,107,107.000000,0.102695,0.079816,0.702861,0.658582,1.185236,1.348805,1.749416,0.000000,0.702861,1.000000,0.000000,0.000000,8.540277,inf,2989152,2989152,55872,,False,11.398490,11.398488,177.738318
3535,86,86.000000,0.090663,0.086986,0.730329,0.645812,1.231947,1.401380,1.589758,0.000000,0.730329,1.000000,0.000000,0.000000,7.480756,inf,2402496,2402496,55872,,False,11.399373,11.399373,157.860465
3536,83,83.000000,0.100491,0.096115,0.755877,0.663787,1.234302,1.538758,2.777831,0.000000,0.755877,1.000000,0.000000,0.000000,7.977567,inf,2318688,2318688,55872,,False,11.399843,11.399844,167.325301
3537,83,83.000000,0.107850,0.104124,0.822074,0.711366,1.485810,1.583677,2.505512,0.000000,0.822074,1.000000,0.000000,0.000000,8.642313,inf,2318688,2318688,55872,,False,11.400267,11.400266,155.698795
3538,98,98.000000,0.106374,0.078726,0.696824,0.640371,1.116277,1.255193,1.514561,0.000000,0.696824,1.000000,0.000000,0.000000,7.715164,inf,2737728,2737728,55872,,False,11.401062,11.401061,174.959184
3539,92,92.000000,0.114511,0.100245,0.799006,0.712156,1.437496,1.707363,3.265215,0.000000,0.799006,1.000000,0.000000,0.000000,9.222548,inf,2570112,2570112,55872,,False,11.401674,11.401675,173.434783
3540,104,104.000000,0.113148,0.085869,0.773672,0.714189,1.194750,1.456661,2.413492,0.000000,0.773672,1.000000,0.000000,0.000000,8.930423,inf,2905344,2905344,55872,,False,11.401745,11.401745,165.971154
3541,87,87.000000,0.108686,0.086239,0.753499,0.688064,1.263403,1.392656,1.842385,0.000000,0.753499,1.000000,0.000000,0.000000,7.502810,inf,2430432,2430432,55872,,False,11.402053,11.402053,156.540230
3542,87,87.000000,0.091367,0.091675,0.776859,0.688674,1.210196,1.348583,3.458402,0.000000,0.776859,1.000000,0.000000,0.000000,7.975718,inf,2430432,2430432,55872,,False,11.402984,11.402984,148.126437
3543,89,89.000000,0.105072,0.091282,0.755900,0.739020,1.053237,1.589564,2.149395,0.000000,0.755900,1.000000,0.000000,0.000000,8.124114,inf,2486304,2486304,55872,,False,11.403298,11.403298,165.146067
3544,86,86.000000,0.101681,0.086395,0.716806,0.660722,1.075443,1.417361,2.736446,0.000000,0.716806,1.000000,0.000000,0.000000,7.430003,inf,2402496,2402496,55872,,False,11.403822,11.403821,164.267442
3545,107,107.000000,0.101183,0.086641,0.758695,0.707796,1.307660,1.555458,2.628519,0.000000,0.758695,1.000000,0.000000,0.000000,9.270581,inf,2989152,2989152,55872,,False,11.403912,11.403912,143.345794
3546,102,102.000000,0.104996,0.091717,0.769731,0.690197,1.272671,1.537104,2.917890,0.000000,0.769731,1.000000,0.000000,0.000000,9.355154,inf,2849472,2849472,55872,,False,11.404890,11.404889,169.343137
3547,101,101.000000,0.113097,0.114323,0.879509,0.747362,1.430812,1.780457,6.792237,0.000000,0.879509,1.000000,0.000000,0.000000,11.546626,inf,2821536,2821536,55872,,False,11.405612,11.405611,161.603960
3548,110,110.000000,0.111259,0.075767,0.712361,0.664793,1.163263,1.516089,2.045279,0.000000,0.712361,1.000000,0.000000,0.000000,8.334392,inf,3072960,3072960,55872,,False,11.405869,11.405869,199.109091
3549,97,97.000000,0.100286,0.093063,0.791828,0.706391,1.120813,1.495119,3.664713,0.000000,0.791828,1.000000,0.000000,0.000000,9.027131,inf,2709792,2709792,55872,,False,11.406356,11.406356,149.618557
3550,72,72.000000,0.109759,0.122153,0.843725,0.700352,1.715151,2.127240,3.453272,0.000000,0.843725,1.000000,0.000000,0.000000,8.795037,inf,2011392,2011392,55872,,False,11.406504,11.406505,164.625000
3551,82,82.000000,0.110199,0.098424,0.798274,0.691288,1.263866,1.486729,2.228110,0.000000,0.798274,1.000000,0.000000,0.000000,8.070760,inf,2290752,2290752,55872,,False,11.406685,11.406685,156.390244
3552,106,106.000000,0.091450,0.124199,0.857523,0.677459,1.511214,1.791905,8.353936,0.000000,0.857523,1.000000,0.000000,0.000000,13.165052,inf,2961216,2961216,55872,,False,11.408065,11.408065,141.396226
3553,96,96.000000,0.103261,0.100840,0.820625,0.722534,1.670802,2.065263,2.367281,0.000000,0.820625,1.000000,0.000000,0.000000,9.680624,inf,2681856,2681856,55872,,False,11.408134,11.408134,143.177083
3554,88,88.000000,0.104039,0.087491,0.717440,0.681536,1.181280,1.264352,3.128916,0.000000,0.717440,1.000000,0.000000,0.000000,7.699211,inf,2458368,2458368,55872,,False,11.408922,11.408922,163.500000
3555,102,102.000000,0.104055,0.095024,0.836675,0.750180,1.445505,1.681069,3.097328,0.000000,0.836675,1.000000,0.000000,0.000000,9.692468,inf,2849472,2849472,55872,,False,11.409311,11.409312,150.705882
3556,89,89.000000,0.098934,0.087985,0.719637,0.664712,1.177442,1.412135,2.051001,0.000000,0.719637,1.000000,0.000000,0.000000,7.830655,inf,2486304,2486304,55872,,False,11.410014,11.410014,154.415730
3557,86,86.000000,0.095683,0.090050,0.711807,0.666366,1.271170,1.443307,2.650041,0.000000,0.711807,1.000000,0.000000,0.000000,7.744289,inf,2402496,2402496,55872,,False,11.410759,11.410760,161.337209
3558,120,120.000000,0.097256,0.067314,0.699975,0.682680,1.081086,1.175675,1.510595,0.000000,0.699975,1.000000,0.000000,0.000000,8.077666,inf,3352320,3352320,55872,,False,11.411640,11.411641,162.933333
3559,89,89.000000,0.101349,0.095519,0.773473,0.675860,1.449598,1.709118,2.582945,0.000000,0.773473,1.000000,0.000000,0.000000,8.501192,inf,2486304,2486304,55872,,False,11.411773,11.411773,156.820225
3560,105,105.000000,0.100030,0.096782,0.822563,0.730428,1.279510,1.664208,3.118059,0.000000,0.822563,1.000000,0.000000,0.000000,10.162130,inf,2933280,2933280,55872,,False,11.412318,11.412318,151.038095
3561,95,95.000000,0.095006,0.088492,0.723375,0.715423,1.018445,1.300894,3.615580,0.000000,0.723375,1.000000,0.000000,0.000000,8.406732,inf,2653920,2653920,55872,,False,11.413044,11.413044,142.052632
3562,109,109.000000,0.119805,0.095590,0.761548,0.662776,1.309334,1.535356,5.340962,0.000000,0.761548,1.000000,0.000000,0.000000,10.419358,inf,3045024,3045024,55872,,False,11.412939,11.412939,175.449541
3563,87,87.000000,0.093835,0.095743,0.776434,0.715171,1.256524,1.474658,3.130126,0.000000,0.776434,1.000000,0.000000,0.000000,8.329659,inf,2430432,2430432,55872,,False,11.413217,11.413217,154.701149
3564,104,104.000000,0.097567,0.088265,0.758003,0.708395,1.285174,1.478605,2.829593,0.000000,0.758003,1.000000,0.000000,0.000000,9.179543,inf,2905344,2905344,55872,,False,11.413961,11.413962,146.596154
3565,97,97.000000,0.098583,0.086527,0.781502,0.713946,1.318909,1.533402,1.841638,0.000000,0.781502,1.000000,0.000000,0.000000,8.393147,inf,2709792,2709792,55872,,False,11.414005,11.414005,154.391753
3566,93,93.000000,0.101477,0.090734,0.753498,0.671101,1.347102,1.711352,2.961815,0.000000,0.753498,1.000000,0.000000,0.000000,8.438220,inf,2598048,2598048,55872,,False,11.414518,11.414518,163.440860
3567,91,91.000000,0.108291,0.105358,0.810043,0.695889,1.355963,1.730765,4.506672,0.000000,0.810043,1.000000,0.000000,0.000000,9.587595,inf,2542176,2542176,55872,,False,11.414692,11.414692,159.164835
3568,89,89.000000,0.117200,0.087506,0.762868,0.699404,1.259937,1.625315,2.797077,0.000000,0.762868,1.000000,0.000000,0.000000,7.788061,inf,2486304,2486304,55872,,False,11.415180,11.415180,185.460674
3569,108,108.000000,0.120220,0.101352,0.888261,0.754043,1.506065,1.912977,2.572687,0.000000,0.888261,1.000000,0.000000,0.000000,10.946004,inf,3017088,3017088,55872,,False,11.414845,11.414845,177.120370
3570,92,92.000000,0.113999,0.093211,0.748737,0.636369,1.131254,1.524589,3.018895,0.000000,0.748737,1.000000,0.000000,0.000000,8.575401,inf,2570112,2570112,55872,,False,11.415698,11.415698,199.771739
3571,91,91.000000,0.105447,0.102936,0.850482,0.703925,1.534336,2.055567,3.332321,0.000000,0.850482,1.000000,0.000000,0.000000,9.367177,inf,2542176,2542176,55872,,False,11.415994,11.415994,160.153846
3572,95,95.000000,0.104410,0.098535,0.825610,0.691326,1.556099,1.881066,2.717943,0.000000,0.825610,1.000000,0.000000,0.000000,9.360835,inf,2653920,2653920,55872,,False,11.416596,11.416596,151.621053
3573,99,99.000000,0.086108,0.088555,0.755703,0.709220,1.423100,1.837869,2.307994,0.000000,0.755703,1.000000,0.000000,0.000000,8.766922,inf,2765664,2765664,55872,,False,11.417294,11.417294,126.080808
3574,85,85.000000,0.107870,0.102182,0.813091,0.732749,1.461501,1.858456,2.534846,0.000000,0.813091,1.000000,0.000000,0.000000,8.685428,inf,2374560,2374560,55872,,False,11.417504,11.417504,168.035294
3575,101,101.000000,0.102621,0.091284,0.809370,0.729178,1.358416,1.589362,2.417872,0.000000,0.809370,1.000000,0.000000,0.000000,9.219692,inf,2821536,2821536,55872,,False,11.417405,11.417405,156.019802
3576,101,101.000000,0.108943,0.094759,0.815753,0.691285,1.412645,1.639224,3.067501,0.000000,0.815753,1.000000,0.000000,0.000000,9.570704,inf,2821536,2821536,55872,,False,11.417187,11.417187,149.643564
3577,99,99.000000,0.111912,0.089013,0.788133,0.720970,1.282695,1.502270,2.568976,0.000000,0.788133,1.000000,0.000000,0.000000,8.812335,inf,2765664,2765664,55872,,False,11.417640,11.417641,166.242424
3578,107,107.000000,0.103844,0.082104,0.711949,0.643328,1.215425,1.599347,2.288206,0.000000,0.711949,1.000000,0.000000,0.000000,8.785131,inf,2989152,2989152,55872,,False,11.417953,11.417953,162.644860
3579,96,96.000000,0.090242,0.093333,0.756577,0.734033,1.447016,1.492622,2.469897,0.000000,0.756577,1.000000,0.000000,0.000000,8.959964,inf,2681856,2681856,55872,,False,11.418529,11.418529,132.760417
3580,83,83.000000,0.112422,0.094153,0.720747,0.606710,1.149659,1.637551,2.720057,0.000000,0.720747,1.000000,0.000000,0.000000,7.814722,inf,2318688,2318688,55872,,False,11.418773,11.418774,205.650602
3581,90,90.000000,0.101539,0.102777,0.840135,0.737285,1.416664,1.643497,3.001124,0.000000,0.840135,1.000000,0.000000,0.000000,9.249900,inf,2514240,2514240,55872,,False,11.418829,11.418830,165.044444
3582,89,89.000000,0.101549,0.085287,0.711743,0.683688,1.122916,1.288533,1.982503,0.000000,0.711743,1.000000,0.000000,0.000000,7.590501,inf,2486304,2486304,55872,,False,11.419435,11.419436,189.168539
3583,99,99.000000,0.112644,0.115848,0.903932,0.774227,1.509003,2.018767,6.098255,0.000000,0.903932,1.000000,0.000000,0.000000,11.468939,inf,2765664,2765664,55872,,False,11.419726,11.419726,155.393939
3584,88,88.000000,0.094208,0.091381,0.767264,0.737763,1.230722,1.381571,2.075952,0.000000,0.767264,1.000000,0.000000,0.000000,8.041571,inf,2458368,2458368,55872,,False,11.420094,11.420093,156.125000
3585,83,83.000000,0.116803,0.121458,0.857726,0.653410,1.510091,2.106755,4.313080,0.000000,0.857726,1.000000,0.000000,0.000000,10.081026,inf,2318688,2318688,55872,,False,11.420108,11.420108,196.542169
3586,94,94.000000,0.104292,0.094388,0.820360,0.788994,1.395016,1.732114,2.974043,0.000000,0.820360,1.000000,0.000000,0.000000,8.872428,inf,2625984,2625984,55872,,False,11.420146,11.420146,154.031915
3587,87,87.000000,0.119961,0.095265,0.801686,0.734603,1.253021,1.457722,1.914591,0.000000,0.801686,1.000000,0.000000,0.000000,8.288084,inf,2430432,2430432,55872,,False,11.420130,11.420130,175.494253
3588,90,90.000000,0.102771,0.090140,0.744864,0.666572,1.351230,1.559620,2.097507,0.000000,0.744864,1.000000,0.000000,0.000000,8.112596,inf,2514240,2514240,55872,,False,11.420571,11.420571,164.088889
3589,92,92.000000,0.093129,0.082197,0.695413,0.662566,1.083289,1.434700,2.450406,0.000000,0.695413,1.000000,0.000000,0.000000,7.562153,inf,2570112,2570112,55872,,False,11.421548,11.421547,167.065217
3590,113,113.000000,0.104421,0.098273,0.914502,0.757502,1.666525,1.919182,4.568739,0.000000,0.914502,1.000000,0.000000,0.000000,11.104803,inf,3156768,3156768,55872,,False,11.421758,11.421758,153.814159
3591,93,93.000000,0.093598,0.089885,0.754521,0.673506,1.253620,1.503141,2.282890,0.000000,0.754521,1.000000,0.000000,0.000000,8.359327,inf,2598048,2598048,55872,,False,11.422152,11.422153,131.225806
3592,94,94.000000,0.108592,0.112750,0.848329,0.673761,1.677227,2.087750,4.039212,0.000000,0.848329,1.000000,0.000000,0.000000,10.598497,inf,2625984,2625984,55872,,False,11.422354,11.422354,157.914894
3593,94,94.000000,0.095834,0.088309,0.735088,0.654972,1.212180,1.576906,2.593804,0.000000,0.735088,1.000000,0.000000,0.000000,8.301001,inf,2625984,2625984,55872,,False,11.423267,11.423267,164.319149
3594,99,99.000000,0.105750,0.084847,0.734374,0.631281,1.243746,1.630236,2.508909,0.000000,0.734374,1.000000,0.000000,0.000000,8.399842,inf,2765664,2765664,55872,,False,11.423997,11.423998,191.323232
3595,99,99.000000,0.110877,0.105398,0.835898,0.698979,1.443889,1.812505,3.951461,0.000000,0.835898,1.000000,0.000000,0.000000,10.434431,inf,2765664,2765664,55872,,False,11.424544,11.424544,162.070707
3596,105,105.000000,0.096939,0.092684,0.793248,0.734672,1.351511,1.749411,2.715062,0.000000,0.793248,1.000000,0.000000,0.000000,9.731785,inf,2933280,2933280,55872,,False,11.424856,11.424857,149.114286
3597,76,76.000000,0.126437,0.106490,0.804721,0.696413,1.303717,1.417720,3.430276,0.000000,0.804721,1.000000,0.000000,0.000000,8.093250,inf,2123136,2123136,55872,,False,11.424775,11.424775,207.328947
3598,90,90.000000,0.103559,0.089731,0.787159,0.740541,1.278481,1.400218,1.909324,0.000000,0.787159,1.000000,0.000000,0.000000,8.075753,inf,2514240,2514240,55872,,False,11.425371,11.425372,151.533333
3599,104,104.000000,0.117175,0.087342,0.797471,0.701392,1.344974,1.494261,2.631648,0.000000,0.797471,1.000000,0.000000,0.000000,9.083582,inf,2905344,2905344,55872,,False,11.425241,11.425241,188.442308
3600,88,88.000000,0.108334,0.095446,0.777063,0.722708,1.362801,1.616746,2.403320,0.000000,0.777063,1.000000,0.000000,0.000000,8.399278,inf,2458368,2458368,55872,,False,11.425241,11.425241,161.568182
3601,91,91.000000,0.103149,0.093458,0.811892,0.711797,1.468975,1.624929,2.466121,0.000000,0.811892,1.000000,0.000000,0.000000,8.504718,inf,2542176,2542176,55872,,False,11.425364,11.425364,156.428571
3602,106,106.000000,0.098863,0.090057,0.802149,0.719252,1.456290,1.740062,2.606740,0.000000,0.802149,1.000000,0.000000,0.000000,9.546055,inf,2961216,2961216,55872,,False,11.425873,11.425874,151.264151
3603,93,93.000000,0.119198,0.108670,0.878451,0.750038,1.524132,1.745736,4.737676,0.000000,0.878451,1.000000,0.000000,0.000000,10.106268,inf,2598048,2598048,55872,,False,11.425717,11.425717,161.182796
3604,95,95.000000,0.107447,0.111446,0.897392,0.766363,1.563179,2.037000,3.005564,0.000000,0.897392,1.000000,0.000000,0.000000,10.587385,inf,2653920,2653920,55872,,False,11.426259,11.426258,171.600000
3605,102,102.000000,0.104250,0.104709,0.869751,0.750412,1.535759,1.937692,3.335442,0.000000,0.869751,1.000000,0.000000,0.000000,10.680307,inf,2849472,2849472,55872,,False,11.426985,11.426985,149.676471
3606,93,93.000000,0.108326,0.099899,0.823248,0.705484,1.483137,1.696992,2.980177,0.000000,0.823248,1.000000,0.000000,0.000000,9.290637,inf,2598048,2598048,55872,,False,11.427200,11.427200,169.053763
3607,105,105.000000,0.093158,0.095379,0.827258,0.744037,1.432445,1.814747,2.305257,0.000000,0.827258,1.000000,0.000000,0.000000,10.014802,inf,2933280,2933280,55872,,False,11.427948,11.427948,153.028571
3608,97,97.000000,0.101085,0.080931,0.716484,0.685372,1.220188,1.427990,2.224914,0.000000,0.716484,1.000000,0.000000,0.000000,7.850282,inf,2709792,2709792,55872,,False,11.428415,11.428415,167.484536
3609,91,91.000000,0.090829,0.080705,0.705349,0.630998,1.221528,1.471053,1.963875,0.000000,0.705349,1.000000,0.000000,0.000000,7.344161,inf,2542176,2542176,55872,,False,11.429270,11.429269,164.758242
3610,76,76.000000,0.103451,0.101045,0.794982,0.740207,1.231084,1.471121,1.730781,0.000000,0.794982,1.000000,0.000000,0.000000,7.679389,inf,2123136,2123136,55872,,False,11.430179,11.430179,167.684211
3611,93,93.000000,0.107970,0.105813,0.834857,0.681581,1.550744,1.782412,4.080735,0.000000,0.834857,1.000000,0.000000,0.000000,9.840588,inf,2598048,2598048,55872,,False,11.430531,11.430532,186.666667
3612,89,89.000000,0.102951,0.100507,0.779383,0.716589,1.441576,1.511437,3.538538,0.000000,0.779383,1.000000,0.000000,0.000000,8.945099,inf,2486304,2486304,55872,,False,11.431210,11.431210,160.584270
3613,75,75.000000,0.123228,0.101267,0.763528,0.637423,1.305709,1.417868,2.668700,0.000000,0.763528,1.000000,0.000000,0.000000,7.595062,inf,2095200,2095200,55872,,False,11.431441,11.431441,208.720000
3614,97,97.000000,0.092657,0.083505,0.729531,0.708094,1.190058,1.348872,1.902919,0.000000,0.729531,1.000000,0.000000,0.000000,8.099960,inf,2709792,2709792,55872,,False,11.432208,11.432208,156.773196
3615,89,89.000000,0.103518,0.102799,0.768710,0.662710,1.273505,1.547673,4.447593,0.000000,0.768710,1.000000,0.000000,0.000000,9.149100,inf,2486304,2486304,55872,,False,11.432479,11.432479,166.977528
3616,93,93.000000,0.096009,0.094285,0.792814,0.747449,1.375499,1.724745,2.424757,0.000000,0.792814,1.000000,0.000000,0.000000,8.768489,inf,2598048,2598048,55872,,False,11.433195,11.433195,138.505376
3617,84,84.000000,0.097105,0.090320,0.784393,0.707652,1.260183,1.488995,1.951334,0.000000,0.784393,1.000000,0.000000,0.000000,7.586840,inf,2346624,2346624,55872,,False,11.434039,11.434040,160.750000
3618,86,86.000000,0.111540,0.094644,0.770081,0.703773,1.213932,1.465025,3.177683,0.000000,0.770081,1.000000,0.000000,0.000000,8.139401,inf,2402496,2402496,55872,,False,11.434024,11.434024,164.034884
3619,89,89.000000,0.112750,0.104002,0.830256,0.749048,1.330292,1.622802,2.928379,0.000000,0.830256,1.000000,0.000000,0.000000,9.256194,inf,2486304,2486304,55872,,False,11.434241,11.434241,176.078652
3620,102,102.000000,0.110274,0.098390,0.876609,0.793594,1.426348,1.743887,2.971722,0.000000,0.876609,1.000000,0.000000,0.000000,10.035785,inf,2849472,2849472,55872,,False,11.434393,11.434393,145.196078
3621,85,85.000000,0.089473,0.109775,0.846808,0.705594,1.624098,2.085238,2.367197,0.000000,0.846808,1.000000,0.000000,0.000000,9.330857,inf,2374560,2374560,55872,,False,11.435670,11.435670,130.964706
3622,99,99.000000,0.101007,0.093213,0.736649,0.679548,1.323576,1.732045,2.607221,0.000000,0.736649,1.000000,0.000000,0.000000,9.228102,inf,2765664,2765664,55872,,False,11.436647,11.436647,145.929293
3623,103,103.000000,0.107243,0.077725,0.710684,0.683230,1.033218,1.143158,1.800710,0.000000,0.710684,1.000000,0.000000,0.000000,8.005714,inf,2877408,2877408,55872,,False,11.437540,11.437541,185.708738
3624,101,101.000000,0.103661,0.087181,0.764976,0.748750,1.172023,1.448454,2.288074,0.000000,0.764976,1.000000,0.000000,0.000000,8.805242,inf,2821536,2821536,55872,,False,11.438154,11.438154,146.386139
3625,88,88.000000,0.105642,0.100323,0.805436,0.714164,1.434069,1.515098,2.206581,0.000000,0.805436,1.000000,0.000000,0.000000,8.828404,inf,2458368,2458368,55872,,False,11.438575,11.438576,162.181818
3626,96,96.000000,0.100233,0.098411,0.847644,0.751675,1.470834,1.734328,2.377831,0.000000,0.847644,1.000000,0.000000,0.000000,9.447433,inf,2681856,2681856,55872,,False,11.438906,11.438906,143.364583
3627,94,94.000000,0.117907,0.098720,0.812609,0.721266,1.311872,1.825532,3.006798,0.000000,0.812609,1.000000,0.000000,0.000000,9.279699,inf,2625984,2625984,55872,,False,11.438988,11.438988,172.670213
3628,76,76.000000,0.120438,0.094081,0.729705,0.650576,1.188825,1.476061,2.137738,0.000000,0.729705,1.000000,0.000000,0.000000,7.150128,inf,2123136,2123136,55872,,False,11.439667,11.439667,186.960526
3629,91,91.000000,0.098716,0.097462,0.794133,0.722359,1.523767,1.811597,2.899477,0.000000,0.794133,1.000000,0.000000,0.000000,8.869017,inf,2542176,2542176,55872,,False,11.439887,11.439887,141.065934
3630,110,110.000000,0.105009,0.085928,0.791509,0.716440,1.274848,1.621312,1.853061,0.000000,0.791509,1.000000,0.000000,0.000000,9.452068,inf,3072960,3072960,55872,,False,11.440571,11.440571,166.754545
3631,97,97.000000,0.101342,0.095605,0.800776,0.706280,1.390335,1.495303,3.571676,0.000000,0.800776,1.000000,0.000000,0.000000,9.273673,inf,2709792,2709792,55872,,False,11.441022,11.441022,152.041237
3632,76,76.000000,0.102979,0.104407,0.785030,0.710802,1.396006,1.704696,2.298425,0.000000,0.785030,1.000000,0.000000,0.000000,7.934895,inf,2123136,2123136,55872,,False,11.441097,11.441097,144.223684
3633,111,111.000000,0.102191,0.083532,0.746781,0.704821,1.268759,1.474214,2.682606,0.000000,0.746781,1.000000,0.000000,0.000000,9.272048,inf,3100896,3100896,55872,,False,11.442175,11.442174,157.396396
3634,92,92.000000,0.120345,0.094512,0.771366,0.690058,1.371882,1.742767,2.509873,0.000000,0.771366,1.000000,0.000000,0.000000,8.695124,inf,2570112,2570112,55872,,False,11.441842,11.441842,164.282609
3635,91,91.000000,0.108748,0.088023,0.730149,0.677260,1.166889,1.351333,2.214961,0.000000,0.730149,1.000000,0.000000,0.000000,8.010119,inf,2542176,2542176,55872,,False,11.442595,11.442595,178.824176
3636,99,99.000000,0.101705,0.108158,0.904290,0.795238,1.454571,1.969487,3.495820,0.000000,0.904290,1.000000,0.000000,0.000000,10.707634,inf,2765664,2765664,55872,,False,11.442911,11.442911,147.454545
3637,100,100.000000,0.116475,0.094206,0.782413,0.668930,1.345169,1.550282,2.681699,0.000000,0.782413,1.000000,0.000000,0.000000,9.420604,inf,2793600,2793600,55872,,False,11.442624,11.442625,189.800000
3638,108,108.000000,0.105610,0.090582,0.784656,0.690312,1.256839,1.504037,3.381464,0.000000,0.784656,1.000000,0.000000,0.000000,9.782871,inf,3017088,3017088,55872,,False,11.442997,11.442997,175.157407
3639,93,93.000000,0.093175,0.090863,0.770985,0.670916,1.399697,1.705319,2.239800,0.000000,0.770985,1.000000,0.000000,0.000000,8.450299,inf,2598048,2598048,55872,,False,11.443425,11.443425,158.516129
3640,86,86.000000,0.103166,0.094702,0.762773,0.672203,1.369425,1.531882,2.766098,0.000000,0.762773,1.000000,0.000000,0.000000,8.144354,inf,2402496,2402496,55872,,False,11.444452,11.444452,165.058140
3641,101,101.000000,0.104231,0.092570,0.774206,0.688761,1.336525,1.441158,2.638567,0.000000,0.774206,1.000000,0.000000,0.000000,9.349619,inf,2821536,2821536,55872,,False,11.444892,11.444892,167.970297
3642,99,99.000000,0.109728,0.089329,0.783622,0.679433,1.334594,1.471346,2.559461,0.000000,0.783622,1.000000,0.000000,0.000000,8.843538,inf,2765664,2765664,55872,,False,11.445304,11.445304,172.060606
3643,104,104.000000,0.094113,0.099526,0.816045,0.699834,1.261278,1.577268,4.451847,0.000000,0.816045,1.000000,0.000000,0.000000,10.350742,inf,2905344,2905344,55872,,False,11.446136,11.446136,146.298077
3644,97,97.000000,0.105251,0.088651,0.767586,0.715796,1.175259,1.265775,2.745045,0.000000,0.767586,1.000000,0.000000,0.000000,8.599171,inf,2709792,2709792,55872,,False,11.446306,11.446306,152.154639
3645,106,106.000000,0.102998,0.080109,0.722489,0.666799,1.202707,1.528676,3.905224,0.000000,0.722489,1.000000,0.000000,0.000000,8.491517,inf,2961216,2961216,55872,,False,11.446445,11.446445,163.622642
3646,105,105.000000,0.095742,0.099688,0.844533,0.733261,1.543648,2.017778,3.414978,0.000000,0.844533,1.000000,0.000000,0.000000,10.467258,inf,2933280,2933280,55872,,False,11.446695,11.446696,153.219048
3647,85,85.000000,0.103525,0.125436,0.897779,0.733613,1.497176,2.086364,5.290676,0.000000,0.897779,1.000000,0.000000,0.000000,10.662084,inf,2374560,2374560,55872,,False,11.447520,11.447520,154.600000
3648,83,83.000000,0.105950,0.104371,0.771749,0.643788,1.345572,1.607693,3.708792,0.000000,0.771749,1.000000,0.000000,0.000000,8.662818,inf,2318688,2318688,55872,,False,11.448494,11.448494,186.481928
3649,91,91.000000,0.104387,0.103641,0.786439,0.671839,1.289641,2.005686,2.502139,0.000000,0.786439,1.000000,0.000000,0.000000,9.431363,inf,2542176,2542176,55872,,False,11.449300,11.449300,163.362637
3650,111,111.000000,0.105254,0.079406,0.714990,0.670975,1.215625,1.429918,2.793349,0.000000,0.714990,1.000000,0.000000,0.000000,8.814120,inf,3100896,3100896,55872,,False,11.449730,11.449730,179.180180
3651,106,106.000000,0.120320,0.097348,0.791648,0.650691,1.440581,1.774243,3.611037,0.000000,0.791648,1.000000,0.000000,0.000000,10.318938,inf,2961216,2961216,55872,,False,11.450174,11.450175,209.056604
3652,112,112.000000,0.101075,0.085056,0.755501,0.663843,1.273709,1.473924,2.954712,0.000000,0.755501,1.000000,0.000000,0.000000,9.526275,inf,3128832,3128832,55872,,False,11.451068,11.451068,157.107143
3653,103,103.000000,0.105792,0.106505,0.825151,0.696041,1.276578,1.841452,5.858332,0.000000,0.825151,1.000000,0.000000,0.000000,10.970014,inf,2877408,2877408,55872,,False,11.450664,11.450664,158.242718
3654,89,89.000000,0.098173,0.092727,0.739195,0.700905,1.222384,1.506399,2.687418,0.000000,0.739195,1.000000,0.000000,0.000000,8.252678,inf,2486304,2486304,55872,,False,11.451521,11.451521,153.685393
3655,77,77.000000,0.096534,0.113181,0.879813,0.803303,1.498422,2.050389,2.466032,0.000000,0.879813,1.000000,0.000000,0.000000,8.714972,inf,2151072,2151072,55872,,False,11.451670,11.451670,120.857143
3656,120,120.000000,0.109395,0.080571,0.774461,0.709704,1.207622,1.485759,2.333990,0.000000,0.774461,1.000000,0.000000,0.000000,9.668498,inf,3352320,3352320,55872,,False,11.451988,11.451988,176.758333
3657,80,80.000000,0.106230,0.114279,0.848573,0.701269,1.644599,1.851349,3.101273,0.000000,0.848573,1.000000,0.000000,0.000000,9.142342,inf,2234880,2234880,55872,,False,11.452267,11.452267,169.787500
3658,94,94.000000,0.117013,0.118833,0.930834,0.768482,1.439490,1.617031,6.101650,0.000000,0.930834,1.000000,0.000000,0.000000,11.170343,inf,2625984,2625984,55872,,False,11.452229,11.452229,161.723404
3659,101,101.000000,0.099093,0.098750,0.806396,0.718840,1.335303,1.404255,5.063465,0.000000,0.806396,1.000000,0.000000,0.000000,9.973738,inf,2821536,2821536,55872,,False,11.452644,11.452644,149.316832
3660,109,109.000000,0.110491,0.085966,0.777038,0.712575,1.276250,1.735674,3.050404,0.000000,0.777038,1.000000,0.000000,0.000000,9.370328,inf,3045024,3045024,55872,,False,11.452965,11.452965,157.678899
3661,96,96.000000,0.103920,0.080418,0.675030,0.678371,1.157263,1.529276,2.074707,0.000000,0.675030,1.000000,0.000000,0.000000,7.720138,inf,2681856,2681856,55872,,False,11.453850,11.453850,180.270833
3662,101,101.000000,0.100186,0.080534,0.729715,0.661033,1.112293,1.294979,2.458489,0.000000,0.729715,1.000000,0.000000,0.000000,8.133969,inf,2821536,2821536,55872,,False,11.454389,11.454390,162.910891
3663,91,91.000000,0.103917,0.111450,0.829312,0.716601,1.551041,1.913495,4.171732,0.000000,0.829312,1.000000,0.000000,0.000000,10.141970,inf,2542176,2542176,55872,,False,11.454988,11.454988,149.956044
3664,92,92.000000,0.101496,0.098905,0.812564,0.695396,1.465207,2.027673,2.685105,0.000000,0.812564,1.000000,0.000000,0.000000,9.099229,inf,2570112,2570112,55872,,False,11.455663,11.455664,158.021739
3665,73,73.000000,0.106923,0.126454,0.795659,0.592278,1.385409,1.882642,5.080116,0.000000,0.795659,1.000000,0.000000,0.000000,9.231158,inf,2039328,2039328,55872,,False,11.455628,11.455628,171.479452
3666,100,100.000000,0.094169,0.092709,0.783000,0.689160,1.198932,1.586644,3.184503,0.000000,0.783000,1.000000,0.000000,0.000000,9.270944,inf,2793600,2793600,55872,,False,11.456725,11.456725,146.860000
3667,94,94.000000,0.102759,0.104918,0.806218,0.676181,1.299634,1.705640,4.654928,0.000000,0.806218,1.000000,0.000000,0.000000,9.862286,inf,2625984,2625984,55872,,False,11.457630,11.457630,160.031915
3668,103,103.000000,0.112454,0.102341,0.865770,0.748771,1.465903,1.776414,3.581432,0.000000,0.865770,1.000000,0.000000,0.000000,10.541144,inf,2877408,2877408,55872,,False,11.457926,11.457925,171.339806
3669,89,89.000000,0.125596,0.089562,0.745964,0.686789,1.208048,1.442210,1.757483,0.000000,0.745964,1.000000,0.000000,0.000000,7.971018,inf,2486304,2486304,55872,,False,11.458295,11.458295,196.471910
3670,81,81.000000,0.087177,0.096152,0.736371,0.681370,1.246240,1.525198,2.653891,0.000000,0.736371,1.000000,0.000000,0.000000,7.788311,inf,2262816,2262816,55872,,False,11.459476,11.459476,158.407407
3671,73,73.000000,0.109341,0.113310,0.816286,0.677969,1.272246,1.622692,4.573984,0.000000,0.816286,1.000000,0.000000,0.000000,8.271646,inf,2039328,2039328,55872,,False,11.459743,11.459743,169.150685
3672,95,95.000000,0.084508,0.088760,0.747364,0.656776,1.269074,1.582989,2.361549,0.000000,0.747364,1.000000,0.000000,0.000000,8.432181,inf,2653920,2653920,55872,,False,11.460792,11.460793,136.610526
3673,101,101.000000,0.095076,0.091480,0.816872,0.746966,1.298214,1.594583,2.608159,0.000000,0.816872,1.000000,0.000000,0.000000,9.239488,inf,2821536,2821536,55872,,False,11.461268,11.461267,141.356436
3674,86,86.000000,0.102344,0.103670,0.806844,0.733021,1.314769,1.708216,2.567756,0.000000,0.806844,1.000000,0.000000,0.000000,8.915633,inf,2402496,2402496,55872,,False,11.461966,11.461967,154.453488
3675,102,102.000000,0.094365,0.099801,0.839154,0.680011,1.468864,2.207724,3.605430,0.000000,0.839154,1.000000,0.000000,0.000000,10.179677,inf,2849472,2849472,55872,,False,11.462477,11.462477,141.352941
3676,94,94.000000,0.108723,0.085170,0.757897,0.707915,1.202184,1.497956,1.708216,0.000000,0.757897,1.000000,0.000000,0.000000,8.005954,inf,2625984,2625984,55872,,False,11.462937,11.462937,173.287234
3677,88,88.000000,0.097782,0.110217,0.831837,0.645053,1.367299,2.128529,3.134294,0.000000,0.831837,1.000000,0.000000,0.000000,9.699118,inf,2458368,2458368,55872,,False,11.463532,11.463532,172.840909
3678,91,91.000000,0.110704,0.100561,0.821530,0.679273,1.515949,1.767773,3.339582,0.000000,0.821530,1.000000,0.000000,0.000000,9.151078,inf,2542176,2542176,55872,,False,11.463634,11.463635,164.714286
3679,98,98.000000,0.098289,0.106569,0.824500,0.697552,1.495735,1.817983,3.517874,0.000000,0.824500,1.000000,0.000000,0.000000,10.443784,inf,2737728,2737728,55872,,False,11.464068,11.464068,148.438776
3680,104,104.000000,0.111764,0.102209,0.869446,0.757000,1.476900,1.677647,2.588693,0.000000,0.869446,1.000000,0.000000,0.000000,10.629763,inf,2905344,2905344,55872,,False,11.464081,11.464080,153.336538
3681,90,90.000000,0.116489,0.100202,0.803349,0.698566,1.379373,1.644348,2.836071,0.000000,0.803349,1.000000,0.000000,0.000000,9.018208,inf,2514240,2514240,55872,,False,11.464228,11.464227,178.088889
3682,93,93.000000,0.101109,0.083070,0.753876,0.677325,1.374944,1.460388,1.718838,0.000000,0.753876,1.000000,0.000000,0.000000,7.725543,inf,2598048,2598048,55872,,False,11.464744,11.464744,169.344086
3683,104,104.000000,0.093236,0.083137,0.760039,0.688302,1.273917,1.447257,3.079759,0.000000,0.760039,1.000000,0.000000,0.000000,8.646225,inf,2905344,2905344,55872,,False,11.465508,11.465508,150.615385
3684,87,87.000000,0.111982,0.102894,0.832388,0.725102,1.500655,1.941366,2.894723,0.000000,0.832388,1.000000,0.000000,0.000000,8.951781,inf,2430432,2430432,55872,,False,11.466058,11.466058,164.149425
3685,92,92.000000,0.105224,0.103964,0.849354,0.755959,1.318017,1.699702,3.563211,0.000000,0.849354,1.000000,0.000000,0.000000,9.564733,inf,2570112,2570112,55872,,False,11.466806,11.466806,164.858696
3686,104,104.000000,0.105577,0.095957,0.824794,0.701463,1.516568,2.002158,3.147437,0.000000,0.824794,1.000000,0.000000,0.000000,9.979573,inf,2905344,2905344,55872,,False,11.467132,11.467132,153.192308
3687,82,82.000000,0.090540,0.119351,0.770769,0.655678,1.327617,1.983313,5.648901,0.000000,0.770769,1.000000,0.000000,0.000000,9.786820,inf,2290752,2290752,55872,,False,11.467961,11.467962,142.182927
3688,90,90.000000,0.107765,0.107252,0.851004,0.750279,1.290839,1.625722,4.751529,0.000000,0.851004,1.000000,0.000000,0.000000,9.652649,inf,2514240,2514240,55872,,False,11.468128,11.468127,154.644444
3689,91,91.000000,0.110679,0.095852,0.791757,0.706146,1.461685,1.627419,2.321822,0.000000,0.791757,1.000000,0.000000,0.000000,8.722523,inf,2542176,2542176,55872,,False,11.468341,11.468341,170.714286
3690,109,109.000000,0.100522,0.090384,0.812166,0.740864,1.409853,1.668905,2.074803,0.000000,0.812166,1.000000,0.000000,0.000000,9.851833,inf,3045024,3045024,55872,,False,11.469150,11.469150,149.412844
3691,89,89.000000,0.103152,0.099627,0.827631,0.767519,1.395054,1.685196,2.373788,0.000000,0.827631,1.000000,0.000000,0.000000,8.866824,inf,2486304,2486304,55872,,False,11.469732,11.469732,139.000000
3692,102,102.000000,0.097788,0.079178,0.728711,0.663341,1.337342,1.442684,1.880820,0.000000,0.728711,1.000000,0.000000,0.000000,8.076142,inf,2849472,2849472,55872,,False,11.470194,11.470194,157.225490
3693,96,96.000000,0.110436,0.098618,0.839502,0.723108,1.453706,1.742109,3.348568,0.000000,0.839502,1.000000,0.000000,0.000000,9.467301,inf,2681856,2681856,55872,,False,11.470275,11.470275,177.145833
3694,92,92.000000,0.100951,0.084721,0.735315,0.659904,1.229147,1.425780,1.909370,0.000000,0.735315,1.000000,0.000000,0.000000,7.794298,inf,2570112,2570112,55872,,False,11.470596,11.470595,163.380435
3695,98,98.000000,0.112096,0.095117,0.826712,0.708865,1.387007,1.588416,3.030105,0.000000,0.826712,1.000000,0.000000,0.000000,9.321430,inf,2737728,2737728,55872,,False,11.471112,11.471112,181.551020
3696,84,84.000000,0.105060,0.090562,0.713508,0.676018,1.204757,1.458106,2.194034,0.000000,0.713508,1.000000,0.000000,0.000000,7.607227,inf,2346624,2346624,55872,,False,11.471797,11.471797,172.035714
3697,75,75.000000,0.111216,0.108837,0.839062,0.713847,1.271077,1.632389,3.108889,0.000000,0.839062,1.000000,0.000000,0.000000,8.162786,inf,2095200,2095200,55872,,False,11.472128,11.472128,167.213333
3698,96,96.000000,0.109847,0.090450,0.785698,0.657863,1.210385,1.700772,3.084134,0.000000,0.785698,1.000000,0.000000,0.000000,8.683207,inf,2681856,2681856,55872,,False,11.472364,11.472365,181.395833
3699,105,105.000000,0.092920,0.078107,0.731163,0.692837,1.120659,1.274009,2.052618,0.000000,0.731163,1.000000,0.000000,0.000000,8.201245,inf,2933280,2933280,55872,,False,11.473250,11.473251,144.028571
3700,98,98.000000,0.104005,0.087447,0.761665,0.682952,1.209752,1.480323,3.431499,0.000000,0.761665,1.000000,0.000000,0.000000,8.569849,inf,2737728,2737728,55872,,False,11.473727,11.473727,180.714286
3701,88,88.000000,0.096435,0.092652,0.745094,0.650894,1.283617,1.778969,2.019515,0.000000,0.745094,1.000000,0.000000,0.000000,8.153343,inf,2458368,2458368,55872,,False,11.474410,11.474410,172.250000
3702,98,98.000000,0.097180,0.086882,0.721042,0.635994,1.215254,1.678783,2.314675,0.000000,0.721042,1.000000,0.000000,0.000000,8.514440,inf,2737728,2737728,55872,,False,11.474871,11.474870,162.642857
3703,103,103.000000,0.101914,0.088004,0.772887,0.700440,1.219217,1.499234,2.831620,0.000000,0.772887,1.000000,0.000000,0.000000,9.064377,inf,2877408,2877408,55872,,False,11.475300,11.475301,172.320388
3704,79,79.000000,0.105417,0.134741,0.978215,0.846794,1.696362,1.855199,4.260209,0.000000,0.978215,1.000000,0.000000,0.000000,10.644569,inf,2206944,2206944,55872,,False,11.474766,11.474766,121.721519
3705,90,90.000000,0.101781,0.092102,0.760390,0.683288,1.391784,1.588938,2.368825,0.000000,0.760390,1.000000,0.000000,0.000000,8.289154,inf,2514240,2514240,55872,,False,11.475120,11.475120,151.511111
3706,92,92.000000,0.104800,0.093037,0.812853,0.694333,1.348200,1.728687,3.428813,0.000000,0.812853,1.000000,0.000000,0.000000,8.559446,inf,2570112,2570112,55872,,False,11.475942,11.475942,176.652174
3707,89,89.000000,0.109619,0.082610,0.670919,0.616794,0.982154,1.374215,2.016863,0.000000,0.670919,1.000000,0.000000,0.000000,7.352319,inf,2486304,2486304,55872,,False,11.476359,11.476360,192.808989
3708,91,91.000000,0.098652,0.096426,0.808819,0.742466,1.272617,1.819783,2.467699,0.000000,0.808819,1.000000,0.000000,0.000000,8.774795,inf,2542176,2542176,55872,,False,11.476795,11.476795,151.912088
3709,91,91.000000,0.101652,0.100598,0.825157,0.806146,1.392163,1.630684,2.623324,0.000000,0.825157,1.000000,0.000000,0.000000,9.154414,inf,2542176,2542176,55872,,False,11.476791,11.476791,143.208791
3710,101,101.000000,0.098937,0.105288,0.796442,0.640436,1.334626,1.771727,4.626430,0.000000,0.796442,1.000000,0.000000,0.000000,10.634041,inf,2821536,2821536,55872,,False,11.476771,11.476772,147.554455
3711,95,95.000000,0.104677,0.098177,0.822983,0.725145,1.467818,1.842985,3.233460,0.000000,0.822983,1.000000,0.000000,0.000000,9.326819,inf,2653920,2653920,55872,,False,11.476979,11.476980,148.852632
3712,83,83.000000,0.113612,0.091474,0.740230,0.690115,1.205313,1.364312,2.011791,0.000000,0.740230,1.000000,0.000000,0.000000,7.592320,inf,2318688,2318688,55872,,False,11.477626,11.477625,196.192771
3713,96,96.000000,0.094980,0.082060,0.733576,0.720473,1.185852,1.369099,1.759872,0.000000,0.733576,1.000000,0.000000,0.000000,7.877735,inf,2681856,2681856,55872,,False,11.478161,11.478160,152.270833
3714,75,75.000000,0.109894,0.106550,0.777325,0.737993,1.174434,1.418491,2.209816,0.000000,0.777325,1.000000,0.000000,0.000000,7.991224,inf,2095200,2095200,55872,,False,11.478564,11.478564,169.973333
3715,97,97.000000,0.116497,0.084923,0.743977,0.684524,1.185376,1.296899,1.955813,0.000000,0.743977,1.000000,0.000000,0.000000,8.237572,inf,2709792,2709792,55872,,False,11.479125,11.479125,184.896907
3716,77,77.000000,0.101305,0.100758,0.763379,0.635982,1.246148,1.474595,3.038733,0.000000,0.763379,1.000000,0.000000,0.000000,7.758396,inf,2151072,2151072,55872,,False,11.479718,11.479718,173.103896
3717,81,81.000000,0.133470,0.103764,0.801689,0.695718,1.214249,1.529417,3.337672,0.000000,0.801689,1.000000,0.000000,0.000000,8.404882,inf,2262816,2262816,55872,,False,11.479935,11.479935,211.209877
3718,81,81.000000,0.101241,0.085526,0.699319,0.637034,1.127260,1.313672,1.713680,0.000000,0.699319,1.000000,0.000000,0.000000,6.927608,inf,2262816,2262816,55872,,False,11.480360,11.480360,185.753086
3719,101,101.000000,0.111664,0.098180,0.830929,0.728472,1.378025,2.019953,2.396162,0.000000,0.830929,1.000000,0.000000,0.000000,9.916148,inf,2821536,2821536,55872,,False,11.480519,11.480520,163.366337
3720,108,108.000000,0.113375,0.082426,0.728307,0.656604,1.198791,1.329667,2.401863,0.000000,0.728307,1.000000,0.000000,0.000000,8.902042,inf,3017088,3017088,55872,,False,11.481096,11.481096,175.638889
3721,85,85.000000,0.095402,0.110442,0.812517,0.685555,1.505469,2.046220,3.307372,0.000000,0.812517,1.000000,0.000000,0.000000,9.387539,inf,2374560,2374560,55872,,False,11.481877,11.481877,137.094118
3722,79,79.000000,0.123611,0.109064,0.868041,0.799517,1.489152,1.808213,2.463813,0.000000,0.868041,1.000000,0.000000,0.000000,8.616054,inf,2206944,2206944,55872,,False,11.481750,11.481750,166.468354
3723,91,91.000000,0.111483,0.089236,0.750183,0.710869,1.373693,1.680157,2.258838,0.000000,0.750183,1.000000,0.000000,0.000000,8.120520,inf,2542176,2542176,55872,,False,11.481503,11.481503,182.197802
3724,81,81.000000,0.101606,0.098536,0.760233,0.729449,1.185958,1.761341,2.131317,0.000000,0.760233,1.000000,0.000000,0.000000,7.981379,inf,2262816,2262816,55872,,False,11.482291,11.482291,171.913580
3725,103,103.000000,0.106925,0.101338,0.888961,0.724658,1.562512,1.927379,3.556161,0.000000,0.888961,1.000000,0.000000,0.000000,10.437860,inf,2877408,2877408,55872,,False,11.482592,11.482594,159.058252
3726,88,88.000000,0.101439,0.087851,0.709198,0.648294,1.156506,1.453073,2.718862,0.000000,0.709198,1.000000,0.000000,0.000000,7.730875,inf,2458368,2458368,55872,,False,11.483412,11.483411,175.852273
3727,96,96.000000,0.117844,0.110749,0.853099,0.743415,1.332845,1.689980,4.694177,0.000000,0.853099,1.000000,0.000000,0.000000,10.631925,inf,2681856,2681856,55872,,False,11.483168,11.483168,185.427083
3728,104,104.000000,0.120974,0.092390,0.818835,0.757343,1.370513,1.769237,2.455826,0.000000,0.818835,1.000000,0.000000,0.000000,9.608591,inf,2905344,2905344,55872,,False,11.483279,11.483279,175.711538
3729,90,90.000000,0.093741,0.094789,0.736288,0.659113,1.261383,1.480534,2.638374,0.000000,0.736288,1.000000,0.000000,0.000000,8.531003,inf,2514240,2514240,55872,,False,11.484496,11.484496,144.288889
3730,93,93.000000,0.098901,0.095360,0.805825,0.764787,1.406156,1.555895,2.416742,0.000000,0.805825,1.000000,0.000000,0.000000,8.868448,inf,2598048,2598048,55872,,False,11.484940,11.484940,147.408602
3731,91,91.000000,0.111494,0.097850,0.814998,0.705762,1.258750,1.727876,2.982056,0.000000,0.814998,1.000000,0.000000,0.000000,8.904312,inf,2542176,2542176,55872,,False,11.485904,11.485904,155.164835
3732,104,104.000000,0.111630,0.086604,0.779262,0.717421,1.331396,1.468988,2.048725,0.000000,0.779262,1.000000,0.000000,0.000000,9.006766,inf,2905344,2905344,55872,,False,11.486007,11.486007,175.663462
3733,86,86.000000,0.098423,0.102328,0.814007,0.734844,1.353376,1.711208,2.692046,0.000000,0.814007,1.000000,0.000000,0.000000,8.800190,inf,2402496,2402496,55872,,False,11.486753,11.486753,149.104651
3734,85,85.000000,0.100213,0.102038,0.808967,0.697228,1.429091,1.713290,2.203098,0.000000,0.808967,1.000000,0.000000,0.000000,8.673248,inf,2374560,2374560,55872,,False,11.487638,11.487638,169.952941
3735,111,111.000000,0.104290,0.091951,0.780700,0.676090,1.246158,1.868114,3.031698,0.000000,0.780700,1.000000,0.000000,0.000000,10.206610,inf,3100896,3100896,55872,,False,11.487822,11.487822,179.738739
3736,102,102.000000,0.107224,0.093290,0.833064,0.720171,1.603195,1.885926,2.377900,0.000000,0.833064,1.000000,0.000000,0.000000,9.515539,inf,2849472,2849472,55872,,False,11.488440,11.488439,173.794118
3737,96,96.000000,0.118708,0.089698,0.787270,0.696948,1.262300,1.538687,2.559875,0.000000,0.787270,1.000000,0.000000,0.000000,8.611031,inf,2681856,2681856,55872,,False,11.488770,11.488770,177.895833
3738,94,94.000000,0.101970,0.102966,0.848886,0.697688,1.500226,1.785853,4.299552,0.000000,0.848886,1.000000,0.000000,0.000000,9.678808,inf,2625984,2625984,55872,,False,11.489151,11.489151,153.351064
3739,111,111.000000,0.110148,0.113185,0.936651,0.771721,1.712747,2.146776,4.693743,0.000000,0.936651,1.000000,0.000000,0.000000,12.563504,inf,3100896,3100896,55872,,False,11.488792,11.488792,154.891892
3740,102,102.000000,0.093802,0.093548,0.799164,0.687437,1.394965,1.869672,3.414404,0.000000,0.799164,1.000000,0.000000,0.000000,9.541848,inf,2849472,2849472,55872,,False,11.489573,11.489573,146.715686
3741,93,93.000000,0.107835,0.094974,0.795251,0.700100,1.230376,1.508776,4.145350,0.000000,0.795251,1.000000,0.000000,0.000000,8.832622,inf,2598048,2598048,55872,,False,11.489924,11.489924,184.010753
3742,80,80.000000,0.104455,0.106023,0.813790,0.751506,1.307529,1.454414,3.823327,0.000000,0.813790,1.000000,0.000000,0.000000,8.481822,inf,2234880,2234880,55872,,False,11.489951,11.489951,145.112500
3743,89,89.000000,0.120155,0.108561,0.859924,0.722618,1.349588,1.576764,3.384925,0.000000,0.859924,1.000000,0.000000,0.000000,9.661893,inf,2486304,2486304,55872,,False,11.490602,11.490602,202.707865
3744,76,76.000000,0.104391,0.101382,0.797783,0.753815,1.274003,1.432270,2.029433,0.000000,0.797783,1.000000,0.000000,0.000000,7.705052,inf,2123136,2123136,55872,,False,11.491612,11.491612,156.144737
3745,97,97.000000,0.106243,0.092036,0.766935,0.691314,1.216448,1.509099,2.519787,0.000000,0.766935,1.000000,0.000000,0.000000,8.927465,inf,2709792,2709792,55872,,False,11.492207,11.492208,179.164948
3746,74,74.000000,0.130233,0.127212,0.841544,0.694712,1.363614,1.655288,5.290604,0.000000,0.841544,1.000000,0.000000,0.000000,9.413676,inf,2067264,2067264,55872,,False,11.492541,11.492540,224.135135
3747,95,95.000000,0.098790,0.095849,0.766092,0.669248,1.237168,1.436664,4.520246,0.000000,0.766092,1.000000,0.000000,0.000000,9.105627,inf,2653920,2653920,55872,,False,11.493360,11.493361,159.557895
3748,96,96.000000,0.106397,0.106010,0.813399,0.657136,1.490807,1.675361,4.696521,0.000000,0.813399,1.000000,0.000000,0.000000,10.176924,inf,2681856,2681856,55872,,False,11.493289,11.493288,157.510417
3749,88,88.000000,0.104778,0.113317,0.891434,0.775577,1.528514,2.338944,2.824152,0.000000,0.891434,1.000000,0.000000,0.000000,9.971858,inf,2458368,2458368,55872,,False,11.493143,11.493143,156.443182
3750,93,93.000000,0.111219,0.111156,0.868276,0.706848,1.601683,1.999827,3.709926,0.000000,0.868276,1.000000,0.000000,0.000000,10.337483,inf,2598048,2598048,55872,,False,11.492805,11.492806,155.806452
3751,103,103.000000,0.090974,0.095113,0.762604,0.692058,1.321791,1.505625,3.194494,0.000000,0.762604,1.000000,0.000000,0.000000,9.796668,inf,2877408,2877408,55872,,False,11.493450,11.493450,142.291262
3752,89,89.000000,0.115591,0.102657,0.841803,0.720017,1.559830,1.599563,1.961379,0.000000,0.841803,1.000000,0.000000,0.000000,9.136438,inf,2486304,2486304,55872,,False,11.493553,11.493554,180.101124
3753,100,100.000000,0.094649,0.087229,0.745696,0.713646,1.174844,1.589270,2.033163,0.000000,0.745696,1.000000,0.000000,0.000000,8.722861,inf,2793600,2793600,55872,,False,11.494460,11.494459,134.190000
3754,97,97.000000,0.100221,0.098865,0.819872,0.700058,1.504842,1.782223,4.403887,0.000000,0.819872,1.000000,0.000000,0.000000,9.589909,inf,2709792,2709792,55872,,False,11.495401,11.495401,168.845361
3755,86,86.000000,0.095526,0.097068,0.770749,0.731221,1.300410,1.478479,1.845250,0.000000,0.770749,1.000000,0.000000,0.000000,8.347844,inf,2402496,2402496,55872,,False,11.496365,11.496366,151.313953
3756,102,102.000000,0.101828,0.102465,0.822824,0.648238,1.593784,1.904980,3.917975,0.000000,0.822824,1.000000,0.000000,0.000000,10.451463,inf,2849472,2849472,55872,,False,11.496719,11.496719,159.196078
3757,95,95.000000,0.104254,0.093377,0.792039,0.716367,1.249937,1.431897,2.684551,0.000000,0.792039,1.000000,0.000000,0.000000,8.870856,inf,2653920,2653920,55872,,False,11.496967,11.496967,162.536842
3758,94,94.000000,0.111403,0.098648,0.822559,0.767073,1.261740,1.603296,2.984561,0.000000,0.822559,1.000000,0.000000,0.000000,9.272930,inf,2625984,2625984,55872,,False,11.497934,11.497934,176.978723
3759,98,98.000000,0.105725,0.110654,0.854086,0.722116,1.325819,1.614899,7.022033,0.000000,0.854086,1.000000,0.000000,0.000000,10.844045,inf,2737728,2737728,55872,,False,11.498073,11.498074,159.091837
3760,85,85.000000,0.105186,0.107857,0.856658,0.781063,1.547199,1.847067,2.657651,0.000000,0.856658,1.000000,0.000000,0.000000,9.167821,inf,2374560,2374560,55872,,False,11.498292,11.498292,161.505882
3761,93,93.000000,0.113991,0.087532,0.748775,0.667891,1.277825,1.445870,2.378695,0.000000,0.748775,1.000000,0.000000,0.000000,8.140495,inf,2598048,2598048,55872,,False,11.498285,11.498285,173.333333
3762,109,109.000000,0.099705,0.083016,0.692123,0.624862,1.210691,1.367917,3.663322,0.000000,0.692123,1.000000,0.000000,0.000000,9.048696,inf,3045024,3045024,55872,,False,11.499266,11.499267,181.477064
3763,100,100.000000,0.091575,0.103240,0.858814,0.689973,1.512029,2.039317,4.066915,0.000000,0.858814,1.000000,0.000000,0.000000,10.324024,inf,2793600,2793600,55872,,False,11.500343,11.500343,138.760000
3764,96,96.000000,0.111285,0.101634,0.834825,0.762754,1.358187,1.638664,2.890057,0.000000,0.834825,1.000000,0.000000,0.000000,9.756858,inf,2681856,2681856,55872,,False,11.500856,11.500855,184.416667
3765,96,96.000000,0.105365,0.096556,0.823228,0.745494,1.434950,1.595979,3.124636,0.000000,0.823228,1.000000,0.000000,0.000000,9.269402,inf,2681856,2681856,55872,,False,11.500840,11.500840,159.729167
3766,83,83.000000,0.106801,0.134164,0.884876,0.726425,1.200134,1.633286,6.563527,0.000000,0.884876,1.000000,0.000000,0.000000,11.135620,inf,2318688,2318688,55872,,False,11.501710,11.501710,151.891566
3767,69,69.000000,0.093666,0.105002,0.727738,0.649761,1.437397,1.735274,2.534999,0.000000,0.727738,1.000000,0.000000,0.000000,7.245155,inf,1927584,1927584,55872,,False,11.502383,11.502384,151.072464
3768,93,93.000000,0.099629,0.097133,0.775753,0.631324,1.311762,1.586911,3.837710,0.000000,0.775753,1.000000,0.000000,0.000000,9.033363,inf,2598048,2598048,55872,,False,11.502522,11.502522,166.225806
3769,94,94.000000,0.091725,0.087522,0.693165,0.668091,1.112375,1.422328,2.349139,0.000000,0.693165,1.000000,0.000000,0.000000,8.227051,inf,2625984,2625984,55872,,False,11.503474,11.503473,167.106383
3770,103,103.000000,0.099390,0.091087,0.770547,0.670370,1.337930,1.612962,2.227760,0.000000,0.770547,1.000000,0.000000,0.000000,9.381981,inf,2877408,2877408,55872,,False,11.503899,11.503898,166.601942
3771,107,107.000000,0.096351,0.097873,0.799927,0.733780,1.487216,1.826981,2.861199,0.000000,0.799927,1.000000,0.000000,0.000000,10.472375,inf,2989152,2989152,55872,,False,11.503668,11.503668,139.392523
3772,115,115.000000,0.110737,0.088206,0.799613,0.687311,1.275159,1.774351,3.893409,0.000000,0.799613,1.000000,0.000000,0.000000,10.143675,inf,3212640,3212640,55872,,False,11.504033,11.504034,170.113043
3773,92,92.000000,0.110759,0.115706,0.871305,0.774654,1.327377,1.806437,4.832286,0.000000,0.871305,1.000000,0.000000,0.000000,10.644907,inf,2570112,2570112,55872,,False,11.504690,11.504691,155.336957
3774,85,85.000000,0.108742,0.097889,0.761857,0.649363,1.220944,1.789673,3.099238,0.000000,0.761857,1.000000,0.000000,0.000000,8.320569,inf,2374560,2374560,55872,,False,11.504837,11.504837,166.270588
3775,100,100.000000,0.096403,0.088820,0.732979,0.639239,1.400582,1.554060,2.094975,0.000000,0.732979,1.000000,0.000000,0.000000,8.881970,inf,2793600,2793600,55872,,False,11.505815,11.505815,150.810000
3776,81,81.000000,0.106632,0.104751,0.793061,0.671831,1.232788,1.514959,3.323964,0.000000,0.793061,1.000000,0.000000,0.000000,8.484855,inf,2262816,2262816,55872,,False,11.506468,11.506468,167.518519
3777,105,105.000000,0.102372,0.098210,0.845379,0.726013,1.417769,1.820398,3.995702,0.000000,0.845379,1.000000,0.000000,0.000000,10.312076,inf,2933280,2933280,55872,,False,11.507235,11.507235,160.342857
3778,79,79.000000,0.097889,0.103103,0.765284,0.763572,1.227743,1.546622,2.232563,0.000000,0.765284,1.000000,0.000000,0.000000,8.145164,inf,2206944,2206944,55872,,False,11.507394,11.507394,152.936709
3779,91,91.000000,0.098347,0.090561,0.775170,0.723869,1.312971,1.550854,2.221424,0.000000,0.775170,1.000000,0.000000,0.000000,8.241069,inf,2542176,2542176,55872,,False,11.507895,11.507896,156.296703
3780,96,96.000000,0.097363,0.083351,0.722967,0.697109,1.166767,1.274667,2.280619,0.000000,0.722967,1.000000,0.000000,0.000000,8.001678,inf,2681856,2681856,55872,,False,11.508418,11.508418,149.385417
3781,81,81.000000,0.100363,0.090558,0.739678,0.652782,1.303374,1.470427,1.709224,0.000000,0.739678,1.000000,0.000000,0.000000,7.335220,inf,2262816,2262816,55872,,False,11.509081,11.509081,167.333333
3782,92,92.000000,0.103352,0.098126,0.815720,0.731007,1.319794,1.920765,2.673711,0.000000,0.815720,1.000000,0.000000,0.000000,9.027617,inf,2570112,2570112,55872,,False,11.509315,11.509315,156.271739
3783,101,101.000000,0.111134,0.102405,0.862699,0.740092,1.498475,1.780799,3.727266,0.000000,0.862699,1.000000,0.000000,0.000000,10.342926,inf,2821536,2821536,55872,,False,11.509268,11.509267,157.475248
3784,84,84.000000,0.115029,0.096986,0.786973,0.700451,1.301170,1.504962,2.302543,0.000000,0.786973,1.000000,0.000000,0.000000,8.146822,inf,2346624,2346624,55872,,False,11.509481,11.509481,192.690476
3785,95,95.000000,0.109107,0.103189,0.864383,0.831139,1.509085,1.659822,3.293599,0.000000,0.864383,1.000000,0.000000,0.000000,9.802916,inf,2653920,2653920,55872,,False,11.509434,11.509434,157.610526
3786,97,97.000000,0.096514,0.105817,0.852026,0.747227,1.460316,1.698451,4.194102,0.000000,0.852026,1.000000,0.000000,0.000000,10.264236,inf,2709792,2709792,55872,,False,11.509282,11.509283,130.989691
3787,99,99.000000,0.108843,0.110396,0.852403,0.717638,1.553378,1.869062,3.968664,0.000000,0.852403,1.000000,0.000000,0.000000,10.929160,inf,2765664,2765664,55872,,False,11.509571,11.509571,171.525253
3788,102,102.000000,0.091195,0.088085,0.735560,0.626261,1.305848,1.567692,2.168534,0.000000,0.735560,1.000000,0.000000,0.000000,8.984639,inf,2849472,2849472,55872,,False,11.510179,11.510179,161.313725
3789,86,86.000000,0.076728,0.097775,0.788917,0.695498,1.324314,1.615185,2.639615,0.000000,0.788917,1.000000,0.000000,0.000000,8.408668,inf,2402496,2402496,55872,,False,11.510855,11.510854,124.500000
3790,105,105.000000,0.110764,0.084665,0.752956,0.711691,1.237210,1.498297,2.436990,0.000000,0.752956,1.000000,0.000000,0.000000,8.889822,inf,2933280,2933280,55872,,False,11.510951,11.510952,184.971429
3791,96,96.000000,0.108248,0.102150,0.808102,0.693220,1.292398,1.886511,4.546609,0.000000,0.808102,1.000000,0.000000,0.000000,9.806446,inf,2681856,2681856,55872,,False,11.511477,11.511477,165.208333
3792,83,83.000000,0.105784,0.117338,0.831404,0.683569,1.424505,1.912666,3.252581,0.000000,0.831404,1.000000,0.000000,0.000000,9.739073,inf,2318688,2318688,55872,,False,11.511824,11.511824,169.361446
3793,91,91.000000,0.100746,0.092666,0.758050,0.696219,1.134614,1.584482,2.695586,0.000000,0.758050,1.000000,0.000000,0.000000,8.432601,inf,2542176,2542176,55872,,False,11.512672,11.512672,165.164835
3794,91,91.000000,0.089063,0.094027,0.756355,0.688701,1.316565,1.826834,2.271684,0.000000,0.756355,1.000000,0.000000,0.000000,8.556459,inf,2542176,2542176,55872,,False,11.513975,11.513974,130.010989
3795,92,92.000000,0.100627,0.105854,0.816859,0.726167,1.602509,1.840158,2.785953,0.000000,0.816859,1.000000,0.000000,0.000000,9.738600,inf,2570112,2570112,55872,,False,11.514723,11.514723,154.706522
3796,113,113.000000,0.108448,0.080610,0.743367,0.667891,1.216327,1.574726,1.958594,0.000000,0.743367,1.000000,0.000000,0.000000,9.108918,inf,3156768,3156768,55872,,False,11.515419,11.515419,176.539823
3797,83,83.000000,0.098592,0.099110,0.777149,0.714426,1.242412,1.599837,2.672274,0.000000,0.777149,1.000000,0.000000,0.000000,8.226141,inf,2318688,2318688,55872,,False,11.515512,11.515512,154.939759
3798,106,106.000000,0.101280,0.083892,0.744238,0.686040,1.292451,1.602879,2.439333,0.000000,0.744238,1.000000,0.000000,0.000000,8.892569,inf,2961216,2961216,55872,,False,11.515762,11.515761,162.349057
3799,101,101.000000,0.109085,0.100234,0.875402,0.711425,1.727959,2.044727,2.805806,0.000000,0.875402,1.000000,0.000000,0.000000,10.123599,inf,2821536,2821536,55872,,False,11.516286,11.516285,172.178218
3800,112,112.000000,0.103148,0.091306,0.779815,0.669498,1.342624,1.708598,4.153028,0.000000,0.779815,1.000000,0.000000,0.000000,10.226276,inf,3128832,3128832,55872,,False,11.516694,11.516694,161.169643
3801,101,101.000000,0.099736,0.111593,0.864781,0.695806,1.623634,1.751952,4.209022,0.000000,0.864781,1.000000,0.000000,0.000000,11.270879,inf,2821536,2821536,55872,,False,11.517605,11.517605,154.554455
3802,97,97.000000,0.110806,0.091633,0.790485,0.692700,1.326968,1.655667,2.702353,0.000000,0.790485,1.000000,0.000000,0.000000,8.888367,inf,2709792,2709792,55872,,False,11.517878,11.517878,166.257732
3803,104,104.000000,0.101193,0.101043,0.824867,0.653456,1.526097,1.820795,3.559017,0.000000,0.824867,1.000000,0.000000,0.000000,10.508487,inf,2905344,2905344,55872,,False,11.518587,11.518587,166.711538
3804,75,75.000000,0.100920,0.114421,0.787915,0.647006,1.382586,1.759098,3.476171,0.000000,0.787915,1.000000,0.000000,0.000000,8.581591,inf,2095200,2095200,55872,,False,11.519341,11.519341,161.946667
3805,81,81.000000,0.109548,0.102864,0.823206,0.754994,1.413488,1.610146,2.231915,0.000000,0.823206,1.000000,0.000000,0.000000,8.332023,inf,2262816,2262816,55872,,False,11.519938,11.519938,154.679012
3806,94,94.000000,0.107632,0.097388,0.808464,0.706832,1.264781,1.741583,2.822407,0.000000,0.808464,1.000000,0.000000,0.000000,9.154486,inf,2625984,2625984,55872,,False,11.520127,11.520126,166.202128
3807,97,97.000000,0.109261,0.085936,0.748549,0.678034,1.309256,1.538856,2.364884,0.000000,0.748549,1.000000,0.000000,0.000000,8.335764,inf,2709792,2709792,55872,,False,11.520477,11.520477,178.567010
3808,97,97.000000,0.115448,0.102978,0.854511,0.752867,1.290925,1.669803,3.755653,0.000000,0.854511,1.000000,0.000000,0.000000,9.988822,inf,2709792,2709792,55872,,False,11.520538,11.520537,163.958763
3809,97,97.000000,0.100425,0.087694,0.728796,0.650338,1.151185,1.390812,2.527299,0.000000,0.728796,1.000000,0.000000,0.000000,8.506288,inf,2709792,2709792,55872,,False,11.521699,11.521700,183.845361
3810,83,83.000000,0.115304,0.106074,0.839887,0.753161,1.346155,1.717661,2.200741,0.000000,0.839887,1.000000,0.000000,0.000000,8.804112,inf,2318688,2318688,55872,,False,11.521732,11.521731,173.457831
3811,89,89.000000,0.101813,0.102438,0.822001,0.695821,1.392036,1.667186,3.660807,0.000000,0.822001,1.000000,0.000000,0.000000,9.116962,inf,2486304,2486304,55872,,False,11.522308,11.522308,161.797753
3812,100,100.000000,0.104395,0.085865,0.704764,0.659370,1.162687,1.481059,3.410116,0.000000,0.704764,1.000000,0.000000,0.000000,8.586494,inf,2793600,2793600,55872,,False,11.522746,11.522746,175.560000
3813,101,101.000000,0.094912,0.093355,0.770585,0.692480,1.423687,1.814957,2.601472,0.000000,0.770585,1.000000,0.000000,0.000000,9.428810,inf,2821536,2821536,55872,,False,11.522996,11.522995,145.009901
3814,98,98.000000,0.106317,0.093758,0.784401,0.702901,1.353054,1.473893,3.826514,0.000000,0.784401,1.000000,0.000000,0.000000,9.188256,inf,2737728,2737728,55872,,False,11.523428,11.523428,143.183673
3815,88,88.000000,0.091494,0.091776,0.765744,0.737309,1.289899,1.556210,2.426257,0.000000,0.765744,1.000000,0.000000,0.000000,8.076313,inf,2458368,2458368,55872,,False,11.523999,11.523999,127.170455
3816,87,87.000000,0.116104,0.114458,0.870295,0.718190,1.596129,1.878928,3.767999,0.000000,0.870295,1.000000,0.000000,0.000000,9.957831,inf,2430432,2430432,55872,,False,11.523503,11.523504,159.413793
3817,104,104.000000,0.114931,0.085122,0.738517,0.662650,1.350055,1.678172,2.685498,0.000000,0.738517,1.000000,0.000000,0.000000,8.852644,inf,2905344,2905344,55872,,False,11.523827,11.523827,196.432692
3818,92,92.000000,0.102629,0.085127,0.730712,0.728786,1.123044,1.420365,2.328625,0.000000,0.730712,1.000000,0.000000,0.000000,7.831714,inf,2570112,2570112,55872,,False,11.524787,11.524787,156.771739
3819,80,80.000000,0.090690,0.104640,0.780796,0.698115,1.270077,1.444968,3.475701,0.000000,0.780796,1.000000,0.000000,0.000000,8.371226,inf,2234880,2234880,55872,,False,11.525828,11.525828,141.675000
3820,98,98.000000,0.107132,0.100410,0.860025,0.745123,1.460324,1.771544,2.752778,0.000000,0.860025,1.000000,0.000000,0.000000,9.840182,inf,2737728,2737728,55872,,False,11.526078,11.526078,158.530612
3821,106,106.000000,0.107349,0.100687,0.894525,0.743690,1.530636,2.237609,3.050017,0.000000,0.894525,1.000000,0.000000,0.000000,10.672856,inf,2961216,2961216,55872,,False,11.526101,11.526101,149.915094
3822,98,98.000000,0.107234,0.088674,0.821526,0.751228,1.324108,1.506875,2.479839,0.000000,0.821526,1.000000,0.000000,0.000000,8.690003,inf,2737728,2737728,55872,,False,11.526862,11.526862,165.989796
3823,94,94.000000,0.107804,0.101530,0.797331,0.679164,1.266590,1.610322,4.466908,0.000000,0.797331,1.000000,0.000000,0.000000,9.543823,inf,2625984,2625984,55872,,False,11.527051,11.527051,164.127660
3824,87,87.000000,0.109502,0.109560,0.835671,0.763402,1.335417,1.649849,4.692330,0.000000,0.835671,1.000000,0.000000,0.000000,9.531697,inf,2430432,2430432,55872,,False,11.527044,11.527044,165.758621
3825,87,87.000000,0.095375,0.110604,0.796878,0.655396,1.390523,1.730438,4.313604,0.000000,0.796878,1.000000,0.000000,0.000000,9.622520,inf,2430432,2430432,55872,,False,11.528008,11.528008,147.919540
3826,98,98.000000,0.110218,0.098994,0.797213,0.692420,1.185234,1.376299,4.215079,0.000000,0.797213,1.000000,0.000000,0.000000,9.701397,inf,2737728,2737728,55872,,False,11.528418,11.528418,182.306122
3827,90,90.000000,0.103128,0.111785,0.875832,0.710431,1.438790,1.917848,4.165616,0.000000,0.875832,1.000000,0.000000,0.000000,10.060657,inf,2514240,2514240,55872,,False,11.528568,11.528567,151.044444
3828,94,94.000000,0.097068,0.115091,0.880820,0.763988,1.369959,1.867367,3.203670,0.000000,0.880820,1.000000,0.000000,0.000000,10.818547,inf,2625984,2625984,55872,,False,11.528839,11.528839,147.329787
3829,112,112.000000,0.112056,0.096477,0.833641,0.736420,1.296216,1.722404,4.126682,0.000000,0.833641,1.000000,0.000000,0.000000,10.805459,inf,3128832,3128832,55872,,False,11.529313,11.529313,175.508929
3830,109,109.000000,0.087552,0.083153,0.754368,0.629973,1.316613,1.699417,2.817895,0.000000,0.754368,1.000000,0.000000,0.000000,9.063623,inf,3045024,3045024,55872,,False,11.530461,11.530461,145.330275
3831,106,106.000000,0.098684,0.085161,0.768583,0.714581,1.436680,1.545758,2.333300,0.000000,0.768583,1.000000,0.000000,0.000000,9.027112,inf,2961216,2961216,55872,,False,11.530997,11.530997,152.811321
3832,89,89.000000,0.110034,0.100460,0.828118,0.734985,1.305057,1.858538,3.065915,0.000000,0.828118,1.000000,0.000000,0.000000,8.940897,inf,2486304,2486304,55872,,False,11.531575,11.531574,168.842697
3833,95,95.000000,0.093754,0.092230,0.805782,0.741983,1.274115,1.602137,2.764369,0.000000,0.805782,1.000000,0.000000,0.000000,8.761882,inf,2653920,2653920,55872,,False,11.532009,11.532009,134.252632
3834,93,93.000000,0.098301,0.107368,0.860328,0.740229,1.503152,1.789404,3.185439,0.000000,0.860328,1.000000,0.000000,0.000000,9.985222,inf,2598048,2598048,55872,,False,11.532763,11.532763,148.344086
3835,92,92.000000,0.104973,0.110083,0.864670,0.752744,1.380178,1.830319,3.034899,0.000000,0.864670,1.000000,0.000000,0.000000,10.127662,inf,2570112,2570112,55872,,False,11.532919,11.532918,169.250000
3836,94,94.000000,0.095760,0.081105,0.720513,0.667408,1.198309,1.280526,1.852475,0.000000,0.720513,1.000000,0.000000,0.000000,7.623898,inf,2625984,2625984,55872,,False,11.533780,11.533780,164.308511
3837,93,93.000000,0.110841,0.092040,0.811391,0.725058,1.300237,1.519537,3.308264,0.000000,0.811391,1.000000,0.000000,0.000000,8.559739,inf,2598048,2598048,55872,,False,11.534302,11.534301,168.516129
3838,103,103.000000,0.115039,0.085084,0.726874,0.669272,1.115036,1.301959,2.514214,0.000000,0.726874,1.000000,0.000000,0.000000,8.763641,inf,2877408,2877408,55872,,False,11.534719,11.534720,168.233010
3839,90,90.000000,0.102431,0.111915,0.858179,0.721425,1.466342,2.054678,2.975117,0.000000,0.858179,1.000000,0.000000,0.000000,10.072356,inf,2514240,2514240,55872,,False,11.535347,11.535347,164.911111
3840,88,88.000000,0.091306,0.105096,0.863884,0.783443,1.620997,1.888482,2.523297,0.000000,0.863884,1.000000,0.000000,0.000000,9.248478,inf,2458368,2458368,55872,,False,11.536299,11.536299,124.738636
3841,106,106.000000,0.108247,0.097774,0.821876,0.697770,1.326769,1.613165,3.657104,0.000000,0.821876,1.000000,0.000000,0.000000,10.364016,inf,2961216,2961216,55872,,False,11.537101,11.537101,155.462264
3842,92,92.000000,0.115136,0.102639,0.866294,0.774567,1.418259,1.752142,2.113787,0.000000,0.866294,1.000000,0.000000,0.000000,9.442790,inf,2570112,2570112,55872,,False,11.537820,11.537820,162.163043
3843,103,103.000000,0.102991,0.090675,0.822548,0.736896,1.253908,1.636242,3.404924,0.000000,0.822548,1.000000,0.000000,0.000000,9.339503,inf,2877408,2877408,55872,,False,11.538342,11.538342,167.388350
3844,96,96.000000,0.104838,0.111036,0.844211,0.680370,1.410218,1.766725,6.124592,0.000000,0.844211,1.000000,0.000000,0.000000,10.659413,inf,2681856,2681856,55872,,False,11.538643,11.538643,156.260417
3845,100,100.000000,0.097008,0.106016,0.843332,0.752801,1.537375,1.784106,3.536989,0.000000,0.843332,1.000000,0.000000,0.000000,10.601588,inf,2793600,2793600,55872,,False,11.539016,11.539016,138.120000
3846,103,103.000000,0.101324,0.094519,0.853180,0.754684,1.420384,1.584768,2.493584,0.000000,0.853180,1.000000,0.000000,0.000000,9.735480,inf,2877408,2877408,55872,,False,11.539239,11.539238,140.398058
3847,83,83.000000,0.107461,0.101994,0.810727,0.739812,1.391970,1.551850,2.416202,0.000000,0.810727,1.000000,0.000000,0.000000,8.465503,inf,2318688,2318688,55872,,False,11.539733,11.539733,149.542169
3848,93,93.000000,0.092199,0.100310,0.817467,0.730219,1.459959,1.766224,2.570403,0.000000,0.817467,1.000000,0.000000,0.000000,9.328863,inf,2598048,2598048,55872,,False,11.540752,11.540752,136.623656
3849,87,87.000000,0.101120,0.098831,0.774863,0.704501,1.213670,1.408405,3.623285,0.000000,0.774863,1.000000,0.000000,0.000000,8.598324,inf,2430432,2430432,55872,,False,11.541426,11.541426,152.563218
3850,102,102.000000,0.108641,0.095576,0.829486,0.757320,1.329216,1.446398,2.895152,0.000000,0.829486,1.000000,0.000000,0.000000,9.748802,inf,2849472,2849472,55872,,False,11.541785,11.541785,155.362745
3851,105,105.000000,0.110268,0.092896,0.817300,0.743940,1.370758,1.544235,3.450337,0.000000,0.817300,1.000000,0.000000,0.000000,9.754040,inf,2933280,2933280,55872,,False,11.541977,11.541977,186.047619
3852,108,108.000000,0.104578,0.080109,0.746373,0.685767,1.282425,1.485323,2.025845,0.000000,0.746373,1.000000,0.000000,0.000000,8.651810,inf,3017088,3017088,55872,,False,11.542511,11.542512,175.212963
3853,89,89.000000,0.107559,0.110669,0.833905,0.729410,1.386160,1.998515,3.699276,0.000000,0.833905,1.000000,0.000000,0.000000,9.849521,inf,2486304,2486304,55872,,False,11.542746,11.542746,162.202247
3854,99,99.000000,0.102722,0.097359,0.813160,0.739843,1.318310,1.503699,4.097428,0.000000,0.813160,1.000000,0.000000,0.000000,9.638568,inf,2765664,2765664,55872,,False,11.543330,11.543330,179.686869
3855,70,70.000000,0.099826,0.116236,0.787882,0.729668,1.617097,1.756143,2.200596,0.000000,0.787882,1.000000,0.000000,0.000000,8.136504,inf,1955520,1955520,55872,,False,11.543185,11.543185,151.042857
3856,89,89.000000,0.103255,0.086116,0.732271,0.685225,1.219315,1.421544,2.259851,0.000000,0.732271,1.000000,0.000000,0.000000,7.664291,inf,2486304,2486304,55872,,False,11.544010,11.544010,175.314607
3857,91,91.000000,0.110527,0.099020,0.862414,0.820639,1.614708,1.858794,2.365211,0.000000,0.862414,1.000000,0.000000,0.000000,9.010812,inf,2542176,2542176,55872,,False,11.543954,11.543954,160.604396
3858,82,82.000000,0.098335,0.103734,0.816245,0.639192,1.346001,1.807516,3.337246,0.000000,0.816245,1.000000,0.000000,0.000000,8.506191,inf,2290752,2290752,55872,,False,11.544859,11.544858,166.060976
3859,86,86.000000,0.107547,0.114033,0.791321,0.656239,1.187320,1.691844,4.905991,0.000000,0.791321,1.000000,0.000000,0.000000,9.806878,inf,2402496,2402496,55872,,False,11.544913,11.544913,170.302326
3860,96,96.000000,0.099444,0.101460,0.827052,0.673376,1.536606,1.787653,2.958016,0.000000,0.827052,1.000000,0.000000,0.000000,9.740189,inf,2681856,2681856,55872,,False,11.545529,11.545529,149.489583
3861,106,106.000000,0.099977,0.086512,0.761548,0.673025,1.369029,1.614372,2.877279,0.000000,0.761548,1.000000,0.000000,0.000000,9.170283,inf,2961216,2961216,55872,,False,11.546194,11.546194,147.669811
3862,96,96.000000,0.093017,0.094460,0.769039,0.698222,1.381834,1.685692,2.897197,0.000000,0.769039,1.000000,0.000000,0.000000,9.068118,inf,2681856,2681856,55872,,False,11.547160,11.547160,165.906250
3863,88,88.000000,0.105951,0.107210,0.823279,0.763751,1.323025,1.736795,3.249185,0.000000,0.823279,1.000000,0.000000,0.000000,9.434511,inf,2458368,2458368,55872,,False,11.548046,11.548046,159.022727
3864,107,107.000000,0.109524,0.080166,0.767090,0.694556,1.247195,1.505462,2.175391,0.000000,0.767090,1.000000,0.000000,0.000000,8.577763,inf,2989152,2989152,55872,,False,11.548267,11.548266,178.000000
3865,87,87.000000,0.090917,0.108125,0.839248,0.736004,1.673938,1.806818,3.380379,0.000000,0.839248,1.000000,0.000000,0.000000,9.406903,inf,2430432,2430432,55872,,False,11.549249,11.549249,150.218391
3866,94,94.000000,0.112619,0.102571,0.827638,0.728696,1.229575,2.111943,3.144888,0.000000,0.827638,1.000000,0.000000,0.000000,9.641659,inf,2625984,2625984,55872,,False,11.549460,11.549460,181.989362
3867,105,105.000000,0.111345,0.096864,0.847646,0.730884,1.355607,1.679605,3.365183,0.000000,0.847646,1.000000,0.000000,0.000000,10.170698,inf,2933280,2933280,55872,,False,11.549656,11.549656,179.304762
3868,102,102.000000,0.102723,0.088389,0.786392,0.706049,1.429164,1.592462,2.041515,0.000000,0.786392,1.000000,0.000000,0.000000,9.015695,inf,2849472,2849472,55872,,False,11.549978,11.549978,169.343137
3869,89,89.000000,0.100370,0.090099,0.725892,0.690959,1.232448,1.504583,2.657255,0.000000,0.725892,1.000000,0.000000,0.000000,8.018772,inf,2486304,2486304,55872,,False,11.550163,11.550163,160.269663
3870,104,104.000000,0.104015,0.087990,0.769176,0.735370,1.277509,1.503814,2.843590,0.000000,0.769176,1.000000,0.000000,0.000000,9.150974,inf,2905344,2905344,55872,,False,11.550516,11.550516,152.769231
3871,88,88.000000,0.112547,0.108599,0.854025,0.690755,1.539931,1.967628,3.766055,0.000000,0.854025,1.000000,0.000000,0.000000,9.556690,inf,2458368,2458368,55872,,False,11.550488,11.550488,167.772727
3872,105,105.000000,0.116718,0.096244,0.856248,0.741037,1.393913,1.790611,3.453758,0.000000,0.856248,1.000000,0.000000,0.000000,10.105635,inf,2933280,2933280,55872,,False,11.550704,11.550704,174.647619
3873,89,89.000000,0.094790,0.090857,0.731426,0.635756,1.220165,1.599117,2.520083,0.000000,0.731426,1.000000,0.000000,0.000000,8.086285,inf,2486304,2486304,55872,,False,11.551513,11.551513,156.741573
3874,93,93.000000,0.113302,0.121147,0.829715,0.710037,1.364945,1.605042,6.827352,0.000000,0.829715,1.000000,0.000000,0.000000,11.266678,inf,2598048,2598048,55872,,False,11.551307,11.551307,169.043011
3875,116,116.000000,0.103996,0.092623,0.830258,0.733043,1.306486,1.784493,3.539501,0.000000,0.830258,1.000000,0.000000,0.000000,10.744299,inf,3240576,3240576,55872,,False,11.551802,11.551802,149.870690
3876,77,77.000000,0.099091,0.102456,0.808937,0.739365,1.287970,1.614198,2.449868,0.000000,0.808937,1.000000,0.000000,0.000000,7.889143,inf,2151072,2151072,55872,,False,11.552238,11.552238,160.454545
3877,100,100.000000,0.106322,0.103931,0.819721,0.704283,1.307942,1.668850,4.706759,0.000000,0.819721,1.000000,0.000000,0.000000,10.393081,inf,2793600,2793600,55872,,False,11.552338,11.552338,171.330000
3878,108,108.000000,0.113847,0.095081,0.805413,0.673928,1.452621,1.818829,2.801995,0.000000,0.805413,1.000000,0.000000,0.000000,10.268798,inf,3017088,3017088,55872,,False,11.552198,11.552198,171.092593
3879,93,93.000000,0.101497,0.088740,0.754306,0.708195,1.254304,1.364481,2.206592,0.000000,0.754306,1.000000,0.000000,0.000000,8.252791,inf,2598048,2598048,55872,,False,11.552573,11.552572,156.354839
3880,84,84.000000,0.090955,0.114176,0.828003,0.707885,1.360016,2.057514,3.308311,0.000000,0.828003,1.000000,0.000000,0.000000,9.590771,inf,2346624,2346624,55872,,False,11.553014,11.553016,136.940476
