round,clients,denominator,local_loss,update_norm,pre_clip_norm_mean,pre_clip_norm_median,pre_clip_norm_p90,pre_clip_norm_p95,pre_clip_norm_max,frac_clipped,post_clip_norm_mean,shrinkage_mean,noise_std,noise_norm,clipped_aggregate_norm,signal_to_noise,download_bytes,upload_bytes,bytes_per_client,sparse_upload_bytes_diag,skipped_empty,A_fro,B_fro,mean_touched_rows
1,71,71.000000,0.693120,0.000548,0.003936,0.003008,0.007682,0.009456,0.010712,0.000000,0.003936,1.000000,0.000000,0.000000,0.038908,inf,1983456,1983456,55872,,False,2.593403,2.593403,168.887324
2,93,93.000000,0.693104,0.000458,0.003991,0.003191,0.007488,0.008948,0.013097,0.000000,0.003991,1.000000,0.000000,0.000000,0.042554,inf,2598048,2598048,55872,,False,2.593423,2.593423,146.688172
3,115,115.000000,0.693094,0.000513,0.004070,0.002671,0.007648,0.010012,0.027701,0.000000,0.004070,1.000000,0.000000,0.000000,0.058959,inf,3212640,3212640,55872,,False,2.593448,2.593448,167.026087
4,94,94.000000,0.693113,0.000424,0.003491,0.003052,0.005888,0.006500,0.018443,0.000000,0.003491,1.000000,0.000000,0.000000,0.039837,inf,2625984,2625984,55872,,False,2.593464,2.593464,161.021277
5,85,85.000000,0.693014,0.001354,0.005716,0.003509,0.008066,0.010256,0.101878,0.000000,0.005716,1.000000,0.000000,0.000000,0.115063,inf,2374560,2374560,55872,,False,2.593523,2.593523,139.329412
6,97,97.000000,0.693064,0.000649,0.004651,0.003498,0.009224,0.011862,0.034327,0.000000,0.004651,1.000000,0.000000,0.000000,0.062924,inf,2709792,2709792,55872,,False,2.593562,2.593562,144.711340
7,96,96.000000,0.693086,0.000557,0.004225,0.003158,0.009551,0.011348,0.014254,0.000000,0.004225,1.000000,0.000000,0.000000,0.053472,inf,2681856,2681856,55872,,False,2.593590,2.593590,180.125000
8,86,86.000000,0.693036,0.000724,0.004744,0.003218,0.009351,0.012782,0.028896,0.000000,0.004744,1.000000,0.000000,0.000000,0.062267,inf,2402496,2402496,55872,,False,2.593642,2.593642,144.279070
9,95,95.000000,0.693060,0.000617,0.004171,0.002803,0.008136,0.011460,0.024653,0.000000,0.004171,1.000000,0.000000,0.000000,0.058585,inf,2653920,2653920,55872,,False,2.593683,2.593683,182.905263
10,96,96.000000,0.692912,0.002224,0.006907,0.003360,0.008552,0.017914,0.192463,0.000000,0.006907,1.000000,0.000000,0.000000,0.213463,inf,2681856,2681856,55872,,False,2.593783,2.593783,169.437500
11,92,92.000000,0.693032,0.000816,0.005153,0.003249,0.010753,0.017564,0.027360,0.000000,0.005153,1.000000,0.000000,0.000000,0.075060,inf,2570112,2570112,55872,,False,2.593836,2.593836,184.565217
12,102,102.000000,0.692958,0.001281,0.006689,0.004219,0.009110,0.020629,0.062722,0.000000,0.006689,1.000000,0.000000,0.000000,0.130658,inf,2849472,2849472,55872,,False,2.593923,2.593923,131.960784
13,96,96.000000,0.693073,0.000513,0.004170,0.003077,0.008655,0.009634,0.013591,0.000000,0.004170,1.000000,0.000000,0.000000,0.049208,inf,2681856,2681856,55872,,False,2.593958,2.593958,174.750000
14,91,91.000000,0.693016,0.000822,0.004868,0.003084,0.009139,0.012122,0.033927,0.000000,0.004868,1.000000,0.000000,0.000000,0.074809,inf,2542176,2542176,55872,,False,2.594019,2.594019,190.802198
15,90,90.000000,0.692919,0.001379,0.006352,0.003503,0.010698,0.021273,0.087125,0.000000,0.006352,1.000000,0.000000,0.000000,0.124069,inf,2514240,2514240,55872,,False,2.594125,2.594125,165.222222
16,91,91.000000,0.692999,0.000830,0.005917,0.004802,0.011323,0.013330,0.023805,0.000000,0.005917,1.000000,0.000000,0.000000,0.075514,inf,2542176,2542176,55872,,False,2.594194,2.594194,133.329670
17,95,95.000000,0.692916,0.001435,0.006826,0.004069,0.011994,0.015900,0.108738,0.000000,0.006826,1.000000,0.000000,0.000000,0.136347,inf,2653920,2653920,55872,,False,2.594300,2.594300,158.136842
18,96,96.000000,0.692803,0.001540,0.008660,0.004857,0.019259,0.031209,0.054742,0.000000,0.008660,1.000000,0.000000,0.000000,0.147794,inf,2681856,2681856,55872,,False,2.594460,2.594460,151.052083
19,98,98.000000,0.693003,0.000879,0.005725,0.003970,0.010571,0.017528,0.035049,0.000000,0.005725,1.000000,0.000000,0.000000,0.086160,inf,2737728,2737728,55872,,False,2.594527,2.594527,177.653061
20,81,81.000000,0.692893,0.001290,0.006860,0.004211,0.012555,0.017955,0.049377,0.000000,0.006860,1.000000,0.000000,0.000000,0.104486,inf,2262816,2262816,55872,,False,2.594645,2.594645,170.543210
21,94,94.000000,0.692935,0.001100,0.006234,0.003560,0.013079,0.016943,0.067166,0.000000,0.006234,1.000000,0.000000,0.000000,0.103359,inf,2625984,2625984,55872,,False,2.594744,2.594744,165.478723
22,90,90.000000,0.692879,0.001295,0.006787,0.004433,0.015983,0.017542,0.064444,0.000000,0.006787,1.000000,0.000000,0.000000,0.116586,inf,2514240,2514240,55872,,False,2.594869,2.594869,162.844444
23,91,91.000000,0.692937,0.000990,0.006807,0.005091,0.013637,0.019681,0.028093,0.000000,0.006807,1.000000,0.000000,0.000000,0.090067,inf,2542176,2542176,55872,,False,2.594967,2.594967,135.395604
24,89,89.000000,0.692969,0.000920,0.005994,0.004113,0.011810,0.014566,0.032567,0.000000,0.005994,1.000000,0.000000,0.000000,0.081866,inf,2486304,2486304,55872,,False,2.595051,2.595051,143.179775
25,94,94.000000,0.692472,0.003706,0.011338,0.004684,0.015640,0.025343,0.276977,0.000000,0.011338,1.000000,0.000000,0.000000,0.348351,inf,2625984,2625984,55872,,False,2.595337,2.595337,173.159574
26,101,101.000000,0.692738,0.001796,0.009519,0.004781,0.022378,0.031009,0.079375,0.000000,0.009519,1.000000,0.000000,0.000000,0.181356,inf,2821536,2821536,55872,,False,2.595526,2.595526,150.465347
27,90,90.000000,0.692681,0.001958,0.008712,0.004621,0.012691,0.017365,0.120988,0.000000,0.008712,1.000000,0.000000,0.000000,0.176202,inf,2514240,2514240,55872,,False,2.595740,2.595740,151.988889
28,93,93.000000,0.692388,0.004744,0.011261,0.004402,0.014829,0.023010,0.412003,0.000000,0.011261,1.000000,0.000000,0.000000,0.441200,inf,2598048,2598048,55872,,False,2.596036,2.596036,174.623656
29,90,90.000000,0.692794,0.001612,0.008272,0.004833,0.020304,0.028020,0.053971,0.000000,0.008272,1.000000,0.000000,0.000000,0.145083,inf,2514240,2514240,55872,,False,2.596201,2.596201,179.611111
30,93,93.000000,0.692774,0.001572,0.009551,0.006058,0.019508,0.024349,0.052825,0.000000,0.009551,1.000000,0.000000,0.000000,0.146214,inf,2598048,2598048,55872,,False,2.596374,2.596374,145.086022
31,89,89.000000,0.692771,0.001899,0.009549,0.006782,0.017651,0.024869,0.087454,0.000000,0.009549,1.000000,0.000000,0.000000,0.168972,inf,2486304,2486304,55872,,False,2.596549,2.596549,114.101124
32,97,97.000000,0.692921,0.001070,0.006633,0.004391,0.015593,0.017877,0.025265,0.000000,0.006633,1.000000,0.000000,0.000000,0.103754,inf,2709792,2709792,55872,,False,2.596655,2.596655,177.010309
33,90,90.000000,0.692735,0.002066,0.008852,0.004616,0.013510,0.025232,0.100509,0.000000,0.008852,1.000000,0.000000,0.000000,0.185905,inf,2514240,2514240,55872,,False,2.596842,2.596842,181.422222
34,98,98.000000,0.691829,0.006017,0.014133,0.004438,0.021887,0.036201,0.548679,0.000000,0.014133,1.000000,0.000000,0.000000,0.589638,inf,2737728,2737728,55872,,False,2.597344,2.597344,184.734694
35,110,110.000000,0.692763,0.002187,0.009482,0.004956,0.015194,0.026596,0.181296,0.000000,0.009482,1.000000,0.000000,0.000000,0.240588,inf,3072960,3072960,55872,,False,2.597514,2.597514,165.636364
36,89,89.000000,0.692636,0.002762,0.011308,0.005733,0.028835,0.046380,0.094315,0.000000,0.011308,1.000000,0.000000,0.000000,0.245804,inf,2486304,2486304,55872,,False,2.597748,2.597748,152.808989
37,83,83.000000,0.692471,0.003196,0.013467,0.006799,0.032981,0.041727,0.113010,0.000000,0.013467,1.000000,0.000000,0.000000,0.265282,inf,2318688,2318688,55872,,False,2.598057,2.598057,157.819277
38,99,99.000000,0.692670,0.001835,0.010714,0.006771,0.021428,0.031114,0.085975,0.000000,0.010714,1.000000,0.000000,0.000000,0.181651,inf,2765664,2765664,55872,,False,2.598277,2.598277,140.373737
39,108,108.000000,0.692691,0.002040,0.010621,0.005004,0.022680,0.046239,0.071823,0.000000,0.010621,1.000000,0.000000,0.000000,0.220278,inf,3017088,3017088,55872,,False,2.598486,2.598486,180.750000
40,87,87.000000,0.692522,0.002629,0.011510,0.005658,0.024948,0.039427,0.084152,0.000000,0.011510,1.000000,0.000000,0.000000,0.228737,inf,2430432,2430432,55872,,False,2.598774,2.598774,161.781609
41,93,93.000000,0.692586,0.002334,0.011488,0.005618,0.025075,0.039236,0.079798,0.000000,0.011488,1.000000,0.000000,0.000000,0.217071,inf,2598048,2598048,55872,,False,2.599033,2.599033,161.440860
42,96,96.000000,0.692602,0.001917,0.010811,0.006134,0.024543,0.031969,0.076273,0.000000,0.010811,1.000000,0.000000,0.000000,0.183996,inf,2681856,2681856,55872,,False,2.599286,2.599285,183.750000
43,83,83.000000,0.692277,0.003841,0.014617,0.005844,0.033799,0.038555,0.234048,0.000000,0.014617,1.000000,0.000000,0.000000,0.318792,inf,2318688,2318688,55872,,False,2.599667,2.599667,161.807229
44,100,100.000000,0.692694,0.001828,0.011037,0.006075,0.025305,0.034197,0.061915,0.000000,0.011037,1.000000,0.000000,0.000000,0.182754,inf,2793600,2793600,55872,,False,2.599876,2.599877,156.430000
45,102,102.000000,0.692431,0.002667,0.014610,0.008493,0.032700,0.042641,0.089289,0.000000,0.014610,1.000000,0.000000,0.000000,0.272055,inf,2849472,2849472,55872,,False,2.600204,2.600204,121.264706
46,98,98.000000,0.692639,0.002274,0.010879,0.006433,0.020750,0.029221,0.133020,0.000000,0.010879,1.000000,0.000000,0.000000,0.222879,inf,2737728,2737728,55872,,False,2.600433,2.600433,178.938776
47,80,80.000000,0.692615,0.002603,0.011169,0.006341,0.023095,0.031716,0.112460,0.000000,0.011169,1.000000,0.000000,0.000000,0.208252,inf,2234880,2234880,55872,,False,2.600675,2.600675,192.462500
48,92,92.000000,0.691051,0.008135,0.018175,0.005490,0.026684,0.038831,0.691626,0.000000,0.018175,1.000000,0.000000,0.000000,0.748438,inf,2570112,2570112,55872,,False,2.601417,2.601416,169.706522
49,87,87.000000,0.690270,0.009940,0.022446,0.008112,0.030631,0.047954,0.834463,0.000000,0.022446,1.000000,0.000000,0.000000,0.864791,inf,2430432,2430432,55872,,False,2.602360,2.602360,166.241379
50,97,97.000000,0.692263,0.003210,0.014514,0.007561,0.024652,0.058007,0.130394,0.000000,0.014514,1.000000,0.000000,0.000000,0.311361,inf,2709792,2709792,55872,,False,2.602759,2.602759,167.855670
51,97,97.000000,0.692732,0.001727,0.010397,0.006651,0.025831,0.030053,0.054389,0.000000,0.010397,1.000000,0.000000,0.000000,0.167488,inf,2709792,2709792,55872,,False,2.602952,2.602952,166.329897
52,100,100.000000,0.692632,0.002369,0.013098,0.007816,0.026571,0.033253,0.121683,0.000000,0.013098,1.000000,0.000000,0.000000,0.236910,inf,2793600,2793600,55872,,False,2.603184,2.603184,158.010000
53,84,84.000000,0.692520,0.002413,0.012924,0.008463,0.025884,0.030592,0.095926,0.000000,0.012924,1.000000,0.000000,0.000000,0.202709,inf,2346624,2346624,55872,,False,2.603471,2.603471,145.011905
54,102,102.000000,0.692159,0.004582,0.018343,0.009613,0.034151,0.057809,0.351224,0.000000,0.018343,1.000000,0.000000,0.000000,0.467393,inf,2849472,2849472,55872,,False,2.603883,2.603883,154.549020
55,98,98.000000,0.692476,0.002678,0.013809,0.006729,0.031303,0.043437,0.131973,0.000000,0.013809,1.000000,0.000000,0.000000,0.262425,inf,2737728,2737728,55872,,False,2.604187,2.604187,168.448980
56,93,93.000000,0.691808,0.005823,0.019735,0.007482,0.039315,0.053669,0.438053,0.000000,0.019735,1.000000,0.000000,0.000000,0.541511,inf,2598048,2598048,55872,,False,2.604733,2.604733,183.591398
57,96,96.000000,0.692397,0.003024,0.014987,0.008226,0.033237,0.043162,0.115462,0.000000,0.014987,1.000000,0.000000,0.000000,0.290338,inf,2681856,2681856,55872,,False,2.605074,2.605074,151.854167
58,102,102.000000,0.692408,0.002881,0.014936,0.008282,0.032839,0.036869,0.159586,0.000000,0.014936,1.000000,0.000000,0.000000,0.293820,inf,2849472,2849472,55872,,False,2.605405,2.605405,162.970588
59,97,97.000000,0.689892,0.009952,0.022491,0.009684,0.028775,0.041776,0.903592,0.000000,0.022491,1.000000,0.000000,0.000000,0.965387,inf,2709792,2709792,55872,,False,2.606353,2.606353,136.711340
60,88,88.000000,0.692186,0.003653,0.017805,0.010208,0.043376,0.058237,0.156689,0.000000,0.017805,1.000000,0.000000,0.000000,0.321440,inf,2458368,2458368,55872,,False,2.606785,2.606785,160.409091
61,100,100.000000,0.692472,0.002411,0.014187,0.008453,0.030337,0.041203,0.107090,0.000000,0.014187,1.000000,0.000000,0.000000,0.241085,inf,2793600,2793600,55872,,False,2.607095,2.607095,154.250000
62,90,90.000000,0.692469,0.002507,0.014409,0.010677,0.030656,0.035541,0.059014,0.000000,0.014409,1.000000,0.000000,0.000000,0.225621,inf,2514240,2514240,55872,,False,2.607407,2.607407,163.188889
63,80,80.000000,0.691026,0.008340,0.024195,0.009172,0.034819,0.088525,0.564029,0.000000,0.024195,1.000000,0.000000,0.000000,0.667218,inf,2234880,2234880,55872,,False,2.608234,2.608234,165.900000
64,91,91.000000,0.692298,0.003102,0.015633,0.008513,0.029743,0.063469,0.121237,0.000000,0.015633,1.000000,0.000000,0.000000,0.282238,inf,2542176,2542176,55872,,False,2.608617,2.608617,153.241758
65,93,93.000000,0.691777,0.005404,0.021212,0.007833,0.047015,0.100062,0.188434,0.000000,0.021212,1.000000,0.000000,0.000000,0.502615,inf,2598048,2598048,55872,,False,2.609213,2.609213,166.032258
66,90,90.000000,0.692133,0.003633,0.018770,0.012764,0.039500,0.052847,0.192894,0.000000,0.018770,1.000000,0.000000,0.000000,0.326994,inf,2514240,2514240,55872,,False,2.609665,2.609665,130.900000
67,94,94.000000,0.692252,0.003005,0.017402,0.010465,0.039739,0.052080,0.120029,0.000000,0.017402,1.000000,0.000000,0.000000,0.282510,inf,2625984,2625984,55872,,False,2.610071,2.610071,143.276596
68,91,91.000000,0.691973,0.004347,0.019321,0.009962,0.038229,0.060285,0.155642,0.000000,0.019321,1.000000,0.000000,0.000000,0.395608,inf,2542176,2542176,55872,,False,2.610594,2.610594,152.659341
69,122,122.000000,0.691908,0.004086,0.021126,0.012416,0.048354,0.062465,0.184108,0.000000,0.021126,1.000000,0.000000,0.000000,0.498454,inf,3408192,3408192,55872,,False,2.611145,2.611145,157.065574
70,87,87.000000,0.692335,0.003104,0.016844,0.010423,0.036552,0.054806,0.080847,0.000000,0.016844,1.000000,0.000000,0.000000,0.270029,inf,2430432,2430432,55872,,False,2.611515,2.611516,152.298851
71,113,113.000000,0.689374,0.010281,0.027874,0.009950,0.039787,0.069249,0.985743,0.000000,0.027874,1.000000,0.000000,0.000000,1.161719,inf,3156768,3156768,55872,,False,2.612651,2.612651,166.681416
72,91,91.000000,0.692201,0.003345,0.017367,0.011053,0.041676,0.043511,0.171268,0.000000,0.017367,1.000000,0.000000,0.000000,0.304359,inf,2542176,2542176,55872,,False,2.613078,2.613078,146.098901
73,97,97.000000,0.692237,0.003293,0.017674,0.008450,0.040821,0.057863,0.132932,0.000000,0.017674,1.000000,0.000000,0.000000,0.319410,inf,2709792,2709792,55872,,False,2.613486,2.613486,184.082474
74,110,110.000000,0.691983,0.003734,0.021129,0.011516,0.063146,0.072879,0.125861,0.000000,0.021129,1.000000,0.000000,0.000000,0.410710,inf,3072960,3072960,55872,,False,2.614008,2.614008,138.963636
75,89,89.000000,0.690724,0.009065,0.025247,0.009421,0.037598,0.059637,0.699482,0.000000,0.025247,1.000000,0.000000,0.000000,0.806771,inf,2486304,2486304,55872,,False,2.614900,2.614900,188.101124
76,85,85.000000,0.692040,0.003954,0.020354,0.015214,0.051573,0.057085,0.084062,0.000000,0.020354,1.000000,0.000000,0.000000,0.336063,inf,2374560,2374560,55872,,False,2.615403,2.615403,151.388235
77,98,98.000000,0.692196,0.003787,0.017699,0.010121,0.043967,0.053082,0.172037,0.000000,0.017699,1.000000,0.000000,0.000000,0.371160,inf,2737728,2737728,55872,,False,2.615828,2.615828,170.326531
78,83,83.000000,0.692031,0.004220,0.019410,0.008988,0.039349,0.065171,0.214523,0.000000,0.019410,1.000000,0.000000,0.000000,0.350252,inf,2318688,2318688,55872,,False,2.616321,2.616321,169.301205
79,96,96.000000,0.691688,0.005558,0.022505,0.009819,0.046086,0.083356,0.245549,0.000000,0.022505,1.000000,0.000000,0.000000,0.533554,inf,2681856,2681856,55872,,False,2.616956,2.616956,192.739583
80,88,88.000000,0.687521,0.013393,0.033798,0.010624,0.049023,0.114608,0.987940,0.000000,0.033798,1.000000,0.000000,0.000000,1.178620,inf,2458368,2458368,55872,,False,2.618531,2.618531,178.875000
81,108,108.000000,0.692047,0.003733,0.019598,0.011072,0.049477,0.067234,0.217115,0.000000,0.019598,1.000000,0.000000,0.000000,0.403131,inf,3017088,3017088,55872,,False,2.619018,2.619018,183.388889
82,86,86.000000,0.691613,0.004986,0.022393,0.011514,0.053761,0.074939,0.215655,0.000000,0.022393,1.000000,0.000000,0.000000,0.428811,inf,2402496,2402496,55872,,False,2.619691,2.619691,172.453488
83,92,92.000000,0.691810,0.004493,0.021972,0.010629,0.056081,0.070117,0.120813,0.000000,0.021972,1.000000,0.000000,0.000000,0.413314,inf,2570112,2570112,55872,,False,2.620292,2.620292,161.891304
84,93,93.000000,0.686042,0.015489,0.041189,0.012573,0.057373,0.081261,1.065393,0.000000,0.041189,1.000000,0.000000,0.000000,1.440502,inf,2598048,2598048,55872,,False,2.622137,2.622137,182.279570
85,91,91.000000,0.692210,0.003210,0.017225,0.008707,0.046431,0.052156,0.080459,0.000000,0.017225,1.000000,0.000000,0.000000,0.292102,inf,2542176,2542176,55872,,False,2.622562,2.622562,192.274725
86,86,86.000000,0.691619,0.005192,0.022829,0.013115,0.053037,0.081864,0.128551,0.000000,0.022829,1.000000,0.000000,0.000000,0.446473,inf,2402496,2402496,55872,,False,2.623248,2.623248,151.709302
87,91,91.000000,0.692082,0.003569,0.019533,0.011113,0.056653,0.073525,0.104145,0.000000,0.019533,1.000000,0.000000,0.000000,0.324777,inf,2542176,2542176,55872,,False,2.623725,2.623725,164.252747
88,87,87.000000,0.691766,0.004728,0.020970,0.011655,0.043905,0.064516,0.209244,0.000000,0.020970,1.000000,0.000000,0.000000,0.411340,inf,2430432,2430432,55872,,False,2.624337,2.624337,145.195402
89,93,93.000000,0.691607,0.004784,0.022681,0.010805,0.052695,0.081080,0.167038,0.000000,0.022681,1.000000,0.000000,0.000000,0.444939,inf,2598048,2598048,55872,,False,2.625023,2.625023,172.483871
90,96,96.000000,0.687344,0.013228,0.033607,0.011980,0.055030,0.086382,1.035039,0.000000,0.033607,1.000000,0.000000,0.000000,1.269847,inf,2681856,2681856,55872,,False,2.626432,2.626432,172.354167
91,77,77.000000,0.691643,0.004998,0.021619,0.013909,0.039385,0.075348,0.193136,0.000000,0.021619,1.000000,0.000000,0.000000,0.384836,inf,2151072,2151072,55872,,False,2.627102,2.627102,170.688312
92,89,89.000000,0.691659,0.004864,0.025797,0.014765,0.058678,0.073995,0.247507,0.000000,0.025797,1.000000,0.000000,0.000000,0.432934,inf,2486304,2486304,55872,,False,2.627749,2.627749,156.640449
93,92,92.000000,0.692001,0.003689,0.019471,0.011810,0.044339,0.053686,0.105164,0.000000,0.019471,1.000000,0.000000,0.000000,0.339418,inf,2570112,2570112,55872,,False,2.628269,2.628269,157.445652
94,92,92.000000,0.686440,0.012638,0.034878,0.013341,0.057812,0.092778,0.961151,0.000000,0.034878,1.000000,0.000000,0.000000,1.162724,inf,2570112,2570112,55872,,False,2.629974,2.629974,169.521739
95,94,94.000000,0.691007,0.007340,0.031112,0.014676,0.083256,0.105932,0.296936,0.000000,0.031112,1.000000,0.000000,0.000000,0.689963,inf,2625984,2625984,55872,,False,2.630875,2.630875,166.797872
96,88,88.000000,0.691393,0.005760,0.027192,0.012703,0.060990,0.065987,0.323153,0.000000,0.027192,1.000000,0.000000,0.000000,0.506843,inf,2458368,2458368,55872,,False,2.631624,2.631624,163.875000
97,85,85.000000,0.691804,0.004316,0.022502,0.014334,0.045973,0.072156,0.091691,0.000000,0.022502,1.000000,0.000000,0.000000,0.366833,inf,2374560,2374560,55872,,False,2.632228,2.632228,161.764706
98,86,86.000000,0.691222,0.006741,0.028821,0.015221,0.065976,0.095192,0.228770,0.000000,0.028821,1.000000,0.000000,0.000000,0.579713,inf,2402496,2402496,55872,,False,2.633051,2.633051,167.174419
99,95,95.000000,0.691164,0.005588,0.025264,0.013113,0.047384,0.065742,0.268771,0.000000,0.025264,1.000000,0.000000,0.000000,0.530906,inf,2653920,2653920,55872,,False,2.633906,2.633906,165.663158
100,88,88.000000,0.691613,0.004873,0.024506,0.010805,0.070908,0.091347,0.127227,0.000000,0.024506,1.000000,0.000000,0.000000,0.428798,inf,2458368,2458368,55872,,False,2.634586,2.634586,180.465909
101,104,104.000000,0.691366,0.005632,0.024202,0.013883,0.049145,0.076000,0.223304,0.000000,0.024202,1.000000,0.000000,0.000000,0.585703,inf,2905344,2905344,55872,,False,2.635370,2.635370,172.134615
102,96,96.000000,0.691667,0.004355,0.021372,0.012532,0.048165,0.066759,0.126752,0.000000,0.021372,1.000000,0.000000,0.000000,0.418094,inf,2681856,2681856,55872,,False,2.636032,2.636032,171.020833
103,95,95.000000,0.686799,0.012387,0.037630,0.013851,0.074672,0.084161,1.012382,0.000000,0.037630,1.000000,0.000000,0.000000,1.176735,inf,2653920,2653920,55872,,False,2.637511,2.637511,150.431579
104,89,89.000000,0.685579,0.013378,0.039312,0.015698,0.065240,0.124898,0.967301,0.000000,0.039312,1.000000,0.000000,0.000000,1.190640,inf,2486304,2486304,55872,,False,2.639349,2.639349,164.707865
105,97,97.000000,0.685716,0.012776,0.039177,0.013891,0.067499,0.119225,0.939759,0.000000,0.039177,1.000000,0.000000,0.000000,1.239229,inf,2709792,2709792,55872,,False,2.641110,2.641110,170.360825
106,95,95.000000,0.690174,0.008333,0.036120,0.023134,0.071548,0.134442,0.318646,0.000000,0.036120,1.000000,0.000000,0.000000,0.791635,inf,2653920,2653920,55872,,False,2.642380,2.642380,162.252632
107,110,110.000000,0.690972,0.006290,0.027855,0.013287,0.073727,0.096484,0.282335,0.000000,0.027855,1.000000,0.000000,0.000000,0.691927,inf,3072960,3072960,55872,,False,2.643326,2.643326,158.900000
108,98,98.000000,0.691329,0.005167,0.024965,0.015257,0.052339,0.076050,0.208659,0.000000,0.024965,1.000000,0.000000,0.000000,0.506370,inf,2737728,2737728,55872,,False,2.644132,2.644132,166.142857
109,106,106.000000,0.687417,0.012909,0.048731,0.019776,0.108826,0.154492,0.893180,0.000000,0.048731,1.000000,0.000000,0.000000,1.368354,inf,2961216,2961216,55872,,False,2.646218,2.646218,145.075472
110,87,87.000000,0.691492,0.004945,0.025405,0.014992,0.059274,0.067232,0.168838,0.000000,0.025405,1.000000,0.000000,0.000000,0.430224,inf,2430432,2430432,55872,,False,2.646951,2.646951,172.666667
111,82,82.000000,0.687972,0.013964,0.040831,0.016511,0.070311,0.099484,0.993239,0.000000,0.040831,1.000000,0.000000,0.000000,1.145036,inf,2290752,2290752,55872,,False,2.648576,2.648576,153.707317
112,85,85.000000,0.690744,0.007345,0.033480,0.017983,0.085822,0.103166,0.293577,0.000000,0.033480,1.000000,0.000000,0.000000,0.624284,inf,2374560,2374560,55872,,False,2.649609,2.649609,136.105882
113,83,83.000000,0.691059,0.006386,0.028030,0.014079,0.058242,0.068777,0.303912,0.000000,0.028030,1.000000,0.000000,0.000000,0.530075,inf,2318688,2318688,55872,,False,2.650499,2.650499,179.542169
114,91,91.000000,0.690621,0.007202,0.031132,0.014563,0.083351,0.119665,0.267244,0.000000,0.031132,1.000000,0.000000,0.000000,0.655414,inf,2542176,2542176,55872,,False,2.651591,2.651591,153.802198
115,81,81.000000,0.686572,0.014897,0.046821,0.020619,0.094177,0.113804,1.018758,0.000000,0.046821,1.000000,0.000000,0.000000,1.206696,inf,2262816,2262816,55872,,False,2.653689,2.653689,128.691358
116,90,90.000000,0.684642,0.014490,0.045159,0.021059,0.080205,0.100610,0.977057,0.000000,0.045159,1.000000,0.000000,0.000000,1.304060,inf,2514240,2514240,55872,,False,2.655804,2.655805,157.433333
117,102,102.000000,0.684407,0.013329,0.046333,0.016192,0.090366,0.141748,0.853600,0.000000,0.046333,1.000000,0.000000,0.000000,1.359523,inf,2849472,2849472,55872,,False,2.658015,2.658016,158.460784
118,89,89.000000,0.690915,0.005435,0.029410,0.017227,0.066691,0.097989,0.150850,0.000000,0.029410,1.000000,0.000000,0.000000,0.483748,inf,2486304,2486304,55872,,False,2.659000,2.659000,168.516854
119,94,94.000000,0.689243,0.009599,0.038352,0.017173,0.098780,0.147077,0.320006,0.000000,0.038352,1.000000,0.000000,0.000000,0.902333,inf,2625984,2625984,55872,,False,2.660649,2.660649,154.436170
120,104,104.000000,0.685569,0.010535,0.040704,0.019717,0.073217,0.106672,0.857417,0.000000,0.040704,1.000000,0.000000,0.000000,1.095660,inf,2905344,2905344,55872,,False,2.662438,2.662438,140.269231
121,83,83.000000,0.688953,0.010606,0.039293,0.019685,0.126549,0.155480,0.211873,0.000000,0.039293,1.000000,0.000000,0.000000,0.880303,inf,2318688,2318688,55872,,False,2.664247,2.664247,165.036145
122,88,88.000000,0.690101,0.007768,0.036261,0.020173,0.082415,0.130740,0.248134,0.000000,0.036261,1.000000,0.000000,0.000000,0.683602,inf,2458368,2458368,55872,,False,2.665557,2.665557,155.375000
123,89,89.000000,0.689053,0.010521,0.044143,0.018863,0.098687,0.176030,0.445525,0.000000,0.044143,1.000000,0.000000,0.000000,0.936337,inf,2486304,2486304,55872,,False,2.667225,2.667225,161.213483
124,84,84.000000,0.690029,0.007619,0.035079,0.018355,0.086254,0.113025,0.236775,0.000000,0.035079,1.000000,0.000000,0.000000,0.639990,inf,2346624,2346624,55872,,False,2.668571,2.668571,166.321429
125,90,90.000000,0.689896,0.008489,0.036388,0.018111,0.073437,0.117051,0.448440,0.000000,0.036388,1.000000,0.000000,0.000000,0.764050,inf,2514240,2514240,55872,,False,2.669918,2.669918,183.444444
126,79,79.000000,0.690106,0.007502,0.035826,0.025705,0.078719,0.126882,0.168348,0.000000,0.035826,1.000000,0.000000,0.000000,0.592660,inf,2206944,2206944,55872,,False,2.671240,2.671240,144.645570
127,91,91.000000,0.684132,0.012641,0.039873,0.015526,0.075189,0.119433,0.797134,0.000000,0.039873,1.000000,0.000000,0.000000,1.150369,inf,2542176,2542176,55872,,False,2.673310,2.673310,187.549451
128,95,95.000000,0.689016,0.010296,0.038244,0.016866,0.096423,0.136243,0.373322,0.000000,0.038244,1.000000,0.000000,0.000000,0.978138,inf,2653920,2653920,55872,,False,2.675031,2.675031,172.494737
129,90,90.000000,0.688573,0.010592,0.046796,0.023963,0.101634,0.173000,0.442146,0.000000,0.046796,1.000000,0.000000,0.000000,0.953287,inf,2514240,2514240,55872,,False,2.676933,2.676933,147.155556
130,96,96.000000,0.690564,0.007586,0.032118,0.015224,0.064778,0.095884,0.500992,0.000000,0.032118,1.000000,0.000000,0.000000,0.728209,inf,2681856,2681856,55872,,False,2.677979,2.677979,183.197917
131,100,100.000000,0.689975,0.008196,0.038715,0.023079,0.071661,0.126832,0.510736,0.000000,0.038715,1.000000,0.000000,0.000000,0.819639,inf,2793600,2793600,55872,,False,2.679254,2.679254,170.440000
132,84,84.000000,0.682053,0.018911,0.057524,0.019359,0.105146,0.182520,0.957805,0.000000,0.057524,1.000000,0.000000,0.000000,1.588542,inf,2346624,2346624,55872,,False,2.681899,2.681899,169.869048
133,92,92.000000,0.689884,0.008272,0.035737,0.016979,0.105693,0.127410,0.224453,0.000000,0.035737,1.000000,0.000000,0.000000,0.760992,inf,2570112,2570112,55872,,False,2.683292,2.683291,185.641304
134,78,78.000000,0.688700,0.011253,0.047884,0.026560,0.110306,0.131828,0.280625,0.000000,0.047884,1.000000,0.000000,0.000000,0.877749,inf,2179008,2179008,55872,,False,2.685169,2.685169,143.692308
135,85,85.000000,0.689008,0.009642,0.037960,0.020891,0.093163,0.121714,0.338874,0.000000,0.037960,1.000000,0.000000,0.000000,0.819576,inf,2374560,2374560,55872,,False,2.686916,2.686916,182.247059
136,103,103.000000,0.689179,0.008937,0.037584,0.021313,0.074093,0.111315,0.329293,0.000000,0.037584,1.000000,0.000000,0.000000,0.920480,inf,2877408,2877408,55872,,False,2.688606,2.688606,160.281553
137,104,104.000000,0.688190,0.011085,0.047330,0.026410,0.115033,0.145367,0.399266,0.000000,0.047330,1.000000,0.000000,0.000000,1.152886,inf,2905344,2905344,55872,,False,2.690651,2.690651,162.538462
138,100,100.000000,0.687922,0.011958,0.047587,0.017758,0.112841,0.166476,0.501954,0.000000,0.047587,1.000000,0.000000,0.000000,1.195801,inf,2793600,2793600,55872,,False,2.692732,2.692732,176.940000
139,101,101.000000,0.686395,0.013632,0.056690,0.023513,0.137663,0.257274,0.609465,0.000000,0.056690,1.000000,0.000000,0.000000,1.376820,inf,2821536,2821536,55872,,False,2.695370,2.695370,152.168317
140,97,97.000000,0.685941,0.015271,0.053590,0.021201,0.107484,0.262203,0.466328,0.000000,0.053590,1.000000,0.000000,0.000000,1.481317,inf,2709792,2709792,55872,,False,2.698241,2.698241,149.917526
141,97,97.000000,0.687128,0.012576,0.052651,0.026863,0.130977,0.164840,0.460872,0.000000,0.052651,1.000000,0.000000,0.000000,1.219826,inf,2709792,2709792,55872,,False,2.700723,2.700723,148.670103
142,91,91.000000,0.685202,0.014121,0.050334,0.025272,0.086306,0.136672,1.000696,0.000000,0.050334,1.000000,0.000000,0.000000,1.284983,inf,2542176,2542176,55872,,False,2.703147,2.703147,169.857143
143,91,91.000000,0.687773,0.011107,0.045804,0.026661,0.113140,0.165547,0.342935,0.000000,0.045804,1.000000,0.000000,0.000000,1.010722,inf,2542176,2542176,55872,,False,2.705406,2.705406,161.560440
144,99,99.000000,0.688764,0.009304,0.041440,0.022052,0.083419,0.157579,0.522249,0.000000,0.041440,1.000000,0.000000,0.000000,0.921087,inf,2765664,2765664,55872,,False,2.707182,2.707182,165.797980
145,90,90.000000,0.686515,0.013224,0.051757,0.028244,0.141684,0.189148,0.314364,0.000000,0.051757,1.000000,0.000000,0.000000,1.190156,inf,2514240,2514240,55872,,False,2.709944,2.709944,140.777778
146,82,82.000000,0.686237,0.014439,0.052742,0.025417,0.124919,0.211458,0.505382,0.000000,0.052742,1.000000,0.000000,0.000000,1.183964,inf,2290752,2290752,55872,,False,2.712749,2.712749,174.695122
147,98,98.000000,0.687445,0.012395,0.050363,0.027364,0.103364,0.180306,0.648767,0.000000,0.050363,1.000000,0.000000,0.000000,1.214737,inf,2737728,2737728,55872,,False,2.715020,2.715020,158.346939
148,101,101.000000,0.689025,0.008645,0.038530,0.020574,0.087624,0.126664,0.263017,0.000000,0.038530,1.000000,0.000000,0.000000,0.873145,inf,2821536,2821536,55872,,False,2.716766,2.716766,157.762376
149,84,84.000000,0.689632,0.007550,0.035284,0.023034,0.079320,0.131752,0.256084,0.000000,0.035284,1.000000,0.000000,0.000000,0.634203,inf,2346624,2346624,55872,,False,2.718257,2.718257,177.630952
150,81,81.000000,0.684363,0.016914,0.060321,0.027040,0.124189,0.250041,0.548075,0.000000,0.060321,1.000000,0.000000,0.000000,1.370073,inf,2262816,2262816,55872,,False,2.721744,2.721744,149.061728
151,90,90.000000,0.683185,0.018123,0.066097,0.032254,0.124390,0.195678,0.693972,0.000000,0.066097,1.000000,0.000000,0.000000,1.631044,inf,2514240,2514240,55872,,False,2.725606,2.725606,136.233333
152,94,94.000000,0.684318,0.016552,0.065330,0.034403,0.147377,0.228017,0.545353,0.000000,0.065330,1.000000,0.000000,0.000000,1.555874,inf,2625984,2625984,55872,,False,2.729130,2.729130,136.457447
153,94,94.000000,0.684868,0.013925,0.057703,0.029107,0.146448,0.225566,0.436325,0.000000,0.057703,1.000000,0.000000,0.000000,1.308931,inf,2625984,2625984,55872,,False,2.732486,2.732486,174.702128
154,109,109.000000,0.685896,0.013369,0.051211,0.032796,0.093787,0.147513,0.582606,0.000000,0.051211,1.000000,0.000000,0.000000,1.457197,inf,3045024,3045024,55872,,False,2.735387,2.735386,171.990826
155,85,85.000000,0.684962,0.015430,0.054397,0.023030,0.128775,0.218844,0.455255,0.000000,0.054397,1.000000,0.000000,0.000000,1.311556,inf,2374560,2374560,55872,,False,2.738602,2.738602,166.376471
156,103,103.000000,0.685629,0.013450,0.049449,0.026911,0.100908,0.188463,0.325590,0.000000,0.049449,1.000000,0.000000,0.000000,1.385335,inf,2877408,2877408,55872,,False,2.741682,2.741681,169.446602
157,95,95.000000,0.686240,0.012415,0.055830,0.029998,0.150198,0.217535,0.299535,0.000000,0.055830,1.000000,0.000000,0.000000,1.179448,inf,2653920,2653920,55872,,False,2.744521,2.744521,155.094737
158,89,89.000000,0.685655,0.013208,0.054378,0.026228,0.130775,0.246692,0.362975,0.000000,0.054378,1.000000,0.000000,0.000000,1.175503,inf,2486304,2486304,55872,,False,2.747534,2.747534,145.247191
159,113,113.000000,0.682216,0.017592,0.068725,0.029624,0.179392,0.248083,0.487645,0.000000,0.068725,1.000000,0.000000,0.000000,1.987921,inf,3156768,3156768,55872,,False,2.751862,2.751862,146.203540
160,87,87.000000,0.684133,0.016008,0.060838,0.028052,0.126957,0.188416,0.779373,0.000000,0.060838,1.000000,0.000000,0.000000,1.392698,inf,2430432,2430432,55872,,False,2.755245,2.755245,173.264368
161,95,95.000000,0.684796,0.014704,0.049350,0.022072,0.096882,0.164534,0.619376,0.000000,0.049350,1.000000,0.000000,0.000000,1.396869,inf,2653920,2653920,55872,,False,2.758424,2.758424,175.578947
162,83,83.000000,0.681804,0.019807,0.068710,0.035035,0.162569,0.246323,0.877907,0.000000,0.068710,1.000000,0.000000,0.000000,1.643979,inf,2318688,2318688,55872,,False,2.762680,2.762680,157.385542
163,87,87.000000,0.680791,0.018891,0.071500,0.031077,0.147446,0.183608,1.053410,0.000000,0.071500,1.000000,0.000000,0.000000,1.643489,inf,2430432,2430432,55872,,False,2.766479,2.766479,154.724138
164,105,105.000000,0.678277,0.021669,0.072831,0.027956,0.155238,0.292289,1.061296,0.000000,0.072831,1.000000,0.000000,0.000000,2.275209,inf,2933280,2933280,55872,,False,2.771133,2.771133,168.419048
165,93,93.000000,0.681049,0.018802,0.067955,0.036686,0.153989,0.284590,0.538853,0.000000,0.067955,1.000000,0.000000,0.000000,1.748569,inf,2598048,2598048,55872,,False,2.775817,2.775817,153.913978
166,104,104.000000,0.681192,0.018118,0.068535,0.033004,0.165011,0.300606,0.711688,0.000000,0.068535,1.000000,0.000000,0.000000,1.884318,inf,2905344,2905344,55872,,False,2.780211,2.780211,157.432692
167,112,112.000000,0.680845,0.018604,0.068741,0.027975,0.195116,0.236780,0.790267,0.000000,0.068741,1.000000,0.000000,0.000000,2.083599,inf,3128832,3128832,55872,,False,2.784837,2.784837,175.642857
168,103,103.000000,0.684922,0.013587,0.057201,0.033542,0.118461,0.260530,0.359585,0.000000,0.057201,1.000000,0.000000,0.000000,1.399416,inf,2877408,2877408,55872,,False,2.788142,2.788142,176.233010
169,92,92.000000,0.674139,0.026600,0.094176,0.042463,0.229242,0.358479,0.943648,0.000000,0.094176,1.000000,0.000000,0.000000,2.447183,inf,2570112,2570112,55872,,False,2.794821,2.794821,144.597826
170,105,105.000000,0.679646,0.020074,0.080544,0.039456,0.174342,0.283436,0.843424,0.000000,0.080544,1.000000,0.000000,0.000000,2.107747,inf,2933280,2933280,55872,,False,2.799792,2.799792,150.923810
171,106,106.000000,0.681959,0.016592,0.062588,0.036210,0.125613,0.184513,0.559190,0.000000,0.062588,1.000000,0.000000,0.000000,1.758776,inf,2961216,2961216,55872,,False,2.804102,2.804102,150.886792
172,105,105.000000,0.680397,0.018468,0.074002,0.031832,0.167928,0.324041,0.890251,0.000000,0.074002,1.000000,0.000000,0.000000,1.939093,inf,2933280,2933280,55872,,False,2.808740,2.808740,164.466667
173,101,101.000000,0.679014,0.019857,0.078518,0.030324,0.157882,0.214465,0.945527,0.000000,0.078518,1.000000,0.000000,0.000000,2.005568,inf,2821536,2821536,55872,,False,2.813834,2.813834,145.881188
174,84,84.000000,0.675435,0.018508,0.069374,0.046283,0.167170,0.189758,0.528838,0.000000,0.069374,1.000000,0.000000,0.000000,1.554640,inf,2346624,2346624,55872,,False,2.818786,2.818786,164.738095
175,88,88.000000,0.681643,0.017292,0.066290,0.047440,0.116894,0.200960,0.661748,0.000000,0.066290,1.000000,0.000000,0.000000,1.521686,inf,2458368,2458368,55872,,False,2.823189,2.823189,159.534091
176,95,95.000000,0.677237,0.021714,0.073253,0.033565,0.175664,0.304621,0.608626,0.000000,0.073253,1.000000,0.000000,0.000000,2.062812,inf,2653920,2653920,55872,,False,2.828964,2.828965,175.715789
177,92,92.000000,0.681411,0.016977,0.063517,0.029566,0.147925,0.252314,0.463063,0.000000,0.063517,1.000000,0.000000,0.000000,1.561904,inf,2570112,2570112,55872,,False,2.833505,2.833505,200.369565
178,113,113.000000,0.675002,0.021358,0.086205,0.041017,0.207409,0.329887,1.021359,0.000000,0.086205,1.000000,0.000000,0.000000,2.413486,inf,3156768,3156768,55872,,False,2.839445,2.839445,145.106195
179,93,93.000000,0.674885,0.023406,0.086320,0.034925,0.252670,0.377731,0.460660,0.000000,0.086320,1.000000,0.000000,0.000000,2.176763,inf,2598048,2598048,55872,,False,2.846239,2.846239,153.849462
180,70,70.000000,0.682998,0.016446,0.060041,0.032214,0.132925,0.157981,0.464890,0.000000,0.060041,1.000000,0.000000,0.000000,1.151252,inf,1955520,1955520,55872,,False,2.850190,2.850190,186.028571
181,99,99.000000,0.678977,0.019360,0.069391,0.032650,0.166070,0.214987,0.512285,0.000000,0.069391,1.000000,0.000000,0.000000,1.916593,inf,2765664,2765664,55872,,False,2.855466,2.855466,158.808081
182,95,95.000000,0.676444,0.021835,0.080059,0.035645,0.206926,0.294464,0.610735,0.000000,0.080059,1.000000,0.000000,0.000000,2.074359,inf,2653920,2653920,55872,,False,2.861478,2.861478,159.652632
183,102,102.000000,0.675954,0.022113,0.083562,0.047902,0.183869,0.265951,0.548451,0.000000,0.083562,1.000000,0.000000,0.000000,2.255522,inf,2849472,2849472,55872,,False,2.867706,2.867706,146.215686
184,96,96.000000,0.671921,0.026228,0.099041,0.052666,0.228593,0.327808,0.967131,0.000000,0.099041,1.000000,0.000000,0.000000,2.517901,inf,2681856,2681856,55872,,False,2.875274,2.875274,154.364583
185,100,100.000000,0.677219,0.020057,0.074804,0.032129,0.164796,0.236461,0.763771,0.000000,0.074804,1.000000,0.000000,0.000000,2.005661,inf,2793600,2793600,55872,,False,2.880918,2.880919,193.080000
186,104,104.000000,0.681361,0.016016,0.065748,0.035378,0.153512,0.216309,0.549994,0.000000,0.065748,1.000000,0.000000,0.000000,1.665687,inf,2905344,2905344,55872,,False,2.885373,2.885373,171.509615
187,71,71.000000,0.671448,0.027188,0.089346,0.037142,0.189509,0.420767,0.621492,0.000000,0.089346,1.000000,0.000000,0.000000,1.930314,inf,1983456,1983456,55872,,False,2.892816,2.892816,165.309859
188,87,87.000000,0.677407,0.019436,0.074857,0.036314,0.185598,0.243147,0.569984,0.000000,0.074857,1.000000,0.000000,0.000000,1.690892,inf,2430432,2430432,55872,,False,2.898540,2.898540,188.402299
189,94,94.000000,0.670574,0.027041,0.087950,0.040747,0.205509,0.386409,0.482588,0.000000,0.087950,1.000000,0.000000,0.000000,2.541816,inf,2625984,2625984,55872,,False,2.906675,2.906675,170.170213
190,87,87.000000,0.669499,0.027909,0.101493,0.039579,0.226062,0.356163,1.011461,0.000000,0.101493,1.000000,0.000000,0.000000,2.428066,inf,2430432,2430432,55872,,False,2.914190,2.914190,165.413793
191,87,87.000000,0.674120,0.023350,0.084934,0.042651,0.241225,0.297122,0.557134,0.000000,0.084934,1.000000,0.000000,0.000000,2.031484,inf,2430432,2430432,55872,,False,2.920965,2.920965,176.425287
192,103,103.000000,0.675217,0.021214,0.087289,0.041812,0.195907,0.253359,1.030725,0.000000,0.087289,1.000000,0.000000,0.000000,2.185066,inf,2877408,2877408,55872,,False,2.927134,2.927134,152.174757
193,100,100.000000,0.663479,0.031358,0.104809,0.045231,0.263815,0.371108,0.650074,0.000000,0.104809,1.000000,0.000000,0.000000,3.135752,inf,2793600,2793600,55872,,False,2.937036,2.937036,151.250000
194,105,105.000000,0.669024,0.025140,0.096989,0.050953,0.220013,0.391393,0.653727,0.000000,0.096989,1.000000,0.000000,0.000000,2.639662,inf,2933280,2933280,55872,,False,2.945142,2.945143,164.838095
195,88,88.000000,0.676650,0.019907,0.090435,0.061586,0.212958,0.260218,0.531076,0.000000,0.090435,1.000000,0.000000,0.000000,1.751811,inf,2458368,2458368,55872,,False,2.951099,2.951100,153.056818
196,97,97.000000,0.664501,0.030367,0.108941,0.051464,0.277809,0.380480,0.644622,0.000000,0.108941,1.000000,0.000000,0.000000,2.945614,inf,2709792,2709792,55872,,False,2.960721,2.960721,155.907216
197,104,104.000000,0.666220,0.026891,0.095497,0.047806,0.232348,0.418175,0.665349,0.000000,0.095497,1.000000,0.000000,0.000000,2.796625,inf,2905344,2905344,55872,,False,2.969289,2.969289,172.480769
198,94,94.000000,0.662399,0.031825,0.115816,0.074232,0.285975,0.360660,0.829054,0.000000,0.115816,1.000000,0.000000,0.000000,2.991592,inf,2625984,2625984,55872,,False,2.979606,2.979606,137.712766
199,99,99.000000,0.664479,0.029881,0.109281,0.060873,0.305725,0.396626,0.678734,0.000000,0.109281,1.000000,0.000000,0.000000,2.958191,inf,2765664,2765664,55872,,False,2.989319,2.989319,153.323232
200,94,94.000000,0.655107,0.036418,0.126389,0.078954,0.286492,0.341691,1.008300,0.000000,0.126389,1.000000,0.000000,0.000000,3.423334,inf,2625984,2625984,55872,,False,3.001096,3.001096,127.989362
201,94,94.000000,0.654320,0.034655,0.119503,0.054721,0.295497,0.454791,0.661102,0.000000,0.119503,1.000000,0.000000,0.000000,3.257535,inf,2625984,2625984,55872,,False,3.012825,3.012825,147.085106
202,104,104.000000,0.663678,0.028862,0.103365,0.048195,0.239800,0.344267,0.740999,0.000000,0.103365,1.000000,0.000000,0.000000,3.001668,inf,2905344,2905344,55872,,False,3.022312,3.022311,159.413462
203,85,85.000000,0.651640,0.036623,0.131328,0.062812,0.365883,0.453849,0.654330,0.000000,0.131328,1.000000,0.000000,0.000000,3.112975,inf,2374560,2374560,55872,,False,3.034440,3.034440,147.552941
204,90,90.000000,0.655270,0.035427,0.118028,0.057827,0.334242,0.392885,0.657534,0.000000,0.118028,1.000000,0.000000,0.000000,3.188469,inf,2514240,2514240,55872,,False,3.046098,3.046098,157.511111
205,109,109.000000,0.643477,0.041302,0.136093,0.061967,0.413646,0.472299,0.627551,0.000000,0.136093,1.000000,0.000000,0.000000,4.501918,inf,3045024,3045024,55872,,False,3.060750,3.060750,150.963303
206,94,94.000000,0.653328,0.036920,0.128329,0.065944,0.373823,0.429529,0.560470,0.000000,0.128329,1.000000,0.000000,0.000000,3.470481,inf,2625984,2625984,55872,,False,3.073479,3.073479,145.989362
207,101,101.000000,0.643909,0.038936,0.149749,0.055900,0.458973,0.596917,1.034358,0.000000,0.149749,1.000000,0.000000,0.000000,3.932487,inf,2821536,2821536,55872,,False,3.087392,3.087392,151.564356
208,81,81.000000,0.647881,0.039007,0.125321,0.057142,0.323370,0.439813,0.662720,0.000000,0.125321,1.000000,0.000000,0.000000,3.159577,inf,2262816,2262816,55872,,False,3.100989,3.100989,163.308642
209,97,97.000000,0.658813,0.030189,0.109213,0.050495,0.290790,0.389200,0.992842,0.000000,0.109213,1.000000,0.000000,0.000000,2.928340,inf,2709792,2709792,55872,,False,3.110957,3.110957,166.329897
210,78,78.000000,0.646121,0.041555,0.141444,0.073035,0.361097,0.499621,0.708808,0.000000,0.141444,1.000000,0.000000,0.000000,3.241257,inf,2179008,2179008,55872,,False,3.125222,3.125222,156.628205
211,84,84.000000,0.660170,0.029932,0.106781,0.063864,0.249481,0.410961,0.454031,0.000000,0.106781,1.000000,0.000000,0.000000,2.514266,inf,2346624,2346624,55872,,False,3.135683,3.135683,164.738095
212,87,87.000000,0.629106,0.043891,0.148967,0.081858,0.387960,0.499375,1.095792,0.000000,0.148967,1.000000,0.000000,0.000000,3.818515,inf,2430432,2430432,55872,,False,3.151245,3.151245,160.137931
213,94,94.000000,0.639168,0.041761,0.142991,0.073955,0.454592,0.530393,0.977744,0.000000,0.142991,1.000000,0.000000,0.000000,3.925556,inf,2625984,2625984,55872,,False,3.166206,3.166206,169.851064
214,83,83.000000,0.636707,0.041322,0.146289,0.067256,0.340603,0.419647,1.049037,0.000000,0.146289,1.000000,0.000000,0.000000,3.429761,inf,2318688,2318688,55872,,False,3.181182,3.181182,148.048193
215,85,85.000000,0.640888,0.041402,0.143367,0.063499,0.404228,0.495432,0.705512,0.000000,0.143367,1.000000,0.000000,0.000000,3.519203,inf,2374560,2374560,55872,,False,3.195814,3.195814,154.105882
216,95,95.000000,0.639071,0.040362,0.142466,0.057295,0.372904,0.453717,0.658297,0.000000,0.142466,1.000000,0.000000,0.000000,3.834369,inf,2653920,2653920,55872,,False,3.210351,3.210351,151.378947
217,86,86.000000,0.641351,0.038445,0.155528,0.073669,0.436797,0.511125,0.881290,0.000000,0.155528,1.000000,0.000000,0.000000,3.306277,inf,2402496,2402496,55872,,False,3.224042,3.224042,139.476744
218,86,86.000000,0.640370,0.041438,0.147135,0.074701,0.402676,0.448737,0.617167,0.000000,0.147135,1.000000,0.000000,0.000000,3.563674,inf,2402496,2402496,55872,,False,3.239835,3.239835,158.255814
219,98,98.000000,0.635929,0.041150,0.132674,0.073984,0.360134,0.500375,0.646248,0.000000,0.132674,1.000000,0.000000,0.000000,4.032674,inf,2737728,2737728,55872,,False,3.255255,3.255255,190.795918
220,83,83.000000,0.637080,0.038725,0.133329,0.081372,0.339115,0.512770,0.705147,0.000000,0.133329,1.000000,0.000000,0.000000,3.214178,inf,2318688,2318688,55872,,False,3.269851,3.269851,169.277108
221,95,95.000000,0.630188,0.046760,0.166433,0.109707,0.413312,0.523519,0.757539,0.000000,0.166433,1.000000,0.000000,0.000000,4.442201,inf,2653920,2653920,55872,,False,3.287468,3.287468,153.000000
222,92,92.000000,0.633240,0.044737,0.152246,0.096785,0.357061,0.447689,0.637338,0.000000,0.152246,1.000000,0.000000,0.000000,4.115762,inf,2570112,2570112,55872,,False,3.304385,3.304385,171.706522
223,83,83.000000,0.617742,0.047666,0.169371,0.087222,0.472087,0.544993,0.668388,0.000000,0.169371,1.000000,0.000000,0.000000,3.956249,inf,2318688,2318688,55872,,False,3.322922,3.322922,164.108434
224,77,77.000000,0.626240,0.041454,0.151448,0.067217,0.472084,0.510399,0.613717,0.000000,0.151448,1.000000,0.000000,0.000000,3.191920,inf,2151072,2151072,55872,,False,3.338249,3.338249,167.350649
225,114,114.000000,0.620869,0.047172,0.170865,0.098528,0.416846,0.507972,0.939337,0.000000,0.170865,1.000000,0.000000,0.000000,5.377633,inf,3184704,3184704,55872,,False,3.356455,3.356455,173.052632
226,108,108.000000,0.603041,0.051843,0.193953,0.096110,0.542394,0.584518,0.981740,0.000000,0.193953,1.000000,0.000000,0.000000,5.599079,inf,3017088,3017088,55872,,False,3.376697,3.376698,148.157407
227,98,98.000000,0.616234,0.042480,0.160528,0.096967,0.432062,0.553930,0.638229,0.000000,0.160528,1.000000,0.000000,0.000000,4.163084,inf,2737728,2737728,55872,,False,3.393385,3.393385,153.061224
228,98,98.000000,0.583441,0.059352,0.230494,0.160798,0.561104,0.628971,1.117089,0.000000,0.230494,1.000000,0.000000,0.000000,5.816471,inf,2737728,2737728,55872,,False,3.417500,3.417500,133.704082
229,104,104.000000,0.610628,0.046313,0.169225,0.097854,0.402932,0.464942,0.669169,0.000000,0.169225,1.000000,0.000000,0.000000,4.816552,inf,2905344,2905344,55872,,False,3.435775,3.435775,141.625000
230,102,102.000000,0.612116,0.048684,0.178164,0.111265,0.425529,0.493887,0.638564,0.000000,0.178164,1.000000,0.000000,0.000000,4.965750,inf,2849472,2849472,55872,,False,3.455151,3.455151,175.401961
231,92,92.000000,0.618137,0.045645,0.158282,0.086413,0.403485,0.554682,0.696681,0.000000,0.158282,1.000000,0.000000,0.000000,4.199366,inf,2570112,2570112,55872,,False,3.471674,3.471674,183.858696
232,109,109.000000,0.611070,0.047049,0.178125,0.106228,0.452852,0.523637,0.658576,0.000000,0.178125,1.000000,0.000000,0.000000,5.128352,inf,3045024,3045024,55872,,False,3.490496,3.490496,173.990826
233,91,91.000000,0.598004,0.051830,0.183980,0.122515,0.451882,0.532672,0.631152,0.000000,0.183980,1.000000,0.000000,0.000000,4.716488,inf,2542176,2542176,55872,,False,3.511821,3.511821,162.428571
234,101,101.000000,0.589279,0.057494,0.222750,0.138993,0.474496,0.615324,1.112607,0.000000,0.222750,1.000000,0.000000,0.000000,5.806901,inf,2821536,2821536,55872,,False,3.535620,3.535620,144.277228
235,91,91.000000,0.607597,0.048631,0.170086,0.103910,0.407517,0.500543,0.593937,0.000000,0.170086,1.000000,0.000000,0.000000,4.425443,inf,2542176,2542176,55872,,False,3.554862,3.554862,158.153846
236,84,84.000000,0.605240,0.049294,0.187277,0.118811,0.430028,0.519214,0.785079,0.000000,0.187277,1.000000,0.000000,0.000000,4.140707,inf,2346624,2346624,55872,,False,3.574604,3.574604,160.357143
237,91,91.000000,0.588742,0.054062,0.215167,0.136642,0.462439,0.575700,0.996808,0.000000,0.215167,1.000000,0.000000,0.000000,4.919673,inf,2542176,2542176,55872,,False,3.596438,3.596438,128.791209
238,87,87.000000,0.613080,0.044346,0.161362,0.089597,0.428849,0.469577,0.638069,0.000000,0.161362,1.000000,0.000000,0.000000,3.858109,inf,2430432,2430432,55872,,False,3.614420,3.614421,171.678161
239,99,99.000000,0.604098,0.047736,0.189437,0.142418,0.467740,0.525658,0.756272,0.000000,0.189437,1.000000,0.000000,0.000000,4.725864,inf,2765664,2765664,55872,,False,3.633121,3.633122,178.090909
240,89,89.000000,0.555109,0.057419,0.219111,0.109265,0.546443,0.614082,0.723854,0.000000,0.219111,1.000000,0.000000,0.000000,5.110320,inf,2486304,2486304,55872,,False,3.657123,3.657123,181.202247
241,87,87.000000,0.579859,0.057214,0.208163,0.157658,0.470084,0.530818,0.751472,0.000000,0.208163,1.000000,0.000000,0.000000,4.977600,inf,2430432,2430432,55872,,False,3.680287,3.680287,157.436782
242,94,94.000000,0.565838,0.058763,0.228387,0.176893,0.519919,0.593523,0.728148,0.000000,0.228387,1.000000,0.000000,0.000000,5.523678,inf,2625984,2625984,55872,,False,3.704642,3.704642,155.957447
243,105,105.000000,0.584432,0.051641,0.202654,0.123046,0.490600,0.565198,0.876180,0.000000,0.202654,1.000000,0.000000,0.000000,5.422312,inf,2933280,2933280,55872,,False,3.725940,3.725939,172.019048
244,96,96.000000,0.581311,0.053569,0.209589,0.151150,0.453772,0.527386,0.714676,0.000000,0.209589,1.000000,0.000000,0.000000,5.142579,inf,2681856,2681856,55872,,False,3.748548,3.748548,171.208333
245,92,92.000000,0.553371,0.057057,0.226342,0.145059,0.505240,0.650497,0.767096,0.000000,0.226342,1.000000,0.000000,0.000000,5.249286,inf,2570112,2570112,55872,,False,3.772329,3.772329,153.728261
246,98,98.000000,0.550681,0.058883,0.251803,0.200149,0.524444,0.587861,0.940128,0.000000,0.251803,1.000000,0.000000,0.000000,5.770510,inf,2737728,2737728,55872,,False,3.797176,3.797176,157.734694
247,101,101.000000,0.555671,0.054944,0.233417,0.156764,0.497983,0.603722,0.749219,0.000000,0.233417,1.000000,0.000000,0.000000,5.549356,inf,2821536,2821536,55872,,False,3.820513,3.820513,164.217822
248,86,86.000000,0.576833,0.058078,0.223866,0.183684,0.480792,0.531462,0.823739,0.000000,0.223866,1.000000,0.000000,0.000000,4.994717,inf,2402496,2402496,55872,,False,3.843563,3.843563,169.348837
249,103,103.000000,0.541097,0.062932,0.264833,0.230642,0.538656,0.610593,0.807948,0.000000,0.264833,1.000000,0.000000,0.000000,6.481995,inf,2877408,2877408,55872,,False,3.870038,3.870038,150.679612
250,102,102.000000,0.545891,0.059913,0.249573,0.205051,0.499638,0.582254,1.218376,0.000000,0.249573,1.000000,0.000000,0.000000,6.111128,inf,2849472,2849472,55872,,False,3.895566,3.895566,181.098039
251,103,103.000000,0.559065,0.051973,0.215877,0.138638,0.482755,0.537939,0.750295,0.000000,0.215877,1.000000,0.000000,0.000000,5.353176,inf,2877408,2877408,55872,,False,3.917546,3.917546,167.184466
252,99,99.000000,0.557256,0.056543,0.242415,0.205476,0.507695,0.576090,0.662485,0.000000,0.242415,1.000000,0.000000,0.000000,5.597740,inf,2765664,2765664,55872,,False,3.941013,3.941013,143.303030
253,86,86.000000,0.542355,0.056938,0.240334,0.133258,0.525226,0.613350,0.774450,0.000000,0.240334,1.000000,0.000000,0.000000,4.896644,inf,2402496,2402496,55872,,False,3.963764,3.963764,167.104651
254,95,95.000000,0.529731,0.056956,0.241558,0.164019,0.555852,0.583554,0.713434,0.000000,0.241558,1.000000,0.000000,0.000000,5.410783,inf,2653920,2653920,55872,,False,3.988230,3.988230,166.073684
255,108,108.000000,0.537635,0.058292,0.251029,0.207682,0.510094,0.560676,0.840183,0.000000,0.251029,1.000000,0.000000,0.000000,6.295566,inf,3017088,3017088,55872,,False,4.012774,4.012774,160.231481
256,83,83.000000,0.555775,0.052854,0.206063,0.143870,0.461139,0.486026,0.627286,0.000000,0.206063,1.000000,0.000000,0.000000,4.386906,inf,2318688,2318688,55872,,False,4.034578,4.034578,209.228916
257,102,102.000000,0.526663,0.058446,0.266090,0.180302,0.555725,0.641992,1.118430,0.000000,0.266090,1.000000,0.000000,0.000000,5.961521,inf,2849472,2849472,55872,,False,4.058648,4.058648,170.049020
258,107,107.000000,0.534929,0.057513,0.284239,0.232859,0.629385,0.683984,0.966028,0.000000,0.284239,1.000000,0.000000,0.000000,6.153870,inf,2989152,2989152,55872,,False,4.081686,4.081686,159.588785
259,86,86.000000,0.527302,0.063670,0.269048,0.235955,0.531152,0.579623,0.812308,0.000000,0.269048,1.000000,0.000000,0.000000,5.475632,inf,2402496,2402496,55872,,False,4.108039,4.108039,166.965116
260,96,96.000000,0.504417,0.062790,0.300419,0.238669,0.588050,0.693838,0.871681,0.000000,0.300419,1.000000,0.000000,0.000000,6.027875,inf,2681856,2681856,55872,,False,4.133852,4.133852,134.760417
261,94,94.000000,0.505274,0.063063,0.294865,0.245197,0.564059,0.668386,1.227540,0.000000,0.294865,1.000000,0.000000,0.000000,5.927901,inf,2625984,2625984,55872,,False,4.159772,4.159772,152.691489
262,93,93.000000,0.506308,0.065784,0.293918,0.249698,0.541133,0.653018,0.975505,0.000000,0.293918,1.000000,0.000000,0.000000,6.117892,inf,2598048,2598048,55872,,False,4.186872,4.186872,166.096774
263,79,79.000000,0.446788,0.074189,0.335018,0.373820,0.605043,0.728581,0.977111,0.000000,0.335018,1.000000,0.000000,0.000000,5.860934,inf,2206944,2206944,55872,,False,4.217169,4.217169,146.303797
264,97,97.000000,0.511600,0.061289,0.274009,0.216877,0.588070,0.638644,0.694750,0.000000,0.274009,1.000000,0.000000,0.000000,5.944990,inf,2709792,2709792,55872,,False,4.241945,4.241945,160.144330
265,104,104.000000,0.471845,0.066792,0.310866,0.287300,0.571053,0.622617,1.067133,0.000000,0.310866,1.000000,0.000000,0.000000,6.946330,inf,2905344,2905344,55872,,False,4.271393,4.271394,152.913462
266,79,79.000000,0.459898,0.068134,0.333461,0.327314,0.643157,0.682410,0.772498,0.000000,0.333461,1.000000,0.000000,0.000000,5.382570,inf,2206944,2206944,55872,,False,4.297994,4.297994,120.531646
267,89,89.000000,0.498895,0.064348,0.295569,0.287493,0.581095,0.651495,0.813640,0.000000,0.295569,1.000000,0.000000,0.000000,5.727002,inf,2486304,2486304,55872,,False,4.323650,4.323650,158.359551
268,80,80.000000,0.471699,0.066321,0.307121,0.286408,0.560411,0.624844,0.687142,0.000000,0.307121,1.000000,0.000000,0.000000,5.305696,inf,2234880,2234880,55872,,False,4.349566,4.349566,142.675000
269,89,89.000000,0.486012,0.059695,0.285297,0.227641,0.557199,0.622018,1.029088,0.000000,0.285297,1.000000,0.000000,0.000000,5.312882,inf,2486304,2486304,55872,,False,4.373070,4.373070,186.483146
270,97,97.000000,0.491173,0.061170,0.297508,0.274049,0.552161,0.597691,0.772808,0.000000,0.297508,1.000000,0.000000,0.000000,5.933458,inf,2709792,2709792,55872,,False,4.397238,4.397238,152.793814
271,100,100.000000,0.477983,0.065341,0.332115,0.326757,0.612862,0.670188,0.909101,0.000000,0.332115,1.000000,0.000000,0.000000,6.534051,inf,2793600,2793600,55872,,False,4.423531,4.423531,165.070000
272,103,103.000000,0.459952,0.064283,0.323005,0.307439,0.609805,0.713193,0.834665,0.000000,0.323005,1.000000,0.000000,0.000000,6.621128,inf,2877408,2877408,55872,,False,4.447877,4.447877,156.640777
273,83,83.000000,0.445546,0.067313,0.335849,0.353062,0.593754,0.619639,0.743630,0.000000,0.335849,1.000000,0.000000,0.000000,5.587002,inf,2318688,2318688,55872,,False,4.473096,4.473096,145.698795
274,94,94.000000,0.441709,0.065686,0.314867,0.283705,0.577185,0.629880,0.925154,0.000000,0.314867,1.000000,0.000000,0.000000,6.174492,inf,2625984,2625984,55872,,False,4.500477,4.500477,177.893617
275,90,90.000000,0.447226,0.069809,0.351163,0.337618,0.646455,0.705575,0.976950,0.000000,0.351163,1.000000,0.000000,0.000000,6.282769,inf,2514240,2514240,55872,,False,4.528315,4.528315,160.077778
276,104,104.000000,0.433580,0.067328,0.338749,0.376623,0.578572,0.629077,0.869272,0.000000,0.338749,1.000000,0.000000,0.000000,7.002113,inf,2905344,2905344,55872,,False,4.554134,4.554134,156.557692
277,92,92.000000,0.447788,0.064937,0.323573,0.272295,0.625263,0.642176,0.940525,0.000000,0.323573,1.000000,0.000000,0.000000,5.974195,inf,2570112,2570112,55872,,False,4.579545,4.579545,162.510870
278,94,94.000000,0.468095,0.061819,0.325259,0.295489,0.606426,0.733882,1.128536,0.000000,0.325259,1.000000,0.000000,0.000000,5.810988,inf,2625984,2625984,55872,,False,4.602660,4.602660,164.500000
279,103,103.000000,0.488159,0.062411,0.310122,0.265962,0.536673,0.663100,0.970458,0.000000,0.310122,1.000000,0.000000,0.000000,6.428361,inf,2877408,2877408,55872,,False,4.624784,4.624785,202.203883
280,98,98.000000,0.461217,0.064881,0.331096,0.282589,0.628593,0.743232,1.175060,0.000000,0.331096,1.000000,0.000000,0.000000,6.358378,inf,2737728,2737728,55872,,False,4.646085,4.646085,181.714286
281,96,96.000000,0.434609,0.067950,0.358012,0.358718,0.640588,0.689819,0.982976,0.000000,0.358012,1.000000,0.000000,0.000000,6.523211,inf,2681856,2681856,55872,,False,4.670698,4.670698,155.072917
282,85,85.000000,0.425450,0.065391,0.339191,0.336797,0.629631,0.681645,0.748799,0.000000,0.339191,1.000000,0.000000,0.000000,5.558205,inf,2374560,2374560,55872,,False,4.694459,4.694459,163.035294
283,92,92.000000,0.407414,0.070971,0.374394,0.369078,0.663934,0.755813,0.815369,0.000000,0.374394,1.000000,0.000000,0.000000,6.529358,inf,2570112,2570112,55872,,False,4.720637,4.720637,145.336957
284,114,114.000000,0.423779,0.063904,0.349200,0.339297,0.604817,0.642422,0.891220,0.000000,0.349200,1.000000,0.000000,0.000000,7.285077,inf,3184704,3184704,55872,,False,4.745593,4.745593,147.201754
285,102,102.000000,0.426304,0.069203,0.383467,0.369230,0.643765,0.738360,0.958406,0.000000,0.383467,1.000000,0.000000,0.000000,7.058681,inf,2849472,2849472,55872,,False,4.769719,4.769719,160.009804
286,97,97.000000,0.386694,0.066940,0.379328,0.367256,0.628851,0.676825,0.991325,0.000000,0.379328,1.000000,0.000000,0.000000,6.493223,inf,2709792,2709792,55872,,False,4.793810,4.793810,149.051546
287,90,90.000000,0.434364,0.068550,0.354764,0.381025,0.608533,0.719763,0.897852,0.000000,0.354764,1.000000,0.000000,0.000000,6.169499,inf,2514240,2514240,55872,,False,4.817386,4.817386,164.377778
288,96,96.000000,0.400395,0.070240,0.369704,0.357469,0.610401,0.682367,0.791065,0.000000,0.369704,1.000000,0.000000,0.000000,6.743021,inf,2681856,2681856,55872,,False,4.843626,4.843626,171.500000
289,98,98.000000,0.425112,0.067733,0.372913,0.343328,0.676847,0.743730,1.038684,0.000000,0.372913,1.000000,0.000000,0.000000,6.637839,inf,2737728,2737728,55872,,False,4.867973,4.867973,150.163265
290,97,97.000000,0.411371,0.068826,0.401298,0.396713,0.672151,0.764309,2.275225,0.000000,0.401298,1.000000,0.000000,0.000000,6.676090,inf,2709792,2709792,55872,,False,4.890548,4.890548,159.845361
291,90,90.000000,0.404868,0.064919,0.364883,0.321737,0.671063,0.741820,1.180284,0.000000,0.364883,1.000000,0.000000,0.000000,5.842744,inf,2514240,2514240,55872,,False,4.912316,4.912316,166.244444
292,76,76.000000,0.388355,0.076551,0.454075,0.434103,0.839907,0.930749,1.635304,0.000000,0.454075,1.000000,0.000000,0.000000,5.817869,inf,2123136,2123136,55872,,False,4.932451,4.932451,147.342105
293,96,96.000000,0.397243,0.065906,0.374678,0.333365,0.640883,0.758740,0.958181,0.000000,0.374678,1.000000,0.000000,0.000000,6.327012,inf,2681856,2681856,55872,,False,4.955834,4.955834,163.968750
294,83,83.000000,0.398740,0.067358,0.378068,0.326714,0.655161,0.777674,0.880746,0.000000,0.378068,1.000000,0.000000,0.000000,5.590681,inf,2318688,2318688,55872,,False,4.977806,4.977806,178.771084
295,100,100.000000,0.385887,0.067007,0.402958,0.403066,0.662476,0.781914,1.021908,0.000000,0.402958,1.000000,0.000000,0.000000,6.700720,inf,2793600,2793600,55872,,False,5.000668,5.000668,161.460000
296,93,93.000000,0.401110,0.072593,0.387254,0.369524,0.678635,0.755737,0.868404,0.000000,0.387254,1.000000,0.000000,0.000000,6.751141,inf,2598048,2598048,55872,,False,5.024975,5.024975,180.666667
297,95,95.000000,0.373222,0.063499,0.378194,0.341401,0.639154,0.700137,0.853298,0.000000,0.378194,1.000000,0.000000,0.000000,6.032401,inf,2653920,2653920,55872,,False,5.048289,5.048289,156.231579
298,87,87.000000,0.359454,0.069659,0.399128,0.401678,0.641317,0.736778,1.043819,0.000000,0.399128,1.000000,0.000000,0.000000,6.060300,inf,2430432,2430432,55872,,False,5.072915,5.072915,163.149425
299,96,96.000000,0.381876,0.070448,0.406311,0.374666,0.717462,0.820897,1.165725,0.000000,0.406311,1.000000,0.000000,0.000000,6.762989,inf,2681856,2681856,55872,,False,5.094883,5.094883,167.937500
300,108,108.000000,0.361322,0.070227,0.421703,0.403617,0.669641,0.744787,1.418435,0.000000,0.421703,1.000000,0.000000,0.000000,7.584496,inf,3017088,3017088,55872,,False,5.118070,5.118070,162.814815
301,104,104.000000,0.389714,0.069888,0.387698,0.346488,0.700826,0.777045,0.983456,0.000000,0.387698,1.000000,0.000000,0.000000,7.268384,inf,2905344,2905344,55872,,False,5.139838,5.139838,181.298077
302,87,87.000000,0.348851,0.070287,0.419862,0.414301,0.684728,0.754878,0.924373,0.000000,0.419862,1.000000,0.000000,0.000000,6.114929,inf,2430432,2430432,55872,,False,5.163801,5.163801,155.080460
303,89,89.000000,0.339566,0.068103,0.436815,0.407458,0.706035,0.856605,1.249193,0.000000,0.436815,1.000000,0.000000,0.000000,6.061179,inf,2486304,2486304,55872,,False,5.185967,5.185967,145.966292
304,116,116.000000,0.370094,0.062276,0.419835,0.356651,0.712506,0.895409,1.493430,0.000000,0.419835,1.000000,0.000000,0.000000,7.224021,inf,3240576,3240576,55872,,False,5.206451,5.206451,178.181034
305,98,98.000000,0.358153,0.068536,0.421662,0.383617,0.659566,0.885978,1.263268,0.000000,0.421662,1.000000,0.000000,0.000000,6.716552,inf,2737728,2737728,55872,,False,5.229234,5.229234,161.775510
306,104,104.000000,0.345992,0.066820,0.397443,0.378327,0.647639,0.757314,0.999320,0.000000,0.397443,1.000000,0.000000,0.000000,6.949289,inf,2905344,2905344,55872,,False,5.252648,5.252648,182.336538
307,106,106.000000,0.317251,0.064258,0.445653,0.423535,0.711340,0.835233,1.180430,0.000000,0.445653,1.000000,0.000000,0.000000,6.811313,inf,2961216,2961216,55872,,False,5.274375,5.274375,157.075472
308,96,96.000000,0.329141,0.067724,0.475699,0.476555,0.774892,0.868975,1.387070,0.000000,0.475699,1.000000,0.000000,0.000000,6.501528,inf,2681856,2681856,55872,,False,5.291861,5.291861,132.812500
309,92,92.000000,0.347378,0.069324,0.434602,0.426646,0.693429,0.740175,0.956816,0.000000,0.434602,1.000000,0.000000,0.000000,6.377841,inf,2570112,2570112,55872,,False,5.312659,5.312660,157.358696
310,110,110.000000,0.327700,0.069473,0.416336,0.387919,0.641843,0.798073,1.070168,0.000000,0.416336,1.000000,0.000000,0.000000,7.642014,inf,3072960,3072960,55872,,False,5.333576,5.333576,161.654545
311,97,97.000000,0.357019,0.071970,0.455715,0.410394,0.739225,0.824566,1.506050,0.000000,0.455715,1.000000,0.000000,0.000000,6.981111,inf,2709792,2709792,55872,,False,5.353136,5.353136,178.927835
312,87,87.000000,0.337517,0.070736,0.441214,0.417392,0.725115,0.863000,1.320197,0.000000,0.441214,1.000000,0.000000,0.000000,6.154007,inf,2430432,2430432,55872,,False,5.372833,5.372833,176.459770
313,86,86.000000,0.368851,0.065262,0.391068,0.342806,0.673849,0.762906,1.055015,0.000000,0.391068,1.000000,0.000000,0.000000,5.612563,inf,2402496,2402496,55872,,False,5.392867,5.392867,207.081395
314,90,90.000000,0.331763,0.071379,0.460208,0.436445,0.744215,0.833161,1.497178,0.000000,0.460208,1.000000,0.000000,0.000000,6.424150,inf,2514240,2514240,55872,,False,5.411038,5.411038,154.366667
315,96,96.000000,0.301501,0.071321,0.461351,0.424396,0.728942,0.861608,1.140116,0.000000,0.461351,1.000000,0.000000,0.000000,6.846838,inf,2681856,2681856,55872,,False,5.433210,5.433210,155.645833
316,99,99.000000,0.353595,0.067240,0.416572,0.371164,0.718900,0.782451,1.343138,0.000000,0.416572,1.000000,0.000000,0.000000,6.656745,inf,2765664,2765664,55872,,False,5.452297,5.452297,188.515152
317,86,86.000000,0.333078,0.069774,0.424068,0.382553,0.697923,0.852315,1.212473,0.000000,0.424068,1.000000,0.000000,0.000000,6.000528,inf,2402496,2402496,55872,,False,5.473368,5.473368,203.906977
318,92,92.000000,0.306838,0.064779,0.441679,0.420867,0.667005,0.777490,1.043521,0.000000,0.441679,1.000000,0.000000,0.000000,5.959641,inf,2570112,2570112,55872,,False,5.492356,5.492356,164.663043
319,104,104.000000,0.296107,0.064633,0.456322,0.434090,0.720527,0.849735,1.063781,0.000000,0.456322,1.000000,0.000000,0.000000,6.721834,inf,2905344,2905344,55872,,False,5.510348,5.510348,159.048077
320,91,91.000000,0.264187,0.071052,0.476839,0.423084,0.802024,0.948227,1.930808,0.000000,0.476839,1.000000,0.000000,0.000000,6.465762,inf,2542176,2542176,55872,,False,5.528984,5.528985,143.923077
321,106,106.000000,0.276183,0.061989,0.438443,0.408076,0.711583,0.787230,1.203310,0.000000,0.438443,1.000000,0.000000,0.000000,6.570865,inf,2961216,2961216,55872,,False,5.548974,5.548973,161.716981
322,102,102.000000,0.291949,0.064449,0.467460,0.462967,0.768688,0.829063,1.140680,0.000000,0.467460,1.000000,0.000000,0.000000,6.573770,inf,2849472,2849472,55872,,False,5.565757,5.565757,164.352941
323,85,85.000000,0.302120,0.071536,0.500627,0.451994,0.797046,0.939023,1.630039,0.000000,0.500627,1.000000,0.000000,0.000000,6.080573,inf,2374560,2374560,55872,,False,5.582473,5.582474,149.517647
324,82,82.000000,0.284946,0.067712,0.460250,0.451583,0.683295,0.791930,1.225152,0.000000,0.460250,1.000000,0.000000,0.000000,5.552415,inf,2290752,2290752,55872,,False,5.599875,5.599875,157.829268
325,104,104.000000,0.280680,0.064417,0.486215,0.418240,0.781429,0.848042,1.442680,0.000000,0.486215,1.000000,0.000000,0.000000,6.699344,inf,2905344,2905344,55872,,False,5.616090,5.616090,159.740385
326,91,91.000000,0.318860,0.069448,0.457501,0.411773,0.750370,0.838362,1.487140,0.000000,0.457501,1.000000,0.000000,0.000000,6.319764,inf,2542176,2542176,55872,,False,5.632694,5.632694,176.692308
327,106,106.000000,0.271169,0.062670,0.469398,0.451275,0.746536,0.809320,1.186675,0.000000,0.469398,1.000000,0.000000,0.000000,6.643028,inf,2961216,2961216,55872,,False,5.649722,5.649722,156.198113
328,91,91.000000,0.301313,0.072245,0.525236,0.464523,0.835496,0.941626,1.299303,0.000000,0.525236,1.000000,0.000000,0.000000,6.574288,inf,2542176,2542176,55872,,False,5.665202,5.665202,157.175824
329,86,86.000000,0.294846,0.070455,0.500653,0.460191,0.782367,0.902000,1.570764,0.000000,0.500653,1.000000,0.000000,0.000000,6.059109,inf,2402496,2402496,55872,,False,5.681264,5.681263,154.279070
330,105,105.000000,0.298626,0.066504,0.471635,0.409964,0.775252,0.884129,1.637341,0.000000,0.471635,1.000000,0.000000,0.000000,6.982940,inf,2933280,2933280,55872,,False,5.697588,5.697588,157.123810
331,78,78.000000,0.308444,0.072390,0.513126,0.469730,0.911408,1.069110,1.333297,0.000000,0.513126,1.000000,0.000000,0.000000,5.646412,inf,2179008,2179008,55872,,False,5.709737,5.709737,189.000000
332,94,94.000000,0.281662,0.067838,0.516605,0.482515,0.898240,0.969156,1.447306,0.000000,0.516605,1.000000,0.000000,0.000000,6.376762,inf,2625984,2625984,55872,,False,5.723460,5.723460,143.361702
333,84,84.000000,0.284754,0.070338,0.490270,0.477621,0.761539,0.830126,1.439759,0.000000,0.490270,1.000000,0.000000,0.000000,5.908420,inf,2346624,2346624,55872,,False,5.737155,5.737156,172.880952
334,114,114.000000,0.292719,0.064541,0.505579,0.461012,0.833850,0.946931,1.752756,0.000000,0.505579,1.000000,0.000000,0.000000,7.357651,inf,3184704,3184704,55872,,False,5.750058,5.750058,167.938596
335,84,84.000000,0.283961,0.066906,0.472079,0.428904,0.723362,0.895246,1.312369,0.000000,0.472079,1.000000,0.000000,0.000000,5.620139,inf,2346624,2346624,55872,,False,5.765082,5.765082,171.023810
336,97,97.000000,0.288961,0.066755,0.495330,0.441195,0.826869,1.051051,1.568102,0.000000,0.495330,1.000000,0.000000,0.000000,6.475226,inf,2709792,2709792,55872,,False,5.780437,5.780437,165.175258
337,105,105.000000,0.285633,0.062191,0.482839,0.465461,0.776178,0.894402,1.093858,0.000000,0.482839,1.000000,0.000000,0.000000,6.530081,inf,2933280,2933280,55872,,False,5.794131,5.794131,186.142857
338,103,103.000000,0.252793,0.064402,0.516066,0.464043,0.777848,1.034374,1.240097,0.000000,0.516066,1.000000,0.000000,0.000000,6.633391,inf,2877408,2877408,55872,,False,5.806248,5.806248,135.854369
339,96,96.000000,0.266619,0.062196,0.470273,0.418998,0.760773,0.904894,1.832437,0.000000,0.470273,1.000000,0.000000,0.000000,5.970788,inf,2681856,2681856,55872,,False,5.818614,5.818614,164.875000
340,96,96.000000,0.274406,0.072869,0.560715,0.518440,0.921816,1.113445,1.909415,0.000000,0.560715,1.000000,0.000000,0.000000,6.995467,inf,2681856,2681856,55872,,False,5.829860,5.829859,142.927083
341,115,115.000000,0.292599,0.063674,0.539268,0.495651,0.842271,1.111219,1.371477,0.000000,0.539268,1.000000,0.000000,0.000000,7.322498,inf,3212640,3212640,55872,,False,5.840590,5.840590,157.069565
342,94,94.000000,0.276125,0.063931,0.502142,0.445747,0.781222,0.842418,1.763138,0.000000,0.502142,1.000000,0.000000,0.000000,6.009526,inf,2625984,2625984,55872,,False,5.852057,5.852057,169.606383
343,102,102.000000,0.283719,0.070497,0.552481,0.478689,1.012493,1.108799,1.691220,0.000000,0.552481,1.000000,0.000000,0.000000,7.190684,inf,2849472,2849472,55872,,False,5.861741,5.861741,176.176471
344,88,88.000000,0.243406,0.069770,0.538024,0.472951,0.883996,1.099020,1.264919,0.000000,0.538024,1.000000,0.000000,0.000000,6.139772,inf,2458368,2458368,55872,,False,5.874460,5.874460,141.954545
345,106,106.000000,0.269930,0.064038,0.499887,0.485678,0.727272,0.929984,1.386210,0.000000,0.499887,1.000000,0.000000,0.000000,6.788071,inf,2961216,2961216,55872,,False,5.887847,5.887847,166.528302
346,107,107.000000,0.261766,0.067685,0.542431,0.463318,0.925621,1.109036,1.702310,0.000000,0.542431,1.000000,0.000000,0.000000,7.242246,inf,2989152,2989152,55872,,False,5.898370,5.898370,150.915888
347,88,88.000000,0.272564,0.065179,0.485312,0.426926,0.803097,0.872307,1.365968,0.000000,0.485312,1.000000,0.000000,0.000000,5.735756,inf,2458368,2458368,55872,,False,5.911901,5.911901,167.795455
348,98,98.000000,0.285078,0.064712,0.525870,0.494682,0.744602,1.025954,1.537186,0.000000,0.525870,1.000000,0.000000,0.000000,6.341799,inf,2737728,2737728,55872,,False,5.923118,5.923118,171.061224
349,103,103.000000,0.252651,0.065427,0.506737,0.473873,0.805443,0.910842,1.431078,0.000000,0.506737,1.000000,0.000000,0.000000,6.739002,inf,2877408,2877408,55872,,False,5.936673,5.936673,165.339806
350,87,87.000000,0.250366,0.076055,0.583983,0.513811,0.967134,1.116083,1.555403,0.000000,0.583983,1.000000,0.000000,0.000000,6.616824,inf,2430432,2430432,55872,,False,5.944832,5.944832,148.241379
351,93,93.000000,0.278328,0.073114,0.548161,0.501415,0.824724,0.971619,1.405692,0.000000,0.548161,1.000000,0.000000,0.000000,6.799603,inf,2598048,2598048,55872,,False,5.952628,5.952628,164.591398
352,94,94.000000,0.270947,0.066616,0.539404,0.479398,0.865853,0.992315,1.907924,0.000000,0.539404,1.000000,0.000000,0.000000,6.261932,inf,2625984,2625984,55872,,False,5.963786,5.963786,171.138298
353,90,90.000000,0.269317,0.067811,0.563749,0.498082,0.889574,1.046080,1.799338,0.000000,0.563749,1.000000,0.000000,0.000000,6.103017,inf,2514240,2514240,55872,,False,5.973835,5.973835,147.744444
354,85,85.000000,0.258237,0.070492,0.530731,0.501723,0.822721,0.990165,1.302799,0.000000,0.530731,1.000000,0.000000,0.000000,5.991808,inf,2374560,2374560,55872,,False,5.984334,5.984334,166.211765
355,109,109.000000,0.219229,0.059920,0.516128,0.496265,0.841578,0.930692,1.172457,0.000000,0.516128,1.000000,0.000000,0.000000,6.531256,inf,3045024,3045024,55872,,False,5.995844,5.995844,141.036697
356,82,82.000000,0.268063,0.071169,0.553753,0.509091,0.904151,1.044280,1.907520,0.000000,0.553753,1.000000,0.000000,0.000000,5.835876,inf,2290752,2290752,55872,,False,6.004714,6.004714,177.560976
357,94,94.000000,0.244319,0.064640,0.553890,0.482962,0.924370,1.136271,1.891960,0.000000,0.553890,1.000000,0.000000,0.000000,6.076114,inf,2625984,2625984,55872,,False,6.015726,6.015726,151.085106
358,82,82.000000,0.264498,0.070288,0.538093,0.502567,0.888677,1.078951,1.570147,0.000000,0.538093,1.000000,0.000000,0.000000,5.763650,inf,2290752,2290752,55872,,False,6.023635,6.023635,164.536585
359,86,86.000000,0.250866,0.069950,0.542572,0.495012,0.898993,0.949495,1.537659,0.000000,0.542572,1.000000,0.000000,0.000000,6.015714,inf,2402496,2402496,55872,,False,6.032588,6.032588,148.906977
360,93,93.000000,0.247904,0.066970,0.566213,0.502097,0.889989,1.041059,1.312953,0.000000,0.566213,1.000000,0.000000,0.000000,6.228239,inf,2598048,2598048,55872,,False,6.040638,6.040638,153.215054
361,109,109.000000,0.253278,0.065748,0.554805,0.491423,0.833140,1.170823,1.589170,0.000000,0.554805,1.000000,0.000000,0.000000,7.166549,inf,3045024,3045024,55872,,False,6.050293,6.050293,151.119266
362,100,100.000000,0.260630,0.064648,0.538253,0.467644,0.886668,1.035539,1.533048,0.000000,0.538253,1.000000,0.000000,0.000000,6.464754,inf,2793600,2793600,55872,,False,6.059026,6.059026,175.700000
363,84,84.000000,0.258849,0.068004,0.507804,0.481083,0.837667,0.883769,0.998701,0.000000,0.507804,1.000000,0.000000,0.000000,5.712368,inf,2346624,2346624,55872,,False,6.068865,6.068865,200.440476
364,101,101.000000,0.230673,0.061645,0.523407,0.485666,0.802876,0.927542,1.232253,0.000000,0.523407,1.000000,0.000000,0.000000,6.226137,inf,2821536,2821536,55872,,False,6.079067,6.079067,172.396040
365,107,107.000000,0.277316,0.065562,0.521071,0.478404,0.826146,0.904410,1.747861,0.000000,0.521071,1.000000,0.000000,0.000000,7.015134,inf,2989152,2989152,55872,,False,6.087797,6.087797,185.757009
366,90,90.000000,0.252599,0.063079,0.516055,0.468299,0.751142,0.942151,1.591302,0.000000,0.516055,1.000000,0.000000,0.000000,5.677109,inf,2514240,2514240,55872,,False,6.097009,6.097009,179.833333
367,94,94.000000,0.241092,0.067907,0.581231,0.525792,0.963972,1.077185,1.237835,0.000000,0.581231,1.000000,0.000000,0.000000,6.383258,inf,2625984,2625984,55872,,False,6.105396,6.105396,155.457447
368,90,90.000000,0.235145,0.068415,0.557695,0.501554,0.865564,1.190126,1.820342,0.000000,0.557695,1.000000,0.000000,0.000000,6.157330,inf,2514240,2514240,55872,,False,6.112371,6.112371,144.433333
369,93,93.000000,0.254022,0.066652,0.535606,0.492613,0.802879,0.922376,1.388787,0.000000,0.535606,1.000000,0.000000,0.000000,6.198633,inf,2598048,2598048,55872,,False,6.121564,6.121563,154.516129
370,91,91.000000,0.210176,0.062723,0.480176,0.436774,0.731929,0.821761,2.488479,0.000000,0.480176,1.000000,0.000000,0.000000,5.707754,inf,2542176,2542176,55872,,False,6.132045,6.132045,165.890110
371,80,80.000000,0.232917,0.068983,0.549585,0.487184,0.924200,1.004132,1.265103,0.000000,0.549585,1.000000,0.000000,0.000000,5.518616,inf,2234880,2234880,55872,,False,6.140750,6.140750,154.062500
372,92,92.000000,0.245171,0.074451,0.587349,0.508401,0.987161,1.085483,2.367395,0.000000,0.587349,1.000000,0.000000,0.000000,6.849460,inf,2570112,2570112,55872,,False,6.149125,6.149124,163.260870
373,80,80.000000,0.237826,0.068252,0.551779,0.488347,0.903053,0.986869,1.479419,0.000000,0.551779,1.000000,0.000000,0.000000,5.460132,inf,2234880,2234880,55872,,False,6.157291,6.157291,164.375000
374,90,90.000000,0.249480,0.066623,0.548261,0.518591,0.869049,0.982671,1.180057,0.000000,0.548261,1.000000,0.000000,0.000000,5.996089,inf,2514240,2514240,55872,,False,6.164727,6.164727,171.544444
375,93,93.000000,0.225722,0.065717,0.559852,0.481161,0.920057,1.041845,1.578730,0.000000,0.559852,1.000000,0.000000,0.000000,6.111678,inf,2598048,2598048,55872,,False,6.173188,6.173188,155.354839
376,80,80.000000,0.221787,0.073285,0.566167,0.516934,0.936377,1.006072,1.593713,0.000000,0.566167,1.000000,0.000000,0.000000,5.862837,inf,2234880,2234880,55872,,False,6.182054,6.182054,175.687500
377,91,91.000000,0.246513,0.067809,0.551997,0.460234,0.895493,1.190445,1.558809,0.000000,0.551997,1.000000,0.000000,0.000000,6.170645,inf,2542176,2542176,55872,,False,6.189247,6.189247,165.087912
378,98,98.000000,0.235031,0.061792,0.548519,0.472017,0.748545,1.049672,1.817991,0.000000,0.548519,1.000000,0.000000,0.000000,6.055628,inf,2737728,2737728,55872,,False,6.198529,6.198529,178.479592
379,86,86.000000,0.240405,0.071848,0.563695,0.507035,0.876690,0.927533,2.047441,0.000000,0.563695,1.000000,0.000000,0.000000,6.178970,inf,2402496,2402496,55872,,False,6.206933,6.206933,155.546512
380,98,98.000000,0.251363,0.064070,0.566375,0.485548,0.943709,1.020338,1.292041,0.000000,0.566375,1.000000,0.000000,0.000000,6.278883,inf,2737728,2737728,55872,,False,6.213858,6.213858,170.142857
381,109,109.000000,0.235870,0.064005,0.594693,0.524110,0.962432,1.125293,1.613632,0.000000,0.594693,1.000000,0.000000,0.000000,6.976597,inf,3045024,3045024,55872,,False,6.220051,6.220052,148.412844
382,84,84.000000,0.261470,0.080030,0.595998,0.495164,0.868033,1.262497,2.095790,0.000000,0.595998,1.000000,0.000000,0.000000,6.722511,inf,2346624,2346624,55872,,False,6.226401,6.226400,186.321429
383,103,103.000000,0.211412,0.061502,0.574618,0.527819,0.896239,1.045259,1.608713,0.000000,0.574618,1.000000,0.000000,0.000000,6.334711,inf,2877408,2877408,55872,,False,6.233735,6.233735,143.398058
384,85,85.000000,0.231203,0.073115,0.606190,0.496199,1.090790,1.165191,1.565704,0.000000,0.606190,1.000000,0.000000,0.000000,6.214781,inf,2374560,2374560,55872,,False,6.240015,6.240015,153.623529
385,101,101.000000,0.249461,0.066219,0.553348,0.476137,0.903825,1.064385,1.923363,0.000000,0.553348,1.000000,0.000000,0.000000,6.688069,inf,2821536,2821536,55872,,False,6.247503,6.247503,171.881188
386,84,84.000000,0.229653,0.073660,0.614553,0.573566,0.955864,1.044032,1.814449,0.000000,0.614553,1.000000,0.000000,0.000000,6.187443,inf,2346624,2346624,55872,,False,6.255910,6.255911,137.285714
387,97,97.000000,0.216693,0.065325,0.570368,0.505498,0.906038,0.961026,1.332446,0.000000,0.570368,1.000000,0.000000,0.000000,6.336498,inf,2709792,2709792,55872,,False,6.262791,6.262790,158.206186
388,101,101.000000,0.240179,0.069414,0.573442,0.505117,0.879040,1.010397,2.090553,0.000000,0.573442,1.000000,0.000000,0.000000,7.010786,inf,2821536,2821536,55872,,False,6.269722,6.269722,165.742574
389,88,88.000000,0.231324,0.065801,0.550531,0.512674,0.871420,0.927561,1.523555,0.000000,0.550531,1.000000,0.000000,0.000000,5.790518,inf,2458368,2458368,55872,,False,6.277112,6.277112,152.284091
390,73,73.000000,0.257031,0.071423,0.525014,0.448428,0.814067,0.943732,1.379248,0.000000,0.525014,1.000000,0.000000,0.000000,5.213907,inf,2039328,2039328,55872,,False,6.284646,6.284646,190.095890
391,84,84.000000,0.228155,0.068163,0.557765,0.513084,0.903116,1.002931,1.122154,0.000000,0.557765,1.000000,0.000000,0.000000,5.725670,inf,2346624,2346624,55872,,False,6.290748,6.290748,142.642857
392,94,94.000000,0.247450,0.066335,0.550069,0.498906,0.865904,1.046828,1.566783,0.000000,0.550069,1.000000,0.000000,0.000000,6.235468,inf,2625984,2625984,55872,,False,6.297779,6.297779,178.574468
393,87,87.000000,0.229575,0.067450,0.559888,0.547646,0.836282,1.027619,1.172368,0.000000,0.559888,1.000000,0.000000,0.000000,5.868186,inf,2430432,2430432,55872,,False,6.304615,6.304615,146.862069
394,80,80.000000,0.225865,0.071325,0.552256,0.496059,0.862359,0.936726,1.563546,0.000000,0.552256,1.000000,0.000000,0.000000,5.706037,inf,2234880,2234880,55872,,False,6.312108,6.312107,163.650000
395,80,80.000000,0.239307,0.072136,0.566759,0.475225,0.948996,1.100965,2.142077,0.000000,0.566759,1.000000,0.000000,0.000000,5.770863,inf,2234880,2234880,55872,,False,6.319197,6.319197,186.862500
396,81,81.000000,0.224841,0.083631,0.639323,0.606526,1.006068,1.169261,2.443878,0.000000,0.639323,1.000000,0.000000,0.000000,6.774077,inf,2262816,2262816,55872,,False,6.323644,6.323644,139.518519
397,84,84.000000,0.227610,0.066587,0.542444,0.504607,0.819327,0.912133,1.158763,0.000000,0.542444,1.000000,0.000000,0.000000,5.593332,inf,2346624,2346624,55872,,False,6.329915,6.329915,157.845238
398,98,98.000000,0.248369,0.070721,0.633006,0.590201,0.961531,1.087393,1.352605,0.000000,0.633006,1.000000,0.000000,0.000000,6.930617,inf,2737728,2737728,55872,,False,6.334706,6.334705,141.795918
399,110,110.000000,0.236057,0.060028,0.563420,0.529406,0.849048,0.967228,1.220829,0.000000,0.563420,1.000000,0.000000,0.000000,6.603041,inf,3072960,3072960,55872,,False,6.340723,6.340724,173.890909
400,100,100.000000,0.226563,0.061982,0.572539,0.492789,0.913542,1.070967,1.271868,0.000000,0.572539,1.000000,0.000000,0.000000,6.198191,inf,2793600,2793600,55872,,False,6.345891,6.345891,169.790000
401,91,91.000000,0.232510,0.066121,0.564943,0.530100,0.883344,1.014043,1.750028,0.000000,0.564943,1.000000,0.000000,0.000000,6.017009,inf,2542176,2542176,55872,,False,6.352313,6.352313,163.890110
402,94,94.000000,0.229367,0.068623,0.565392,0.491932,0.876362,1.033071,2.260579,0.000000,0.565392,1.000000,0.000000,0.000000,6.450525,inf,2625984,2625984,55872,,False,6.359214,6.359214,178.585106
403,95,95.000000,0.245055,0.076096,0.643815,0.567801,1.008208,1.273677,1.642946,0.000000,0.643815,1.000000,0.000000,0.000000,7.229167,inf,2653920,2653920,55872,,False,6.362385,6.362384,159.326316
404,75,75.000000,0.227523,0.072263,0.569740,0.527919,0.907871,1.044344,1.210949,0.000000,0.569740,1.000000,0.000000,0.000000,5.419732,inf,2095200,2095200,55872,,False,6.370382,6.370382,176.986667
405,96,96.000000,0.212746,0.064435,0.577351,0.527335,0.864610,1.071756,1.383125,0.000000,0.577351,1.000000,0.000000,0.000000,6.185764,inf,2681856,2681856,55872,,False,6.376616,6.376616,150.947917
406,96,96.000000,0.223058,0.072772,0.646241,0.590411,0.963676,1.106953,1.510671,0.000000,0.646241,1.000000,0.000000,0.000000,6.986124,inf,2681856,2681856,55872,,False,6.381649,6.381649,133.260417
407,101,101.000000,0.210344,0.069078,0.618004,0.545379,1.049870,1.103214,1.787656,0.000000,0.618004,1.000000,0.000000,0.000000,6.976833,inf,2821536,2821536,55872,,False,6.388380,6.388380,149.663366
408,90,90.000000,0.220700,0.068319,0.585352,0.527218,0.941536,1.010247,2.025764,0.000000,0.585352,1.000000,0.000000,0.000000,6.148695,inf,2514240,2514240,55872,,False,6.394051,6.394051,159.322222
409,108,108.000000,0.211415,0.059238,0.558904,0.504421,0.830853,1.084473,1.587850,0.000000,0.558904,1.000000,0.000000,0.000000,6.397726,inf,3017088,3017088,55872,,False,6.399832,6.399833,159.472222
410,86,86.000000,0.223544,0.074631,0.626706,0.564718,0.971500,1.016341,1.750866,0.000000,0.626706,1.000000,0.000000,0.000000,6.418229,inf,2402496,2402496,55872,,False,6.404216,6.404216,142.662791
411,101,101.000000,0.213270,0.067643,0.609772,0.559082,0.969336,1.036759,2.198584,0.000000,0.609772,1.000000,0.000000,0.000000,6.831896,inf,2821536,2821536,55872,,False,6.410139,6.410139,151.168317
412,88,88.000000,0.227921,0.066156,0.560455,0.519693,0.853876,0.959357,1.441079,0.000000,0.560455,1.000000,0.000000,0.000000,5.821742,inf,2458368,2458368,55872,,False,6.416641,6.416641,174.727273
413,75,75.000000,0.235671,0.086008,0.638328,0.587007,1.093660,1.235182,2.307678,0.000000,0.638328,1.000000,0.000000,0.000000,6.450624,inf,2095200,2095200,55872,,False,6.420997,6.420996,170.573333
414,95,95.000000,0.237000,0.062766,0.539274,0.497913,0.835959,0.908235,1.438341,0.000000,0.539274,1.000000,0.000000,0.000000,5.962751,inf,2653920,2653920,55872,,False,6.427301,6.427301,190.084211
415,96,96.000000,0.216657,0.064362,0.589308,0.550693,0.866257,0.999003,1.431959,0.000000,0.589308,1.000000,0.000000,0.000000,6.178757,inf,2681856,2681856,55872,,False,6.432918,6.432917,152.364583
416,92,92.000000,0.212956,0.073911,0.641343,0.563108,0.997257,1.275187,1.781980,0.000000,0.641343,1.000000,0.000000,0.000000,6.799810,inf,2570112,2570112,55872,,False,6.437310,6.437310,148.695652
417,90,90.000000,0.238265,0.083366,0.647301,0.538158,1.088589,1.230183,3.435553,0.000000,0.647301,1.000000,0.000000,0.000000,7.502943,inf,2514240,2514240,55872,,False,6.441902,6.441902,184.755556
418,91,91.000000,0.218732,0.074266,0.633440,0.562547,1.045486,1.207711,1.597456,0.000000,0.633440,1.000000,0.000000,0.000000,6.758231,inf,2542176,2542176,55872,,False,6.447342,6.447342,158.219780
419,96,96.000000,0.217290,0.063754,0.565995,0.498005,0.905336,1.033186,1.688291,0.000000,0.565995,1.000000,0.000000,0.000000,6.120351,inf,2681856,2681856,55872,,False,6.454197,6.454197,178.385417
420,76,76.000000,0.217143,0.071255,0.584051,0.549393,0.956848,1.058406,1.377583,0.000000,0.584051,1.000000,0.000000,0.000000,5.415380,inf,2123136,2123136,55872,,False,6.460603,6.460604,163.855263
421,112,112.000000,0.226881,0.058949,0.543938,0.471805,0.860053,0.991844,1.571947,0.000000,0.543938,1.000000,0.000000,0.000000,6.602252,inf,3128832,3128832,55872,,False,6.467170,6.467170,185.526786
422,104,104.000000,0.200816,0.062305,0.595796,0.544570,0.921336,1.031900,1.105738,0.000000,0.595796,1.000000,0.000000,0.000000,6.479729,inf,2905344,2905344,55872,,False,6.473794,6.473794,145.173077
423,91,91.000000,0.217111,0.068728,0.591980,0.513275,0.910569,1.075300,1.668316,0.000000,0.591980,1.000000,0.000000,0.000000,6.254289,inf,2542176,2542176,55872,,False,6.479942,6.479942,165.000000
424,97,97.000000,0.211040,0.069209,0.599728,0.539181,0.925965,1.016872,1.687608,0.000000,0.599728,1.000000,0.000000,0.000000,6.713259,inf,2709792,2709792,55872,,False,6.485834,6.485834,157.886598
425,98,98.000000,0.205566,0.066702,0.602991,0.578780,0.911308,1.007751,1.473778,0.000000,0.602991,1.000000,0.000000,0.000000,6.536838,inf,2737728,2737728,55872,,False,6.491796,6.491796,153.653061
426,97,97.000000,0.209950,0.073210,0.624193,0.554869,0.990655,1.119350,2.326586,0.000000,0.624193,1.000000,0.000000,0.000000,7.101401,inf,2709792,2709792,55872,,False,6.497139,6.497138,163.969072
427,104,104.000000,0.237009,0.072902,0.651075,0.584107,1.064455,1.312581,2.312845,0.000000,0.651075,1.000000,0.000000,0.000000,7.581832,inf,2905344,2905344,55872,,False,6.500806,6.500806,171.375000
428,117,117.000000,0.199541,0.061987,0.601813,0.577584,0.895886,1.076266,1.591052,0.000000,0.601813,1.000000,0.000000,0.000000,7.252452,inf,3268512,3268512,55872,,False,6.505700,6.505700,134.641026
429,93,93.000000,0.210865,0.074944,0.641680,0.586311,0.955793,1.212315,1.767952,0.000000,0.641680,1.000000,0.000000,0.000000,6.969799,inf,2598048,2598048,55872,,False,6.511064,6.511064,136.623656
430,99,99.000000,0.195347,0.064891,0.627715,0.577679,0.954262,1.023339,1.453543,0.000000,0.627715,1.000000,0.000000,0.000000,6.424212,inf,2765664,2765664,55872,,False,6.516573,6.516573,144.101010
431,111,111.000000,0.214389,0.065581,0.613315,0.563708,0.955447,1.069080,1.855493,0.000000,0.613315,1.000000,0.000000,0.000000,7.279449,inf,3100896,3100896,55872,,False,6.521825,6.521824,172.459459
432,74,74.000000,0.210363,0.076431,0.592392,0.522548,0.963893,1.105395,2.087689,0.000000,0.592392,1.000000,0.000000,0.000000,5.655909,inf,2067264,2067264,55872,,False,6.528417,6.528417,178.864865
433,96,96.000000,0.211528,0.071298,0.605465,0.541673,0.912593,1.134714,2.179989,0.000000,0.605465,1.000000,0.000000,0.000000,6.844642,inf,2681856,2681856,55872,,False,6.535038,6.535039,170.635417
434,76,76.000000,0.228940,0.085884,0.633488,0.560682,0.908427,1.082703,2.873905,0.000000,0.633488,1.000000,0.000000,0.000000,6.527215,inf,2123136,2123136,55872,,False,6.538113,6.538113,160.657895
435,86,86.000000,0.220022,0.074139,0.622117,0.593334,0.971820,1.146777,1.505798,0.000000,0.622117,1.000000,0.000000,0.000000,6.375994,inf,2402496,2402496,55872,,False,6.542360,6.542360,185.302326
436,94,94.000000,0.223078,0.070290,0.609202,0.494441,1.132889,1.242862,1.614272,0.000000,0.609202,1.000000,0.000000,0.000000,6.607224,inf,2625984,2625984,55872,,False,6.545851,6.545851,177.042553
437,88,88.000000,0.221184,0.077424,0.636952,0.592909,1.048924,1.173946,1.458546,0.000000,0.636952,1.000000,0.000000,0.000000,6.813279,inf,2458368,2458368,55872,,False,6.549242,6.549242,153.715909
438,80,80.000000,0.217376,0.073058,0.604442,0.566917,0.890925,1.105068,1.429330,0.000000,0.604442,1.000000,0.000000,0.000000,5.844627,inf,2234880,2234880,55872,,False,6.554744,6.554743,153.175000
439,96,96.000000,0.220859,0.069639,0.605253,0.514778,1.044178,1.166700,1.695417,0.000000,0.605253,1.000000,0.000000,0.000000,6.685330,inf,2681856,2681856,55872,,False,6.557993,6.557993,172.458333
440,104,104.000000,0.218655,0.067793,0.625220,0.575772,0.941773,1.036660,1.786933,0.000000,0.625220,1.000000,0.000000,0.000000,7.050515,inf,2905344,2905344,55872,,False,6.561797,6.561797,161.836538
441,78,78.000000,0.199922,0.076526,0.642805,0.639918,0.924381,1.140558,1.756203,0.000000,0.642805,1.000000,0.000000,0.000000,5.969010,inf,2179008,2179008,55872,,False,6.565383,6.565383,119.871795
442,86,86.000000,0.208141,0.066835,0.591338,0.548188,0.893288,0.993846,1.435533,0.000000,0.591338,1.000000,0.000000,0.000000,5.747806,inf,2402496,2402496,55872,,False,6.570498,6.570498,173.441860
443,96,96.000000,0.217722,0.063412,0.562980,0.500523,0.841458,1.093856,1.707143,0.000000,0.562980,1.000000,0.000000,0.000000,6.087516,inf,2681856,2681856,55872,,False,6.574953,6.574953,168.385417
444,104,104.000000,0.212810,0.068548,0.623123,0.568339,0.996736,1.088777,1.336766,0.000000,0.623123,1.000000,0.000000,0.000000,7.128996,inf,2905344,2905344,55872,,False,6.578840,6.578840,157.423077
445,101,101.000000,0.224156,0.064090,0.575245,0.520292,0.811448,1.142710,1.639836,0.000000,0.575245,1.000000,0.000000,0.000000,6.473127,inf,2821536,2821536,55872,,False,6.584989,6.584989,192.673267
446,87,87.000000,0.194907,0.073682,0.613908,0.613649,0.890170,0.993557,1.732904,0.000000,0.613908,1.000000,0.000000,0.000000,6.410364,inf,2430432,2430432,55872,,False,6.590043,6.590043,153.862069
447,97,97.000000,0.213167,0.073395,0.633916,0.573159,1.013171,1.225508,1.573837,0.000000,0.633916,1.000000,0.000000,0.000000,7.119335,inf,2709792,2709792,55872,,False,6.594826,6.594826,155.628866
448,100,100.000000,0.234077,0.066515,0.604562,0.535851,0.976621,1.175712,1.872573,0.000000,0.604562,1.000000,0.000000,0.000000,6.651510,inf,2793600,2793600,55872,,False,6.598504,6.598504,175.910000
449,89,89.000000,0.227645,0.075022,0.639171,0.535210,1.044986,1.230212,2.051786,0.000000,0.639171,1.000000,0.000000,0.000000,6.676928,inf,2486304,2486304,55872,,False,6.601409,6.601410,180.955056
450,99,99.000000,0.219013,0.067887,0.619277,0.555077,0.991331,1.217750,1.494526,0.000000,0.619277,1.000000,0.000000,0.000000,6.720799,inf,2765664,2765664,55872,,False,6.606445,6.606445,157.959596
451,97,97.000000,0.199733,0.071554,0.606236,0.518424,0.955605,1.064030,2.418242,0.000000,0.606236,1.000000,0.000000,0.000000,6.940731,inf,2709792,2709792,55872,,False,6.612013,6.612013,174.814433
452,100,100.000000,0.200804,0.066680,0.640955,0.578364,1.041192,1.098774,1.401486,0.000000,0.640955,1.000000,0.000000,0.000000,6.668027,inf,2793600,2793600,55872,,False,6.616817,6.616817,143.560000
453,95,95.000000,0.223834,0.072125,0.660490,0.567297,1.139693,1.213122,1.832459,0.000000,0.660490,1.000000,0.000000,0.000000,6.851847,inf,2653920,2653920,55872,,False,6.619377,6.619377,162.042105
454,94,94.000000,0.210825,0.083787,0.687181,0.609755,1.078919,1.531307,2.258445,0.000000,0.687181,1.000000,0.000000,0.000000,7.875937,inf,2625984,2625984,55872,,False,6.622824,6.622824,154.776596
455,94,94.000000,0.211283,0.069636,0.606937,0.544371,0.960292,1.089832,1.553000,0.000000,0.606937,1.000000,0.000000,0.000000,6.545812,inf,2625984,2625984,55872,,False,6.626596,6.626596,164.840426
456,90,90.000000,0.203144,0.077711,0.665593,0.629580,1.059919,1.198794,1.483124,0.000000,0.665593,1.000000,0.000000,0.000000,6.994029,inf,2514240,2514240,55872,,False,6.631111,6.631111,136.333333
457,105,105.000000,0.202931,0.068194,0.617201,0.541921,0.929791,1.176004,1.888221,0.000000,0.617201,1.000000,0.000000,0.000000,7.160341,inf,2933280,2933280,55872,,False,6.636609,6.636609,168.066667
458,94,94.000000,0.225019,0.072001,0.633690,0.529212,1.027553,1.259187,2.003519,0.000000,0.633690,1.000000,0.000000,0.000000,6.768061,inf,2625984,2625984,55872,,False,6.639843,6.639844,165.553191
459,100,100.000000,0.206472,0.067723,0.604374,0.547329,0.999054,1.135543,1.989601,0.000000,0.604374,1.000000,0.000000,0.000000,6.772292,inf,2793600,2793600,55872,,False,6.644951,6.644951,165.720000
460,101,101.000000,0.214580,0.071511,0.638339,0.573131,0.979644,1.186061,1.506083,0.000000,0.638339,1.000000,0.000000,0.000000,7.222589,inf,2821536,2821536,55872,,False,6.649171,6.649172,161.663366
461,92,92.000000,0.205281,0.070101,0.626024,0.587313,0.998408,1.070670,1.646554,0.000000,0.626024,1.000000,0.000000,0.000000,6.449324,inf,2570112,2570112,55872,,False,6.654421,6.654420,161.869565
462,100,100.000000,0.208115,0.064415,0.615121,0.588325,0.922288,1.084650,1.389196,0.000000,0.615121,1.000000,0.000000,0.000000,6.441484,inf,2793600,2793600,55872,,False,6.658655,6.658655,154.740000
463,81,81.000000,0.179590,0.084918,0.659768,0.642916,0.958613,1.042167,3.017538,0.000000,0.659768,1.000000,0.000000,0.000000,6.878353,inf,2262816,2262816,55872,,False,6.662101,6.662101,128.469136
464,100,100.000000,0.206466,0.067971,0.632396,0.578341,0.982460,1.114050,1.358810,0.000000,0.632396,1.000000,0.000000,0.000000,6.797106,inf,2793600,2793600,55872,,False,6.666443,6.666443,139.910000
465,82,82.000000,0.205721,0.072678,0.607708,0.522077,0.981086,1.071089,1.580866,0.000000,0.607708,1.000000,0.000000,0.000000,5.959558,inf,2290752,2290752,55872,,False,6.671073,6.671072,165.280488
466,102,102.000000,0.182168,0.066629,0.622933,0.568867,0.943644,1.157181,1.463110,0.000000,0.622933,1.000000,0.000000,0.000000,6.796175,inf,2849472,2849472,55872,,False,6.676844,6.676844,158.784314
467,96,96.000000,0.217146,0.063562,0.573024,0.509133,0.889629,1.009883,1.673521,0.000000,0.573024,1.000000,0.000000,0.000000,6.101926,inf,2681856,2681856,55872,,False,6.681065,6.681066,201.906250
468,112,112.000000,0.202575,0.071112,0.649784,0.545744,1.134258,1.205732,1.724530,0.000000,0.649784,1.000000,0.000000,0.000000,7.964600,inf,3128832,3128832,55872,,False,6.684783,6.684783,167.669643
469,87,87.000000,0.216247,0.068034,0.590020,0.562965,0.918078,0.982776,1.224686,0.000000,0.590020,1.000000,0.000000,0.000000,5.918966,inf,2430432,2430432,55872,,False,6.688493,6.688493,178.126437
470,98,98.000000,0.229729,0.071211,0.632697,0.575805,0.952621,1.141468,1.932578,0.000000,0.632697,1.000000,0.000000,0.000000,6.978715,inf,2737728,2737728,55872,,False,6.691652,6.691652,173.326531
471,84,84.000000,0.215220,0.073594,0.625368,0.614967,0.966279,1.135741,1.396782,0.000000,0.625368,1.000000,0.000000,0.000000,6.181896,inf,2346624,2346624,55872,,False,6.695385,6.695385,168.297619
472,105,105.000000,0.204014,0.063744,0.590885,0.577995,0.920914,1.003235,1.432276,0.000000,0.590885,1.000000,0.000000,0.000000,6.693070,inf,2933280,2933280,55872,,False,6.699749,6.699749,163.419048
473,99,99.000000,0.193443,0.076030,0.672579,0.599143,1.052623,1.256320,1.465212,0.000000,0.672579,1.000000,0.000000,0.000000,7.526942,inf,2765664,2765664,55872,,False,6.703781,6.703782,139.212121
474,108,108.000000,0.202905,0.067058,0.618237,0.572676,0.984926,1.072488,1.973432,0.000000,0.618237,1.000000,0.000000,0.000000,7.242251,inf,3017088,3017088,55872,,False,6.708131,6.708131,170.657407
475,84,84.000000,0.223478,0.070578,0.619362,0.540942,1.005038,1.154194,1.475115,0.000000,0.619362,1.000000,0.000000,0.000000,5.928583,inf,2346624,2346624,55872,,False,6.710817,6.710817,186.821429
476,103,103.000000,0.207388,0.074101,0.667606,0.604890,1.045218,1.164934,1.911664,0.000000,0.667606,1.000000,0.000000,0.000000,7.632418,inf,2877408,2877408,55872,,False,6.714413,6.714413,145.893204
477,89,89.000000,0.223381,0.080417,0.702799,0.634550,1.200525,1.320824,1.704848,0.000000,0.702799,1.000000,0.000000,0.000000,7.157101,inf,2486304,2486304,55872,,False,6.716278,6.716278,154.483146
478,81,81.000000,0.204013,0.075420,0.624761,0.546477,0.995150,1.180930,1.686309,0.000000,0.624761,1.000000,0.000000,0.000000,6.109049,inf,2262816,2262816,55872,,False,6.720717,6.720717,174.851852
479,90,90.000000,0.206236,0.074595,0.659695,0.597124,1.093760,1.222716,1.728132,0.000000,0.659695,1.000000,0.000000,0.000000,6.713506,inf,2514240,2514240,55872,,False,6.724744,6.724744,143.122222
480,83,83.000000,0.174071,0.074408,0.658374,0.633517,0.964452,1.084303,1.315384,0.000000,0.658374,1.000000,0.000000,0.000000,6.175875,inf,2318688,2318688,55872,,False,6.729804,6.729803,122.469880
481,81,81.000000,0.220522,0.078916,0.645461,0.563315,1.023532,1.268720,1.465938,0.000000,0.645461,1.000000,0.000000,0.000000,6.392170,inf,2262816,2262816,55872,,False,6.733343,6.733342,154.345679
482,101,101.000000,0.229566,0.064027,0.575576,0.497063,0.943216,1.075201,1.713494,0.000000,0.575576,1.000000,0.000000,0.000000,6.466732,inf,2821536,2821536,55872,,False,6.738210,6.738209,196.000000
483,80,80.000000,0.190498,0.095517,0.726136,0.644719,0.998379,1.153055,4.518345,0.000000,0.726136,1.000000,0.000000,0.000000,7.641399,inf,2234880,2234880,55872,,False,6.741810,6.741809,127.375000
484,98,98.000000,0.219877,0.067123,0.607023,0.550342,0.954322,1.107822,1.577961,0.000000,0.607023,1.000000,0.000000,0.000000,6.578011,inf,2737728,2737728,55872,,False,6.745265,6.745265,176.489796
485,92,92.000000,0.224391,0.076944,0.649768,0.548414,1.067922,1.196385,1.801212,0.000000,0.649768,1.000000,0.000000,0.000000,7.078859,inf,2570112,2570112,55872,,False,6.747238,6.747238,187.619565
486,90,90.000000,0.213499,0.077458,0.669950,0.597480,1.059481,1.298380,1.965883,0.000000,0.669950,1.000000,0.000000,0.000000,6.971257,inf,2514240,2514240,55872,,False,6.749754,6.749754,147.388889
487,103,103.000000,0.217754,0.068981,0.630402,0.579524,0.970888,1.137057,1.615694,0.000000,0.630402,1.000000,0.000000,0.000000,7.105057,inf,2877408,2877408,55872,,False,6.752748,6.752748,166.796117
488,95,95.000000,0.216120,0.076872,0.663079,0.604685,1.004242,1.139027,1.689092,0.000000,0.663079,1.000000,0.000000,0.000000,7.302841,inf,2653920,2653920,55872,,False,6.756294,6.756294,153.536842
489,94,94.000000,0.220929,0.072128,0.610643,0.568034,0.975874,1.167500,1.664373,0.000000,0.610643,1.000000,0.000000,0.000000,6.780051,inf,2625984,2625984,55872,,False,6.759818,6.759818,188.521277
490,106,106.000000,0.212978,0.062404,0.584239,0.544054,0.894300,0.997092,1.270066,0.000000,0.584239,1.000000,0.000000,0.000000,6.614822,inf,2961216,2961216,55872,,False,6.763603,6.763603,203.452830
491,96,96.000000,0.210609,0.071181,0.637365,0.572156,0.960919,1.198966,1.358442,0.000000,0.637365,1.000000,0.000000,0.000000,6.833346,inf,2681856,2681856,55872,,False,6.767390,6.767390,168.416667
492,103,103.000000,0.193110,0.068044,0.618260,0.599610,0.930150,1.091965,2.159079,0.000000,0.618260,1.000000,0.000000,0.000000,7.008483,inf,2877408,2877408,55872,,False,6.772482,6.772482,165.252427
493,104,104.000000,0.217436,0.069616,0.635214,0.588281,1.018348,1.207714,1.523886,0.000000,0.635214,1.000000,0.000000,0.000000,7.240095,inf,2905344,2905344,55872,,False,6.775743,6.775743,173.788462
494,97,97.000000,0.228861,0.067579,0.625181,0.569646,0.969651,1.113013,1.584305,0.000000,0.625181,1.000000,0.000000,0.000000,6.555173,inf,2709792,2709792,55872,,False,6.780384,6.780385,181.865979
495,89,89.000000,0.205086,0.081680,0.651151,0.578197,0.942181,1.118896,3.234690,0.000000,0.651151,1.000000,0.000000,0.000000,7.269521,inf,2486304,2486304,55872,,False,6.784792,6.784792,170.011236
496,85,85.000000,0.207476,0.073321,0.633597,0.606129,0.996897,1.132216,1.352885,0.000000,0.633597,1.000000,0.000000,0.000000,6.232245,inf,2374560,2374560,55872,,False,6.789198,6.789198,156.364706
497,94,94.000000,0.204138,0.072776,0.660168,0.624823,1.079657,1.237442,1.497923,0.000000,0.660168,1.000000,0.000000,0.000000,6.840918,inf,2625984,2625984,55872,,False,6.793569,6.793570,149.606383
498,86,86.000000,0.207379,0.081373,0.682391,0.658157,0.985962,1.213022,1.627428,0.000000,0.682391,1.000000,0.000000,0.000000,6.998058,inf,2402496,2402496,55872,,False,6.796978,6.796979,139.023256
499,84,84.000000,0.198076,0.076334,0.640821,0.606977,0.934423,1.057682,1.525135,0.000000,0.640821,1.000000,0.000000,0.000000,6.412066,inf,2346624,2346624,55872,,False,6.801412,6.801412,157.190476
500,86,86.000000,0.220873,0.071434,0.633125,0.601682,0.983831,1.039998,1.335979,0.000000,0.633125,1.000000,0.000000,0.000000,6.143343,inf,2402496,2402496,55872,,False,6.804100,6.804100,172.313953
501,90,90.000000,0.193151,0.081087,0.692307,0.637856,1.054095,1.143378,1.363959,0.000000,0.692307,1.000000,0.000000,0.000000,7.297869,inf,2514240,2514240,55872,,False,6.808049,6.808049,144.600000
502,89,89.000000,0.230983,0.065300,0.577071,0.502063,0.868776,0.997399,1.519161,0.000000,0.577071,1.000000,0.000000,0.000000,5.811659,inf,2486304,2486304,55872,,False,6.810322,6.810321,191.157303
503,101,101.000000,0.198461,0.075186,0.661710,0.629647,0.935572,1.121833,1.872538,0.000000,0.661710,1.000000,0.000000,0.000000,7.593740,inf,2821536,2821536,55872,,False,6.814001,6.814001,145.653465
504,88,88.000000,0.207096,0.080212,0.662012,0.616659,1.035197,1.157628,2.321777,0.000000,0.662012,1.000000,0.000000,0.000000,7.058699,inf,2458368,2458368,55872,,False,6.818997,6.818997,152.079545
505,93,93.000000,0.220857,0.073413,0.623463,0.575338,0.941631,1.076357,1.510491,0.000000,0.623463,1.000000,0.000000,0.000000,6.827455,inf,2598048,2598048,55872,,False,6.822255,6.822255,173.225806
506,94,94.000000,0.204813,0.075042,0.657654,0.600341,1.060124,1.231165,1.565777,0.000000,0.657654,1.000000,0.000000,0.000000,7.053940,inf,2625984,2625984,55872,,False,6.826703,6.826703,162.755319
507,92,92.000000,0.200624,0.070696,0.625203,0.567342,0.959649,1.039443,1.206974,0.000000,0.625203,1.000000,0.000000,0.000000,6.504006,inf,2570112,2570112,55872,,False,6.830410,6.830410,166.423913
508,89,89.000000,0.192735,0.069803,0.638680,0.605515,0.960963,1.115628,1.483389,0.000000,0.638680,1.000000,0.000000,0.000000,6.212432,inf,2486304,2486304,55872,,False,6.834386,6.834386,160.033708
509,92,92.000000,0.207387,0.076855,0.659188,0.556213,1.092358,1.264647,2.860909,0.000000,0.659188,1.000000,0.000000,0.000000,7.070619,inf,2570112,2570112,55872,,False,6.838349,6.838349,174.032609
510,89,89.000000,0.224790,0.073215,0.621227,0.610008,0.947676,1.058715,1.280175,0.000000,0.621227,1.000000,0.000000,0.000000,6.516156,inf,2486304,2486304,55872,,False,6.841282,6.841282,202.449438
511,93,93.000000,0.182824,0.074162,0.659451,0.605935,1.064161,1.152495,2.022596,0.000000,0.659451,1.000000,0.000000,0.000000,6.897081,inf,2598048,2598048,55872,,False,6.845264,6.845263,132.580645
512,106,106.000000,0.192825,0.073463,0.663218,0.624389,1.063554,1.186950,2.865244,0.000000,0.663218,1.000000,0.000000,0.000000,7.787040,inf,2961216,2961216,55872,,False,6.849254,6.849255,153.509434
513,84,84.000000,0.198892,0.078201,0.626520,0.576940,1.043775,1.165789,1.713715,0.000000,0.626520,1.000000,0.000000,0.000000,6.568908,inf,2346624,2346624,55872,,False,6.853681,6.853681,175.023810
514,99,99.000000,0.206105,0.072450,0.682272,0.610510,1.098036,1.318999,1.478696,0.000000,0.682272,1.000000,0.000000,0.000000,7.172567,inf,2765664,2765664,55872,,False,6.857014,6.857014,166.949495
515,73,73.000000,0.214936,0.077766,0.623223,0.590198,0.975295,1.114638,1.303689,0.000000,0.623223,1.000000,0.000000,0.000000,5.676949,inf,2039328,2039328,55872,,False,6.859982,6.859983,177.739726
516,102,102.000000,0.215751,0.067458,0.618867,0.569612,0.960544,1.076999,2.174881,0.000000,0.618867,1.000000,0.000000,0.000000,6.880674,inf,2849472,2849472,55872,,False,6.863302,6.863302,187.705882
517,79,79.000000,0.192396,0.080371,0.657443,0.587094,0.975614,1.121043,2.424797,0.000000,0.657443,1.000000,0.000000,0.000000,6.349271,inf,2206944,2206944,55872,,False,6.868530,6.868530,155.278481
518,91,91.000000,0.204787,0.075188,0.644226,0.542770,1.056380,1.246834,1.482710,0.000000,0.644226,1.000000,0.000000,0.000000,6.842104,inf,2542176,2542176,55872,,False,6.872432,6.872432,176.582418
519,93,93.000000,0.215482,0.079130,0.645005,0.556730,0.991653,1.138179,2.482491,0.000000,0.645005,1.000000,0.000000,0.000000,7.359047,inf,2598048,2598048,55872,,False,6.876154,6.876154,178.193548
520,103,103.000000,0.215523,0.070055,0.667559,0.639380,0.978622,1.064446,1.944730,0.000000,0.667559,1.000000,0.000000,0.000000,7.215632,inf,2877408,2877408,55872,,False,6.880036,6.880036,160.281553
521,86,86.000000,0.214344,0.074625,0.632283,0.546749,1.086779,1.192275,1.520177,0.000000,0.632283,1.000000,0.000000,0.000000,6.417767,inf,2402496,2402496,55872,,False,6.882372,6.882372,174.325581
522,99,99.000000,0.210216,0.072790,0.638099,0.565587,1.047918,1.235011,1.505416,0.000000,0.638099,1.000000,0.000000,0.000000,7.206257,inf,2765664,2765664,55872,,False,6.886545,6.886545,160.090909
523,93,93.000000,0.223764,0.075291,0.643939,0.555561,1.017086,1.346861,1.629863,0.000000,0.643939,1.000000,0.000000,0.000000,7.002066,inf,2598048,2598048,55872,,False,6.889579,6.889579,182.537634
524,115,115.000000,0.195036,0.072718,0.683013,0.617050,1.088754,1.329932,1.875092,0.000000,0.683013,1.000000,0.000000,0.000000,8.362581,inf,3212640,3212640,55872,,False,6.894606,6.894606,151.800000
525,107,107.000000,0.215149,0.066565,0.635433,0.571823,0.972996,1.164172,2.053614,0.000000,0.635433,1.000000,0.000000,0.000000,7.122489,inf,2989152,2989152,55872,,False,6.898542,6.898542,192.766355
526,109,109.000000,0.209444,0.067499,0.677804,0.611660,1.068014,1.177390,1.630444,0.000000,0.677804,1.000000,0.000000,0.000000,7.357368,inf,3045024,3045024,55872,,False,6.902574,6.902574,155.275229
527,102,102.000000,0.211973,0.070626,0.638185,0.602754,0.967364,1.070973,1.807100,0.000000,0.638185,1.000000,0.000000,0.000000,7.203884,inf,2849472,2849472,55872,,False,6.906138,6.906138,160.901961
528,95,95.000000,0.177862,0.071109,0.621058,0.556841,0.929097,1.087131,2.032947,0.000000,0.621058,1.000000,0.000000,0.000000,6.755346,inf,2653920,2653920,55872,,False,6.911392,6.911392,160.294737
529,88,88.000000,0.204517,0.078887,0.705123,0.612883,1.163061,1.402453,2.125477,0.000000,0.705123,1.000000,0.000000,0.000000,6.942051,inf,2458368,2458368,55872,,False,6.915362,6.915362,161.738636
530,106,106.000000,0.186709,0.071498,0.665133,0.612028,1.048914,1.269366,1.641885,0.000000,0.665133,1.000000,0.000000,0.000000,7.578828,inf,2961216,2961216,55872,,False,6.919804,6.919804,145.735849
531,85,85.000000,0.191353,0.077466,0.678124,0.604865,1.034630,1.155964,1.588702,0.000000,0.678124,1.000000,0.000000,0.000000,6.584627,inf,2374560,2374560,55872,,False,6.925212,6.925211,144.647059
532,98,98.000000,0.189414,0.073140,0.656359,0.604313,1.107806,1.287286,1.365550,0.000000,0.656359,1.000000,0.000000,0.000000,7.167707,inf,2737728,2737728,55872,,False,6.929319,6.929319,146.785714
533,97,97.000000,0.202291,0.075498,0.633691,0.532537,1.026859,1.398466,1.856951,0.000000,0.633691,1.000000,0.000000,0.000000,7.323280,inf,2709792,2709792,55872,,False,6.933788,6.933788,174.515464
534,92,92.000000,0.195696,0.073356,0.644655,0.610695,0.908105,1.067383,1.774072,0.000000,0.644655,1.000000,0.000000,0.000000,6.748771,inf,2570112,2570112,55872,,False,6.938070,6.938071,151.673913
535,114,114.000000,0.199801,0.063211,0.644360,0.581697,1.010630,1.246270,1.612994,0.000000,0.644360,1.000000,0.000000,0.000000,7.206038,inf,3184704,3184704,55872,,False,6.941926,6.941926,154.684211
536,87,87.000000,0.201062,0.075058,0.652356,0.554402,1.059167,1.169979,1.800783,0.000000,0.652356,1.000000,0.000000,0.000000,6.530047,inf,2430432,2430432,55872,,False,6.946314,6.946314,167.206897
537,111,111.000000,0.221714,0.066577,0.639449,0.598231,0.947430,1.132883,1.625634,0.000000,0.639449,1.000000,0.000000,0.000000,7.390068,inf,3100896,3100896,55872,,False,6.949152,6.949152,171.072072
538,84,84.000000,0.191800,0.080874,0.686688,0.658900,1.089544,1.207615,1.384426,0.000000,0.686688,1.000000,0.000000,0.000000,6.793390,inf,2346624,2346624,55872,,False,6.953475,6.953475,141.559524
539,91,91.000000,0.196400,0.073534,0.639885,0.578550,0.893788,1.080850,2.849730,0.000000,0.639885,1.000000,0.000000,0.000000,6.691582,inf,2542176,2542176,55872,,False,6.958327,6.958327,161.835165
540,96,96.000000,0.202159,0.076598,0.695113,0.619878,1.130668,1.262795,1.801417,0.000000,0.695113,1.000000,0.000000,0.000000,7.353447,inf,2681856,2681856,55872,,False,6.961423,6.961422,157.072917
541,90,90.000000,0.185866,0.070526,0.627726,0.562132,0.990208,1.164194,2.007471,0.000000,0.627726,1.000000,0.000000,0.000000,6.347352,inf,2514240,2514240,55872,,False,6.966786,6.966785,159.577778
542,84,84.000000,0.178768,0.078954,0.661580,0.603697,1.058100,1.138479,2.123323,0.000000,0.661580,1.000000,0.000000,0.000000,6.632166,inf,2346624,2346624,55872,,False,6.972421,6.972422,153.071429
543,108,108.000000,0.207976,0.072027,0.636874,0.539209,0.937979,1.201838,2.377397,0.000000,0.636874,1.000000,0.000000,0.000000,7.778863,inf,3017088,3017088,55872,,False,6.976897,6.976898,180.861111
544,85,85.000000,0.197904,0.079007,0.626162,0.562954,0.923713,1.078372,3.530766,0.000000,0.626162,1.000000,0.000000,0.000000,6.715573,inf,2374560,2374560,55872,,False,6.981620,6.981620,186.717647
545,97,97.000000,0.195512,0.074719,0.675640,0.604068,1.074389,1.260952,1.794483,0.000000,0.675640,1.000000,0.000000,0.000000,7.247750,inf,2709792,2709792,55872,,False,6.985265,6.985265,161.000000
546,93,93.000000,0.194611,0.073024,0.644915,0.568753,1.062019,1.191714,1.909026,0.000000,0.644915,1.000000,0.000000,0.000000,6.791269,inf,2598048,2598048,55872,,False,6.989480,6.989480,157.354839
547,94,94.000000,0.204336,0.073204,0.645595,0.576722,0.962377,1.177935,2.144637,0.000000,0.645595,1.000000,0.000000,0.000000,6.881157,inf,2625984,2625984,55872,,False,6.992845,6.992845,177.946809
548,98,98.000000,0.207451,0.073766,0.652313,0.556521,1.030855,1.342847,2.276651,0.000000,0.652313,1.000000,0.000000,0.000000,7.229038,inf,2737728,2737728,55872,,False,6.996686,6.996686,175.744898
549,95,95.000000,0.197074,0.075266,0.650257,0.580172,0.997330,1.152853,1.825810,0.000000,0.650257,1.000000,0.000000,0.000000,7.150277,inf,2653920,2653920,55872,,False,7.000631,7.000631,157.094737
550,94,94.000000,0.204682,0.075689,0.653257,0.586976,1.118620,1.250143,2.016542,0.000000,0.653257,1.000000,0.000000,0.000000,7.114807,inf,2625984,2625984,55872,,False,7.003993,7.003993,174.265957
551,98,98.000000,0.213310,0.069967,0.651842,0.611406,0.988071,1.121243,1.407623,0.000000,0.651842,1.000000,0.000000,0.000000,6.856788,inf,2737728,2737728,55872,,False,7.007351,7.007351,160.479592
552,86,86.000000,0.194978,0.081216,0.655401,0.586001,0.951985,1.177473,2.166205,0.000000,0.655401,1.000000,0.000000,0.000000,6.984591,inf,2402496,2402496,55872,,False,7.011441,7.011441,165.406977
553,101,101.000000,0.192353,0.084951,0.732878,0.633046,1.171476,1.265911,4.246830,0.000000,0.732878,1.000000,0.000000,0.000000,8.580087,inf,2821536,2821536,55872,,False,7.016049,7.016050,165.811881
554,100,100.000000,0.198001,0.070631,0.636804,0.602392,0.957281,1.134288,1.676886,0.000000,0.636804,1.000000,0.000000,0.000000,7.063118,inf,2793600,2793600,55872,,False,7.019505,7.019505,164.710000
555,108,108.000000,0.186312,0.068021,0.650073,0.595538,1.011111,1.170645,1.729323,0.000000,0.650073,1.000000,0.000000,0.000000,7.346321,inf,3017088,3017088,55872,,False,7.024893,7.024893,163.574074
556,78,78.000000,0.210649,0.081562,0.652937,0.636768,0.967695,1.145404,1.739219,0.000000,0.652937,1.000000,0.000000,0.000000,6.361817,inf,2179008,2179008,55872,,False,7.028491,7.028491,169.115385
557,98,98.000000,0.208291,0.079999,0.683805,0.616303,1.112237,1.396200,1.740800,0.000000,0.683805,1.000000,0.000000,0.000000,7.839937,inf,2737728,2737728,55872,,False,7.032077,7.032077,170.255102
558,96,96.000000,0.218373,0.074194,0.671900,0.598173,1.084373,1.383914,2.170051,0.000000,0.671900,1.000000,0.000000,0.000000,7.122603,inf,2681856,2681856,55872,,False,7.036082,7.036082,185.906250
559,105,105.000000,0.205390,0.074635,0.660521,0.559587,0.991736,1.341599,2.381618,0.000000,0.660521,1.000000,0.000000,0.000000,7.836660,inf,2933280,2933280,55872,,False,7.039323,7.039323,161.200000
560,91,91.000000,0.214745,0.074045,0.660960,0.617644,0.990241,1.164261,1.510593,0.000000,0.660960,1.000000,0.000000,0.000000,6.738107,inf,2542176,2542176,55872,,False,7.042692,7.042692,163.241758
561,102,102.000000,0.221153,0.064853,0.611442,0.549204,0.941769,1.179589,1.631149,0.000000,0.611442,1.000000,0.000000,0.000000,6.614988,inf,2849472,2849472,55872,,False,7.046495,7.046495,195.549020
562,88,88.000000,0.202105,0.073717,0.624137,0.572445,1.011151,1.101347,1.467587,0.000000,0.624137,1.000000,0.000000,0.000000,6.487053,inf,2458368,2458368,55872,,False,7.050677,7.050677,179.556818
563,87,87.000000,0.188489,0.075750,0.670691,0.656787,0.980880,1.065463,1.277851,0.000000,0.670691,1.000000,0.000000,0.000000,6.590262,inf,2430432,2430432,55872,,False,7.055981,7.055981,154.275862
564,98,98.000000,0.180817,0.074562,0.664898,0.583422,0.964401,1.239528,1.979138,0.000000,0.664898,1.000000,0.000000,0.000000,7.307082,inf,2737728,2737728,55872,,False,7.060347,7.060348,155.632653
565,80,80.000000,0.207016,0.080208,0.662156,0.599106,1.044693,1.273761,1.497625,0.000000,0.662156,1.000000,0.000000,0.000000,6.416642,inf,2234880,2234880,55872,,False,7.063757,7.063757,168.750000
566,99,99.000000,0.208864,0.072805,0.656468,0.585732,1.040859,1.264188,1.534614,0.000000,0.656468,1.000000,0.000000,0.000000,7.207700,inf,2765664,2765664,55872,,False,7.067018,7.067018,170.212121
567,89,89.000000,0.180353,0.082796,0.681743,0.601728,1.102740,1.225685,1.795797,0.000000,0.681743,1.000000,0.000000,0.000000,7.368857,inf,2486304,2486304,55872,,False,7.070713,7.070713,150.685393
568,118,118.000000,0.196711,0.063282,0.652148,0.593377,1.024332,1.112050,1.550647,0.000000,0.652148,1.000000,0.000000,0.000000,7.467304,inf,3296448,3296448,55872,,False,7.075036,7.075036,165.694915
569,94,94.000000,0.195160,0.074230,0.670350,0.598840,1.009989,1.117235,1.914140,0.000000,0.670350,1.000000,0.000000,0.000000,6.977578,inf,2625984,2625984,55872,,False,7.078933,7.078933,159.797872
570,98,98.000000,0.191830,0.073597,0.676432,0.605171,1.085198,1.143713,1.831928,0.000000,0.676432,1.000000,0.000000,0.000000,7.212469,inf,2737728,2737728,55872,,False,7.082955,7.082955,140.826531
571,89,89.000000,0.197232,0.083342,0.702232,0.616542,1.080534,1.256090,2.615905,0.000000,0.702232,1.000000,0.000000,0.000000,7.417469,inf,2486304,2486304,55872,,False,7.087135,7.087136,156.022472
572,90,90.000000,0.194539,0.072308,0.623420,0.600343,0.946535,1.084575,1.314526,0.000000,0.623420,1.000000,0.000000,0.000000,6.507745,inf,2514240,2514240,55872,,False,7.091821,7.091821,160.955556
573,103,103.000000,0.190245,0.074534,0.666655,0.594446,1.135502,1.332661,1.631514,0.000000,0.666655,1.000000,0.000000,0.000000,7.677051,inf,2877408,2877408,55872,,False,7.095938,7.095938,157.271845
574,90,90.000000,0.180419,0.075389,0.660289,0.590536,1.094451,1.246953,1.748765,0.000000,0.660289,1.000000,0.000000,0.000000,6.785006,inf,2514240,2514240,55872,,False,7.099775,7.099774,147.844444
575,103,103.000000,0.204627,0.073846,0.679057,0.660524,1.070124,1.232413,1.878924,0.000000,0.679057,1.000000,0.000000,0.000000,7.606156,inf,2877408,2877408,55872,,False,7.103022,7.103021,175.533981
576,98,98.000000,0.199986,0.070987,0.630628,0.591807,0.976716,1.172254,2.037409,0.000000,0.630628,1.000000,0.000000,0.000000,6.956711,inf,2737728,2737728,55872,,False,7.106830,7.106830,177.357143
577,102,102.000000,0.196459,0.071468,0.646552,0.584294,0.866668,1.089768,3.130307,0.000000,0.646552,1.000000,0.000000,0.000000,7.289738,inf,2849472,2849472,55872,,False,7.110480,7.110480,180.127451
578,94,94.000000,0.202824,0.079850,0.708767,0.666592,1.077947,1.244284,1.597706,0.000000,0.708767,1.000000,0.000000,0.000000,7.505860,inf,2625984,2625984,55872,,False,7.112656,7.112655,147.638298
579,101,101.000000,0.184245,0.068203,0.654686,0.608246,0.984558,1.135280,1.497955,0.000000,0.654686,1.000000,0.000000,0.000000,6.888490,inf,2821536,2821536,55872,,False,7.116230,7.116230,152.841584
580,99,99.000000,0.186656,0.075079,0.657513,0.611651,1.022910,1.178568,1.705449,0.000000,0.657513,1.000000,0.000000,0.000000,7.432784,inf,2765664,2765664,55872,,False,7.120630,7.120630,163.010101
581,87,87.000000,0.206389,0.083663,0.671935,0.567562,1.147656,1.223132,2.422238,0.000000,0.671935,1.000000,0.000000,0.000000,7.278644,inf,2430432,2430432,55872,,False,7.123913,7.123913,172.091954
582,94,94.000000,0.189883,0.078552,0.672137,0.612604,1.100851,1.332380,1.716189,0.000000,0.672137,1.000000,0.000000,0.000000,7.383880,inf,2625984,2625984,55872,,False,7.128677,7.128678,161.659574
583,95,95.000000,0.220260,0.074735,0.664662,0.627126,1.046525,1.169404,1.548448,0.000000,0.664662,1.000000,0.000000,0.000000,7.099788,inf,2653920,2653920,55872,,False,7.132067,7.132067,168.105263
584,101,101.000000,0.200495,0.073359,0.639778,0.576693,1.042314,1.198492,2.273750,0.000000,0.639778,1.000000,0.000000,0.000000,7.409234,inf,2821536,2821536,55872,,False,7.136580,7.136581,185.059406
585,97,97.000000,0.196317,0.066770,0.626566,0.605448,0.947829,1.078844,1.258924,0.000000,0.626566,1.000000,0.000000,0.000000,6.476699,inf,2709792,2709792,55872,,False,7.140696,7.140696,159.865979
586,83,83.000000,0.202545,0.081795,0.654587,0.594744,0.914876,1.170321,1.542674,0.000000,0.654587,1.000000,0.000000,0.000000,6.789000,inf,2318688,2318688,55872,,False,7.144951,7.144951,173.385542
587,94,94.000000,0.181940,0.074685,0.693072,0.661055,1.047933,1.275121,1.928712,0.000000,0.693072,1.000000,0.000000,0.000000,7.020385,inf,2625984,2625984,55872,,False,7.148922,7.148922,142.670213
588,91,91.000000,0.208874,0.073222,0.655889,0.596396,0.944055,1.413538,2.067326,0.000000,0.655889,1.000000,0.000000,0.000000,6.663173,inf,2542176,2542176,55872,,False,7.151864,7.151864,174.054945
589,107,107.000000,0.192723,0.073979,0.677791,0.634674,0.969752,1.149668,2.217059,0.000000,0.677791,1.000000,0.000000,0.000000,7.915788,inf,2989152,2989152,55872,,False,7.155556,7.155556,154.401869
590,94,94.000000,0.198008,0.084799,0.703220,0.641754,1.092957,1.174357,2.976030,0.000000,0.703220,1.000000,0.000000,0.000000,7.971093,inf,2625984,2625984,55872,,False,7.157770,7.157771,158.180851
591,95,95.000000,0.194225,0.075979,0.673169,0.606925,1.122023,1.191552,1.527120,0.000000,0.673169,1.000000,0.000000,0.000000,7.218029,inf,2653920,2653920,55872,,False,7.162152,7.162152,162.557895
592,111,111.000000,0.194099,0.067485,0.648050,0.598022,1.017553,1.160669,1.577980,0.000000,0.648050,1.000000,0.000000,0.000000,7.490860,inf,3100896,3100896,55872,,False,7.165383,7.165383,156.774775
593,86,86.000000,0.197356,0.073674,0.653713,0.619972,1.035645,1.129417,1.575305,0.000000,0.653713,1.000000,0.000000,0.000000,6.335937,inf,2402496,2402496,55872,,False,7.169049,7.169049,165.313953
594,99,99.000000,0.185324,0.069053,0.646258,0.593407,1.008313,1.127167,1.636385,0.000000,0.646258,1.000000,0.000000,0.000000,6.836210,inf,2765664,2765664,55872,,False,7.173844,7.173844,161.333333
595,90,90.000000,0.204547,0.072199,0.632841,0.588388,0.991862,1.186851,1.727625,0.000000,0.632841,1.000000,0.000000,0.000000,6.497917,inf,2514240,2514240,55872,,False,7.177024,7.177024,177.988889
596,88,88.000000,0.179319,0.079400,0.675118,0.628949,1.036862,1.109578,1.409096,0.000000,0.675118,1.000000,0.000000,0.000000,6.987234,inf,2458368,2458368,55872,,False,7.181170,7.181169,142.488636
597,96,96.000000,0.216625,0.083848,0.715552,0.648738,1.135726,1.342797,1.951412,0.000000,0.715552,1.000000,0.000000,0.000000,8.049404,inf,2681856,2681856,55872,,False,7.183919,7.183919,170.395833
598,102,102.000000,0.184394,0.072021,0.674350,0.615737,1.125272,1.319343,1.772197,0.000000,0.674350,1.000000,0.000000,0.000000,7.346162,inf,2849472,2849472,55872,,False,7.188153,7.188153,164.852941
599,90,90.000000,0.193197,0.075576,0.643859,0.587557,1.002067,1.162513,1.961329,0.000000,0.643859,1.000000,0.000000,0.000000,6.801830,inf,2514240,2514240,55872,,False,7.191485,7.191485,170.477778
600,94,94.000000,0.195863,0.065678,0.608652,0.588651,0.921339,1.090877,1.509343,0.000000,0.608652,1.000000,0.000000,0.000000,6.173775,inf,2625984,2625984,55872,,False,7.196021,7.196022,180.882979
601,94,94.000000,0.188298,0.071449,0.630286,0.602125,0.901126,0.997268,1.590253,0.000000,0.630286,1.000000,0.000000,0.000000,6.716169,inf,2625984,2625984,55872,,False,7.199411,7.199411,169.000000
602,88,88.000000,0.183150,0.073034,0.627217,0.600698,0.962263,1.176067,1.567176,0.000000,0.627217,1.000000,0.000000,0.000000,6.426972,inf,2458368,2458368,55872,,False,7.203119,7.203119,163.693182
603,105,105.000000,0.198531,0.075171,0.686370,0.574595,1.155879,1.305604,2.244293,0.000000,0.686370,1.000000,0.000000,0.000000,7.892996,inf,2933280,2933280,55872,,False,7.206017,7.206017,177.647619
604,96,96.000000,0.179667,0.078678,0.700451,0.641985,1.016656,1.242100,1.603900,0.000000,0.700451,1.000000,0.000000,0.000000,7.553103,inf,2681856,2681856,55872,,False,7.209821,7.209821,145.177083
605,91,91.000000,0.202228,0.094476,0.723138,0.615317,1.084685,1.274264,5.042426,0.000000,0.723138,1.000000,0.000000,0.000000,8.597355,inf,2542176,2542176,55872,,False,7.212965,7.212965,169.703297
606,92,92.000000,0.195238,0.073390,0.644687,0.579924,0.922426,1.046566,2.267600,0.000000,0.644687,1.000000,0.000000,0.000000,6.751876,inf,2570112,2570112,55872,,False,7.216514,7.216513,182.869565
607,104,104.000000,0.180814,0.072416,0.693619,0.623924,1.050628,1.223416,2.095891,0.000000,0.693619,1.000000,0.000000,0.000000,7.531221,inf,2905344,2905344,55872,,False,7.220857,7.220857,145.711538
608,83,83.000000,0.180147,0.072959,0.620199,0.574446,0.887258,1.061585,2.588757,0.000000,0.620199,1.000000,0.000000,0.000000,6.055584,inf,2318688,2318688,55872,,False,7.225305,7.225305,172.915663
609,95,95.000000,0.192555,0.075822,0.673793,0.591253,1.112616,1.340426,1.831986,0.000000,0.673793,1.000000,0.000000,0.000000,7.203082,inf,2653920,2653920,55872,,False,7.228738,7.228738,157.863158
610,80,80.000000,0.194058,0.078117,0.641716,0.597491,1.009724,1.057293,1.492215,0.000000,0.641716,1.000000,0.000000,0.000000,6.249361,inf,2234880,2234880,55872,,False,7.233694,7.233694,167.850000
611,98,98.000000,0.188074,0.066057,0.617174,0.551251,0.913612,1.041754,1.355120,0.000000,0.617174,1.000000,0.000000,0.000000,6.473623,inf,2737728,2737728,55872,,False,7.238553,7.238553,177.561224
612,94,94.000000,0.191925,0.071283,0.639968,0.569224,0.977841,1.211034,2.458071,0.000000,0.639968,1.000000,0.000000,0.000000,6.700594,inf,2625984,2625984,55872,,False,7.243099,7.243099,190.212766
613,97,97.000000,0.197034,0.079720,0.703846,0.660278,1.003625,1.270956,2.080314,0.000000,0.703846,1.000000,0.000000,0.000000,7.732817,inf,2709792,2709792,55872,,False,7.246948,7.246947,146.618557
614,78,78.000000,0.199399,0.082542,0.681795,0.620148,1.056291,1.114553,1.570352,0.000000,0.681795,1.000000,0.000000,0.000000,6.438267,inf,2179008,2179008,55872,,False,7.250841,7.250842,152.051282
615,104,104.000000,0.196791,0.072567,0.687764,0.647970,1.051664,1.227371,1.477788,0.000000,0.687764,1.000000,0.000000,0.000000,7.546974,inf,2905344,2905344,55872,,False,7.253883,7.253883,161.288462
616,93,93.000000,0.186610,0.074437,0.630055,0.559973,0.996871,1.077858,1.428645,0.000000,0.630055,1.000000,0.000000,0.000000,6.922652,inf,2598048,2598048,55872,,False,7.258062,7.258062,168.387097
617,105,105.000000,0.180899,0.070064,0.659524,0.572453,1.066212,1.306687,1.557529,0.000000,0.659524,1.000000,0.000000,0.000000,7.356716,inf,2933280,2933280,55872,,False,7.262553,7.262553,164.209524
618,101,101.000000,0.190162,0.067136,0.636314,0.560101,0.969233,1.108521,1.585619,0.000000,0.636314,1.000000,0.000000,0.000000,6.780701,inf,2821536,2821536,55872,,False,7.266400,7.266400,168.762376
619,99,99.000000,0.206373,0.074069,0.680316,0.625831,1.091856,1.213176,1.657016,0.000000,0.680316,1.000000,0.000000,0.000000,7.332859,inf,2765664,2765664,55872,,False,7.269242,7.269242,168.191919
620,87,87.000000,0.203377,0.081470,0.693859,0.615858,1.138656,1.339271,1.524042,0.000000,0.693859,1.000000,0.000000,0.000000,7.087870,inf,2430432,2430432,55872,,False,7.271980,7.271980,173.149425
621,80,80.000000,0.192310,0.078422,0.676654,0.624825,1.052961,1.191462,1.458435,0.000000,0.676654,1.000000,0.000000,0.000000,6.273771,inf,2234880,2234880,55872,,False,7.275922,7.275921,146.237500
622,84,84.000000,0.187532,0.080637,0.682915,0.644885,1.118590,1.235216,1.620087,0.000000,0.682915,1.000000,0.000000,0.000000,6.773531,inf,2346624,2346624,55872,,False,7.279521,7.279522,132.666667
623,85,85.000000,0.181703,0.077994,0.636832,0.602431,0.945895,1.092715,1.698844,0.000000,0.636832,1.000000,0.000000,0.000000,6.629466,inf,2374560,2374560,55872,,False,7.283770,7.283769,160.670588
624,85,85.000000,0.174076,0.073654,0.633882,0.567906,1.000536,1.147085,1.677996,0.000000,0.633882,1.000000,0.000000,0.000000,6.260596,inf,2374560,2374560,55872,,False,7.289555,7.289555,156.858824
625,91,91.000000,0.181718,0.081643,0.714938,0.650861,1.098522,1.374268,2.096117,0.000000,0.714938,1.000000,0.000000,0.000000,7.429493,inf,2542176,2542176,55872,,False,7.293352,7.293352,154.164835
626,90,90.000000,0.193631,0.076397,0.701572,0.615369,1.047114,1.215427,1.945593,0.000000,0.701572,1.000000,0.000000,0.000000,6.875735,inf,2514240,2514240,55872,,False,7.297068,7.297068,151.955556
627,97,97.000000,0.185594,0.068476,0.628812,0.581533,0.943412,1.076559,1.596498,0.000000,0.628812,1.000000,0.000000,0.000000,6.642135,inf,2709792,2709792,55872,,False,7.301179,7.301179,186.948454
628,90,90.000000,0.185868,0.078075,0.681318,0.618950,0.993209,1.176620,2.167016,0.000000,0.681318,1.000000,0.000000,0.000000,7.026744,inf,2514240,2514240,55872,,False,7.304980,7.304981,146.977778
629,91,91.000000,0.194257,0.072305,0.679868,0.654669,1.080108,1.151727,1.863815,0.000000,0.679868,1.000000,0.000000,0.000000,6.579765,inf,2542176,2542176,55872,,False,7.308362,7.308362,173.505495
630,82,82.000000,0.202811,0.082186,0.663405,0.597373,0.953302,1.088878,2.003582,0.000000,0.663405,1.000000,0.000000,0.000000,6.739225,inf,2290752,2290752,55872,,False,7.311177,7.311177,176.146341
631,91,91.000000,0.190296,0.067602,0.642862,0.608159,0.939675,1.061027,1.388121,0.000000,0.642862,1.000000,0.000000,0.000000,6.151765,inf,2542176,2542176,55872,,False,7.315604,7.315604,165.989011
632,87,87.000000,0.195189,0.079128,0.672456,0.603805,1.044188,1.165332,1.654810,0.000000,0.672456,1.000000,0.000000,0.000000,6.884105,inf,2430432,2430432,55872,,False,7.318951,7.318951,178.379310
633,83,83.000000,0.177576,0.085489,0.714096,0.691283,1.008804,1.166420,2.307161,0.000000,0.714096,1.000000,0.000000,0.000000,7.095579,inf,2318688,2318688,55872,,False,7.322439,7.322439,141.469880
634,81,81.000000,0.190100,0.083146,0.669568,0.613889,1.042303,1.082363,1.295786,0.000000,0.669568,1.000000,0.000000,0.000000,6.734839,inf,2262816,2262816,55872,,False,7.326185,7.326185,157.518519
635,97,97.000000,0.187163,0.080156,0.706792,0.602913,1.156825,1.363087,2.153068,0.000000,0.706792,1.000000,0.000000,0.000000,7.775101,inf,2709792,2709792,55872,,False,7.329731,7.329731,157.092784
636,80,80.000000,0.181531,0.080167,0.665333,0.618174,1.062306,1.265265,1.371606,0.000000,0.665333,1.000000,0.000000,0.000000,6.413326,inf,2234880,2234880,55872,,False,7.333512,7.333512,157.587500
637,104,104.000000,0.174477,0.073813,0.661582,0.566698,1.106257,1.344442,2.400279,0.000000,0.661582,1.000000,0.000000,0.000000,7.676581,inf,2905344,2905344,55872,,False,7.338627,7.338628,164.663462
638,94,94.000000,0.184417,0.083226,0.676712,0.632844,0.948433,1.225480,3.229080,0.000000,0.676712,1.000000,0.000000,0.000000,7.823283,inf,2625984,2625984,55872,,False,7.344004,7.344004,152.085106
639,93,93.000000,0.196023,0.071257,0.631295,0.573892,0.973533,1.034323,1.491922,0.000000,0.631295,1.000000,0.000000,0.000000,6.626920,inf,2598048,2598048,55872,,False,7.348282,7.348282,184.978495
640,93,93.000000,0.192034,0.080078,0.697074,0.614130,1.121037,1.338543,1.700512,0.000000,0.697074,1.000000,0.000000,0.000000,7.447264,inf,2598048,2598048,55872,,False,7.351593,7.351593,167.430108
641,103,103.000000,0.199641,0.074518,0.661933,0.579671,0.970722,1.222194,2.201313,0.000000,0.661933,1.000000,0.000000,0.000000,7.675384,inf,2877408,2877408,55872,,False,7.355981,7.355981,186.902913
642,94,94.000000,0.182664,0.077276,0.694680,0.646502,1.118377,1.239638,2.010616,0.000000,0.694680,1.000000,0.000000,0.000000,7.263952,inf,2625984,2625984,55872,,False,7.361156,7.361156,170.382979
643,87,87.000000,0.197325,0.080026,0.659910,0.628001,1.028294,1.097490,1.828737,0.000000,0.659910,1.000000,0.000000,0.000000,6.962295,inf,2430432,2430432,55872,,False,7.364662,7.364661,157.436782
644,81,81.000000,0.191559,0.076104,0.662382,0.603107,1.038615,1.241554,1.529410,0.000000,0.662382,1.000000,0.000000,0.000000,6.164409,inf,2262816,2262816,55872,,False,7.368715,7.368715,172.395062
645,103,103.000000,0.184488,0.071430,0.660807,0.613075,0.981211,1.233244,1.870959,0.000000,0.660807,1.000000,0.000000,0.000000,7.357319,inf,2877408,2877408,55872,,False,7.373024,7.373024,161.854369
646,87,87.000000,0.189171,0.084770,0.717432,0.638344,1.118449,1.370592,2.177805,0.000000,0.717432,1.000000,0.000000,0.000000,7.375026,inf,2430432,2430432,55872,,False,7.377885,7.377885,142.390805
647,91,91.000000,0.166918,0.074618,0.642193,0.581997,0.961145,1.043033,2.741116,0.000000,0.642193,1.000000,0.000000,0.000000,6.790268,inf,2542176,2542176,55872,,False,7.383235,7.383235,151.703297
648,94,94.000000,0.186359,0.080817,0.699598,0.612409,1.106534,1.404522,2.085500,0.000000,0.699598,1.000000,0.000000,0.000000,7.596757,inf,2625984,2625984,55872,,False,7.386877,7.386876,150.372340
649,87,87.000000,0.208066,0.089305,0.727498,0.644474,1.095223,1.306778,2.845287,0.000000,0.727498,1.000000,0.000000,0.000000,7.769556,inf,2430432,2430432,55872,,False,7.389269,7.389269,161.080460
650,91,91.000000,0.182531,0.073359,0.659073,0.551114,0.996110,1.304648,1.577077,0.000000,0.659073,1.000000,0.000000,0.000000,6.675673,inf,2542176,2542176,55872,,False,7.393415,7.393415,168.626374
651,94,94.000000,0.174176,0.072185,0.625864,0.569658,0.965558,1.106099,2.048953,0.000000,0.625864,1.000000,0.000000,0.000000,6.785420,inf,2625984,2625984,55872,,False,7.397869,7.397869,181.127660
652,95,95.000000,0.187493,0.070854,0.635000,0.602157,1.018911,1.143382,1.722608,0.000000,0.635000,1.000000,0.000000,0.000000,6.731087,inf,2653920,2653920,55872,,False,7.402700,7.402700,180.842105
653,102,102.000000,0.175240,0.073883,0.695700,0.682800,1.084740,1.236460,1.715939,0.000000,0.695700,1.000000,0.000000,0.000000,7.536034,inf,2849472,2849472,55872,,False,7.407374,7.407374,147.558824
654,97,97.000000,0.159543,0.077847,0.679930,0.627240,1.059377,1.297145,1.737939,0.000000,0.679930,1.000000,0.000000,0.000000,7.551162,inf,2709792,2709792,55872,,False,7.412662,7.412662,145.237113
655,101,101.000000,0.189776,0.067573,0.611407,0.577881,0.900944,1.017467,1.607654,0.000000,0.611407,1.000000,0.000000,0.000000,6.824840,inf,2821536,2821536,55872,,False,7.417756,7.417756,188.227723
656,112,112.000000,0.200544,0.070839,0.653221,0.585809,0.977093,1.145463,2.507361,0.000000,0.653221,1.000000,0.000000,0.000000,7.934005,inf,3128832,3128832,55872,,False,7.421411,7.421412,185.017857
657,92,92.000000,0.174418,0.075596,0.669112,0.594142,1.102083,1.256728,1.666480,0.000000,0.669112,1.000000,0.000000,0.000000,6.954828,inf,2570112,2570112,55872,,False,7.426327,7.426327,170.402174
658,101,101.000000,0.189714,0.082324,0.713694,0.641154,1.145947,1.485446,2.234673,0.000000,0.713694,1.000000,0.000000,0.000000,8.314722,inf,2821536,2821536,55872,,False,7.429812,7.429812,158.435644
659,88,88.000000,0.171984,0.075886,0.619198,0.567513,0.958621,1.007165,1.435361,0.000000,0.619198,1.000000,0.000000,0.000000,6.677971,inf,2458368,2458368,55872,,False,7.434692,7.434692,185.659091
660,88,88.000000,0.185289,0.071169,0.624703,0.574912,0.934066,1.017119,1.223127,0.000000,0.624703,1.000000,0.000000,0.000000,6.262849,inf,2458368,2458368,55872,,False,7.438854,7.438854,163.909091
661,87,87.000000,0.160883,0.082171,0.689557,0.634427,1.076102,1.166174,1.858657,0.000000,0.689557,1.000000,0.000000,0.000000,7.148854,inf,2430432,2430432,55872,,False,7.443881,7.443881,147.103448
662,97,97.000000,0.184240,0.081630,0.704575,0.645171,1.133447,1.327942,1.984138,0.000000,0.704575,1.000000,0.000000,0.000000,7.918130,inf,2709792,2709792,55872,,False,7.447129,7.447130,150.154639
663,89,89.000000,0.172703,0.102886,0.719004,0.608610,0.944811,1.057731,6.855399,0.000000,0.719004,1.000000,0.000000,0.000000,9.156859,inf,2486304,2486304,55872,,False,7.451532,7.451532,153.000000
664,81,81.000000,0.169926,0.083355,0.659503,0.623254,0.985972,1.107875,1.479635,0.000000,0.659503,1.000000,0.000000,0.000000,6.751780,inf,2262816,2262816,55872,,False,7.454970,7.454969,153.950617
665,99,99.000000,0.196410,0.076920,0.669437,0.615141,1.066280,1.154343,1.393478,0.000000,0.669437,1.000000,0.000000,0.000000,7.615042,inf,2765664,2765664,55872,,False,7.458019,7.458019,166.161616
666,92,92.000000,0.186449,0.079693,0.689237,0.667719,1.066564,1.206740,2.098882,0.000000,0.689237,1.000000,0.000000,0.000000,7.331763,inf,2570112,2570112,55872,,False,7.461662,7.461663,171.630435
667,97,97.000000,0.180269,0.063879,0.605728,0.581089,0.869635,0.941760,1.371398,0.000000,0.605728,1.000000,0.000000,0.000000,6.196282,inf,2709792,2709792,55872,,False,7.466444,7.466444,193.927835
668,99,99.000000,0.202212,0.076215,0.689325,0.652376,1.063172,1.157433,1.757274,0.000000,0.689325,1.000000,0.000000,0.000000,7.545326,inf,2765664,2765664,55872,,False,7.469008,7.469008,168.555556
669,84,84.000000,0.180522,0.084722,0.706687,0.658228,1.048873,1.262582,1.798577,0.000000,0.706687,1.000000,0.000000,0.000000,7.116665,inf,2346624,2346624,55872,,False,7.473325,7.473325,127.357143
670,98,98.000000,0.185290,0.072028,0.639200,0.583646,1.008158,1.207592,1.516931,0.000000,0.639200,1.000000,0.000000,0.000000,7.058763,inf,2737728,2737728,55872,,False,7.477890,7.477890,195.438776
671,89,89.000000,0.181859,0.079259,0.688296,0.586927,1.128306,1.292375,2.353588,0.000000,0.688296,1.000000,0.000000,0.000000,7.054038,inf,2486304,2486304,55872,,False,7.481666,7.481666,144.887640
672,96,96.000000,0.185806,0.074163,0.664985,0.599116,0.980453,1.244354,1.792360,0.000000,0.664985,1.000000,0.000000,0.000000,7.119630,inf,2681856,2681856,55872,,False,7.485124,7.485124,182.385417
673,83,83.000000,0.165994,0.081852,0.668009,0.635613,0.985938,1.119447,1.769708,0.000000,0.668009,1.000000,0.000000,0.000000,6.793690,inf,2318688,2318688,55872,,False,7.489784,7.489783,145.855422
674,89,89.000000,0.159611,0.080878,0.688612,0.573472,1.177793,1.273339,1.856003,0.000000,0.688612,1.000000,0.000000,0.000000,7.198110,inf,2486304,2486304,55872,,False,7.494671,7.494671,139.337079
675,92,92.000000,0.175235,0.077091,0.660728,0.595966,1.075976,1.267022,1.482342,0.000000,0.660728,1.000000,0.000000,0.000000,7.092364,inf,2570112,2570112,55872,,False,7.498907,7.498907,142.750000
676,99,99.000000,0.179889,0.069575,0.633782,0.550847,0.947505,1.235547,2.081836,0.000000,0.633782,1.000000,0.000000,0.000000,6.887958,inf,2765664,2765664,55872,,False,7.503568,7.503568,184.343434
677,86,86.000000,0.172758,0.075252,0.679168,0.638802,1.006527,1.152429,1.342442,0.000000,0.679168,1.000000,0.000000,0.000000,6.471660,inf,2402496,2402496,55872,,False,7.507343,7.507343,145.930233
678,80,80.000000,0.214078,0.081402,0.659788,0.589993,1.023748,1.255349,1.489865,0.000000,0.659788,1.000000,0.000000,0.000000,6.512133,inf,2234880,2234880,55872,,False,7.509950,7.509950,191.237500
679,94,94.000000,0.174667,0.071791,0.654897,0.618372,0.972353,1.092967,1.472609,0.000000,0.654897,1.000000,0.000000,0.000000,6.748393,inf,2625984,2625984,55872,,False,7.514394,7.514394,157.085106
680,82,82.000000,0.195050,0.074432,0.641132,0.575299,1.059028,1.128306,1.513728,0.000000,0.641132,1.000000,0.000000,0.000000,6.103425,inf,2290752,2290752,55872,,False,7.518226,7.518226,174.695122
681,91,91.000000,0.189229,0.068256,0.611476,0.533590,0.984562,1.057113,1.568686,0.000000,0.611476,1.000000,0.000000,0.000000,6.211303,inf,2542176,2542176,55872,,False,7.522163,7.522163,192.208791
682,101,101.000000,0.184424,0.069856,0.645842,0.579400,0.975732,1.150179,1.499417,0.000000,0.645842,1.000000,0.000000,0.000000,7.055408,inf,2821536,2821536,55872,,False,7.525170,7.525170,182.821782
683,119,119.000000,0.186238,0.063136,0.643694,0.605672,0.950359,1.095194,1.625258,0.000000,0.643694,1.000000,0.000000,0.000000,7.513193,inf,3324384,3324384,55872,,False,7.529259,7.529259,168.840336
684,87,87.000000,0.166174,0.072478,0.663859,0.618754,0.984037,1.088689,1.619658,0.000000,0.663859,1.000000,0.000000,0.000000,6.305596,inf,2430432,2430432,55872,,False,7.533106,7.533106,156.080460
685,100,100.000000,0.175844,0.074328,0.669120,0.590441,1.069177,1.166448,1.621690,0.000000,0.669120,1.000000,0.000000,0.000000,7.432784,inf,2793600,2793600,55872,,False,7.536874,7.536874,154.930000
686,103,103.000000,0.164236,0.068342,0.641616,0.589623,1.064688,1.130589,1.418318,0.000000,0.641616,1.000000,0.000000,0.000000,7.039244,inf,2877408,2877408,55872,,False,7.541251,7.541251,148.941748
687,81,81.000000,0.177072,0.082003,0.662732,0.580284,1.099848,1.185915,2.919221,0.000000,0.662732,1.000000,0.000000,0.000000,6.642217,inf,2262816,2262816,55872,,False,7.546508,7.546508,169.000000
688,106,106.000000,0.168606,0.079773,0.689322,0.584142,1.173002,1.365416,3.954459,0.000000,0.689322,1.000000,0.000000,0.000000,8.455943,inf,2961216,2961216,55872,,False,7.551068,7.551068,161.509434
689,85,85.000000,0.175946,0.081413,0.668969,0.616149,1.017917,1.252613,1.628766,0.000000,0.668969,1.000000,0.000000,0.000000,6.920063,inf,2374560,2374560,55872,,False,7.555137,7.555137,159.352941
690,97,97.000000,0.170328,0.074131,0.657639,0.603056,1.089110,1.164428,1.607765,0.000000,0.657639,1.000000,0.000000,0.000000,7.190678,inf,2709792,2709792,55872,,False,7.559229,7.559230,152.371134
691,112,112.000000,0.178035,0.066262,0.655059,0.638131,0.971502,1.043364,1.704551,0.000000,0.655059,1.000000,0.000000,0.000000,7.421384,inf,3128832,3128832,55872,,False,7.562423,7.562423,168.062500
692,88,88.000000,0.172033,0.074493,0.624039,0.532215,1.070289,1.292576,1.470311,0.000000,0.624039,1.000000,0.000000,0.000000,6.555418,inf,2458368,2458368,55872,,False,7.567355,7.567354,172.681818
693,93,93.000000,0.172562,0.079917,0.695713,0.634271,1.136302,1.300677,1.837284,0.000000,0.695713,1.000000,0.000000,0.000000,7.432296,inf,2598048,2598048,55872,,False,7.571131,7.571131,136.860215
694,97,97.000000,0.171280,0.076095,0.668977,0.586702,0.976854,1.175666,2.158718,0.000000,0.668977,1.000000,0.000000,0.000000,7.381218,inf,2709792,2709792,55872,,False,7.575271,7.575270,149.896907
695,113,113.000000,0.179880,0.070731,0.662739,0.605344,1.042138,1.306990,1.926349,0.000000,0.662739,1.000000,0.000000,0.000000,7.992610,inf,3156768,3156768,55872,,False,7.579023,7.579023,161.442478
696,86,86.000000,0.174254,0.088214,0.686408,0.572091,1.116257,1.423087,2.804353,0.000000,0.686408,1.000000,0.000000,0.000000,7.586426,inf,2402496,2402496,55872,,False,7.582791,7.582791,168.569767
697,111,111.000000,0.180839,0.065329,0.648361,0.607918,0.949776,1.141207,2.329036,0.000000,0.648361,1.000000,0.000000,0.000000,7.251541,inf,3100896,3100896,55872,,False,7.587146,7.587146,157.621622
698,79,79.000000,0.169437,0.086348,0.686865,0.613881,1.083314,1.247764,1.816340,0.000000,0.686865,1.000000,0.000000,0.000000,6.821496,inf,2206944,2206944,55872,,False,7.591155,7.591154,137.354430
699,88,88.000000,0.176067,0.080722,0.676840,0.585011,1.113865,1.361510,1.731990,0.000000,0.676840,1.000000,0.000000,0.000000,7.103505,inf,2458368,2458368,55872,,False,7.595034,7.595034,180.954545
700,81,81.000000,0.177167,0.079016,0.625663,0.554701,0.950907,1.112799,1.812651,0.000000,0.625663,1.000000,0.000000,0.000000,6.400262,inf,2262816,2262816,55872,,False,7.598755,7.598755,158.037037
701,96,96.000000,0.173031,0.074025,0.662625,0.627661,1.065610,1.316456,1.506343,0.000000,0.662625,1.000000,0.000000,0.000000,7.106405,inf,2681856,2681856,55872,,False,7.603747,7.603747,169.802083
702,99,99.000000,0.180861,0.092900,0.726268,0.644788,1.115857,1.273851,4.522496,0.000000,0.726268,1.000000,0.000000,0.000000,9.197057,inf,2765664,2765664,55872,,False,7.606904,7.606904,159.666667
703,113,113.000000,0.167791,0.065507,0.632819,0.575078,0.966182,1.096754,1.522825,0.000000,0.632819,1.000000,0.000000,0.000000,7.402301,inf,3156768,3156768,55872,,False,7.612283,7.612283,157.159292
704,96,96.000000,0.175548,0.069954,0.632587,0.572378,0.913735,1.096874,1.994007,0.000000,0.632587,1.000000,0.000000,0.000000,6.715553,inf,2681856,2681856,55872,,False,7.615838,7.615838,166.927083
705,85,85.000000,0.181250,0.085479,0.729170,0.644662,1.121351,1.265862,2.260775,0.000000,0.729170,1.000000,0.000000,0.000000,7.265695,inf,2374560,2374560,55872,,False,7.618040,7.618040,143.270588
706,103,103.000000,0.171343,0.069277,0.660575,0.617282,0.995699,1.160329,1.934081,0.000000,0.660575,1.000000,0.000000,0.000000,7.135565,inf,2877408,2877408,55872,,False,7.621802,7.621802,153.563107
707,101,101.000000,0.178072,0.076720,0.677473,0.632586,1.024217,1.433359,1.640348,0.000000,0.677473,1.000000,0.000000,0.000000,7.748760,inf,2821536,2821536,55872,,False,7.624991,7.624990,160.970297
708,97,97.000000,0.166163,0.072424,0.646308,0.605711,0.953335,1.243033,2.091911,0.000000,0.646308,1.000000,0.000000,0.000000,7.025141,inf,2709792,2709792,55872,,False,7.628868,7.628868,148.020619
709,112,112.000000,0.159775,0.067379,0.663224,0.600501,1.052865,1.169516,1.853311,0.000000,0.663224,1.000000,0.000000,0.000000,7.546399,inf,3128832,3128832,55872,,False,7.634011,7.634012,145.625000
710,96,96.000000,0.160122,0.071385,0.678828,0.644424,1.000595,1.040829,1.430497,0.000000,0.678828,1.000000,0.000000,0.000000,6.852927,inf,2681856,2681856,55872,,False,7.638226,7.638226,133.458333
711,92,92.000000,0.169281,0.071915,0.640268,0.582853,1.018512,1.116623,2.016559,0.000000,0.640268,1.000000,0.000000,0.000000,6.616146,inf,2570112,2570112,55872,,False,7.642711,7.642711,171.097826
712,98,98.000000,0.183831,0.070212,0.645674,0.598614,0.975268,1.088875,1.502771,0.000000,0.645674,1.000000,0.000000,0.000000,6.880787,inf,2737728,2737728,55872,,False,7.646126,7.646126,165.683673
713,115,115.000000,0.188324,0.065761,0.664831,0.615283,1.005222,1.191746,1.794971,0.000000,0.664831,1.000000,0.000000,0.000000,7.562512,inf,3212640,3212640,55872,,False,7.648946,7.648947,183.695652
714,95,95.000000,0.161937,0.071334,0.610097,0.507291,0.983673,1.233770,1.992494,0.000000,0.610097,1.000000,0.000000,0.000000,6.776699,inf,2653920,2653920,55872,,False,7.652599,7.652599,176.978947
715,100,100.000000,0.184408,0.066951,0.604739,0.537007,0.989222,1.089929,1.888489,0.000000,0.604739,1.000000,0.000000,0.000000,6.695106,inf,2793600,2793600,55872,,False,7.655725,7.655725,179.680000
716,82,82.000000,0.159817,0.082240,0.629733,0.605502,1.042003,1.121562,1.286947,0.000000,0.629733,1.000000,0.000000,0.000000,6.743683,inf,2290752,2290752,55872,,False,7.660270,7.660270,156.536585
717,94,94.000000,0.179053,0.077675,0.683618,0.595240,1.039346,1.254045,1.899940,0.000000,0.683618,1.000000,0.000000,0.000000,7.301436,inf,2625984,2625984,55872,,False,7.663126,7.663126,146.351064
718,95,95.000000,0.177694,0.073408,0.630306,0.535890,1.025296,1.190451,1.771036,0.000000,0.630306,1.000000,0.000000,0.000000,6.973732,inf,2653920,2653920,55872,,False,7.667312,7.667312,177.010526
719,92,92.000000,0.163744,0.072809,0.630468,0.600563,0.996521,1.106971,1.389903,0.000000,0.630468,1.000000,0.000000,0.000000,6.698393,inf,2570112,2570112,55872,,False,7.671029,7.671030,144.250000
720,104,104.000000,0.173257,0.070087,0.652690,0.576785,1.018410,1.124924,1.898058,0.000000,0.652690,1.000000,0.000000,0.000000,7.289014,inf,2905344,2905344,55872,,False,7.675225,7.675225,168.865385
721,88,88.000000,0.194246,0.077576,0.674495,0.619727,1.036426,1.302648,1.558689,0.000000,0.674495,1.000000,0.000000,0.000000,6.826693,inf,2458368,2458368,55872,,False,7.677730,7.677730,162.340909
722,97,97.000000,0.180396,0.076653,0.668594,0.608875,1.102200,1.211603,1.821222,0.000000,0.668594,1.000000,0.000000,0.000000,7.435379,inf,2709792,2709792,55872,,False,7.680706,7.680706,163.876289
723,92,92.000000,0.178719,0.082214,0.665201,0.625683,1.011893,1.272491,1.625216,0.000000,0.665201,1.000000,0.000000,0.000000,7.563707,inf,2570112,2570112,55872,,False,7.683784,7.683784,161.923913
724,98,98.000000,0.176031,0.077463,0.672530,0.591503,1.088923,1.253667,2.629693,0.000000,0.672530,1.000000,0.000000,0.000000,7.591417,inf,2737728,2737728,55872,,False,7.687971,7.687971,169.632653
725,115,115.000000,0.172482,0.064733,0.661962,0.612472,1.000508,1.151306,1.508207,0.000000,0.661962,1.000000,0.000000,0.000000,7.444257,inf,3212640,3212640,55872,,False,7.691997,7.691997,157.113043
726,101,101.000000,0.156967,0.073843,0.671988,0.597257,1.126279,1.190116,1.787595,0.000000,0.671988,1.000000,0.000000,0.000000,7.458126,inf,2821536,2821536,55872,,False,7.695682,7.695682,150.366337
727,97,97.000000,0.177613,0.069259,0.582891,0.502996,0.964667,1.069713,2.509530,0.000000,0.582891,1.000000,0.000000,0.000000,6.718162,inf,2709792,2709792,55872,,False,7.699629,7.699629,205.175258
728,90,90.000000,0.178937,0.084671,0.722709,0.650101,1.189962,1.311480,1.651590,0.000000,0.722709,1.000000,0.000000,0.000000,7.620386,inf,2514240,2514240,55872,,False,7.702665,7.702665,138.244444
729,94,94.000000,0.176611,0.079438,0.678120,0.593851,1.076240,1.376986,2.143205,0.000000,0.678120,1.000000,0.000000,0.000000,7.467207,inf,2625984,2625984,55872,,False,7.705876,7.705876,165.840426
730,90,90.000000,0.173549,0.092800,0.728376,0.624265,1.135219,1.331957,3.501904,0.000000,0.728376,1.000000,0.000000,0.000000,8.352033,inf,2514240,2514240,55872,,False,7.708248,7.708247,141.433333
731,88,88.000000,0.179808,0.072744,0.643932,0.610268,1.003473,1.073335,1.359095,0.000000,0.643932,1.000000,0.000000,0.000000,6.401432,inf,2458368,2458368,55872,,False,7.712327,7.712327,175.500000
732,100,100.000000,0.179949,0.080007,0.685891,0.595220,1.116284,1.372885,1.892900,0.000000,0.685891,1.000000,0.000000,0.000000,8.000712,inf,2793600,2793600,55872,,False,7.715511,7.715511,161.230000
733,110,110.000000,0.175016,0.063825,0.619032,0.544044,1.010377,1.111289,1.644239,0.000000,0.619032,1.000000,0.000000,0.000000,7.020776,inf,3072960,3072960,55872,,False,7.718950,7.718950,172.718182
734,84,84.000000,0.172900,0.080150,0.645787,0.584709,1.017609,1.075502,2.140990,0.000000,0.645787,1.000000,0.000000,0.000000,6.732591,inf,2346624,2346624,55872,,False,7.722577,7.722577,172.535714
735,109,109.000000,0.171728,0.066901,0.633783,0.552103,1.000375,1.140328,1.987036,0.000000,0.633783,1.000000,0.000000,0.000000,7.292190,inf,3045024,3045024,55872,,False,7.726381,7.726382,186.137615
736,107,107.000000,0.166183,0.072076,0.664454,0.587274,1.124699,1.320080,1.866053,0.000000,0.664454,1.000000,0.000000,0.000000,7.712121,inf,2989152,2989152,55872,,False,7.730275,7.730276,160.299065
737,98,98.000000,0.160030,0.072495,0.635660,0.582196,1.011188,1.219950,1.760764,0.000000,0.635660,1.000000,0.000000,0.000000,7.104527,inf,2737728,2737728,55872,,False,7.733616,7.733615,155.775510
738,93,93.000000,0.162008,0.076388,0.651651,0.590128,1.008733,1.174257,1.874225,0.000000,0.651651,1.000000,0.000000,0.000000,7.104121,inf,2598048,2598048,55872,,False,7.738049,7.738049,154.204301
739,108,108.000000,0.163207,0.063490,0.631624,0.583122,1.041308,1.178129,1.676744,0.000000,0.631624,1.000000,0.000000,0.000000,6.856891,inf,3017088,3017088,55872,,False,7.742818,7.742819,161.564815
740,115,115.000000,0.167820,0.067198,0.616935,0.580916,0.943054,1.147514,1.491033,0.000000,0.616935,1.000000,0.000000,0.000000,7.727736,inf,3212640,3212640,55872,,False,7.747104,7.747103,171.913043
741,95,95.000000,0.165759,0.079173,0.699307,0.608630,1.106037,1.237878,2.552082,0.000000,0.699307,1.000000,0.000000,0.000000,7.521417,inf,2653920,2653920,55872,,False,7.750782,7.750782,155.231579
742,93,93.000000,0.180491,0.064507,0.579130,0.551520,0.867003,0.950276,1.212139,0.000000,0.579130,1.000000,0.000000,0.000000,5.999105,inf,2598048,2598048,55872,,False,7.753913,7.753914,180.451613
743,91,91.000000,0.161482,0.080313,0.692354,0.632664,1.015259,1.190578,1.622347,0.000000,0.692354,1.000000,0.000000,0.000000,7.308478,inf,2542176,2542176,55872,,False,7.758027,7.758027,134.175824
744,103,103.000000,0.179504,0.060077,0.600534,0.568886,0.911608,0.980472,1.257405,0.000000,0.600534,1.000000,0.000000,0.000000,6.187960,inf,2877408,2877408,55872,,False,7.761819,7.761819,184.330097
745,107,107.000000,0.169263,0.070442,0.672712,0.599535,1.059620,1.239176,1.979487,0.000000,0.672712,1.000000,0.000000,0.000000,7.537267,inf,2989152,2989152,55872,,False,7.765418,7.765418,158.439252
746,84,84.000000,0.166524,0.080703,0.660754,0.637589,0.984464,1.227787,1.704170,0.000000,0.660754,1.000000,0.000000,0.000000,6.779093,inf,2346624,2346624,55872,,False,7.768751,7.768752,168.666667
747,87,87.000000,0.199784,0.081389,0.681455,0.669833,0.988223,1.188782,2.083065,0.000000,0.681455,1.000000,0.000000,0.000000,7.080872,inf,2430432,2430432,55872,,False,7.771595,7.771595,200.747126
748,82,82.000000,0.150562,0.081970,0.665425,0.604867,1.058147,1.299472,1.758718,0.000000,0.665425,1.000000,0.000000,0.000000,6.721579,inf,2290752,2290752,55872,,False,7.774925,7.774925,120.670732
749,101,101.000000,0.149759,0.071742,0.652796,0.650154,0.962884,1.146873,1.492320,0.000000,0.652796,1.000000,0.000000,0.000000,7.245895,inf,2821536,2821536,55872,,False,7.779609,7.779609,144.029703
750,100,100.000000,0.148317,0.068267,0.638859,0.564971,0.971456,1.194356,2.553304,0.000000,0.638859,1.000000,0.000000,0.000000,6.826742,inf,2793600,2793600,55872,,False,7.784428,7.784428,151.590000
751,92,92.000000,0.154275,0.083482,0.720645,0.665460,1.120265,1.315681,1.810638,0.000000,0.720645,1.000000,0.000000,0.000000,7.680362,inf,2570112,2570112,55872,,False,7.788297,7.788297,113.228261
752,89,89.000000,0.163694,0.079020,0.674892,0.639898,1.033198,1.128623,1.263265,0.000000,0.674892,1.000000,0.000000,0.000000,7.032798,inf,2486304,2486304,55872,,False,7.791747,7.791747,133.820225
753,94,94.000000,0.172983,0.067583,0.603435,0.531475,0.913128,1.062191,1.591265,0.000000,0.603435,1.000000,0.000000,0.000000,6.352819,inf,2625984,2625984,55872,,False,7.795472,7.795472,177.723404
754,112,112.000000,0.170000,0.070259,0.658005,0.569786,1.090894,1.225280,2.356295,0.000000,0.658005,1.000000,0.000000,0.000000,7.869046,inf,3128832,3128832,55872,,False,7.798391,7.798391,167.919643
755,91,91.000000,0.158392,0.072890,0.635510,0.625455,0.968256,1.067028,1.707312,0.000000,0.635510,1.000000,0.000000,0.000000,6.632975,inf,2542176,2542176,55872,,False,7.801479,7.801479,168.538462
756,98,98.000000,0.146432,0.075139,0.650814,0.598528,1.001546,1.242584,2.218043,0.000000,0.650814,1.000000,0.000000,0.000000,7.363616,inf,2737728,2737728,55872,,False,7.806470,7.806469,139.806122
757,103,103.000000,0.155801,0.073656,0.667976,0.643354,1.008475,1.127438,2.480601,0.000000,0.667976,1.000000,0.000000,0.000000,7.586544,inf,2877408,2877408,55872,,False,7.809348,7.809348,139.281553
758,95,95.000000,0.162886,0.071597,0.651794,0.614180,1.053797,1.112934,1.460738,0.000000,0.651794,1.000000,0.000000,0.000000,6.801736,inf,2653920,2653920,55872,,False,7.813427,7.813427,153.884211
759,96,96.000000,0.166256,0.075814,0.673088,0.605779,1.096626,1.223942,1.437942,0.000000,0.673088,1.000000,0.000000,0.000000,7.278180,inf,2681856,2681856,55872,,False,7.817051,7.817051,151.354167
760,72,72.000000,0.157030,0.087879,0.664413,0.626764,1.003700,1.172303,1.453110,0.000000,0.664413,1.000000,0.000000,0.000000,6.327286,inf,2011392,2011392,55872,,False,7.821726,7.821726,148.527778
761,101,101.000000,0.177232,0.073364,0.686234,0.628002,1.086075,1.303769,1.617643,0.000000,0.686234,1.000000,0.000000,0.000000,7.409732,inf,2821536,2821536,55872,,False,7.825138,7.825138,176.257426
762,91,91.000000,0.157881,0.064320,0.609749,0.595838,0.893078,1.017866,1.463471,0.000000,0.609749,1.000000,0.000000,0.000000,5.853080,inf,2542176,2542176,55872,,False,7.828456,7.828457,156.736264
763,98,98.000000,0.167427,0.070433,0.635257,0.576804,0.995874,1.204860,1.692542,0.000000,0.635257,1.000000,0.000000,0.000000,6.902426,inf,2737728,2737728,55872,,False,7.831747,7.831747,158.061224
764,101,101.000000,0.158171,0.075955,0.650126,0.585544,1.056109,1.164559,1.793255,0.000000,0.650126,1.000000,0.000000,0.000000,7.671505,inf,2821536,2821536,55872,,False,7.834784,7.834784,155.643564
765,111,111.000000,0.175454,0.082521,0.698534,0.607065,1.142462,1.340707,5.368592,0.000000,0.698534,1.000000,0.000000,0.000000,9.159840,inf,3100896,3100896,55872,,False,7.837522,7.837522,167.432432
766,102,102.000000,0.186847,0.078887,0.685280,0.579101,1.173317,1.336887,2.533472,0.000000,0.685280,1.000000,0.000000,0.000000,8.046443,inf,2849472,2849472,55872,,False,7.840797,7.840797,180.068627
767,106,106.000000,0.173919,0.072823,0.684466,0.621912,1.121427,1.343829,2.076242,0.000000,0.684466,1.000000,0.000000,0.000000,7.719269,inf,2961216,2961216,55872,,False,7.843072,7.843072,162.273585
768,95,95.000000,0.156904,0.065925,0.607676,0.558222,0.985204,1.052631,1.378664,0.000000,0.607676,1.000000,0.000000,0.000000,6.262863,inf,2653920,2653920,55872,,False,7.847474,7.847474,159.000000
769,90,90.000000,0.153547,0.086836,0.721955,0.655339,1.087444,1.372658,2.240771,0.000000,0.721955,1.000000,0.000000,0.000000,7.815223,inf,2514240,2514240,55872,,False,7.850799,7.850799,126.444444
770,90,90.000000,0.172834,0.078760,0.677041,0.622772,1.107078,1.271817,1.822667,0.000000,0.677041,1.000000,0.000000,0.000000,7.088357,inf,2514240,2514240,55872,,False,7.853448,7.853447,156.422222
771,92,92.000000,0.167951,0.077940,0.660045,0.588522,0.987834,1.181984,2.776184,0.000000,0.660045,1.000000,0.000000,0.000000,7.170499,inf,2570112,2570112,55872,,False,7.856903,7.856902,174.467391
772,80,80.000000,0.162714,0.077693,0.647311,0.617208,1.138004,1.184130,1.360385,0.000000,0.647311,1.000000,0.000000,0.000000,6.215469,inf,2234880,2234880,55872,,False,7.861208,7.861208,160.200000
773,90,90.000000,0.171577,0.075992,0.641631,0.572757,0.970260,1.131987,1.649559,0.000000,0.641631,1.000000,0.000000,0.000000,6.839269,inf,2514240,2514240,55872,,False,7.865306,7.865306,183.266667
774,106,106.000000,0.173977,0.079878,0.717502,0.666519,1.119524,1.449717,2.338880,0.000000,0.717502,1.000000,0.000000,0.000000,8.467039,inf,2961216,2961216,55872,,False,7.867483,7.867483,172.528302
775,106,106.000000,0.169073,0.064481,0.633873,0.606186,0.933510,1.031281,1.207385,0.000000,0.633873,1.000000,0.000000,0.000000,6.834953,inf,2961216,2961216,55872,,False,7.870812,7.870812,178.301887
776,86,86.000000,0.175963,0.075262,0.636523,0.570996,1.122363,1.161436,1.739242,0.000000,0.636523,1.000000,0.000000,0.000000,6.472522,inf,2402496,2402496,55872,,False,7.874774,7.874774,179.755814
777,87,87.000000,0.172147,0.074056,0.650121,0.561297,0.994910,1.225065,1.688517,0.000000,0.650121,1.000000,0.000000,0.000000,6.442879,inf,2430432,2430432,55872,,False,7.877888,7.877888,169.229885
778,75,75.000000,0.148107,0.136251,0.772123,0.621914,1.061895,1.271888,8.635338,0.000000,0.772123,1.000000,0.000000,0.000000,10.218803,inf,2095200,2095200,55872,,False,7.881999,7.881999,123.626667
779,97,97.000000,0.167047,0.067650,0.599333,0.542685,0.982708,1.115364,1.781406,0.000000,0.599333,1.000000,0.000000,0.000000,6.562082,inf,2709792,2709792,55872,,False,7.885164,7.885164,173.814433
780,98,98.000000,0.169828,0.074855,0.669935,0.608302,1.062953,1.345860,2.072540,0.000000,0.669935,1.000000,0.000000,0.000000,7.335764,inf,2737728,2737728,55872,,False,7.888385,7.888385,170.918367
781,100,100.000000,0.171736,0.075033,0.659522,0.592621,1.020048,1.198431,1.695942,0.000000,0.659522,1.000000,0.000000,0.000000,7.503346,inf,2793600,2793600,55872,,False,7.891552,7.891552,171.140000
782,116,116.000000,0.176706,0.062309,0.654451,0.587592,1.071842,1.162480,1.475466,0.000000,0.654451,1.000000,0.000000,0.000000,7.227801,inf,3240576,3240576,55872,,False,7.893902,7.893903,168.301724
783,97,97.000000,0.162534,0.074787,0.622829,0.546036,0.939753,1.218236,2.710490,0.000000,0.622829,1.000000,0.000000,0.000000,7.254308,inf,2709792,2709792,55872,,False,7.897129,7.897129,163.422680
784,99,99.000000,0.166869,0.072227,0.651211,0.582654,1.074225,1.205523,2.016058,0.000000,0.651211,1.000000,0.000000,0.000000,7.150438,inf,2765664,2765664,55872,,False,7.900440,7.900441,175.717172
785,104,104.000000,0.144092,0.070593,0.669389,0.633822,1.017301,1.142337,1.790886,0.000000,0.669389,1.000000,0.000000,0.000000,7.341712,inf,2905344,2905344,55872,,False,7.904651,7.904651,129.682692
786,91,91.000000,0.158908,0.080723,0.684220,0.594987,1.165160,1.339458,1.510085,0.000000,0.684220,1.000000,0.000000,0.000000,7.345748,inf,2542176,2542176,55872,,False,7.908026,7.908026,150.329670
787,80,80.000000,0.167815,0.088951,0.694329,0.621872,1.116924,1.190583,3.092617,0.000000,0.694329,1.000000,0.000000,0.000000,7.116104,inf,2234880,2234880,55872,,False,7.911447,7.911447,170.600000
788,69,69.000000,0.163585,0.093107,0.684369,0.602994,1.002852,1.329971,2.727085,0.000000,0.684369,1.000000,0.000000,0.000000,6.424376,inf,1927584,1927584,55872,,False,7.915381,7.915382,161.869565
789,93,93.000000,0.144640,0.074251,0.652904,0.598040,1.038264,1.111225,1.789797,0.000000,0.652904,1.000000,0.000000,0.000000,6.905385,inf,2598048,2598048,55872,,False,7.919481,7.919481,148.924731
790,110,110.000000,0.147094,0.067681,0.638070,0.638955,0.944331,1.060528,1.703561,0.000000,0.638070,1.000000,0.000000,0.000000,7.444892,inf,3072960,3072960,55872,,False,7.923588,7.923588,143.936364
791,112,112.000000,0.180486,0.072805,0.702948,0.680072,1.010993,1.508927,1.763878,0.000000,0.702948,1.000000,0.000000,0.000000,8.154187,inf,3128832,3128832,55872,,False,7.926213,7.926213,153.178571
792,100,100.000000,0.155442,0.070625,0.656118,0.593942,0.983390,1.307188,1.689005,0.000000,0.656118,1.000000,0.000000,0.000000,7.062467,inf,2793600,2793600,55872,,False,7.930051,7.930051,150.460000
793,93,93.000000,0.149311,0.074880,0.658274,0.625028,1.058383,1.211628,1.741598,0.000000,0.658274,1.000000,0.000000,0.000000,6.963858,inf,2598048,2598048,55872,,False,7.933568,7.933568,143.505376
794,99,99.000000,0.171624,0.071882,0.655254,0.597435,1.039879,1.159523,2.317706,0.000000,0.655254,1.000000,0.000000,0.000000,7.116303,inf,2765664,2765664,55872,,False,7.935786,7.935786,158.202020
795,96,96.000000,0.158475,0.068405,0.657057,0.617392,0.960025,1.123162,1.679124,0.000000,0.657057,1.000000,0.000000,0.000000,6.566908,inf,2681856,2681856,55872,,False,7.939649,7.939649,162.677083
796,95,95.000000,0.167084,0.070804,0.640712,0.630389,1.003970,1.050056,1.267596,0.000000,0.640712,1.000000,0.000000,0.000000,6.726425,inf,2653920,2653920,55872,,False,7.942688,7.942688,165.736842
797,93,93.000000,0.160524,0.076528,0.647799,0.575745,1.036276,1.142558,2.108081,0.000000,0.647799,1.000000,0.000000,0.000000,7.117074,inf,2598048,2598048,55872,,False,7.946351,7.946351,164.408602
798,104,104.000000,0.161460,0.068890,0.649548,0.611001,1.003059,1.205381,1.859024,0.000000,0.649548,1.000000,0.000000,0.000000,7.164537,inf,2905344,2905344,55872,,False,7.948667,7.948668,166.605769
799,93,93.000000,0.149850,0.078211,0.629861,0.578074,1.003752,1.176691,1.788230,0.000000,0.629861,1.000000,0.000000,0.000000,7.273605,inf,2598048,2598048,55872,,False,7.951742,7.951742,157.150538
800,92,92.000000,0.174030,0.079429,0.648432,0.583641,1.047203,1.261315,2.482048,0.000000,0.648432,1.000000,0.000000,0.000000,7.307445,inf,2570112,2570112,55872,,False,7.954354,7.954355,183.336957
801,106,106.000000,0.163609,0.071562,0.658472,0.616334,0.959062,1.053566,2.472971,0.000000,0.658472,1.000000,0.000000,0.000000,7.585617,inf,2961216,2961216,55872,,False,7.958220,7.958220,167.867925
802,87,87.000000,0.161802,0.071750,0.624846,0.568271,0.944979,1.160382,1.547497,0.000000,0.624846,1.000000,0.000000,0.000000,6.242269,inf,2430432,2430432,55872,,False,7.960645,7.960645,177.632184
803,88,88.000000,0.154114,0.080805,0.697928,0.623746,1.137339,1.271191,2.254053,0.000000,0.697928,1.000000,0.000000,0.000000,7.110878,inf,2458368,2458368,55872,,False,7.963627,7.963627,157.295455
804,70,70.000000,0.156738,0.089066,0.664298,0.601334,1.013892,1.327468,1.539267,0.000000,0.664298,1.000000,0.000000,0.000000,6.234594,inf,1955520,1955520,55872,,False,7.967004,7.967003,163.885714
805,86,86.000000,0.165693,0.085943,0.661182,0.578517,1.022793,1.137121,3.564509,0.000000,0.661182,1.000000,0.000000,0.000000,7.391080,inf,2402496,2402496,55872,,False,7.969641,7.969641,175.174419
806,104,104.000000,0.150358,0.076083,0.660825,0.543129,1.066706,1.301442,2.016102,0.000000,0.660825,1.000000,0.000000,0.000000,7.912596,inf,2905344,2905344,55872,,False,7.973238,7.973237,155.817308
807,83,83.000000,0.152013,0.077333,0.668898,0.588497,1.105614,1.218188,1.564853,0.000000,0.668898,1.000000,0.000000,0.000000,6.418627,inf,2318688,2318688,55872,,False,7.976910,7.976910,159.710843
808,80,80.000000,0.156801,0.074968,0.647566,0.601729,1.003386,1.112480,1.372819,0.000000,0.647566,1.000000,0.000000,0.000000,5.997413,inf,2234880,2234880,55872,,False,7.980846,7.980846,162.612500
809,103,103.000000,0.149473,0.077933,0.683384,0.621868,1.006492,1.162571,2.555331,0.000000,0.683384,1.000000,0.000000,0.000000,8.027059,inf,2877408,2877408,55872,,False,7.984023,7.984023,146.339806
810,86,86.000000,0.154375,0.078426,0.654749,0.616476,0.915048,1.057355,1.786025,0.000000,0.654749,1.000000,0.000000,0.000000,6.744628,inf,2402496,2402496,55872,,False,7.987418,7.987417,159.395349
811,95,95.000000,0.147051,0.077424,0.660354,0.579695,1.096755,1.194967,1.557710,0.000000,0.660354,1.000000,0.000000,0.000000,7.355303,inf,2653920,2653920,55872,,False,7.991758,7.991758,150.052632
812,86,86.000000,0.168669,0.080684,0.645242,0.588574,0.919283,1.036264,1.877230,0.000000,0.645242,1.000000,0.000000,0.000000,6.938861,inf,2402496,2402496,55872,,False,7.994313,7.994313,188.453488
813,100,100.000000,0.146769,0.071342,0.644255,0.576617,0.942162,1.141343,1.637768,0.000000,0.644255,1.000000,0.000000,0.000000,7.134218,inf,2793600,2793600,55872,,False,7.998179,7.998179,168.860000
814,88,88.000000,0.160637,0.085717,0.728838,0.668317,1.240766,1.490008,2.013775,0.000000,0.728838,1.000000,0.000000,0.000000,7.543123,inf,2458368,2458368,55872,,False,8.000336,8.000335,150.295455
815,81,81.000000,0.161712,0.086762,0.692120,0.641799,1.016357,1.205213,2.087394,0.000000,0.692120,1.000000,0.000000,0.000000,7.027729,inf,2262816,2262816,55872,,False,8.002072,8.002072,151.395062
816,108,108.000000,0.165667,0.073200,0.633299,0.587719,0.991272,1.144352,2.132128,0.000000,0.633299,1.000000,0.000000,0.000000,7.905555,inf,3017088,3017088,55872,,False,8.005843,8.005843,166.574074
817,95,95.000000,0.163782,0.072384,0.653252,0.650261,1.024901,1.160017,1.377789,0.000000,0.653252,1.000000,0.000000,0.000000,6.876433,inf,2653920,2653920,55872,,False,8.008035,8.008035,165.315789
818,87,87.000000,0.168988,0.077638,0.672972,0.626757,0.991195,1.121826,1.327988,0.000000,0.672972,1.000000,0.000000,0.000000,6.754490,inf,2430432,2430432,55872,,False,8.011990,8.011990,162.666667
819,96,96.000000,0.154360,0.079297,0.681548,0.605418,1.081831,1.328897,2.103531,0.000000,0.681548,1.000000,0.000000,0.000000,7.612523,inf,2681856,2681856,55872,,False,8.014729,8.014730,157.322917
820,96,96.000000,0.147387,0.069946,0.648305,0.603765,1.047032,1.150442,1.693239,0.000000,0.648305,1.000000,0.000000,0.000000,6.714839,inf,2681856,2681856,55872,,False,8.018375,8.018375,147.343750
821,102,102.000000,0.159641,0.075870,0.713929,0.661691,1.066508,1.522621,1.838613,0.000000,0.713929,1.000000,0.000000,0.000000,7.738748,inf,2849472,2849472,55872,,False,8.020338,8.020338,150.823529
822,101,101.000000,0.158098,0.078610,0.715208,0.671562,1.151663,1.503058,1.756214,0.000000,0.715208,1.000000,0.000000,0.000000,7.939627,inf,2821536,2821536,55872,,False,8.022684,8.022684,151.188119
823,101,101.000000,0.168363,0.081887,0.722131,0.639513,1.185347,1.727697,2.595803,0.000000,0.722131,1.000000,0.000000,0.000000,8.270600,inf,2821536,2821536,55872,,False,8.024804,8.024804,145.455446
824,97,97.000000,0.162747,0.074749,0.618521,0.553538,0.908047,1.140329,2.093974,0.000000,0.618521,1.000000,0.000000,0.000000,7.250642,inf,2709792,2709792,55872,,False,8.027168,8.027168,178.587629
825,89,89.000000,0.164091,0.076144,0.652319,0.592848,0.922902,0.992000,2.247849,0.000000,0.652319,1.000000,0.000000,0.000000,6.776817,inf,2486304,2486304,55872,,False,8.030640,8.030640,169.146067
826,100,100.000000,0.168795,0.076532,0.697452,0.599523,1.075592,1.323555,1.827871,0.000000,0.697452,1.000000,0.000000,0.000000,7.653186,inf,2793600,2793600,55872,,False,8.032041,8.032041,163.230000
827,95,95.000000,0.160189,0.076630,0.659461,0.588426,1.149200,1.361768,1.757027,0.000000,0.659461,1.000000,0.000000,0.000000,7.279860,inf,2653920,2653920,55872,,False,8.034802,8.034802,161.252632
828,107,107.000000,0.161025,0.080315,0.716684,0.685712,1.226410,1.365575,1.766931,0.000000,0.716684,1.000000,0.000000,0.000000,8.593664,inf,2989152,2989152,55872,,False,8.036446,8.036446,141.271028
829,94,94.000000,0.163011,0.078617,0.677038,0.592753,1.079749,1.217747,2.438619,0.000000,0.677038,1.000000,0.000000,0.000000,7.390015,inf,2625984,2625984,55872,,False,8.040643,8.040643,159.797872
830,111,111.000000,0.171790,0.069281,0.675891,0.559361,1.108209,1.193025,1.984543,0.000000,0.675891,1.000000,0.000000,0.000000,7.690220,inf,3100896,3100896,55872,,False,8.042961,8.042961,172.963964
831,94,94.000000,0.162030,0.078857,0.668041,0.583367,1.005220,1.178315,2.621206,0.000000,0.668041,1.000000,0.000000,0.000000,7.412523,inf,2625984,2625984,55872,,False,8.045244,8.045244,155.212766
832,89,89.000000,0.169397,0.080672,0.669578,0.614175,1.190196,1.278790,1.694742,0.000000,0.669578,1.000000,0.000000,0.000000,7.179823,inf,2486304,2486304,55872,,False,8.046977,8.046976,163.202247
833,93,93.000000,0.172500,0.085144,0.722444,0.593663,1.267903,1.455723,1.776199,0.000000,0.722444,1.000000,0.000000,0.000000,7.918353,inf,2598048,2598048,55872,,False,8.049788,8.049788,169.483871
834,82,82.000000,0.145420,0.083326,0.710626,0.689524,1.151545,1.222900,1.556680,0.000000,0.710626,1.000000,0.000000,0.000000,6.832711,inf,2290752,2290752,55872,,False,8.053324,8.053324,120.658537
835,82,82.000000,0.161230,0.071941,0.610682,0.574308,1.029588,1.107122,1.501221,0.000000,0.610682,1.000000,0.000000,0.000000,5.899139,inf,2290752,2290752,55872,,False,8.056423,8.056422,172.987805
836,86,86.000000,0.164057,0.084158,0.676819,0.616624,1.014608,1.195440,3.121296,0.000000,0.676819,1.000000,0.000000,0.000000,7.237578,inf,2402496,2402496,55872,,False,8.058290,8.058290,156.709302
837,95,95.000000,0.153050,0.070239,0.669192,0.666906,0.988508,1.153975,1.321127,0.000000,0.669192,1.000000,0.000000,0.000000,6.672687,inf,2653920,2653920,55872,,False,8.061271,8.061270,141.610526
838,87,87.000000,0.166721,0.082001,0.690268,0.641209,1.124959,1.231623,1.639983,0.000000,0.690268,1.000000,0.000000,0.000000,7.134103,inf,2430432,2430432,55872,,False,8.064102,8.064102,150.402299
839,96,96.000000,0.169355,0.082925,0.743507,0.683405,1.257261,1.424125,2.172212,0.000000,0.743507,1.000000,0.000000,0.000000,7.960825,inf,2681856,2681856,55872,,False,8.066421,8.066421,151.177083
840,84,84.000000,0.139245,0.088771,0.685367,0.627418,1.097538,1.284945,3.005932,0.000000,0.685367,1.000000,0.000000,0.000000,7.456730,inf,2346624,2346624,55872,,False,8.069368,8.069368,131.892857
841,90,90.000000,0.175899,0.073729,0.620635,0.556996,0.985512,1.173314,2.155227,0.000000,0.620635,1.000000,0.000000,0.000000,6.635616,inf,2514240,2514240,55872,,False,8.072515,8.072515,207.577778
842,88,88.000000,0.151446,0.083321,0.725042,0.631219,1.188910,1.304950,1.526133,0.000000,0.725042,1.000000,0.000000,0.000000,7.332239,inf,2458368,2458368,55872,,False,8.075188,8.075188,135.750000
843,109,109.000000,0.151770,0.067281,0.601272,0.572154,0.943447,1.029572,1.371147,0.000000,0.601272,1.000000,0.000000,0.000000,7.333595,inf,3045024,3045024,55872,,False,8.078012,8.078012,179.440367
844,92,92.000000,0.158198,0.073249,0.629944,0.565139,1.026771,1.265684,1.534252,0.000000,0.629944,1.000000,0.000000,0.000000,6.738925,inf,2570112,2570112,55872,,False,8.081924,8.081924,181.728261
845,103,103.000000,0.154560,0.071281,0.681512,0.643214,0.959674,1.079752,1.645457,0.000000,0.681512,1.000000,0.000000,0.000000,7.341964,inf,2877408,2877408,55872,,False,8.085233,8.085233,149.436893
846,87,87.000000,0.148056,0.075127,0.608064,0.567282,0.925837,1.157605,1.869309,0.000000,0.608064,1.000000,0.000000,0.000000,6.536086,inf,2430432,2430432,55872,,False,8.088173,8.088173,167.678161
847,89,89.000000,0.168958,0.081624,0.665483,0.619784,1.078392,1.190045,2.058734,0.000000,0.665483,1.000000,0.000000,0.000000,7.264513,inf,2486304,2486304,55872,,False,8.091222,8.091222,158.584270
848,107,107.000000,0.152584,0.073928,0.705567,0.651800,1.174612,1.320726,1.880468,0.000000,0.705567,1.000000,0.000000,0.000000,7.910296,inf,2989152,2989152,55872,,False,8.093880,8.093880,144.074766
849,92,92.000000,0.147582,0.074676,0.640707,0.600250,1.028200,1.148721,1.530957,0.000000,0.640707,1.000000,0.000000,0.000000,6.870194,inf,2570112,2570112,55872,,False,8.096696,8.096696,161.065217
850,86,86.000000,0.146545,0.074007,0.638664,0.611167,0.995843,1.078134,1.288588,0.000000,0.638664,1.000000,0.000000,0.000000,6.364559,inf,2402496,2402496,55872,,False,8.100103,8.100102,144.174419
851,81,81.000000,0.161257,0.085153,0.672647,0.571798,0.967502,1.297640,2.475419,0.000000,0.672647,1.000000,0.000000,0.000000,6.897399,inf,2262816,2262816,55872,,False,8.101830,8.101830,171.456790
852,100,100.000000,0.154977,0.070260,0.650384,0.610287,1.037752,1.124453,1.993944,0.000000,0.650384,1.000000,0.000000,0.000000,7.026039,inf,2793600,2793600,55872,,False,8.104371,8.104371,155.770000
853,93,93.000000,0.153628,0.077511,0.668693,0.596322,1.028794,1.490112,2.741578,0.000000,0.668693,1.000000,0.000000,0.000000,7.208541,inf,2598048,2598048,55872,,False,8.108159,8.108159,141.279570
854,101,101.000000,0.153408,0.088521,0.735805,0.629221,1.178436,1.323530,3.674891,0.000000,0.735805,1.000000,0.000000,0.000000,8.940582,inf,2821536,2821536,55872,,False,8.110471,8.110470,143.079208
855,103,103.000000,0.170260,0.076323,0.691617,0.657818,1.050175,1.162855,2.180663,0.000000,0.691617,1.000000,0.000000,0.000000,7.861244,inf,2877408,2877408,55872,,False,8.112714,8.112714,152.640777
856,92,92.000000,0.175686,0.082781,0.663859,0.552945,0.999435,1.249325,2.489513,0.000000,0.663859,1.000000,0.000000,0.000000,7.615817,inf,2570112,2570112,55872,,False,8.114750,8.114750,179.804348
857,91,91.000000,0.167861,0.070978,0.622506,0.586346,0.947190,1.180371,2.215990,0.000000,0.622506,1.000000,0.000000,0.000000,6.459001,inf,2542176,2542176,55872,,False,8.118405,8.118405,182.197802
858,89,89.000000,0.164159,0.085478,0.690587,0.605690,1.115923,1.409136,2.627401,0.000000,0.690587,1.000000,0.000000,0.000000,7.607571,inf,2486304,2486304,55872,,False,8.120591,8.120591,155.292135
859,83,83.000000,0.149489,0.091573,0.759987,0.695537,1.112377,1.242114,2.696415,0.000000,0.759987,1.000000,0.000000,0.000000,7.600545,inf,2318688,2318688,55872,,False,8.122929,8.122929,122.313253
860,83,83.000000,0.154588,0.084995,0.695192,0.621250,1.146613,1.330205,1.592602,0.000000,0.695192,1.000000,0.000000,0.000000,7.054617,inf,2318688,2318688,55872,,False,8.125973,8.125973,150.843373
861,122,122.000000,0.170321,0.066926,0.656196,0.578037,1.069541,1.201401,1.542674,0.000000,0.656196,1.000000,0.000000,0.000000,8.165019,inf,3408192,3408192,55872,,False,8.128111,8.128111,175.106557
862,85,85.000000,0.173536,0.083997,0.668001,0.541617,1.218450,1.351470,2.217962,0.000000,0.668001,1.000000,0.000000,0.000000,7.139718,inf,2374560,2374560,55872,,False,8.130914,8.130914,170.717647
863,95,95.000000,0.160922,0.072773,0.656085,0.608103,0.969379,1.129475,1.388132,0.000000,0.656085,1.000000,0.000000,0.000000,6.913389,inf,2653920,2653920,55872,,False,8.132985,8.132985,142.642105
864,84,84.000000,0.158775,0.084507,0.647879,0.539192,1.032771,1.421367,2.773316,0.000000,0.647879,1.000000,0.000000,0.000000,7.098604,inf,2346624,2346624,55872,,False,8.135813,8.135813,179.654762
865,94,94.000000,0.162573,0.069877,0.650587,0.644622,0.970901,1.054228,1.572627,0.000000,0.650587,1.000000,0.000000,0.000000,6.568431,inf,2625984,2625984,55872,,False,8.138673,8.138673,164.893617
866,98,98.000000,0.170388,0.078267,0.665372,0.571279,1.128329,1.293892,1.765252,0.000000,0.665372,1.000000,0.000000,0.000000,7.670147,inf,2737728,2737728,55872,,False,8.141283,8.141283,212.091837
867,84,84.000000,0.157540,0.086206,0.671972,0.589546,1.070981,1.793627,2.172131,0.000000,0.671972,1.000000,0.000000,0.000000,7.241290,inf,2346624,2346624,55872,,False,8.144082,8.144082,140.821429
868,84,84.000000,0.171436,0.084685,0.711675,0.644364,1.181673,1.322225,1.878243,0.000000,0.711675,1.000000,0.000000,0.000000,7.113523,inf,2346624,2346624,55872,,False,8.145392,8.145391,153.928571
869,104,104.000000,0.171763,0.070890,0.640188,0.596355,1.011575,1.168789,1.722195,0.000000,0.640188,1.000000,0.000000,0.000000,7.372586,inf,2905344,2905344,55872,,False,8.147507,8.147506,197.317308
870,104,104.000000,0.163953,0.065615,0.614689,0.557696,0.976938,1.129571,1.730786,0.000000,0.614689,1.000000,0.000000,0.000000,6.823920,inf,2905344,2905344,55872,,False,8.150445,8.150446,175.500000
871,97,97.000000,0.178463,0.070897,0.644209,0.578779,1.007423,1.197236,2.299333,0.000000,0.644209,1.000000,0.000000,0.000000,6.876985,inf,2709792,2709792,55872,,False,8.152465,8.152465,184.226804
872,81,81.000000,0.168199,0.090866,0.751639,0.709001,1.058698,1.245394,2.040700,0.000000,0.751639,1.000000,0.000000,0.000000,7.360126,inf,2262816,2262816,55872,,False,8.154217,8.154217,138.493827
873,90,90.000000,0.157986,0.076909,0.649730,0.590659,1.016732,1.249393,1.546728,0.000000,0.649730,1.000000,0.000000,0.000000,6.921839,inf,2514240,2514240,55872,,False,8.156724,8.156724,157.400000
874,106,106.000000,0.166865,0.068876,0.649141,0.596109,1.045146,1.262554,1.916392,0.000000,0.649141,1.000000,0.000000,0.000000,7.300878,inf,2961216,2961216,55872,,False,8.159918,8.159918,181.613208
875,93,93.000000,0.149918,0.080411,0.690301,0.610391,1.108220,1.298578,2.771002,0.000000,0.690301,1.000000,0.000000,0.000000,7.478215,inf,2598048,2598048,55872,,False,8.163187,8.163187,153.064516
876,94,94.000000,0.147311,0.077286,0.660778,0.598463,1.077269,1.395592,2.199166,0.000000,0.660778,1.000000,0.000000,0.000000,7.264885,inf,2625984,2625984,55872,,False,8.166726,8.166726,165.117021
877,104,104.000000,0.144861,0.066123,0.607620,0.572657,0.961674,1.160343,1.542443,0.000000,0.607620,1.000000,0.000000,0.000000,6.876771,inf,2905344,2905344,55872,,False,8.169846,8.169846,153.721154
878,95,95.000000,0.151487,0.083730,0.713404,0.667601,1.208007,1.391999,2.095146,0.000000,0.713404,1.000000,0.000000,0.000000,7.954366,inf,2653920,2653920,55872,,False,8.171628,8.171628,142.126316
879,85,85.000000,0.158708,0.075927,0.649090,0.603012,1.109984,1.164412,1.328260,0.000000,0.649090,1.000000,0.000000,0.000000,6.453805,inf,2374560,2374560,55872,,False,8.174037,8.174036,157.470588
880,93,93.000000,0.173597,0.081165,0.673081,0.565926,1.135983,1.450232,2.320210,0.000000,0.673081,1.000000,0.000000,0.000000,7.548384,inf,2598048,2598048,55872,,False,8.176515,8.176515,196.978495
881,105,105.000000,0.155407,0.070859,0.637508,0.601908,0.998792,1.147693,2.027193,0.000000,0.637508,1.000000,0.000000,0.000000,7.440222,inf,2933280,2933280,55872,,False,8.179155,8.179155,165.200000
882,99,99.000000,0.155324,0.075778,0.662803,0.546645,1.115335,1.346573,1.855713,0.000000,0.662803,1.000000,0.000000,0.000000,7.502041,inf,2765664,2765664,55872,,False,8.181408,8.181408,174.191919
883,91,91.000000,0.158223,0.076670,0.685463,0.606611,0.982875,1.344385,1.793073,0.000000,0.685463,1.000000,0.000000,0.000000,6.976996,inf,2542176,2542176,55872,,False,8.184356,8.184357,150.692308
884,102,102.000000,0.155446,0.077099,0.662798,0.640861,0.979732,1.281672,2.329193,0.000000,0.662798,1.000000,0.000000,0.000000,7.864147,inf,2849472,2849472,55872,,False,8.187375,8.187376,158.823529
885,89,89.000000,0.158376,0.084519,0.690063,0.624086,1.003298,1.264590,2.173274,0.000000,0.690063,1.000000,0.000000,0.000000,7.522197,inf,2486304,2486304,55872,,False,8.190684,8.190683,169.000000
886,110,110.000000,0.143609,0.068494,0.635210,0.587288,0.976351,1.147404,1.890397,0.000000,0.635210,1.000000,0.000000,0.000000,7.534319,inf,3072960,3072960,55872,,False,8.193163,8.193162,145.572727
887,101,101.000000,0.146704,0.069915,0.680077,0.628005,1.052545,1.196997,1.753756,0.000000,0.680077,1.000000,0.000000,0.000000,7.061408,inf,2821536,2821536,55872,,False,8.196102,8.196102,166.504950
888,109,109.000000,0.155902,0.064329,0.595646,0.549945,0.998631,1.179532,1.909263,0.000000,0.595646,1.000000,0.000000,0.000000,7.011808,inf,3045024,3045024,55872,,False,8.198729,8.198729,186.834862
889,83,83.000000,0.150466,0.076790,0.615401,0.573369,0.962821,1.189504,1.600967,0.000000,0.615401,1.000000,0.000000,0.000000,6.373533,inf,2318688,2318688,55872,,False,8.201472,8.201472,166.240964
890,81,81.000000,0.161834,0.076413,0.636973,0.599520,0.970766,0.982669,2.030841,0.000000,0.636973,1.000000,0.000000,0.000000,6.189493,inf,2262816,2262816,55872,,False,8.204125,8.204125,161.728395
891,107,107.000000,0.174976,0.073761,0.661147,0.560447,0.997038,1.177236,2.254482,0.000000,0.661147,1.000000,0.000000,0.000000,7.892435,inf,2989152,2989152,55872,,False,8.206504,8.206504,180.635514
892,84,84.000000,0.166723,0.081985,0.671431,0.588809,1.068570,1.451249,1.817932,0.000000,0.671431,1.000000,0.000000,0.000000,6.886775,inf,2346624,2346624,55872,,False,8.208449,8.208448,163.154762
893,103,103.000000,0.167455,0.071731,0.660911,0.590696,0.998457,1.162200,2.018846,0.000000,0.660911,1.000000,0.000000,0.000000,7.388278,inf,2877408,2877408,55872,,False,8.210582,8.210582,185.524272
894,99,99.000000,0.134508,0.067294,0.612053,0.582554,0.896416,1.073793,1.895583,0.000000,0.612053,1.000000,0.000000,0.000000,6.662110,inf,2765664,2765664,55872,,False,8.214120,8.214120,152.484848
895,105,105.000000,0.151535,0.071553,0.677981,0.594951,1.087540,1.278497,1.614373,0.000000,0.677981,1.000000,0.000000,0.000000,7.513069,inf,2933280,2933280,55872,,False,8.216397,8.216397,148.142857
896,99,99.000000,0.168772,0.077895,0.680459,0.637822,1.174532,1.405760,1.644825,0.000000,0.680459,1.000000,0.000000,0.000000,7.711652,inf,2765664,2765664,55872,,False,8.218513,8.218513,166.222222
897,91,91.000000,0.147187,0.078881,0.707722,0.677497,1.171291,1.383523,1.827083,0.000000,0.707722,1.000000,0.000000,0.000000,7.178150,inf,2542176,2542176,55872,,False,8.219873,8.219872,140.241758
898,94,94.000000,0.158229,0.081729,0.710260,0.618487,1.114040,1.249909,2.151165,0.000000,0.710260,1.000000,0.000000,0.000000,7.682570,inf,2625984,2625984,55872,,False,8.221473,8.221473,146.148936
899,105,105.000000,0.168958,0.070426,0.638197,0.565465,0.899153,1.030115,3.436360,0.000000,0.638197,1.000000,0.000000,0.000000,7.394774,inf,2933280,2933280,55872,,False,8.224109,8.224108,169.638095
900,92,92.000000,0.160020,0.083551,0.708770,0.602755,1.130511,1.341498,2.831246,0.000000,0.708770,1.000000,0.000000,0.000000,7.686691,inf,2570112,2570112,55872,,False,8.225439,8.225439,155.978261
901,105,105.000000,0.154156,0.070907,0.689124,0.622095,1.164914,1.258941,2.230039,0.000000,0.689124,1.000000,0.000000,0.000000,7.445250,inf,2933280,2933280,55872,,False,8.228081,8.228082,151.266667
902,102,102.000000,0.138003,0.069687,0.633775,0.585591,1.018673,1.119900,1.346513,0.000000,0.633775,1.000000,0.000000,0.000000,7.108048,inf,2849472,2849472,55872,,False,8.231203,8.231203,153.029412
903,93,93.000000,0.171470,0.073024,0.639325,0.580883,0.933896,1.157107,2.315368,0.000000,0.639325,1.000000,0.000000,0.000000,6.791213,inf,2598048,2598048,55872,,False,8.232223,8.232223,185.043011
904,127,127.000000,0.162159,0.071866,0.708583,0.650575,1.094666,1.308449,3.384123,0.000000,0.708583,1.000000,0.000000,0.000000,9.126971,inf,3547872,3547872,55872,,False,8.233500,8.233501,157.440945
905,104,104.000000,0.161660,0.070741,0.623249,0.561293,0.965303,1.116814,1.730739,0.000000,0.623249,1.000000,0.000000,0.000000,7.357046,inf,2905344,2905344,55872,,False,8.235723,8.235723,178.288462
906,104,104.000000,0.155898,0.070524,0.671842,0.616823,1.081779,1.194957,1.701132,0.000000,0.671842,1.000000,0.000000,0.000000,7.334525,inf,2905344,2905344,55872,,False,8.238867,8.238867,158.750000
907,98,98.000000,0.146483,0.072647,0.631413,0.575055,1.094155,1.173097,2.367254,0.000000,0.631413,1.000000,0.000000,0.000000,7.119393,inf,2737728,2737728,55872,,False,8.241559,8.241559,148.255102
908,101,101.000000,0.166446,0.080086,0.701383,0.621933,1.172179,1.284597,2.265709,0.000000,0.701383,1.000000,0.000000,0.000000,8.088712,inf,2821536,2821536,55872,,False,8.243383,8.243383,167.871287
909,110,110.000000,0.153245,0.071261,0.643676,0.580130,0.987212,1.144116,2.831421,0.000000,0.643676,1.000000,0.000000,0.000000,7.838753,inf,3072960,3072960,55872,,False,8.246691,8.246691,159.654545
910,91,91.000000,0.161594,0.087229,0.732875,0.643312,1.094487,1.438290,3.122308,0.000000,0.732875,1.000000,0.000000,0.000000,7.937806,inf,2542176,2542176,55872,,False,8.248868,8.248868,162.087912
911,107,107.000000,0.168513,0.074488,0.699147,0.630601,1.178950,1.319717,2.180814,0.000000,0.699147,1.000000,0.000000,0.000000,7.970245,inf,2989152,2989152,55872,,False,8.250854,8.250854,164.542056
912,94,94.000000,0.174380,0.080657,0.730070,0.692641,1.132068,1.387853,1.817784,0.000000,0.730070,1.000000,0.000000,0.000000,7.581743,inf,2625984,2625984,55872,,False,8.252075,8.252075,161.053191
913,87,87.000000,0.162185,0.079534,0.687828,0.626623,1.010290,1.261513,2.707150,0.000000,0.687828,1.000000,0.000000,0.000000,6.919466,inf,2430432,2430432,55872,,False,8.254631,8.254631,163.126437
914,105,105.000000,0.156856,0.072740,0.678507,0.657627,1.078821,1.214306,2.080350,0.000000,0.678507,1.000000,0.000000,0.000000,7.637725,inf,2933280,2933280,55872,,False,8.257024,8.257024,152.590476
915,89,89.000000,0.141815,0.077946,0.663976,0.604433,1.038949,1.233744,1.971954,0.000000,0.663976,1.000000,0.000000,0.000000,6.937168,inf,2486304,2486304,55872,,False,8.259506,8.259506,156.449438
916,115,115.000000,0.148751,0.068859,0.662845,0.627044,1.056447,1.189303,2.091136,0.000000,0.662845,1.000000,0.000000,0.000000,7.918771,inf,3212640,3212640,55872,,False,8.262044,8.262044,144.756522
917,98,98.000000,0.150538,0.067971,0.606436,0.557686,0.903739,1.070495,1.782128,0.000000,0.606436,1.000000,0.000000,0.000000,6.661160,inf,2737728,2737728,55872,,False,8.264336,8.264336,169.489796
918,82,82.000000,0.148506,0.079644,0.636706,0.535254,1.012307,1.230423,1.824051,0.000000,0.636706,1.000000,0.000000,0.000000,6.530778,inf,2290752,2290752,55872,,False,8.266121,8.266121,159.658537
919,91,91.000000,0.160017,0.077059,0.686484,0.631369,1.041431,1.247591,1.997301,0.000000,0.686484,1.000000,0.000000,0.000000,7.012404,inf,2542176,2542176,55872,,False,8.268062,8.268062,153.351648
920,99,99.000000,0.149803,0.076343,0.692909,0.605590,1.116282,1.392459,2.481405,0.000000,0.692909,1.000000,0.000000,0.000000,7.557954,inf,2765664,2765664,55872,,False,8.270381,8.270381,165.939394
921,83,83.000000,0.160872,0.070568,0.605419,0.550527,1.028977,1.253616,1.472258,0.000000,0.605419,1.000000,0.000000,0.000000,5.857161,inf,2318688,2318688,55872,,False,8.272977,8.272977,182.457831
922,93,93.000000,0.164598,0.075765,0.672251,0.646596,1.087283,1.226564,1.673748,0.000000,0.672251,1.000000,0.000000,0.000000,7.046108,inf,2598048,2598048,55872,,False,8.274713,8.274713,174.634409
923,103,103.000000,0.161865,0.073789,0.701118,0.674718,1.070931,1.266214,1.608443,0.000000,0.701118,1.000000,0.000000,0.000000,7.600258,inf,2877408,2877408,55872,,False,8.276695,8.276695,169.330097
924,95,95.000000,0.166219,0.080788,0.687406,0.618239,1.070926,1.164702,2.489259,0.000000,0.687406,1.000000,0.000000,0.000000,7.674840,inf,2653920,2653920,55872,,False,8.278596,8.278596,157.778947
925,105,105.000000,0.150797,0.068986,0.649223,0.622921,0.963661,1.094712,1.570509,0.000000,0.649223,1.000000,0.000000,0.000000,7.243535,inf,2933280,2933280,55872,,False,8.281490,8.281490,157.019048
926,106,106.000000,0.159920,0.072783,0.665692,0.656063,1.093771,1.178730,1.643438,0.000000,0.665692,1.000000,0.000000,0.000000,7.714958,inf,2961216,2961216,55872,,False,8.283309,8.283309,156.311321
927,87,87.000000,0.149840,0.082162,0.697304,0.621690,1.099115,1.256088,2.198327,0.000000,0.697304,1.000000,0.000000,0.000000,7.148071,inf,2430432,2430432,55872,,False,8.285600,8.285600,151.586207
928,85,85.000000,0.173775,0.074016,0.645812,0.591223,1.019864,1.243571,1.365964,0.000000,0.645812,1.000000,0.000000,0.000000,6.291340,inf,2374560,2374560,55872,,False,8.287758,8.287758,187.352941
929,97,97.000000,0.147836,0.074553,0.664871,0.634351,1.038102,1.154286,2.358159,0.000000,0.664871,1.000000,0.000000,0.000000,7.231684,inf,2709792,2709792,55872,,False,8.289595,8.289596,136.329897
930,82,82.000000,0.166622,0.078694,0.649410,0.591867,0.918840,1.146972,2.599599,0.000000,0.649410,1.000000,0.000000,0.000000,6.452914,inf,2290752,2290752,55872,,False,8.291996,8.291996,170.719512
931,98,98.000000,0.154538,0.078617,0.711818,0.670546,1.144450,1.230282,1.809639,0.000000,0.711818,1.000000,0.000000,0.000000,7.704448,inf,2737728,2737728,55872,,False,8.294189,8.294189,162.979592
932,96,96.000000,0.151066,0.073265,0.647749,0.561911,1.031350,1.219477,1.483823,0.000000,0.647749,1.000000,0.000000,0.000000,7.033483,inf,2681856,2681856,55872,,False,8.296467,8.296467,164.593750
933,97,97.000000,0.157428,0.074649,0.691104,0.628305,1.134233,1.237455,2.252132,0.000000,0.691104,1.000000,0.000000,0.000000,7.240917,inf,2709792,2709792,55872,,False,8.298050,8.298050,165.814433
934,85,85.000000,0.175291,0.078618,0.662976,0.611447,1.011948,1.261254,2.178557,0.000000,0.662976,1.000000,0.000000,0.000000,6.682528,inf,2374560,2374560,55872,,False,8.299465,8.299465,174.729412
935,111,111.000000,0.143538,0.073025,0.673440,0.639994,0.985517,1.324799,2.003023,0.000000,0.673440,1.000000,0.000000,0.000000,8.105774,inf,3100896,3100896,55872,,False,8.301707,8.301707,133.288288
936,101,101.000000,0.151980,0.067615,0.613803,0.540402,0.987913,1.168796,1.801391,0.000000,0.613803,1.000000,0.000000,0.000000,6.829094,inf,2821536,2821536,55872,,False,8.303933,8.303933,170.059406
937,100,100.000000,0.164682,0.075523,0.679151,0.618294,1.095719,1.234843,1.631809,0.000000,0.679151,1.000000,0.000000,0.000000,7.552329,inf,2793600,2793600,55872,,False,8.305357,8.305356,188.340000
938,99,99.000000,0.155533,0.075241,0.665669,0.633760,1.025841,1.126009,2.470613,0.000000,0.665669,1.000000,0.000000,0.000000,7.448882,inf,2765664,2765664,55872,,False,8.307910,8.307911,168.434343
939,115,115.000000,0.172307,0.071302,0.686627,0.617128,1.085543,1.479826,1.807514,0.000000,0.686627,1.000000,0.000000,0.000000,8.199695,inf,3212640,3212640,55872,,False,8.309599,8.309599,167.643478
940,93,93.000000,0.153558,0.076238,0.677269,0.572147,1.173990,1.283463,1.795983,0.000000,0.677269,1.000000,0.000000,0.000000,7.090154,inf,2598048,2598048,55872,,False,8.312382,8.312382,168.000000
941,109,109.000000,0.150769,0.073130,0.678370,0.655856,1.031561,1.203938,1.515730,0.000000,0.678370,1.000000,0.000000,0.000000,7.971195,inf,3045024,3045024,55872,,False,8.313801,8.313800,145.706422
942,103,103.000000,0.142330,0.077446,0.679270,0.615549,1.121509,1.223386,1.699797,0.000000,0.679270,1.000000,0.000000,0.000000,7.976975,inf,2877408,2877408,55872,,False,8.316951,8.316951,145.446602
943,89,89.000000,0.156859,0.074465,0.639390,0.600467,0.858064,1.129342,2.049377,0.000000,0.639390,1.000000,0.000000,0.000000,6.627392,inf,2486304,2486304,55872,,False,8.319223,8.319223,167.719101
944,93,93.000000,0.139776,0.071193,0.620182,0.558539,0.955978,1.158007,1.462012,0.000000,0.620182,1.000000,0.000000,0.000000,6.620983,inf,2598048,2598048,55872,,False,8.322223,8.322223,179.408602
945,96,96.000000,0.159638,0.081369,0.713143,0.598925,1.105814,1.303626,2.866748,0.000000,0.713143,1.000000,0.000000,0.000000,7.811426,inf,2681856,2681856,55872,,False,8.324559,8.324559,165.354167
946,84,84.000000,0.143340,0.091492,0.699241,0.611601,1.038223,1.491418,2.706942,0.000000,0.699241,1.000000,0.000000,0.000000,7.685363,inf,2346624,2346624,55872,,False,8.326638,8.326638,147.571429
947,98,98.000000,0.164671,0.079121,0.700308,0.634366,1.080387,1.484494,2.227808,0.000000,0.700308,1.000000,0.000000,0.000000,7.753831,inf,2737728,2737728,55872,,False,8.328179,8.328179,165.051020
948,92,92.000000,0.143123,0.078938,0.667461,0.608888,1.036958,1.192565,1.403419,0.000000,0.667461,1.000000,0.000000,0.000000,7.262270,inf,2570112,2570112,55872,,False,8.331258,8.331258,157.423913
949,80,80.000000,0.153259,0.080444,0.657325,0.660272,1.038159,1.263855,1.490648,0.000000,0.657325,1.000000,0.000000,0.000000,6.435508,inf,2234880,2234880,55872,,False,8.334362,8.334362,154.200000
950,92,92.000000,0.141350,0.077128,0.675908,0.622831,1.025727,1.247272,1.583466,0.000000,0.675908,1.000000,0.000000,0.000000,7.095761,inf,2570112,2570112,55872,,False,8.336835,8.336835,140.967391
951,79,79.000000,0.149176,0.083887,0.675313,0.621842,1.132999,1.330575,1.515319,0.000000,0.675313,1.000000,0.000000,0.000000,6.627070,inf,2206944,2206944,55872,,False,8.339229,8.339229,148.506329
952,101,101.000000,0.136968,0.085557,0.743241,0.703178,1.217696,1.605272,2.017729,0.000000,0.743241,1.000000,0.000000,0.000000,8.641234,inf,2821536,2821536,55872,,False,8.341187,8.341187,126.811881
953,95,95.000000,0.152940,0.086465,0.747796,0.643547,1.362213,1.508436,2.215973,0.000000,0.747796,1.000000,0.000000,0.000000,8.214152,inf,2653920,2653920,55872,,False,8.342415,8.342415,147.105263
954,114,114.000000,0.158307,0.068043,0.687744,0.644528,1.040381,1.128329,2.170956,0.000000,0.687744,1.000000,0.000000,0.000000,7.756934,inf,3184704,3184704,55872,,False,8.344794,8.344794,170.938596
955,103,103.000000,0.144143,0.076764,0.694244,0.615241,1.132363,1.308802,2.990323,0.000000,0.694244,1.000000,0.000000,0.000000,7.906736,inf,2877408,2877408,55872,,False,8.346617,8.346617,147.718447
956,82,82.000000,0.155520,0.087147,0.721952,0.662162,1.239064,1.307894,2.041530,0.000000,0.721952,1.000000,0.000000,0.000000,7.146060,inf,2290752,2290752,55872,,False,8.347519,8.347518,154.219512
957,85,85.000000,0.164807,0.084452,0.700736,0.609066,1.130903,1.256686,2.189552,0.000000,0.700736,1.000000,0.000000,0.000000,7.178386,inf,2374560,2374560,55872,,False,8.349714,8.349713,166.870588
958,74,74.000000,0.158130,0.092098,0.758374,0.703225,1.091750,1.227216,2.946912,0.000000,0.758374,1.000000,0.000000,0.000000,6.815255,inf,2067264,2067264,55872,,False,8.351092,8.351093,152.824324
959,106,106.000000,0.155935,0.073015,0.679760,0.639329,0.995852,1.127194,1.739362,0.000000,0.679760,1.000000,0.000000,0.000000,7.739600,inf,2961216,2961216,55872,,False,8.352641,8.352640,162.179245
960,91,91.000000,0.152717,0.073809,0.659724,0.590745,1.097864,1.263984,1.920422,0.000000,0.659724,1.000000,0.000000,0.000000,6.716642,inf,2542176,2542176,55872,,False,8.354156,8.354156,157.703297
961,119,119.000000,0.161040,0.067664,0.656978,0.597400,1.124027,1.213672,1.629925,0.000000,0.656978,1.000000,0.000000,0.000000,8.051988,inf,3324384,3324384,55872,,False,8.356195,8.356195,168.605042
962,95,95.000000,0.153106,0.074090,0.663341,0.577279,1.069114,1.224215,1.976945,0.000000,0.663341,1.000000,0.000000,0.000000,7.038525,inf,2653920,2653920,55872,,False,8.358406,8.358406,161.557895
963,93,93.000000,0.159431,0.087418,0.690097,0.591248,1.019628,1.346530,3.332994,0.000000,0.690097,1.000000,0.000000,0.000000,8.129887,inf,2598048,2598048,55872,,False,8.358931,8.358931,172.225806
964,103,103.000000,0.158734,0.069865,0.637207,0.562743,0.927021,1.136421,2.536374,0.000000,0.637207,1.000000,0.000000,0.000000,7.196145,inf,2877408,2877408,55872,,False,8.360682,8.360682,184.592233
965,90,90.000000,0.152765,0.073212,0.649086,0.589099,1.006148,1.189239,1.621730,0.000000,0.649086,1.000000,0.000000,0.000000,6.589082,inf,2514240,2514240,55872,,False,8.362899,8.362899,167.544444
966,93,93.000000,0.140288,0.072887,0.625643,0.599731,1.068857,1.177069,1.420921,0.000000,0.625643,1.000000,0.000000,0.000000,6.778449,inf,2598048,2598048,55872,,False,8.365034,8.365034,172.408602
967,101,101.000000,0.140850,0.072447,0.675816,0.598128,1.147023,1.384613,1.534302,0.000000,0.675816,1.000000,0.000000,0.000000,7.317153,inf,2821536,2821536,55872,,False,8.367242,8.367242,148.851485
968,91,91.000000,0.153012,0.074632,0.645193,0.644203,0.949523,1.036201,1.672408,0.000000,0.645193,1.000000,0.000000,0.000000,6.791542,inf,2542176,2542176,55872,,False,8.368948,8.368948,161.175824
969,102,102.000000,0.158368,0.065114,0.616922,0.609013,0.932149,1.086972,1.203014,0.000000,0.616922,1.000000,0.000000,0.000000,6.641673,inf,2849472,2849472,55872,,False,8.370800,8.370800,182.803922
970,93,93.000000,0.148514,0.071154,0.657859,0.637189,0.993031,1.126259,2.675844,0.000000,0.657859,1.000000,0.000000,0.000000,6.617361,inf,2598048,2598048,55872,,False,8.372858,8.372858,161.752688
971,92,92.000000,0.153312,0.070430,0.628995,0.591937,0.947796,1.027298,1.557060,0.000000,0.628995,1.000000,0.000000,0.000000,6.479585,inf,2570112,2570112,55872,,False,8.374727,8.374727,186.695652
972,97,97.000000,0.157313,0.070130,0.621435,0.609723,0.938559,1.134546,1.939540,0.000000,0.621435,1.000000,0.000000,0.000000,6.802590,inf,2709792,2709792,55872,,False,8.377161,8.377161,176.216495
973,93,93.000000,0.162487,0.066921,0.589438,0.540881,0.996583,1.088511,1.648109,0.000000,0.589438,1.000000,0.000000,0.000000,6.223619,inf,2598048,2598048,55872,,False,8.379017,8.379017,193.322581
974,100,100.000000,0.149130,0.075011,0.685091,0.592655,1.126228,1.491741,1.939086,0.000000,0.685091,1.000000,0.000000,0.000000,7.501142,inf,2793600,2793600,55872,,False,8.381446,8.381446,156.130000
975,106,106.000000,0.142518,0.064264,0.627264,0.581523,1.008387,1.113823,1.345257,0.000000,0.627264,1.000000,0.000000,0.000000,6.811961,inf,2961216,2961216,55872,,False,8.383852,8.383852,165.075472
976,91,91.000000,0.184885,0.071345,0.613151,0.585121,0.932785,1.038602,1.228772,0.000000,0.613151,1.000000,0.000000,0.000000,6.492424,inf,2542176,2542176,55872,,False,8.385720,8.385720,204.923077
977,87,87.000000,0.137746,0.087116,0.700711,0.604562,1.209451,1.429479,2.271304,0.000000,0.700711,1.000000,0.000000,0.000000,7.579127,inf,2430432,2430432,55872,,False,8.387679,8.387679,149.287356
978,90,90.000000,0.175783,0.085051,0.678709,0.588196,0.976841,1.521296,2.085992,0.000000,0.678709,1.000000,0.000000,0.000000,7.654623,inf,2514240,2514240,55872,,False,8.389158,8.389158,177.655556
979,86,86.000000,0.157477,0.095178,0.711138,0.556342,1.154804,1.590549,3.081199,0.000000,0.711138,1.000000,0.000000,0.000000,8.185330,inf,2402496,2402496,55872,,False,8.390183,8.390183,186.000000
980,87,87.000000,0.163847,0.080708,0.670030,0.638453,1.054072,1.256657,1.549756,0.000000,0.670030,1.000000,0.000000,0.000000,7.021620,inf,2430432,2430432,55872,,False,8.391883,8.391883,172.390805
981,91,91.000000,0.161534,0.081483,0.700865,0.615015,1.043048,1.234594,2.137466,0.000000,0.700865,1.000000,0.000000,0.000000,7.414934,inf,2542176,2542176,55872,,False,8.394562,8.394562,170.560440
982,101,101.000000,0.158785,0.070251,0.639147,0.591137,0.962280,1.204722,1.948039,0.000000,0.639147,1.000000,0.000000,0.000000,7.095343,inf,2821536,2821536,55872,,False,8.396063,8.396064,186.366337
983,90,90.000000,0.169227,0.085250,0.721741,0.649409,1.113496,1.255560,2.625979,0.000000,0.721741,1.000000,0.000000,0.000000,7.672493,inf,2514240,2514240,55872,,False,8.397285,8.397285,164.977778
984,105,105.000000,0.154014,0.073525,0.675650,0.623634,1.045127,1.292983,2.350580,0.000000,0.675650,1.000000,0.000000,0.000000,7.720098,inf,2933280,2933280,55872,,False,8.398910,8.398910,158.314286
985,98,98.000000,0.139094,0.073406,0.691163,0.601943,1.054472,1.226764,2.619907,0.000000,0.691163,1.000000,0.000000,0.000000,7.193814,inf,2737728,2737728,55872,,False,8.400565,8.400565,128.612245
986,97,97.000000,0.154907,0.077626,0.704494,0.640678,1.109197,1.370212,1.852416,0.000000,0.704494,1.000000,0.000000,0.000000,7.529758,inf,2709792,2709792,55872,,False,8.402095,8.402095,150.608247
987,96,96.000000,0.145724,0.079519,0.703888,0.617783,1.137081,1.260735,2.625946,0.000000,0.703888,1.000000,0.000000,0.000000,7.633834,inf,2681856,2681856,55872,,False,8.404696,8.404696,149.677083
988,78,78.000000,0.135757,0.081555,0.641190,0.615996,0.982680,1.113337,1.665435,0.000000,0.641190,1.000000,0.000000,0.000000,6.361285,inf,2179008,2179008,55872,,False,8.407134,8.407134,126.589744
989,105,105.000000,0.144102,0.073441,0.681735,0.616879,1.053038,1.120737,2.504192,0.000000,0.681735,1.000000,0.000000,0.000000,7.711273,inf,2933280,2933280,55872,,False,8.409296,8.409296,150.466667
990,80,80.000000,0.147504,0.089139,0.709642,0.660751,1.155921,1.345685,2.424695,0.000000,0.709642,1.000000,0.000000,0.000000,7.131133,inf,2234880,2234880,55872,,False,8.411444,8.411445,144.650000
991,109,109.000000,0.157637,0.076335,0.697902,0.589132,1.064569,1.287044,3.342675,0.000000,0.697902,1.000000,0.000000,0.000000,8.320542,inf,3045024,3045024,55872,,False,8.413122,8.413122,172.522936
992,103,103.000000,0.154928,0.075367,0.698542,0.612062,1.041235,1.408766,1.869061,0.000000,0.698542,1.000000,0.000000,0.000000,7.762825,inf,2877408,2877408,55872,,False,8.414205,8.414205,162.854369
993,94,94.000000,0.129320,0.088714,0.752788,0.672296,1.336657,1.648634,1.995937,0.000000,0.752788,1.000000,0.000000,0.000000,8.339093,inf,2625984,2625984,55872,,False,8.417004,8.417005,120.329787
994,93,93.000000,0.148551,0.073116,0.636593,0.555482,1.117867,1.264629,1.983010,0.000000,0.636593,1.000000,0.000000,0.000000,6.799819,inf,2598048,2598048,55872,,False,8.419432,8.419432,169.698925
995,102,102.000000,0.162125,0.075592,0.697089,0.619133,1.211459,1.331321,1.703960,0.000000,0.697089,1.000000,0.000000,0.000000,7.710410,inf,2849472,2849472,55872,,False,8.421070,8.421070,165.049020
996,102,102.000000,0.146897,0.075146,0.670536,0.572867,1.044578,1.372642,1.948429,0.000000,0.670536,1.000000,0.000000,0.000000,7.664907,inf,2849472,2849472,55872,,False,8.423999,8.423998,165.235294
997,99,99.000000,0.144894,0.072262,0.659036,0.610249,1.035086,1.266197,1.685598,0.000000,0.659036,1.000000,0.000000,0.000000,7.153960,inf,2765664,2765664,55872,,False,8.426595,8.426595,169.494949
998,106,106.000000,0.150801,0.071417,0.662902,0.588758,1.053045,1.149562,1.752928,0.000000,0.662902,1.000000,0.000000,0.000000,7.570183,inf,2961216,2961216,55872,,False,8.429039,8.429039,179.688679
999,109,109.000000,0.152698,0.072002,0.661048,0.590790,1.071581,1.255917,2.405793,0.000000,0.661048,1.000000,0.000000,0.000000,7.848213,inf,3045024,3045024,55872,,False,8.430494,8.430494,166.385321
1000,89,89.000000,0.161555,0.070292,0.632479,0.554641,1.035997,1.138849,1.677480,0.000000,0.632479,1.000000,0.000000,0.000000,6.255981,inf,2486304,2486304,55872,,False,8.431640,8.431639,180.910112
1001,104,104.000000,0.144043,0.074301,0.642941,0.551086,1.144930,1.391711,1.711016,0.000000,0.642941,1.000000,0.000000,0.000000,7.727293,inf,2905344,2905344,55872,,False,8.434420,8.434420,187.644231
1002,97,97.000000,0.135226,0.070340,0.655069,0.561183,1.120619,1.293225,1.717267,0.000000,0.655069,1.000000,0.000000,0.000000,6.822973,inf,2709792,2709792,55872,,False,8.437566,8.437566,158.958763
1003,114,114.000000,0.153238,0.069520,0.648950,0.586850,1.091406,1.187632,2.129336,0.000000,0.648950,1.000000,0.000000,0.000000,7.925232,inf,3184704,3184704,55872,,False,8.439027,8.439027,174.561404
1004,104,104.000000,0.156079,0.085161,0.786302,0.629520,1.339589,1.556748,2.330763,0.000000,0.786302,1.000000,0.000000,0.000000,8.856719,inf,2905344,2905344,55872,,False,8.440729,8.440728,151.759615
1005,83,83.000000,0.170934,0.089567,0.705594,0.601126,1.032762,1.401322,3.497166,0.000000,0.705594,1.000000,0.000000,0.000000,7.434031,inf,2318688,2318688,55872,,False,8.442554,8.442554,170.433735
1006,87,87.000000,0.157041,0.086369,0.723397,0.607047,1.230320,1.517865,2.358210,0.000000,0.723397,1.000000,0.000000,0.000000,7.514109,inf,2430432,2430432,55872,,False,8.444172,8.444172,159.689655
1007,82,82.000000,0.149666,0.082427,0.672766,0.639543,1.080909,1.325977,1.826552,0.000000,0.672766,1.000000,0.000000,0.000000,6.759002,inf,2290752,2290752,55872,,False,8.446111,8.446111,147.231707
1008,89,89.000000,0.150966,0.079842,0.675663,0.653291,1.034213,1.208884,1.755814,0.000000,0.675663,1.000000,0.000000,0.000000,7.105916,inf,2486304,2486304,55872,,False,8.448075,8.448075,172.101124
1009,91,91.000000,0.144001,0.096144,0.674894,0.570618,0.928899,1.221213,5.671816,0.000000,0.674894,1.000000,0.000000,0.000000,8.749125,inf,2542176,2542176,55872,,False,8.450462,8.450462,163.813187
1010,89,89.000000,0.141924,0.082537,0.714200,0.670900,1.126382,1.334672,2.432485,0.000000,0.714200,1.000000,0.000000,0.000000,7.345813,inf,2486304,2486304,55872,,False,8.452049,8.452049,123.325843
1011,107,107.000000,0.167482,0.081239,0.733788,0.669669,1.153072,1.414705,2.709035,0.000000,0.733788,1.000000,0.000000,0.000000,8.692542,inf,2989152,2989152,55872,,False,8.453500,8.453500,191.271028
1012,81,81.000000,0.155995,0.085613,0.647075,0.571515,0.951152,1.290795,2.621785,0.000000,0.647075,1.000000,0.000000,0.000000,6.934640,inf,2262816,2262816,55872,,False,8.455135,8.455135,175.975309
1013,79,79.000000,0.147629,0.085265,0.640610,0.575408,0.923718,1.124737,2.243966,0.000000,0.640610,1.000000,0.000000,0.000000,6.735910,inf,2206944,2206944,55872,,False,8.457428,8.457428,179.151899
1014,99,99.000000,0.157452,0.072037,0.644916,0.601439,1.003613,1.134101,1.553901,0.000000,0.644916,1.000000,0.000000,0.000000,7.131677,inf,2765664,2765664,55872,,False,8.459317,8.459317,193.161616
1015,90,90.000000,0.153853,0.079987,0.652518,0.566061,0.956577,1.180930,2.129374,0.000000,0.652518,1.000000,0.000000,0.000000,7.198862,inf,2514240,2514240,55872,,False,8.461077,8.461078,172.022222
1016,111,111.000000,0.156702,0.074081,0.703972,0.641353,1.100197,1.221311,2.333104,0.000000,0.703972,1.000000,0.000000,0.000000,8.223015,inf,3100896,3100896,55872,,False,8.461785,8.461785,160.990991
1017,93,93.000000,0.154624,0.077150,0.702909,0.609382,1.155225,1.198005,1.960797,0.000000,0.702909,1.000000,0.000000,0.000000,7.174942,inf,2598048,2598048,55872,,False,8.463925,8.463925,162.387097
1018,82,82.000000,0.138627,0.075332,0.658096,0.610894,1.122566,1.214499,1.577811,0.000000,0.658096,1.000000,0.000000,0.000000,6.177233,inf,2290752,2290752,55872,,False,8.466002,8.466002,160.451220
1019,77,77.000000,0.162945,0.093463,0.730938,0.626679,1.191292,1.571019,1.837979,0.000000,0.730938,1.000000,0.000000,0.000000,7.196622,inf,2151072,2151072,55872,,False,8.467098,8.467098,165.441558
1020,85,85.000000,0.150379,0.084511,0.658136,0.605434,1.062322,1.399399,1.730942,0.000000,0.658136,1.000000,0.000000,0.000000,7.183451,inf,2374560,2374560,55872,,False,8.469422,8.469422,169.611765
1021,95,95.000000,0.139838,0.074324,0.652050,0.593479,1.025759,1.226377,1.639828,0.000000,0.652050,1.000000,0.000000,0.000000,7.060797,inf,2653920,2653920,55872,,False,8.471145,8.471145,167.442105
1022,102,102.000000,0.137003,0.073774,0.659228,0.601435,1.010160,1.392127,2.120211,0.000000,0.659228,1.000000,0.000000,0.000000,7.524966,inf,2849472,2849472,55872,,False,8.473366,8.473366,149.980392
1023,102,102.000000,0.143658,0.076564,0.659334,0.595953,1.023693,1.159456,2.380895,0.000000,0.659334,1.000000,0.000000,0.000000,7.809556,inf,2849472,2849472,55872,,False,8.475579,8.475580,162.098039
1024,101,101.000000,0.152795,0.075102,0.658218,0.588455,1.108767,1.150022,1.547158,0.000000,0.658218,1.000000,0.000000,0.000000,7.585315,inf,2821536,2821536,55872,,False,8.477751,8.477751,165.346535
1025,79,79.000000,0.153581,0.094779,0.691526,0.603429,1.353136,1.566438,2.328162,0.000000,0.691526,1.000000,0.000000,0.000000,7.487508,inf,2206944,2206944,55872,,False,8.478841,8.478841,162.797468
1026,85,85.000000,0.159466,0.101194,0.755591,0.628365,1.298210,1.496177,2.477669,0.000000,0.755591,1.000000,0.000000,0.000000,8.601510,inf,2374560,2374560,55872,,False,8.480452,8.480452,157.423529
1027,81,81.000000,0.148808,0.098614,0.738215,0.663664,1.088432,1.332464,2.187761,0.000000,0.738215,1.000000,0.000000,0.000000,7.987759,inf,2262816,2262816,55872,,False,8.482012,8.482012,147.938272
1028,88,88.000000,0.155370,0.086650,0.702993,0.594025,1.050691,1.424133,2.206675,0.000000,0.702993,1.000000,0.000000,0.000000,7.625235,inf,2458368,2458368,55872,,False,8.483714,8.483715,171.534091
1029,94,94.000000,0.170390,0.088666,0.731318,0.616527,1.167469,1.744986,3.106222,0.000000,0.731318,1.000000,0.000000,0.000000,8.334570,inf,2625984,2625984,55872,,False,8.484657,8.484657,188.148936
1030,104,104.000000,0.170774,0.076254,0.730185,0.668617,1.102834,1.381881,2.446738,0.000000,0.730185,1.000000,0.000000,0.000000,7.930425,inf,2905344,2905344,55872,,False,8.486309,8.486310,186.740385
1031,105,105.000000,0.150438,0.076197,0.661507,0.605898,1.050782,1.250445,2.781972,0.000000,0.661507,1.000000,0.000000,0.000000,8.000648,inf,2933280,2933280,55872,,False,8.488474,8.488474,178.552381
1032,100,100.000000,0.141609,0.066885,0.670470,0.661625,1.035674,1.183103,1.377723,0.000000,0.670470,1.000000,0.000000,0.000000,6.688531,inf,2793600,2793600,55872,,False,8.491053,8.491053,149.680000
1033,83,83.000000,0.136735,0.097735,0.735767,0.661688,1.135140,1.419971,2.088535,0.000000,0.735767,1.000000,0.000000,0.000000,8.112008,inf,2318688,2318688,55872,,False,8.493021,8.493021,113.096386
1034,90,90.000000,0.147419,0.073575,0.659706,0.621064,1.035090,1.208531,1.441487,0.000000,0.659706,1.000000,0.000000,0.000000,6.621792,inf,2514240,2514240,55872,,False,8.494918,8.494918,150.711111
1035,97,97.000000,0.155761,0.078448,0.675591,0.598439,1.050144,1.382558,2.225125,0.000000,0.675591,1.000000,0.000000,0.000000,7.609491,inf,2709792,2709792,55872,,False,8.496474,8.496474,181.298969
1036,93,93.000000,0.157422,0.083333,0.695517,0.614935,1.235545,1.591882,3.146564,0.000000,0.695517,1.000000,0.000000,0.000000,7.749992,inf,2598048,2598048,55872,,False,8.498715,8.498715,175.924731
1037,97,97.000000,0.157128,0.081297,0.712219,0.636850,1.190912,1.393435,2.130568,0.000000,0.712219,1.000000,0.000000,0.000000,7.885771,inf,2709792,2709792,55872,,False,8.499861,8.499860,174.690722
1038,114,114.000000,0.152453,0.074774,0.694373,0.627622,1.128158,1.363360,2.735958,0.000000,0.694373,1.000000,0.000000,0.000000,8.524214,inf,3184704,3184704,55872,,False,8.501280,8.501280,164.535088
1039,82,82.000000,0.151577,0.096581,0.735404,0.618318,1.228445,1.389367,2.565346,0.000000,0.735404,1.000000,0.000000,0.000000,7.919617,inf,2290752,2290752,55872,,False,8.502460,8.502460,161.878049
1040,96,96.000000,0.151371,0.083426,0.694733,0.619160,1.125922,1.360933,2.434579,0.000000,0.694733,1.000000,0.000000,0.000000,8.008927,inf,2681856,2681856,55872,,False,8.504137,8.504137,165.104167
1041,95,95.000000,0.150650,0.078484,0.707664,0.601172,1.122757,1.319218,2.063547,0.000000,0.707664,1.000000,0.000000,0.000000,7.455955,inf,2653920,2653920,55872,,False,8.505943,8.505943,149.000000
1042,83,83.000000,0.149585,0.095597,0.749764,0.691140,1.201981,1.316416,2.626879,0.000000,0.749764,1.000000,0.000000,0.000000,7.934555,inf,2318688,2318688,55872,,False,8.507278,8.507278,132.867470
1043,101,101.000000,0.154534,0.073180,0.680165,0.630730,1.057524,1.175299,1.804823,0.000000,0.680165,1.000000,0.000000,0.000000,7.391214,inf,2821536,2821536,55872,,False,8.508843,8.508843,162.643564
1044,101,101.000000,0.144874,0.077402,0.658673,0.591175,1.120679,1.357841,1.805785,0.000000,0.658673,1.000000,0.000000,0.000000,7.817589,inf,2821536,2821536,55872,,False,8.511197,8.511198,151.188119
1045,93,93.000000,0.141426,0.077120,0.669898,0.641070,1.126647,1.207484,1.454423,0.000000,0.669898,1.000000,0.000000,0.000000,7.172197,inf,2598048,2598048,55872,,False,8.512917,8.512917,151.870968
1046,86,86.000000,0.152821,0.083008,0.727115,0.668697,1.167086,1.379239,1.732554,0.000000,0.727115,1.000000,0.000000,0.000000,7.138713,inf,2402496,2402496,55872,,False,8.515054,8.515054,160.895349
1047,76,76.000000,0.159484,0.075422,0.620582,0.544561,0.935805,1.164907,1.792650,0.000000,0.620582,1.000000,0.000000,0.000000,5.732080,inf,2123136,2123136,55872,,False,8.516491,8.516491,178.118421
1048,92,92.000000,0.132329,0.078768,0.690779,0.624635,1.122313,1.248158,2.221082,0.000000,0.690779,1.000000,0.000000,0.000000,7.246675,inf,2570112,2570112,55872,,False,8.518935,8.518935,120.032609
1049,86,86.000000,0.137583,0.074555,0.661635,0.665074,1.031742,1.093741,1.327382,0.000000,0.661635,1.000000,0.000000,0.000000,6.411695,inf,2402496,2402496,55872,,False,8.521215,8.521216,144.104651
1050,86,86.000000,0.128293,0.075516,0.625540,0.602848,1.000575,1.149702,1.885825,0.000000,0.625540,1.000000,0.000000,0.000000,6.494344,inf,2402496,2402496,55872,,False,8.523043,8.523043,140.720930
1051,109,109.000000,0.155745,0.076180,0.677181,0.594706,1.001431,1.108938,3.026806,0.000000,0.677181,1.000000,0.000000,0.000000,8.303650,inf,3045024,3045024,55872,,False,8.524740,8.524740,177.770642
1052,91,91.000000,0.145091,0.084218,0.699152,0.636581,1.099417,1.443142,2.285932,0.000000,0.699152,1.000000,0.000000,0.000000,7.663856,inf,2542176,2542176,55872,,False,8.527071,8.527072,149.835165
1053,90,90.000000,0.149055,0.090661,0.750141,0.670723,1.123410,1.357912,2.767743,0.000000,0.750141,1.000000,0.000000,0.000000,8.159475,inf,2514240,2514240,55872,,False,8.528753,8.528753,148.888889
1054,88,88.000000,0.140588,0.090295,0.752694,0.654490,1.234583,1.552023,1.895679,0.000000,0.752694,1.000000,0.000000,0.000000,7.945919,inf,2458368,2458368,55872,,False,8.531070,8.531070,131.068182
1055,106,106.000000,0.141751,0.081672,0.722898,0.643152,1.174993,1.519003,2.388350,0.000000,0.722898,1.000000,0.000000,0.000000,8.657252,inf,2961216,2961216,55872,,False,8.532923,8.532924,151.754717
1056,92,92.000000,0.130042,0.081540,0.685731,0.637872,0.998630,1.268709,1.994858,0.000000,0.685731,1.000000,0.000000,0.000000,7.501725,inf,2570112,2570112,55872,,False,8.534837,8.534836,145.684783
1057,93,93.000000,0.148801,0.084157,0.717150,0.643474,1.157629,1.319497,2.333807,0.000000,0.717150,1.000000,0.000000,0.000000,7.826620,inf,2598048,2598048,55872,,False,8.536853,8.536853,154.860215
1058,105,105.000000,0.128542,0.070565,0.633816,0.614825,1.061696,1.155568,1.450495,0.000000,0.633816,1.000000,0.000000,0.000000,7.409291,inf,2933280,2933280,55872,,False,8.539738,8.539738,145.400000
1059,92,92.000000,0.141158,0.090491,0.754531,0.701617,1.171356,1.470467,2.210506,0.000000,0.754531,1.000000,0.000000,0.000000,8.325144,inf,2570112,2570112,55872,,False,8.540993,8.540992,127.619565
1060,104,104.000000,0.158707,0.076347,0.722264,0.677371,1.089307,1.190645,2.188154,0.000000,0.722264,1.000000,0.000000,0.000000,7.940058,inf,2905344,2905344,55872,,False,8.542462,8.542462,151.211538
1061,116,116.000000,0.154581,0.066854,0.689272,0.661741,1.108068,1.221164,1.611460,0.000000,0.689272,1.000000,0.000000,0.000000,7.755044,inf,3240576,3240576,55872,,False,8.544498,8.544498,171.681034
1062,81,81.000000,0.162210,0.099301,0.762977,0.677610,1.206420,1.408612,2.962275,0.000000,0.762977,1.000000,0.000000,0.000000,8.043364,inf,2262816,2262816,55872,,False,8.545270,8.545270,152.024691
1063,108,108.000000,0.142830,0.080786,0.709658,0.631936,1.201189,1.327216,3.640141,0.000000,0.709658,1.000000,0.000000,0.000000,8.724857,inf,3017088,3017088,55872,,False,8.547253,8.547253,151.222222
1064,96,96.000000,0.155813,0.086941,0.730072,0.591073,1.259524,1.710988,3.068156,0.000000,0.730072,1.000000,0.000000,0.000000,8.346339,inf,2681856,2681856,55872,,False,8.548384,8.548385,157.593750
1065,97,97.000000,0.140553,0.082616,0.719903,0.670466,1.116708,1.450631,2.077891,0.000000,0.719903,1.000000,0.000000,0.000000,8.013747,inf,2709792,2709792,55872,,False,8.550774,8.550774,147.216495
1066,96,96.000000,0.141164,0.080127,0.661866,0.625622,1.031438,1.177623,2.834203,0.000000,0.661866,1.000000,0.000000,0.000000,7.692166,inf,2681856,2681856,55872,,False,8.552800,8.552800,156.270833
1067,95,95.000000,0.155214,0.078774,0.708460,0.677107,1.036606,1.225650,1.620828,0.000000,0.708460,1.000000,0.000000,0.000000,7.483532,inf,2653920,2653920,55872,,False,8.554188,8.554188,156.852632
1068,104,104.000000,0.140011,0.087119,0.727800,0.644996,1.066366,1.502968,3.289486,0.000000,0.727800,1.000000,0.000000,0.000000,9.060402,inf,2905344,2905344,55872,,False,8.556513,8.556513,143.461538
1069,89,89.000000,0.149409,0.089925,0.689153,0.593242,1.006787,1.165889,4.047229,0.000000,0.689153,1.000000,0.000000,0.000000,8.003365,inf,2486304,2486304,55872,,False,8.558404,8.558405,154.629213
1070,92,92.000000,0.143045,0.078054,0.664802,0.619894,1.023736,1.134740,2.315456,0.000000,0.664802,1.000000,0.000000,0.000000,7.180952,inf,2570112,2570112,55872,,False,8.560626,8.560627,161.369565
1071,96,96.000000,0.144493,0.075697,0.675839,0.645909,1.046963,1.390766,1.660341,0.000000,0.675839,1.000000,0.000000,0.000000,7.266926,inf,2681856,2681856,55872,,False,8.562570,8.562570,161.531250
1072,88,88.000000,0.136340,0.084686,0.722626,0.626728,1.089191,1.375220,2.053391,0.000000,0.722626,1.000000,0.000000,0.000000,7.452392,inf,2458368,2458368,55872,,False,8.564565,8.564565,144.102273
1073,99,99.000000,0.167298,0.076894,0.694066,0.575273,1.092185,1.256643,2.614339,0.000000,0.694066,1.000000,0.000000,0.000000,7.612468,inf,2765664,2765664,55872,,False,8.565735,8.565735,195.777778
1074,102,102.000000,0.144092,0.080274,0.715901,0.630822,1.126227,1.530476,1.932422,0.000000,0.715901,1.000000,0.000000,0.000000,8.187900,inf,2849472,2849472,55872,,False,8.568007,8.568007,156.705882
1075,86,86.000000,0.151326,0.088466,0.738389,0.656387,1.176786,1.491975,2.491036,0.000000,0.738389,1.000000,0.000000,0.000000,7.608050,inf,2402496,2402496,55872,,False,8.569418,8.569418,151.093023
1076,86,86.000000,0.157055,0.187039,0.804660,0.568153,1.077724,1.350626,14.473830,0.000000,0.804660,1.000000,0.000000,0.000000,16.085360,inf,2402496,2402496,55872,,False,8.571028,8.571027,170.174419
1077,88,88.000000,0.140785,0.076307,0.694403,0.654190,1.124282,1.203958,1.551965,0.000000,0.694403,1.000000,0.000000,0.000000,6.715049,inf,2458368,2458368,55872,,False,8.572793,8.572793,147.113636
1078,95,95.000000,0.157696,0.116988,0.704590,0.531506,1.046330,1.262453,8.477561,0.000000,0.704590,1.000000,0.000000,0.000000,11.113864,inf,2653920,2653920,55872,,False,8.574017,8.574017,177.631579
1079,103,103.000000,0.147195,0.083068,0.671731,0.563253,1.177933,1.334096,2.233819,0.000000,0.671731,1.000000,0.000000,0.000000,8.555976,inf,2877408,2877408,55872,,False,8.575372,8.575372,170.757282
1080,93,93.000000,0.146284,0.076362,0.675855,0.614075,1.029599,1.338986,2.139107,0.000000,0.675855,1.000000,0.000000,0.000000,7.101661,inf,2598048,2598048,55872,,False,8.576514,8.576514,176.376344
1081,85,85.000000,0.147850,0.091805,0.726693,0.663266,1.166619,1.337878,3.544890,0.000000,0.726693,1.000000,0.000000,0.000000,7.803452,inf,2374560,2374560,55872,,False,8.577756,8.577756,151.988235
1082,89,89.000000,0.143802,0.080774,0.716044,0.643645,1.153476,1.373469,1.977469,0.000000,0.716044,1.000000,0.000000,0.000000,7.188926,inf,2486304,2486304,55872,,False,8.580075,8.580076,164.303371
1083,100,100.000000,0.147841,0.072814,0.668917,0.609047,0.970175,1.273497,2.434610,0.000000,0.668917,1.000000,0.000000,0.000000,7.281367,inf,2793600,2793600,55872,,False,8.582156,8.582156,157.790000
1084,83,83.000000,0.137212,0.084659,0.697735,0.641931,1.095495,1.234384,1.700646,0.000000,0.697735,1.000000,0.000000,0.000000,7.026704,inf,2318688,2318688,55872,,False,8.584713,8.584713,142.192771
1085,95,95.000000,0.137069,0.080889,0.680314,0.587677,1.080527,1.340768,2.049811,0.000000,0.680314,1.000000,0.000000,0.000000,7.684429,inf,2653920,2653920,55872,,False,8.586700,8.586700,166.431579
1086,89,89.000000,0.132093,0.075406,0.681637,0.638828,1.025709,1.320383,1.872472,0.000000,0.681637,1.000000,0.000000,0.000000,6.711113,inf,2486304,2486304,55872,,False,8.588470,8.588469,152.438202
1087,83,83.000000,0.138144,0.073361,0.606369,0.574599,0.908917,1.098006,1.729719,0.000000,0.606369,1.000000,0.000000,0.000000,6.088991,inf,2318688,2318688,55872,,False,8.591949,8.591948,152.265060
1088,97,97.000000,0.140083,0.075519,0.667589,0.600129,1.054411,1.348122,1.884259,0.000000,0.667589,1.000000,0.000000,0.000000,7.325313,inf,2709792,2709792,55872,,False,8.593886,8.593887,145.432990
1089,94,94.000000,0.146982,0.090551,0.762682,0.726482,1.149321,1.406001,2.522613,0.000000,0.762682,1.000000,0.000000,0.000000,8.511817,inf,2625984,2625984,55872,,False,8.596281,8.596281,140.180851
1090,97,97.000000,0.151727,0.075706,0.680912,0.649667,1.075765,1.144530,1.452325,0.000000,0.680912,1.000000,0.000000,0.000000,7.343490,inf,2709792,2709792,55872,,False,8.597440,8.597440,155.938144
1091,87,87.000000,0.132536,0.076790,0.622249,0.570064,0.971083,1.074975,2.154077,0.000000,0.622249,1.000000,0.000000,0.000000,6.680763,inf,2430432,2430432,55872,,False,8.599113,8.599113,150.390805
1092,84,84.000000,0.163644,0.086018,0.709060,0.618777,1.171200,1.351632,2.291748,0.000000,0.709060,1.000000,0.000000,0.000000,7.225496,inf,2346624,2346624,55872,,False,8.600303,8.600303,175.035714
1093,81,81.000000,0.144317,0.088776,0.696721,0.683360,1.050100,1.210247,2.138861,0.000000,0.696721,1.000000,0.000000,0.000000,7.190849,inf,2262816,2262816,55872,,False,8.602050,8.602051,158.345679
1094,85,85.000000,0.142071,0.082129,0.678850,0.619020,1.146231,1.311388,1.896339,0.000000,0.678850,1.000000,0.000000,0.000000,6.980993,inf,2374560,2374560,55872,,False,8.604671,8.604671,165.117647
1095,94,94.000000,0.152672,0.071934,0.642079,0.615373,1.008711,1.120700,1.998472,0.000000,0.642079,1.000000,0.000000,0.000000,6.761791,inf,2625984,2625984,55872,,False,8.606764,8.606764,171.329787
1096,84,84.000000,0.163968,0.095494,0.774430,0.682636,1.253275,1.518347,2.310959,0.000000,0.774430,1.000000,0.000000,0.000000,8.021481,inf,2346624,2346624,55872,,False,8.607019,8.607019,158.476190
1097,85,85.000000,0.160158,0.079681,0.660433,0.595871,1.068203,1.109239,1.765844,0.000000,0.660433,1.000000,0.000000,0.000000,6.772917,inf,2374560,2374560,55872,,False,8.609236,8.609236,180.082353
1098,103,103.000000,0.162546,0.077448,0.662809,0.603319,0.972950,1.350786,2.112289,0.000000,0.662809,1.000000,0.000000,0.000000,7.977170,inf,2877408,2877408,55872,,False,8.610444,8.610444,191.660194
1099,81,81.000000,0.151890,0.090719,0.709224,0.565180,1.032264,1.405456,3.133582,0.000000,0.709224,1.000000,0.000000,0.000000,7.348271,inf,2262816,2262816,55872,,False,8.612636,8.612636,167.370370
1100,103,103.000000,0.162740,0.075332,0.687508,0.653374,1.147642,1.382784,1.739463,0.000000,0.687508,1.000000,0.000000,0.000000,7.759158,inf,2877408,2877408,55872,,False,8.613564,8.613564,162.631068
1101,89,89.000000,0.141227,0.082357,0.679194,0.620198,1.132871,1.214969,2.722059,0.000000,0.679194,1.000000,0.000000,0.000000,7.329751,inf,2486304,2486304,55872,,False,8.615414,8.615414,151.876404
1102,73,73.000000,0.140285,0.092333,0.688960,0.601560,1.228051,1.332208,1.734162,0.000000,0.688960,1.000000,0.000000,0.000000,6.740327,inf,2039328,2039328,55872,,False,8.617042,8.617041,144.356164
1103,99,99.000000,0.149268,0.073853,0.677114,0.615292,1.030251,1.209381,2.220692,0.000000,0.677114,1.000000,0.000000,0.000000,7.311458,inf,2765664,2765664,55872,,False,8.619452,8.619451,185.404040
1104,89,89.000000,0.140618,0.080528,0.662346,0.633551,1.092416,1.206568,1.684828,0.000000,0.662346,1.000000,0.000000,0.000000,7.167024,inf,2486304,2486304,55872,,False,8.621383,8.621383,160.269663
1105,106,106.000000,0.138488,0.070390,0.679134,0.631657,1.131254,1.261928,1.646283,0.000000,0.679134,1.000000,0.000000,0.000000,7.461333,inf,2961216,2961216,55872,,False,8.623180,8.623180,165.047170
1106,78,78.000000,0.160337,0.083201,0.668895,0.605538,1.119331,1.219853,1.996505,0.000000,0.668895,1.000000,0.000000,0.000000,6.489674,inf,2179008,2179008,55872,,False,8.624810,8.624810,188.487179
1107,95,95.000000,0.142981,0.071447,0.623655,0.591047,0.978800,1.190117,1.718812,0.000000,0.623655,1.000000,0.000000,0.000000,6.787504,inf,2653920,2653920,55872,,False,8.626323,8.626323,165.505263
1108,84,84.000000,0.144980,0.085105,0.676319,0.631819,1.005570,1.097383,2.474120,0.000000,0.676319,1.000000,0.000000,0.000000,7.148799,inf,2346624,2346624,55872,,False,8.627486,8.627486,172.178571
1109,84,84.000000,0.163774,0.096739,0.771016,0.705766,1.431529,1.520162,1.739323,0.000000,0.771016,1.000000,0.000000,0.000000,8.126063,inf,2346624,2346624,55872,,False,8.628305,8.628305,147.333333
1110,102,102.000000,0.161555,0.087152,0.771294,0.700440,1.201518,1.389155,2.373452,0.000000,0.771294,1.000000,0.000000,0.000000,8.889544,inf,2849472,2849472,55872,,False,8.629005,8.629006,165.519608
1111,107,107.000000,0.139682,0.077227,0.688122,0.604821,1.144811,1.378694,2.819337,0.000000,0.688122,1.000000,0.000000,0.000000,8.263253,inf,2989152,2989152,55872,,False,8.630378,8.630378,158.158879
1112,95,95.000000,0.164692,0.076324,0.670274,0.615739,1.111820,1.322735,1.690814,0.000000,0.670274,1.000000,0.000000,0.000000,7.250733,inf,2653920,2653920,55872,,False,8.631598,8.631598,178.568421
1113,86,86.000000,0.147731,0.085603,0.702320,0.628485,1.145040,1.399258,1.859506,0.000000,0.702320,1.000000,0.000000,0.000000,7.361827,inf,2402496,2402496,55872,,False,8.632491,8.632491,159.360465
1114,75,75.000000,0.138698,0.087863,0.661690,0.590926,0.911483,1.352469,2.477546,0.000000,0.661690,1.000000,0.000000,0.000000,6.589757,inf,2095200,2095200,55872,,False,8.634948,8.634948,142.080000
1115,95,95.000000,0.161433,0.084978,0.757934,0.687607,1.314313,1.398075,2.145126,0.000000,0.757934,1.000000,0.000000,0.000000,8.072903,inf,2653920,2653920,55872,,False,8.635126,8.635125,154.905263
1116,93,93.000000,0.142768,0.074611,0.638678,0.556208,0.977599,1.207856,2.563655,0.000000,0.638678,1.000000,0.000000,0.000000,6.938850,inf,2598048,2598048,55872,,False,8.637072,8.637072,182.935484
1117,112,112.000000,0.138907,0.072221,0.723394,0.628521,1.205430,1.408846,1.996868,0.000000,0.723394,1.000000,0.000000,0.000000,8.088732,inf,3128832,3128832,55872,,False,8.638961,8.638962,156.982143
1118,79,79.000000,0.165842,0.079367,0.630874,0.570551,1.014904,1.135309,1.457325,0.000000,0.630874,1.000000,0.000000,0.000000,6.270014,inf,2206944,2206944,55872,,False,8.640827,8.640827,203.670886
1119,83,83.000000,0.149051,0.080489,0.695790,0.611969,1.035167,1.366871,2.253589,0.000000,0.695790,1.000000,0.000000,0.000000,6.680546,inf,2318688,2318688,55872,,False,8.642283,8.642283,166.048193
1120,92,92.000000,0.140563,0.079917,0.688246,0.634863,1.215354,1.318120,1.577604,0.000000,0.688246,1.000000,0.000000,0.000000,7.352318,inf,2570112,2570112,55872,,False,8.643937,8.643937,167.815217
1121,85,85.000000,0.150326,0.086317,0.695321,0.595681,1.197295,1.378556,2.293502,0.000000,0.695321,1.000000,0.000000,0.000000,7.336939,inf,2374560,2374560,55872,,False,8.644866,8.644867,169.505882
1122,91,91.000000,0.151163,0.084830,0.752989,0.708692,1.128327,1.358123,2.706687,0.000000,0.752989,1.000000,0.000000,0.000000,7.719516,inf,2542176,2542176,55872,,False,8.645672,8.645673,142.945055
1123,99,99.000000,0.137457,0.082519,0.707570,0.670037,1.195640,1.337873,1.480836,0.000000,0.707570,1.000000,0.000000,0.000000,8.169403,inf,2765664,2765664,55872,,False,8.646682,8.646682,139.474747
1124,87,87.000000,0.146607,0.090288,0.701082,0.612697,1.185283,1.368635,2.771378,0.000000,0.701082,1.000000,0.000000,0.000000,7.855065,inf,2430432,2430432,55872,,False,8.648324,8.648325,155.873563
1125,90,90.000000,0.157597,0.086522,0.718055,0.675742,0.998115,1.157679,3.519394,0.000000,0.718055,1.000000,0.000000,0.000000,7.787014,inf,2514240,2514240,55872,,False,8.650053,8.650053,168.588889
1126,88,88.000000,0.137936,0.077440,0.647224,0.584554,1.049795,1.105993,1.794261,0.000000,0.647224,1.000000,0.000000,0.000000,6.814738,inf,2458368,2458368,55872,,False,8.652280,8.652280,156.170455
1127,97,97.000000,0.161382,0.080370,0.681157,0.605200,1.164405,1.385181,1.731775,0.000000,0.681157,1.000000,0.000000,0.000000,7.795842,inf,2709792,2709792,55872,,False,8.653676,8.653675,189.536082
1128,89,89.000000,0.144013,0.083435,0.672989,0.587818,1.176801,1.290235,2.750580,0.000000,0.672989,1.000000,0.000000,0.000000,7.425717,inf,2486304,2486304,55872,,False,8.655548,8.655548,171.955056
1129,102,102.000000,0.138426,0.078737,0.702395,0.643338,1.207755,1.435625,1.774538,0.000000,0.702395,1.000000,0.000000,0.000000,8.031183,inf,2849472,2849472,55872,,False,8.656857,8.656857,157.607843
1130,106,106.000000,0.145499,0.070971,0.671693,0.615937,1.053455,1.150798,2.268027,0.000000,0.671693,1.000000,0.000000,0.000000,7.522893,inf,2961216,2961216,55872,,False,8.658236,8.658237,157.132075
1131,97,97.000000,0.149705,0.077079,0.666650,0.609846,0.959692,1.197514,2.358493,0.000000,0.666650,1.000000,0.000000,0.000000,7.476708,inf,2709792,2709792,55872,,False,8.660057,8.660057,169.505155
1132,105,105.000000,0.145772,0.075893,0.683170,0.600381,1.168113,1.344004,2.472275,0.000000,0.683170,1.000000,0.000000,0.000000,7.968795,inf,2933280,2933280,55872,,False,8.661467,8.661468,171.038095
1133,91,91.000000,0.132168,0.086433,0.689364,0.658177,1.031210,1.309052,2.875565,0.000000,0.689364,1.000000,0.000000,0.000000,7.865403,inf,2542176,2542176,55872,,False,8.664425,8.664425,143.538462
1134,104,104.000000,0.143616,0.075126,0.683716,0.545538,1.194021,1.440115,2.546595,0.000000,0.683716,1.000000,0.000000,0.000000,7.813053,inf,2905344,2905344,55872,,False,8.666839,8.666838,156.576923
1135,94,94.000000,0.135087,0.076635,0.665009,0.591321,1.060568,1.318703,1.979442,0.000000,0.665009,1.000000,0.000000,0.000000,7.203696,inf,2625984,2625984,55872,,False,8.668707,8.668706,160.382979
1136,93,93.000000,0.132613,0.090317,0.747228,0.713771,1.150317,1.386299,2.678874,0.000000,0.747228,1.000000,0.000000,0.000000,8.399468,inf,2598048,2598048,55872,,False,8.670730,8.670730,123.419355
1137,101,101.000000,0.147329,0.073785,0.657873,0.591101,1.160227,1.320854,1.783063,0.000000,0.657873,1.000000,0.000000,0.000000,7.452267,inf,2821536,2821536,55872,,False,8.673073,8.673072,180.574257
1138,88,88.000000,0.146783,0.079027,0.677878,0.581415,1.111867,1.221652,2.097071,0.000000,0.677878,1.000000,0.000000,0.000000,6.954366,inf,2458368,2458368,55872,,False,8.674670,8.674669,167.170455
1139,96,96.000000,0.137734,0.075562,0.681726,0.613797,1.057332,1.105313,2.175569,0.000000,0.681726,1.000000,0.000000,0.000000,7.253993,inf,2681856,2681856,55872,,False,8.675964,8.675964,159.552083
1140,86,86.000000,0.137369,0.089187,0.728055,0.612132,1.253274,1.330775,2.467985,0.000000,0.728055,1.000000,0.000000,0.000000,7.670072,inf,2402496,2402496,55872,,False,8.676899,8.676899,144.127907
1141,111,111.000000,0.149185,0.076040,0.693820,0.601257,1.191820,1.383301,2.245488,0.000000,0.693820,1.000000,0.000000,0.000000,8.440415,inf,3100896,3100896,55872,,False,8.678087,8.678086,164.837838
1142,114,114.000000,0.170034,0.079506,0.739705,0.684728,1.168360,1.405177,2.626128,0.000000,0.739705,1.000000,0.000000,0.000000,9.063724,inf,3184704,3184704,55872,,False,8.678278,8.678279,184.535088
1143,75,75.000000,0.134632,0.079295,0.623805,0.607390,0.956040,1.024148,1.131788,0.000000,0.623805,1.000000,0.000000,0.000000,5.947134,inf,2095200,2095200,55872,,False,8.681317,8.681317,154.480000
1144,92,92.000000,0.133730,0.081646,0.734445,0.705423,1.204743,1.371593,2.120962,0.000000,0.734445,1.000000,0.000000,0.000000,7.511419,inf,2570112,2570112,55872,,False,8.682592,8.682593,137.706522
1145,100,100.000000,0.145386,0.074141,0.708139,0.626520,1.125567,1.248213,2.254416,0.000000,0.708139,1.000000,0.000000,0.000000,7.414136,inf,2793600,2793600,55872,,False,8.684124,8.684124,164.900000
1146,103,103.000000,0.128591,0.085255,0.724181,0.631913,1.108258,1.389910,4.071624,0.000000,0.724181,1.000000,0.000000,0.000000,8.781242,inf,2877408,2877408,55872,,False,8.686214,8.686213,158.000000
1147,88,88.000000,0.149703,0.084735,0.708632,0.647125,1.182226,1.325610,1.893999,0.000000,0.708632,1.000000,0.000000,0.000000,7.456712,inf,2458368,2458368,55872,,False,8.687576,8.687575,152.477273
1148,84,84.000000,0.144172,0.086229,0.724870,0.656586,1.146596,1.319387,1.954103,0.000000,0.724870,1.000000,0.000000,0.000000,7.243203,inf,2346624,2346624,55872,,False,8.690213,8.690213,141.333333
1149,84,84.000000,0.152425,0.078734,0.659059,0.568098,1.249889,1.471416,1.887862,0.000000,0.659059,1.000000,0.000000,0.000000,6.613648,inf,2346624,2346624,55872,,False,8.691498,8.691499,190.821429
1150,94,94.000000,0.141715,0.086814,0.734082,0.655023,1.193365,1.335601,2.382145,0.000000,0.734082,1.000000,0.000000,0.000000,8.160501,inf,2625984,2625984,55872,,False,8.692294,8.692294,147.968085
1151,103,103.000000,0.155514,0.073678,0.652573,0.621405,1.102863,1.163522,1.534983,0.000000,0.652573,1.000000,0.000000,0.000000,7.588826,inf,2877408,2877408,55872,,False,8.693271,8.693271,170.038835
1152,79,79.000000,0.156165,0.108075,0.796432,0.674069,1.239084,1.487704,2.972335,0.000000,0.796432,1.000000,0.000000,0.000000,8.537940,inf,2206944,2206944,55872,,False,8.693990,8.693990,166.050633
1153,101,101.000000,0.152864,0.081977,0.718287,0.647204,1.165602,1.372419,2.322153,0.000000,0.718287,1.000000,0.000000,0.000000,8.279720,inf,2821536,2821536,55872,,False,8.696058,8.696058,177.920792
1154,85,85.000000,0.146890,0.087166,0.705160,0.596474,1.205784,1.430621,2.490510,0.000000,0.705160,1.000000,0.000000,0.000000,7.409122,inf,2374560,2374560,55872,,False,8.697776,8.697776,160.694118
1155,106,106.000000,0.147713,0.085496,0.731602,0.646454,1.273258,1.376522,2.621027,0.000000,0.731602,1.000000,0.000000,0.000000,9.062576,inf,2961216,2961216,55872,,False,8.698416,8.698416,144.160377
1156,94,94.000000,0.153688,0.075144,0.677285,0.608493,1.123407,1.311279,1.542573,0.000000,0.677285,1.000000,0.000000,0.000000,7.063493,inf,2625984,2625984,55872,,False,8.700393,8.700392,171.840426
1157,91,91.000000,0.136769,0.078241,0.634335,0.591277,0.976535,1.240486,1.564366,0.000000,0.634335,1.000000,0.000000,0.000000,7.119967,inf,2542176,2542176,55872,,False,8.702669,8.702669,163.164835
1158,100,100.000000,0.164234,0.089423,0.746583,0.654823,1.175234,1.378780,4.257571,0.000000,0.746583,1.000000,0.000000,0.000000,8.942335,inf,2793600,2793600,55872,,False,8.703926,8.703926,158.900000
1159,104,104.000000,0.143293,0.073518,0.694840,0.679748,1.116331,1.190076,1.485370,0.000000,0.694840,1.000000,0.000000,0.000000,7.645826,inf,2905344,2905344,55872,,False,8.705330,8.705330,143.134615
1160,88,88.000000,0.150572,0.091309,0.749955,0.644325,1.409294,1.606274,2.298206,0.000000,0.749955,1.000000,0.000000,0.000000,8.035165,inf,2458368,2458368,55872,,False,8.706113,8.706113,156.590909
1161,92,92.000000,0.134539,0.072921,0.665189,0.605521,1.126957,1.206717,2.081046,0.000000,0.665189,1.000000,0.000000,0.000000,6.708720,inf,2570112,2570112,55872,,False,8.708665,8.708664,161.728261
1162,98,98.000000,0.154641,0.074074,0.677627,0.629134,1.069702,1.261906,1.649029,0.000000,0.677627,1.000000,0.000000,0.000000,7.259226,inf,2737728,2737728,55872,,False,8.709682,8.709683,165.622449
1163,91,91.000000,0.142430,0.077876,0.653920,0.566853,1.181369,1.307255,1.944619,0.000000,0.653920,1.000000,0.000000,0.000000,7.086683,inf,2542176,2542176,55872,,False,8.711420,8.711420,165.835165
1164,97,97.000000,0.166586,0.078856,0.717758,0.644655,1.216483,1.417547,2.090583,0.000000,0.717758,1.000000,0.000000,0.000000,7.649022,inf,2709792,2709792,55872,,False,8.712311,8.712311,185.721649
1165,96,96.000000,0.150037,0.089956,0.776528,0.678832,1.301809,1.558587,2.227058,0.000000,0.776528,1.000000,0.000000,0.000000,8.635769,inf,2681856,2681856,55872,,False,8.712722,8.712722,145.645833
1166,96,96.000000,0.148163,0.078799,0.693102,0.635768,1.101956,1.318884,1.993286,0.000000,0.693102,1.000000,0.000000,0.000000,7.564720,inf,2681856,2681856,55872,,False,8.713715,8.713715,174.489583
1167,101,101.000000,0.149858,0.079667,0.675125,0.624504,1.031073,1.221342,3.317793,0.000000,0.675125,1.000000,0.000000,0.000000,8.046395,inf,2821536,2821536,55872,,False,8.714427,8.714427,168.168317
1168,101,101.000000,0.159246,0.070715,0.640512,0.589188,1.000274,1.188998,2.041968,0.000000,0.640512,1.000000,0.000000,0.000000,7.142234,inf,2821536,2821536,55872,,False,8.715190,8.715189,172.960396
1169,88,88.000000,0.130580,0.089687,0.691474,0.605333,1.303627,1.421393,2.380855,0.000000,0.691474,1.000000,0.000000,0.000000,7.892416,inf,2458368,2458368,55872,,False,8.716511,8.716512,146.829545
1170,91,91.000000,0.156137,0.080370,0.682656,0.638865,1.008288,1.194277,1.683949,0.000000,0.682656,1.000000,0.000000,0.000000,7.313635,inf,2542176,2542176,55872,,False,8.717993,8.717993,181.384615
1171,102,102.000000,0.144836,0.082423,0.735814,0.671665,1.099106,1.373670,2.450529,0.000000,0.735814,1.000000,0.000000,0.000000,8.407193,inf,2849472,2849472,55872,,False,8.718899,8.718899,148.568627
1172,113,113.000000,0.151780,0.071987,0.668699,0.585234,1.026757,1.334004,2.239880,0.000000,0.668699,1.000000,0.000000,0.000000,8.134511,inf,3156768,3156768,55872,,False,8.720469,8.720469,177.292035
1173,89,89.000000,0.143427,0.084199,0.707091,0.578984,1.232590,1.590300,2.439687,0.000000,0.707091,1.000000,0.000000,0.000000,7.493709,inf,2486304,2486304,55872,,False,8.722254,8.722254,153.674157
1174,97,97.000000,0.137890,0.098276,0.817295,0.736739,1.448561,1.682320,3.387204,0.000000,0.817295,1.000000,0.000000,0.000000,9.532787,inf,2709792,2709792,55872,,False,8.723502,8.723502,157.061856
1175,93,93.000000,0.147665,0.071335,0.650493,0.632509,1.071849,1.111414,1.428879,0.000000,0.650493,1.000000,0.000000,0.000000,6.634109,inf,2598048,2598048,55872,,False,8.725371,8.725371,176.548387
1176,87,87.000000,0.153213,0.076983,0.660190,0.601716,1.193535,1.258615,1.549972,0.000000,0.660190,1.000000,0.000000,0.000000,6.697563,inf,2430432,2430432,55872,,False,8.726890,8.726890,175.183908
1177,96,96.000000,0.149330,0.088658,0.776725,0.665443,1.316810,1.661604,2.045614,0.000000,0.776725,1.000000,0.000000,0.000000,8.511199,inf,2681856,2681856,55872,,False,8.727824,8.727824,167.583333
1178,105,105.000000,0.150888,0.073666,0.685559,0.609211,1.103927,1.213968,2.240957,0.000000,0.685559,1.000000,0.000000,0.000000,7.734969,inf,2933280,2933280,55872,,False,8.730246,8.730246,168.914286
1179,94,94.000000,0.153253,0.085008,0.695840,0.581644,1.259263,1.395292,2.351325,0.000000,0.695840,1.000000,0.000000,0.000000,7.990723,inf,2625984,2625984,55872,,False,8.731224,8.731224,176.191489
1180,111,111.000000,0.154091,0.075793,0.693037,0.594728,1.056633,1.327775,2.508898,0.000000,0.693037,1.000000,0.000000,0.000000,8.413038,inf,3100896,3100896,55872,,False,8.731726,8.731727,188.918919
1181,104,104.000000,0.153728,0.078086,0.718862,0.617923,1.146859,1.528372,2.508362,0.000000,0.718862,1.000000,0.000000,0.000000,8.120929,inf,2905344,2905344,55872,,False,8.733073,8.733073,156.509615
1182,81,81.000000,0.138525,0.082821,0.637993,0.598715,1.016193,1.207576,1.972272,0.000000,0.637993,1.000000,0.000000,0.000000,6.708493,inf,2262816,2262816,55872,,False,8.735440,8.735440,177.074074
1183,93,93.000000,0.137166,0.083724,0.674183,0.626909,0.982186,1.186361,2.707002,0.000000,0.674183,1.000000,0.000000,0.000000,7.786322,inf,2598048,2598048,55872,,False,8.737063,8.737063,158.516129
1184,96,96.000000,0.142895,0.067204,0.634189,0.585448,0.919140,1.053426,1.617259,0.000000,0.634189,1.000000,0.000000,0.000000,6.451557,inf,2681856,2681856,55872,,False,8.738758,8.738758,188.843750
1185,84,84.000000,0.148694,0.092325,0.735456,0.665084,1.226400,1.444525,1.714393,0.000000,0.735456,1.000000,0.000000,0.000000,7.755335,inf,2346624,2346624,55872,,False,8.739677,8.739677,151.500000
1186,84,84.000000,0.140410,0.086386,0.728334,0.681257,1.173334,1.369899,1.926535,0.000000,0.728334,1.000000,0.000000,0.000000,7.256432,inf,2346624,2346624,55872,,False,8.741732,8.741732,147.035714
1187,94,94.000000,0.145691,0.068243,0.607024,0.564574,0.939230,1.015390,1.252371,0.000000,0.607024,1.000000,0.000000,0.000000,6.414808,inf,2625984,2625984,55872,,False,8.743905,8.743905,173.500000
1188,108,108.000000,0.136414,0.075298,0.685371,0.628448,1.044190,1.170380,2.368573,0.000000,0.685371,1.000000,0.000000,0.000000,8.132236,inf,3017088,3017088,55872,,False,8.745981,8.745980,156.018519
1189,101,101.000000,0.134201,0.080077,0.713739,0.626174,1.085654,1.240594,2.279285,0.000000,0.713739,1.000000,0.000000,0.000000,8.087746,inf,2821536,2821536,55872,,False,8.748555,8.748555,148.465347
1190,99,99.000000,0.151834,0.082251,0.710890,0.633923,1.122514,1.541481,2.393276,0.000000,0.710890,1.000000,0.000000,0.000000,8.142803,inf,2765664,2765664,55872,,False,8.749721,8.749721,171.525253
1191,89,89.000000,0.155142,0.078738,0.664915,0.608117,1.093672,1.286695,2.054684,0.000000,0.664915,1.000000,0.000000,0.000000,7.007649,inf,2486304,2486304,55872,,False,8.750813,8.750813,180.101124
1192,96,96.000000,0.148115,0.076874,0.667155,0.598135,1.081343,1.195594,2.556520,0.000000,0.667155,1.000000,0.000000,0.000000,7.379871,inf,2681856,2681856,55872,,False,8.752559,8.752559,184.739583
1193,98,98.000000,0.142502,0.072617,0.664222,0.575281,1.047218,1.154908,1.798448,0.000000,0.664222,1.000000,0.000000,0.000000,7.116468,inf,2737728,2737728,55872,,False,8.754450,8.754450,170.581633
1194,78,78.000000,0.154413,0.084551,0.675164,0.627664,1.072150,1.167427,1.864634,0.000000,0.675164,1.000000,0.000000,0.000000,6.595009,inf,2179008,2179008,55872,,False,8.755985,8.755985,157.423077
1195,78,78.000000,0.153004,0.090833,0.699046,0.663032,1.187342,1.268868,1.652482,0.000000,0.699046,1.000000,0.000000,0.000000,7.084947,inf,2179008,2179008,55872,,False,8.757754,8.757755,161.102564
1196,90,90.000000,0.148256,0.091583,0.743893,0.692604,1.183821,1.371562,2.140428,0.000000,0.743893,1.000000,0.000000,0.000000,8.242440,inf,2514240,2514240,55872,,False,8.758411,8.758410,135.377778
1197,91,91.000000,0.145257,0.079631,0.666752,0.600521,1.039195,1.220775,1.962717,0.000000,0.666752,1.000000,0.000000,0.000000,7.246403,inf,2542176,2542176,55872,,False,8.760303,8.760303,151.197802
1198,112,112.000000,0.160465,0.073045,0.689256,0.631400,1.061314,1.266352,2.172325,0.000000,0.689256,1.000000,0.000000,0.000000,8.181090,inf,3128832,3128832,55872,,False,8.761913,8.761913,178.535714
1199,90,90.000000,0.153155,0.086920,0.701682,0.623936,1.169577,1.304506,2.772907,0.000000,0.701682,1.000000,0.000000,0.000000,7.822757,inf,2514240,2514240,55872,,False,8.763325,8.763325,168.000000
1200,91,91.000000,0.122460,0.072410,0.609930,0.565868,0.952664,1.097473,1.386637,0.000000,0.609930,1.000000,0.000000,0.000000,6.589301,inf,2542176,2542176,55872,,False,8.766705,8.766705,158.626374
1201,77,77.000000,0.126374,0.077576,0.673757,0.636002,1.007367,1.183081,1.890232,0.000000,0.673757,1.000000,0.000000,0.000000,5.973367,inf,2151072,2151072,55872,,False,8.769174,8.769174,142.363636
1202,91,91.000000,0.137884,0.093448,0.768846,0.672350,1.227418,1.455271,2.501925,0.000000,0.768846,1.000000,0.000000,0.000000,8.503737,inf,2542176,2542176,55872,,False,8.771121,8.771121,134.032967
1203,82,82.000000,0.149190,0.085314,0.698702,0.655493,1.159684,1.356744,1.695728,0.000000,0.698702,1.000000,0.000000,0.000000,6.995758,inf,2290752,2290752,55872,,False,8.773035,8.773034,166.853659
1204,101,101.000000,0.138686,0.073690,0.694092,0.621716,1.092130,1.269760,2.107517,0.000000,0.694092,1.000000,0.000000,0.000000,7.442673,inf,2821536,2821536,55872,,False,8.774917,8.774917,163.168317
1205,101,101.000000,0.139120,0.087758,0.745508,0.672701,1.299484,1.400156,1.955430,0.000000,0.745508,1.000000,0.000000,0.000000,8.863603,inf,2821536,2821536,55872,,False,8.775727,8.775726,142.801980
1206,103,103.000000,0.140985,0.078571,0.682474,0.614817,1.014696,1.252311,2.488481,0.000000,0.682474,1.000000,0.000000,0.000000,8.092777,inf,2877408,2877408,55872,,False,8.777141,8.777141,158.601942
1207,101,101.000000,0.143329,0.071059,0.697559,0.658736,1.072315,1.310133,1.809415,0.000000,0.697559,1.000000,0.000000,0.000000,7.176956,inf,2821536,2821536,55872,,False,8.778773,8.778773,148.257426
1208,84,84.000000,0.156691,0.086371,0.700292,0.674142,1.047555,1.329232,2.306075,0.000000,0.700292,1.000000,0.000000,0.000000,7.255166,inf,2346624,2346624,55872,,False,8.779768,8.779768,164.857143
1209,100,100.000000,0.152717,0.075977,0.678404,0.620938,1.045655,1.157173,1.988212,0.000000,0.678404,1.000000,0.000000,0.000000,7.597723,inf,2793600,2793600,55872,,False,8.781814,8.781813,160.820000
1210,89,89.000000,0.144177,0.075757,0.672883,0.618431,1.092344,1.210905,1.540109,0.000000,0.672883,1.000000,0.000000,0.000000,6.742329,inf,2486304,2486304,55872,,False,8.783517,8.783517,166.584270
1211,86,86.000000,0.145766,0.093788,0.733445,0.636044,1.069462,1.220438,3.133008,0.000000,0.733445,1.000000,0.000000,0.000000,8.065783,inf,2402496,2402496,55872,,False,8.785531,8.785531,173.232558
1212,94,94.000000,0.147518,0.086021,0.716455,0.661263,1.210001,1.302369,1.624378,0.000000,0.716455,1.000000,0.000000,0.000000,8.085999,inf,2625984,2625984,55872,,False,8.786857,8.786857,162.829787
1213,112,112.000000,0.154514,0.076876,0.736963,0.669259,1.200034,1.529677,2.630483,0.000000,0.736963,1.000000,0.000000,0.000000,8.610086,inf,3128832,3128832,55872,,False,8.788218,8.788218,153.669643
1214,94,94.000000,0.130089,0.096229,0.753696,0.638340,1.265432,1.537861,2.695799,0.000000,0.753696,1.000000,0.000000,0.000000,9.045572,inf,2625984,2625984,55872,,False,8.789828,8.789828,140.840426
1215,91,91.000000,0.146978,0.078788,0.690162,0.618608,1.104882,1.334471,2.206853,0.000000,0.690162,1.000000,0.000000,0.000000,7.169752,inf,2542176,2542176,55872,,False,8.792529,8.792529,175.175824
1216,90,90.000000,0.144412,0.086204,0.714021,0.594077,1.214670,1.489042,3.421821,0.000000,0.714021,1.000000,0.000000,0.000000,7.758327,inf,2514240,2514240,55872,,False,8.793437,8.793437,169.566667
1217,100,100.000000,0.143730,0.076902,0.702839,0.661115,1.152535,1.253304,1.571321,0.000000,0.702839,1.000000,0.000000,0.000000,7.690235,inf,2793600,2793600,55872,,False,8.794028,8.794028,155.910000
1218,86,86.000000,0.141445,0.077395,0.647075,0.606984,1.045329,1.117615,1.862585,0.000000,0.647075,1.000000,0.000000,0.000000,6.655970,inf,2402496,2402496,55872,,False,8.795076,8.795076,165.244186
1219,100,100.000000,0.142300,0.082097,0.727795,0.652590,1.131035,1.448830,2.327115,0.000000,0.727795,1.000000,0.000000,0.000000,8.209725,inf,2793600,2793600,55872,,False,8.796080,8.796079,155.320000
1220,79,79.000000,0.144573,0.083695,0.630367,0.574360,1.232756,1.301414,1.904840,0.000000,0.630367,1.000000,0.000000,0.000000,6.611866,inf,2206944,2206944,55872,,False,8.797648,8.797648,162.367089
1221,87,87.000000,0.163762,0.081893,0.671438,0.584035,1.155681,1.227519,1.859306,0.000000,0.671438,1.000000,0.000000,0.000000,7.124680,inf,2430432,2430432,55872,,False,8.799214,8.799214,201.586207
1222,101,101.000000,0.158068,0.073233,0.694870,0.621344,1.184460,1.433598,1.657023,0.000000,0.694870,1.000000,0.000000,0.000000,7.396508,inf,2821536,2821536,55872,,False,8.800392,8.800392,170.811881
1223,99,99.000000,0.132871,0.075705,0.680110,0.570030,0.986041,1.333539,2.336678,0.000000,0.680110,1.000000,0.000000,0.000000,7.494806,inf,2765664,2765664,55872,,False,8.802945,8.802945,148.424242
1224,93,93.000000,0.131550,0.077998,0.647560,0.562115,1.143136,1.284807,2.732767,0.000000,0.647560,1.000000,0.000000,0.000000,7.253811,inf,2598048,2598048,55872,,False,8.805265,8.805265,163.709677
1225,109,109.000000,0.142521,0.089309,0.752333,0.643099,1.240722,1.530368,2.931791,0.000000,0.752333,1.000000,0.000000,0.000000,9.734666,inf,3045024,3045024,55872,,False,8.806129,8.806129,154.256881
1226,95,95.000000,0.153674,0.070156,0.616900,0.553781,1.057458,1.257180,1.460291,0.000000,0.616900,1.000000,0.000000,0.000000,6.664836,inf,2653920,2653920,55872,,False,8.807043,8.807043,164.168421
1227,93,93.000000,0.149316,0.079780,0.686041,0.613854,1.055454,1.349983,2.159627,0.000000,0.686041,1.000000,0.000000,0.000000,7.419521,inf,2598048,2598048,55872,,False,8.808225,8.808224,173.516129
1228,106,106.000000,0.133310,0.075722,0.680072,0.607993,1.031155,1.203351,2.309713,0.000000,0.680072,1.000000,0.000000,0.000000,8.026554,inf,2961216,2961216,55872,,False,8.809645,8.809644,147.981132
1229,96,96.000000,0.152689,0.076659,0.688844,0.650981,0.962077,1.199427,2.143420,0.000000,0.688844,1.000000,0.000000,0.000000,7.359230,inf,2681856,2681856,55872,,False,8.810568,8.810568,175.927083
1230,84,84.000000,0.134039,0.098776,0.768445,0.692293,1.273417,1.468993,2.938746,0.000000,0.768445,1.000000,0.000000,0.000000,8.297176,inf,2346624,2346624,55872,,False,8.812041,8.812042,138.500000
1231,97,97.000000,0.145579,0.080927,0.734345,0.723956,1.188549,1.410737,1.811594,0.000000,0.734345,1.000000,0.000000,0.000000,7.849872,inf,2709792,2709792,55872,,False,8.813268,8.813269,157.680412
1232,83,83.000000,0.152718,0.087162,0.714033,0.613449,1.289926,1.420355,1.753328,0.000000,0.714033,1.000000,0.000000,0.000000,7.234464,inf,2318688,2318688,55872,,False,8.814400,8.814400,160.168675
1233,94,94.000000,0.142440,0.082102,0.704928,0.666293,1.180124,1.358037,1.595969,0.000000,0.704928,1.000000,0.000000,0.000000,7.717557,inf,2625984,2625984,55872,,False,8.816543,8.816543,155.723404
1234,103,103.000000,0.138503,0.081524,0.739097,0.678198,1.207678,1.524480,2.394756,0.000000,0.739097,1.000000,0.000000,0.000000,8.396924,inf,2877408,2877408,55872,,False,8.818050,8.818051,179.310680
1235,104,104.000000,0.153670,0.077818,0.702591,0.608785,1.096360,1.356656,2.004220,0.000000,0.702591,1.000000,0.000000,0.000000,8.093114,inf,2905344,2905344,55872,,False,8.818541,8.818541,180.317308
1236,108,108.000000,0.141886,0.081924,0.735831,0.698933,1.205712,1.302500,2.137443,0.000000,0.735831,1.000000,0.000000,0.000000,8.847753,inf,3017088,3017088,55872,,False,8.820521,8.820521,147.620370
1237,77,77.000000,0.137801,0.084694,0.648258,0.544943,1.050969,1.311816,1.779745,0.000000,0.648258,1.000000,0.000000,0.000000,6.521466,inf,2151072,2151072,55872,,False,8.822007,8.822007,149.506494
1238,94,94.000000,0.142591,0.078243,0.694237,0.612797,1.085845,1.357375,1.612081,0.000000,0.694237,1.000000,0.000000,0.000000,7.354819,inf,2625984,2625984,55872,,False,8.823851,8.823852,161.797872
1239,77,77.000000,0.129933,0.081403,0.618611,0.561267,1.054213,1.227182,2.445143,0.000000,0.618611,1.000000,0.000000,0.000000,6.268044,inf,2151072,2151072,55872,,False,8.825849,8.825849,177.597403
1240,77,77.000000,0.132693,0.083294,0.701935,0.678656,1.122786,1.340850,1.599063,0.000000,0.701935,1.000000,0.000000,0.000000,6.413660,inf,2151072,2151072,55872,,False,8.828287,8.828287,132.402597
1241,84,84.000000,0.126598,0.078979,0.660605,0.648894,1.170995,1.249874,1.841691,0.000000,0.660605,1.000000,0.000000,0.000000,6.634225,inf,2346624,2346624,55872,,False,8.829545,8.829545,157.464286
1242,75,75.000000,0.132900,0.095149,0.677365,0.623012,0.995363,1.284133,2.184495,0.000000,0.677365,1.000000,0.000000,0.000000,7.136204,inf,2095200,2095200,55872,,False,8.831100,8.831100,148.080000
1243,93,93.000000,0.140106,0.083611,0.710643,0.660343,1.149063,1.415811,1.950679,0.000000,0.710643,1.000000,0.000000,0.000000,7.775846,inf,2598048,2598048,55872,,False,8.832515,8.832515,162.344086
1244,92,92.000000,0.134388,0.071994,0.655950,0.630758,1.009716,1.158161,1.405935,0.000000,0.655950,1.000000,0.000000,0.000000,6.623429,inf,2570112,2570112,55872,,False,8.834654,8.834654,154.000000
1245,73,73.000000,0.136113,0.096048,0.745317,0.673792,1.223149,1.470982,2.089987,0.000000,0.745317,1.000000,0.000000,0.000000,7.011486,inf,2039328,2039328,55872,,False,8.836233,8.836233,147.342466
1246,92,92.000000,0.152253,0.080236,0.679033,0.625904,1.276399,1.500992,1.794268,0.000000,0.679033,1.000000,0.000000,0.000000,7.381686,inf,2570112,2570112,55872,,False,8.837076,8.837076,174.369565
1247,91,91.000000,0.141971,0.084706,0.713334,0.670528,1.205372,1.348719,1.578393,0.000000,0.713334,1.000000,0.000000,0.000000,7.708263,inf,2542176,2542176,55872,,False,8.837737,8.837737,146.318681
1248,79,79.000000,0.155259,0.079761,0.657315,0.616401,1.017907,1.258669,1.780217,0.000000,0.657315,1.000000,0.000000,0.000000,6.301153,inf,2206944,2206944,55872,,False,8.838461,8.838461,175.367089
1249,97,97.000000,0.138056,0.078347,0.694526,0.614260,1.162774,1.416711,2.429874,0.000000,0.694526,1.000000,0.000000,0.000000,7.599673,inf,2709792,2709792,55872,,False,8.840087,8.840087,158.886598
1250,93,93.000000,0.166514,0.092138,0.747213,0.618873,1.179156,1.525824,2.950872,0.000000,0.747213,1.000000,0.000000,0.000000,8.568864,inf,2598048,2598048,55872,,False,8.840672,8.840672,188.193548
1251,89,89.000000,0.139302,0.079416,0.669163,0.575436,1.074026,1.268699,2.070032,0.000000,0.669163,1.000000,0.000000,0.000000,7.068010,inf,2486304,2486304,55872,,False,8.842578,8.842578,181.831461
1252,101,101.000000,0.164804,0.083607,0.705980,0.648861,1.155261,1.281951,2.085647,0.000000,0.705980,1.000000,0.000000,0.000000,8.444300,inf,2821536,2821536,55872,,False,8.843176,8.843176,189.821782
1253,96,96.000000,0.143372,0.077259,0.736465,0.676489,1.115221,1.285125,1.651278,0.000000,0.736465,1.000000,0.000000,0.000000,7.416848,inf,2681856,2681856,55872,,False,8.844101,8.844100,166.114583
1254,90,90.000000,0.138821,0.075473,0.644117,0.582969,1.091242,1.203969,1.818843,0.000000,0.644117,1.000000,0.000000,0.000000,6.792614,inf,2514240,2514240,55872,,False,8.845955,8.845955,176.044444
1255,97,97.000000,0.151572,0.073232,0.683111,0.611294,0.999613,1.205502,1.876601,0.000000,0.683111,1.000000,0.000000,0.000000,7.103508,inf,2709792,2709792,55872,,False,8.847188,8.847188,173.402062
1256,95,95.000000,0.143972,0.074138,0.681107,0.615039,1.101382,1.194321,1.522909,0.000000,0.681107,1.000000,0.000000,0.000000,7.043091,inf,2653920,2653920,55872,,False,8.849203,8.849203,154.431579
1257,96,96.000000,0.147468,0.080013,0.696334,0.677319,1.037642,1.137075,2.835335,0.000000,0.696334,1.000000,0.000000,0.000000,7.681281,inf,2681856,2681856,55872,,False,8.850558,8.850559,150.218750
1258,78,78.000000,0.142881,0.091075,0.728928,0.679831,1.041677,1.181633,1.924876,0.000000,0.728928,1.000000,0.000000,0.000000,7.103872,inf,2179008,2179008,55872,,False,8.852803,8.852803,158.538462
1259,101,101.000000,0.156907,0.088083,0.772562,0.707682,1.242269,1.407724,3.640041,0.000000,0.772562,1.000000,0.000000,0.000000,8.896360,inf,2821536,2821536,55872,,False,8.853710,8.853710,162.801980
1260,98,98.000000,0.127117,0.074772,0.666405,0.613226,1.054222,1.205931,1.647003,0.000000,0.666405,1.000000,0.000000,0.000000,7.327646,inf,2737728,2737728,55872,,False,8.855843,8.855843,140.061224
1261,106,106.000000,0.128742,0.081193,0.705001,0.613904,1.196321,1.423016,3.165995,0.000000,0.705001,1.000000,0.000000,0.000000,8.606496,inf,2961216,2961216,55872,,False,8.857808,8.857809,139.556604
1262,87,87.000000,0.153164,0.089354,0.706984,0.664490,1.099147,1.347614,2.162186,0.000000,0.706984,1.000000,0.000000,0.000000,7.773762,inf,2430432,2430432,55872,,False,8.859217,8.859216,171.298851
1263,92,92.000000,0.141043,0.072742,0.646475,0.598863,1.013419,1.163249,1.689566,0.000000,0.646475,1.000000,0.000000,0.000000,6.692234,inf,2570112,2570112,55872,,False,8.860421,8.860421,156.510870
1264,93,93.000000,0.155255,0.093311,0.751826,0.648615,1.237314,1.451437,2.157680,0.000000,0.751826,1.000000,0.000000,0.000000,8.677915,inf,2598048,2598048,55872,,False,8.860638,8.860638,161.645161
1265,77,77.000000,0.155924,0.089818,0.729741,0.665097,1.138197,1.270766,1.565412,0.000000,0.729741,1.000000,0.000000,0.000000,6.916008,inf,2151072,2151072,55872,,False,8.861985,8.861985,160.038961
1266,86,86.000000,0.152916,0.086186,0.735754,0.674419,1.110938,1.178587,2.237734,0.000000,0.735754,1.000000,0.000000,0.000000,7.412023,inf,2402496,2402496,55872,,False,8.863404,8.863404,158.453488
1267,99,99.000000,0.131485,0.072946,0.688569,0.663305,1.105548,1.201246,1.566103,0.000000,0.688569,1.000000,0.000000,0.000000,7.221612,inf,2765664,2765664,55872,,False,8.865485,8.865485,158.252525
1268,101,101.000000,0.127774,0.078192,0.692164,0.616920,1.126794,1.332740,1.874291,0.000000,0.692164,1.000000,0.000000,0.000000,7.897358,inf,2821536,2821536,55872,,False,8.866765,8.866765,145.673267
1269,88,88.000000,0.139810,0.080575,0.688570,0.673859,1.088936,1.195388,2.146257,0.000000,0.688570,1.000000,0.000000,0.000000,7.090587,inf,2458368,2458368,55872,,False,8.868396,8.868396,132.522727
1270,96,96.000000,0.151295,0.082927,0.703049,0.648918,1.266832,1.413235,1.999315,0.000000,0.703049,1.000000,0.000000,0.000000,7.961017,inf,2681856,2681856,55872,,False,8.869123,8.869124,167.031250
1271,99,99.000000,0.146503,0.080883,0.716659,0.670342,1.114560,1.268906,2.376654,0.000000,0.716659,1.000000,0.000000,0.000000,8.007390,inf,2765664,2765664,55872,,False,8.869831,8.869830,152.949495
1272,95,95.000000,0.143655,0.077498,0.677195,0.633422,1.059369,1.141614,2.026990,0.000000,0.677195,1.000000,0.000000,0.000000,7.362319,inf,2653920,2653920,55872,,False,8.870524,8.870524,161.978947
1273,106,106.000000,0.153206,0.074949,0.683701,0.672381,1.026005,1.180553,1.578473,0.000000,0.683701,1.000000,0.000000,0.000000,7.944632,inf,2961216,2961216,55872,,False,8.870889,8.870889,176.716981
1274,102,102.000000,0.139378,0.084653,0.755541,0.691671,1.162728,1.484495,3.007351,0.000000,0.755541,1.000000,0.000000,0.000000,8.634601,inf,2849472,2849472,55872,,False,8.872700,8.872700,155.676471
1275,103,103.000000,0.131776,0.082098,0.753097,0.668395,1.272331,1.543978,2.141568,0.000000,0.753097,1.000000,0.000000,0.000000,8.456076,inf,2877408,2877408,55872,,False,8.874644,8.874644,142.417476
1276,105,105.000000,0.128975,0.080150,0.700498,0.598570,1.171650,1.517993,2.398181,0.000000,0.700498,1.000000,0.000000,0.000000,8.415779,inf,2933280,2933280,55872,,False,8.876081,8.876081,154.361905
1277,93,93.000000,0.152406,0.081109,0.708369,0.616682,1.214265,1.535581,1.835202,0.000000,0.708369,1.000000,0.000000,0.000000,7.543164,inf,2598048,2598048,55872,,False,8.877469,8.877469,165.580645
1278,83,83.000000,0.156245,0.090085,0.696203,0.701229,1.076916,1.346397,2.058645,0.000000,0.696203,1.000000,0.000000,0.000000,7.477055,inf,2318688,2318688,55872,,False,8.878766,8.878766,153.265060
1279,116,116.000000,0.146595,0.067213,0.662724,0.586003,1.051122,1.326566,1.791429,0.000000,0.662724,1.000000,0.000000,0.000000,7.796659,inf,3240576,3240576,55872,,False,8.880138,8.880138,181.362069
1280,102,102.000000,0.141092,0.076871,0.724556,0.644228,1.269531,1.400619,1.642912,0.000000,0.724556,1.000000,0.000000,0.000000,7.840826,inf,2849472,2849472,55872,,False,8.881170,8.881171,160.833333
1281,99,99.000000,0.141696,0.085207,0.745846,0.637107,1.269811,1.564427,3.005767,0.000000,0.745846,1.000000,0.000000,0.000000,8.435507,inf,2765664,2765664,55872,,False,8.882093,8.882092,154.242424
1282,95,95.000000,0.153161,0.077150,0.689665,0.647117,1.042067,1.277001,1.741163,0.000000,0.689665,1.000000,0.000000,0.000000,7.329280,inf,2653920,2653920,55872,,False,8.883782,8.883782,169.915789
1283,94,94.000000,0.134400,0.083402,0.719741,0.651289,1.091707,1.333383,2.138207,0.000000,0.719741,1.000000,0.000000,0.000000,7.839768,inf,2625984,2625984,55872,,False,8.885275,8.885276,150.723404
1284,92,92.000000,0.149951,0.084687,0.718854,0.618395,1.119973,1.341365,2.036376,0.000000,0.718854,1.000000,0.000000,0.000000,7.791232,inf,2570112,2570112,55872,,False,8.886810,8.886810,172.956522
1285,88,88.000000,0.142081,0.088524,0.726574,0.622311,1.137362,1.498422,3.505464,0.000000,0.726574,1.000000,0.000000,0.000000,7.790119,inf,2458368,2458368,55872,,False,8.888928,8.888928,157.011364
1286,96,96.000000,0.146363,0.073389,0.645929,0.622207,1.011249,1.085376,1.951626,0.000000,0.645929,1.000000,0.000000,0.000000,7.045353,inf,2681856,2681856,55872,,False,8.891161,8.891161,184.239583
1287,84,84.000000,0.145754,0.078029,0.684568,0.653185,1.005054,1.101412,1.908057,0.000000,0.684568,1.000000,0.000000,0.000000,6.554441,inf,2346624,2346624,55872,,False,8.892616,8.892616,149.738095
1288,100,100.000000,0.140997,0.077788,0.701859,0.608471,1.100937,1.269624,1.982213,0.000000,0.701859,1.000000,0.000000,0.000000,7.778827,inf,2793600,2793600,55872,,False,8.894435,8.894435,157.760000
1289,96,96.000000,0.137020,0.079674,0.705694,0.603630,1.290656,1.571878,1.746311,0.000000,0.705694,1.000000,0.000000,0.000000,7.648669,inf,2681856,2681856,55872,,False,8.896065,8.896065,165.291667
1290,102,102.000000,0.142985,0.077908,0.723817,0.661586,1.159092,1.294388,2.985754,0.000000,0.723817,1.000000,0.000000,0.000000,7.946663,inf,2849472,2849472,55872,,False,8.897151,8.897151,169.294118
1291,80,80.000000,0.144352,0.082838,0.662600,0.616913,1.120545,1.178595,1.750901,0.000000,0.662600,1.000000,0.000000,0.000000,6.627067,inf,2234880,2234880,55872,,False,8.898548,8.898548,155.175000
1292,95,95.000000,0.137877,0.081814,0.735313,0.675477,1.197496,1.350874,2.250071,0.000000,0.735313,1.000000,0.000000,0.000000,7.772344,inf,2653920,2653920,55872,,False,8.900451,8.900451,152.136842
1293,100,100.000000,0.146081,0.085447,0.718348,0.627685,1.201119,1.445276,2.864413,0.000000,0.718348,1.000000,0.000000,0.000000,8.544689,inf,2793600,2793600,55872,,False,8.901438,8.901439,145.530000
1294,97,97.000000,0.140439,0.078873,0.690939,0.639210,1.078703,1.266391,2.087226,0.000000,0.690939,1.000000,0.000000,0.000000,7.650718,inf,2709792,2709792,55872,,False,8.903089,8.903088,159.329897
1295,96,96.000000,0.145017,0.077202,0.690537,0.645163,1.038446,1.238332,2.329782,0.000000,0.690537,1.000000,0.000000,0.000000,7.411357,inf,2681856,2681856,55872,,False,8.903714,8.903714,150.937500
1296,87,87.000000,0.135164,0.090783,0.718132,0.613492,1.188747,1.338477,3.009232,0.000000,0.718132,1.000000,0.000000,0.000000,7.898114,inf,2430432,2430432,55872,,False,8.905354,8.905354,146.517241
1297,102,102.000000,0.146585,0.075203,0.689549,0.639141,1.131458,1.328893,2.137447,0.000000,0.689549,1.000000,0.000000,0.000000,7.670674,inf,2849472,2849472,55872,,False,8.907060,8.907060,164.019608
1298,75,75.000000,0.152516,0.089311,0.653608,0.559549,1.112544,1.270471,2.844040,0.000000,0.653608,1.000000,0.000000,0.000000,6.698292,inf,2095200,2095200,55872,,False,8.908515,8.908515,185.826667
1299,82,82.000000,0.139450,0.084037,0.688443,0.656382,1.064093,1.247252,2.005093,0.000000,0.688443,1.000000,0.000000,0.000000,6.891030,inf,2290752,2290752,55872,,False,8.909850,8.909849,150.243902
1300,97,97.000000,0.143328,0.083197,0.729964,0.678955,1.211047,1.358371,2.253763,0.000000,0.729964,1.000000,0.000000,0.000000,8.070114,inf,2709792,2709792,55872,,False,8.910913,8.910914,150.020619
1301,94,94.000000,0.135077,0.075831,0.675061,0.597108,1.105512,1.204139,2.114983,0.000000,0.675061,1.000000,0.000000,0.000000,7.128158,inf,2625984,2625984,55872,,False,8.912660,8.912659,169.244681
1302,94,94.000000,0.140001,0.083468,0.700029,0.638926,1.101735,1.244437,3.033720,0.000000,0.700029,1.000000,0.000000,0.000000,7.845994,inf,2625984,2625984,55872,,False,8.914031,8.914031,160.127660
1303,109,109.000000,0.149020,0.071306,0.708594,0.661700,1.164805,1.340635,1.743334,0.000000,0.708594,1.000000,0.000000,0.000000,7.772309,inf,3045024,3045024,55872,,False,8.915780,8.915780,159.724771
1304,113,113.000000,0.146100,0.077066,0.696363,0.630319,1.103095,1.240014,2.014749,0.000000,0.696363,1.000000,0.000000,0.000000,8.708493,inf,3156768,3156768,55872,,False,8.916709,8.916709,164.398230
1305,82,82.000000,0.136917,0.092194,0.749957,0.669193,1.364492,1.567919,2.094809,0.000000,0.749957,1.000000,0.000000,0.000000,7.559902,inf,2290752,2290752,55872,,False,8.918088,8.918088,148.890244
1306,103,103.000000,0.137095,0.080449,0.765276,0.747213,1.108779,1.518851,2.416711,0.000000,0.765276,1.000000,0.000000,0.000000,8.286296,inf,2877408,2877408,55872,,False,8.919056,8.919056,157.252427
1307,107,107.000000,0.154508,0.074504,0.698111,0.669470,1.062887,1.285146,1.842491,0.000000,0.698111,1.000000,0.000000,0.000000,7.971932,inf,2989152,2989152,55872,,False,8.919872,8.919872,162.214953
1308,91,91.000000,0.162346,0.087962,0.706665,0.568381,1.143379,1.260263,2.769613,0.000000,0.706665,1.000000,0.000000,0.000000,8.004532,inf,2542176,2542176,55872,,False,8.920134,8.920134,195.527473
1309,109,109.000000,0.130167,0.077516,0.704403,0.658106,1.130506,1.292380,2.030384,0.000000,0.704403,1.000000,0.000000,0.000000,8.449248,inf,3045024,3045024,55872,,False,8.922132,8.922132,148.284404
1310,119,119.000000,0.155822,0.092391,0.815145,0.669836,1.289647,1.630894,3.879319,0.000000,0.815145,1.000000,0.000000,0.000000,10.994564,inf,3324384,3324384,55872,,False,8.922391,8.922391,150.243697
1311,96,96.000000,0.150962,0.081681,0.731225,0.662690,1.146616,1.327909,2.678254,0.000000,0.731225,1.000000,0.000000,0.000000,7.841343,inf,2681856,2681856,55872,,False,8.923520,8.923520,160.875000
1312,75,75.000000,0.150914,0.084455,0.657095,0.648827,0.973252,1.257031,2.051104,0.000000,0.657095,1.000000,0.000000,0.000000,6.334124,inf,2095200,2095200,55872,,False,8.925096,8.925095,181.040000
1313,97,97.000000,0.146477,0.079740,0.691346,0.619539,0.971861,1.230212,2.764594,0.000000,0.691346,1.000000,0.000000,0.000000,7.734752,inf,2709792,2709792,55872,,False,8.926580,8.926579,177.690722
1314,90,90.000000,0.146878,0.077555,0.690150,0.642580,1.060989,1.238732,1.728492,0.000000,0.690150,1.000000,0.000000,0.000000,6.979970,inf,2514240,2514240,55872,,False,8.927171,8.927171,161.777778
1315,89,89.000000,0.146733,0.075214,0.623340,0.562234,1.040674,1.210126,1.695942,0.000000,0.623340,1.000000,0.000000,0.000000,6.694009,inf,2486304,2486304,55872,,False,8.929171,8.929172,189.191011
1316,103,103.000000,0.158379,0.085352,0.748050,0.629316,1.320962,1.559943,2.736480,0.000000,0.748050,1.000000,0.000000,0.000000,8.791219,inf,2877408,2877408,55872,,False,8.930008,8.930008,168.631068
1317,70,70.000000,0.160296,0.089177,0.680476,0.613487,1.128852,1.156931,1.436910,0.000000,0.680476,1.000000,0.000000,0.000000,6.242397,inf,1955520,1955520,55872,,False,8.931025,8.931025,185.628571
1318,96,96.000000,0.148247,0.082744,0.686071,0.648970,0.963783,1.245548,3.521088,0.000000,0.686071,1.000000,0.000000,0.000000,7.943400,inf,2681856,2681856,55872,,False,8.931861,8.931861,178.812500
1319,88,88.000000,0.152097,0.076567,0.692897,0.683355,1.042002,1.133469,1.548503,0.000000,0.692897,1.000000,0.000000,0.000000,6.737855,inf,2458368,2458368,55872,,False,8.933059,8.933059,168.045455
1320,101,101.000000,0.133705,0.081469,0.730182,0.694640,1.182239,1.665315,1.870286,0.000000,0.730182,1.000000,0.000000,0.000000,8.228404,inf,2821536,2821536,55872,,False,8.935068,8.935068,136.178218
1321,91,91.000000,0.133857,0.073660,0.601371,0.564464,1.037685,1.146960,1.544561,0.000000,0.601371,1.000000,0.000000,0.000000,6.703082,inf,2542176,2542176,55872,,False,8.937346,8.937346,177.527473
1322,91,91.000000,0.122721,0.080024,0.692191,0.680872,1.053485,1.260547,1.423158,0.000000,0.692191,1.000000,0.000000,0.000000,7.282182,inf,2542176,2542176,55872,,False,8.939654,8.939654,141.087912
1323,78,78.000000,0.144813,0.089195,0.736245,0.688949,1.157070,1.433653,2.148859,0.000000,0.736245,1.000000,0.000000,0.000000,6.957239,inf,2179008,2179008,55872,,False,8.941236,8.941236,158.846154
1324,89,89.000000,0.128574,0.079865,0.714532,0.681095,1.134517,1.265811,2.038674,0.000000,0.714532,1.000000,0.000000,0.000000,7.107963,inf,2486304,2486304,55872,,False,8.942492,8.942492,134.685393
1325,105,105.000000,0.139033,0.080016,0.731882,0.625857,1.257957,1.516067,3.039590,0.000000,0.731882,1.000000,0.000000,0.000000,8.401729,inf,2933280,2933280,55872,,False,8.943666,8.943666,161.752381
1326,82,82.000000,0.133019,0.096740,0.727301,0.670670,1.101852,1.327712,2.714692,0.000000,0.727301,1.000000,0.000000,0.000000,7.932685,inf,2290752,2290752,55872,,False,8.945282,8.945282,155.609756
1327,105,105.000000,0.143358,0.075205,0.693709,0.647516,1.132854,1.269200,1.929100,0.000000,0.693709,1.000000,0.000000,0.000000,7.896549,inf,2933280,2933280,55872,,False,8.947645,8.947645,158.447619
1328,76,76.000000,0.151607,0.104836,0.749980,0.627339,1.219424,1.488426,3.136962,0.000000,0.749980,1.000000,0.000000,0.000000,7.967511,inf,2123136,2123136,55872,,False,8.948271,8.948271,161.197368
1329,83,83.000000,0.147615,0.087577,0.737622,0.647913,1.166865,1.339718,1.747443,0.000000,0.737622,1.000000,0.000000,0.000000,7.268898,inf,2318688,2318688,55872,,False,8.949593,8.949593,171.156627
1330,97,97.000000,0.141426,0.074151,0.661110,0.591175,1.115304,1.279815,1.511560,0.000000,0.661110,1.000000,0.000000,0.000000,7.192658,inf,2709792,2709792,55872,,False,8.952147,8.952147,186.257732
1331,90,90.000000,0.145918,0.085924,0.716220,0.628888,1.254933,1.379130,1.821127,0.000000,0.716220,1.000000,0.000000,0.000000,7.733176,inf,2514240,2514240,55872,,False,8.953290,8.953290,156.444444
1332,88,88.000000,0.154372,0.085466,0.708911,0.659461,1.148039,1.280015,2.295751,0.000000,0.708911,1.000000,0.000000,0.000000,7.520985,inf,2458368,2458368,55872,,False,8.954336,8.954336,165.613636
1333,87,87.000000,0.134209,0.094461,0.800372,0.697800,1.387805,1.591483,2.280192,0.000000,0.800372,1.000000,0.000000,0.000000,8.218068,inf,2430432,2430432,55872,,False,8.955258,8.955258,124.793103
1334,84,84.000000,0.151233,0.091327,0.746528,0.662907,1.279684,1.325969,2.059061,0.000000,0.746528,1.000000,0.000000,0.000000,7.671481,inf,2346624,2346624,55872,,False,8.955418,8.955418,158.238095
1335,112,112.000000,0.138888,0.076462,0.699909,0.620954,1.081660,1.393692,2.237520,0.000000,0.699909,1.000000,0.000000,0.000000,8.563780,inf,3128832,3128832,55872,,False,8.956693,8.956693,164.964286
1336,75,75.000000,0.122520,0.097596,0.745112,0.679989,1.205289,1.402714,1.806682,0.000000,0.745112,1.000000,0.000000,0.000000,7.319731,inf,2095200,2095200,55872,,False,8.959411,8.959411,138.866667
1337,82,82.000000,0.148651,0.075905,0.632633,0.593261,1.018198,1.159283,1.300771,0.000000,0.632633,1.000000,0.000000,0.000000,6.224203,inf,2290752,2290752,55872,,False,8.960863,8.960863,176.097561
1338,105,105.000000,0.147731,0.078083,0.724134,0.691395,1.114584,1.405529,1.697243,0.000000,0.724134,1.000000,0.000000,0.000000,8.198760,inf,2933280,2933280,55872,,False,8.961752,8.961752,153.200000
1339,103,103.000000,0.142949,0.079712,0.696628,0.617894,1.127691,1.303098,3.023224,0.000000,0.696628,1.000000,0.000000,0.000000,8.210296,inf,2877408,2877408,55872,,False,8.962600,8.962600,165.213592
1340,95,95.000000,0.153570,0.073543,0.657465,0.605823,1.051119,1.271832,1.667163,0.000000,0.657465,1.000000,0.000000,0.000000,6.986542,inf,2653920,2653920,55872,,False,8.963984,8.963984,195.136842
1341,100,100.000000,0.154510,0.083298,0.704438,0.618351,1.125186,1.526029,2.470537,0.000000,0.704438,1.000000,0.000000,0.000000,8.329805,inf,2793600,2793600,55872,,False,8.964921,8.964920,190.530000
1342,83,83.000000,0.147085,0.104611,0.760734,0.655320,1.313579,1.511242,2.333053,0.000000,0.760734,1.000000,0.000000,0.000000,8.682741,inf,2318688,2318688,55872,,False,8.965315,8.965314,170.180723
1343,96,96.000000,0.150278,0.089398,0.760333,0.682138,1.221258,1.353238,2.819344,0.000000,0.760333,1.000000,0.000000,0.000000,8.582209,inf,2681856,2681856,55872,,False,8.967047,8.967047,139.645833
1344,101,101.000000,0.151223,0.072064,0.677507,0.603703,1.191563,1.315892,1.618858,0.000000,0.677507,1.000000,0.000000,0.000000,7.278423,inf,2821536,2821536,55872,,False,8.968915,8.968915,176.881188
1345,93,93.000000,0.138182,0.082981,0.688096,0.645461,1.040994,1.180665,1.897417,0.000000,0.688096,1.000000,0.000000,0.000000,7.717192,inf,2598048,2598048,55872,,False,8.970508,8.970508,166.172043
1346,106,106.000000,0.133442,0.070697,0.669047,0.643857,1.038128,1.161483,1.681597,0.000000,0.669047,1.000000,0.000000,0.000000,7.493862,inf,2961216,2961216,55872,,False,8.972568,8.972567,151.858491
1347,88,88.000000,0.134640,0.080544,0.677731,0.633370,1.113148,1.265068,1.620978,0.000000,0.677731,1.000000,0.000000,0.000000,7.087858,inf,2458368,2458368,55872,,False,8.973671,8.973671,160.670455
1348,85,85.000000,0.150947,0.086848,0.731812,0.668714,1.265284,1.322746,1.780089,0.000000,0.731812,1.000000,0.000000,0.000000,7.382070,inf,2374560,2374560,55872,,False,8.975106,8.975106,159.776471
1349,110,110.000000,0.146162,0.075776,0.728993,0.634927,1.214813,1.277927,3.152903,0.000000,0.728993,1.000000,0.000000,0.000000,8.335352,inf,3072960,3072960,55872,,False,8.977393,8.977393,179.372727
1350,89,89.000000,0.134780,0.082815,0.712559,0.649894,1.111888,1.222815,1.394594,0.000000,0.712559,1.000000,0.000000,0.000000,7.370537,inf,2486304,2486304,55872,,False,8.978717,8.978717,136.505618
1351,104,104.000000,0.135017,0.081545,0.712501,0.626232,1.209816,1.319312,2.838471,0.000000,0.712501,1.000000,0.000000,0.000000,8.480677,inf,2905344,2905344,55872,,False,8.980973,8.980973,162.365385
1352,109,109.000000,0.145956,0.074954,0.695607,0.667842,1.070620,1.241526,1.538667,0.000000,0.695607,1.000000,0.000000,0.000000,8.169954,inf,3045024,3045024,55872,,False,8.981546,8.981546,173.678899
1353,82,82.000000,0.151456,0.082802,0.650360,0.586722,1.101184,1.219675,1.409398,0.000000,0.650360,1.000000,0.000000,0.000000,6.789767,inf,2290752,2290752,55872,,False,8.982862,8.982862,183.304878
1354,98,98.000000,0.149521,0.084177,0.730522,0.661194,1.184389,1.344086,1.993250,0.000000,0.730522,1.000000,0.000000,0.000000,8.249376,inf,2737728,2737728,55872,,False,8.983745,8.983745,151.724490
1355,84,84.000000,0.138647,0.102032,0.766543,0.632533,1.230250,1.612373,3.507272,0.000000,0.766543,1.000000,0.000000,0.000000,8.570702,inf,2346624,2346624,55872,,False,8.984974,8.984974,153.738095
1356,101,101.000000,0.149230,0.079134,0.744218,0.711522,1.180299,1.433251,2.450318,0.000000,0.744218,1.000000,0.000000,0.000000,7.992571,inf,2821536,2821536,55872,,False,8.986505,8.986505,159.742574
1357,96,96.000000,0.157304,0.076402,0.693893,0.658794,1.152600,1.262885,1.972351,0.000000,0.693893,1.000000,0.000000,0.000000,7.334578,inf,2681856,2681856,55872,,False,8.987560,8.987560,180.958333
1358,93,93.000000,0.154359,0.085510,0.737957,0.685309,1.161430,1.322605,1.721214,0.000000,0.737957,1.000000,0.000000,0.000000,7.952423,inf,2598048,2598048,55872,,False,8.988390,8.988389,167.946237
1359,101,101.000000,0.145329,0.073969,0.709909,0.651237,1.087305,1.349446,2.181715,0.000000,0.709909,1.000000,0.000000,0.000000,7.470836,inf,2821536,2821536,55872,,False,8.990416,8.990416,160.326733
1360,90,90.000000,0.141268,0.092826,0.746248,0.647000,1.167308,1.356671,2.883606,0.000000,0.746248,1.000000,0.000000,0.000000,8.354304,inf,2514240,2514240,55872,,False,8.991432,8.991432,143.544444
1361,108,108.000000,0.136235,0.080265,0.725534,0.636638,1.111193,1.316549,2.447786,0.000000,0.725534,1.000000,0.000000,0.000000,8.668575,inf,3017088,3017088,55872,,False,8.992950,8.992951,148.351852
1362,97,97.000000,0.142412,0.078793,0.704656,0.638351,1.120315,1.364848,2.281260,0.000000,0.704656,1.000000,0.000000,0.000000,7.642969,inf,2709792,2709792,55872,,False,8.993883,8.993883,157.824742
1363,92,92.000000,0.132995,0.083298,0.661971,0.586238,1.165730,1.450771,1.908461,0.000000,0.661971,1.000000,0.000000,0.000000,7.663418,inf,2570112,2570112,55872,,False,8.994905,8.994905,159.543478
1364,92,92.000000,0.148418,0.080848,0.687479,0.636792,1.038009,1.348160,1.864651,0.000000,0.687479,1.000000,0.000000,0.000000,7.437990,inf,2570112,2570112,55872,,False,8.996143,8.996143,173.369565
1365,97,97.000000,0.144785,0.078535,0.714021,0.697048,1.067595,1.176223,1.726751,0.000000,0.714021,1.000000,0.000000,0.000000,7.617897,inf,2709792,2709792,55872,,False,8.998100,8.998100,162.546392
1366,89,89.000000,0.145167,0.089501,0.766116,0.703596,1.255093,1.476968,1.689328,0.000000,0.766116,1.000000,0.000000,0.000000,7.965620,inf,2486304,2486304,55872,,False,8.999021,8.999021,153.865169
1367,102,102.000000,0.137269,0.081459,0.729581,0.686863,1.169258,1.266146,2.198185,0.000000,0.729581,1.000000,0.000000,0.000000,8.308829,inf,2849472,2849472,55872,,False,9.000012,9.000013,140.823529
1368,92,92.000000,0.141998,0.080120,0.651871,0.614671,1.084730,1.416474,1.691174,0.000000,0.651871,1.000000,0.000000,0.000000,7.371016,inf,2570112,2570112,55872,,False,9.001200,9.001201,162.358696
1369,119,119.000000,0.159611,0.072122,0.706121,0.649682,1.109182,1.276625,1.880146,0.000000,0.706121,1.000000,0.000000,0.000000,8.582563,inf,3324384,3324384,55872,,False,9.002388,9.002388,177.319328
1370,83,83.000000,0.135795,0.088149,0.743123,0.662192,1.276133,1.333855,1.791631,0.000000,0.743123,1.000000,0.000000,0.000000,7.316362,inf,2318688,2318688,55872,,False,9.003608,9.003608,146.204819
1371,88,88.000000,0.136108,0.077093,0.650512,0.617058,0.919743,1.084026,2.516444,0.000000,0.650512,1.000000,0.000000,0.000000,6.784225,inf,2458368,2458368,55872,,False,9.004783,9.004783,163.977273
1372,81,81.000000,0.147203,0.090300,0.677480,0.559255,1.152758,1.669524,2.162447,0.000000,0.677480,1.000000,0.000000,0.000000,7.314313,inf,2262816,2262816,55872,,False,9.006278,9.006278,179.209877
1373,90,90.000000,0.135914,0.083997,0.738472,0.680367,1.167319,1.367392,1.880908,0.000000,0.738472,1.000000,0.000000,0.000000,7.559697,inf,2514240,2514240,55872,,False,9.007597,9.007597,142.488889
1374,84,84.000000,0.136967,0.084367,0.684546,0.622141,1.087565,1.199734,2.423091,0.000000,0.684546,1.000000,0.000000,0.000000,7.086846,inf,2346624,2346624,55872,,False,9.009640,9.009640,169.869048
1375,95,95.000000,0.145391,0.091297,0.747531,0.658200,1.203214,1.312745,3.004095,0.000000,0.747531,1.000000,0.000000,0.000000,8.673250,inf,2653920,2653920,55872,,False,9.011022,9.011021,156.021053
1376,106,106.000000,0.147007,0.076515,0.696617,0.630244,1.199315,1.421119,1.911512,0.000000,0.696617,1.000000,0.000000,0.000000,8.110556,inf,2961216,2961216,55872,,False,9.012032,9.012032,177.358491
1377,83,83.000000,0.146876,0.078763,0.663125,0.626540,1.042196,1.197750,1.885832,0.000000,0.663125,1.000000,0.000000,0.000000,6.537309,inf,2318688,2318688,55872,,False,9.013537,9.013537,164.939759
1378,111,111.000000,0.149864,0.079091,0.770481,0.715284,1.120067,1.409692,2.377510,0.000000,0.770481,1.000000,0.000000,0.000000,8.779095,inf,3100896,3100896,55872,,False,9.014792,9.014792,142.855856
1379,94,94.000000,0.125626,0.075563,0.673979,0.636915,0.964605,1.204590,2.116977,0.000000,0.673979,1.000000,0.000000,0.000000,7.102881,inf,2625984,2625984,55872,,False,9.016749,9.016749,138.255319
1380,81,81.000000,0.145655,0.100842,0.772429,0.689393,1.308239,1.597094,3.205555,0.000000,0.772429,1.000000,0.000000,0.000000,8.168162,inf,2262816,2262816,55872,,False,9.017741,9.017741,150.506173
1381,106,106.000000,0.151281,0.083275,0.735518,0.637887,1.324279,1.484622,2.992008,0.000000,0.735518,1.000000,0.000000,0.000000,8.827097,inf,2961216,2961216,55872,,False,9.018637,9.018637,159.509434
1382,85,85.000000,0.121948,0.094895,0.751431,0.641325,1.244904,1.479704,2.173389,0.000000,0.751431,1.000000,0.000000,0.000000,8.066117,inf,2374560,2374560,55872,,False,9.020687,9.020687,144.682353
1383,101,101.000000,0.144859,0.068770,0.647141,0.616662,0.955400,1.130915,1.748078,0.000000,0.647141,1.000000,0.000000,0.000000,6.945774,inf,2821536,2821536,55872,,False,9.022184,9.022184,181.495050
1384,91,91.000000,0.146124,0.075108,0.650186,0.590678,1.012100,1.315114,1.740376,0.000000,0.650186,1.000000,0.000000,0.000000,6.834814,inf,2542176,2542176,55872,,False,9.023960,9.023960,179.813187
1385,78,78.000000,0.125039,0.098777,0.772540,0.687607,1.268305,1.482158,2.027608,0.000000,0.772540,1.000000,0.000000,0.000000,7.704613,inf,2179008,2179008,55872,,False,9.025655,9.025654,147.000000
1386,78,78.000000,0.142933,0.096360,0.762076,0.672574,1.209803,1.300806,2.975045,0.000000,0.762076,1.000000,0.000000,0.000000,7.516072,inf,2179008,2179008,55872,,False,9.026754,9.026755,178.987179
1387,84,84.000000,0.155043,0.080188,0.681513,0.560235,1.198287,1.306923,1.897208,0.000000,0.681513,1.000000,0.000000,0.000000,6.735765,inf,2346624,2346624,55872,,False,9.027608,9.027608,205.892857
1388,97,97.000000,0.123879,0.080234,0.738961,0.710834,1.182077,1.321819,1.720920,0.000000,0.738961,1.000000,0.000000,0.000000,7.782665,inf,2709792,2709792,55872,,False,9.029280,9.029280,141.659794
1389,129,129.000000,0.140562,0.073382,0.759853,0.708195,1.120524,1.316056,3.039860,0.000000,0.759853,1.000000,0.000000,0.000000,9.466306,inf,3603744,3603744,55872,,False,9.030596,9.030597,151.651163
1390,101,101.000000,0.133927,0.076691,0.689592,0.622406,1.103299,1.325220,2.089461,0.000000,0.689592,1.000000,0.000000,0.000000,7.745767,inf,2821536,2821536,55872,,False,9.032099,9.032099,158.138614
1391,104,104.000000,0.156707,0.084562,0.715130,0.588730,1.216976,1.626281,2.962407,0.000000,0.715130,1.000000,0.000000,0.000000,8.794427,inf,2905344,2905344,55872,,False,9.032895,9.032896,184.240385
1392,86,86.000000,0.139894,0.083832,0.699416,0.638394,1.094854,1.370116,2.332928,0.000000,0.699416,1.000000,0.000000,0.000000,7.209595,inf,2402496,2402496,55872,,False,9.033452,9.033452,165.313953
1393,87,87.000000,0.144398,0.085430,0.716882,0.624775,1.138386,1.424676,1.676069,0.000000,0.716882,1.000000,0.000000,0.000000,7.432407,inf,2430432,2430432,55872,,False,9.034737,9.034737,169.000000
1394,85,85.000000,0.131998,0.100636,0.800848,0.670489,1.314391,1.489301,2.975232,0.000000,0.800848,1.000000,0.000000,0.000000,8.554047,inf,2374560,2374560,55872,,False,9.036400,9.036400,142.894118
1395,72,72.000000,0.142792,0.096109,0.735171,0.654389,1.140547,1.305014,2.567346,0.000000,0.735171,1.000000,0.000000,0.000000,6.919865,inf,2011392,2011392,55872,,False,9.037479,9.037479,155.097222
1396,94,94.000000,0.144573,0.079685,0.704844,0.606424,1.180001,1.395359,2.202415,0.000000,0.704844,1.000000,0.000000,0.000000,7.490374,inf,2625984,2625984,55872,,False,9.039394,9.039394,177.297872
1397,98,98.000000,0.137466,0.076083,0.706357,0.672773,1.117279,1.203958,1.713132,0.000000,0.706357,1.000000,0.000000,0.000000,7.456086,inf,2737728,2737728,55872,,False,9.040925,9.040925,167.897959
1398,82,82.000000,0.140754,0.084081,0.674056,0.562723,1.133071,1.279024,2.222321,0.000000,0.674056,1.000000,0.000000,0.000000,6.894633,inf,2290752,2290752,55872,,False,9.043689,9.043689,183.670732
1399,93,93.000000,0.162636,0.087365,0.751710,0.657863,1.188617,1.327755,2.465600,0.000000,0.751710,1.000000,0.000000,0.000000,8.124899,inf,2598048,2598048,55872,,False,9.045021,9.045021,182.849462
1400,93,93.000000,0.148797,0.094821,0.776363,0.661712,1.273523,1.493356,3.567594,0.000000,0.776363,1.000000,0.000000,0.000000,8.818344,inf,2598048,2598048,55872,,False,9.046482,9.046482,166.236559
1401,102,102.000000,0.130824,0.087465,0.764482,0.685590,1.226197,1.522168,1.861572,0.000000,0.764482,1.000000,0.000000,0.000000,8.921387,inf,2849472,2849472,55872,,False,9.048195,9.048196,136.519608
1402,100,100.000000,0.140890,0.076391,0.700790,0.655959,1.105614,1.297159,1.940715,0.000000,0.700790,1.000000,0.000000,0.000000,7.639137,inf,2793600,2793600,55872,,False,9.050236,9.050237,151.990000
1403,111,111.000000,0.162616,0.085983,0.748611,0.670752,1.197379,1.410096,3.248363,0.000000,0.748611,1.000000,0.000000,0.000000,9.544092,inf,3100896,3100896,55872,,False,9.050824,9.050824,182.666667
1404,88,88.000000,0.153467,0.084942,0.697168,0.582156,1.374360,1.501846,2.858233,0.000000,0.697168,1.000000,0.000000,0.000000,7.474901,inf,2458368,2458368,55872,,False,9.052480,9.052480,189.352273
1405,92,92.000000,0.126706,0.083762,0.694405,0.592254,1.120913,1.327412,2.391053,0.000000,0.694405,1.000000,0.000000,0.000000,7.706091,inf,2570112,2570112,55872,,False,9.053954,9.053955,174.673913
1406,101,101.000000,0.142790,0.084832,0.732057,0.675714,1.276942,1.343203,2.624021,0.000000,0.732057,1.000000,0.000000,0.000000,8.568015,inf,2821536,2821536,55872,,False,9.055085,9.055085,151.227723
1407,98,98.000000,0.145786,0.089264,0.802902,0.730446,1.241646,1.515071,2.264193,0.000000,0.802902,1.000000,0.000000,0.000000,8.747862,inf,2737728,2737728,55872,,False,9.055626,9.055626,150.153061
1408,100,100.000000,0.141555,0.083804,0.757870,0.662513,1.259761,1.385682,2.213326,0.000000,0.757870,1.000000,0.000000,0.000000,8.380393,inf,2793600,2793600,55872,,False,9.056471,9.056470,160.710000
1409,86,86.000000,0.131921,0.086499,0.702346,0.661835,1.114831,1.190350,1.774731,0.000000,0.702346,1.000000,0.000000,0.000000,7.438891,inf,2402496,2402496,55872,,False,9.058316,9.058316,139.813953
1410,99,99.000000,0.146913,0.080965,0.738748,0.629321,1.272234,1.469727,2.478785,0.000000,0.738748,1.000000,0.000000,0.000000,8.015564,inf,2765664,2765664,55872,,False,9.059981,9.059981,169.404040
1411,91,91.000000,0.149062,0.081759,0.713668,0.670369,1.109325,1.483507,1.695752,0.000000,0.713668,1.000000,0.000000,0.000000,7.440066,inf,2542176,2542176,55872,,False,9.061363,9.061363,167.780220
1412,88,88.000000,0.150949,0.093462,0.760530,0.616199,1.302794,1.761842,3.137069,0.000000,0.760530,1.000000,0.000000,0.000000,8.224650,inf,2458368,2458368,55872,,False,9.062253,9.062252,174.693182
1413,88,88.000000,0.138164,0.091433,0.735329,0.635372,1.148697,1.463630,3.479372,0.000000,0.735329,1.000000,0.000000,0.000000,8.046114,inf,2458368,2458368,55872,,False,9.063299,9.063300,174.102273
1414,84,84.000000,0.123500,0.088990,0.730522,0.647079,1.174911,1.382621,2.623183,0.000000,0.730522,1.000000,0.000000,0.000000,7.475187,inf,2346624,2346624,55872,,False,9.064989,9.064990,134.761905
1415,94,94.000000,0.139486,0.084116,0.693222,0.626235,1.149409,1.383112,1.756640,0.000000,0.693222,1.000000,0.000000,0.000000,7.906885,inf,2625984,2625984,55872,,False,9.066697,9.066698,171.393617
1416,81,81.000000,0.140487,0.084562,0.684344,0.635823,1.122250,1.215988,1.706868,0.000000,0.684344,1.000000,0.000000,0.000000,6.849531,inf,2262816,2262816,55872,,False,9.067822,9.067823,177.296296
1417,85,85.000000,0.129046,0.087510,0.720963,0.686313,1.137102,1.399067,1.940967,0.000000,0.720963,1.000000,0.000000,0.000000,7.438388,inf,2374560,2374560,55872,,False,9.069476,9.069476,146.952941
1418,103,103.000000,0.154707,0.086258,0.759293,0.695442,1.188073,1.436640,3.098764,0.000000,0.759293,1.000000,0.000000,0.000000,8.884561,inf,2877408,2877408,55872,,False,9.070124,9.070124,141.757282
1419,92,92.000000,0.139846,0.086809,0.780155,0.740347,1.216563,1.362450,2.307212,0.000000,0.780155,1.000000,0.000000,0.000000,7.986416,inf,2570112,2570112,55872,,False,9.071351,9.071351,129.913043
1420,76,76.000000,0.145325,0.082499,0.689439,0.647104,1.011521,1.261378,1.874710,0.000000,0.689439,1.000000,0.000000,0.000000,6.269895,inf,2123136,2123136,55872,,False,9.072700,9.072700,184.263158
1421,78,78.000000,0.143718,0.090647,0.690838,0.615692,1.091241,1.385358,2.676098,0.000000,0.690838,1.000000,0.000000,0.000000,7.070490,inf,2179008,2179008,55872,,False,9.073994,9.073994,158.525641
1422,114,114.000000,0.139172,0.078236,0.743252,0.677804,1.196367,1.322355,2.277969,0.000000,0.743252,1.000000,0.000000,0.000000,8.918920,inf,3184704,3184704,55872,,False,9.076472,9.076472,154.631579
1423,109,109.000000,0.145615,0.075772,0.730799,0.676643,1.125223,1.592162,2.085046,0.000000,0.730799,1.000000,0.000000,0.000000,8.259122,inf,3045024,3045024,55872,,False,9.077785,9.077785,151.678899
1424,80,80.000000,0.136271,0.083775,0.684298,0.652671,1.107951,1.288679,2.401291,0.000000,0.684298,1.000000,0.000000,0.000000,6.701987,inf,2234880,2234880,55872,,False,9.079322,9.079321,162.825000
1425,91,91.000000,0.137254,0.080031,0.683372,0.608997,1.174552,1.525894,1.866259,0.000000,0.683372,1.000000,0.000000,0.000000,7.282831,inf,2542176,2542176,55872,,False,9.081380,9.081380,151.593407
1426,93,93.000000,0.150249,0.072685,0.673752,0.581887,0.988352,1.274011,1.789511,0.000000,0.673752,1.000000,0.000000,0.000000,6.759715,inf,2598048,2598048,55872,,False,9.083150,9.083149,176.806452
1427,98,98.000000,0.141314,0.087780,0.767775,0.714489,1.248554,1.505536,2.922700,0.000000,0.767775,1.000000,0.000000,0.000000,8.602480,inf,2737728,2737728,55872,,False,9.085194,9.085194,147.326531
1428,95,95.000000,0.133377,0.080098,0.697188,0.628521,1.128831,1.450136,2.250911,0.000000,0.697188,1.000000,0.000000,0.000000,7.609274,inf,2653920,2653920,55872,,False,9.086931,9.086931,158.726316
1429,87,87.000000,0.143385,0.087532,0.725586,0.595179,1.234368,1.485050,2.095962,0.000000,0.725586,1.000000,0.000000,0.000000,7.615309,inf,2430432,2430432,55872,,False,9.088832,9.088832,164.471264
1430,107,107.000000,0.142168,0.076012,0.692367,0.621257,1.158420,1.370060,2.340031,0.000000,0.692367,1.000000,0.000000,0.000000,8.133288,inf,2989152,2989152,55872,,False,9.089929,9.089929,160.813084
1431,82,82.000000,0.135915,0.085780,0.704239,0.647256,1.114366,1.200064,1.807768,0.000000,0.704239,1.000000,0.000000,0.000000,7.033991,inf,2290752,2290752,55872,,False,9.091555,9.091555,147.463415
1432,90,90.000000,0.149732,0.088954,0.748704,0.649983,1.339203,1.493406,1.995830,0.000000,0.748704,1.000000,0.000000,0.000000,8.005854,inf,2514240,2514240,55872,,False,9.092787,9.092787,182.477778
1433,86,86.000000,0.134710,0.098841,0.803560,0.752753,1.266788,1.477773,2.057284,0.000000,0.803560,1.000000,0.000000,0.000000,8.500302,inf,2402496,2402496,55872,,False,9.093621,9.093622,131.220930
1434,107,107.000000,0.133331,0.080280,0.766861,0.685122,1.214312,1.521452,2.479753,0.000000,0.766861,1.000000,0.000000,0.000000,8.589933,inf,2989152,2989152,55872,,False,9.094605,9.094605,152.271028
1435,92,92.000000,0.144843,0.091087,0.763824,0.665847,1.305415,1.529380,1.840963,0.000000,0.763824,1.000000,0.000000,0.000000,8.380026,inf,2570112,2570112,55872,,False,9.095680,9.095679,174.619565
1436,75,75.000000,0.160296,0.092655,0.711999,0.615118,1.083534,1.380962,2.469345,0.000000,0.711999,1.000000,0.000000,0.000000,6.949096,inf,2095200,2095200,55872,,False,9.096368,9.096368,182.506667
1437,115,115.000000,0.145103,0.073690,0.723742,0.662949,1.161809,1.243009,3.049325,0.000000,0.723742,1.000000,0.000000,0.000000,8.474356,inf,3212640,3212640,55872,,False,9.097785,9.097785,157.295652
1438,103,103.000000,0.135302,0.074480,0.632090,0.590901,1.035511,1.270387,2.180543,0.000000,0.632090,1.000000,0.000000,0.000000,7.671453,inf,2877408,2877408,55872,,False,9.099607,9.099607,165.883495
1439,78,78.000000,0.135061,0.081532,0.641302,0.602908,1.112945,1.325584,1.625898,0.000000,0.641302,1.000000,0.000000,0.000000,6.359525,inf,2179008,2179008,55872,,False,9.101735,9.101735,182.294872
1440,96,96.000000,0.143511,0.082534,0.689345,0.561622,1.199567,1.513845,2.418705,0.000000,0.689345,1.000000,0.000000,0.000000,7.923242,inf,2681856,2681856,55872,,False,9.103271,9.103270,174.447917
1441,108,108.000000,0.154805,0.077350,0.727116,0.654817,1.145698,1.325953,2.392141,0.000000,0.727116,1.000000,0.000000,0.000000,8.353820,inf,3017088,3017088,55872,,False,9.104364,9.104365,175.925926
1442,93,93.000000,0.141692,0.083514,0.718249,0.704647,1.122834,1.188543,1.686927,0.000000,0.718249,1.000000,0.000000,0.000000,7.766792,inf,2598048,2598048,55872,,False,9.105736,9.105736,163.559140
1443,90,90.000000,0.134658,0.079972,0.662629,0.619422,1.198122,1.318478,2.317154,0.000000,0.662629,1.000000,0.000000,0.000000,7.197479,inf,2514240,2514240,55872,,False,9.106365,9.106364,156.377778
1444,101,101.000000,0.121838,0.074852,0.687803,0.629475,1.102771,1.247072,1.861658,0.000000,0.687803,1.000000,0.000000,0.000000,7.560035,inf,2821536,2821536,55872,,False,9.107739,9.107739,153.306931
1445,108,108.000000,0.133765,0.072705,0.678346,0.593142,1.192987,1.367345,1.790627,0.000000,0.678346,1.000000,0.000000,0.000000,7.852105,inf,3017088,3017088,55872,,False,9.109422,9.109421,178.500000
1446,86,86.000000,0.129173,0.078445,0.660795,0.632055,0.978249,1.275968,1.740814,0.000000,0.660795,1.000000,0.000000,0.000000,6.746310,inf,2402496,2402496,55872,,False,9.112077,9.112077,190.918605
1447,90,90.000000,0.129833,0.074434,0.657534,0.602433,1.114413,1.235864,1.554041,0.000000,0.657534,1.000000,0.000000,0.000000,6.699048,inf,2514240,2514240,55872,,False,9.114441,9.114441,181.122222
1448,94,94.000000,0.140107,0.083588,0.757892,0.710378,1.134886,1.280581,1.878336,0.000000,0.757892,1.000000,0.000000,0.000000,7.857272,inf,2625984,2625984,55872,,False,9.115746,9.115745,144.244681
1449,109,109.000000,0.136922,0.078377,0.749435,0.668724,1.167520,1.374213,2.323700,0.000000,0.749435,1.000000,0.000000,0.000000,8.543117,inf,3045024,3045024,55872,,False,9.117296,9.117296,149.385321
1450,90,90.000000,0.147125,0.086158,0.777012,0.667326,1.426083,1.545238,2.196229,0.000000,0.777012,1.000000,0.000000,0.000000,7.754252,inf,2514240,2514240,55872,,False,9.118067,9.118067,146.288889
1451,99,99.000000,0.150580,0.086710,0.736031,0.660411,1.203919,1.316573,2.494078,0.000000,0.736031,1.000000,0.000000,0.000000,8.584255,inf,2765664,2765664,55872,,False,9.119798,9.119798,179.787879
1452,83,83.000000,0.143421,0.096927,0.788042,0.705386,1.406386,1.535036,2.294145,0.000000,0.788042,1.000000,0.000000,0.000000,8.044952,inf,2318688,2318688,55872,,False,9.120505,9.120505,153.313253
1453,92,92.000000,0.155043,0.087524,0.770601,0.681379,1.184716,1.441174,2.563981,0.000000,0.770601,1.000000,0.000000,0.000000,8.052212,inf,2570112,2570112,55872,,False,9.121470,9.121469,160.413043
1454,104,104.000000,0.147899,0.084456,0.764801,0.721798,1.283577,1.593335,2.481894,0.000000,0.764801,1.000000,0.000000,0.000000,8.783411,inf,2905344,2905344,55872,,False,9.122442,9.122442,153.644231
1455,99,99.000000,0.140919,0.084824,0.766958,0.719583,1.243369,1.535923,2.209371,0.000000,0.766958,1.000000,0.000000,0.000000,8.397595,inf,2765664,2765664,55872,,False,9.123808,9.123808,150.555556
1456,89,89.000000,0.146601,0.089793,0.759080,0.651677,1.406606,1.509686,1.984672,0.000000,0.759080,1.000000,0.000000,0.000000,7.991579,inf,2486304,2486304,55872,,False,9.125605,9.125605,160.842697
1457,96,96.000000,0.137110,0.087420,0.751384,0.685488,1.171020,1.475063,2.027425,0.000000,0.751384,1.000000,0.000000,0.000000,8.392303,inf,2681856,2681856,55872,,False,9.126833,9.126833,155.416667
1458,115,115.000000,0.136686,0.075441,0.718156,0.663941,1.170567,1.282337,2.404791,0.000000,0.718156,1.000000,0.000000,0.000000,8.675667,inf,3212640,3212640,55872,,False,9.127975,9.127975,153.652174
1459,79,79.000000,0.124636,0.088736,0.692998,0.627384,1.195735,1.386160,1.991966,0.000000,0.692998,1.000000,0.000000,0.000000,7.010164,inf,2206944,2206944,55872,,False,9.129109,9.129110,149.746835
1460,107,107.000000,0.149923,0.082415,0.733504,0.662829,1.221310,1.334043,2.887161,0.000000,0.733504,1.000000,0.000000,0.000000,8.818382,inf,2989152,2989152,55872,,False,9.129766,9.129766,182.757009
1461,107,107.000000,0.137508,0.081087,0.711950,0.667469,1.105698,1.407277,2.406297,0.000000,0.711950,1.000000,0.000000,0.000000,8.676302,inf,2989152,2989152,55872,,False,9.130701,9.130701,145.233645
1462,99,99.000000,0.154124,0.077722,0.697963,0.626296,1.091871,1.409509,2.060378,0.000000,0.697963,1.000000,0.000000,0.000000,7.694440,inf,2765664,2765664,55872,,False,9.132273,9.132273,181.181818
1463,102,102.000000,0.131040,0.073012,0.659612,0.616113,1.003148,1.146126,1.935605,0.000000,0.659612,1.000000,0.000000,0.000000,7.447220,inf,2849472,2849472,55872,,False,9.134482,9.134482,162.470588
1464,94,94.000000,0.132294,0.087030,0.772199,0.682036,1.282731,1.449212,2.175998,0.000000,0.772199,1.000000,0.000000,0.000000,8.180821,inf,2625984,2625984,55872,,False,9.135489,9.135489,145.478723
1465,75,75.000000,0.134817,0.080202,0.631141,0.579527,0.989912,1.074861,1.413287,0.000000,0.631141,1.000000,0.000000,0.000000,6.015143,inf,2095200,2095200,55872,,False,9.137722,9.137722,183.973333
1466,99,99.000000,0.139517,0.079382,0.718472,0.659831,1.111762,1.274528,2.288573,0.000000,0.718472,1.000000,0.000000,0.000000,7.858823,inf,2765664,2765664,55872,,False,9.140151,9.140151,167.777778
1467,103,103.000000,0.152040,0.080381,0.720828,0.602024,1.261171,1.617397,2.424777,0.000000,0.720828,1.000000,0.000000,0.000000,8.279213,inf,2877408,2877408,55872,,False,9.141065,9.141066,171.165049
1468,112,112.000000,0.140871,0.082704,0.718528,0.638383,1.291119,1.569501,2.070815,0.000000,0.718528,1.000000,0.000000,0.000000,9.262875,inf,3128832,3128832,55872,,False,9.142240,9.142241,153.544643
1469,81,81.000000,0.138874,0.086664,0.700052,0.605017,1.191438,1.398090,1.668039,0.000000,0.700052,1.000000,0.000000,0.000000,7.019823,inf,2262816,2262816,55872,,False,9.143701,9.143701,166.703704
1470,100,100.000000,0.150222,0.087354,0.786399,0.670195,1.283383,1.484479,2.862334,0.000000,0.786399,1.000000,0.000000,0.000000,8.735362,inf,2793600,2793600,55872,,False,9.144788,9.144788,172.550000
1471,91,91.000000,0.127817,0.094435,0.823765,0.744522,1.510012,1.596587,2.297272,0.000000,0.823765,1.000000,0.000000,0.000000,8.593600,inf,2542176,2542176,55872,,False,9.145381,9.145381,134.351648
1472,105,105.000000,0.146483,0.076679,0.701092,0.655213,1.053541,1.230010,1.941291,0.000000,0.701092,1.000000,0.000000,0.000000,8.051300,inf,2933280,2933280,55872,,False,9.146876,9.146876,180.409524
1473,84,84.000000,0.134732,0.096758,0.766201,0.709311,1.422502,1.634598,1.870829,0.000000,0.766201,1.000000,0.000000,0.000000,8.127674,inf,2346624,2346624,55872,,False,9.147467,9.147467,128.392857
1474,96,96.000000,0.140598,0.084389,0.729263,0.682253,1.164410,1.401788,1.731730,0.000000,0.729263,1.000000,0.000000,0.000000,8.101368,inf,2681856,2681856,55872,,False,9.148252,9.148252,172.291667
1475,91,91.000000,0.141686,0.082092,0.716337,0.622186,1.192455,1.353742,2.446970,0.000000,0.716337,1.000000,0.000000,0.000000,7.470352,inf,2542176,2542176,55872,,False,9.149753,9.149753,178.571429
1476,104,104.000000,0.133323,0.082231,0.754241,0.703467,1.265702,1.458719,2.475437,0.000000,0.754241,1.000000,0.000000,0.000000,8.552033,inf,2905344,2905344,55872,,False,9.150887,9.150886,140.365385
1477,94,94.000000,0.134115,0.086349,0.759138,0.682863,1.248736,1.522002,2.197359,0.000000,0.759138,1.000000,0.000000,0.000000,8.116844,inf,2625984,2625984,55872,,False,9.152278,9.152278,153.904255
1478,86,86.000000,0.147935,0.080453,0.680654,0.621098,1.098103,1.214623,1.587168,0.000000,0.680654,1.000000,0.000000,0.000000,6.918919,inf,2402496,2402496,55872,,False,9.153440,9.153440,184.662791
1479,91,91.000000,0.138573,0.083761,0.677658,0.608149,1.163951,1.294077,2.507835,0.000000,0.677658,1.000000,0.000000,0.000000,7.622243,inf,2542176,2542176,55872,,False,9.155143,9.155144,168.505495
1480,96,96.000000,0.144898,0.076150,0.691502,0.626403,1.118978,1.394515,1.749096,0.000000,0.691502,1.000000,0.000000,0.000000,7.310423,inf,2681856,2681856,55872,,False,9.156473,9.156473,184.010417
1481,89,89.000000,0.141695,0.075506,0.650928,0.591498,0.994311,1.150419,1.658588,0.000000,0.650928,1.000000,0.000000,0.000000,6.720006,inf,2486304,2486304,55872,,False,9.158162,9.158162,187.528090
1482,90,90.000000,0.135599,0.089121,0.766659,0.663266,1.242426,1.641698,2.153548,0.000000,0.766659,1.000000,0.000000,0.000000,8.020898,inf,2514240,2514240,55872,,False,9.159280,9.159280,142.122222
1483,97,97.000000,0.132567,0.076238,0.690722,0.675271,0.994717,1.247179,2.483137,0.000000,0.690722,1.000000,0.000000,0.000000,7.395128,inf,2709792,2709792,55872,,False,9.160420,9.160420,150.247423
1484,106,106.000000,0.138742,0.076486,0.717435,0.726398,1.079289,1.169904,2.306729,0.000000,0.717435,1.000000,0.000000,0.000000,8.107476,inf,2961216,2961216,55872,,False,9.161623,9.161623,164.754717
1485,89,89.000000,0.144846,0.079984,0.668124,0.596904,1.051102,1.233656,2.379427,0.000000,0.668124,1.000000,0.000000,0.000000,7.118603,inf,2486304,2486304,55872,,False,9.163135,9.163135,178.224719
1486,110,110.000000,0.137044,0.081592,0.768619,0.658287,1.257812,1.609611,2.395171,0.000000,0.768619,1.000000,0.000000,0.000000,8.975079,inf,3072960,3072960,55872,,False,9.164172,9.164173,137.290909
1487,90,90.000000,0.126089,0.087938,0.723062,0.642356,1.184625,1.426584,2.314014,0.000000,0.723062,1.000000,0.000000,0.000000,7.914400,inf,2514240,2514240,55872,,False,9.165021,9.165021,134.055556
1488,86,86.000000,0.149665,0.094118,0.766189,0.702427,1.214528,1.432718,3.293140,0.000000,0.766189,1.000000,0.000000,0.000000,8.094185,inf,2402496,2402496,55872,,False,9.165446,9.165446,140.534884
1489,88,88.000000,0.131138,0.096810,0.762268,0.695867,1.225517,1.491900,2.150140,0.000000,0.762268,1.000000,0.000000,0.000000,8.519279,inf,2458368,2458368,55872,,False,9.166734,9.166734,149.034091
1490,95,95.000000,0.151181,0.080868,0.725694,0.642579,1.151996,1.333625,1.847248,0.000000,0.725694,1.000000,0.000000,0.000000,7.682487,inf,2653920,2653920,55872,,False,9.167689,9.167690,167.421053
1491,86,86.000000,0.156700,0.099902,0.805168,0.707284,1.382713,1.683865,2.690832,0.000000,0.805168,1.000000,0.000000,0.000000,8.591555,inf,2402496,2402496,55872,,False,9.167800,9.167800,168.930233
1492,103,103.000000,0.137167,0.085016,0.678451,0.600896,1.017998,1.342215,4.060375,0.000000,0.678451,1.000000,0.000000,0.000000,8.756686,inf,2877408,2877408,55872,,False,9.169895,9.169896,164.213592
1493,89,89.000000,0.133160,0.074659,0.636917,0.598938,0.898533,1.080532,2.139397,0.000000,0.636917,1.000000,0.000000,0.000000,6.644690,inf,2486304,2486304,55872,,False,9.172055,9.172055,167.876404
1494,102,102.000000,0.153832,0.074564,0.707503,0.621147,1.157770,1.319770,2.008058,0.000000,0.707503,1.000000,0.000000,0.000000,7.605497,inf,2849472,2849472,55872,,False,9.172757,9.172757,184.852941
1495,95,95.000000,0.132722,0.087843,0.754071,0.693867,1.222242,1.426923,2.584943,0.000000,0.754071,1.000000,0.000000,0.000000,8.345114,inf,2653920,2653920,55872,,False,9.174205,9.174205,148.515789
1496,105,105.000000,0.136863,0.073658,0.680350,0.590769,1.094140,1.391813,1.749945,0.000000,0.680350,1.000000,0.000000,0.000000,7.734119,inf,2933280,2933280,55872,,False,9.176304,9.176304,189.066667
1497,81,81.000000,0.141809,0.102177,0.790606,0.727025,1.136195,1.449325,4.105111,0.000000,0.790606,1.000000,0.000000,0.000000,8.276299,inf,2262816,2262816,55872,,False,9.177013,9.177013,159.333333
1498,106,106.000000,0.136775,0.093309,0.796422,0.681933,1.305561,1.584287,3.246831,0.000000,0.796422,1.000000,0.000000,0.000000,9.890750,inf,2961216,2961216,55872,,False,9.178248,9.178248,144.849057
1499,98,98.000000,0.132361,0.077194,0.719818,0.675175,1.118257,1.402524,2.324637,0.000000,0.719818,1.000000,0.000000,0.000000,7.565001,inf,2737728,2737728,55872,,False,9.180287,9.180286,158.051020
1500,104,104.000000,0.145407,0.083974,0.764350,0.661952,1.216739,1.531886,2.263749,0.000000,0.764350,1.000000,0.000000,0.000000,8.733306,inf,2905344,2905344,55872,,False,9.181509,9.181508,146.490385
1501,91,91.000000,0.145586,0.090861,0.750119,0.605813,1.216792,1.625211,3.098574,0.000000,0.750119,1.000000,0.000000,0.000000,8.268384,inf,2542176,2542176,55872,,False,9.182488,9.182488,173.406593
1502,100,100.000000,0.140821,0.079572,0.697890,0.619387,1.015539,1.195958,3.087335,0.000000,0.697890,1.000000,0.000000,0.000000,7.957212,inf,2793600,2793600,55872,,False,9.184654,9.184655,154.200000
1503,86,86.000000,0.125012,0.084566,0.719592,0.701399,1.168838,1.305137,1.944846,0.000000,0.719592,1.000000,0.000000,0.000000,7.272693,inf,2402496,2402496,55872,,False,9.186424,9.186424,146.383721
1504,97,97.000000,0.136835,0.081628,0.700645,0.641531,1.075831,1.342911,1.832159,0.000000,0.700645,1.000000,0.000000,0.000000,7.917881,inf,2709792,2709792,55872,,False,9.188264,9.188265,179.783505
1505,98,98.000000,0.148747,0.083463,0.747459,0.677635,1.275560,1.397189,2.307564,0.000000,0.747459,1.000000,0.000000,0.000000,8.179371,inf,2737728,2737728,55872,,False,9.189422,9.189423,162.255102
1506,107,107.000000,0.140478,0.083126,0.772281,0.676484,1.279126,1.592422,2.584622,0.000000,0.772281,1.000000,0.000000,0.000000,8.894491,inf,2989152,2989152,55872,,False,9.191232,9.191232,166.663551
1507,98,98.000000,0.141011,0.084912,0.729564,0.679344,1.248640,1.525558,2.043294,0.000000,0.729564,1.000000,0.000000,0.000000,8.321401,inf,2737728,2737728,55872,,False,9.191765,9.191765,156.500000
1508,91,91.000000,0.129702,0.086366,0.746833,0.725608,1.156964,1.319482,1.585323,0.000000,0.746833,1.000000,0.000000,0.000000,7.859341,inf,2542176,2542176,55872,,False,9.194016,9.194016,147.483516
1509,102,102.000000,0.140980,0.085107,0.757764,0.635625,1.250967,1.342525,2.368852,0.000000,0.757764,1.000000,0.000000,0.000000,8.680888,inf,2849472,2849472,55872,,False,9.195374,9.195374,160.401961
1510,92,92.000000,0.137172,0.088273,0.787052,0.692282,1.266490,1.424389,2.663718,0.000000,0.787052,1.000000,0.000000,0.000000,8.121085,inf,2570112,2570112,55872,,False,9.196646,9.196646,152.315217
1511,86,86.000000,0.138410,0.081118,0.712538,0.626851,1.236869,1.388604,1.746009,0.000000,0.712538,1.000000,0.000000,0.000000,6.976138,inf,2402496,2402496,55872,,False,9.198525,9.198525,152.174419
1512,84,84.000000,0.121095,0.086219,0.721015,0.672229,1.215690,1.505402,1.617886,0.000000,0.721015,1.000000,0.000000,0.000000,7.242392,inf,2346624,2346624,55872,,False,9.200971,9.200971,145.321429
1513,92,92.000000,0.146416,0.088960,0.738032,0.691311,1.131652,1.439454,2.030125,0.000000,0.738032,1.000000,0.000000,0.000000,8.184285,inf,2570112,2570112,55872,,False,9.202036,9.202036,167.597826
1514,84,84.000000,0.162346,0.097038,0.749659,0.685311,1.073101,1.368315,3.188341,0.000000,0.749659,1.000000,0.000000,0.000000,8.151229,inf,2346624,2346624,55872,,False,9.203280,9.203280,193.880952
1515,97,97.000000,0.138344,0.081456,0.750051,0.700282,1.181051,1.412599,1.615356,0.000000,0.750051,1.000000,0.000000,0.000000,7.901198,inf,2709792,2709792,55872,,False,9.204906,9.204907,166.855670
1516,102,102.000000,0.138424,0.082418,0.766718,0.732091,1.224600,1.328370,2.476770,0.000000,0.766718,1.000000,0.000000,0.000000,8.406602,inf,2849472,2849472,55872,,False,9.206294,9.206295,152.970588
1517,86,86.000000,0.130035,0.091910,0.753761,0.675067,1.174945,1.325434,2.309344,0.000000,0.753761,1.000000,0.000000,0.000000,7.904267,inf,2402496,2402496,55872,,False,9.207679,9.207679,147.709302
1518,85,85.000000,0.144939,0.088369,0.724080,0.673421,1.158951,1.345448,2.453362,0.000000,0.724080,1.000000,0.000000,0.000000,7.511330,inf,2374560,2374560,55872,,False,9.209235,9.209236,164.129412
1519,82,82.000000,0.129432,0.086621,0.712612,0.657318,1.164383,1.372018,2.139366,0.000000,0.712612,1.000000,0.000000,0.000000,7.102926,inf,2290752,2290752,55872,,False,9.211117,9.211117,154.146341
1520,87,87.000000,0.134021,0.096698,0.777963,0.685948,1.220223,1.633145,2.597836,0.000000,0.777963,1.000000,0.000000,0.000000,8.412742,inf,2430432,2430432,55872,,False,9.211741,9.211741,143.862069
1521,95,95.000000,0.142973,0.079387,0.716784,0.655337,1.090949,1.224506,1.998902,0.000000,0.716784,1.000000,0.000000,0.000000,7.541783,inf,2653920,2653920,55872,,False,9.213840,9.213840,164.536842
1522,98,98.000000,0.145852,0.079516,0.730540,0.675922,1.162832,1.411689,1.858710,0.000000,0.730540,1.000000,0.000000,0.000000,7.792616,inf,2737728,2737728,55872,,False,9.214831,9.214831,164.622449
1523,90,90.000000,0.133660,0.079142,0.698621,0.612267,1.121689,1.331970,2.043743,0.000000,0.698621,1.000000,0.000000,0.000000,7.122812,inf,2514240,2514240,55872,,False,9.216867,9.216867,167.455556
1524,94,94.000000,0.136636,0.087572,0.770450,0.651719,1.308168,1.560703,2.171789,0.000000,0.770450,1.000000,0.000000,0.000000,8.231755,inf,2625984,2625984,55872,,False,9.218643,9.218643,150.468085
1525,108,108.000000,0.147452,0.074697,0.695561,0.663762,1.104672,1.292678,1.807662,0.000000,0.695561,1.000000,0.000000,0.000000,8.067268,inf,3017088,3017088,55872,,False,9.219726,9.219726,176.685185
1526,97,97.000000,0.131237,0.099447,0.778955,0.676316,1.124601,1.343623,5.505143,0.000000,0.778955,1.000000,0.000000,0.000000,9.646363,inf,2709792,2709792,55872,,False,9.221441,9.221441,131.443299
1527,92,92.000000,0.134704,0.095296,0.745820,0.637120,1.306753,1.823059,2.373226,0.000000,0.745820,1.000000,0.000000,0.000000,8.767232,inf,2570112,2570112,55872,,False,9.222268,9.222268,171.228261
1528,92,92.000000,0.140419,0.090785,0.770048,0.663144,1.445984,1.532091,2.543146,0.000000,0.770048,1.000000,0.000000,0.000000,8.352211,inf,2570112,2570112,55872,,False,9.223810,9.223810,151.586957
1529,91,91.000000,0.141583,0.084576,0.751731,0.699724,1.153441,1.276629,1.801394,0.000000,0.751731,1.000000,0.000000,0.000000,7.696411,inf,2542176,2542176,55872,,False,9.224673,9.224673,155.296703
1530,82,82.000000,0.158358,0.098017,0.754580,0.674211,1.220236,1.420151,2.473492,0.000000,0.754580,1.000000,0.000000,0.000000,8.037402,inf,2290752,2290752,55872,,False,9.226106,9.226106,180.353659
1531,87,87.000000,0.134508,0.087039,0.723935,0.653896,1.199994,1.329069,1.867084,0.000000,0.723935,1.000000,0.000000,0.000000,7.572389,inf,2430432,2430432,55872,,False,9.227541,9.227541,164.804598
1532,95,95.000000,0.145957,0.088776,0.733411,0.644491,1.272166,1.545583,2.255216,0.000000,0.733411,1.000000,0.000000,0.000000,8.433691,inf,2653920,2653920,55872,,False,9.228600,9.228600,180.589474
1533,97,97.000000,0.149831,0.093442,0.788476,0.705265,1.317460,1.543242,1.737275,0.000000,0.788476,1.000000,0.000000,0.000000,9.063880,inf,2709792,2709792,55872,,False,9.229259,9.229258,158.360825
1534,82,82.000000,0.144329,0.084091,0.692773,0.600692,1.116192,1.330379,2.210430,0.000000,0.692773,1.000000,0.000000,0.000000,6.895451,inf,2290752,2290752,55872,,False,9.231060,9.231060,197.402439
1535,94,94.000000,0.145643,0.076341,0.683314,0.656271,1.049794,1.110473,2.141788,0.000000,0.683314,1.000000,0.000000,0.000000,7.176087,inf,2625984,2625984,55872,,False,9.231995,9.231995,166.521277
1536,92,92.000000,0.135421,0.092316,0.792257,0.713467,1.218694,1.401594,2.709074,0.000000,0.792257,1.000000,0.000000,0.000000,8.493071,inf,2570112,2570112,55872,,False,9.233512,9.233512,147.500000
1537,82,82.000000,0.129560,0.081677,0.685601,0.628398,1.150640,1.389323,2.138086,0.000000,0.685601,1.000000,0.000000,0.000000,6.697484,inf,2290752,2290752,55872,,False,9.235694,9.235694,174.524390
1538,106,106.000000,0.144556,0.070524,0.701912,0.656352,1.061356,1.185401,1.256358,0.000000,0.701912,1.000000,0.000000,0.000000,7.475592,inf,2961216,2961216,55872,,False,9.237188,9.237188,180.556604
1539,91,91.000000,0.151091,0.083499,0.731030,0.664402,1.266914,1.326660,1.833659,0.000000,0.731030,1.000000,0.000000,0.000000,7.598444,inf,2542176,2542176,55872,,False,9.237997,9.237997,165.175824
1540,91,91.000000,0.148913,0.085089,0.714551,0.631847,1.125976,1.348882,2.364079,0.000000,0.714551,1.000000,0.000000,0.000000,7.743108,inf,2542176,2542176,55872,,False,9.239340,9.239341,165.626374
1541,95,95.000000,0.133392,0.084273,0.721405,0.637388,1.161522,1.290052,2.544067,0.000000,0.721405,1.000000,0.000000,0.000000,8.005947,inf,2653920,2653920,55872,,False,9.240448,9.240448,151.736842
1542,89,89.000000,0.142383,0.088327,0.766951,0.672980,1.262086,1.436999,2.441149,0.000000,0.766951,1.000000,0.000000,0.000000,7.861104,inf,2486304,2486304,55872,,False,9.241953,9.241953,167.157303
1543,103,103.000000,0.135276,0.081293,0.735914,0.666255,1.311668,1.416247,1.774164,0.000000,0.735914,1.000000,0.000000,0.000000,8.373191,inf,2877408,2877408,55872,,False,9.243563,9.243562,166.407767
1544,94,94.000000,0.154371,0.088327,0.756333,0.640631,1.229702,1.514329,2.618166,0.000000,0.756333,1.000000,0.000000,0.000000,8.302761,inf,2625984,2625984,55872,,False,9.244197,9.244197,174.223404
1545,105,105.000000,0.139393,0.072710,0.659348,0.611794,1.065481,1.231260,2.264789,0.000000,0.659348,1.000000,0.000000,0.000000,7.634567,inf,2933280,2933280,55872,,False,9.245605,9.245605,170.028571
1546,86,86.000000,0.145030,0.097234,0.768262,0.652766,1.206678,1.719409,2.594222,0.000000,0.768262,1.000000,0.000000,0.000000,8.362127,inf,2402496,2402496,55872,,False,9.245975,9.245975,164.441860
1547,93,93.000000,0.118033,0.079237,0.687098,0.646391,1.049433,1.242136,1.822985,0.000000,0.687098,1.000000,0.000000,0.000000,7.369002,inf,2598048,2598048,55872,,False,9.248057,9.248057,152.387097
1548,95,95.000000,0.140656,0.082019,0.756934,0.730119,1.211536,1.342260,1.780407,0.000000,0.756934,1.000000,0.000000,0.000000,7.791767,inf,2653920,2653920,55872,,False,9.248749,9.248749,151.326316
1549,94,94.000000,0.134790,0.080997,0.705386,0.668316,1.120080,1.317813,1.768353,0.000000,0.705386,1.000000,0.000000,0.000000,7.613714,inf,2625984,2625984,55872,,False,9.250578,9.250578,158.265957
1550,100,100.000000,0.135720,0.081365,0.730094,0.646080,1.235828,1.407207,1.612258,0.000000,0.730094,1.000000,0.000000,0.000000,8.136519,inf,2793600,2793600,55872,,False,9.252151,9.252151,165.010000
1551,104,104.000000,0.136018,0.085917,0.734053,0.683952,1.142448,1.315542,2.681484,0.000000,0.734053,1.000000,0.000000,0.000000,8.935345,inf,2905344,2905344,55872,,False,9.253002,9.253002,154.644231
1552,98,98.000000,0.141646,0.082603,0.723955,0.639968,1.164702,1.544279,2.051516,0.000000,0.723955,1.000000,0.000000,0.000000,8.095114,inf,2737728,2737728,55872,,False,9.254436,9.254436,156.561224
1553,98,98.000000,0.136106,0.074562,0.666015,0.597284,1.051040,1.141862,1.824106,0.000000,0.666015,1.000000,0.000000,0.000000,7.307038,inf,2737728,2737728,55872,,False,9.256905,9.256905,198.887755
1554,96,96.000000,0.139886,0.084408,0.749618,0.716590,1.184076,1.267372,1.722796,0.000000,0.749618,1.000000,0.000000,0.000000,8.103181,inf,2681856,2681856,55872,,False,9.258639,9.258640,145.666667
1555,108,108.000000,0.128423,0.071774,0.687968,0.581044,1.153354,1.347959,1.904634,0.000000,0.687968,1.000000,0.000000,0.000000,7.751595,inf,3017088,3017088,55872,,False,9.260844,9.260844,173.675926
1556,92,92.000000,0.132641,0.082431,0.732291,0.677996,1.201915,1.409642,2.174024,0.000000,0.732291,1.000000,0.000000,0.000000,7.583657,inf,2570112,2570112,55872,,False,9.261655,9.261655,138.489130
1557,100,100.000000,0.135776,0.090668,0.768332,0.695964,1.265949,1.616700,2.807953,0.000000,0.768332,1.000000,0.000000,0.000000,9.066753,inf,2793600,2793600,55872,,False,9.262266,9.262266,165.080000
1558,93,93.000000,0.137623,0.089491,0.734494,0.659807,1.163271,1.256615,2.437044,0.000000,0.734494,1.000000,0.000000,0.000000,8.322628,inf,2598048,2598048,55872,,False,9.263312,9.263312,160.591398
1559,88,88.000000,0.129616,0.081674,0.695945,0.627358,1.060439,1.156036,2.805408,0.000000,0.695945,1.000000,0.000000,0.000000,7.187303,inf,2458368,2458368,55872,,False,9.265308,9.265307,172.318182
1560,91,91.000000,0.123233,0.078815,0.689834,0.650619,1.124588,1.230963,1.840813,0.000000,0.689834,1.000000,0.000000,0.000000,7.172181,inf,2542176,2542176,55872,,False,9.267100,9.267100,148.428571
1561,105,105.000000,0.142979,0.098909,0.812315,0.716815,1.278531,1.624725,4.398306,0.000000,0.812315,1.000000,0.000000,0.000000,10.385447,inf,2933280,2933280,55872,,False,9.268893,9.268893,145.009524
1562,88,88.000000,0.140548,0.083782,0.731974,0.611342,1.211275,1.433096,1.698901,0.000000,0.731974,1.000000,0.000000,0.000000,7.372808,inf,2458368,2458368,55872,,False,9.270196,9.270196,181.215909
1563,91,91.000000,0.136234,0.084317,0.725500,0.653269,1.178630,1.279737,2.434899,0.000000,0.725500,1.000000,0.000000,0.000000,7.672820,inf,2542176,2542176,55872,,False,9.271791,9.271791,170.384615
1564,106,106.000000,0.153596,0.071316,0.703498,0.645820,1.095013,1.218357,3.170448,0.000000,0.703498,1.000000,0.000000,0.000000,7.559493,inf,2961216,2961216,55872,,False,9.272987,9.272988,166.990566
1565,91,91.000000,0.135259,0.083804,0.723033,0.653600,1.084890,1.318516,2.523272,0.000000,0.723033,1.000000,0.000000,0.000000,7.626156,inf,2542176,2542176,55872,,False,9.274714,9.274714,171.197802
1566,96,96.000000,0.150425,0.086826,0.770502,0.715355,1.275352,1.369028,2.024948,0.000000,0.770502,1.000000,0.000000,0.000000,8.335339,inf,2681856,2681856,55872,,False,9.276095,9.276095,163.291667
1567,82,82.000000,0.128423,0.082477,0.677264,0.617091,1.113786,1.361974,1.874717,0.000000,0.677264,1.000000,0.000000,0.000000,6.763152,inf,2290752,2290752,55872,,False,9.278189,9.278188,144.317073
1568,86,86.000000,0.143092,0.082245,0.728275,0.639572,1.190295,1.432732,2.176056,0.000000,0.728275,1.000000,0.000000,0.000000,7.073112,inf,2402496,2402496,55872,,False,9.279525,9.279525,175.930233
1569,102,102.000000,0.133655,0.080828,0.710303,0.670095,1.092952,1.228746,2.652048,0.000000,0.710303,1.000000,0.000000,0.000000,8.244475,inf,2849472,2849472,55872,,False,9.281487,9.281487,155.196078
1570,81,81.000000,0.148527,0.085555,0.697396,0.624460,1.112299,1.414096,2.084660,0.000000,0.697396,1.000000,0.000000,0.000000,6.929944,inf,2262816,2262816,55872,,False,9.282997,9.282997,198.358025
1571,98,98.000000,0.130728,0.080057,0.720649,0.690040,1.139344,1.270862,1.901124,0.000000,0.720649,1.000000,0.000000,0.000000,7.845577,inf,2737728,2737728,55872,,False,9.284535,9.284535,158.969388
1572,100,100.000000,0.150244,0.086346,0.736465,0.630796,1.223591,1.416071,2.997991,0.000000,0.736465,1.000000,0.000000,0.000000,8.634623,inf,2793600,2793600,55872,,False,9.285250,9.285250,186.170000
1573,92,92.000000,0.128649,0.092691,0.751076,0.714565,1.110093,1.385356,2.256046,0.000000,0.751076,1.000000,0.000000,0.000000,8.527577,inf,2570112,2570112,55872,,False,9.286663,9.286663,145.771739
1574,101,101.000000,0.139370,0.075313,0.678476,0.633884,1.072247,1.297376,1.916269,0.000000,0.678476,1.000000,0.000000,0.000000,7.606593,inf,2821536,2821536,55872,,False,9.288237,9.288237,163.168317
1575,86,86.000000,0.133200,0.086909,0.721555,0.661235,1.304811,1.403883,1.624439,0.000000,0.721555,1.000000,0.000000,0.000000,7.474157,inf,2402496,2402496,55872,,False,9.290053,9.290053,163.034884
1576,101,101.000000,0.142422,0.082069,0.689288,0.649880,1.094257,1.466168,2.870634,0.000000,0.689288,1.000000,0.000000,0.000000,8.288967,inf,2821536,2821536,55872,,False,9.292341,9.292342,178.099010
1577,88,88.000000,0.133443,0.088301,0.725130,0.701769,1.176644,1.332642,1.668022,0.000000,0.725130,1.000000,0.000000,0.000000,7.770518,inf,2458368,2458368,55872,,False,9.293577,9.293577,169.443182
1578,95,95.000000,0.137925,0.082688,0.723725,0.658716,1.279312,1.345924,2.441603,0.000000,0.723725,1.000000,0.000000,0.000000,7.855324,inf,2653920,2653920,55872,,False,9.295030,9.295030,168.463158
1579,99,99.000000,0.144305,0.081190,0.700589,0.632213,1.103926,1.302829,2.275848,0.000000,0.700589,1.000000,0.000000,0.000000,8.037833,inf,2765664,2765664,55872,,False,9.295452,9.295452,168.161616
1580,100,100.000000,0.143845,0.080773,0.696856,0.615514,1.141905,1.408214,2.393943,0.000000,0.696856,1.000000,0.000000,0.000000,8.077326,inf,2793600,2793600,55872,,False,9.296641,9.296641,162.700000
1581,105,105.000000,0.133148,0.071917,0.670738,0.591118,1.024416,1.276296,1.818135,0.000000,0.670738,1.000000,0.000000,0.000000,7.551249,inf,2933280,2933280,55872,,False,9.298478,9.298477,168.276190
1582,83,83.000000,0.136206,0.086830,0.749406,0.699349,1.177903,1.346712,2.183865,0.000000,0.749406,1.000000,0.000000,0.000000,7.206881,inf,2318688,2318688,55872,,False,9.300222,9.300222,155.036145
1583,108,108.000000,0.144672,0.083554,0.751460,0.665296,1.304263,1.608869,2.494046,0.000000,0.751460,1.000000,0.000000,0.000000,9.023803,inf,3017088,3017088,55872,,False,9.301526,9.301526,154.444444
1584,92,92.000000,0.131586,0.086067,0.719234,0.649080,1.338355,1.642784,2.090477,0.000000,0.719234,1.000000,0.000000,0.000000,7.918122,inf,2570112,2570112,55872,,False,9.302536,9.302536,165.521739
1585,110,110.000000,0.131970,0.088991,0.794804,0.713275,1.383759,1.530822,2.740813,0.000000,0.794804,1.000000,0.000000,0.000000,9.788991,inf,3072960,3072960,55872,,False,9.303798,9.303797,141.627273
1586,100,100.000000,0.136852,0.081907,0.706725,0.603756,1.207820,1.596221,1.982865,0.000000,0.706725,1.000000,0.000000,0.000000,8.190704,inf,2793600,2793600,55872,,False,9.306007,9.306006,166.480000
1587,86,86.000000,0.138208,0.088422,0.706047,0.591468,1.167166,1.370333,2.542668,0.000000,0.706047,1.000000,0.000000,0.000000,7.604335,inf,2402496,2402496,55872,,False,9.307564,9.307564,177.872093
1588,88,88.000000,0.142010,0.088554,0.760041,0.698765,1.234004,1.427648,2.300704,0.000000,0.760041,1.000000,0.000000,0.000000,7.792709,inf,2458368,2458368,55872,,False,9.309023,9.309023,154.897727
1589,92,92.000000,0.139313,0.095137,0.791267,0.688500,1.301103,1.623838,2.630983,0.000000,0.791267,1.000000,0.000000,0.000000,8.752561,inf,2570112,2570112,55872,,False,9.309319,9.309320,137.750000
1590,89,89.000000,0.148069,0.088897,0.754792,0.678919,1.196282,1.394717,2.028135,0.000000,0.754792,1.000000,0.000000,0.000000,7.911872,inf,2486304,2486304,55872,,False,9.310809,9.310810,164.898876
1591,85,85.000000,0.129705,0.097917,0.775830,0.700015,1.202146,1.403072,3.604825,0.000000,0.775830,1.000000,0.000000,0.000000,8.322979,inf,2374560,2374560,55872,,False,9.312390,9.312391,158.494118
1592,83,83.000000,0.135638,0.080875,0.668744,0.591664,1.081081,1.226032,1.779891,0.000000,0.668744,1.000000,0.000000,0.000000,6.712648,inf,2318688,2318688,55872,,False,9.314707,9.314707,174.746988
1593,98,98.000000,0.139797,0.090001,0.789456,0.682572,1.290478,1.443358,2.877636,0.000000,0.789456,1.000000,0.000000,0.000000,8.820125,inf,2737728,2737728,55872,,False,9.316475,9.316475,153.010204
1594,100,100.000000,0.128987,0.086570,0.699271,0.642877,1.127457,1.415393,2.405612,0.000000,0.699271,1.000000,0.000000,0.000000,8.657024,inf,2793600,2793600,55872,,False,9.318318,9.318319,141.800000
1595,82,82.000000,0.131178,0.087144,0.739357,0.674606,1.095066,1.407701,2.554641,0.000000,0.739357,1.000000,0.000000,0.000000,7.145783,inf,2290752,2290752,55872,,False,9.319794,9.319795,169.329268
1596,87,87.000000,0.149084,0.103019,0.829246,0.719965,1.351938,1.549571,2.553166,0.000000,0.829246,1.000000,0.000000,0.000000,8.962656,inf,2430432,2430432,55872,,False,9.320912,9.320911,145.241379
1597,88,88.000000,0.135251,0.089054,0.747989,0.688319,1.227859,1.433975,2.351363,0.000000,0.747989,1.000000,0.000000,0.000000,7.836753,inf,2458368,2458368,55872,,False,9.322761,9.322761,157.750000
1598,99,99.000000,0.144361,0.086820,0.753646,0.672452,1.131392,1.304817,2.380177,0.000000,0.753646,1.000000,0.000000,0.000000,8.595205,inf,2765664,2765664,55872,,False,9.323719,9.323719,169.202020
1599,106,106.000000,0.139121,0.084268,0.744362,0.647060,1.257421,1.523814,2.169526,0.000000,0.744362,1.000000,0.000000,0.000000,8.932413,inf,2961216,2961216,55872,,False,9.325515,9.325515,157.216981
1600,81,81.000000,0.134741,0.084430,0.720171,0.682144,1.170099,1.285855,1.734686,0.000000,0.720171,1.000000,0.000000,0.000000,6.838869,inf,2262816,2262816,55872,,False,9.327668,9.327668,155.938272
1601,105,105.000000,0.125882,0.073685,0.629654,0.605274,0.988765,1.345481,1.826730,0.000000,0.629654,1.000000,0.000000,0.000000,7.736879,inf,2933280,2933280,55872,,False,9.329472,9.329472,158.342857
1602,102,102.000000,0.123711,0.074373,0.670592,0.641519,1.062698,1.239228,1.501330,0.000000,0.670592,1.000000,0.000000,0.000000,7.586079,inf,2849472,2849472,55872,,False,9.331757,9.331757,161.490196
1603,85,85.000000,0.145799,0.087638,0.734813,0.673166,1.169654,1.382816,1.944800,0.000000,0.734813,1.000000,0.000000,0.000000,7.449253,inf,2374560,2374560,55872,,False,9.332543,9.332543,172.188235
1604,80,80.000000,0.143608,0.096334,0.809138,0.774187,1.236890,1.416261,2.258746,0.000000,0.809138,1.000000,0.000000,0.000000,7.706760,inf,2234880,2234880,55872,,False,9.333576,9.333576,132.350000
1605,100,100.000000,0.147004,0.075366,0.677057,0.658907,1.130881,1.219515,1.719621,0.000000,0.677057,1.000000,0.000000,0.000000,7.536599,inf,2793600,2793600,55872,,False,9.335244,9.335244,174.110000
1606,89,89.000000,0.130460,0.097968,0.733413,0.662515,1.058708,1.307360,4.187944,0.000000,0.733413,1.000000,0.000000,0.000000,8.719128,inf,2486304,2486304,55872,,False,9.336752,9.336752,149.022472
1607,109,109.000000,0.138195,0.078091,0.705668,0.610185,1.163353,1.427649,1.916513,0.000000,0.705668,1.000000,0.000000,0.000000,8.511948,inf,3045024,3045024,55872,,False,9.338833,9.338834,177.403670
1608,87,87.000000,0.138034,0.086253,0.745213,0.685557,1.198763,1.377986,2.285379,0.000000,0.745213,1.000000,0.000000,0.000000,7.504020,inf,2430432,2430432,55872,,False,9.341327,9.341327,152.919540
1609,90,90.000000,0.125662,0.082339,0.703719,0.651378,1.166734,1.436510,2.088473,0.000000,0.703719,1.000000,0.000000,0.000000,7.410474,inf,2514240,2514240,55872,,False,9.342956,9.342956,163.555556
1610,98,98.000000,0.126576,0.083108,0.739103,0.700032,1.277716,1.507111,2.063121,0.000000,0.739103,1.000000,0.000000,0.000000,8.144587,inf,2737728,2737728,55872,,False,9.344178,9.344178,144.316327
1611,84,84.000000,0.140565,0.093865,0.768322,0.683809,1.162284,1.447571,3.128554,0.000000,0.768322,1.000000,0.000000,0.000000,7.884667,inf,2346624,2346624,55872,,False,9.345853,9.345854,162.630952
1612,97,97.000000,0.135633,0.096441,0.816554,0.675202,1.438133,1.844366,2.455398,0.000000,0.816554,1.000000,0.000000,0.000000,9.354808,inf,2709792,2709792,55872,,False,9.347328,9.347327,173.113402
1613,90,90.000000,0.132189,0.086495,0.740508,0.638894,1.306339,1.476809,1.749945,0.000000,0.740508,1.000000,0.000000,0.000000,7.784565,inf,2514240,2514240,55872,,False,9.348841,9.348841,161.644444
1614,108,108.000000,0.130946,0.077747,0.739784,0.707959,1.160809,1.403206,1.899629,0.000000,0.739784,1.000000,0.000000,0.000000,8.396649,inf,3017088,3017088,55872,,False,9.350741,9.350741,147.481481
1615,115,115.000000,0.130880,0.073634,0.707995,0.610194,1.270074,1.315692,1.629721,0.000000,0.707995,1.000000,0.000000,0.000000,8.467899,inf,3212640,3212640,55872,,False,9.352826,9.352826,162.669565
1616,97,97.000000,0.134310,0.080962,0.694707,0.647515,1.127943,1.308153,1.597982,0.000000,0.694707,1.000000,0.000000,0.000000,7.853326,inf,2709792,2709792,55872,,False,9.354598,9.354598,152.113402
1617,95,95.000000,0.125198,0.090560,0.769611,0.706607,1.114125,1.428910,2.814981,0.000000,0.769611,1.000000,0.000000,0.000000,8.603190,inf,2653920,2653920,55872,,False,9.356043,9.356043,146.242105
1618,86,86.000000,0.132580,0.088394,0.765422,0.648349,1.415674,1.573078,2.164209,0.000000,0.765422,1.000000,0.000000,0.000000,7.601866,inf,2402496,2402496,55872,,False,9.357718,9.357718,175.488372
1619,100,100.000000,0.145207,0.078271,0.708602,0.654164,1.059072,1.199355,1.646552,0.000000,0.708602,1.000000,0.000000,0.000000,7.827122,inf,2793600,2793600,55872,,False,9.359938,9.359938,175.260000
1620,95,95.000000,0.146748,0.102219,0.816309,0.674018,1.383454,1.558014,3.911095,0.000000,0.816309,1.000000,0.000000,0.000000,9.710813,inf,2653920,2653920,55872,,False,9.360943,9.360943,155.189474
1621,89,89.000000,0.126466,0.081104,0.683163,0.662332,0.977460,1.195603,2.197250,0.000000,0.683163,1.000000,0.000000,0.000000,7.218285,inf,2486304,2486304,55872,,False,9.362677,9.362677,146.674157
1622,101,101.000000,0.126464,0.084688,0.728735,0.653424,1.164438,1.420436,2.155402,0.000000,0.728735,1.000000,0.000000,0.000000,8.553457,inf,2821536,2821536,55872,,False,9.364408,9.364408,145.871287
1623,76,76.000000,0.134707,0.089205,0.698484,0.638415,1.120095,1.305539,1.707402,0.000000,0.698484,1.000000,0.000000,0.000000,6.779591,inf,2123136,2123136,55872,,False,9.366765,9.366765,164.736842
1624,89,89.000000,0.146987,0.089464,0.749792,0.696009,1.172118,1.390189,1.899421,0.000000,0.749792,1.000000,0.000000,0.000000,7.962332,inf,2486304,2486304,55872,,False,9.368706,9.368706,163.404494
1625,86,86.000000,0.131993,0.093848,0.756460,0.677964,1.196676,1.276903,1.951896,0.000000,0.756460,1.000000,0.000000,0.000000,8.070909,inf,2402496,2402496,55872,,False,9.370743,9.370742,152.604651
1626,92,92.000000,0.139977,0.081925,0.713499,0.643533,1.046000,1.431741,2.521695,0.000000,0.713499,1.000000,0.000000,0.000000,7.537065,inf,2570112,2570112,55872,,False,9.372510,9.372510,159.500000
1627,79,79.000000,0.143507,0.097875,0.803673,0.765252,1.156558,1.568670,2.245869,0.000000,0.803673,1.000000,0.000000,0.000000,7.732133,inf,2206944,2206944,55872,,False,9.373804,9.373804,146.898734
1628,90,90.000000,0.133221,0.083194,0.735572,0.707682,1.099897,1.295157,1.790536,0.000000,0.735572,1.000000,0.000000,0.000000,7.487492,inf,2514240,2514240,55872,,False,9.375378,9.375378,148.922222
1629,102,102.000000,0.131057,0.077306,0.714978,0.675426,1.143140,1.210591,1.423810,0.000000,0.714978,1.000000,0.000000,0.000000,7.885191,inf,2849472,2849472,55872,,False,9.377383,9.377383,148.088235
1630,86,86.000000,0.148240,0.110861,0.762593,0.635734,1.309375,1.454065,4.096440,0.000000,0.762593,1.000000,0.000000,0.000000,9.534020,inf,2402496,2402496,55872,,False,9.379121,9.379121,168.011628
1631,86,86.000000,0.131235,0.085667,0.672597,0.590392,1.107865,1.362798,2.249200,0.000000,0.672597,1.000000,0.000000,0.000000,7.367360,inf,2402496,2402496,55872,,False,9.380865,9.380865,170.197674
1632,96,96.000000,0.135771,0.091613,0.780612,0.696096,1.247543,1.507071,2.995847,0.000000,0.780612,1.000000,0.000000,0.000000,8.794815,inf,2681856,2681856,55872,,False,9.382751,9.382751,156.020833
1633,92,92.000000,0.139366,0.095122,0.785769,0.691949,1.241027,1.448396,3.104007,0.000000,0.785769,1.000000,0.000000,0.000000,8.751232,inf,2570112,2570112,55872,,False,9.384480,9.384479,166.108696
1634,87,87.000000,0.150368,0.084238,0.748885,0.717292,1.270302,1.309675,2.291690,0.000000,0.748885,1.000000,0.000000,0.000000,7.328676,inf,2430432,2430432,55872,,False,9.385288,9.385289,165.954023
1635,109,109.000000,0.139743,0.079076,0.693863,0.672903,1.088867,1.255579,2.093924,0.000000,0.693863,1.000000,0.000000,0.000000,8.619336,inf,3045024,3045024,55872,,False,9.386028,9.386028,164.477064
1636,93,93.000000,0.128107,0.082972,0.707097,0.671055,1.135078,1.194578,1.848850,0.000000,0.707097,1.000000,0.000000,0.000000,7.716389,inf,2598048,2598048,55872,,False,9.388081,9.388080,151.591398
1637,101,101.000000,0.140948,0.082952,0.743406,0.644192,1.228879,1.519051,2.064394,0.000000,0.743406,1.000000,0.000000,0.000000,8.378147,inf,2821536,2821536,55872,,False,9.389322,9.389322,174.405941
1638,95,95.000000,0.128464,0.076540,0.672714,0.632957,1.105289,1.278705,1.609163,0.000000,0.672714,1.000000,0.000000,0.000000,7.271285,inf,2653920,2653920,55872,,False,9.391205,9.391204,156.147368
1639,105,105.000000,0.139987,0.078060,0.708731,0.641487,1.137026,1.231945,2.447064,0.000000,0.708731,1.000000,0.000000,0.000000,8.196337,inf,2933280,2933280,55872,,False,9.392399,9.392399,185.038095
1640,93,93.000000,0.146594,0.086360,0.761852,0.673369,1.163544,1.453925,2.228594,0.000000,0.761852,1.000000,0.000000,0.000000,8.031435,inf,2598048,2598048,55872,,False,9.394523,9.394523,175.021505
1641,79,79.000000,0.120742,0.090874,0.719522,0.679359,1.210841,1.355253,1.891756,0.000000,0.719522,1.000000,0.000000,0.000000,7.179031,inf,2206944,2206944,55872,,False,9.395802,9.395801,140.569620
1642,90,90.000000,0.157632,0.089242,0.755583,0.647356,1.214520,1.374314,2.001432,0.000000,0.755583,1.000000,0.000000,0.000000,8.031820,inf,2514240,2514240,55872,,False,9.397092,9.397092,179.144444
1643,95,95.000000,0.141409,0.085160,0.729395,0.636675,1.261096,1.516196,2.578318,0.000000,0.729395,1.000000,0.000000,0.000000,8.090232,inf,2653920,2653920,55872,,False,9.398218,9.398218,183.063158
1644,104,104.000000,0.128355,0.072787,0.713903,0.644222,1.164072,1.360633,1.887184,0.000000,0.713903,1.000000,0.000000,0.000000,7.569829,inf,2905344,2905344,55872,,False,9.399370,9.399370,149.269231
1645,87,87.000000,0.138906,0.089493,0.739692,0.686377,1.145944,1.475570,2.018481,0.000000,0.739692,1.000000,0.000000,0.000000,7.785897,inf,2430432,2430432,55872,,False,9.400874,9.400874,155.275862
1646,87,87.000000,0.133261,0.094547,0.745822,0.701616,1.135699,1.274858,2.787153,0.000000,0.745822,1.000000,0.000000,0.000000,8.225555,inf,2430432,2430432,55872,,False,9.402430,9.402430,177.310345
1647,91,91.000000,0.141046,0.085876,0.730177,0.710334,1.179010,1.435448,1.935680,0.000000,0.730177,1.000000,0.000000,0.000000,7.814687,inf,2542176,2542176,55872,,False,9.403671,9.403672,182.384615
1648,89,89.000000,0.129770,0.092371,0.765613,0.682304,1.154784,1.493631,2.188317,0.000000,0.765613,1.000000,0.000000,0.000000,8.221030,inf,2486304,2486304,55872,,False,9.406133,9.406134,141.831461
1649,86,86.000000,0.140944,0.094258,0.732278,0.637924,1.199708,1.398630,2.727369,0.000000,0.732278,1.000000,0.000000,0.000000,8.106186,inf,2402496,2402496,55872,,False,9.407660,9.407660,181.162791
1650,90,90.000000,0.143672,0.079629,0.686109,0.624529,1.086883,1.426736,1.630030,0.000000,0.686109,1.000000,0.000000,0.000000,7.166601,inf,2514240,2514240,55872,,False,9.408723,9.408723,188.188889
1651,92,92.000000,0.129308,0.085243,0.733369,0.661124,1.151019,1.271844,1.981001,0.000000,0.733369,1.000000,0.000000,0.000000,7.842344,inf,2570112,2570112,55872,,False,9.410188,9.410188,154.445652
1652,99,99.000000,0.136435,0.090018,0.786512,0.731333,1.251159,1.533582,2.331741,0.000000,0.786512,1.000000,0.000000,0.000000,8.911774,inf,2765664,2765664,55872,,False,9.411773,9.411773,141.222222
1653,100,100.000000,0.147334,0.085788,0.769607,0.665695,1.118563,1.518191,3.832858,0.000000,0.769607,1.000000,0.000000,0.000000,8.578823,inf,2793600,2793600,55872,,False,9.412996,9.412996,172.000000
1654,118,118.000000,0.139308,0.082104,0.767450,0.669854,1.216761,1.475123,2.592191,0.000000,0.767450,1.000000,0.000000,0.000000,9.688294,inf,3296448,3296448,55872,,False,9.413900,9.413900,180.228814
1655,97,97.000000,0.152707,0.078983,0.697144,0.631861,1.138868,1.249875,1.962156,0.000000,0.697144,1.000000,0.000000,0.000000,7.661361,inf,2709792,2709792,55872,,False,9.415130,9.415130,185.453608
1656,97,97.000000,0.142547,0.087221,0.742416,0.652003,1.191536,1.514429,2.183555,0.000000,0.742416,1.000000,0.000000,0.000000,8.460480,inf,2709792,2709792,55872,,False,9.417181,9.417182,178.041237
1657,84,84.000000,0.123909,0.092993,0.757609,0.728391,1.194539,1.368585,2.147942,0.000000,0.757609,1.000000,0.000000,0.000000,7.811379,inf,2346624,2346624,55872,,False,9.419145,9.419146,138.916667
1658,86,86.000000,0.143416,0.092720,0.743952,0.639003,1.236074,1.537120,2.580402,0.000000,0.743952,1.000000,0.000000,0.000000,7.973951,inf,2402496,2402496,55872,,False,9.420893,9.420893,169.255814
1659,100,100.000000,0.142620,0.078911,0.713340,0.672459,1.004812,1.257223,1.971600,0.000000,0.713340,1.000000,0.000000,0.000000,7.891134,inf,2793600,2793600,55872,,False,9.421996,9.421996,177.670000
1660,90,90.000000,0.131098,0.078902,0.683910,0.626344,1.068311,1.229803,1.835330,0.000000,0.683910,1.000000,0.000000,0.000000,7.101181,inf,2514240,2514240,55872,,False,9.423917,9.423917,163.422222
1661,101,101.000000,0.130194,0.083697,0.766005,0.699123,1.195571,1.377950,1.880055,0.000000,0.766005,1.000000,0.000000,0.000000,8.453385,inf,2821536,2821536,55872,,False,9.425653,9.425653,149.792079
1662,95,95.000000,0.131336,0.087793,0.765623,0.664874,1.395670,1.610269,2.154379,0.000000,0.765623,1.000000,0.000000,0.000000,8.340343,inf,2653920,2653920,55872,,False,9.426998,9.426998,164.515789
1663,105,105.000000,0.138459,0.086501,0.792603,0.712338,1.277895,1.475140,2.510645,0.000000,0.792603,1.000000,0.000000,0.000000,9.082626,inf,2933280,2933280,55872,,False,9.427718,9.427718,150.514286
1664,105,105.000000,0.129582,0.076008,0.702848,0.659689,1.177723,1.338249,1.854550,0.000000,0.702848,1.000000,0.000000,0.000000,7.980849,inf,2933280,2933280,55872,,False,9.428996,9.428996,159.104762
1665,109,109.000000,0.136872,0.070892,0.701386,0.654856,1.058209,1.230958,1.688636,0.000000,0.701386,1.000000,0.000000,0.000000,7.727205,inf,3045024,3045024,55872,,False,9.430501,9.430501,167.385321
1666,104,104.000000,0.131492,0.084124,0.710856,0.661779,1.149876,1.425829,2.057664,0.000000,0.710856,1.000000,0.000000,0.000000,8.748866,inf,2905344,2905344,55872,,False,9.431715,9.431715,154.048077
1667,91,91.000000,0.153539,0.088777,0.770662,0.678302,1.187514,1.599298,1.935784,0.000000,0.770662,1.000000,0.000000,0.000000,8.078749,inf,2542176,2542176,55872,,False,9.432096,9.432096,177.428571
1668,78,78.000000,0.137846,0.087426,0.684108,0.650761,1.100016,1.274353,1.578421,0.000000,0.684108,1.000000,0.000000,0.000000,6.819260,inf,2179008,2179008,55872,,False,9.433624,9.433624,176.217949
1669,84,84.000000,0.141897,0.080042,0.640242,0.579523,1.018243,1.126784,1.922512,0.000000,0.640242,1.000000,0.000000,0.000000,6.723558,inf,2346624,2346624,55872,,False,9.435297,9.435298,194.273810
1670,96,96.000000,0.127973,0.092772,0.763759,0.684185,1.297637,1.579026,2.709294,0.000000,0.763759,1.000000,0.000000,0.000000,8.906103,inf,2681856,2681856,55872,,False,9.437277,9.437277,168.020833
1671,90,90.000000,0.111705,0.076619,0.649948,0.610867,1.030000,1.245601,1.895457,0.000000,0.649948,1.000000,0.000000,0.000000,6.895691,inf,2514240,2514240,55872,,False,9.439986,9.439986,151.077778
1672,112,112.000000,0.140106,0.074084,0.684787,0.655139,1.053503,1.244355,1.746136,0.000000,0.684787,1.000000,0.000000,0.000000,8.297460,inf,3128832,3128832,55872,,False,9.441645,9.441645,160.178571
1673,81,81.000000,0.121179,0.088349,0.724473,0.662790,1.087936,1.180863,1.926708,0.000000,0.724473,1.000000,0.000000,0.000000,7.156282,inf,2262816,2262816,55872,,False,9.443744,9.443744,140.827160
1674,95,95.000000,0.128947,0.077221,0.681166,0.690091,1.071788,1.184144,1.823795,0.000000,0.681166,1.000000,0.000000,0.000000,7.336039,inf,2653920,2653920,55872,,False,9.446066,9.446065,173.894737
1675,83,83.000000,0.133943,0.101570,0.762000,0.670832,1.285856,1.529521,3.019454,0.000000,0.762000,1.000000,0.000000,0.000000,8.430324,inf,2318688,2318688,55872,,False,9.446533,9.446533,143.987952
1676,80,80.000000,0.137240,0.083363,0.665016,0.609818,1.027009,1.240886,1.951496,0.000000,0.665016,1.000000,0.000000,0.000000,6.669044,inf,2234880,2234880,55872,,False,9.448943,9.448943,173.325000
1677,94,94.000000,0.144376,0.085146,0.740461,0.636613,1.276326,1.587396,2.020692,0.000000,0.740461,1.000000,0.000000,0.000000,8.003730,inf,2625984,2625984,55872,,False,9.449735,9.449735,184.659574
1678,108,108.000000,0.143387,0.081783,0.723830,0.661036,1.097010,1.289704,2.346901,0.000000,0.723830,1.000000,0.000000,0.000000,8.832555,inf,3017088,3017088,55872,,False,9.451103,9.451103,180.435185
1679,87,87.000000,0.134797,0.095501,0.802043,0.727421,1.347330,1.482672,2.654012,0.000000,0.802043,1.000000,0.000000,0.000000,8.308611,inf,2430432,2430432,55872,,False,9.452352,9.452351,151.091954
1680,97,97.000000,0.123933,0.075618,0.679280,0.611568,1.121144,1.292422,2.237644,0.000000,0.679280,1.000000,0.000000,0.000000,7.334994,inf,2709792,2709792,55872,,False,9.453901,9.453901,167.597938
1681,87,87.000000,0.122928,0.090840,0.708551,0.659240,1.126885,1.371754,2.928431,0.000000,0.708551,1.000000,0.000000,0.000000,7.903117,inf,2430432,2430432,55872,,False,9.454446,9.454446,147.747126
1682,92,92.000000,0.140464,0.092744,0.785701,0.741803,1.297429,1.562725,2.438816,0.000000,0.785701,1.000000,0.000000,0.000000,8.532408,inf,2570112,2570112,55872,,False,9.455449,9.455449,147.652174
1683,113,113.000000,0.119114,0.074562,0.672100,0.604670,1.100057,1.181610,2.801814,0.000000,0.672100,1.000000,0.000000,0.000000,8.425562,inf,3156768,3156768,55872,,False,9.457285,9.457286,163.725664
1684,93,93.000000,0.125727,0.083865,0.713900,0.654986,1.217307,1.414090,2.034097,0.000000,0.713900,1.000000,0.000000,0.000000,7.799459,inf,2598048,2598048,55872,,False,9.458325,9.458325,144.408602
1685,101,101.000000,0.138783,0.072796,0.714983,0.693081,1.073390,1.151344,1.460978,0.000000,0.714983,1.000000,0.000000,0.000000,7.352364,inf,2821536,2821536,55872,,False,9.459765,9.459765,172.425743
1686,107,107.000000,0.131782,0.086209,0.782858,0.718626,1.184000,1.444425,2.830796,0.000000,0.782858,1.000000,0.000000,0.000000,9.224357,inf,2989152,2989152,55872,,False,9.461306,9.461306,139.168224
1687,105,105.000000,0.134926,0.073276,0.696569,0.634227,1.043041,1.256661,2.502964,0.000000,0.696569,1.000000,0.000000,0.000000,7.694014,inf,2933280,2933280,55872,,False,9.463014,9.463014,165.657143
1688,90,90.000000,0.133328,0.091147,0.761489,0.651478,1.202639,1.939825,2.491650,0.000000,0.761489,1.000000,0.000000,0.000000,8.203271,inf,2514240,2514240,55872,,False,9.464180,9.464180,163.388889
1689,97,97.000000,0.139703,0.086150,0.735783,0.648659,1.150922,1.488489,2.008914,0.000000,0.735783,1.000000,0.000000,0.000000,8.356509,inf,2709792,2709792,55872,,False,9.465481,9.465482,180.226804
1690,101,101.000000,0.136410,0.078620,0.729782,0.644400,1.080508,1.219816,2.183772,0.000000,0.729782,1.000000,0.000000,0.000000,7.940618,inf,2821536,2821536,55872,,False,9.467379,9.467379,160.534653
1691,86,86.000000,0.129954,0.095170,0.773407,0.703988,1.241957,1.361517,2.081525,0.000000,0.773407,1.000000,0.000000,0.000000,8.184579,inf,2402496,2402496,55872,,False,9.469157,9.469157,143.162791
1692,90,90.000000,0.123018,0.085007,0.707106,0.682977,1.055941,1.326035,2.896297,0.000000,0.707106,1.000000,0.000000,0.000000,7.650643,inf,2514240,2514240,55872,,False,9.471308,9.471307,157.855556
1693,98,98.000000,0.147292,0.083958,0.755023,0.722222,1.117137,1.327983,2.086616,0.000000,0.755023,1.000000,0.000000,0.000000,8.227850,inf,2737728,2737728,55872,,False,9.473007,9.473007,165.938776
1694,104,104.000000,0.133105,0.089345,0.785808,0.721986,1.242859,1.625049,3.707259,0.000000,0.785808,1.000000,0.000000,0.000000,9.291885,inf,2905344,2905344,55872,,False,9.474487,9.474487,152.509615
1695,93,93.000000,0.125434,0.090117,0.763591,0.708679,1.208916,1.430131,2.264253,0.000000,0.763591,1.000000,0.000000,0.000000,8.380836,inf,2598048,2598048,55872,,False,9.476620,9.476621,161.526882
1696,114,114.000000,0.137193,0.076718,0.714904,0.656678,1.241215,1.424191,2.136997,0.000000,0.714904,1.000000,0.000000,0.000000,8.745801,inf,3184704,3184704,55872,,False,9.477506,9.477507,180.552632
1697,110,110.000000,0.143635,0.080338,0.728205,0.706789,1.133306,1.295860,1.760153,0.000000,0.728205,1.000000,0.000000,0.000000,8.837172,inf,3072960,3072960,55872,,False,9.478787,9.478787,162.490909
1698,106,106.000000,0.134821,0.081726,0.748720,0.681043,1.300170,1.582528,2.737657,0.000000,0.748720,1.000000,0.000000,0.000000,8.663009,inf,2961216,2961216,55872,,False,9.480116,9.480116,165.764151
1699,76,76.000000,0.132258,0.103060,0.761880,0.634607,1.186500,2.007634,2.909217,0.000000,0.761880,1.000000,0.000000,0.000000,7.832573,inf,2123136,2123136,55872,,False,9.481852,9.481852,155.368421
1700,100,100.000000,0.140415,0.079675,0.705953,0.600540,1.299377,1.426403,2.232191,0.000000,0.705953,1.000000,0.000000,0.000000,7.967456,inf,2793600,2793600,55872,,False,9.482937,9.482937,178.980000
1701,85,85.000000,0.123833,0.090862,0.733068,0.644806,1.084965,1.332178,2.838606,0.000000,0.733068,1.000000,0.000000,0.000000,7.723293,inf,2374560,2374560,55872,,False,9.485155,9.485155,165.082353
1702,101,101.000000,0.142787,0.082701,0.747960,0.676908,1.147477,1.326575,2.284545,0.000000,0.747960,1.000000,0.000000,0.000000,8.352751,inf,2821536,2821536,55872,,False,9.486500,9.486500,160.069307
1703,85,85.000000,0.142817,0.089133,0.720117,0.689953,1.200619,1.294068,2.485279,0.000000,0.720117,1.000000,0.000000,0.000000,7.576320,inf,2374560,2374560,55872,,False,9.487309,9.487309,151.776471
1704,90,90.000000,0.132267,0.086364,0.688243,0.635377,1.140477,1.401559,2.629025,0.000000,0.688243,1.000000,0.000000,0.000000,7.772762,inf,2514240,2514240,55872,,False,9.488980,9.488979,160.088889
1705,101,101.000000,0.138046,0.078464,0.726943,0.613973,1.263646,1.531649,1.943207,0.000000,0.726943,1.000000,0.000000,0.000000,7.924852,inf,2821536,2821536,55872,,False,9.490261,9.490261,181.554455
1706,98,98.000000,0.116483,0.077008,0.679703,0.649698,1.156900,1.249789,1.611918,0.000000,0.679703,1.000000,0.000000,0.000000,7.546775,inf,2737728,2737728,55872,,False,9.492638,9.492638,136.602041
1707,110,110.000000,0.137236,0.077682,0.731885,0.651758,1.269085,1.385103,2.212188,0.000000,0.731885,1.000000,0.000000,0.000000,8.544971,inf,3072960,3072960,55872,,False,9.493706,9.493706,172.363636
1708,94,94.000000,0.134970,0.083815,0.710130,0.662455,1.136625,1.268460,1.865785,0.000000,0.710130,1.000000,0.000000,0.000000,7.878630,inf,2625984,2625984,55872,,False,9.494807,9.494807,154.117021
1709,96,96.000000,0.127951,0.085162,0.746493,0.663780,1.194064,1.278545,2.701453,0.000000,0.746493,1.000000,0.000000,0.000000,8.175573,inf,2681856,2681856,55872,,False,9.496281,9.496281,171.458333
1710,94,94.000000,0.132347,0.088823,0.764295,0.715289,1.074681,1.354916,2.840487,0.000000,0.764295,1.000000,0.000000,0.000000,8.349324,inf,2625984,2625984,55872,,False,9.497528,9.497528,152.563830
1711,98,98.000000,0.133030,0.089607,0.775608,0.719785,1.250659,1.495625,3.132381,0.000000,0.775608,1.000000,0.000000,0.000000,8.781440,inf,2737728,2737728,55872,,False,9.499064,9.499065,152.040816
1712,88,88.000000,0.153967,0.096488,0.801094,0.697671,1.260984,1.467524,3.201216,0.000000,0.801094,1.000000,0.000000,0.000000,8.490967,inf,2458368,2458368,55872,,False,9.500762,9.500762,165.522727
1713,107,107.000000,0.123848,0.081095,0.722741,0.666038,1.230867,1.438552,1.876895,0.000000,0.722741,1.000000,0.000000,0.000000,8.677160,inf,2989152,2989152,55872,,False,9.502562,9.502562,168.897196
1714,103,103.000000,0.125535,0.088375,0.789811,0.663919,1.382187,1.814021,2.245068,0.000000,0.789811,1.000000,0.000000,0.000000,9.102604,inf,2877408,2877408,55872,,False,9.503855,9.503855,149.339806
1715,86,86.000000,0.117260,0.082047,0.706097,0.671024,1.209842,1.403688,1.969484,0.000000,0.706097,1.000000,0.000000,0.000000,7.056030,inf,2402496,2402496,55872,,False,9.505480,9.505481,148.046512
1716,96,96.000000,0.145076,0.080379,0.705543,0.631680,1.221249,1.429985,1.937365,0.000000,0.705543,1.000000,0.000000,0.000000,7.716394,inf,2681856,2681856,55872,,False,9.507705,9.507705,173.187500
1717,109,109.000000,0.126414,0.071465,0.670358,0.642215,1.066442,1.193117,1.459851,0.000000,0.670358,1.000000,0.000000,0.000000,7.789634,inf,3045024,3045024,55872,,False,9.509234,9.509234,179.917431
1718,85,85.000000,0.136773,0.097004,0.742651,0.678387,1.027124,1.343997,3.267190,0.000000,0.742651,1.000000,0.000000,0.000000,8.245366,inf,2374560,2374560,55872,,False,9.509847,9.509847,162.882353
1719,102,102.000000,0.132568,0.078466,0.741984,0.629991,1.301867,1.483570,2.444966,0.000000,0.741984,1.000000,0.000000,0.000000,8.003509,inf,2849472,2849472,55872,,False,9.511022,9.511022,161.382353
1720,96,96.000000,0.130237,0.084602,0.768615,0.692958,1.309439,1.496545,2.550489,0.000000,0.768615,1.000000,0.000000,0.000000,8.121795,inf,2681856,2681856,55872,,False,9.511826,9.511826,141.895833
1721,92,92.000000,0.134552,0.090600,0.807397,0.723919,1.237614,1.519947,2.569669,0.000000,0.807397,1.000000,0.000000,0.000000,8.335184,inf,2570112,2570112,55872,,False,9.513442,9.513442,155.652174
1722,96,96.000000,0.132863,0.082629,0.744778,0.701114,1.139370,1.389529,1.694796,0.000000,0.744778,1.000000,0.000000,0.000000,7.932390,inf,2681856,2681856,55872,,False,9.515640,9.515639,157.072917
1723,88,88.000000,0.130032,0.094757,0.805857,0.723086,1.314148,1.474450,2.061961,0.000000,0.805857,1.000000,0.000000,0.000000,8.338581,inf,2458368,2458368,55872,,False,9.517871,9.517871,145.920455
1724,86,86.000000,0.136728,0.093682,0.777687,0.674397,1.201218,1.484759,1.805619,0.000000,0.777687,1.000000,0.000000,0.000000,8.056626,inf,2402496,2402496,55872,,False,9.519041,9.519041,148.802326
1725,99,99.000000,0.133123,0.079977,0.706719,0.646196,1.040229,1.321584,2.270995,0.000000,0.706719,1.000000,0.000000,0.000000,7.917686,inf,2765664,2765664,55872,,False,9.521171,9.521170,178.474747
1726,95,95.000000,0.130314,0.083840,0.708556,0.661291,1.175069,1.256616,2.687910,0.000000,0.708556,1.000000,0.000000,0.000000,7.964831,inf,2653920,2653920,55872,,False,9.523114,9.523113,163.915789
1727,94,94.000000,0.136905,0.090365,0.749568,0.671142,1.211974,1.360569,2.667866,0.000000,0.749568,1.000000,0.000000,0.000000,8.494287,inf,2625984,2625984,55872,,False,9.524725,9.524725,170.521277
1728,89,89.000000,0.126089,0.081459,0.698921,0.639411,1.172152,1.274886,1.828084,0.000000,0.698921,1.000000,0.000000,0.000000,7.249830,inf,2486304,2486304,55872,,False,9.526651,9.526651,150.977528
1729,100,100.000000,0.124667,0.086960,0.734540,0.666148,1.186459,1.330666,3.459182,0.000000,0.734540,1.000000,0.000000,0.000000,8.695967,inf,2793600,2793600,55872,,False,9.527678,9.527678,159.760000
1730,92,92.000000,0.115753,0.082171,0.725127,0.652921,1.175482,1.294939,1.955701,0.000000,0.725127,1.000000,0.000000,0.000000,7.559733,inf,2570112,2570112,55872,,False,9.529450,9.529451,154.489130
1731,96,96.000000,0.139864,0.092084,0.774832,0.714171,1.220891,1.388368,2.439787,0.000000,0.774832,1.000000,0.000000,0.000000,8.840016,inf,2681856,2681856,55872,,False,9.530044,9.530044,166.770833
1732,95,95.000000,0.134143,0.084270,0.754016,0.723730,1.144233,1.355570,2.167875,0.000000,0.754016,1.000000,0.000000,0.000000,8.005607,inf,2653920,2653920,55872,,False,9.531618,9.531618,154.894737
1733,102,102.000000,0.140383,0.077903,0.714252,0.647866,1.140611,1.434191,1.864454,0.000000,0.714252,1.000000,0.000000,0.000000,7.946108,inf,2849472,2849472,55872,,False,9.533369,9.533369,177.549020
1734,94,94.000000,0.121416,0.082175,0.709534,0.628934,1.145516,1.248858,1.974103,0.000000,0.709534,1.000000,0.000000,0.000000,7.724479,inf,2625984,2625984,55872,,False,9.535354,9.535353,158.404255
1735,95,95.000000,0.128026,0.078512,0.723992,0.677606,1.152671,1.293031,1.539028,0.000000,0.723992,1.000000,0.000000,0.000000,7.458647,inf,2653920,2653920,55872,,False,9.537177,9.537177,150.126316
1736,108,108.000000,0.124307,0.078457,0.715499,0.640125,1.250903,1.327290,2.593645,0.000000,0.715499,1.000000,0.000000,0.000000,8.473368,inf,3017088,3017088,55872,,False,9.538495,9.538495,157.138889
1737,88,88.000000,0.142335,0.081507,0.728116,0.685933,1.159023,1.234336,1.579615,0.000000,0.728116,1.000000,0.000000,0.000000,7.172609,inf,2458368,2458368,55872,,False,9.539326,9.539326,173.125000
1738,75,75.000000,0.132587,0.105880,0.775163,0.675230,1.261744,1.551668,2.734922,0.000000,0.775163,1.000000,0.000000,0.000000,7.940986,inf,2095200,2095200,55872,,False,9.539641,9.539641,160.906667
1739,88,88.000000,0.140565,0.082523,0.702469,0.680117,1.074877,1.171257,1.476724,0.000000,0.702469,1.000000,0.000000,0.000000,7.261987,inf,2458368,2458368,55872,,False,9.541222,9.541222,186.261364
1740,93,93.000000,0.117877,0.080934,0.683721,0.601417,1.168523,1.327125,2.245978,0.000000,0.683721,1.000000,0.000000,0.000000,7.526834,inf,2598048,2598048,55872,,False,9.543436,9.543436,158.440860
1741,98,98.000000,0.126570,0.084316,0.752499,0.645927,1.303825,1.496699,2.048849,0.000000,0.752499,1.000000,0.000000,0.000000,8.263005,inf,2737728,2737728,55872,,False,9.545074,9.545074,172.846939
1742,106,106.000000,0.136945,0.071236,0.681052,0.589243,1.080486,1.222616,2.435744,0.000000,0.681052,1.000000,0.000000,0.000000,7.551034,inf,2961216,2961216,55872,,False,9.546760,9.546759,175.613208
1743,95,95.000000,0.134799,0.086554,0.769136,0.678573,1.221379,1.738600,2.641398,0.000000,0.769136,1.000000,0.000000,0.000000,8.222594,inf,2653920,2653920,55872,,False,9.548115,9.548115,157.221053
1744,88,88.000000,0.118593,0.077478,0.681270,0.623695,1.069829,1.160065,1.657280,0.000000,0.681270,1.000000,0.000000,0.000000,6.818045,inf,2458368,2458368,55872,,False,9.550345,9.550345,147.011364
1745,91,91.000000,0.119682,0.086648,0.689563,0.609840,1.150684,1.572117,2.232891,0.000000,0.689563,1.000000,0.000000,0.000000,7.884935,inf,2542176,2542176,55872,,False,9.551743,9.551743,163.406593
1746,104,104.000000,0.138919,0.081228,0.727158,0.673741,1.230402,1.401034,2.441354,0.000000,0.727158,1.000000,0.000000,0.000000,8.447676,inf,2905344,2905344,55872,,False,9.553762,9.553762,163.250000
1747,86,86.000000,0.140607,0.085841,0.700265,0.616693,1.153473,1.514845,2.674412,0.000000,0.700265,1.000000,0.000000,0.000000,7.382303,inf,2402496,2402496,55872,,False,9.555186,9.555186,175.418605
1748,114,114.000000,0.129465,0.078780,0.718709,0.668940,1.044726,1.242167,4.199946,0.000000,0.718709,1.000000,0.000000,0.000000,8.980909,inf,3184704,3184704,55872,,False,9.556461,9.556461,156.070175
1749,83,83.000000,0.123345,0.090582,0.748416,0.697303,1.243535,1.476963,2.082874,0.000000,0.748416,1.000000,0.000000,0.000000,7.518306,inf,2318688,2318688,55872,,False,9.559107,9.559107,146.783133
1750,95,95.000000,0.136267,0.088556,0.720814,0.643826,1.135203,1.496503,2.698479,0.000000,0.720814,1.000000,0.000000,0.000000,8.412859,inf,2653920,2653920,55872,,False,9.560280,9.560279,185.821053
1751,77,77.000000,0.126000,0.097183,0.709136,0.658792,1.062047,1.658904,2.527113,0.000000,0.709136,1.000000,0.000000,0.000000,7.483110,inf,2151072,2151072,55872,,False,9.561891,9.561891,151.480519
1752,98,98.000000,0.119128,0.080070,0.691643,0.658010,1.034917,1.192805,1.802112,0.000000,0.691643,1.000000,0.000000,0.000000,7.846905,inf,2737728,2737728,55872,,False,9.564080,9.564080,153.683673
1753,81,81.000000,0.135635,0.092391,0.741312,0.689023,1.100566,1.431330,2.215761,0.000000,0.741312,1.000000,0.000000,0.000000,7.483704,inf,2262816,2262816,55872,,False,9.566332,9.566332,149.382716
1754,95,95.000000,0.122304,0.080681,0.719806,0.675113,1.128491,1.286515,2.277726,0.000000,0.719806,1.000000,0.000000,0.000000,7.664683,inf,2653920,2653920,55872,,False,9.568633,9.568634,149.168421
1755,84,84.000000,0.143582,0.092664,0.743393,0.616054,1.251473,1.380762,2.297028,0.000000,0.743393,1.000000,0.000000,0.000000,7.783794,inf,2346624,2346624,55872,,False,9.570022,9.570022,161.297619
1756,93,93.000000,0.122229,0.081456,0.714948,0.637224,1.224724,1.346705,1.819173,0.000000,0.714948,1.000000,0.000000,0.000000,7.575362,inf,2598048,2598048,55872,,False,9.571498,9.571498,155.569892
1757,90,90.000000,0.135868,0.086614,0.706239,0.628635,1.126236,1.468521,2.786649,0.000000,0.706239,1.000000,0.000000,0.000000,7.795280,inf,2514240,2514240,55872,,False,9.573034,9.573034,176.644444
1758,103,103.000000,0.126268,0.084177,0.764008,0.669625,1.251712,1.373123,3.027622,0.000000,0.764008,1.000000,0.000000,0.000000,8.670272,inf,2877408,2877408,55872,,False,9.574544,9.574544,149.873786
1759,114,114.000000,0.138969,0.079023,0.767999,0.699714,1.202432,1.445683,2.501575,0.000000,0.767999,1.000000,0.000000,0.000000,9.008599,inf,3184704,3184704,55872,,False,9.575612,9.575612,155.149123
1760,99,99.000000,0.132514,0.085358,0.749649,0.704647,1.164439,1.360948,2.172420,0.000000,0.749649,1.000000,0.000000,0.000000,8.450400,inf,2765664,2765664,55872,,False,9.576955,9.576955,179.505051
1761,95,95.000000,0.133335,0.084092,0.737268,0.642947,1.166392,1.438890,2.333941,0.000000,0.737268,1.000000,0.000000,0.000000,7.988717,inf,2653920,2653920,55872,,False,9.578996,9.578996,163.494737
1762,85,85.000000,0.134727,0.092872,0.744914,0.675456,1.123686,1.399425,1.679499,0.000000,0.744914,1.000000,0.000000,0.000000,7.894117,inf,2374560,2374560,55872,,False,9.580824,9.580824,174.129412
1763,103,103.000000,0.138185,0.077876,0.700974,0.645467,1.161385,1.306358,1.790879,0.000000,0.700974,1.000000,0.000000,0.000000,8.021229,inf,2877408,2877408,55872,,False,9.582298,9.582299,181.466019
1764,95,95.000000,0.140651,0.085242,0.738982,0.655937,1.145446,1.337937,3.199793,0.000000,0.738982,1.000000,0.000000,0.000000,8.097969,inf,2653920,2653920,55872,,False,9.583560,9.583560,181.105263
1765,86,86.000000,0.141125,0.088346,0.724107,0.661130,1.187324,1.490089,2.628967,0.000000,0.724107,1.000000,0.000000,0.000000,7.597734,inf,2402496,2402496,55872,,False,9.584522,9.584521,186.732558
1766,94,94.000000,0.137922,0.085475,0.709811,0.642023,1.080470,1.369725,2.901866,0.000000,0.709811,1.000000,0.000000,0.000000,8.034618,inf,2625984,2625984,55872,,False,9.585698,9.585698,163.446809
1767,83,83.000000,0.158080,0.103883,0.819059,0.654270,1.347847,1.683461,2.748493,0.000000,0.819059,1.000000,0.000000,0.000000,8.622326,inf,2318688,2318688,55872,,False,9.585372,9.585372,182.000000
1768,85,85.000000,0.127660,0.102609,0.794090,0.652470,1.279510,1.521616,5.507674,0.000000,0.794090,1.000000,0.000000,0.000000,8.721753,inf,2374560,2374560,55872,,False,9.587359,9.587358,150.835294
1769,100,100.000000,0.130005,0.082325,0.725018,0.643043,1.183221,1.397143,2.338743,0.000000,0.725018,1.000000,0.000000,0.000000,8.232486,inf,2793600,2793600,55872,,False,9.589349,9.589349,156.990000
1770,78,78.000000,0.136658,0.104311,0.805381,0.716912,1.338745,1.499728,3.099993,0.000000,0.805381,1.000000,0.000000,0.000000,8.136290,inf,2179008,2179008,55872,,False,9.590517,9.590517,156.653846
1771,84,84.000000,0.130434,0.095481,0.797310,0.773186,1.309194,1.431957,2.349865,0.000000,0.797310,1.000000,0.000000,0.000000,8.020372,inf,2346624,2346624,55872,,False,9.592317,9.592316,140.547619
1772,98,98.000000,0.110779,0.084950,0.717474,0.696589,1.162603,1.396366,2.918648,0.000000,0.717474,1.000000,0.000000,0.000000,8.325134,inf,2737728,2737728,55872,,False,9.593676,9.593676,132.142857
1773,94,94.000000,0.113829,0.085028,0.698618,0.604325,1.233181,1.487345,2.448861,0.000000,0.698618,1.000000,0.000000,0.000000,7.992646,inf,2625984,2625984,55872,,False,9.595795,9.595795,142.904255
1774,89,89.000000,0.132366,0.089419,0.704624,0.656793,1.195821,1.343345,2.742357,0.000000,0.704624,1.000000,0.000000,0.000000,7.958299,inf,2486304,2486304,55872,,False,9.597105,9.597105,141.662921
1775,82,82.000000,0.141046,0.092948,0.742968,0.627736,1.208923,1.327472,2.599797,0.000000,0.742968,1.000000,0.000000,0.000000,7.621764,inf,2290752,2290752,55872,,False,9.598673,9.598673,175.524390
1776,98,98.000000,0.120348,0.088182,0.742352,0.691016,1.185063,1.320042,2.805774,0.000000,0.742352,1.000000,0.000000,0.000000,8.641799,inf,2737728,2737728,55872,,False,9.600707,9.600708,132.234694
1777,99,99.000000,0.124947,0.088041,0.770999,0.708830,1.268551,1.527989,2.692438,0.000000,0.770999,1.000000,0.000000,0.000000,8.716031,inf,2765664,2765664,55872,,False,9.601557,9.601557,136.525253
1778,106,106.000000,0.135674,0.088465,0.773257,0.642772,1.280967,1.550241,2.721565,0.000000,0.773257,1.000000,0.000000,0.000000,9.377333,inf,2961216,2961216,55872,,False,9.603058,9.603057,147.962264
1779,114,114.000000,0.128709,0.071658,0.694375,0.661227,1.122102,1.336513,1.790167,0.000000,0.694375,1.000000,0.000000,0.000000,8.169013,inf,3184704,3184704,55872,,False,9.604672,9.604672,168.964912
1780,87,87.000000,0.127757,0.092094,0.718360,0.668732,1.131937,1.217442,2.407702,0.000000,0.718360,1.000000,0.000000,0.000000,8.012155,inf,2430432,2430432,55872,,False,9.605947,9.605947,157.252874
1781,75,75.000000,0.132972,0.092042,0.709535,0.648317,1.103807,1.289906,1.910793,0.000000,0.709535,1.000000,0.000000,0.000000,6.903117,inf,2095200,2095200,55872,,False,9.607788,9.607788,164.720000
1782,91,91.000000,0.122510,0.088643,0.743638,0.704257,1.167282,1.658759,2.321384,0.000000,0.743638,1.000000,0.000000,0.000000,8.066486,inf,2542176,2542176,55872,,False,9.610085,9.610085,148.263736
1783,106,106.000000,0.136391,0.078699,0.707962,0.635985,1.063535,1.479538,2.031130,0.000000,0.707962,1.000000,0.000000,0.000000,8.342045,inf,2961216,2961216,55872,,False,9.611753,9.611753,165.330189
1784,104,104.000000,0.117238,0.073807,0.703754,0.640916,1.129209,1.420866,1.919937,0.000000,0.703754,1.000000,0.000000,0.000000,7.675931,inf,2905344,2905344,55872,,False,9.614160,9.614160,151.817308
1785,96,96.000000,0.114624,0.087104,0.713194,0.676409,1.147114,1.377354,2.164996,0.000000,0.713194,1.000000,0.000000,0.000000,8.361944,inf,2681856,2681856,55872,,False,9.615859,9.615859,154.833333
1786,108,108.000000,0.141824,0.074583,0.698016,0.623486,1.112967,1.236749,2.248855,0.000000,0.698016,1.000000,0.000000,0.000000,8.055004,inf,3017088,3017088,55872,,False,9.617531,9.617531,168.370370
1787,96,96.000000,0.127997,0.082739,0.707118,0.648017,1.040801,1.406571,2.709348,0.000000,0.707118,1.000000,0.000000,0.000000,7.942901,inf,2681856,2681856,55872,,False,9.619272,9.619273,159.072917
1788,89,89.000000,0.130277,0.087218,0.725802,0.667264,1.220051,1.404280,2.419471,0.000000,0.725802,1.000000,0.000000,0.000000,7.762407,inf,2486304,2486304,55872,,False,9.620857,9.620857,153.191011
1789,77,77.000000,0.122240,0.104384,0.787947,0.691787,1.254042,1.689165,2.873171,0.000000,0.787947,1.000000,0.000000,0.000000,8.037593,inf,2151072,2151072,55872,,False,9.622449,9.622449,143.441558
1790,96,96.000000,0.138322,0.098433,0.769964,0.700226,1.078939,1.509380,4.978657,0.000000,0.769964,1.000000,0.000000,0.000000,9.449611,inf,2681856,2681856,55872,,False,9.623794,9.623794,162.572917
1791,83,83.000000,0.128837,0.080544,0.710800,0.652404,1.042121,1.362649,1.634076,0.000000,0.710800,1.000000,0.000000,0.000000,6.685122,inf,2318688,2318688,55872,,False,9.625816,9.625816,178.891566
1792,82,82.000000,0.125365,0.086563,0.712521,0.664359,1.138383,1.301263,1.481885,0.000000,0.712521,1.000000,0.000000,0.000000,7.098170,inf,2290752,2290752,55872,,False,9.627340,9.627340,151.109756
1793,91,91.000000,0.121132,0.087043,0.751757,0.667285,1.246626,1.339894,2.307326,0.000000,0.751757,1.000000,0.000000,0.000000,7.920896,inf,2542176,2542176,55872,,False,9.628904,9.628904,157.549451
1794,95,95.000000,0.131316,0.084339,0.735317,0.673794,1.317187,1.463059,1.897416,0.000000,0.735317,1.000000,0.000000,0.000000,8.012227,inf,2653920,2653920,55872,,False,9.630169,9.630170,158.821053
1795,88,88.000000,0.125344,0.083526,0.674758,0.656980,1.032847,1.154185,2.095362,0.000000,0.674758,1.000000,0.000000,0.000000,7.350319,inf,2458368,2458368,55872,,False,9.632588,9.632588,161.659091
1796,94,94.000000,0.145991,0.082575,0.669123,0.616154,1.088695,1.360588,2.020609,0.000000,0.669123,1.000000,0.000000,0.000000,7.762047,inf,2625984,2625984,55872,,False,9.634171,9.634171,187.191489
1797,95,95.000000,0.133962,0.078898,0.689780,0.659762,1.062000,1.258505,2.158177,0.000000,0.689780,1.000000,0.000000,0.000000,7.495278,inf,2653920,2653920,55872,,False,9.636133,9.636133,156.115789
1798,110,110.000000,0.134107,0.078044,0.737305,0.656045,1.212788,1.288740,2.196034,0.000000,0.737305,1.000000,0.000000,0.000000,8.584826,inf,3072960,3072960,55872,,False,9.637787,9.637787,175.009091
1799,86,86.000000,0.130508,0.091246,0.735420,0.674630,1.247947,1.449167,2.442009,0.000000,0.735420,1.000000,0.000000,0.000000,7.847113,inf,2402496,2402496,55872,,False,9.639876,9.639876,150.430233
1800,77,77.000000,0.135684,0.086444,0.707241,0.708708,1.126542,1.236004,1.548334,0.000000,0.707241,1.000000,0.000000,0.000000,6.656160,inf,2151072,2151072,55872,,False,9.640935,9.640935,188.350649
1801,115,115.000000,0.137165,0.077129,0.735499,0.686928,1.140174,1.343361,2.304714,0.000000,0.735499,1.000000,0.000000,0.000000,8.869828,inf,3212640,3212640,55872,,False,9.642224,9.642225,163.113043
1802,97,97.000000,0.136270,0.092668,0.768387,0.667616,1.215916,1.685230,2.864303,0.000000,0.768387,1.000000,0.000000,0.000000,8.988793,inf,2709792,2709792,55872,,False,9.643128,9.643127,163.917526
1803,98,98.000000,0.129879,0.086048,0.758520,0.668835,1.306572,1.456214,2.615791,0.000000,0.758520,1.000000,0.000000,0.000000,8.432743,inf,2737728,2737728,55872,,False,9.644609,9.644608,159.285714
1804,93,93.000000,0.134123,0.084991,0.728852,0.627800,1.109823,1.369595,2.030685,0.000000,0.728852,1.000000,0.000000,0.000000,7.904180,inf,2598048,2598048,55872,,False,9.646282,9.646282,154.806452
1805,100,100.000000,0.118608,0.079049,0.712629,0.662725,1.270620,1.342927,2.175898,0.000000,0.712629,1.000000,0.000000,0.000000,7.904885,inf,2793600,2793600,55872,,False,9.648318,9.648318,144.150000
1806,92,92.000000,0.138277,0.078849,0.684969,0.607043,1.173575,1.262200,1.850314,0.000000,0.684969,1.000000,0.000000,0.000000,7.254083,inf,2570112,2570112,55872,,False,9.649937,9.649936,185.815217
1807,114,114.000000,0.143254,0.073970,0.701429,0.660364,1.197519,1.384739,1.993616,0.000000,0.701429,1.000000,0.000000,0.000000,8.432534,inf,3184704,3184704,55872,,False,9.651911,9.651911,184.684211
1808,101,101.000000,0.137122,0.081056,0.734075,0.696816,1.153153,1.284725,2.521146,0.000000,0.734075,1.000000,0.000000,0.000000,8.186639,inf,2821536,2821536,55872,,False,9.652893,9.652893,165.316832
1809,89,89.000000,0.130560,0.094575,0.729675,0.642668,1.228385,1.441516,3.018319,0.000000,0.729675,1.000000,0.000000,0.000000,8.417214,inf,2486304,2486304,55872,,False,9.653710,9.653710,159.786517
1810,96,96.000000,0.127462,0.079734,0.705757,0.608217,1.074209,1.560987,2.118593,0.000000,0.705757,1.000000,0.000000,0.000000,7.654501,inf,2681856,2681856,55872,,False,9.655506,9.655507,160.625000
1811,81,81.000000,0.137041,0.088266,0.715295,0.659177,1.085177,1.289197,2.049406,0.000000,0.715295,1.000000,0.000000,0.000000,7.149541,inf,2262816,2262816,55872,,False,9.657406,9.657405,180.382716
1812,111,111.000000,0.129543,0.072220,0.684244,0.644703,1.064577,1.251881,2.993118,0.000000,0.684244,1.000000,0.000000,0.000000,8.016414,inf,3100896,3100896,55872,,False,9.658896,9.658896,153.513514
1813,80,80.000000,0.133178,0.089464,0.734464,0.674172,1.233649,1.405379,1.889428,0.000000,0.734464,1.000000,0.000000,0.000000,7.157087,inf,2234880,2234880,55872,,False,9.660825,9.660824,180.000000
1814,106,106.000000,0.130266,0.095462,0.794213,0.697261,1.344684,1.799444,3.327270,0.000000,0.794213,1.000000,0.000000,0.000000,10.118972,inf,2961216,2961216,55872,,False,9.662250,9.662250,157.679245
1815,97,97.000000,0.131781,0.081268,0.724440,0.704067,1.117396,1.371040,1.638065,0.000000,0.724440,1.000000,0.000000,0.000000,7.883044,inf,2709792,2709792,55872,,False,9.663569,9.663568,148.123711
1816,81,81.000000,0.118821,0.086835,0.740148,0.688921,1.228547,1.438581,1.711092,0.000000,0.740148,1.000000,0.000000,0.000000,7.033661,inf,2262816,2262816,55872,,False,9.665543,9.665544,143.074074
1817,101,101.000000,0.135830,0.082338,0.747800,0.673063,1.169874,1.293677,1.830516,0.000000,0.747800,1.000000,0.000000,0.000000,8.316149,inf,2821536,2821536,55872,,False,9.667013,9.667013,157.059406
1818,88,88.000000,0.124088,0.087452,0.745265,0.657496,1.206055,1.634274,2.166534,0.000000,0.745265,1.000000,0.000000,0.000000,7.695782,inf,2458368,2458368,55872,,False,9.668398,9.668398,157.329545
1819,98,98.000000,0.127120,0.087743,0.753456,0.669862,1.166625,1.420025,2.664039,0.000000,0.753456,1.000000,0.000000,0.000000,8.598854,inf,2737728,2737728,55872,,False,9.669904,9.669904,149.908163
1820,88,88.000000,0.121590,0.091873,0.704596,0.618500,1.065324,1.524375,2.251563,0.000000,0.704596,1.000000,0.000000,0.000000,8.084858,inf,2458368,2458368,55872,,False,9.672175,9.672175,155.306818
1821,83,83.000000,0.131596,0.103392,0.754298,0.635858,1.206715,1.353158,4.820094,0.000000,0.754298,1.000000,0.000000,0.000000,8.581530,inf,2318688,2318688,55872,,False,9.672806,9.672806,158.084337
1822,89,89.000000,0.109940,0.082379,0.686472,0.609988,1.114618,1.430923,2.037596,0.000000,0.686472,1.000000,0.000000,0.000000,7.331739,inf,2486304,2486304,55872,,False,9.675097,9.675097,147.337079
1823,97,97.000000,0.122090,0.080475,0.691180,0.626021,1.146023,1.243924,1.840769,0.000000,0.691180,1.000000,0.000000,0.000000,7.806036,inf,2709792,2709792,55872,,False,9.676905,9.676905,145.680412
1824,92,92.000000,0.111622,0.073494,0.644892,0.624736,1.026619,1.214374,1.539275,0.000000,0.644892,1.000000,0.000000,0.000000,6.761443,inf,2570112,2570112,55872,,False,9.679177,9.679177,151.934783
1825,91,91.000000,0.137701,0.079320,0.675357,0.631257,1.002254,1.246557,1.856650,0.000000,0.675357,1.000000,0.000000,0.000000,7.218107,inf,2542176,2542176,55872,,False,9.679826,9.679826,178.252747
1826,76,76.000000,0.129860,0.089547,0.687782,0.600557,1.061539,1.414962,2.227126,0.000000,0.687782,1.000000,0.000000,0.000000,6.805604,inf,2123136,2123136,55872,,False,9.681312,9.681313,172.539474
1827,92,92.000000,0.127862,0.084424,0.738684,0.682660,1.222715,1.297369,1.872286,0.000000,0.738684,1.000000,0.000000,0.000000,7.767013,inf,2570112,2570112,55872,,False,9.683147,9.683147,155.978261
1828,98,98.000000,0.132854,0.090429,0.746397,0.651053,1.289012,1.418649,3.056902,0.000000,0.746397,1.000000,0.000000,0.000000,8.862086,inf,2737728,2737728,55872,,False,9.685065,9.685064,168.561224
1829,94,94.000000,0.127033,0.087417,0.714750,0.620656,1.251459,1.496857,2.556252,0.000000,0.714750,1.000000,0.000000,0.000000,8.217158,inf,2625984,2625984,55872,,False,9.686304,9.686304,162.606383
1830,85,85.000000,0.126351,0.098736,0.748979,0.613788,1.218399,1.897233,3.162663,0.000000,0.748979,1.000000,0.000000,0.000000,8.392568,inf,2374560,2374560,55872,,False,9.687685,9.687685,157.529412
1831,99,99.000000,0.123927,0.079532,0.719421,0.655994,1.106297,1.330016,2.127079,0.000000,0.719421,1.000000,0.000000,0.000000,7.873672,inf,2765664,2765664,55872,,False,9.689363,9.689363,166.585859
1832,98,98.000000,0.133607,0.079515,0.730126,0.667807,1.299613,1.505336,1.755171,0.000000,0.730126,1.000000,0.000000,0.000000,7.792469,inf,2737728,2737728,55872,,False,9.690397,9.690397,166.632653
1833,88,88.000000,0.134541,0.094268,0.810205,0.699714,1.397019,1.634573,2.652292,0.000000,0.810205,1.000000,0.000000,0.000000,8.295606,inf,2458368,2458368,55872,,False,9.691853,9.691853,159.568182
1834,97,97.000000,0.147157,0.085170,0.754556,0.711457,1.204451,1.426749,2.275429,0.000000,0.754556,1.000000,0.000000,0.000000,8.261491,inf,2709792,2709792,55872,,False,9.693632,9.693632,162.000000
1835,79,79.000000,0.143419,0.097518,0.765712,0.638989,1.321314,1.502273,3.456658,0.000000,0.765712,1.000000,0.000000,0.000000,7.703937,inf,2206944,2206944,55872,,False,9.695814,9.695815,184.746835
1836,92,92.000000,0.111475,0.100249,0.834093,0.777249,1.309607,1.615012,3.113736,0.000000,0.834093,1.000000,0.000000,0.000000,9.222915,inf,2570112,2570112,55872,,False,9.697412,9.697412,120.119565
1837,84,84.000000,0.125051,0.091431,0.707377,0.643814,1.194610,1.361397,2.767259,0.000000,0.707377,1.000000,0.000000,0.000000,7.680212,inf,2346624,2346624,55872,,False,9.699209,9.699209,171.119048
1838,89,89.000000,0.108989,0.077619,0.662459,0.598122,1.163337,1.293043,1.987520,0.000000,0.662459,1.000000,0.000000,0.000000,6.908100,inf,2486304,2486304,55872,,False,9.701117,9.701117,151.820225
1839,80,80.000000,0.130001,0.082556,0.686259,0.667642,1.002382,1.138172,1.441338,0.000000,0.686259,1.000000,0.000000,0.000000,6.604475,inf,2234880,2234880,55872,,False,9.702839,9.702840,172.925000
1840,97,97.000000,0.126867,0.084671,0.742208,0.678199,1.221299,1.375639,2.375384,0.000000,0.742208,1.000000,0.000000,0.000000,8.213050,inf,2709792,2709792,55872,,False,9.704039,9.704039,157.907216
1841,120,120.000000,0.129831,0.082594,0.772069,0.704094,1.362606,1.620694,2.220088,0.000000,0.772069,1.000000,0.000000,0.000000,9.911278,inf,3352320,3352320,55872,,False,9.705235,9.705235,165.708333
1842,100,100.000000,0.135698,0.092148,0.760581,0.669634,1.262329,1.578133,2.466751,0.000000,0.760581,1.000000,0.000000,0.000000,9.214765,inf,2793600,2793600,55872,,False,9.706600,9.706599,166.950000
1843,88,88.000000,0.126061,0.084885,0.703985,0.657964,1.074747,1.251490,1.823674,0.000000,0.703985,1.000000,0.000000,0.000000,7.469856,inf,2458368,2458368,55872,,False,9.708506,9.708506,177.295455
1844,80,80.000000,0.132158,0.104065,0.832255,0.793776,1.447614,1.717477,1.932286,0.000000,0.832255,1.000000,0.000000,0.000000,8.325178,inf,2234880,2234880,55872,,False,9.709184,9.709184,153.750000
1845,94,94.000000,0.134481,0.086686,0.782603,0.721656,1.288899,1.447863,2.558568,0.000000,0.782603,1.000000,0.000000,0.000000,8.148466,inf,2625984,2625984,55872,,False,9.711150,9.711150,159.170213
1846,102,102.000000,0.122616,0.076105,0.689143,0.646934,1.174314,1.215585,1.710890,0.000000,0.689143,1.000000,0.000000,0.000000,7.762721,inf,2849472,2849472,55872,,False,9.713058,9.713058,175.225490
1847,82,82.000000,0.136679,0.093668,0.755358,0.660525,1.323378,1.562281,2.350333,0.000000,0.755358,1.000000,0.000000,0.000000,7.680775,inf,2290752,2290752,55872,,False,9.714979,9.714979,166.268293
1848,98,98.000000,0.133173,0.080883,0.697692,0.640969,1.092223,1.335312,1.814895,0.000000,0.697692,1.000000,0.000000,0.000000,7.926489,inf,2737728,2737728,55872,,False,9.716500,9.716500,180.653061
1849,106,106.000000,0.131555,0.071489,0.685065,0.634869,1.142132,1.266629,1.435851,0.000000,0.685065,1.000000,0.000000,0.000000,7.577801,inf,2961216,2961216,55872,,False,9.718184,9.718184,170.047170
1850,91,91.000000,0.117897,0.088100,0.716620,0.710982,1.122991,1.324182,2.430766,0.000000,0.716620,1.000000,0.000000,0.000000,8.017097,inf,2542176,2542176,55872,,False,9.720304,9.720304,156.967033
1851,89,89.000000,0.124930,0.085783,0.714648,0.657353,1.251640,1.553179,2.121961,0.000000,0.714648,1.000000,0.000000,0.000000,7.634684,inf,2486304,2486304,55872,,False,9.721467,9.721467,160.966292
1852,80,80.000000,0.133865,0.102848,0.776809,0.625889,1.221576,1.638375,3.239264,0.000000,0.776809,1.000000,0.000000,0.000000,8.227802,inf,2234880,2234880,55872,,False,9.722834,9.722834,161.400000
1853,75,75.000000,0.127379,0.110956,0.773324,0.672002,1.238644,1.502716,4.011189,0.000000,0.773324,1.000000,0.000000,0.000000,8.321693,inf,2095200,2095200,55872,,False,9.724323,9.724324,142.173333
1854,95,95.000000,0.137753,0.086204,0.750872,0.649094,1.225071,1.472361,2.189338,0.000000,0.750872,1.000000,0.000000,0.000000,8.189375,inf,2653920,2653920,55872,,False,9.725323,9.725323,173.094737
1855,110,110.000000,0.128208,0.071705,0.685382,0.656538,1.028717,1.140210,1.942003,0.000000,0.685382,1.000000,0.000000,0.000000,7.887591,inf,3072960,3072960,55872,,False,9.726981,9.726980,193.490909
1856,98,98.000000,0.120619,0.088910,0.755111,0.640591,1.298450,1.647861,3.078533,0.000000,0.755111,1.000000,0.000000,0.000000,8.713198,inf,2737728,2737728,55872,,False,9.728466,9.728466,151.091837
1857,103,103.000000,0.123345,0.069505,0.635862,0.588653,0.968141,1.120043,1.508904,0.000000,0.635862,1.000000,0.000000,0.000000,7.159008,inf,2877408,2877408,55872,,False,9.730800,9.730800,185.466019
1858,93,93.000000,0.125004,0.084077,0.728746,0.709776,1.331933,1.428554,1.708757,0.000000,0.728746,1.000000,0.000000,0.000000,7.819129,inf,2598048,2598048,55872,,False,9.732460,9.732460,156.623656
1859,102,102.000000,0.141791,0.083597,0.748687,0.681976,1.151361,1.433882,1.688389,0.000000,0.748687,1.000000,0.000000,0.000000,8.526873,inf,2849472,2849472,55872,,False,9.733661,9.733660,164.235294
1860,75,75.000000,0.120866,0.113674,0.806673,0.722125,1.284726,1.455517,3.482726,0.000000,0.806673,1.000000,0.000000,0.000000,8.525541,inf,2095200,2095200,55872,,False,9.735207,9.735207,134.280000
1861,90,90.000000,0.123036,0.095493,0.798313,0.725934,1.354004,1.455510,2.157505,0.000000,0.798313,1.000000,0.000000,0.000000,8.594332,inf,2514240,2514240,55872,,False,9.737038,9.737038,141.522222
1862,107,107.000000,0.123383,0.071333,0.680181,0.628407,1.129987,1.303567,1.915914,0.000000,0.680181,1.000000,0.000000,0.000000,7.632663,inf,2989152,2989152,55872,,False,9.739305,9.739305,164.766355
1863,98,98.000000,0.122661,0.100621,0.796020,0.684339,1.307941,2.036832,3.603725,0.000000,0.796020,1.000000,0.000000,0.000000,9.860822,inf,2737728,2737728,55872,,False,9.740765,9.740765,151.010204
1864,94,94.000000,0.131568,0.080711,0.701555,0.616453,1.146359,1.331274,1.979802,0.000000,0.701555,1.000000,0.000000,0.000000,7.586827,inf,2625984,2625984,55872,,False,9.742384,9.742384,182.829787
1865,102,102.000000,0.120707,0.081767,0.692201,0.634221,1.168839,1.481856,1.978956,0.000000,0.692201,1.000000,0.000000,0.000000,8.340202,inf,2849472,2849472,55872,,False,9.744112,9.744111,154.098039
1866,98,98.000000,0.124777,0.082835,0.741021,0.707532,1.149089,1.322967,1.643220,0.000000,0.741021,1.000000,0.000000,0.000000,8.117802,inf,2737728,2737728,55872,,False,9.745099,9.745099,151.948980
1867,98,98.000000,0.144450,0.092720,0.791444,0.722601,1.189860,1.885542,2.262405,0.000000,0.791444,1.000000,0.000000,0.000000,9.086516,inf,2737728,2737728,55872,,False,9.746141,9.746141,159.428571
1868,101,101.000000,0.129239,0.084153,0.750971,0.698078,1.194124,1.337625,3.460386,0.000000,0.750971,1.000000,0.000000,0.000000,8.499498,inf,2821536,2821536,55872,,False,9.747936,9.747936,170.326733
1869,91,91.000000,0.118223,0.088328,0.732124,0.664040,1.226637,1.497941,2.204665,0.000000,0.732124,1.000000,0.000000,0.000000,8.037828,inf,2542176,2542176,55872,,False,9.749568,9.749567,155.549451
1870,85,85.000000,0.119273,0.098136,0.769802,0.681802,1.318521,1.635867,2.742816,0.000000,0.769802,1.000000,0.000000,0.000000,8.341520,inf,2374560,2374560,55872,,False,9.751235,9.751235,148.552941
1871,103,103.000000,0.145508,0.072809,0.688515,0.660908,1.025751,1.075495,1.662315,0.000000,0.688515,1.000000,0.000000,0.000000,7.499276,inf,2877408,2877408,55872,,False,9.752781,9.752781,173.300971
1872,94,94.000000,0.120997,0.093700,0.800236,0.727628,1.268692,1.575924,3.284192,0.000000,0.800236,1.000000,0.000000,0.000000,8.807811,inf,2625984,2625984,55872,,False,9.754245,9.754246,141.202128
1873,94,94.000000,0.128160,0.077066,0.672304,0.575285,1.228375,1.361877,1.826235,0.000000,0.672304,1.000000,0.000000,0.000000,7.244158,inf,2625984,2625984,55872,,False,9.756434,9.756434,187.606383
1874,99,99.000000,0.135378,0.100260,0.797022,0.668021,1.466046,1.593267,3.730314,0.000000,0.797022,1.000000,0.000000,0.000000,9.925736,inf,2765664,2765664,55872,,False,9.757631,9.757631,162.636364
1875,91,91.000000,0.135145,0.084753,0.721025,0.661431,1.189655,1.427464,1.655183,0.000000,0.721025,1.000000,0.000000,0.000000,7.712493,inf,2542176,2542176,55872,,False,9.759173,9.759173,177.142857
1876,90,90.000000,0.135823,0.089405,0.733144,0.658758,1.188808,1.386874,1.673139,0.000000,0.733144,1.000000,0.000000,0.000000,8.046478,inf,2514240,2514240,55872,,False,9.760787,9.760786,177.933333
1877,96,96.000000,0.122595,0.080564,0.686615,0.594737,1.131170,1.437344,1.668040,0.000000,0.686615,1.000000,0.000000,0.000000,7.734166,inf,2681856,2681856,55872,,False,9.763453,9.763453,164.729167
1878,103,103.000000,0.142490,0.078864,0.695225,0.609549,1.130862,1.433374,2.601136,0.000000,0.695225,1.000000,0.000000,0.000000,8.122980,inf,2877408,2877408,55872,,False,9.764624,9.764624,198.728155
1879,93,93.000000,0.138837,0.089428,0.697872,0.617974,1.115632,1.262370,4.099027,0.000000,0.697872,1.000000,0.000000,0.000000,8.316840,inf,2598048,2598048,55872,,False,9.766901,9.766901,193.322581
1880,103,103.000000,0.140019,0.103036,0.761726,0.638333,1.072689,1.519523,6.272530,0.000000,0.761726,1.000000,0.000000,0.000000,10.612708,inf,2877408,2877408,55872,,False,9.768636,9.768636,181.349515
1881,86,86.000000,0.149058,0.089139,0.720368,0.623006,1.308941,1.415824,1.796994,0.000000,0.720368,1.000000,0.000000,0.000000,7.665913,inf,2402496,2402496,55872,,False,9.770318,9.770318,192.348837
1882,89,89.000000,0.112314,0.086362,0.701166,0.636130,1.194555,1.331506,3.266854,0.000000,0.701166,1.000000,0.000000,0.000000,7.686180,inf,2486304,2486304,55872,,False,9.771789,9.771789,142.494382
1883,97,97.000000,0.129678,0.081234,0.746847,0.649296,1.307490,1.476648,2.249701,0.000000,0.746847,1.000000,0.000000,0.000000,7.879660,inf,2709792,2709792,55872,,False,9.773311,9.773311,169.927835
1884,89,89.000000,0.135386,0.080093,0.677391,0.631669,1.106784,1.209766,1.528277,0.000000,0.677391,1.000000,0.000000,0.000000,7.128277,inf,2486304,2486304,55872,,False,9.775712,9.775713,163.426966
1885,77,77.000000,0.145522,0.099266,0.760529,0.657708,1.189495,1.658053,2.373566,0.000000,0.760529,1.000000,0.000000,0.000000,7.643474,inf,2151072,2151072,55872,,False,9.776780,9.776780,180.753247
1886,90,90.000000,0.131179,0.079625,0.690583,0.622230,1.121973,1.258121,1.785325,0.000000,0.690583,1.000000,0.000000,0.000000,7.166226,inf,2514240,2514240,55872,,False,9.778273,9.778273,182.633333
1887,110,110.000000,0.124309,0.079992,0.755389,0.680555,1.269443,1.546101,1.862663,0.000000,0.755389,1.000000,0.000000,0.000000,8.799121,inf,3072960,3072960,55872,,False,9.780120,9.780120,166.945455
1888,90,90.000000,0.123833,0.076482,0.664763,0.638068,1.001653,1.111298,1.625791,0.000000,0.664763,1.000000,0.000000,0.000000,6.883367,inf,2514240,2514240,55872,,False,9.781387,9.781387,174.355556
1889,105,105.000000,0.136462,0.086276,0.801949,0.727427,1.391048,1.668955,2.718200,0.000000,0.801949,1.000000,0.000000,0.000000,9.058980,inf,2933280,2933280,55872,,False,9.782330,9.782330,164.466667
1890,111,111.000000,0.122719,0.094613,0.774341,0.666358,1.407022,1.624538,4.797121,0.000000,0.774341,1.000000,0.000000,0.000000,10.501992,inf,3100896,3100896,55872,,False,9.783438,9.783438,151.504505
1891,102,102.000000,0.132154,0.079362,0.728458,0.696012,1.104247,1.274923,1.926846,0.000000,0.728458,1.000000,0.000000,0.000000,8.094925,inf,2849472,2849472,55872,,False,9.785093,9.785093,156.009804
1892,93,93.000000,0.122107,0.087022,0.784994,0.739733,1.178125,1.436399,2.209171,0.000000,0.784994,1.000000,0.000000,0.000000,8.093074,inf,2598048,2598048,55872,,False,9.786765,9.786765,138.354839
1893,107,107.000000,0.130678,0.077548,0.716185,0.644842,1.094578,1.172226,2.771566,0.000000,0.716185,1.000000,0.000000,0.000000,8.297632,inf,2989152,2989152,55872,,False,9.788177,9.788177,168.093458
1894,102,102.000000,0.119717,0.093188,0.769293,0.650381,1.184970,1.376470,4.688057,0.000000,0.769293,1.000000,0.000000,0.000000,9.505194,inf,2849472,2849472,55872,,False,9.789882,9.789882,150.715686
1895,87,87.000000,0.112813,0.086359,0.698111,0.631825,1.092866,1.334027,2.097605,0.000000,0.698111,1.000000,0.000000,0.000000,7.513197,inf,2430432,2430432,55872,,False,9.791822,9.791823,149.770115
1896,105,105.000000,0.129965,0.083933,0.741120,0.637858,1.242994,1.543195,3.070528,0.000000,0.741120,1.000000,0.000000,0.000000,8.812995,inf,2933280,2933280,55872,,False,9.792774,9.792774,170.561905
1897,82,82.000000,0.135494,0.087476,0.741659,0.650360,1.233834,1.314070,2.072438,0.000000,0.741659,1.000000,0.000000,0.000000,7.173004,inf,2290752,2290752,55872,,False,9.794582,9.794582,182.243902
1898,87,87.000000,0.111002,0.097693,0.797396,0.735778,1.254452,1.456026,3.701918,0.000000,0.797396,1.000000,0.000000,0.000000,8.499322,inf,2430432,2430432,55872,,False,9.796620,9.796620,125.873563
1899,109,109.000000,0.128917,0.097539,0.766678,0.693179,1.201450,1.554798,4.572649,0.000000,0.766678,1.000000,0.000000,0.000000,10.631729,inf,3045024,3045024,55872,,False,9.797591,9.797591,157.669725
1900,86,86.000000,0.117528,0.092002,0.738869,0.684095,1.336842,1.450396,1.593082,0.000000,0.738869,1.000000,0.000000,0.000000,7.912149,inf,2402496,2402496,55872,,False,9.799096,9.799096,143.465116
1901,108,108.000000,0.125113,0.083699,0.762666,0.724775,1.149482,1.467395,1.937263,0.000000,0.762666,1.000000,0.000000,0.000000,9.039443,inf,3017088,3017088,55872,,False,9.801239,9.801239,152.796296
1902,94,94.000000,0.137617,0.086995,0.773047,0.693126,1.237420,1.444913,2.078384,0.000000,0.773047,1.000000,0.000000,0.000000,8.177574,inf,2625984,2625984,55872,,False,9.801916,9.801915,176.106383
1903,96,96.000000,0.129275,0.077644,0.675948,0.624965,1.076031,1.246245,1.514713,0.000000,0.675948,1.000000,0.000000,0.000000,7.453791,inf,2681856,2681856,55872,,False,9.803386,9.803387,167.270833
1904,99,99.000000,0.125826,0.078768,0.720835,0.669155,1.239051,1.384042,1.856935,0.000000,0.720835,1.000000,0.000000,0.000000,7.798075,inf,2765664,2765664,55872,,False,9.805248,9.805248,166.787879
1905,92,92.000000,0.122038,0.079757,0.708832,0.703168,1.048174,1.246381,1.687633,0.000000,0.708832,1.000000,0.000000,0.000000,7.337649,inf,2570112,2570112,55872,,False,9.807110,9.807110,153.434783
1906,76,76.000000,0.125263,0.094168,0.716428,0.659581,1.179693,1.479798,1.647407,0.000000,0.716428,1.000000,0.000000,0.000000,7.156797,inf,2123136,2123136,55872,,False,9.808357,9.808357,144.328947
1907,103,103.000000,0.137764,0.077686,0.698427,0.646500,1.107627,1.286748,1.624114,0.000000,0.698427,1.000000,0.000000,0.000000,8.001611,inf,2877408,2877408,55872,,False,9.810308,9.810308,185.834951
1908,84,84.000000,0.148763,0.100298,0.733326,0.632848,1.370757,1.571733,3.288616,0.000000,0.733326,1.000000,0.000000,0.000000,8.425058,inf,2346624,2346624,55872,,False,9.810946,9.810946,181.928571
1909,95,95.000000,0.122342,0.086396,0.739661,0.698398,1.207228,1.421218,1.835563,0.000000,0.739661,1.000000,0.000000,0.000000,8.207577,inf,2653920,2653920,55872,,False,9.812456,9.812456,158.052632
1910,102,102.000000,0.131568,0.085151,0.747205,0.667336,1.185185,1.489747,2.837248,0.000000,0.747205,1.000000,0.000000,0.000000,8.685385,inf,2849472,2849472,55872,,False,9.814006,9.814006,159.588235
1911,102,102.000000,0.128210,0.089269,0.808255,0.721472,1.312992,1.651475,1.988376,0.000000,0.808255,1.000000,0.000000,0.000000,9.105400,inf,2849472,2849472,55872,,False,9.815784,9.815785,161.990196
1912,78,78.000000,0.117935,0.084379,0.669064,0.610460,1.044034,1.163332,1.763685,0.000000,0.669064,1.000000,0.000000,0.000000,6.581600,inf,2179008,2179008,55872,,False,9.817368,9.817368,165.717949
1913,84,84.000000,0.139106,0.095731,0.757889,0.668926,1.283413,1.537871,2.354361,0.000000,0.757889,1.000000,0.000000,0.000000,8.041444,inf,2346624,2346624,55872,,False,9.818870,9.818870,184.392857
1914,79,79.000000,0.130022,0.099171,0.768253,0.720966,1.305485,1.507605,2.564302,0.000000,0.768253,1.000000,0.000000,0.000000,7.834513,inf,2206944,2206944,55872,,False,9.820048,9.820047,173.531646
1915,79,79.000000,0.119616,0.086955,0.671484,0.625235,1.048721,1.229005,2.311936,0.000000,0.671484,1.000000,0.000000,0.000000,6.869475,inf,2206944,2206944,55872,,False,9.822006,9.822006,168.835443
1916,83,83.000000,0.130146,0.088615,0.696939,0.654500,1.031014,1.207210,2.703880,0.000000,0.696939,1.000000,0.000000,0.000000,7.355040,inf,2318688,2318688,55872,,False,9.823625,9.823625,179.891566
1917,92,92.000000,0.131317,0.081462,0.696013,0.647765,1.102989,1.430627,2.030096,0.000000,0.696013,1.000000,0.000000,0.000000,7.494506,inf,2570112,2570112,55872,,False,9.825751,9.825751,182.065217
1918,97,97.000000,0.124629,0.086120,0.711129,0.605027,1.142675,1.442695,2.696169,0.000000,0.711129,1.000000,0.000000,0.000000,8.353617,inf,2709792,2709792,55872,,False,9.827557,9.827557,179.927835
1919,92,92.000000,0.145235,0.083329,0.714037,0.669427,1.111770,1.326493,2.009131,0.000000,0.714037,1.000000,0.000000,0.000000,7.666255,inf,2570112,2570112,55872,,False,9.828966,9.828966,183.902174
1920,98,98.000000,0.143796,0.074827,0.685825,0.651041,0.961944,1.377211,2.135184,0.000000,0.685825,1.000000,0.000000,0.000000,7.333036,inf,2737728,2737728,55872,,False,9.830822,9.830823,187.816327
1921,105,105.000000,0.119068,0.080929,0.705531,0.651266,1.211021,1.501159,2.164963,0.000000,0.705531,1.000000,0.000000,0.000000,8.497536,inf,2933280,2933280,55872,,False,9.832295,9.832295,161.638095
1922,107,107.000000,0.122703,0.081265,0.745092,0.703720,1.225081,1.453159,2.211664,0.000000,0.745092,1.000000,0.000000,0.000000,8.695383,inf,2989152,2989152,55872,,False,9.833594,9.833594,154.037383
1923,95,95.000000,0.126727,0.085247,0.720140,0.679723,1.154661,1.398896,2.261188,0.000000,0.720140,1.000000,0.000000,0.000000,8.098476,inf,2653920,2653920,55872,,False,9.834621,9.834621,149.494737
1924,100,100.000000,0.122035,0.073859,0.661593,0.644690,1.052690,1.193716,1.780094,0.000000,0.661593,1.000000,0.000000,0.000000,7.385886,inf,2793600,2793600,55872,,False,9.836783,9.836783,169.560000
1925,101,101.000000,0.119898,0.078558,0.703698,0.678164,1.088025,1.211001,1.890841,0.000000,0.703698,1.000000,0.000000,0.000000,7.934322,inf,2821536,2821536,55872,,False,9.838769,9.838770,149.118812
1926,101,101.000000,0.126841,0.077578,0.687458,0.626363,1.040079,1.532515,1.762470,0.000000,0.687458,1.000000,0.000000,0.000000,7.835396,inf,2821536,2821536,55872,,False,9.839989,9.839989,171.772277
1927,90,90.000000,0.122525,0.086673,0.711002,0.620787,1.252480,1.470599,2.607190,0.000000,0.711002,1.000000,0.000000,0.000000,7.800565,inf,2514240,2514240,55872,,False,9.842365,9.842365,168.077778
1928,99,99.000000,0.123123,0.081317,0.743482,0.682455,1.241060,1.354945,2.236940,0.000000,0.743482,1.000000,0.000000,0.000000,8.050364,inf,2765664,2765664,55872,,False,9.844329,9.844330,160.616162
1929,90,90.000000,0.117608,0.074750,0.620782,0.556648,1.068236,1.265181,1.818273,0.000000,0.620782,1.000000,0.000000,0.000000,6.727519,inf,2514240,2514240,55872,,False,9.846551,9.846551,177.688889
1930,95,95.000000,0.127501,0.081326,0.718144,0.679892,1.219942,1.442375,1.740808,0.000000,0.718144,1.000000,0.000000,0.000000,7.726011,inf,2653920,2653920,55872,,False,9.848182,9.848182,160.431579
1931,111,111.000000,0.139695,0.082400,0.756266,0.651878,1.206898,1.787407,2.761340,0.000000,0.756266,1.000000,0.000000,0.000000,9.146449,inf,3100896,3100896,55872,,False,9.849120,9.849119,182.468468
1932,108,108.000000,0.110142,0.074761,0.676901,0.644538,1.194677,1.346555,1.752495,0.000000,0.676901,1.000000,0.000000,0.000000,8.074173,inf,3017088,3017088,55872,,False,9.851037,9.851037,162.555556
1933,84,84.000000,0.126824,0.073272,0.617459,0.538653,1.064103,1.350499,2.384585,0.000000,0.617459,1.000000,0.000000,0.000000,6.154851,inf,2346624,2346624,55872,,False,9.852455,9.852455,189.107143
1934,98,98.000000,0.137744,0.086266,0.760641,0.693030,1.183701,1.388363,3.313863,0.000000,0.760641,1.000000,0.000000,0.000000,8.454108,inf,2737728,2737728,55872,,False,9.853690,9.853690,168.397959
1935,98,98.000000,0.130300,0.082029,0.705570,0.677234,1.071085,1.366452,1.834477,0.000000,0.705570,1.000000,0.000000,0.000000,8.038818,inf,2737728,2737728,55872,,False,9.856073,9.856074,163.948980
1936,83,83.000000,0.113278,0.082568,0.661197,0.612911,1.066366,1.224060,2.701638,0.000000,0.661197,1.000000,0.000000,0.000000,6.853112,inf,2318688,2318688,55872,,False,9.858197,9.858197,178.506024
1937,105,105.000000,0.142003,0.078596,0.730189,0.673223,1.075039,1.286215,1.807444,0.000000,0.730189,1.000000,0.000000,0.000000,8.252529,inf,2933280,2933280,55872,,False,9.859910,9.859910,172.885714
1938,84,84.000000,0.146199,0.090407,0.738188,0.649622,1.111818,1.304069,2.693116,0.000000,0.738188,1.000000,0.000000,0.000000,7.594190,inf,2346624,2346624,55872,,False,9.861149,9.861149,200.952381
1939,102,102.000000,0.127319,0.092338,0.757669,0.628510,1.222482,1.526315,3.727031,0.000000,0.757669,1.000000,0.000000,0.000000,9.418449,inf,2849472,2849472,55872,,False,9.862816,9.862816,177.117647
1940,96,96.000000,0.128301,0.094044,0.782960,0.728689,1.456307,1.556045,1.866104,0.000000,0.782960,1.000000,0.000000,0.000000,9.028218,inf,2681856,2681856,55872,,False,9.864383,9.864383,176.062500
1941,97,97.000000,0.144130,0.093286,0.779845,0.673966,1.470045,1.600616,1.872922,0.000000,0.779845,1.000000,0.000000,0.000000,9.048708,inf,2709792,2709792,55872,,False,9.866102,9.866102,174.113402
1942,98,98.000000,0.118959,0.073069,0.653558,0.608578,1.031258,1.219002,1.730932,0.000000,0.653558,1.000000,0.000000,0.000000,7.160763,inf,2737728,2737728,55872,,False,9.867705,9.867705,168.581633
1943,97,97.000000,0.122919,0.082608,0.730165,0.680382,1.231441,1.478712,1.851722,0.000000,0.730165,1.000000,0.000000,0.000000,8.012999,inf,2709792,2709792,55872,,False,9.868732,9.868732,167.618557
1944,100,100.000000,0.126760,0.080306,0.738876,0.681568,1.253841,1.415795,1.789889,0.000000,0.738876,1.000000,0.000000,0.000000,8.030571,inf,2793600,2793600,55872,,False,9.870219,9.870219,158.760000
1945,89,89.000000,0.134253,0.094792,0.839079,0.730215,1.318593,1.760571,2.322186,0.000000,0.839079,1.000000,0.000000,0.000000,8.436511,inf,2486304,2486304,55872,,False,9.871203,9.871203,161.617978
1946,86,86.000000,0.126864,0.098720,0.796554,0.709774,1.342292,1.545391,2.833406,0.000000,0.796554,1.000000,0.000000,0.000000,8.489929,inf,2402496,2402496,55872,,False,9.872103,9.872103,145.825581
1947,93,93.000000,0.118378,0.090791,0.745326,0.671550,1.186456,1.516435,2.201162,0.000000,0.745326,1.000000,0.000000,0.000000,8.443533,inf,2598048,2598048,55872,,False,9.874123,9.874123,155.225806
1948,88,88.000000,0.135019,0.083187,0.725136,0.651569,1.160322,1.419733,1.880720,0.000000,0.725136,1.000000,0.000000,0.000000,7.320457,inf,2458368,2458368,55872,,False,9.875328,9.875328,165.284091
1949,91,91.000000,0.118782,0.092908,0.777934,0.745524,1.233053,1.517818,2.458676,0.000000,0.777934,1.000000,0.000000,0.000000,8.454602,inf,2542176,2542176,55872,,False,9.877139,9.877139,151.461538
1950,100,100.000000,0.121648,0.088626,0.785608,0.702156,1.274014,1.456679,2.784982,0.000000,0.785608,1.000000,0.000000,0.000000,8.862584,inf,2793600,2793600,55872,,False,9.878106,9.878106,133.430000
1951,96,96.000000,0.126180,0.079826,0.711022,0.705908,1.113794,1.399645,1.678129,0.000000,0.711022,1.000000,0.000000,0.000000,7.663328,inf,2681856,2681856,55872,,False,9.879973,9.879973,162.791667
1952,93,93.000000,0.128710,0.083300,0.715756,0.664696,1.095071,1.254525,1.978227,0.000000,0.715756,1.000000,0.000000,0.000000,7.746913,inf,2598048,2598048,55872,,False,9.881451,9.881451,166.064516
1953,94,94.000000,0.124787,0.081306,0.698402,0.661372,1.094597,1.214599,2.454466,0.000000,0.698402,1.000000,0.000000,0.000000,7.642805,inf,2625984,2625984,55872,,False,9.883395,9.883394,161.680851
1954,92,92.000000,0.134394,0.090148,0.740456,0.657855,1.259335,1.619197,2.115236,0.000000,0.740456,1.000000,0.000000,0.000000,8.293600,inf,2570112,2570112,55872,,False,9.884692,9.884693,172.793478
1955,101,101.000000,0.116283,0.085923,0.725053,0.636977,1.132582,1.520510,3.634263,0.000000,0.725053,1.000000,0.000000,0.000000,8.678183,inf,2821536,2821536,55872,,False,9.886039,9.886039,150.039604
1956,94,94.000000,0.116308,0.087481,0.742646,0.676240,1.229846,1.417998,2.230056,0.000000,0.742646,1.000000,0.000000,0.000000,8.223253,inf,2625984,2625984,55872,,False,9.888474,9.888474,162.521277
1957,91,91.000000,0.147583,0.090770,0.749327,0.668603,1.265977,1.506558,2.239527,0.000000,0.749327,1.000000,0.000000,0.000000,8.260089,inf,2542176,2542176,55872,,False,9.890004,9.890003,201.813187
1958,88,88.000000,0.126230,0.073290,0.619220,0.572438,0.936891,1.151791,2.116391,0.000000,0.619220,1.000000,0.000000,0.000000,6.449544,inf,2458368,2458368,55872,,False,9.891877,9.891877,187.715909
1959,94,94.000000,0.124048,0.084773,0.751836,0.711372,1.170161,1.515359,1.962706,0.000000,0.751836,1.000000,0.000000,0.000000,7.968683,inf,2625984,2625984,55872,,False,9.893768,9.893768,151.074468
1960,81,81.000000,0.136857,0.091090,0.728301,0.676759,1.056029,1.396878,1.780613,0.000000,0.728301,1.000000,0.000000,0.000000,7.378279,inf,2262816,2262816,55872,,False,9.895093,9.895092,181.382716
1961,86,86.000000,0.119586,0.087024,0.718031,0.639389,1.106689,1.324951,2.389210,0.000000,0.718031,1.000000,0.000000,0.000000,7.484041,inf,2402496,2402496,55872,,False,9.896518,9.896518,146.720930
1962,88,88.000000,0.126326,0.086443,0.698616,0.633158,1.052314,1.437079,2.121115,0.000000,0.698616,1.000000,0.000000,0.000000,7.606962,inf,2458368,2458368,55872,,False,9.897627,9.897627,171.443182
1963,92,92.000000,0.114910,0.077066,0.669438,0.631246,1.094995,1.253379,1.964010,0.000000,0.669438,1.000000,0.000000,0.000000,7.090116,inf,2570112,2570112,55872,,False,9.899404,9.899404,165.902174
1964,80,80.000000,0.134866,0.113033,0.846335,0.726460,1.446188,1.737199,2.991863,0.000000,0.846335,1.000000,0.000000,0.000000,9.042659,inf,2234880,2234880,55872,,False,9.901086,9.901086,160.312500
1965,79,79.000000,0.129075,0.099697,0.821125,0.739104,1.299592,1.550501,2.626354,0.000000,0.821125,1.000000,0.000000,0.000000,7.876084,inf,2206944,2206944,55872,,False,9.901739,9.901739,148.924051
1966,80,80.000000,0.124556,0.092543,0.756970,0.697025,1.320818,1.587188,2.311796,0.000000,0.756970,1.000000,0.000000,0.000000,7.403480,inf,2234880,2234880,55872,,False,9.904123,9.904123,163.000000
1967,101,101.000000,0.122389,0.075449,0.689776,0.639444,1.166734,1.310451,2.162958,0.000000,0.689776,1.000000,0.000000,0.000000,7.620370,inf,2821536,2821536,55872,,False,9.905715,9.905715,155.465347
1968,99,99.000000,0.125474,0.087513,0.739364,0.659753,1.194090,1.429399,3.532182,0.000000,0.739364,1.000000,0.000000,0.000000,8.663827,inf,2765664,2765664,55872,,False,9.907228,9.907228,162.565657
1969,92,92.000000,0.102217,0.089862,0.726400,0.617287,1.144825,1.251807,3.507205,0.000000,0.726400,1.000000,0.000000,0.000000,8.267268,inf,2570112,2570112,55872,,False,9.909171,9.909171,126.967391
1970,92,92.000000,0.135434,0.090181,0.751639,0.647260,1.269159,1.465139,2.547250,0.000000,0.751639,1.000000,0.000000,0.000000,8.296677,inf,2570112,2570112,55872,,False,9.909954,9.909954,177.076087
1971,79,79.000000,0.117341,0.088422,0.711152,0.666186,1.075629,1.423808,1.577549,0.000000,0.711152,1.000000,0.000000,0.000000,6.985336,inf,2206944,2206944,55872,,False,9.912266,9.912266,151.316456
1972,106,106.000000,0.120141,0.072667,0.673311,0.641851,1.079824,1.221848,2.490299,0.000000,0.673311,1.000000,0.000000,0.000000,7.702722,inf,2961216,2961216,55872,,False,9.914018,9.914018,160.594340
1973,92,92.000000,0.122751,0.083223,0.713136,0.668790,1.215553,1.301757,1.691132,0.000000,0.713136,1.000000,0.000000,0.000000,7.656486,inf,2570112,2570112,55872,,False,9.915250,9.915251,155.097826
1974,92,92.000000,0.115684,0.092162,0.735701,0.666059,1.204185,1.569512,2.966760,0.000000,0.735701,1.000000,0.000000,0.000000,8.478875,inf,2570112,2570112,55872,,False,9.916595,9.916595,141.173913
1975,90,90.000000,0.120712,0.080122,0.704509,0.643806,1.149259,1.413953,1.765723,0.000000,0.704509,1.000000,0.000000,0.000000,7.211023,inf,2514240,2514240,55872,,False,9.918098,9.918098,177.611111
1976,111,111.000000,0.115871,0.076932,0.719417,0.671694,1.150518,1.275506,2.405364,0.000000,0.719417,1.000000,0.000000,0.000000,8.539416,inf,3100896,3100896,55872,,False,9.919979,9.919979,153.351351
1977,93,93.000000,0.127213,0.092101,0.762174,0.695641,1.147864,1.604797,3.417957,0.000000,0.762174,1.000000,0.000000,0.000000,8.565396,inf,2598048,2598048,55872,,False,9.921582,9.921582,147.537634
1978,101,101.000000,0.120836,0.080419,0.700408,0.660050,1.081841,1.281477,2.205528,0.000000,0.700408,1.000000,0.000000,0.000000,8.122356,inf,2821536,2821536,55872,,False,9.922631,9.922631,136.891089
1979,99,99.000000,0.144678,0.100323,0.781785,0.650351,1.247700,1.684571,4.212160,0.000000,0.781785,1.000000,0.000000,0.000000,9.932015,inf,2765664,2765664,55872,,False,9.923326,9.923326,196.373737
1980,88,88.000000,0.120593,0.083712,0.687025,0.591287,1.157897,1.469999,2.079717,0.000000,0.687025,1.000000,0.000000,0.000000,7.366615,inf,2458368,2458368,55872,,False,9.924525,9.924525,161.931818
1981,84,84.000000,0.119332,0.090954,0.716387,0.622972,1.097418,1.271654,3.773848,0.000000,0.716387,1.000000,0.000000,0.000000,7.640164,inf,2346624,2346624,55872,,False,9.925983,9.925983,171.416667
1982,108,108.000000,0.122070,0.078098,0.729861,0.654609,1.279421,1.488020,2.538572,0.000000,0.729861,1.000000,0.000000,0.000000,8.434621,inf,3017088,3017088,55872,,False,9.927494,9.927494,161.074074
1983,99,99.000000,0.115556,0.108505,0.770763,0.682568,1.199835,1.352882,7.025546,0.000000,0.770763,1.000000,0.000000,0.000000,10.741976,inf,2765664,2765664,55872,,False,9.929587,9.929587,164.545455
1984,97,97.000000,0.114949,0.082321,0.733121,0.648201,1.221066,1.404517,2.008107,0.000000,0.733121,1.000000,0.000000,0.000000,7.985183,inf,2709792,2709792,55872,,False,9.931178,9.931178,146.814433
1985,95,95.000000,0.131620,0.081048,0.698173,0.628675,1.068688,1.336078,1.899893,0.000000,0.698173,1.000000,0.000000,0.000000,7.699541,inf,2653920,2653920,55872,,False,9.933469,9.933469,199.463158
1986,88,88.000000,0.119871,0.079306,0.649924,0.626122,1.019633,1.139034,1.604141,0.000000,0.649924,1.000000,0.000000,0.000000,6.978963,inf,2458368,2458368,55872,,False,9.934733,9.934732,172.954545
1987,94,94.000000,0.124463,0.089505,0.768111,0.672231,1.339882,1.559556,2.185203,0.000000,0.768111,1.000000,0.000000,0.000000,8.413501,inf,2625984,2625984,55872,,False,9.936372,9.936372,163.159574
1988,104,104.000000,0.127450,0.084594,0.764321,0.711068,1.231592,1.648494,2.396238,0.000000,0.764321,1.000000,0.000000,0.000000,8.797753,inf,2905344,2905344,55872,,False,9.938200,9.938200,166.288462
1989,98,98.000000,0.129233,0.083341,0.711220,0.625399,1.064228,1.373944,2.681446,0.000000,0.711220,1.000000,0.000000,0.000000,8.167398,inf,2737728,2737728,55872,,False,9.939901,9.939901,164.836735
1990,103,103.000000,0.124397,0.087410,0.752937,0.701660,1.080585,1.249729,3.921080,0.000000,0.752937,1.000000,0.000000,0.000000,9.003180,inf,2877408,2877408,55872,,False,9.941455,9.941455,162.262136
