round,clients,denominator,local_loss,update_norm,pre_clip_norm_mean,pre_clip_norm_median,pre_clip_norm_p90,pre_clip_norm_p95,pre_clip_norm_max,frac_clipped,post_clip_norm_mean,shrinkage_mean,noise_std,noise_norm,clipped_aggregate_norm,signal_to_noise,download_bytes,upload_bytes,bytes_per_client,sparse_upload_bytes_diag,skipped_empty
1,84,94.200000,0.692826,0.011444,0.097431,0.086529,0.170556,0.185826,0.384108,0.000000,0.097431,1.000000,0.000000,0.000000,1.077997,inf,36169728,36169728,861184,3739580,False
2,104,94.200000,0.692768,0.013419,0.105746,0.094007,0.171181,0.216761,0.270126,0.000000,0.105746,1.000000,0.000000,0.000000,1.264076,inf,44781568,44781568,861184,3956420,False
3,90,94.200000,0.692227,0.019448,0.126467,0.087994,0.211407,0.238444,1.266891,0.000000,0.126467,1.000000,0.000000,0.000000,1.831958,inf,38753280,38753280,861184,3851640,False
4,87,94.200000,0.692575,0.013999,0.108704,0.086173,0.192852,0.291878,0.479385,0.000000,0.108704,1.000000,0.000000,0.000000,1.318685,inf,37461504,37461504,861184,4444180,False
5,80,94.200000,0.692272,0.016838,0.137405,0.110037,0.265691,0.320320,0.413219,0.000000,0.137405,1.000000,0.000000,0.000000,1.586140,inf,34447360,34447360,861184,3162380,False
6,85,94.200000,0.691759,0.022389,0.159989,0.107208,0.342902,0.523835,0.740902,0.000000,0.159989,1.000000,0.000000,0.000000,2.109067,inf,36600320,36600320,861184,3604640,False
7,91,94.200000,0.691574,0.025851,0.156698,0.102641,0.238440,0.354721,1.309251,0.000000,0.156698,1.000000,0.000000,0.000000,2.435166,inf,39183872,39183872,861184,3907800,False
8,93,94.200000,0.691491,0.027372,0.164808,0.101841,0.339461,0.540827,0.941956,0.000000,0.164808,1.000000,0.000000,0.000000,2.578418,inf,40045056,40045056,861184,4202380,False
9,82,94.200000,0.691373,0.024625,0.180087,0.124399,0.356498,0.518555,0.795015,0.000000,0.180087,1.000000,0.000000,0.000000,2.319676,inf,35308544,35308544,861184,3063060,False
10,89,94.200000,0.689591,0.039834,0.200695,0.108004,0.443688,0.659618,2.050999,0.000000,0.200695,1.000000,0.000000,0.000000,3.752326,inf,38322688,38322688,861184,3734120,False
11,80,94.200000,0.688415,0.044040,0.246888,0.111267,0.686112,1.127642,1.872520,0.000000,0.246888,1.000000,0.000000,0.000000,4.148521,inf,34447360,34447360,861184,4030780,False
12,100,94.200000,0.686341,0.058141,0.267187,0.132006,0.512650,0.854157,2.981012,0.000000,0.267187,1.000000,0.000000,0.000000,5.476882,inf,43059200,43059200,861184,4517500,False
13,73,94.200000,0.687451,0.043769,0.220919,0.111139,0.418192,0.560563,2.711625,0.000000,0.220919,1.000000,0.000000,0.000000,4.123042,inf,31433216,31433216,861184,3587220,False
14,100,94.200000,0.682436,0.080479,0.333224,0.166188,0.653898,0.967718,4.326315,0.000000,0.333224,1.000000,0.000000,0.000000,7.581168,inf,43059200,43059200,861184,4298580,False
15,86,94.200000,0.679331,0.077314,0.371135,0.159516,0.758526,1.615258,3.419949,0.000000,0.371135,1.000000,0.000000,0.000000,7.282971,inf,37030912,37030912,861184,3855280,False
16,102,94.200000,0.685839,0.059272,0.283960,0.158633,0.718123,0.806054,2.862149,0.000000,0.283960,1.000000,0.000000,0.000000,5.583420,inf,43920384,43920384,861184,4280640,False
17,73,94.200000,0.687025,0.047054,0.283713,0.168014,0.834429,0.947675,1.448488,0.000000,0.283713,1.000000,0.000000,0.000000,4.432469,inf,31433216,31433216,861184,2901340,False
18,98,94.200000,0.674240,0.095810,0.404721,0.152522,1.047476,1.781869,3.236844,0.000000,0.404721,1.000000,0.000000,0.000000,9.025315,inf,42198016,42198016,861184,4585360,False
19,99,94.200000,0.675930,0.088799,0.378491,0.213415,0.746019,1.398288,3.277504,0.000000,0.378491,1.000000,0.000000,0.000000,8.364857,inf,42628608,42628608,861184,4087200,False
20,99,94.200000,0.671004,0.115721,0.497155,0.275886,1.300877,1.909512,3.342081,0.000000,0.497155,1.000000,0.000000,0.000000,10.900936,inf,42628608,42628608,861184,4248660,False
21,94,94.200000,0.669243,0.112322,0.475004,0.186887,1.073709,1.758635,3.672371,0.000000,0.475004,1.000000,0.000000,0.000000,10.580720,inf,40475648,40475648,861184,4470440,False
22,104,94.200000,0.658750,0.130899,0.559159,0.285111,1.063945,2.605725,3.595723,0.000000,0.559159,1.000000,0.000000,0.000000,12.330645,inf,44781568,44781568,861184,4770740,False
23,111,94.200000,0.659495,0.153924,0.590079,0.288814,1.662894,2.233816,3.115467,0.000000,0.590079,1.000000,0.000000,0.000000,14.499606,inf,47795712,47795712,861184,4867460,False
24,91,94.200000,0.638763,0.162567,0.713203,0.352484,2.067462,2.616900,3.939548,0.000000,0.713203,1.000000,0.000000,0.000000,15.313845,inf,39183872,39183872,861184,3725020,False
25,104,94.200000,0.642454,0.172121,0.700106,0.487162,1.407410,2.412070,2.855914,0.000000,0.700106,1.000000,0.000000,0.000000,16.213780,inf,44781568,44781568,861184,3389880,False
26,96,94.200000,0.638282,0.155621,0.726999,0.434014,1.966850,2.298384,3.126504,0.000000,0.726999,1.000000,0.000000,0.000000,14.659541,inf,41336832,41336832,861184,3624140,False
27,89,94.200000,0.610954,0.179763,0.868467,0.451824,2.237236,2.768917,3.254795,0.000000,0.868467,1.000000,0.000000,0.000000,16.933676,inf,38322688,38322688,861184,3484000,False
28,89,94.200000,0.614645,0.172645,0.838971,0.541360,1.996097,2.317661,3.316147,0.000000,0.838971,1.000000,0.000000,0.000000,16.263201,inf,38322688,38322688,861184,3121820,False
29,112,94.200000,0.606916,0.201517,0.826791,0.510727,1.963879,2.275226,2.879909,0.000000,0.826791,1.000000,0.000000,0.000000,18.982891,inf,48226304,48226304,861184,4372420,False
30,74,94.200000,0.588377,0.160285,0.908571,0.563107,2.084480,2.305334,2.832625,0.000000,0.908571,1.000000,0.000000,0.000000,15.098867,inf,31863808,31863808,861184,3223740,False
31,103,94.200000,0.572750,0.211308,0.972950,0.682385,2.094329,2.447102,4.341063,0.000000,0.972950,1.000000,0.000000,0.000000,19.905186,inf,44350976,44350976,861184,4395300,False
32,102,94.200000,0.591796,0.180907,0.854218,0.496507,2.142058,2.367464,3.291724,0.000000,0.854218,1.000000,0.000000,0.000000,17.041453,inf,43920384,43920384,861184,4593420,False
33,108,94.200000,0.549902,0.236206,1.047717,0.877629,2.195105,2.279379,3.083317,0.000000,1.047717,1.000000,0.000000,0.000000,22.250587,inf,46503936,46503936,861184,4533360,False
34,92,94.200000,0.531204,0.204623,1.030681,0.850928,2.083195,2.381093,3.637021,0.000000,1.030681,1.000000,0.000000,0.000000,19.275527,inf,39614464,39614464,861184,3976180,False
35,100,94.200000,0.512920,0.224973,1.100341,0.994749,2.072917,2.299260,3.149106,0.000000,1.100341,1.000000,0.000000,0.000000,21.192455,inf,43059200,43059200,861184,3943680,False
36,79,94.200000,0.504425,0.183657,1.151723,0.823378,2.348178,2.484700,3.386358,0.000000,1.151723,1.000000,0.000000,0.000000,17.300493,inf,34016768,34016768,861184,2873260,False
37,83,94.200000,0.533152,0.172819,0.965614,0.752445,1.941672,2.077085,3.241510,0.000000,0.965614,1.000000,0.000000,0.000000,16.279577,inf,35739136,35739136,861184,3454360,False
38,93,94.200000,0.520166,0.198176,1.073325,0.785410,2.177185,2.291150,3.257281,0.000000,1.073325,1.000000,0.000000,0.000000,18.668171,inf,40045056,40045056,861184,4276220,False
39,105,94.200000,0.476888,0.226897,1.206332,1.010400,2.394706,2.553240,3.312316,0.000000,1.206332,1.000000,0.000000,0.000000,21.373700,inf,45212160,45212160,861184,4249180,False
40,102,94.200000,0.471270,0.220403,1.155027,1.003264,2.178901,2.721855,3.531726,0.000000,1.155027,1.000000,0.000000,0.000000,20.761952,inf,43920384,43920384,861184,4460560,False
41,98,94.200000,0.471007,0.217703,1.179241,0.941420,2.243454,2.676918,3.196446,0.000000,1.179241,1.000000,0.000000,0.000000,20.507658,inf,42198016,42198016,861184,4224480,False
42,100,94.200000,0.494087,0.210065,1.086799,1.005630,1.864143,2.364577,3.180233,0.000000,1.086799,1.000000,0.000000,0.000000,19.788158,inf,43059200,43059200,861184,4871620,False
43,90,94.200000,0.429061,0.210323,1.255465,1.170152,2.131483,2.510882,3.035427,0.000000,1.255465,1.000000,0.000000,0.000000,19.812379,inf,38753280,38753280,861184,3932240,False
44,110,94.200000,0.401538,0.257145,1.410671,1.404098,2.357853,2.481054,2.961195,0.000000,1.410671,1.000000,0.000000,0.000000,24.223086,inf,47365120,47365120,861184,4456660,False
45,107,94.200000,0.405930,0.231677,1.200442,1.191320,1.963738,2.144757,3.593412,0.000000,1.200442,1.000000,0.000000,0.000000,21.823947,inf,46073344,46073344,861184,4517760,False
46,96,94.200000,0.423214,0.219008,1.363164,1.292599,2.301868,2.593357,5.174217,0.000000,1.363164,1.000000,0.000000,0.000000,20.630580,inf,41336832,41336832,861184,4026880,False
47,80,94.200000,0.398977,0.185415,1.255830,1.206916,2.064653,2.157094,3.388904,0.000000,1.255830,1.000000,0.000000,0.000000,17.466064,inf,34447360,34447360,861184,3014960,False
48,121,94.200000,0.380992,0.257288,1.347115,1.373927,2.142776,2.221679,2.964382,0.000000,1.347115,1.000000,0.000000,0.000000,24.236565,inf,52101632,52101632,861184,4862780,False
49,100,94.200000,0.371417,0.223298,1.401352,1.303770,2.330905,2.691306,3.435125,0.000000,1.401352,1.000000,0.000000,0.000000,21.034652,inf,43059200,43059200,861184,4172480,False
50,102,94.200000,0.361250,0.228175,1.401027,1.415660,2.121569,2.571069,3.488446,0.000000,1.401027,1.000000,0.000000,0.000000,21.494065,inf,43920384,43920384,861184,4589520,False
51,88,94.200000,0.330298,0.200514,1.439699,1.331481,2.258937,2.608751,5.377838,0.000000,1.439699,1.000000,0.000000,0.000000,18.888412,inf,37892096,37892096,861184,3481400,False
52,81,94.200000,0.318382,0.190362,1.511427,1.495628,2.355871,2.418358,3.277391,0.000000,1.511427,1.000000,0.000000,0.000000,17.932068,inf,34877952,34877952,861184,2884700,False
53,80,94.200000,0.364586,0.173605,1.281562,1.267531,2.068785,2.234583,2.676341,0.000000,1.281562,1.000000,0.000000,0.000000,16.353550,inf,34447360,34447360,861184,3456180,False
54,76,94.200000,0.363300,0.170730,1.262112,1.130437,2.188022,2.375262,2.760917,0.000000,1.262112,1.000000,0.000000,0.000000,16.082757,inf,32724992,32724992,861184,3737240,False
55,88,94.200000,0.335299,0.196283,1.345595,1.281115,2.164964,2.347163,2.672451,0.000000,1.345595,1.000000,0.000000,0.000000,18.489828,inf,37892096,37892096,861184,4289740,False
56,93,94.200000,0.311129,0.205651,1.433493,1.360478,2.212808,2.468751,2.912322,0.000000,1.433493,1.000000,0.000000,0.000000,19.372317,inf,40045056,40045056,861184,3689660,False
57,91,94.200000,0.333984,0.196960,1.369911,1.347384,2.148757,2.452378,3.010319,0.000000,1.369911,1.000000,0.000000,0.000000,18.553656,inf,39183872,39183872,861184,4405960,False
58,100,94.200000,0.285128,0.203192,1.403409,1.329759,2.177814,2.370366,3.264990,0.000000,1.403409,1.000000,0.000000,0.000000,19.140681,inf,43059200,43059200,861184,4377880,False
59,101,94.200000,0.289137,0.208280,1.420168,1.384596,2.175290,2.471236,3.170644,0.000000,1.420168,1.000000,0.000000,0.000000,19.619990,inf,43489792,43489792,861184,4199260,False
60,93,94.200000,0.257560,0.190778,1.426454,1.375773,2.089926,2.260397,2.999864,0.000000,1.426454,1.000000,0.000000,0.000000,17.971260,inf,40045056,40045056,861184,3522480,False
61,109,94.200000,0.287796,0.216443,1.459209,1.304454,2.325663,2.714808,3.910424,0.000000,1.459209,1.000000,0.000000,0.000000,20.388888,inf,46934528,46934528,861184,4624100,False
62,98,94.200000,0.290991,0.198466,1.409020,1.383167,2.248201,2.502488,3.019974,0.000000,1.409020,1.000000,0.000000,0.000000,18.695543,inf,42198016,42198016,861184,4249700,False
63,96,94.200000,0.250932,0.191696,1.471427,1.396440,2.279258,2.544922,3.057104,0.000000,1.471427,1.000000,0.000000,0.000000,18.057716,inf,41336832,41336832,861184,3856840,False
64,108,94.200000,0.276734,0.208092,1.463215,1.378728,2.383294,2.570428,4.049078,0.000000,1.463215,1.000000,0.000000,0.000000,19.602264,inf,46503936,46503936,861184,4626440,False
65,104,94.200000,0.259705,0.192240,1.400329,1.375676,2.005779,2.293083,2.991464,0.000000,1.400329,1.000000,0.000000,0.000000,18.109033,inf,44781568,44781568,861184,4165980,False
66,105,94.200000,0.233710,0.202755,1.502621,1.370255,2.316802,2.594376,3.787779,0.000000,1.502621,1.000000,0.000000,0.000000,19.099528,inf,45212160,45212160,861184,4303000,False
67,79,94.200000,0.261527,0.174309,1.469339,1.378729,2.299785,2.464183,5.568767,0.000000,1.469339,1.000000,0.000000,0.000000,16.419922,inf,34016768,34016768,861184,3618420,False
68,95,94.200000,0.266195,0.180237,1.400044,1.275914,2.392990,2.589166,3.282456,0.000000,1.400044,1.000000,0.000000,0.000000,16.978301,inf,40906240,40906240,861184,4878120,False
69,88,94.200000,0.249086,0.166945,1.387305,1.269446,2.050378,2.380992,3.356080,0.000000,1.387305,1.000000,0.000000,0.000000,15.726238,inf,37892096,37892096,861184,3978780,False
70,106,94.200000,0.245457,0.199382,1.487221,1.394336,2.156791,2.510303,3.327823,0.000000,1.487221,1.000000,0.000000,0.000000,18.781801,inf,45642752,45642752,861184,4432480,False
71,97,94.200000,0.241370,0.197124,1.544563,1.439074,2.366399,2.598068,5.103622,0.000000,1.544563,1.000000,0.000000,0.000000,18.569059,inf,41767424,41767424,861184,4386720,False
72,107,94.200000,0.220797,0.197356,1.502326,1.384576,2.294660,2.651030,3.187529,0.000000,1.502326,1.000000,0.000000,0.000000,18.590894,inf,46073344,46073344,861184,4735640,False
73,88,94.200000,0.212062,0.184981,1.592347,1.373407,2.390495,2.733778,5.075367,0.000000,1.592347,1.000000,0.000000,0.000000,17.425229,inf,37892096,37892096,861184,3237260,False
74,99,94.200000,0.231787,0.180166,1.446084,1.355029,2.154668,2.376816,2.891767,0.000000,1.446084,1.000000,0.000000,0.000000,16.971663,inf,42628608,42628608,861184,4585360,False
75,95,94.200000,0.223577,0.184088,1.481666,1.406229,2.047654,2.304754,3.578392,0.000000,1.481666,1.000000,0.000000,0.000000,17.341101,inf,40906240,40906240,861184,3756480,False
76,103,94.200000,0.239987,0.199820,1.501845,1.424579,2.172912,2.860908,3.790484,0.000000,1.501845,1.000000,0.000000,0.000000,18.823037,inf,44350976,44350976,861184,4693000,False
77,100,94.200000,0.209258,0.171508,1.451037,1.384854,2.126221,2.319212,3.329722,0.000000,1.451037,1.000000,0.000000,0.000000,16.156096,inf,43059200,43059200,861184,4044300,False
78,85,94.200000,0.221054,0.178205,1.568783,1.445182,2.449900,2.661745,2.877862,0.000000,1.568783,1.000000,0.000000,0.000000,16.786904,inf,36600320,36600320,861184,3862560,False
79,87,94.200000,0.204745,0.185768,1.630866,1.529948,2.560332,3.076613,3.473578,0.000000,1.630866,1.000000,0.000000,0.000000,17.499334,inf,37461504,37461504,861184,3114020,False
80,101,94.200000,0.204476,0.191980,1.515025,1.355175,2.441965,2.742476,3.556389,0.000000,1.515025,1.000000,0.000000,0.000000,18.084470,inf,43489792,43489792,861184,4074720,False
81,85,94.200000,0.221003,0.172230,1.472168,1.320179,2.527014,2.790652,3.702395,0.000000,1.472168,1.000000,0.000000,0.000000,16.224062,inf,36600320,36600320,861184,3823560,False
82,86,94.200000,0.202132,0.172914,1.483193,1.318953,2.392096,2.699559,2.969561,0.000000,1.483193,1.000000,0.000000,0.000000,16.288459,inf,37030912,37030912,861184,3625700,False
83,92,94.200000,0.213045,0.169286,1.407574,1.367247,2.088777,2.418546,3.351523,0.000000,1.407574,1.000000,0.000000,0.000000,15.946714,inf,39614464,39614464,861184,4269980,False
84,98,94.200000,0.214297,0.185539,1.560108,1.572405,2.047896,2.683808,4.617246,0.000000,1.560108,1.000000,0.000000,0.000000,17.477788,inf,42198016,42198016,861184,3871660,False
85,80,94.200000,0.214389,0.170532,1.555288,1.446804,2.273563,2.697388,3.997486,0.000000,1.555288,1.000000,0.000000,0.000000,16.064127,inf,34447360,34447360,861184,3781180,False
86,92,94.200000,0.196929,0.181103,1.515925,1.378330,2.323133,2.675085,4.046835,0.000000,1.515925,1.000000,0.000000,0.000000,17.059945,inf,39614464,39614464,861184,4067700,False
87,106,94.200000,0.203758,0.185412,1.485262,1.419104,2.215946,2.609151,3.312365,0.000000,1.485262,1.000000,0.000000,0.000000,17.465776,inf,45642752,45642752,861184,4936100,False
88,103,94.200000,0.204146,0.178061,1.476724,1.326045,2.142461,2.339677,3.853024,0.000000,1.476724,1.000000,0.000000,0.000000,16.773319,inf,44350976,44350976,861184,4457700,False
89,78,94.200000,0.183550,0.166440,1.589031,1.381977,2.434754,2.721634,4.579368,0.000000,1.589031,1.000000,0.000000,0.000000,15.678681,inf,33586176,33586176,861184,3130140,False
90,86,94.200000,0.177175,0.169167,1.526009,1.447428,2.574208,2.770300,3.640991,0.000000,1.526009,1.000000,0.000000,0.000000,15.935514,inf,37030912,37030912,861184,3540940,False
91,94,94.200000,0.184737,0.181555,1.518445,1.375605,2.381445,2.785371,4.232160,0.000000,1.518445,1.000000,0.000000,0.000000,17.102524,inf,40475648,40475648,861184,4011280,False
92,94,94.200000,0.196326,0.181848,1.534184,1.312572,2.365802,2.788397,3.790075,0.000000,1.534184,1.000000,0.000000,0.000000,17.130115,inf,40475648,40475648,861184,4157920,False
93,110,94.200000,0.211652,0.199168,1.508305,1.407366,2.045604,2.421642,4.751935,0.000000,1.508305,1.000000,0.000000,0.000000,18.761671,inf,47365120,47365120,861184,5608200,False
94,90,94.200000,0.209199,0.178773,1.550379,1.407907,2.104656,2.388328,4.731409,0.000000,1.550379,1.000000,0.000000,0.000000,16.840397,inf,38753280,38753280,861184,3914300,False
95,122,94.200000,0.190048,0.205762,1.549694,1.404956,2.501306,2.910344,3.622628,0.000000,1.549694,1.000000,0.000000,0.000000,19.382769,inf,52532224,52532224,861184,4978220,False
96,97,94.200000,0.186051,0.192225,1.648327,1.479389,2.549109,2.988737,4.184057,0.000000,1.648327,1.000000,0.000000,0.000000,18.107627,inf,41767424,41767424,861184,3425240,False
97,97,94.200000,0.184870,0.187176,1.585293,1.504261,2.450071,2.743302,4.676312,0.000000,1.585293,1.000000,0.000000,0.000000,17.631993,inf,41767424,41767424,861184,4089800,False
98,91,94.200000,0.186356,0.161875,1.407879,1.343885,2.106715,2.603637,3.874218,0.000000,1.407879,1.000000,0.000000,0.000000,15.248603,inf,39183872,39183872,861184,4190160,False
99,100,94.200000,0.182214,0.181060,1.467693,1.368988,2.301430,2.891275,3.724455,0.000000,1.467693,1.000000,0.000000,0.000000,17.055887,inf,43059200,43059200,861184,4230200,False
100,91,94.200000,0.183819,0.187318,1.646522,1.542590,2.581915,2.993801,3.574757,0.000000,1.646522,1.000000,0.000000,0.000000,17.645343,inf,39183872,39183872,861184,3766880,False
101,89,94.200000,0.184672,0.190106,1.666854,1.536451,2.484109,2.764586,5.961073,0.000000,1.666854,1.000000,0.000000,0.000000,17.907945,inf,38322688,38322688,861184,3446820,False
102,102,94.200000,0.170726,0.186200,1.496204,1.414171,2.214284,2.406437,4.393897,0.000000,1.496204,1.000000,0.000000,0.000000,17.539996,inf,43920384,43920384,861184,4278300,False
103,99,94.200000,0.187075,0.185402,1.599605,1.469294,2.626582,2.927315,3.365505,0.000000,1.599605,1.000000,0.000000,0.000000,17.464900,inf,42628608,42628608,861184,4403360,False
104,108,94.200000,0.186836,0.194463,1.561898,1.400932,2.195348,2.806535,4.213820,0.000000,1.561898,1.000000,0.000000,0.000000,18.318457,inf,46503936,46503936,861184,4677140,False
105,100,94.200000,0.176978,0.173799,1.490477,1.383860,2.205417,2.518771,3.200603,0.000000,1.490477,1.000000,0.000000,0.000000,16.371886,inf,43059200,43059200,861184,4287140,False
106,88,94.200000,0.168490,0.165110,1.513169,1.406153,2.209348,2.563263,3.352375,0.000000,1.513169,1.000000,0.000000,0.000000,15.553402,inf,37892096,37892096,861184,3595280,False
107,98,94.200000,0.168712,0.184682,1.559369,1.485880,2.383025,2.647822,3.172550,0.000000,1.559369,1.000000,0.000000,0.000000,17.397059,inf,42198016,42198016,861184,3947840,False
108,99,94.200000,0.178148,0.182643,1.560868,1.434449,2.376940,2.563809,3.526008,0.000000,1.560868,1.000000,0.000000,0.000000,17.205016,inf,42628608,42628608,861184,4235140,False
109,89,94.200000,0.181311,0.168689,1.477120,1.291706,2.145782,2.608433,5.297321,0.000000,1.477120,1.000000,0.000000,0.000000,15.890521,inf,38322688,38322688,861184,4228380,False
110,76,94.200000,0.188781,0.164729,1.572562,1.418387,2.386495,2.780156,3.976189,0.000000,1.572562,1.000000,0.000000,0.000000,15.517485,inf,32724992,32724992,861184,3520660,False
111,106,94.200000,0.180119,0.193588,1.611053,1.405125,2.588113,2.967200,5.502105,0.000000,1.611053,1.000000,0.000000,0.000000,18.235947,inf,45642752,45642752,861184,4468100,False
112,94,94.200000,0.165735,0.164477,1.456718,1.351784,2.076173,2.399474,4.642997,0.000000,1.456718,1.000000,0.000000,0.000000,15.493707,inf,40475648,40475648,861184,3851120,False
113,112,94.200000,0.165051,0.193738,1.555623,1.363626,2.469021,2.914137,5.613981,0.000000,1.555623,1.000000,0.000000,0.000000,18.250117,inf,48226304,48226304,861184,4928560,False
114,109,94.200000,0.162305,0.185217,1.528277,1.362196,2.412291,2.865954,3.353091,0.000000,1.528277,1.000000,0.000000,0.000000,17.447420,inf,46934528,46934528,861184,4592900,False
115,100,94.200000,0.170997,0.192179,1.610270,1.467718,2.447282,3.000945,4.559476,0.000000,1.610270,1.000000,0.000000,0.000000,18.103261,inf,43059200,43059200,861184,4362280,False
116,95,94.200000,0.142870,0.174081,1.513299,1.442754,2.361419,2.730696,3.063092,0.000000,1.513299,1.000000,0.000000,0.000000,16.398432,inf,40906240,40906240,861184,3251560,False
117,102,94.200000,0.187635,0.175077,1.502416,1.348911,2.255029,2.391554,3.684801,0.000000,1.502416,1.000000,0.000000,0.000000,16.492246,inf,43920384,43920384,861184,5493280,False
118,105,94.200000,0.162453,0.194326,1.614400,1.481293,2.457521,2.617335,4.774924,0.000000,1.614400,1.000000,0.000000,0.000000,18.305463,inf,45212160,45212160,861184,4123860,False
119,91,94.200000,0.154672,0.171872,1.517298,1.427005,2.333894,2.723242,4.869331,0.000000,1.517298,1.000000,0.000000,0.000000,16.190382,inf,39183872,39183872,861184,3452280,False
120,97,94.200000,0.167302,0.172793,1.484523,1.343006,2.139746,2.635076,4.379102,0.000000,1.484523,1.000000,0.000000,0.000000,16.277143,inf,41767424,41767424,861184,4401020,False
121,103,94.200000,0.160640,0.179542,1.515852,1.426811,2.302668,2.570891,3.264976,0.000000,1.515852,1.000000,0.000000,0.000000,16.912894,inf,44350976,44350976,861184,4445480,False
122,103,94.200000,0.154550,0.185851,1.585211,1.500863,2.339324,2.704571,3.290708,0.000000,1.585211,1.000000,0.000000,0.000000,17.507126,inf,44350976,44350976,861184,3829020,False
123,88,94.200000,0.170347,0.178962,1.649521,1.486839,2.426627,2.824206,3.255345,0.000000,1.649521,1.000000,0.000000,0.000000,16.858264,inf,37892096,37892096,861184,3857100,False
124,96,94.200000,0.147728,0.185995,1.602185,1.365330,2.687563,3.109315,4.237499,0.000000,1.602185,1.000000,0.000000,0.000000,17.520756,inf,41336832,41336832,861184,3589300,False
125,92,94.200000,0.175159,0.176311,1.526760,1.413336,2.375564,2.705056,3.862122,0.000000,1.526760,1.000000,0.000000,0.000000,16.608541,inf,39614464,39614464,861184,4565600,False
126,83,94.200000,0.148121,0.151032,1.460908,1.359856,2.313845,2.698605,2.950096,0.000000,1.460908,1.000000,0.000000,0.000000,14.227259,inf,35739136,35739136,861184,3347760,False
127,94,94.200000,0.176779,0.189252,1.650655,1.512877,2.570181,2.863108,3.891640,0.000000,1.650655,1.000000,0.000000,0.000000,17.827548,inf,40475648,40475648,861184,4002440,False
128,95,94.200000,0.156270,0.173491,1.501675,1.487190,2.142683,2.429484,3.984277,0.000000,1.501675,1.000000,0.000000,0.000000,16.342808,inf,40906240,40906240,861184,4126200,False
129,103,94.200000,0.153366,0.195941,1.640488,1.479575,2.555265,2.940789,4.320993,0.000000,1.640488,1.000000,0.000000,0.000000,18.457668,inf,44350976,44350976,861184,3623360,False
130,86,94.200000,0.161347,0.167943,1.552164,1.435642,2.277578,2.563628,3.562590,0.000000,1.552164,1.000000,0.000000,0.000000,15.820229,inf,37030912,37030912,861184,4027920,False
131,85,94.200000,0.154044,0.171127,1.554804,1.356195,2.315467,2.800889,4.617281,0.000000,1.554804,1.000000,0.000000,0.000000,16.120192,inf,36600320,36600320,861184,3545880,False
132,98,94.200000,0.152630,0.176966,1.555914,1.393140,2.405010,2.653471,3.214825,0.000000,1.555914,1.000000,0.000000,0.000000,16.670212,inf,42198016,42198016,861184,4111640,False
133,86,94.200000,0.156026,0.155930,1.418522,1.357036,2.105688,2.410202,3.323643,0.000000,1.418522,1.000000,0.000000,0.000000,14.688565,inf,37030912,37030912,861184,3645200,False
134,98,94.200000,0.155804,0.163480,1.471107,1.318538,2.316136,2.556950,3.380329,0.000000,1.471107,1.000000,0.000000,0.000000,15.399806,inf,42198016,42198016,861184,4301960,False
135,103,94.200000,0.155269,0.174889,1.480183,1.424956,2.238587,2.428622,3.422168,0.000000,1.480183,1.000000,0.000000,0.000000,16.474503,inf,44350976,44350976,861184,4667520,False
136,106,94.200000,0.167644,0.182420,1.473585,1.411300,2.390421,2.691323,3.093956,0.000000,1.473585,1.000000,0.000000,0.000000,17.183945,inf,45642752,45642752,861184,5037240,False
137,90,94.200000,0.146927,0.170795,1.539292,1.395606,2.466131,2.770487,4.282781,0.000000,1.539292,1.000000,0.000000,0.000000,16.088845,inf,38753280,38753280,861184,4063020,False
138,96,94.200000,0.132758,0.167964,1.507576,1.442426,2.392741,2.609189,3.317261,0.000000,1.507576,1.000000,0.000000,0.000000,15.822223,inf,41336832,41336832,861184,3610100,False
139,89,94.200000,0.145384,0.176125,1.565868,1.473002,2.602889,2.818317,5.007956,0.000000,1.565868,1.000000,0.000000,0.000000,16.590953,inf,38322688,38322688,861184,3634020,False
140,84,94.200000,0.144056,0.177826,1.608196,1.513511,2.452522,2.888150,3.589726,0.000000,1.608196,1.000000,0.000000,0.000000,16.751241,inf,36169728,36169728,861184,3190720,False
141,100,94.200000,0.145887,0.196693,1.646646,1.502628,2.473171,2.872216,5.137144,0.000000,1.646646,1.000000,0.000000,0.000000,18.528467,inf,43059200,43059200,861184,3636100,False
142,110,94.200000,0.145533,0.205178,1.617270,1.531209,2.510792,2.849326,4.319536,0.000000,1.617270,1.000000,0.000000,0.000000,19.327803,inf,47365120,47365120,861184,4335240,False
143,85,94.200000,0.162784,0.178333,1.581739,1.363712,2.604968,3.105045,3.784819,0.000000,1.581739,1.000000,0.000000,0.000000,16.798978,inf,36600320,36600320,861184,3998800,False
144,95,94.200000,0.144289,0.194226,1.651080,1.571332,2.453353,3.205278,4.327929,0.000000,1.651080,1.000000,0.000000,0.000000,18.296073,inf,40906240,40906240,861184,3692780,False
145,88,94.200000,0.141966,0.161872,1.472983,1.425249,2.230198,2.562697,3.250404,0.000000,1.472983,1.000000,0.000000,0.000000,15.248354,inf,37892096,37892096,861184,3454360,False
146,78,94.200000,0.159341,0.168557,1.603907,1.426180,2.508139,2.765451,4.732742,0.000000,1.603907,1.000000,0.000000,0.000000,15.878116,inf,33586176,33586176,861184,3280420,False
147,79,94.200000,0.154337,0.145927,1.479226,1.387743,2.283694,2.495254,3.022298,0.000000,1.479226,1.000000,0.000000,0.000000,13.746324,inf,34016768,34016768,861184,3445260,False
148,92,94.200000,0.138572,0.163485,1.460368,1.415735,2.142676,2.397522,3.286054,0.000000,1.460368,1.000000,0.000000,0.000000,15.400306,inf,39614464,39614464,861184,3562520,False
149,82,94.200000,0.161233,0.174661,1.639545,1.428432,2.679200,3.171593,5.033608,0.000000,1.639545,1.000000,0.000000,0.000000,16.453040,inf,35308544,35308544,861184,3837340,False
150,91,94.200000,0.142831,0.171577,1.510362,1.486011,2.321667,2.519930,3.493821,0.000000,1.510362,1.000000,0.000000,0.000000,16.162530,inf,39183872,39183872,861184,3683940,False
151,99,94.200000,0.132515,0.180135,1.516558,1.381272,2.300572,2.803961,4.314202,0.000000,1.516558,1.000000,0.000000,0.000000,16.968746,inf,42628608,42628608,861184,4037540,False
152,103,94.200000,0.148687,0.183697,1.622245,1.584261,2.328191,2.759937,4.123314,0.000000,1.622245,1.000000,0.000000,0.000000,17.304293,inf,44350976,44350976,861184,3860480,False
153,80,94.200000,0.129004,0.152963,1.461934,1.408908,2.263348,2.469645,4.076508,0.000000,1.461934,1.000000,0.000000,0.000000,14.409084,inf,34447360,34447360,861184,2919800,False
154,95,94.200000,0.130207,0.176313,1.509748,1.414316,2.284088,2.987521,3.590910,0.000000,1.509748,1.000000,0.000000,0.000000,16.608676,inf,40906240,40906240,861184,3759080,False
155,93,94.200000,0.157778,0.175772,1.581762,1.493353,2.258919,2.584986,3.801716,0.000000,1.581762,1.000000,0.000000,0.000000,16.557746,inf,40045056,40045056,861184,4041960,False
156,97,94.200000,0.137120,0.185736,1.580127,1.399269,2.422953,2.782480,5.312632,0.000000,1.580127,1.000000,0.000000,0.000000,17.496341,inf,41767424,41767424,861184,3943940,False
157,88,94.200000,0.148694,0.176667,1.578375,1.432254,2.573000,3.093492,4.144144,0.000000,1.578375,1.000000,0.000000,0.000000,16.642016,inf,37892096,37892096,861184,4140500,False
158,100,94.200000,0.130674,0.182173,1.585463,1.461283,2.600819,2.875449,4.062844,0.000000,1.585463,1.000000,0.000000,0.000000,17.160729,inf,43059200,43059200,861184,4004780,False
159,96,94.200000,0.142456,0.182685,1.617599,1.479519,2.436378,2.722606,4.606586,0.000000,1.617599,1.000000,0.000000,0.000000,17.208887,inf,41336832,41336832,861184,3862560,False
160,106,94.200000,0.122506,0.166729,1.447016,1.390957,2.203020,2.416113,3.089077,0.000000,1.447016,1.000000,0.000000,0.000000,15.705882,inf,45642752,45642752,861184,4137640,False
161,95,94.200000,0.126276,0.155900,1.412179,1.369083,1.933087,2.317479,3.091359,0.000000,1.412179,1.000000,0.000000,0.000000,14.685804,inf,40906240,40906240,861184,3780140,False
162,96,94.200000,0.124406,0.169435,1.467252,1.338077,2.440852,2.810326,3.882999,0.000000,1.467252,1.000000,0.000000,0.000000,15.960769,inf,41336832,41336832,861184,3883620,False
163,110,94.200000,0.144099,0.177688,1.441810,1.373176,2.038647,2.607306,3.217670,0.000000,1.441810,1.000000,0.000000,0.000000,16.738201,inf,47365120,47365120,861184,5114980,False
164,90,94.200000,0.130197,0.162174,1.456970,1.344627,2.262741,2.596647,4.380591,0.000000,1.456970,1.000000,0.000000,0.000000,15.276765,inf,38753280,38753280,861184,3976700,False
165,94,94.200000,0.128739,0.153656,1.333832,1.329420,1.946312,2.077129,3.680450,0.000000,1.333832,1.000000,0.000000,0.000000,14.474412,inf,40475648,40475648,861184,4057560,False
166,92,94.200000,0.135083,0.179026,1.563264,1.417627,2.462516,2.876431,3.165051,0.000000,1.563264,1.000000,0.000000,0.000000,16.864266,inf,39614464,39614464,861184,3614260,False
167,89,94.200000,0.159193,0.169563,1.587993,1.475788,2.270856,2.850286,3.623568,0.000000,1.587993,1.000000,0.000000,0.000000,15.972836,inf,38322688,38322688,861184,4377100,False
168,91,94.200000,0.128040,0.159048,1.376290,1.278532,2.136985,2.545425,3.890638,0.000000,1.376290,1.000000,0.000000,0.000000,14.982359,inf,39183872,39183872,861184,3880240,False
169,81,94.200000,0.122284,0.148170,1.462269,1.429650,2.143851,2.301386,3.206431,0.000000,1.462269,1.000000,0.000000,0.000000,13.957620,inf,34877952,34877952,861184,3153800,False
170,85,94.200000,0.133942,0.160315,1.460022,1.375367,2.128599,2.532657,3.658372,0.000000,1.460022,1.000000,0.000000,0.000000,15.101671,inf,36600320,36600320,861184,3839160,False
171,96,94.200000,0.147260,0.181287,1.539286,1.466283,2.330646,2.468144,4.725705,0.000000,1.539286,1.000000,0.000000,0.000000,17.077199,inf,41336832,41336832,861184,4632940,False
172,97,94.200000,0.146654,0.176439,1.511542,1.366436,2.409422,2.613676,6.662928,0.000000,1.511542,1.000000,0.000000,0.000000,16.620540,inf,41767424,41767424,861184,4828460,False
173,89,94.200000,0.123370,0.166289,1.493561,1.453386,2.187934,2.472513,4.176292,0.000000,1.493561,1.000000,0.000000,0.000000,15.664467,inf,38322688,38322688,861184,3453320,False
174,93,94.200000,0.121254,0.167675,1.466484,1.403334,2.419364,2.601947,4.105044,0.000000,1.466484,1.000000,0.000000,0.000000,15.794958,inf,40045056,40045056,861184,3595540,False
175,86,94.200000,0.132016,0.174098,1.594763,1.483229,2.470883,2.978221,3.933536,0.000000,1.594763,1.000000,0.000000,0.000000,16.400054,inf,37030912,37030912,861184,3766100,False
176,101,94.200000,0.125365,0.196409,1.591470,1.501648,2.613625,2.882017,6.033952,0.000000,1.591470,1.000000,0.000000,0.000000,18.501693,inf,43489792,43489792,861184,3695380,False
177,88,94.200000,0.119643,0.154734,1.382997,1.316792,1.998416,2.433984,3.478034,0.000000,1.382997,1.000000,0.000000,0.000000,14.575945,inf,37892096,37892096,861184,3912740,False
178,78,94.200000,0.123955,0.165450,1.585576,1.552489,2.326650,2.577500,4.221878,0.000000,1.585576,1.000000,0.000000,0.000000,15.585427,inf,33586176,33586176,861184,3010800,False
179,105,94.200000,0.127799,0.167379,1.434647,1.338827,2.071055,2.250281,3.571017,0.000000,1.434647,1.000000,0.000000,0.000000,15.767133,inf,45212160,45212160,861184,4581720,False
180,106,94.200000,0.140614,0.173602,1.446601,1.403737,2.075419,2.442362,3.454037,0.000000,1.446601,1.000000,0.000000,0.000000,16.353306,inf,45642752,45642752,861184,5082740,False
181,107,94.200000,0.138065,0.187184,1.518991,1.407879,2.573982,2.926781,4.061424,0.000000,1.518991,1.000000,0.000000,0.000000,17.632731,inf,46073344,46073344,861184,4961840,False
182,94,94.200000,0.143879,0.156303,1.396547,1.402851,1.944372,2.205388,3.319174,0.000000,1.396547,1.000000,0.000000,0.000000,14.723745,inf,40475648,40475648,861184,4715880,False
183,113,94.200000,0.128250,0.184938,1.493316,1.411834,2.367624,2.558939,4.345024,0.000000,1.493316,1.000000,0.000000,0.000000,17.421188,inf,48656896,48656896,861184,4889040,False
184,96,94.200000,0.128425,0.179718,1.530100,1.390241,2.444007,2.882956,4.029277,0.000000,1.530100,1.000000,0.000000,0.000000,16.929442,inf,41336832,41336832,861184,4065100,False
185,97,94.200000,0.137157,0.177559,1.582517,1.483650,2.260529,2.816299,3.774075,0.000000,1.582517,1.000000,0.000000,0.000000,16.726103,inf,41767424,41767424,861184,3972020,False
186,118,94.200000,0.112528,0.197136,1.506239,1.436777,2.222649,2.732427,4.576108,0.000000,1.506239,1.000000,0.000000,0.000000,18.570224,inf,50809856,50809856,861184,4276740,False
187,80,94.200000,0.133801,0.164034,1.545780,1.474464,2.336420,2.643593,3.757238,0.000000,1.545780,1.000000,0.000000,0.000000,15.452042,inf,34447360,34447360,861184,3496740,False
188,82,94.200000,0.128025,0.164393,1.484948,1.357889,2.556501,3.154547,4.758049,0.000000,1.484948,1.000000,0.000000,0.000000,15.485806,inf,35308544,35308544,861184,3554200,False
189,92,94.200000,0.120203,0.175552,1.530777,1.392267,2.463751,2.780756,4.733846,0.000000,1.530777,1.000000,0.000000,0.000000,16.536987,inf,39614464,39614464,861184,3673280,False
190,87,94.200000,0.136254,0.162686,1.491853,1.377876,2.000056,2.410019,5.267942,0.000000,1.491853,1.000000,0.000000,0.000000,15.324994,inf,37461504,37461504,861184,4326660,False
191,85,94.200000,0.134037,0.159075,1.468820,1.407281,2.023648,2.365286,4.284191,0.000000,1.468820,1.000000,0.000000,0.000000,14.984902,inf,36600320,36600320,861184,4138940,False
192,115,94.200000,0.121460,0.194036,1.513025,1.431741,2.339675,2.626339,3.929162,0.000000,1.513025,1.000000,0.000000,0.000000,18.278229,inf,49518080,49518080,861184,4835480,False
193,88,94.200000,0.127482,0.159594,1.487365,1.415280,2.107282,2.576657,4.575693,0.000000,1.487365,1.000000,0.000000,0.000000,15.033715,inf,37892096,37892096,861184,3949400,False
194,113,94.200000,0.116955,0.188615,1.547352,1.469783,2.370809,2.777106,3.555548,0.000000,1.547352,1.000000,0.000000,0.000000,17.767528,inf,48656896,48656896,861184,4363840,False
195,92,94.200000,0.136528,0.168767,1.507851,1.475367,2.381893,2.676120,3.420253,0.000000,1.507851,1.000000,0.000000,0.000000,15.897843,inf,39614464,39614464,861184,4206540,False
196,93,94.200000,0.129955,0.160707,1.455926,1.367562,2.168539,2.543707,3.427254,0.000000,1.455926,1.000000,0.000000,0.000000,15.138620,inf,40045056,40045056,861184,4015960,False
197,84,94.200000,0.117709,0.163655,1.503988,1.405956,2.084918,2.529487,4.632372,0.000000,1.503988,1.000000,0.000000,0.000000,15.416347,inf,36169728,36169728,861184,3265340,False
198,89,94.200000,0.124970,0.166740,1.491741,1.366726,2.437217,2.702252,4.745483,0.000000,1.491741,1.000000,0.000000,0.000000,15.706932,inf,38322688,38322688,861184,3854500,False
199,99,94.200000,0.126305,0.176996,1.584389,1.487085,2.441120,2.620438,4.330303,0.000000,1.584389,1.000000,0.000000,0.000000,16.673049,inf,42628608,42628608,861184,4017520,False
200,105,94.200000,0.107407,0.153892,1.312236,1.303361,1.990909,2.266073,2.961526,0.000000,1.312236,1.000000,0.000000,0.000000,14.496614,inf,45212160,45212160,861184,4428580,False
201,93,94.200000,0.123814,0.171260,1.521253,1.388761,2.169436,2.490335,4.624075,0.000000,1.521253,1.000000,0.000000,0.000000,16.132691,inf,40045056,40045056,861184,4018560,False
202,97,94.200000,0.148205,0.168990,1.521153,1.385712,2.059462,2.219853,4.379049,0.000000,1.521153,1.000000,0.000000,0.000000,15.918871,inf,41767424,41767424,861184,5268640,False
203,101,94.200000,0.119546,0.177061,1.480317,1.346382,2.449291,2.847080,4.600694,0.000000,1.480317,1.000000,0.000000,0.000000,16.679147,inf,43489792,43489792,861184,4453540,False
204,99,94.200000,0.119257,0.165537,1.469898,1.453278,2.209222,2.382048,4.683850,0.000000,1.469898,1.000000,0.000000,0.000000,15.593569,inf,42628608,42628608,861184,4186260,False
205,107,94.200000,0.116002,0.179044,1.507232,1.517625,2.216509,2.379737,3.953211,0.000000,1.507232,1.000000,0.000000,0.000000,16.865977,inf,46073344,46073344,861184,4206540,False
206,91,94.200000,0.111168,0.160259,1.469252,1.458869,2.279267,2.902938,3.206962,0.000000,1.469252,1.000000,0.000000,0.000000,15.096435,inf,39183872,39183872,861184,3771820,False
207,84,94.200000,0.119271,0.155470,1.513051,1.471893,2.269912,2.397408,3.376299,0.000000,1.513051,1.000000,0.000000,0.000000,14.645293,inf,36169728,36169728,861184,3356600,False
208,93,94.200000,0.105261,0.157588,1.415521,1.312183,2.109687,2.601172,3.158483,0.000000,1.415521,1.000000,0.000000,0.000000,14.844759,inf,40045056,40045056,861184,3833960,False
209,91,94.200000,0.127847,0.161225,1.474024,1.466496,2.142490,2.270717,3.544798,0.000000,1.474024,1.000000,0.000000,0.000000,15.187372,inf,39183872,39183872,861184,4179240,False
210,87,94.200000,0.123494,0.145903,1.366023,1.345420,1.973396,2.335101,3.056671,0.000000,1.366023,1.000000,0.000000,0.000000,13.744065,inf,37461504,37461504,861184,3911700,False
211,89,94.200000,0.110338,0.160174,1.456509,1.481650,2.145639,2.550077,3.641457,0.000000,1.456509,1.000000,0.000000,0.000000,15.088408,inf,38322688,38322688,861184,3403660,False
212,99,94.200000,0.122115,0.167488,1.464579,1.440908,2.160144,2.550218,3.026971,0.000000,1.464579,1.000000,0.000000,0.000000,15.777332,inf,42628608,42628608,861184,4313660,False
213,87,94.200000,0.113754,0.155531,1.432885,1.437898,2.080695,2.337923,3.388613,0.000000,1.432885,1.000000,0.000000,0.000000,14.651039,inf,37461504,37461504,861184,3453840,False
214,83,94.200000,0.130193,0.167820,1.573026,1.510715,2.316152,2.426699,4.202922,0.000000,1.573026,1.000000,0.000000,0.000000,15.808652,inf,35739136,35739136,861184,3836820,False
215,86,94.200000,0.124333,0.159037,1.519240,1.429830,2.043228,2.787538,4.785181,0.000000,1.519240,1.000000,0.000000,0.000000,14.981305,inf,37030912,37030912,861184,3831880,False
216,103,94.200000,0.107212,0.157450,1.372880,1.332388,2.048713,2.197169,3.122109,0.000000,1.372880,1.000000,0.000000,0.000000,14.831785,inf,44350976,44350976,861184,4288700,False
217,112,94.200000,0.124548,0.190292,1.502360,1.420266,2.182746,2.646101,4.723974,0.000000,1.502360,1.000000,0.000000,0.000000,17.925500,inf,48226304,48226304,861184,5026060,False
218,97,94.200000,0.119467,0.161066,1.445690,1.404402,2.051898,2.583307,3.373787,0.000000,1.445690,1.000000,0.000000,0.000000,15.172460,inf,41767424,41767424,861184,4475640,False
219,108,94.200000,0.117883,0.171806,1.413315,1.313560,2.262377,2.630581,3.977669,0.000000,1.413315,1.000000,0.000000,0.000000,16.184164,inf,46503936,46503936,861184,5028920,False
220,88,94.200000,0.121342,0.178844,1.570344,1.374458,2.582600,3.372648,4.898787,0.000000,1.570344,1.000000,0.000000,0.000000,16.847143,inf,37892096,37892096,861184,4055220,False
221,92,94.200000,0.109175,0.171218,1.499524,1.337720,2.289467,2.599918,4.691637,0.000000,1.499524,1.000000,0.000000,0.000000,16.128731,inf,39614464,39614464,861184,3817060,False
222,97,94.200000,0.115741,0.167640,1.442460,1.365415,2.119835,2.517264,3.632937,0.000000,1.442460,1.000000,0.000000,0.000000,15.791719,inf,41767424,41767424,861184,4612140,False
223,92,94.200000,0.112742,0.169968,1.495748,1.483332,2.184356,2.496173,4.424673,0.000000,1.495748,1.000000,0.000000,0.000000,16.010981,inf,39614464,39614464,861184,3575000,False
224,81,94.200000,0.129032,0.154117,1.487823,1.460424,2.040133,2.346327,3.975596,0.000000,1.487823,1.000000,0.000000,0.000000,14.517821,inf,34877952,34877952,861184,3939780,False
225,104,94.200000,0.112374,0.177818,1.477948,1.387830,2.182595,2.645872,3.441487,0.000000,1.477948,1.000000,0.000000,0.000000,16.750431,inf,44781568,44781568,861184,4617600,False
226,102,94.200000,0.106034,0.174838,1.475598,1.411548,2.430815,2.796120,3.745885,0.000000,1.475598,1.000000,0.000000,0.000000,16.469773,inf,43920384,43920384,861184,3996980,False
227,107,94.200000,0.125152,0.177386,1.484223,1.438842,2.269103,2.508643,3.152186,0.000000,1.484223,1.000000,0.000000,0.000000,16.709769,inf,46073344,46073344,861184,4878640,False
228,96,94.200000,0.112765,0.178907,1.489231,1.372650,2.179388,2.475527,5.999260,0.000000,1.489231,1.000000,0.000000,0.000000,16.853033,inf,41336832,41336832,861184,4150900,False
229,80,94.200000,0.099550,0.169254,1.608770,1.489492,2.575639,2.798433,4.152356,0.000000,1.608770,1.000000,0.000000,0.000000,15.943694,inf,34447360,34447360,861184,2518880,False
230,90,94.200000,0.113219,0.156076,1.466769,1.424690,2.254415,2.438920,3.281857,0.000000,1.466769,1.000000,0.000000,0.000000,14.702401,inf,38753280,38753280,861184,3943160,False
231,98,94.200000,0.124647,0.166728,1.458637,1.394054,2.103501,2.944380,3.600145,0.000000,1.458637,1.000000,0.000000,0.000000,15.705818,inf,42198016,42198016,861184,4530240,False
232,92,94.200000,0.098557,0.166124,1.485098,1.423566,2.299005,2.427084,4.219463,0.000000,1.485098,1.000000,0.000000,0.000000,15.648891,inf,39614464,39614464,861184,3148600,False
233,90,94.200000,0.111454,0.167256,1.495911,1.501480,2.157466,2.288265,3.561451,0.000000,1.495911,1.000000,0.000000,0.000000,15.755538,inf,38753280,38753280,861184,3551080,False
234,86,94.200000,0.119878,0.148860,1.388437,1.309101,2.165113,2.508127,2.893904,0.000000,1.388437,1.000000,0.000000,0.000000,14.022614,inf,37030912,37030912,861184,3816540,False
235,75,94.200000,0.116701,0.143586,1.499478,1.449417,2.137891,2.322535,3.161614,0.000000,1.499478,1.000000,0.000000,0.000000,13.525834,inf,32294400,32294400,861184,3055520,False
236,89,94.200000,0.117589,0.166858,1.478224,1.485435,2.020088,2.514436,4.463101,0.000000,1.478224,1.000000,0.000000,0.000000,15.718047,inf,38322688,38322688,861184,3544320,False
237,88,94.200000,0.104766,0.149020,1.349443,1.362262,1.930048,1.997807,4.862049,0.000000,1.349443,1.000000,0.000000,0.000000,14.037671,inf,37892096,37892096,861184,3501420,False
238,96,94.200000,0.118017,0.165437,1.440719,1.369164,2.137641,2.424759,3.319597,0.000000,1.440719,1.000000,0.000000,0.000000,15.584177,inf,41336832,41336832,861184,4476420,False
239,80,94.200000,0.099776,0.145773,1.337954,1.279681,2.412539,2.617185,3.533813,0.000000,1.337954,1.000000,0.000000,0.000000,13.731854,inf,34447360,34447360,861184,3293680,False
240,95,94.200000,0.108962,0.150062,1.346940,1.311805,2.013183,2.192274,2.826053,0.000000,1.346940,1.000000,0.000000,0.000000,14.135848,inf,40906240,40906240,861184,4284540,False
241,93,94.200000,0.109550,0.170209,1.484260,1.501294,2.231703,2.849700,3.791607,0.000000,1.484260,1.000000,0.000000,0.000000,16.033720,inf,40045056,40045056,861184,3684460,False
242,89,94.200000,0.104356,0.154205,1.439635,1.398384,2.075677,2.378472,3.712832,0.000000,1.439635,1.000000,0.000000,0.000000,14.526091,inf,38322688,38322688,861184,3715660,False
243,89,94.200000,0.096114,0.157218,1.379871,1.289954,2.239739,2.560821,2.932373,0.000000,1.379871,1.000000,0.000000,0.000000,14.809949,inf,38322688,38322688,861184,3578640,False
244,86,94.200000,0.116196,0.164166,1.480384,1.453996,2.303574,2.513572,3.543406,0.000000,1.480384,1.000000,0.000000,0.000000,15.464481,inf,37030912,37030912,861184,3634280,False
245,97,94.200000,0.106909,0.152726,1.371683,1.361040,2.084966,2.217049,2.879799,0.000000,1.371683,1.000000,0.000000,0.000000,14.386807,inf,41767424,41767424,861184,4240860,False
246,77,94.200000,0.106588,0.152000,1.473408,1.410462,2.159939,2.290542,5.200169,0.000000,1.473408,1.000000,0.000000,0.000000,14.318403,inf,33155584,33155584,861184,3391700,False
247,95,94.200000,0.104545,0.166256,1.416839,1.391496,2.199246,2.546501,5.856526,0.000000,1.416839,1.000000,0.000000,0.000000,15.661350,inf,40906240,40906240,861184,3706820,False
248,84,94.200000,0.112981,0.152153,1.433809,1.392872,2.125178,2.476052,3.191461,0.000000,1.433809,1.000000,0.000000,0.000000,14.332784,inf,36169728,36169728,861184,3845660,False
249,102,94.200000,0.114345,0.168075,1.466158,1.438541,2.206040,2.429811,3.575738,0.000000,1.466158,1.000000,0.000000,0.000000,15.832674,inf,43920384,43920384,861184,4604340,False
250,97,94.200000,0.104680,0.162514,1.380896,1.355286,2.130575,2.296311,4.509532,0.000000,1.380896,1.000000,0.000000,0.000000,15.308860,inf,41767424,41767424,861184,4071600,False
251,103,94.200000,0.104438,0.172833,1.419967,1.341943,2.419231,2.643042,3.645716,0.000000,1.419967,1.000000,0.000000,0.000000,16.280897,inf,44350976,44350976,861184,4429620,False
252,83,94.200000,0.114131,0.157964,1.474618,1.398559,2.332477,2.561404,3.992728,0.000000,1.474618,1.000000,0.000000,0.000000,14.880180,inf,35739136,35739136,861184,3574740,False
253,88,94.200000,0.120006,0.158946,1.450145,1.383801,2.416900,2.566394,3.105982,0.000000,1.450145,1.000000,0.000000,0.000000,14.972725,inf,37892096,37892096,861184,4235660,False
254,95,94.200000,0.096537,0.150008,1.352064,1.372589,1.916358,2.242820,3.228779,0.000000,1.352064,1.000000,0.000000,0.000000,14.130750,inf,40906240,40906240,861184,3635840,False
255,95,94.200000,0.098258,0.147899,1.313317,1.330459,2.059161,2.287047,2.875787,0.000000,1.313317,1.000000,0.000000,0.000000,13.932070,inf,40906240,40906240,861184,3946020,False
256,101,94.200000,0.091343,0.177706,1.513114,1.374964,2.483352,2.736305,3.417923,0.000000,1.513114,1.000000,0.000000,0.000000,16.739946,inf,43489792,43489792,861184,3784300,False
257,106,94.200000,0.101187,0.170086,1.395347,1.380831,2.313266,2.630175,3.210965,0.000000,1.395347,1.000000,0.000000,0.000000,16.022147,inf,45642752,45642752,861184,4407520,False
258,118,94.200000,0.109117,0.173343,1.334649,1.343201,1.979735,2.280284,3.543329,0.000000,1.334649,1.000000,0.000000,0.000000,16.328928,inf,50809856,50809856,861184,5742360,False
259,92,94.200000,0.099978,0.157120,1.443592,1.394233,2.148705,2.573336,4.002360,0.000000,1.443592,1.000000,0.000000,0.000000,14.800745,inf,39614464,39614464,861184,3560440,False
260,95,94.200000,0.100286,0.167824,1.502129,1.544376,2.284706,2.512450,2.735145,0.000000,1.502129,1.000000,0.000000,0.000000,15.808985,inf,40906240,40906240,861184,3679780,False
261,98,94.200000,0.100095,0.170693,1.458795,1.373818,2.216260,2.499237,3.450659,0.000000,1.458795,1.000000,0.000000,0.000000,16.079294,inf,42198016,42198016,861184,4113720,False
262,97,94.200000,0.114164,0.179785,1.585277,1.496569,2.483546,3.102305,4.542299,0.000000,1.585277,1.000000,0.000000,0.000000,16.935720,inf,41767424,41767424,861184,4447040,False
263,106,94.200000,0.103616,0.193533,1.593015,1.565198,2.440802,2.790013,5.595899,0.000000,1.593015,1.000000,0.000000,0.000000,18.230806,inf,45642752,45642752,861184,4151420,False
264,86,94.200000,0.079635,0.142641,1.367725,1.334880,2.169356,2.379432,2.962207,0.000000,1.367725,1.000000,0.000000,0.000000,13.436805,inf,37030912,37030912,861184,2925780,False
265,100,94.200000,0.095628,0.160806,1.365655,1.406688,2.086837,2.464008,3.217609,0.000000,1.365655,1.000000,0.000000,0.000000,15.147929,inf,43059200,43059200,861184,4163120,False
266,93,94.200000,0.100086,0.171464,1.525678,1.443045,2.503845,2.800211,3.533923,0.000000,1.525678,1.000000,0.000000,0.000000,16.151927,inf,40045056,40045056,861184,3611920,False
267,85,94.200000,0.093375,0.145095,1.313475,1.293069,2.020465,2.159720,3.665893,0.000000,1.313475,1.000000,0.000000,0.000000,13.667913,inf,36600320,36600320,861184,3345680,False
268,107,94.200000,0.093520,0.168527,1.449485,1.424047,2.268522,2.562940,3.359854,0.000000,1.449485,1.000000,0.000000,0.000000,15.875220,inf,46073344,46073344,861184,4010760,False
269,102,94.200000,0.105913,0.174590,1.523496,1.472344,2.171096,2.577328,3.371772,0.000000,1.523496,1.000000,0.000000,0.000000,16.446359,inf,43920384,43920384,861184,4288700,False
270,91,94.200000,0.099869,0.153242,1.373543,1.310138,2.081875,2.535456,3.469368,0.000000,1.373543,1.000000,0.000000,0.000000,14.435412,inf,39183872,39183872,861184,3977480,False
271,95,94.200000,0.100139,0.166008,1.411309,1.312450,2.145774,2.328557,5.248866,0.000000,1.411309,1.000000,0.000000,0.000000,15.637908,inf,40906240,40906240,861184,4120220,False
272,91,94.200000,0.110240,0.164694,1.475778,1.482766,2.097804,2.446067,3.488853,0.000000,1.475778,1.000000,0.000000,0.000000,15.514165,inf,39183872,39183872,861184,4092400,False
273,85,94.200000,0.107234,0.146460,1.340911,1.230205,1.920943,2.688257,3.672175,0.000000,1.340911,1.000000,0.000000,0.000000,13.796568,inf,36600320,36600320,861184,4244760,False
274,103,94.200000,0.094834,0.163057,1.414787,1.354753,2.083504,2.343520,3.165136,0.000000,1.414787,1.000000,0.000000,0.000000,15.359977,inf,44350976,44350976,861184,3992560,False
275,97,94.200000,0.097511,0.163780,1.430248,1.462199,2.162018,2.287313,3.350109,0.000000,1.430248,1.000000,0.000000,0.000000,15.428122,inf,41767424,41767424,861184,3799640,False
276,90,94.200000,0.097026,0.155404,1.344263,1.303946,2.215009,2.626734,3.546668,0.000000,1.344263,1.000000,0.000000,0.000000,14.639044,inf,38753280,38753280,861184,3653520,False
277,85,94.200000,0.101293,0.140290,1.331236,1.334780,1.796158,2.487077,4.020565,0.000000,1.331236,1.000000,0.000000,0.000000,13.215285,inf,36600320,36600320,861184,3986580,False
278,107,94.200000,0.109811,0.173061,1.468742,1.420082,2.216919,2.388729,3.725435,0.000000,1.468742,1.000000,0.000000,0.000000,16.302364,inf,46073344,46073344,861184,4699760,False
279,100,94.200000,0.089351,0.168202,1.419500,1.380009,2.295442,2.441924,3.713866,0.000000,1.419500,1.000000,0.000000,0.000000,15.844630,inf,43059200,43059200,861184,3859700,False
280,90,94.200000,0.097117,0.162959,1.429078,1.427611,2.146816,2.656621,3.520325,0.000000,1.429078,1.000000,0.000000,0.000000,15.350739,inf,38753280,38753280,861184,3605940,False
281,95,94.200000,0.092261,0.161414,1.468089,1.418759,2.160408,2.364048,4.226274,0.000000,1.468089,1.000000,0.000000,0.000000,15.205168,inf,40906240,40906240,861184,3590860,False
282,91,94.200000,0.097817,0.159123,1.430243,1.359597,2.232719,2.631100,3.483258,0.000000,1.430243,1.000000,0.000000,0.000000,14.989407,inf,39183872,39183872,861184,3840980,False
283,95,94.200000,0.097181,0.180108,1.507401,1.418215,2.358162,2.808436,5.261049,0.000000,1.507401,1.000000,0.000000,0.000000,16.966188,inf,40906240,40906240,861184,3743220,False
284,108,94.200000,0.091644,0.164570,1.353027,1.379143,2.070262,2.737962,3.956797,0.000000,1.353027,1.000000,0.000000,0.000000,15.502518,inf,46503936,46503936,861184,4655560,False
285,97,94.200000,0.090721,0.151716,1.287527,1.255421,2.055724,2.326666,2.758836,0.000000,1.287527,1.000000,0.000000,0.000000,14.291693,inf,41767424,41767424,861184,4184960,False
286,97,94.200000,0.096339,0.173775,1.525684,1.451144,2.409193,2.886721,5.098019,0.000000,1.525684,1.000000,0.000000,0.000000,16.369580,inf,41767424,41767424,861184,3946280,False
287,98,94.200000,0.099447,0.161847,1.401889,1.401893,2.099741,2.479873,3.763906,0.000000,1.401889,1.000000,0.000000,0.000000,15.245954,inf,42198016,42198016,861184,4199520,False
288,91,94.200000,0.109767,0.151773,1.382621,1.322273,1.940603,2.394780,4.319797,0.000000,1.382621,1.000000,0.000000,0.000000,14.297046,inf,39183872,39183872,861184,4837040,False
289,99,94.200000,0.103907,0.170021,1.422450,1.352066,2.082592,2.386095,3.820854,0.000000,1.422450,1.000000,0.000000,0.000000,16.015962,inf,42628608,42628608,861184,4826120,False
290,89,94.200000,0.086775,0.144547,1.296462,1.291352,2.041213,2.121222,3.209045,0.000000,1.296462,1.000000,0.000000,0.000000,13.616368,inf,38322688,38322688,861184,3828240,False
291,96,94.200000,0.094994,0.163434,1.474999,1.425551,2.245118,2.652540,3.468558,0.000000,1.474999,1.000000,0.000000,0.000000,15.395441,inf,41336832,41336832,861184,3917420,False
292,93,94.200000,0.097381,0.159478,1.355170,1.238688,2.289089,2.423531,4.550641,0.000000,1.355170,1.000000,0.000000,0.000000,15.022855,inf,40045056,40045056,861184,4040660,False
293,92,94.200000,0.083011,0.154642,1.350706,1.356613,2.093827,2.439993,3.218180,0.000000,1.350706,1.000000,0.000000,0.000000,14.567265,inf,39614464,39614464,861184,3306940,False
294,93,94.200000,0.097435,0.167492,1.394900,1.370497,2.147071,2.483790,5.171199,0.000000,1.394900,1.000000,0.000000,0.000000,15.777734,inf,40045056,40045056,861184,3999840,False
295,107,94.200000,0.091792,0.174520,1.401954,1.362887,2.113623,2.658488,4.068884,0.000000,1.401954,1.000000,0.000000,0.000000,16.439811,inf,46073344,46073344,861184,4439760,False
296,98,94.200000,0.090247,0.162323,1.399151,1.387871,2.260033,2.626199,3.323390,0.000000,1.399151,1.000000,0.000000,0.000000,15.290859,inf,42198016,42198016,861184,3779880,False
297,88,94.200000,0.096343,0.165749,1.510626,1.425120,2.201253,2.563120,4.784153,0.000000,1.510626,1.000000,0.000000,0.000000,15.613595,inf,37892096,37892096,861184,3577340,False
298,84,94.200000,0.088054,0.154844,1.406147,1.353413,2.260724,2.664975,3.938265,0.000000,1.406147,1.000000,0.000000,0.000000,14.586322,inf,36169728,36169728,861184,3143660,False
299,101,94.200000,0.089037,0.159250,1.322456,1.368849,2.003586,2.416252,2.746656,0.000000,1.322456,1.000000,0.000000,0.000000,15.001379,inf,43489792,43489792,861184,4032080,False
300,102,94.200000,0.097024,0.162476,1.401630,1.419679,2.174136,2.422892,3.304084,0.000000,1.401630,1.000000,0.000000,0.000000,15.305208,inf,43920384,43920384,861184,4449380,False
301,96,94.200000,0.096108,0.168926,1.403565,1.313356,2.053379,2.531919,5.080095,0.000000,1.403565,1.000000,0.000000,0.000000,15.912797,inf,41336832,41336832,861184,4594200,False
302,80,94.200000,0.103609,0.152290,1.549103,1.423930,2.379484,2.564314,2.874798,0.000000,1.549103,1.000000,0.000000,0.000000,14.345719,inf,34447360,34447360,861184,3678220,False
303,85,94.200000,0.093514,0.161227,1.470345,1.470258,2.376729,2.847340,3.440673,0.000000,1.470345,1.000000,0.000000,0.000000,15.187610,inf,36600320,36600320,861184,3323060,False
304,104,94.200000,0.096803,0.169335,1.422141,1.429316,2.057210,2.428894,3.957444,0.000000,1.422141,1.000000,0.000000,0.000000,15.951355,inf,44781568,44781568,861184,4123600,False
305,100,94.200000,0.092459,0.161836,1.354562,1.294227,1.977220,2.467795,5.474172,0.000000,1.354562,1.000000,0.000000,0.000000,15.244915,inf,43059200,43059200,861184,4138680,False
306,85,94.200000,0.082496,0.155008,1.443541,1.425511,2.102085,2.686792,3.794980,0.000000,1.443541,1.000000,0.000000,0.000000,14.601784,inf,36600320,36600320,861184,2918760,False
307,87,94.200000,0.083702,0.148975,1.336670,1.336432,2.066406,2.213328,2.516617,0.000000,1.336670,1.000000,0.000000,0.000000,14.033432,inf,37461504,37461504,861184,3336060,False
308,90,94.200000,0.088410,0.144248,1.313740,1.303726,2.008183,2.464215,3.111589,0.000000,1.313740,1.000000,0.000000,0.000000,13.588115,inf,38753280,38753280,861184,3623100,False
309,96,94.200000,0.085534,0.160215,1.373847,1.377404,2.064476,2.340527,3.622040,0.000000,1.373847,1.000000,0.000000,0.000000,15.092257,inf,41336832,41336832,861184,3672240,False
310,102,94.200000,0.081386,0.154409,1.317205,1.339380,2.025734,2.220133,3.201338,0.000000,1.317205,1.000000,0.000000,0.000000,14.545292,inf,43920384,43920384,861184,4068480,False
311,92,94.200000,0.091560,0.162807,1.430786,1.322179,1.935578,2.917446,4.555515,0.000000,1.430786,1.000000,0.000000,0.000000,15.336378,inf,39614464,39614464,861184,4009720,False
312,109,94.200000,0.087766,0.162397,1.364829,1.353122,2.029298,2.294531,3.357351,0.000000,1.364829,1.000000,0.000000,0.000000,15.297827,inf,46934528,46934528,861184,4720820,False
313,101,94.200000,0.096978,0.176349,1.415222,1.368199,2.023112,2.391118,5.307479,0.000000,1.415222,1.000000,0.000000,0.000000,16.612107,inf,43489792,43489792,861184,4423640,False
314,89,94.200000,0.104347,0.155865,1.375560,1.351821,2.020688,2.300793,4.325059,0.000000,1.375560,1.000000,0.000000,0.000000,14.682514,inf,38322688,38322688,861184,4637100,False
315,101,94.200000,0.097089,0.165060,1.445115,1.444410,2.240213,2.470205,3.232765,0.000000,1.445115,1.000000,0.000000,0.000000,15.548657,inf,43489792,43489792,861184,4158180,False
316,95,94.200000,0.094414,0.159860,1.404426,1.405275,2.269735,2.526440,3.558054,0.000000,1.404426,1.000000,0.000000,0.000000,15.058767,inf,40906240,40906240,861184,4049240,False
317,97,94.200000,0.080854,0.159253,1.372397,1.265329,2.295354,2.749132,3.542564,0.000000,1.372397,1.000000,0.000000,0.000000,15.001671,inf,41767424,41767424,861184,3589820,False
318,94,94.200000,0.103047,0.173219,1.526515,1.522756,2.387567,2.602618,3.069312,0.000000,1.526515,1.000000,0.000000,0.000000,16.317201,inf,40475648,40475648,861184,3998280,False
319,93,94.200000,0.096622,0.186381,1.614397,1.489762,2.455271,2.825875,4.974819,0.000000,1.614397,1.000000,0.000000,0.000000,17.557129,inf,40045056,40045056,861184,3559920,False
320,106,94.200000,0.080535,0.158539,1.317631,1.329854,2.130144,2.393842,3.183926,0.000000,1.317631,1.000000,0.000000,0.000000,14.934398,inf,45642752,45642752,861184,3896880,False
321,91,94.200000,0.104288,0.163383,1.455832,1.426941,2.021811,2.402847,4.876195,0.000000,1.455832,1.000000,0.000000,0.000000,15.390654,inf,39183872,39183872,861184,4197180,False
322,94,94.200000,0.103563,0.163652,1.434572,1.461008,2.123673,2.274659,3.247183,0.000000,1.434572,1.000000,0.000000,0.000000,15.416004,inf,40475648,40475648,861184,4321980,False
323,103,94.200000,0.098220,0.173169,1.467767,1.435532,2.182931,2.783971,4.933110,0.000000,1.467767,1.000000,0.000000,0.000000,16.312538,inf,44350976,44350976,861184,4155320,False
324,93,94.200000,0.086506,0.158750,1.363909,1.328783,2.180038,2.504163,3.569933,0.000000,1.363909,1.000000,0.000000,0.000000,14.954215,inf,40045056,40045056,861184,3774420,False
325,93,94.200000,0.093819,0.147237,1.338258,1.326469,1.951294,2.136553,3.082955,0.000000,1.338258,1.000000,0.000000,0.000000,13.869684,inf,40045056,40045056,861184,4484740,False
326,87,94.200000,0.092080,0.156075,1.407571,1.352783,2.322053,2.780953,3.193327,0.000000,1.407571,1.000000,0.000000,0.000000,14.702265,inf,37461504,37461504,861184,3748680,False
327,99,94.200000,0.081995,0.158599,1.328742,1.328836,2.100618,2.545876,3.657887,0.000000,1.328742,1.000000,0.000000,0.000000,14.940029,inf,42628608,42628608,861184,3863080,False
328,87,94.200000,0.091220,0.153030,1.366384,1.274990,2.236671,2.538711,3.456141,0.000000,1.366384,1.000000,0.000000,0.000000,14.415461,inf,37461504,37461504,861184,4069520,False
329,88,94.200000,0.087472,0.160477,1.404908,1.368794,2.122150,3.022606,3.978095,0.000000,1.404908,1.000000,0.000000,0.000000,15.116909,inf,37892096,37892096,861184,3736460,False
330,103,94.200000,0.092718,0.172854,1.413991,1.337500,2.044264,2.285898,6.142670,0.000000,1.413991,1.000000,0.000000,0.000000,16.282843,inf,44350976,44350976,861184,4390620,False
331,95,94.200000,0.094936,0.165776,1.443698,1.391360,2.590345,2.804535,3.807821,0.000000,1.443698,1.000000,0.000000,0.000000,15.616088,inf,40906240,40906240,861184,4034160,False
332,111,94.200000,0.087658,0.175999,1.403445,1.321134,2.116111,2.635495,4.646107,0.000000,1.403445,1.000000,0.000000,0.000000,16.579066,inf,47795712,47795712,861184,4892940,False
333,104,94.200000,0.101912,0.171213,1.427190,1.386360,2.119659,2.331648,4.012318,0.000000,1.427190,1.000000,0.000000,0.000000,16.128287,inf,44781568,44781568,861184,4655040,False
334,94,94.200000,0.094174,0.155732,1.374199,1.343490,2.171782,2.265471,3.031201,0.000000,1.374199,1.000000,0.000000,0.000000,14.669948,inf,40475648,40475648,861184,4226040,False
335,97,94.200000,0.082576,0.156373,1.336514,1.368092,2.066526,2.444840,4.100499,0.000000,1.336514,1.000000,0.000000,0.000000,14.730377,inf,41767424,41767424,861184,3835260,False
336,96,94.200000,0.092072,0.159494,1.392942,1.394406,2.129673,2.573381,3.323578,0.000000,1.392942,1.000000,0.000000,0.000000,15.024314,inf,41336832,41336832,861184,4205500,False
337,91,94.200000,0.098663,0.158101,1.344800,1.362940,2.189112,2.365149,3.428285,0.000000,1.344800,1.000000,0.000000,0.000000,14.893101,inf,39183872,39183872,861184,4291040,False
338,82,94.200000,0.087879,0.136820,1.314716,1.307357,1.864245,2.236776,2.989132,0.000000,1.314716,1.000000,0.000000,0.000000,12.888439,inf,35308544,35308544,861184,3569540,False
339,104,94.200000,0.084466,0.156152,1.307381,1.336699,2.059524,2.373065,3.108846,0.000000,1.307381,1.000000,0.000000,0.000000,14.709563,inf,44781568,44781568,861184,4220320,False
340,100,94.200000,0.087346,0.172816,1.503111,1.459611,2.282408,2.459085,3.600822,0.000000,1.503111,1.000000,0.000000,0.000000,16.279306,inf,43059200,43059200,861184,4134780,False
341,94,94.200000,0.092870,0.158228,1.401053,1.340354,2.211319,2.342379,3.320272,0.000000,1.401053,1.000000,0.000000,0.000000,14.905030,inf,40475648,40475648,861184,4202640,False
342,103,94.200000,0.085339,0.169843,1.396717,1.353703,2.223637,2.635193,3.201182,0.000000,1.396717,1.000000,0.000000,0.000000,15.999252,inf,44350976,44350976,861184,4023240,False
343,95,94.200000,0.082866,0.155429,1.352145,1.276020,2.116947,2.384055,2.907885,0.000000,1.352145,1.000000,0.000000,0.000000,14.641408,inf,40906240,40906240,861184,4087980,False
344,90,94.200000,0.086960,0.142718,1.296877,1.281839,2.029497,2.134971,3.065293,0.000000,1.296877,1.000000,0.000000,0.000000,13.444021,inf,38753280,38753280,861184,4116060,False
345,88,94.200000,0.092310,0.141022,1.299033,1.322598,1.955253,2.141351,3.031781,0.000000,1.299033,1.000000,0.000000,0.000000,13.284293,inf,37892096,37892096,861184,4227600,False
346,105,94.200000,0.086436,0.164615,1.314955,1.346402,2.078489,2.362395,3.643712,0.000000,1.314955,1.000000,0.000000,0.000000,15.506727,inf,45212160,45212160,861184,4342520,False
347,99,94.200000,0.089412,0.154576,1.365587,1.345724,2.182208,2.319001,3.608791,0.000000,1.365587,1.000000,0.000000,0.000000,14.561038,inf,42628608,42628608,861184,4120740,False
348,88,94.200000,0.089623,0.164691,1.449544,1.394697,2.164432,2.564131,6.278632,0.000000,1.449544,1.000000,0.000000,0.000000,15.513849,inf,37892096,37892096,861184,3858920,False
349,101,94.200000,0.083528,0.164158,1.394642,1.357847,2.045454,2.493865,3.093319,0.000000,1.394642,1.000000,0.000000,0.000000,15.463676,inf,43489792,43489792,861184,4202640,False
350,90,94.200000,0.089502,0.154205,1.346617,1.308279,2.128598,2.697548,4.585788,0.000000,1.346617,1.000000,0.000000,0.000000,14.526117,inf,38753280,38753280,861184,3853460,False
351,103,94.200000,0.084981,0.164794,1.350235,1.267918,2.124319,2.599033,4.050722,0.000000,1.350235,1.000000,0.000000,0.000000,15.523566,inf,44350976,44350976,861184,4542200,False
352,91,94.200000,0.094612,0.161107,1.425500,1.390663,2.307430,2.714730,4.197979,0.000000,1.425500,1.000000,0.000000,0.000000,15.176241,inf,39183872,39183872,861184,3956680,False
353,73,94.200000,0.087393,0.136951,1.360042,1.436849,2.073780,2.255733,2.758769,0.000000,1.360042,1.000000,0.000000,0.000000,12.900750,inf,31433216,31433216,861184,3323320,False
354,114,94.200000,0.082856,0.169880,1.397499,1.352593,2.258200,2.503609,3.737369,0.000000,1.397499,1.000000,0.000000,0.000000,16.002739,inf,49087488,49087488,861184,5021640,False
355,92,94.200000,0.082336,0.148223,1.325976,1.281707,2.086192,2.263477,3.386806,0.000000,1.325976,1.000000,0.000000,0.000000,13.962563,inf,39614464,39614464,861184,3967600,False
356,102,94.200000,0.091312,0.166677,1.386992,1.436614,2.229633,2.320278,2.823728,0.000000,1.386992,1.000000,0.000000,0.000000,15.700949,inf,43920384,43920384,861184,4409340,False
357,107,94.200000,0.082006,0.179220,1.409692,1.317246,1.930622,2.630283,4.865740,0.000000,1.409692,1.000000,0.000000,0.000000,16.882563,inf,46073344,46073344,861184,4373980,False
358,109,94.200000,0.079243,0.153796,1.280272,1.262202,1.970379,2.156059,2.924528,0.000000,1.280272,1.000000,0.000000,0.000000,14.487584,inf,46934528,46934528,861184,4369560,False
359,86,94.200000,0.080405,0.146908,1.331486,1.360689,2.034104,2.425692,4.879964,0.000000,1.331486,1.000000,0.000000,0.000000,13.838762,inf,37030912,37030912,861184,3083600,False
360,106,94.200000,0.090315,0.178149,1.429702,1.354751,2.039491,2.634918,5.099684,0.000000,1.429702,1.000000,0.000000,0.000000,16.781602,inf,45642752,45642752,861184,4932980,False
361,97,94.200000,0.083239,0.150717,1.270279,1.218836,1.997700,2.285714,3.742188,0.000000,1.270279,1.000000,0.000000,0.000000,14.197532,inf,41767424,41767424,861184,4331600,False
362,95,94.200000,0.086574,0.156946,1.382654,1.311921,2.181553,2.516851,3.055458,0.000000,1.382654,1.000000,0.000000,0.000000,14.784346,inf,40906240,40906240,861184,4420780,False
363,83,94.200000,0.081140,0.126671,1.189958,1.224190,1.903931,2.088426,3.494210,0.000000,1.189958,1.000000,0.000000,0.000000,11.932451,inf,35739136,35739136,861184,3876600,False
364,86,94.200000,0.085692,0.154638,1.458684,1.502405,2.150023,2.418849,2.905537,0.000000,1.458684,1.000000,0.000000,0.000000,14.566937,inf,37030912,37030912,861184,3581240,False
365,94,94.200000,0.087548,0.166904,1.455406,1.470230,2.206339,2.402627,4.149610,0.000000,1.455406,1.000000,0.000000,0.000000,15.722389,inf,40475648,40475648,861184,3750760,False
366,89,94.200000,0.082666,0.153361,1.335185,1.371509,2.039194,2.306754,5.032447,0.000000,1.335185,1.000000,0.000000,0.000000,14.446613,inf,38322688,38322688,861184,3828760,False
367,108,94.200000,0.076332,0.162175,1.289317,1.257068,2.190283,2.671343,3.327224,0.000000,1.289317,1.000000,0.000000,0.000000,15.276928,inf,46503936,46503936,861184,4396600,False
368,97,94.200000,0.081453,0.168902,1.376105,1.332752,2.085407,2.380698,7.573139,0.000000,1.376105,1.000000,0.000000,0.000000,15.910549,inf,41767424,41767424,861184,3895840,False
369,105,94.200000,0.072985,0.164213,1.385720,1.365032,2.254048,2.686156,3.551408,0.000000,1.385720,1.000000,0.000000,0.000000,15.468840,inf,45212160,45212160,861184,3659760,False
370,91,94.200000,0.081347,0.151254,1.341301,1.339967,2.060237,2.477283,2.989780,0.000000,1.341301,1.000000,0.000000,0.000000,14.248170,inf,39183872,39183872,861184,3514160,False
371,93,94.200000,0.081490,0.139502,1.241144,1.272865,1.995782,2.399199,3.127816,0.000000,1.241144,1.000000,0.000000,0.000000,13.141125,inf,40045056,40045056,861184,4272840,False
372,95,94.200000,0.083029,0.159877,1.312274,1.316297,2.230323,2.601253,3.518429,0.000000,1.312274,1.000000,0.000000,0.000000,15.060417,inf,40906240,40906240,861184,4074460,False
373,75,94.200000,0.085644,0.126084,1.245584,1.295037,1.985076,2.141855,2.465660,0.000000,1.245584,1.000000,0.000000,0.000000,11.877104,inf,32294400,32294400,861184,3714620,False
374,91,94.200000,0.070905,0.154427,1.330387,1.293482,2.082627,2.746402,4.416588,0.000000,1.330387,1.000000,0.000000,0.000000,14.547005,inf,39183872,39183872,861184,3012620,False
375,101,94.200000,0.079325,0.155806,1.285997,1.350221,2.156465,2.371364,3.378481,0.000000,1.285997,1.000000,0.000000,0.000000,14.676928,inf,43489792,43489792,861184,4024280,False
376,89,94.200000,0.090276,0.174712,1.486285,1.413034,2.192704,2.515229,5.443654,0.000000,1.486285,1.000000,0.000000,0.000000,16.457910,inf,38322688,38322688,861184,4078620,False
377,105,94.200000,0.090581,0.161524,1.346491,1.335149,2.035458,2.400874,2.785822,0.000000,1.346491,1.000000,0.000000,0.000000,15.215558,inf,45212160,45212160,861184,4996160,False
378,89,94.200000,0.084397,0.166610,1.466471,1.376752,2.346446,2.908312,4.541585,0.000000,1.466471,1.000000,0.000000,0.000000,15.694638,inf,38322688,38322688,861184,3664180,False
379,96,94.200000,0.085146,0.161253,1.393760,1.393422,2.159781,2.432355,2.932803,0.000000,1.393760,1.000000,0.000000,0.000000,15.190014,inf,41336832,41336832,861184,4302480,False
380,98,94.200000,0.083071,0.143363,1.242450,1.212512,1.915520,2.175867,3.351401,0.000000,1.242450,1.000000,0.000000,0.000000,13.504807,inf,42198016,42198016,861184,4666220,False
381,113,94.200000,0.091562,0.161309,1.326440,1.321605,1.873678,2.155263,2.725212,0.000000,1.326440,1.000000,0.000000,0.000000,15.195263,inf,48656896,48656896,861184,5219500,False
382,103,94.200000,0.084730,0.172142,1.421087,1.452774,2.246143,2.568925,3.798101,0.000000,1.421087,1.000000,0.000000,0.000000,16.215807,inf,44350976,44350976,861184,4005300,False
383,91,94.200000,0.080605,0.135784,1.235230,1.261879,1.786726,2.228075,2.487947,0.000000,1.235230,1.000000,0.000000,0.000000,12.790818,inf,39183872,39183872,861184,4284800,False
384,101,94.200000,0.080387,0.182432,1.445383,1.284202,2.283271,2.711036,7.151821,0.000000,1.445383,1.000000,0.000000,0.000000,17.185093,inf,43489792,43489792,861184,4206540,False
385,89,94.200000,0.082753,0.141096,1.289241,1.328858,1.937947,2.217011,2.992465,0.000000,1.289241,1.000000,0.000000,0.000000,13.291225,inf,38322688,38322688,861184,3955120,False
386,87,94.200000,0.080271,0.152525,1.425527,1.441028,2.157469,2.394263,3.763029,0.000000,1.425527,1.000000,0.000000,0.000000,14.367818,inf,37461504,37461504,861184,3247920,False
387,93,94.200000,0.080899,0.147500,1.272579,1.283625,1.826507,2.146954,3.288765,0.000000,1.272579,1.000000,0.000000,0.000000,13.894497,inf,40045056,40045056,861184,4391140,False
388,92,94.200000,0.073807,0.144884,1.301318,1.288075,1.975041,2.325637,3.204724,0.000000,1.301318,1.000000,0.000000,0.000000,13.648088,inf,39614464,39614464,861184,3591640,False
389,79,94.200000,0.088325,0.153812,1.490294,1.448172,2.116755,2.763009,3.590685,0.000000,1.490294,1.000000,0.000000,0.000000,14.489136,inf,34016768,34016768,861184,3520920,False
390,96,94.200000,0.081105,0.150082,1.310751,1.280432,2.047736,2.424201,4.630764,0.000000,1.310751,1.000000,0.000000,0.000000,14.137716,inf,41336832,41336832,861184,4630600,False
391,89,94.200000,0.085497,0.135058,1.226678,1.279809,1.855280,2.122752,2.278472,0.000000,1.226678,1.000000,0.000000,0.000000,12.722486,inf,38322688,38322688,861184,4396080,False
392,113,94.200000,0.080602,0.168710,1.331457,1.337646,2.072848,2.263898,3.054149,0.000000,1.331457,1.000000,0.000000,0.000000,15.892453,inf,48656896,48656896,861184,5177640,False
393,86,94.200000,0.070797,0.152007,1.322860,1.333812,2.091556,2.397913,3.894303,0.000000,1.322860,1.000000,0.000000,0.000000,14.319099,inf,37030912,37030912,861184,3069560,False
394,89,94.200000,0.073728,0.152502,1.346628,1.362017,1.956219,2.138878,3.630502,0.000000,1.346628,1.000000,0.000000,0.000000,14.365703,inf,38322688,38322688,861184,3406260,False
395,104,94.200000,0.079392,0.158776,1.347023,1.390952,2.001056,2.286428,3.519953,0.000000,1.347023,1.000000,0.000000,0.000000,14.956691,inf,44781568,44781568,861184,4422080,False
396,85,94.200000,0.081430,0.145248,1.346043,1.317980,2.144680,2.471934,3.291387,0.000000,1.346043,1.000000,0.000000,0.000000,13.682370,inf,36600320,36600320,861184,3678480,False
397,105,94.200000,0.072645,0.167729,1.351773,1.284957,2.050567,2.589858,3.381301,0.000000,1.351773,1.000000,0.000000,0.000000,15.800103,inf,45212160,45212160,861184,3834220,False
398,102,94.200000,0.076552,0.159667,1.316739,1.396454,2.155944,2.321156,2.976746,0.000000,1.316739,1.000000,0.000000,0.000000,15.040656,inf,43920384,43920384,861184,4031820,False
399,79,94.200000,0.093061,0.172203,1.443977,1.447323,2.039219,2.292485,9.298918,0.000000,1.443977,1.000000,0.000000,0.000000,16.221559,inf,34016768,34016768,861184,3917940,False
400,80,94.200000,0.078328,0.135730,1.340532,1.358712,2.117000,2.254475,3.160603,0.000000,1.340532,1.000000,0.000000,0.000000,12.785766,inf,34447360,34447360,861184,3213080,False
401,92,94.200000,0.085099,0.150756,1.326633,1.319618,1.997178,2.390693,3.553555,0.000000,1.326633,1.000000,0.000000,0.000000,14.201224,inf,39614464,39614464,861184,4417140,False
402,83,94.200000,0.077578,0.129012,1.212675,1.281727,1.893685,1.969128,2.229230,0.000000,1.212675,1.000000,0.000000,0.000000,12.152914,inf,35739136,35739136,861184,3584880,False
403,97,94.200000,0.083402,0.146759,1.298321,1.318589,1.931738,2.125274,2.529701,0.000000,1.298321,1.000000,0.000000,0.000000,13.824715,inf,41767424,41767424,861184,4517240,False
404,97,94.200000,0.075589,0.139716,1.217708,1.240822,1.938045,2.281511,3.032251,0.000000,1.217708,1.000000,0.000000,0.000000,13.161210,inf,41767424,41767424,861184,4456400,False
405,99,94.200000,0.077322,0.150793,1.309141,1.349861,2.010972,2.208062,3.044306,0.000000,1.309141,1.000000,0.000000,0.000000,14.204654,inf,42628608,42628608,861184,4420000,False
406,91,94.200000,0.077148,0.151578,1.335087,1.335717,2.091982,2.245936,4.001078,0.000000,1.335087,1.000000,0.000000,0.000000,14.278658,inf,39183872,39183872,861184,3852160,False
407,96,94.200000,0.083177,0.157481,1.373428,1.424409,2.131619,2.432729,3.622660,0.000000,1.373428,1.000000,0.000000,0.000000,14.834742,inf,41336832,41336832,861184,4150120,False
408,88,94.200000,0.074676,0.157400,1.408560,1.360979,2.146348,2.802642,4.511814,0.000000,1.408560,1.000000,0.000000,0.000000,14.827109,inf,37892096,37892096,861184,3225300,False
409,75,94.200000,0.081565,0.137015,1.351620,1.269184,1.836410,2.223431,4.318064,0.000000,1.351620,1.000000,0.000000,0.000000,12.906784,inf,32294400,32294400,861184,3612700,False
410,103,94.200000,0.080850,0.157471,1.319163,1.379763,2.057692,2.226801,3.112754,0.000000,1.319163,1.000000,0.000000,0.000000,14.833761,inf,44350976,44350976,861184,4508660,False
411,93,94.200000,0.073823,0.151948,1.299337,1.253153,2.248105,2.459107,3.705944,0.000000,1.299337,1.000000,0.000000,0.000000,14.313515,inf,40045056,40045056,861184,3754920,False
412,85,94.200000,0.074468,0.149765,1.356035,1.396230,2.003517,2.265046,4.533273,0.000000,1.356035,1.000000,0.000000,0.000000,14.107822,inf,36600320,36600320,861184,3206840,False
413,101,94.200000,0.078173,0.153685,1.287267,1.291092,2.050108,2.469809,2.734826,0.000000,1.287267,1.000000,0.000000,0.000000,14.477151,inf,43489792,43489792,861184,4757220,False
414,93,94.200000,0.088618,0.159158,1.412869,1.329053,2.050141,2.503131,3.830269,0.000000,1.412869,1.000000,0.000000,0.000000,14.992674,inf,40045056,40045056,861184,4491500,False
415,104,94.200000,0.071866,0.154328,1.292303,1.356977,1.928352,2.151369,3.234203,0.000000,1.292303,1.000000,0.000000,0.000000,14.537728,inf,44781568,44781568,861184,3815240,False
416,79,94.200000,0.084748,0.134756,1.338952,1.394289,1.847511,1.967354,2.710012,0.000000,1.338952,1.000000,0.000000,0.000000,12.694025,inf,34016768,34016768,861184,3740880,False
417,115,94.200000,0.077132,0.159753,1.277604,1.283707,1.952409,2.152790,2.893824,0.000000,1.277604,1.000000,0.000000,0.000000,15.048769,inf,49518080,49518080,861184,5236660,False
418,101,94.200000,0.076798,0.148940,1.261303,1.288654,2.037718,2.188919,3.118524,0.000000,1.261303,1.000000,0.000000,0.000000,14.030164,inf,43489792,43489792,861184,4694040,False
419,93,94.200000,0.082955,0.158131,1.405028,1.477232,2.049123,2.397250,2.995101,0.000000,1.405028,1.000000,0.000000,0.000000,14.895912,inf,40045056,40045056,861184,4235140,False
420,95,94.200000,0.075372,0.157558,1.334659,1.271042,2.307797,2.647660,3.546968,0.000000,1.334659,1.000000,0.000000,0.000000,14.841941,inf,40906240,40906240,861184,4113980,False
421,110,94.200000,0.083485,0.165448,1.362738,1.331062,2.043727,2.403543,3.056415,0.000000,1.362738,1.000000,0.000000,0.000000,15.585210,inf,47365120,47365120,861184,5205980,False
422,92,94.200000,0.071253,0.144897,1.245420,1.211591,1.916911,2.124479,4.352101,0.000000,1.245420,1.000000,0.000000,0.000000,13.649319,inf,39614464,39614464,861184,3891160,False
423,95,94.200000,0.081293,0.160508,1.419601,1.408422,2.082318,2.553133,3.711217,0.000000,1.419601,1.000000,0.000000,0.000000,15.119852,inf,40906240,40906240,861184,4261920,False
424,99,94.200000,0.082847,0.155932,1.330017,1.313162,1.951630,2.359041,4.477950,0.000000,1.330017,1.000000,0.000000,0.000000,14.688769,inf,42628608,42628608,861184,4609020,False
425,102,94.200000,0.074447,0.158407,1.335787,1.341114,2.081651,2.282977,3.442666,0.000000,1.335787,1.000000,0.000000,0.000000,14.921899,inf,43920384,43920384,861184,4050020,False
426,86,94.200000,0.076289,0.131431,1.194924,1.231964,1.720897,1.881582,4.099717,0.000000,1.194924,1.000000,0.000000,0.000000,12.380761,inf,37030912,37030912,861184,3971500,False
427,99,94.200000,0.080309,0.164059,1.390278,1.386394,2.153705,2.503584,3.882808,0.000000,1.390278,1.000000,0.000000,0.000000,15.454324,inf,42628608,42628608,861184,4169880,False
428,78,94.200000,0.080342,0.140350,1.286939,1.329329,2.163316,2.517040,3.214046,0.000000,1.286939,1.000000,0.000000,0.000000,13.220939,inf,33586176,33586176,861184,3491800,False
429,105,94.200000,0.079243,0.162661,1.344061,1.279667,2.000302,2.424640,3.462011,0.000000,1.344061,1.000000,0.000000,0.000000,15.322623,inf,45212160,45212160,861184,5109780,False
430,85,94.200000,0.070457,0.140139,1.245574,1.332039,2.007610,2.174920,2.835993,0.000000,1.245574,1.000000,0.000000,0.000000,13.201081,inf,36600320,36600320,861184,3266640,False
431,82,94.200000,0.083942,0.149446,1.398419,1.396518,2.214392,2.437433,3.610138,0.000000,1.398419,1.000000,0.000000,0.000000,14.077854,inf,35308544,35308544,861184,3734640,False
432,89,94.200000,0.077785,0.145426,1.331251,1.372127,1.968467,2.379348,3.285728,0.000000,1.331251,1.000000,0.000000,0.000000,13.699130,inf,38322688,38322688,861184,3854500,False
433,99,94.200000,0.068111,0.142322,1.222666,1.246236,1.832121,2.119875,3.085893,0.000000,1.222666,1.000000,0.000000,0.000000,13.406714,inf,42628608,42628608,861184,4010760,False
434,88,94.200000,0.071835,0.147982,1.277487,1.257721,2.085330,2.343626,2.836791,0.000000,1.277487,1.000000,0.000000,0.000000,13.939928,inf,37892096,37892096,861184,3483480,False
435,90,94.200000,0.077279,0.147244,1.297042,1.334950,2.022967,2.307149,2.847787,0.000000,1.297042,1.000000,0.000000,0.000000,13.870357,inf,38753280,38753280,861184,3945500,False
436,96,94.200000,0.069425,0.155752,1.338831,1.309501,1.878400,2.258124,4.982516,0.000000,1.338831,1.000000,0.000000,0.000000,14.671791,inf,41336832,41336832,861184,4108520,False
437,96,94.200000,0.072994,0.140366,1.206513,1.268327,1.884352,2.000979,3.791365,0.000000,1.206513,1.000000,0.000000,0.000000,13.222438,inf,41336832,41336832,861184,4482660,False
438,110,94.200000,0.069554,0.161902,1.293372,1.309725,2.033619,2.237310,4.111740,0.000000,1.293372,1.000000,0.000000,0.000000,15.251143,inf,47365120,47365120,861184,4543760,False
439,99,94.200000,0.059471,0.142962,1.182102,1.165731,1.786352,2.196999,4.754556,0.000000,1.182102,1.000000,0.000000,0.000000,13.466995,inf,42628608,42628608,861184,3794960,False
440,107,94.200000,0.070222,0.159416,1.289078,1.371876,1.958617,2.143902,4.257628,0.000000,1.289078,1.000000,0.000000,0.000000,15.016941,inf,46073344,46073344,861184,4209140,False
441,82,94.200000,0.064669,0.134642,1.263935,1.286135,1.982230,2.133324,2.916576,0.000000,1.263935,1.000000,0.000000,0.000000,12.683295,inf,35308544,35308544,861184,3184220,False
442,90,94.200000,0.065664,0.137404,1.206135,1.253728,2.021221,2.295071,3.036216,0.000000,1.206135,1.000000,0.000000,0.000000,12.943489,inf,38753280,38753280,861184,3321500,False
443,99,94.200000,0.071706,0.152264,1.291538,1.306596,1.965665,2.284301,4.014727,0.000000,1.291538,1.000000,0.000000,0.000000,14.343222,inf,42628608,42628608,861184,4035200,False
444,87,94.200000,0.078206,0.155789,1.381293,1.315525,2.025964,2.639866,3.619957,0.000000,1.381293,1.000000,0.000000,0.000000,14.675310,inf,37461504,37461504,861184,3931980,False
445,113,94.200000,0.074705,0.165868,1.333526,1.309598,1.994106,2.216910,4.326076,0.000000,1.333526,1.000000,0.000000,0.000000,15.624799,inf,48656896,48656896,861184,4852120,False
446,99,94.200000,0.058580,0.148525,1.214277,1.249894,1.960561,2.170237,4.593285,0.000000,1.214277,1.000000,0.000000,0.000000,13.991099,inf,42628608,42628608,861184,3462420,False
447,86,94.200000,0.069752,0.147899,1.309922,1.349968,1.923991,2.278749,3.440356,0.000000,1.309922,1.000000,0.000000,0.000000,13.932039,inf,37030912,37030912,861184,3495960,False
448,95,94.200000,0.067993,0.143778,1.239777,1.236858,2.129685,2.434537,2.668939,0.000000,1.239777,1.000000,0.000000,0.000000,13.543889,inf,40906240,40906240,861184,3643900,False
449,106,94.200000,0.066100,0.145746,1.184352,1.278187,1.863233,2.141605,3.011948,0.000000,1.184352,1.000000,0.000000,0.000000,13.729247,inf,45642752,45642752,861184,4235920,False
450,96,94.200000,0.069495,0.147460,1.246495,1.221809,2.123969,2.346809,2.944266,0.000000,1.246495,1.000000,0.000000,0.000000,13.890691,inf,41336832,41336832,861184,3969680,False
451,103,94.200000,0.069830,0.156530,1.285822,1.281341,1.924095,2.225842,3.652955,0.000000,1.285822,1.000000,0.000000,0.000000,14.745105,inf,44350976,44350976,861184,4501120,False
452,97,94.200000,0.074382,0.160895,1.408275,1.369100,2.278049,2.415478,3.611577,0.000000,1.408275,1.000000,0.000000,0.000000,15.156289,inf,41767424,41767424,861184,4058860,False
453,94,94.200000,0.070491,0.140548,1.258133,1.353082,1.941808,2.137005,2.669088,0.000000,1.258133,1.000000,0.000000,0.000000,13.239651,inf,40475648,40475648,861184,3819400,False
454,102,94.200000,0.063660,0.150960,1.260414,1.294810,1.984527,2.302231,2.821300,0.000000,1.260414,1.000000,0.000000,0.000000,14.220466,inf,43920384,43920384,861184,3945760,False
455,109,94.200000,0.064926,0.157974,1.272751,1.272501,2.036377,2.450796,2.773482,0.000000,1.272751,1.000000,0.000000,0.000000,14.881195,inf,46934528,46934528,861184,4000620,False
456,99,94.200000,0.063538,0.145282,1.200872,1.208148,1.933713,2.139208,3.940848,0.000000,1.200872,1.000000,0.000000,0.000000,13.685576,inf,42628608,42628608,861184,3814460,False
457,93,94.200000,0.067687,0.150189,1.233109,1.220733,1.924779,2.676941,4.469439,0.000000,1.233109,1.000000,0.000000,0.000000,14.147813,inf,40045056,40045056,861184,3895060,False
458,104,94.200000,0.070348,0.160449,1.345243,1.333947,1.985597,2.258406,5.043984,0.000000,1.345243,1.000000,0.000000,0.000000,15.114303,inf,44781568,44781568,861184,4172740,False
459,90,94.200000,0.071750,0.146756,1.289688,1.307769,2.157439,2.362086,3.082106,0.000000,1.289688,1.000000,0.000000,0.000000,13.824424,inf,38753280,38753280,861184,3995680,False
460,98,94.200000,0.078435,0.163241,1.418775,1.440032,2.272014,2.409069,3.503875,0.000000,1.418775,1.000000,0.000000,0.000000,15.377285,inf,42198016,42198016,861184,4346420,False
461,88,94.200000,0.063783,0.134840,1.207018,1.214421,1.888125,2.347722,3.523232,0.000000,1.207018,1.000000,0.000000,0.000000,12.701915,inf,37892096,37892096,861184,3648840,False
462,96,94.200000,0.060357,0.145570,1.189853,1.166154,1.932223,2.158561,4.661740,0.000000,1.189853,1.000000,0.000000,0.000000,13.712664,inf,41336832,41336832,861184,3590860,False
463,100,94.200000,0.075774,0.156055,1.317751,1.336945,2.118861,2.533736,3.377337,0.000000,1.317751,1.000000,0.000000,0.000000,14.700344,inf,43059200,43059200,861184,4669340,False
464,94,94.200000,0.070540,0.158112,1.395435,1.407455,2.288694,2.499436,3.767813,0.000000,1.395435,1.000000,0.000000,0.000000,14.894126,inf,40475648,40475648,861184,3481400,False
465,91,94.200000,0.073997,0.146358,1.303629,1.377846,2.172935,2.318033,3.028259,0.000000,1.303629,1.000000,0.000000,0.000000,13.786896,inf,39183872,39183872,861184,3969160,False
466,87,94.200000,0.068003,0.121889,1.115319,1.209227,1.762124,2.063866,2.341856,0.000000,1.115319,1.000000,0.000000,0.000000,11.481900,inf,37461504,37461504,861184,3916640,False
467,89,94.200000,0.069407,0.142410,1.262676,1.300701,2.098109,2.266923,2.464334,0.000000,1.262676,1.000000,0.000000,0.000000,13.415004,inf,38322688,38322688,861184,3596320,False
468,86,94.200000,0.068044,0.149507,1.368657,1.370043,2.044057,2.446649,3.637464,0.000000,1.368657,1.000000,0.000000,0.000000,14.083512,inf,37030912,37030912,861184,3494140,False
469,96,94.200000,0.062518,0.152161,1.270994,1.319767,1.950549,2.350663,4.401755,0.000000,1.270994,1.000000,0.000000,0.000000,14.333553,inf,41336832,41336832,861184,3547960,False
470,111,94.200000,0.061413,0.152033,1.229453,1.278825,1.938670,2.150020,2.765810,0.000000,1.229453,1.000000,0.000000,0.000000,14.321530,inf,47795712,47795712,861184,4213300,False
471,77,94.200000,0.075428,0.131583,1.328987,1.275208,1.996108,2.127309,2.647703,0.000000,1.328987,1.000000,0.000000,0.000000,12.395092,inf,33155584,33155584,861184,3538860,False
472,85,94.200000,0.064191,0.145524,1.308917,1.231520,1.919192,2.183084,4.629466,0.000000,1.308917,1.000000,0.000000,0.000000,13.708395,inf,36600320,36600320,861184,3239340,False
473,84,94.200000,0.062939,0.131896,1.197972,1.261419,1.988756,2.153108,2.823082,0.000000,1.197972,1.000000,0.000000,0.000000,12.424573,inf,36169728,36169728,861184,3208400,False
474,94,94.200000,0.073733,0.148762,1.336166,1.390275,2.123159,2.237718,3.060522,0.000000,1.336166,1.000000,0.000000,0.000000,14.013336,inf,40475648,40475648,861184,4176640,False
475,111,94.200000,0.068513,0.148941,1.193296,1.315617,1.921036,2.073140,2.446320,0.000000,1.193296,1.000000,0.000000,0.000000,14.030272,inf,47795712,47795712,861184,4469920,False
476,119,94.200000,0.071993,0.174825,1.402109,1.349070,2.055518,2.273015,3.821242,0.000000,1.402109,1.000000,0.000000,0.000000,16.468510,inf,51240448,51240448,861184,5090800,False
477,78,94.200000,0.073012,0.135880,1.287535,1.288310,2.064336,2.333452,2.800558,0.000000,1.287535,1.000000,0.000000,0.000000,12.799942,inf,33586176,33586176,861184,3458780,False
478,94,94.200000,0.064461,0.155276,1.255900,1.248982,1.878126,2.459418,5.040169,0.000000,1.255900,1.000000,0.000000,0.000000,14.627043,inf,40475648,40475648,861184,3612180,False
479,85,94.200000,0.060949,0.140099,1.216662,1.293226,2.151319,2.582420,3.471289,0.000000,1.216662,1.000000,0.000000,0.000000,13.197301,inf,36600320,36600320,861184,3090100,False
480,100,94.200000,0.063987,0.141039,1.148322,1.166243,1.881362,2.137296,3.207523,0.000000,1.148322,1.000000,0.000000,0.000000,13.285859,inf,43059200,43059200,861184,4192760,False
481,96,94.200000,0.070126,0.146347,1.231882,1.253809,1.974724,2.275940,3.287067,0.000000,1.231882,1.000000,0.000000,0.000000,13.785900,inf,41336832,41336832,861184,4270500,False
482,87,94.200000,0.070876,0.135555,1.219868,1.286614,1.896959,2.188861,2.851336,0.000000,1.219868,1.000000,0.000000,0.000000,12.769262,inf,37461504,37461504,861184,3823560,False
483,98,94.200000,0.068986,0.144178,1.211539,1.290290,1.800818,2.046213,3.179427,0.000000,1.211539,1.000000,0.000000,0.000000,13.581566,inf,42198016,42198016,861184,4373720,False
484,90,94.200000,0.069167,0.151161,1.350943,1.370118,2.023192,2.401750,3.258714,0.000000,1.350943,1.000000,0.000000,0.000000,14.239321,inf,38753280,38753280,861184,3485300,False
485,119,94.200000,0.062913,0.159312,1.187073,1.239816,1.966895,2.154476,3.856044,0.000000,1.187073,1.000000,0.000000,0.000000,15.007220,inf,51240448,51240448,861184,4741880,False
486,91,94.200000,0.073325,0.142307,1.254387,1.294658,1.890877,2.213833,2.994982,0.000000,1.254387,1.000000,0.000000,0.000000,13.405282,inf,39183872,39183872,861184,4533880,False
487,100,94.200000,0.064666,0.155945,1.322776,1.287820,1.963290,2.365149,3.376528,0.000000,1.322776,1.000000,0.000000,0.000000,14.689978,inf,43059200,43059200,861184,4136600,False
488,98,94.200000,0.072478,0.159481,1.353813,1.392507,2.193727,2.609121,3.497137,0.000000,1.353813,1.000000,0.000000,0.000000,15.023085,inf,42198016,42198016,861184,4170400,False
489,101,94.200000,0.067271,0.147774,1.227526,1.260973,1.903064,2.185865,2.994509,0.000000,1.227526,1.000000,0.000000,0.000000,13.920300,inf,43489792,43489792,861184,4812080,False
490,93,94.200000,0.072902,0.149917,1.283119,1.285817,2.102748,2.554166,3.356545,0.000000,1.283119,1.000000,0.000000,0.000000,14.122156,inf,40045056,40045056,861184,4091620,False
491,114,94.200000,0.068888,0.171246,1.301156,1.326429,2.202993,2.514775,3.438420,0.000000,1.301156,1.000000,0.000000,0.000000,16.131394,inf,49087488,49087488,861184,4520360,False
492,93,94.200000,0.061465,0.131408,1.154741,1.254341,1.816313,1.999678,2.321031,0.000000,1.154741,1.000000,0.000000,0.000000,12.378627,inf,40045056,40045056,861184,3585660,False
493,103,94.200000,0.064714,0.157794,1.264524,1.244620,1.856468,2.563418,4.481243,0.000000,1.264524,1.000000,0.000000,0.000000,14.864177,inf,44350976,44350976,861184,4339400,False
494,90,94.200000,0.072766,0.141993,1.255786,1.236679,1.989308,2.414248,2.909745,0.000000,1.255786,1.000000,0.000000,0.000000,13.375699,inf,38753280,38753280,861184,4398420,False
495,81,94.200000,0.066645,0.137809,1.275927,1.211300,1.910571,2.755821,3.697433,0.000000,1.275927,1.000000,0.000000,0.000000,12.981581,inf,34877952,34877952,861184,3509220,False
496,108,94.200000,0.065068,0.167990,1.263445,1.260151,1.824673,2.509681,7.005559,0.000000,1.263445,1.000000,0.000000,0.000000,15.824676,inf,46503936,46503936,861184,4441320,False
497,95,94.200000,0.067841,0.145768,1.278770,1.291332,2.057859,2.146372,2.539867,0.000000,1.278770,1.000000,0.000000,0.000000,13.731316,inf,40906240,40906240,861184,3909880,False
498,85,94.200000,0.067368,0.144198,1.289382,1.280394,1.877485,2.034081,4.501098,0.000000,1.289382,1.000000,0.000000,0.000000,13.583468,inf,36600320,36600320,861184,3746340,False
499,98,94.200000,0.067219,0.149858,1.247249,1.291591,1.986660,2.253741,3.758884,0.000000,1.247249,1.000000,0.000000,0.000000,14.116602,inf,42198016,42198016,861184,3966820,False
500,93,94.200000,0.073901,0.140569,1.254157,1.268007,2.006676,2.350476,2.478495,0.000000,1.254157,1.000000,0.000000,0.000000,13.241631,inf,40045056,40045056,861184,4481880,False
501,73,94.200000,0.076209,0.136718,1.361375,1.414204,1.995878,2.177186,3.418754,0.000000,1.361375,1.000000,0.000000,0.000000,12.878790,inf,31433216,31433216,861184,3492580,False
502,112,94.200000,0.069589,0.154578,1.256349,1.348503,1.844017,2.178117,2.684869,0.000000,1.256349,1.000000,0.000000,0.000000,14.561201,inf,48226304,48226304,861184,5205200,False
503,99,94.200000,0.065267,0.154665,1.309473,1.284262,2.348832,2.693483,3.648645,0.000000,1.309473,1.000000,0.000000,0.000000,14.569470,inf,42628608,42628608,861184,4037800,False
504,91,94.200000,0.074822,0.145637,1.294117,1.333835,2.006572,2.257252,3.504264,0.000000,1.294117,1.000000,0.000000,0.000000,13.719046,inf,39183872,39183872,861184,4429880,False
505,80,94.200000,0.059940,0.121655,1.117970,1.313654,1.751171,2.046136,2.775990,0.000000,1.117970,1.000000,0.000000,0.000000,11.459896,inf,34447360,34447360,861184,2984280,False
506,91,94.200000,0.057229,0.134180,1.145671,1.214637,1.884574,2.134827,2.898119,0.000000,1.145671,1.000000,0.000000,0.000000,12.639736,inf,39183872,39183872,861184,3346460,False
507,95,94.200000,0.064784,0.137858,1.196018,1.249972,1.869590,2.163474,2.962224,0.000000,1.196018,1.000000,0.000000,0.000000,12.986209,inf,40906240,40906240,861184,3914040,False
508,95,94.200000,0.054114,0.142434,1.187227,1.194624,1.818224,2.191296,3.423708,0.000000,1.187227,1.000000,0.000000,0.000000,13.417249,inf,40906240,40906240,861184,3233360,False
509,82,94.200000,0.068624,0.139661,1.276686,1.250105,1.820188,2.215099,5.098831,0.000000,1.276686,1.000000,0.000000,0.000000,13.156075,inf,35308544,35308544,861184,3899480,False
510,94,94.200000,0.074740,0.156346,1.366795,1.311897,2.056607,2.412939,3.281523,0.000000,1.366795,1.000000,0.000000,0.000000,14.727760,inf,40475648,40475648,861184,4487080,False
511,115,94.200000,0.063002,0.155204,1.187417,1.253408,2.039336,2.177171,2.954916,0.000000,1.187417,1.000000,0.000000,0.000000,14.620214,inf,49518080,49518080,861184,4746300,False
512,84,94.200000,0.061348,0.138595,1.247562,1.244413,2.272114,2.491026,3.531611,0.000000,1.247562,1.000000,0.000000,0.000000,13.055610,inf,36169728,36169728,861184,3196440,False
513,83,94.200000,0.058169,0.127223,1.154530,1.208213,1.855674,2.079800,2.518095,0.000000,1.154530,1.000000,0.000000,0.000000,11.984375,inf,35739136,35739136,861184,3323320,False
514,90,94.200000,0.067385,0.149803,1.329535,1.301296,2.244804,2.412140,3.471477,0.000000,1.329535,1.000000,0.000000,0.000000,14.111473,inf,38753280,38753280,861184,3896880,False
515,89,94.200000,0.068986,0.155802,1.318013,1.316146,2.056913,2.238440,5.830035,0.000000,1.318013,1.000000,0.000000,0.000000,14.676545,inf,38322688,38322688,861184,3955900,False
516,101,94.200000,0.056596,0.145169,1.148855,1.180910,1.931271,2.628708,3.682195,0.000000,1.148855,1.000000,0.000000,0.000000,13.674894,inf,43489792,43489792,861184,3885700,False
517,104,94.200000,0.063797,0.136031,1.107715,1.223583,1.772544,1.994160,2.343185,0.000000,1.107715,1.000000,0.000000,0.000000,12.814107,inf,44781568,44781568,861184,4437160,False
518,97,94.200000,0.067839,0.150365,1.238234,1.322407,1.768272,2.071046,4.124146,0.000000,1.238234,1.000000,0.000000,0.000000,14.164350,inf,41767424,41767424,861184,4330560,False
519,92,94.200000,0.063897,0.140411,1.187441,1.232499,1.844342,2.160043,3.249583,0.000000,1.187441,1.000000,0.000000,0.000000,13.226748,inf,39614464,39614464,861184,4130880,False
520,77,94.200000,0.073868,0.134868,1.230137,1.238481,2.133568,2.293322,3.895539,0.000000,1.230137,1.000000,0.000000,0.000000,12.704572,inf,33155584,33155584,861184,3940040,False
521,80,94.200000,0.071198,0.136257,1.262126,1.418950,1.969606,2.207311,2.947163,0.000000,1.262126,1.000000,0.000000,0.000000,12.835441,inf,34447360,34447360,861184,3539900,False
522,82,94.200000,0.059524,0.125772,1.148466,1.257732,1.731365,1.895400,3.285467,0.000000,1.148466,1.000000,0.000000,0.000000,11.847762,inf,35308544,35308544,861184,3625960,False
523,88,94.200000,0.069282,0.132130,1.201584,1.268877,1.934543,1.984995,2.428574,0.000000,1.201584,1.000000,0.000000,0.000000,12.446646,inf,37892096,37892096,861184,4166240,False
524,85,94.200000,0.074673,0.135955,1.294358,1.325014,2.114614,2.188199,2.769078,0.000000,1.294358,1.000000,0.000000,0.000000,12.806998,inf,36600320,36600320,861184,4090840,False
525,92,94.200000,0.072008,0.148585,1.344105,1.324198,1.895334,2.786094,3.472818,0.000000,1.344105,1.000000,0.000000,0.000000,13.996673,inf,39614464,39614464,861184,4177940,False
526,98,94.200000,0.065315,0.133300,1.158005,1.195634,1.772946,1.931382,3.501316,0.000000,1.158005,1.000000,0.000000,0.000000,12.556813,inf,42198016,42198016,861184,4486560,False
527,86,94.200000,0.067513,0.142427,1.267669,1.291668,1.887955,2.091466,4.298362,0.000000,1.267669,1.000000,0.000000,0.000000,13.416601,inf,37030912,37030912,861184,3837340,False
528,104,94.200000,0.069768,0.146369,1.209996,1.291864,1.856281,2.137013,2.724201,0.000000,1.209996,1.000000,0.000000,0.000000,13.787951,inf,44781568,44781568,861184,4650620,False
529,92,94.200000,0.062987,0.141511,1.231149,1.269365,1.967645,2.294956,3.348779,0.000000,1.231149,1.000000,0.000000,0.000000,13.330325,inf,39614464,39614464,861184,3995160,False
530,101,94.200000,0.060411,0.146848,1.249608,1.267916,1.962021,2.129176,2.849722,0.000000,1.249608,1.000000,0.000000,0.000000,13.833087,inf,43489792,43489792,861184,3944460,False
531,83,94.200000,0.074049,0.139848,1.263694,1.316436,1.908702,2.250740,3.817085,0.000000,1.263694,1.000000,0.000000,0.000000,13.173703,inf,35739136,35739136,861184,4013360,False
532,93,94.200000,0.071541,0.131697,1.141188,1.160861,1.819731,2.148202,2.789934,0.000000,1.141188,1.000000,0.000000,0.000000,12.405847,inf,40045056,40045056,861184,4663880,False
533,111,94.200000,0.067587,0.158115,1.251911,1.262240,1.931742,2.247887,3.528165,0.000000,1.251911,1.000000,0.000000,0.000000,14.894461,inf,47795712,47795712,861184,4927780,False
534,95,94.200000,0.062898,0.147931,1.274068,1.272393,1.945491,2.434082,3.350379,0.000000,1.274068,1.000000,0.000000,0.000000,13.935126,inf,40906240,40906240,861184,4013620,False
535,100,94.200000,0.065764,0.151661,1.245130,1.247734,1.885269,2.363462,3.143471,0.000000,1.245130,1.000000,0.000000,0.000000,14.286467,inf,43059200,43059200,861184,3962140,False
536,99,94.200000,0.059584,0.141805,1.168452,1.180042,1.984624,2.119548,3.442026,0.000000,1.168452,1.000000,0.000000,0.000000,13.358042,inf,42628608,42628608,861184,3999840,False
537,90,94.200000,0.067502,0.147996,1.303810,1.329466,2.099510,2.293592,3.353900,0.000000,1.303810,1.000000,0.000000,0.000000,13.941231,inf,38753280,38753280,861184,3998280,False
538,98,94.200000,0.062684,0.143349,1.209195,1.205593,1.928596,2.206730,4.239381,0.000000,1.209195,1.000000,0.000000,0.000000,13.503467,inf,42198016,42198016,861184,4127500,False
539,105,94.200000,0.072645,0.155994,1.307155,1.261235,1.994607,2.272545,3.648276,0.000000,1.307155,1.000000,0.000000,0.000000,14.694602,inf,45212160,45212160,861184,5276440,False
540,101,94.200000,0.062029,0.142518,1.167036,1.149724,1.881076,2.336589,2.847284,0.000000,1.167036,1.000000,0.000000,0.000000,13.425214,inf,43489792,43489792,861184,4275440,False
541,80,94.200000,0.053640,0.129560,1.147759,1.223162,1.860424,2.182617,3.735906,0.000000,1.147759,1.000000,0.000000,0.000000,12.204514,inf,34447360,34447360,861184,2705560,False
542,91,94.200000,0.068685,0.135163,1.202909,1.274057,1.776166,2.008318,3.511706,0.000000,1.202909,1.000000,0.000000,0.000000,12.732311,inf,39183872,39183872,861184,4656340,False
543,80,94.200000,0.056724,0.127086,1.172703,1.218652,1.891986,2.119116,3.871387,0.000000,1.172703,1.000000,0.000000,0.000000,11.971463,inf,34447360,34447360,861184,3225040,False
544,94,94.200000,0.067256,0.144527,1.262261,1.269395,2.031741,2.380738,3.160990,0.000000,1.262261,1.000000,0.000000,0.000000,13.614455,inf,40475648,40475648,861184,4430660,False
545,99,94.200000,0.056895,0.141857,1.163710,1.252546,2.018451,2.091492,3.367241,0.000000,1.163710,1.000000,0.000000,0.000000,13.362970,inf,42628608,42628608,861184,3751280,False
546,97,94.200000,0.066481,0.157159,1.315356,1.287080,2.111972,2.689827,3.196535,0.000000,1.315356,1.000000,0.000000,0.000000,14.804368,inf,41767424,41767424,861184,4095000,False
547,79,94.200000,0.060511,0.140315,1.259288,1.273970,2.103100,2.277439,3.989550,0.000000,1.259288,1.000000,0.000000,0.000000,13.217703,inf,34016768,34016768,861184,3097380,False
548,77,94.200000,0.053703,0.118977,1.124270,1.162305,2.076654,2.286643,3.001544,0.000000,1.124270,1.000000,0.000000,0.000000,11.207639,inf,33155584,33155584,861184,2751060,False
549,88,94.200000,0.065345,0.159871,1.300296,1.278882,2.099899,2.554791,6.560153,0.000000,1.300296,1.000000,0.000000,0.000000,15.059806,inf,37892096,37892096,861184,3730740,False
550,83,94.200000,0.059956,0.128928,1.177258,1.215550,1.987689,2.198598,2.518626,0.000000,1.177258,1.000000,0.000000,0.000000,12.145022,inf,35739136,35739136,861184,3134300,False
551,95,94.200000,0.070153,0.156414,1.355939,1.336263,2.072066,2.606589,5.155059,0.000000,1.355939,1.000000,0.000000,0.000000,14.734222,inf,40906240,40906240,861184,4275960,False
552,113,94.200000,0.063527,0.148806,1.136451,1.207251,1.888234,2.161557,4.117544,0.000000,1.136451,1.000000,0.000000,0.000000,14.017569,inf,48656896,48656896,861184,5037500,False
553,97,94.200000,0.064218,0.138717,1.226831,1.289170,1.800341,2.047194,2.917498,0.000000,1.226831,1.000000,0.000000,0.000000,13.067147,inf,41767424,41767424,861184,4291300,False
554,93,94.200000,0.056164,0.135356,1.156829,1.203392,1.813227,2.178687,2.647896,0.000000,1.156829,1.000000,0.000000,0.000000,12.750571,inf,40045056,40045056,861184,3560960,False
555,110,94.200000,0.051853,0.139408,1.114315,1.193304,1.797469,1.983261,3.079741,0.000000,1.114315,1.000000,0.000000,0.000000,13.132260,inf,47365120,47365120,861184,4319120,False
556,87,94.200000,0.067279,0.142733,1.270462,1.301560,2.011319,2.354612,2.803942,0.000000,1.270462,1.000000,0.000000,0.000000,13.445441,inf,37461504,37461504,861184,4011540,False
557,102,94.200000,0.061329,0.151628,1.214655,1.305177,1.992955,2.171433,2.895286,0.000000,1.214655,1.000000,0.000000,0.000000,14.283394,inf,43920384,43920384,861184,4184700,False
558,76,94.200000,0.058239,0.126406,1.230015,1.226287,1.905917,2.182905,2.492698,0.000000,1.230015,1.000000,0.000000,0.000000,11.907425,inf,32724992,32724992,861184,2993120,False
559,91,94.200000,0.065919,0.131045,1.163380,1.230903,1.836161,2.139113,2.678265,0.000000,1.163380,1.000000,0.000000,0.000000,12.344465,inf,39183872,39183872,861184,4454580,False
560,104,94.200000,0.059455,0.155853,1.278235,1.290946,1.991070,2.291064,4.235623,0.000000,1.278235,1.000000,0.000000,0.000000,14.681389,inf,44781568,44781568,861184,4237220,False
561,92,94.200000,0.054745,0.119869,1.035903,1.080059,1.716267,1.881148,2.574697,0.000000,1.035903,1.000000,0.000000,0.000000,11.291643,inf,39614464,39614464,861184,3986840,False
562,94,94.200000,0.071493,0.155103,1.348091,1.322665,2.150940,2.405399,3.802549,0.000000,1.348091,1.000000,0.000000,0.000000,14.610717,inf,40475648,40475648,861184,4600440,False
563,99,94.200000,0.060835,0.133121,1.106515,1.203819,1.789650,1.958781,2.630347,0.000000,1.106515,1.000000,0.000000,0.000000,12.540016,inf,42628608,42628608,861184,4154280,False
564,94,94.200000,0.061961,0.140143,1.214980,1.184539,1.847480,2.249544,4.035693,0.000000,1.214980,1.000000,0.000000,0.000000,13.201439,inf,40475648,40475648,861184,4308200,False
565,96,94.200000,0.054759,0.134464,1.164046,1.239202,1.874640,2.209068,2.834241,0.000000,1.164046,1.000000,0.000000,0.000000,12.666512,inf,41336832,41336832,861184,3593720,False
566,97,94.200000,0.056550,0.155002,1.233833,1.250703,2.012042,2.599743,4.478109,0.000000,1.233833,1.000000,0.000000,0.000000,14.601205,inf,41767424,41767424,861184,3620240,False
567,87,94.200000,0.055174,0.121102,1.107237,1.124027,1.747994,2.001920,2.381339,0.000000,1.107237,1.000000,0.000000,0.000000,11.407848,inf,37461504,37461504,861184,3807700,False
568,93,94.200000,0.065954,0.132434,1.183901,1.163673,1.818907,1.948516,3.038106,0.000000,1.183901,1.000000,0.000000,0.000000,12.475275,inf,40045056,40045056,861184,4633460,False
569,77,94.200000,0.063936,0.132170,1.262107,1.326366,2.127836,2.201253,2.798343,0.000000,1.262107,1.000000,0.000000,0.000000,12.450390,inf,33155584,33155584,861184,3207880,False
570,80,94.200000,0.067426,0.123225,1.142258,1.236513,1.771202,2.030539,2.491705,0.000000,1.142258,1.000000,0.000000,0.000000,11.607831,inf,34447360,34447360,861184,3887000,False
571,105,94.200000,0.053692,0.165819,1.251760,1.206076,1.907427,2.220825,5.585953,0.000000,1.251760,1.000000,0.000000,0.000000,15.620178,inf,45212160,45212160,861184,3758300,False
572,104,94.200000,0.054447,0.152363,1.225323,1.222688,1.897386,2.182566,4.047544,0.000000,1.225323,1.000000,0.000000,0.000000,14.352548,inf,44781568,44781568,861184,4145180,False
573,94,94.200000,0.062566,0.138374,1.212515,1.278696,1.860462,2.154214,3.334906,0.000000,1.212515,1.000000,0.000000,0.000000,13.034814,inf,40475648,40475648,861184,4024020,False
574,90,94.200000,0.056079,0.141318,1.225082,1.285901,2.047935,2.419875,3.177741,0.000000,1.225082,1.000000,0.000000,0.000000,13.312188,inf,38753280,38753280,861184,3635580,False
575,95,94.200000,0.061397,0.142939,1.223909,1.255336,1.841810,2.025749,3.213820,0.000000,1.223909,1.000000,0.000000,0.000000,13.464866,inf,40906240,40906240,861184,4191720,False
576,98,94.200000,0.055481,0.146891,1.158684,1.191237,1.763647,2.184383,6.152481,0.000000,1.158684,1.000000,0.000000,0.000000,13.837155,inf,42198016,42198016,861184,4292600,False
577,91,94.200000,0.063031,0.135988,1.228208,1.239018,1.793177,2.203969,2.908305,0.000000,1.228208,1.000000,0.000000,0.000000,12.810068,inf,39183872,39183872,861184,4193540,False
578,98,94.200000,0.056678,0.141162,1.188881,1.201896,1.755543,2.017781,2.989536,0.000000,1.188881,1.000000,0.000000,0.000000,13.297443,inf,42198016,42198016,861184,4301180,False
579,73,94.200000,0.068108,0.126931,1.218747,1.311403,1.798880,2.047645,3.128370,0.000000,1.218747,1.000000,0.000000,0.000000,11.956944,inf,31433216,31433216,861184,3477500,False
580,87,94.200000,0.060706,0.128700,1.127245,1.221838,1.765439,1.999298,3.855280,0.000000,1.127245,1.000000,0.000000,0.000000,12.123567,inf,37461504,37461504,861184,3876080,False
581,101,94.200000,0.059684,0.168977,1.338056,1.317600,2.385796,2.579232,5.227764,0.000000,1.338056,1.000000,0.000000,0.000000,15.917631,inf,43489792,43489792,861184,4294420,False
582,90,94.200000,0.058150,0.123147,1.097811,1.189452,1.855353,1.976970,2.718347,0.000000,1.097811,1.000000,0.000000,0.000000,11.600467,inf,38753280,38753280,861184,3969420,False
583,85,94.200000,0.064063,0.142872,1.344317,1.318323,1.809332,2.213737,3.987780,0.000000,1.344317,1.000000,0.000000,0.000000,13.458580,inf,36600320,36600320,861184,3728140,False
584,109,94.200000,0.055356,0.150359,1.185323,1.268054,1.983586,2.345521,3.702828,0.000000,1.185323,1.000000,0.000000,0.000000,14.163800,inf,46934528,46934528,861184,4111900,False
585,99,94.200000,0.057611,0.147967,1.208416,1.255881,2.079016,2.417224,3.111223,0.000000,1.208416,1.000000,0.000000,0.000000,13.938464,inf,42628608,42628608,861184,3785860,False
586,73,94.200000,0.060361,0.129042,1.253637,1.303694,2.037398,2.237490,2.624793,0.000000,1.253637,1.000000,0.000000,0.000000,12.155719,inf,31433216,31433216,861184,3125720,False
587,112,94.200000,0.061459,0.155989,1.229927,1.232558,1.918706,2.420777,2.966041,0.000000,1.229927,1.000000,0.000000,0.000000,14.694149,inf,48226304,48226304,861184,5076240,False
588,97,94.200000,0.057041,0.135910,1.145746,1.221992,1.857425,2.093635,2.941964,0.000000,1.145746,1.000000,0.000000,0.000000,12.802689,inf,41767424,41767424,861184,4095260,False
589,106,94.200000,0.059292,0.141869,1.115415,1.204413,1.808502,1.983123,3.889794,0.000000,1.115415,1.000000,0.000000,0.000000,13.364031,inf,45642752,45642752,861184,4549220,False
590,96,94.200000,0.059669,0.143557,1.224182,1.248380,2.084829,2.196337,2.877097,0.000000,1.224182,1.000000,0.000000,0.000000,13.523054,inf,41336832,41336832,861184,4002960,False
591,82,94.200000,0.063790,0.127828,1.187939,1.215016,1.819556,2.009823,2.545914,0.000000,1.187939,1.000000,0.000000,0.000000,12.041409,inf,35308544,35308544,861184,3870100,False
592,107,94.200000,0.058102,0.144300,1.101020,1.156925,1.811727,1.956276,3.528293,0.000000,1.101020,1.000000,0.000000,0.000000,13.593016,inf,46073344,46073344,861184,4484220,False
593,73,94.200000,0.064308,0.119581,1.198206,1.263312,1.912612,2.209289,2.584047,0.000000,1.198206,1.000000,0.000000,0.000000,11.264494,inf,31433216,31433216,861184,3290820,False
594,123,94.200000,0.059610,0.160144,1.230665,1.223928,1.908623,1.985897,3.926235,0.000000,1.230665,1.000000,0.000000,0.000000,15.085540,inf,52962816,52962816,861184,5579340,False
595,94,94.200000,0.057120,0.144598,1.251650,1.269905,1.981666,2.270585,2.725805,0.000000,1.251650,1.000000,0.000000,0.000000,13.621169,inf,40475648,40475648,861184,3778060,False
596,85,94.200000,0.066785,0.131843,1.240173,1.317099,1.832543,1.982863,2.687533,0.000000,1.240173,1.000000,0.000000,0.000000,12.419612,inf,36600320,36600320,861184,4004780,False
597,81,94.200000,0.054573,0.121604,1.113647,1.126600,2.005590,2.246287,3.033843,0.000000,1.113647,1.000000,0.000000,0.000000,11.455116,inf,34877952,34877952,861184,3560180,False
598,86,94.200000,0.050832,0.122600,1.126506,1.095850,1.733741,2.140072,3.110427,0.000000,1.126506,1.000000,0.000000,0.000000,11.548889,inf,37030912,37030912,861184,3299920,False
599,117,94.200000,0.054911,0.148790,1.111627,1.207762,1.961211,2.047480,2.676057,0.000000,1.111627,1.000000,0.000000,0.000000,14.016014,inf,50379264,50379264,861184,4732000,False
600,100,94.200000,0.060630,0.150471,1.238482,1.234635,1.984089,2.207371,3.573270,0.000000,1.238482,1.000000,0.000000,0.000000,14.174330,inf,43059200,43059200,861184,4581720,False
601,92,94.200000,0.045452,0.135045,1.093112,1.048074,1.955864,2.474085,3.849427,0.000000,1.093112,1.000000,0.000000,0.000000,12.721193,inf,39614464,39614464,861184,2922140,False
602,93,94.200000,0.061097,0.147197,1.278780,1.351291,1.986724,2.086736,3.279515,0.000000,1.278780,1.000000,0.000000,0.000000,13.865971,inf,40045056,40045056,861184,3966040,False
603,94,94.200000,0.060227,0.136708,1.152184,1.292973,1.838673,2.199260,2.554559,0.000000,1.152184,1.000000,0.000000,0.000000,12.877901,inf,40475648,40475648,861184,3964220,False
604,105,94.200000,0.063573,0.158895,1.273450,1.329278,1.979845,2.411804,4.274082,0.000000,1.273450,1.000000,0.000000,0.000000,14.967873,inf,45212160,45212160,861184,4578340,False
605,97,94.200000,0.049163,0.136582,1.128719,1.188383,2.109075,2.351535,2.885764,0.000000,1.128719,1.000000,0.000000,0.000000,12.865988,inf,41767424,41767424,861184,3758300,False
606,95,94.200000,0.060662,0.140039,1.195197,1.217284,1.974230,2.200640,2.842982,0.000000,1.195197,1.000000,0.000000,0.000000,13.191646,inf,40906240,40906240,861184,4319120,False
607,90,94.200000,0.054836,0.136066,1.178810,1.250795,1.904971,2.147169,2.711780,0.000000,1.178810,1.000000,0.000000,0.000000,12.817377,inf,38753280,38753280,861184,3443180,False
608,93,94.200000,0.054717,0.129315,1.085461,1.214187,1.771626,1.981151,2.419501,0.000000,1.085461,1.000000,0.000000,0.000000,12.181450,inf,40045056,40045056,861184,3769480,False
609,100,94.200000,0.057172,0.145076,1.222313,1.231841,1.860477,2.154769,3.523804,0.000000,1.222313,1.000000,0.000000,0.000000,13.666144,inf,43059200,43059200,861184,4124120,False
610,114,94.200000,0.054399,0.150183,1.160765,1.125089,1.879201,2.193812,3.878563,0.000000,1.160765,1.000000,0.000000,0.000000,14.147284,inf,49087488,49087488,861184,4730180,False
611,102,94.200000,0.054578,0.152367,1.246013,1.269527,2.065112,2.263521,4.112710,0.000000,1.246013,1.000000,0.000000,0.000000,14.352985,inf,43920384,43920384,861184,3701880,False
612,95,94.200000,0.050043,0.133869,1.162386,1.223224,1.870806,2.184252,2.873863,0.000000,1.162386,1.000000,0.000000,0.000000,12.610466,inf,40906240,40906240,861184,3433820,False
613,93,94.200000,0.063832,0.148601,1.289586,1.251279,1.925155,2.423492,3.611150,0.000000,1.289586,1.000000,0.000000,0.000000,13.998256,inf,40045056,40045056,861184,4238780,False
614,103,94.200000,0.054056,0.138320,1.053954,1.146390,1.790688,1.987487,3.093745,0.000000,1.053954,1.000000,0.000000,0.000000,13.029703,inf,44350976,44350976,861184,4266600,False
615,92,94.200000,0.055567,0.133448,1.134037,1.245657,1.781137,2.030552,3.743570,0.000000,1.134037,1.000000,0.000000,0.000000,12.570759,inf,39614464,39614464,861184,3961360,False
616,86,94.200000,0.058489,0.131271,1.183037,1.270059,1.951765,2.238499,2.825577,0.000000,1.183037,1.000000,0.000000,0.000000,12.365683,inf,37030912,37030912,861184,3580720,False
617,102,94.200000,0.057393,0.146687,1.211795,1.347155,1.896674,2.163869,3.123780,0.000000,1.211795,1.000000,0.000000,0.000000,13.817953,inf,43920384,43920384,861184,3894280,False
618,98,94.200000,0.061782,0.135691,1.184768,1.262202,1.804675,1.884420,2.494159,0.000000,1.184768,1.000000,0.000000,0.000000,12.782101,inf,42198016,42198016,861184,4533880,False
619,98,94.200000,0.057820,0.133639,1.107519,1.107904,1.753005,2.032854,3.257010,0.000000,1.107519,1.000000,0.000000,0.000000,12.588753,inf,42198016,42198016,861184,4518020,False
620,112,94.200000,0.058294,0.142494,1.113709,1.225268,1.810371,2.096520,2.410964,0.000000,1.113709,1.000000,0.000000,0.000000,13.422960,inf,48226304,48226304,861184,4912960,False
621,84,94.200000,0.055455,0.114745,1.017409,1.169385,1.719373,1.903020,3.760346,0.000000,1.017409,1.000000,0.000000,0.000000,10.808958,inf,36169728,36169728,861184,3675360,False
622,87,94.200000,0.062109,0.144347,1.320734,1.329312,1.965254,2.203471,4.317138,0.000000,1.320734,1.000000,0.000000,0.000000,13.597531,inf,37461504,37461504,861184,3730220,False
623,102,94.200000,0.059901,0.135347,1.149748,1.219449,1.772185,2.031955,2.498993,0.000000,1.149748,1.000000,0.000000,0.000000,12.749708,inf,43920384,43920384,861184,4617340,False
624,96,94.200000,0.055644,0.130136,1.166248,1.270717,1.772214,1.864027,2.137626,0.000000,1.166248,1.000000,0.000000,0.000000,12.258852,inf,41336832,41336832,861184,4152460,False
625,83,94.200000,0.049548,0.122498,1.136616,1.293337,1.792529,2.136232,2.477884,0.000000,1.136616,1.000000,0.000000,0.000000,11.539350,inf,35739136,35739136,861184,2995720,False
626,94,94.200000,0.047794,0.128469,1.085207,1.198829,1.680825,1.927829,2.371570,0.000000,1.085207,1.000000,0.000000,0.000000,12.101801,inf,40475648,40475648,861184,3457480,False
627,94,94.200000,0.055943,0.152679,1.249026,1.271441,2.012605,2.466416,4.992466,0.000000,1.249026,1.000000,0.000000,0.000000,14.382360,inf,40475648,40475648,861184,3832400,False
628,89,94.200000,0.063733,0.142336,1.271534,1.358844,1.917066,2.133885,3.577252,0.000000,1.271534,1.000000,0.000000,0.000000,13.408019,inf,38322688,38322688,861184,4205240,False
629,89,94.200000,0.063955,0.137552,1.246144,1.265807,2.036898,2.275001,2.780785,0.000000,1.246144,1.000000,0.000000,0.000000,12.957405,inf,38322688,38322688,861184,4424420,False
630,95,94.200000,0.050210,0.133305,1.152999,1.197128,1.732072,1.941034,3.829297,0.000000,1.152999,1.000000,0.000000,0.000000,12.557286,inf,40906240,40906240,861184,3944980,False
631,107,94.200000,0.052684,0.136647,1.128419,1.255195,1.836668,1.981717,2.298093,0.000000,1.128419,1.000000,0.000000,0.000000,12.872184,inf,46073344,46073344,861184,4402060,False
632,91,94.200000,0.055035,0.127148,1.127337,1.217372,1.802171,2.098796,2.387101,0.000000,1.127337,1.000000,0.000000,0.000000,11.977337,inf,39183872,39183872,861184,3659500,False
633,99,94.200000,0.053658,0.133115,1.105938,1.169433,1.777254,2.068666,2.770746,0.000000,1.105938,1.000000,0.000000,0.000000,12.539444,inf,42628608,42628608,861184,4354740,False
634,99,94.200000,0.053040,0.142115,1.216835,1.329384,1.985123,2.134407,2.988379,0.000000,1.216835,1.000000,0.000000,0.000000,13.387225,inf,42628608,42628608,861184,3649620,False
635,107,94.200000,0.049458,0.136708,1.073392,1.092502,1.794795,1.944655,2.951859,0.000000,1.073392,1.000000,0.000000,0.000000,12.877890,inf,46073344,46073344,861184,4288180,False
636,117,94.200000,0.055915,0.151825,1.177211,1.219691,1.831503,2.075221,3.992487,0.000000,1.177211,1.000000,0.000000,0.000000,14.301923,inf,50379264,50379264,861184,4945980,False
637,89,94.200000,0.062591,0.135936,1.231974,1.323650,1.769232,1.868618,2.701203,0.000000,1.231974,1.000000,0.000000,0.000000,12.805144,inf,38322688,38322688,861184,4100720,False
638,95,94.200000,0.054793,0.133417,1.119994,1.180321,1.853613,2.153277,3.253170,0.000000,1.119994,1.000000,0.000000,0.000000,12.567885,inf,40906240,40906240,861184,4186000,False
639,92,94.200000,0.048863,0.128313,1.133675,1.248474,1.774343,1.898003,2.857944,0.000000,1.133675,1.000000,0.000000,0.000000,12.087120,inf,39614464,39614464,861184,3417960,False
640,93,94.200000,0.048846,0.148029,1.232917,1.206964,2.030770,2.363124,4.773480,0.000000,1.232917,1.000000,0.000000,0.000000,13.944323,inf,40045056,40045056,861184,3268720,False
641,81,94.200000,0.053239,0.119655,1.061218,1.115724,1.815837,2.004109,3.115091,0.000000,1.061218,1.000000,0.000000,0.000000,11.271484,inf,34877952,34877952,861184,3708900,False
642,79,94.200000,0.060028,0.118668,1.134245,1.216225,1.690970,1.848875,3.031967,0.000000,1.134245,1.000000,0.000000,0.000000,11.178529,inf,34016768,34016768,861184,3894280,False
643,91,94.200000,0.049258,0.130404,1.088553,1.121296,1.841495,2.051214,2.925810,0.000000,1.088553,1.000000,0.000000,0.000000,12.284064,inf,39183872,39183872,861184,3733080,False
644,102,94.200000,0.056456,0.135319,1.113371,1.250592,1.807466,1.929200,3.005935,0.000000,1.113371,1.000000,0.000000,0.000000,12.747028,inf,43920384,43920384,861184,4560400,False
645,104,94.200000,0.057562,0.142302,1.176250,1.242997,1.810997,1.999734,3.745641,0.000000,1.176250,1.000000,0.000000,0.000000,13.404807,inf,44781568,44781568,861184,4432740,False
646,85,94.200000,0.046782,0.128472,1.129408,1.191426,2.027296,2.199539,3.475318,0.000000,1.129408,1.000000,0.000000,0.000000,12.102038,inf,36600320,36600320,861184,2968680,False
647,115,94.200000,0.054019,0.145214,1.120867,1.176262,1.863805,1.985866,3.050717,0.000000,1.120867,1.000000,0.000000,0.000000,13.679143,inf,49518080,49518080,861184,4876040,False
648,95,94.200000,0.057907,0.133071,1.162756,1.227466,1.822388,2.102382,2.908857,0.000000,1.162756,1.000000,0.000000,0.000000,12.535314,inf,40906240,40906240,861184,4002180,False
649,89,94.200000,0.052455,0.125339,1.098216,1.212845,1.787242,1.934241,3.033332,0.000000,1.098216,1.000000,0.000000,0.000000,11.806960,inf,38322688,38322688,861184,3646240,False
650,89,94.200000,0.054013,0.132701,1.122328,1.181164,1.758631,2.201579,3.454688,0.000000,1.122328,1.000000,0.000000,0.000000,12.500478,inf,38322688,38322688,861184,3784560,False
651,94,94.200000,0.051572,0.133331,1.134928,1.164392,1.958608,2.176819,2.946044,0.000000,1.134928,1.000000,0.000000,0.000000,12.559738,inf,40475648,40475648,861184,3942380,False
652,93,94.200000,0.054742,0.136567,1.173624,1.247472,1.841944,2.012514,3.651821,0.000000,1.173624,1.000000,0.000000,0.000000,12.864580,inf,40045056,40045056,861184,3992300,False
653,98,94.200000,0.052941,0.142729,1.154481,1.243001,1.771828,1.903372,3.930363,0.000000,1.154481,1.000000,0.000000,0.000000,13.445113,inf,42198016,42198016,861184,4386980,False
654,91,94.200000,0.060733,0.138847,1.276300,1.318297,1.874362,2.454688,2.754388,0.000000,1.276300,1.000000,0.000000,0.000000,13.079351,inf,39183872,39183872,861184,4182620,False
655,107,94.200000,0.060500,0.150199,1.223203,1.258613,2.029482,2.312224,2.664783,0.000000,1.223203,1.000000,0.000000,0.000000,14.148747,inf,46073344,46073344,861184,4904380,False
656,85,94.200000,0.059012,0.131413,1.232505,1.362947,1.812248,2.313566,2.905646,0.000000,1.232505,1.000000,0.000000,0.000000,12.379121,inf,36600320,36600320,861184,3816540,False
657,97,94.200000,0.052354,0.132846,1.109714,1.124001,1.788052,1.964824,2.755505,0.000000,1.109714,1.000000,0.000000,0.000000,12.514094,inf,41767424,41767424,861184,4104620,False
658,94,94.200000,0.051457,0.134140,1.146623,1.180904,1.892468,2.042756,3.383628,0.000000,1.146623,1.000000,0.000000,0.000000,12.635977,inf,40475648,40475648,861184,3783260,False
659,90,94.200000,0.051787,0.129753,1.109851,1.182369,1.787264,2.087484,3.896635,0.000000,1.109851,1.000000,0.000000,0.000000,12.222765,inf,38753280,38753280,861184,3699020,False
660,110,94.200000,0.054546,0.148136,1.192154,1.207820,1.768555,2.063651,3.687945,0.000000,1.192154,1.000000,0.000000,0.000000,13.954411,inf,47365120,47365120,861184,4533880,False
661,87,94.200000,0.057915,0.131953,1.153483,1.201528,1.803739,2.300804,3.253839,0.000000,1.153483,1.000000,0.000000,0.000000,12.429947,inf,37461504,37461504,861184,3903900,False
662,100,94.200000,0.059585,0.154024,1.277688,1.337588,1.886847,2.180816,3.550862,0.000000,1.277688,1.000000,0.000000,0.000000,14.509098,inf,43059200,43059200,861184,4138680,False
663,106,94.200000,0.049032,0.145683,1.154025,1.167573,1.862772,2.043696,3.961133,0.000000,1.154025,1.000000,0.000000,0.000000,13.723319,inf,45642752,45642752,861184,4000100,False
664,83,94.200000,0.050138,0.123024,1.076486,1.179364,1.949671,2.121488,2.783639,0.000000,1.076486,1.000000,0.000000,0.000000,11.588884,inf,35739136,35739136,861184,3216200,False
665,99,94.200000,0.056934,0.145362,1.195027,1.261824,1.894364,2.001708,4.020902,0.000000,1.195027,1.000000,0.000000,0.000000,13.693067,inf,42628608,42628608,861184,4148560,False
666,103,94.200000,0.053335,0.153631,1.250503,1.275870,1.906670,2.289122,3.371505,0.000000,1.250503,1.000000,0.000000,0.000000,14.472054,inf,44350976,44350976,861184,4411680,False
667,88,94.200000,0.058410,0.131361,1.194286,1.188006,2.157420,2.442450,3.014668,0.000000,1.194286,1.000000,0.000000,0.000000,12.374175,inf,37892096,37892096,861184,4106440,False
668,83,94.200000,0.052670,0.135713,1.212474,1.264139,2.048800,2.454409,3.140334,0.000000,1.212474,1.000000,0.000000,0.000000,12.784149,inf,35739136,35739136,861184,3414320,False
669,95,94.200000,0.048145,0.129876,1.066865,1.116577,1.761965,1.881147,4.434346,0.000000,1.066865,1.000000,0.000000,0.000000,12.234353,inf,40906240,40906240,861184,3744780,False
670,95,94.200000,0.055594,0.133203,1.176000,1.234520,1.794245,2.055596,2.761973,0.000000,1.176000,1.000000,0.000000,0.000000,12.547750,inf,40906240,40906240,861184,4310540,False
671,84,94.200000,0.058936,0.118308,1.061770,1.181366,1.748581,1.898078,2.376818,0.000000,1.061770,1.000000,0.000000,0.000000,11.144605,inf,36169728,36169728,861184,4111640,False
672,94,94.200000,0.055677,0.126777,1.051156,1.101581,1.867709,2.261127,2.521258,0.000000,1.051156,1.000000,0.000000,0.000000,11.942424,inf,40475648,40475648,861184,4390360,False
673,89,94.200000,0.048917,0.120502,1.072115,1.131848,1.810139,1.956517,2.303262,0.000000,1.072115,1.000000,0.000000,0.000000,11.351275,inf,38322688,38322688,861184,3571360,False
674,106,94.200000,0.041288,0.123750,0.970553,1.064784,1.667333,1.863779,2.252992,0.000000,0.970553,1.000000,0.000000,0.000000,11.657232,inf,45642752,45642752,861184,3708900,False
675,86,94.200000,0.057009,0.133723,1.181926,1.248881,1.855931,2.049515,3.072173,0.000000,1.181926,1.000000,0.000000,0.000000,12.596688,inf,37030912,37030912,861184,3781180,False
676,104,94.200000,0.046004,0.124204,1.005862,1.024114,1.767314,1.984922,2.250881,0.000000,1.005862,1.000000,0.000000,0.000000,11.700002,inf,44781568,44781568,861184,4163900,False
677,96,94.200000,0.047730,0.134050,1.100181,1.153348,1.891724,2.156859,2.984578,0.000000,1.100181,1.000000,0.000000,0.000000,12.627554,inf,41336832,41336832,861184,3822260,False
678,98,94.200000,0.054461,0.124783,1.063492,1.188932,1.666619,1.961735,2.451417,0.000000,1.063492,1.000000,0.000000,0.000000,11.754556,inf,42198016,42198016,861184,4464980,False
679,82,94.200000,0.049918,0.132183,1.181352,1.284130,1.838590,2.329278,4.000727,0.000000,1.181352,1.000000,0.000000,0.000000,12.451659,inf,35308544,35308544,861184,3101540,False
680,90,94.200000,0.051720,0.135053,1.141257,1.199941,1.983229,2.112898,3.384372,0.000000,1.141257,1.000000,0.000000,0.000000,12.722021,inf,38753280,38753280,861184,3825380,False
681,99,94.200000,0.054429,0.137615,1.137231,1.215056,1.743540,2.026868,3.119438,0.000000,1.137231,1.000000,0.000000,0.000000,12.963300,inf,42628608,42628608,861184,4529980,False
682,95,94.200000,0.051125,0.136188,1.125962,1.238675,1.831991,2.188350,3.608523,0.000000,1.125962,1.000000,0.000000,0.000000,12.828890,inf,40906240,40906240,861184,3711500,False
683,88,94.200000,0.050793,0.136428,1.125810,1.124386,1.892511,2.172692,3.568669,0.000000,1.125810,1.000000,0.000000,0.000000,12.851552,inf,37892096,37892096,861184,3599960,False
684,97,94.200000,0.047532,0.136923,1.162056,1.271700,1.846896,2.019009,2.859168,0.000000,1.162056,1.000000,0.000000,0.000000,12.898124,inf,41767424,41767424,861184,3478280,False
685,94,94.200000,0.050297,0.128807,1.115746,1.202188,1.754951,1.884665,2.965077,0.000000,1.115746,1.000000,0.000000,0.000000,12.133577,inf,40475648,40475648,861184,3907280,False
686,103,94.200000,0.054275,0.140290,1.159647,1.253247,1.823594,2.068530,3.383943,0.000000,1.159647,1.000000,0.000000,0.000000,13.215305,inf,44350976,44350976,861184,4459520,False
687,94,94.200000,0.044444,0.126075,1.069148,1.119788,1.732173,2.100034,2.967459,0.000000,1.069148,1.000000,0.000000,0.000000,11.876296,inf,40475648,40475648,861184,3551080,False
688,92,94.200000,0.047098,0.128581,1.119162,1.208235,1.762557,1.957130,2.566425,0.000000,1.119162,1.000000,0.000000,0.000000,12.112347,inf,39614464,39614464,861184,3427060,False
689,79,94.200000,0.046981,0.120801,1.110833,1.174517,1.886589,2.164296,3.273433,0.000000,1.110833,1.000000,0.000000,0.000000,11.379494,inf,34016768,34016768,861184,3102320,False
690,109,94.200000,0.060299,0.142221,1.143716,1.242442,1.745912,1.936802,2.184380,0.000000,1.143716,1.000000,0.000000,0.000000,13.397242,inf,46934528,46934528,861184,5465980,False
691,84,94.200000,0.047579,0.125201,1.069344,1.137632,1.799683,2.102374,2.808681,0.000000,1.069344,1.000000,0.000000,0.000000,11.793964,inf,36169728,36169728,861184,2902380,False
692,89,94.200000,0.050820,0.127237,1.056780,1.139355,1.616857,1.956024,4.862965,0.000000,1.056780,1.000000,0.000000,0.000000,11.985679,inf,38322688,38322688,861184,4101500,False
693,100,94.200000,0.057800,0.143198,1.184284,1.248801,1.764550,1.970125,2.926424,0.000000,1.184284,1.000000,0.000000,0.000000,13.489277,inf,43059200,43059200,861184,4734080,False
694,84,94.200000,0.052466,0.125043,1.119581,1.171746,1.896033,2.097214,2.547636,0.000000,1.119581,1.000000,0.000000,0.000000,11.779063,inf,36169728,36169728,861184,3706300,False
695,86,94.200000,0.051745,0.127040,1.112153,1.177998,1.742960,1.860712,3.289589,0.000000,1.112153,1.000000,0.000000,0.000000,11.967136,inf,37030912,37030912,861184,3708380,False
696,102,94.200000,0.044815,0.143114,1.147901,1.227586,1.820436,2.257870,3.274528,0.000000,1.147901,1.000000,0.000000,0.000000,13.481331,inf,43920384,43920384,861184,3454880,False
697,102,94.200000,0.053214,0.140575,1.154863,1.286859,1.871204,2.077029,2.750872,0.000000,1.154863,1.000000,0.000000,0.000000,13.242175,inf,43920384,43920384,861184,4308200,False
698,92,94.200000,0.054403,0.130908,1.119431,1.214742,1.770518,2.006648,3.563532,0.000000,1.119431,1.000000,0.000000,0.000000,12.331547,inf,39614464,39614464,861184,4362800,False
699,98,94.200000,0.051371,0.130200,1.089681,1.277420,1.768567,1.947280,2.134118,0.000000,1.089681,1.000000,0.000000,0.000000,12.264871,inf,42198016,42198016,861184,4044040,False
700,104,94.200000,0.051255,0.139380,1.136677,1.173756,1.797627,1.921132,3.658728,0.000000,1.136677,1.000000,0.000000,0.000000,13.129566,inf,44781568,44781568,861184,4372940,False
701,92,94.200000,0.063797,0.155198,1.270819,1.225529,1.962718,2.393101,5.765648,0.000000,1.270819,1.000000,0.000000,0.000000,14.619617,inf,39614464,39614464,861184,4767100,False
702,88,94.200000,0.056124,0.128832,1.165661,1.159667,1.814819,2.265219,2.730609,0.000000,1.165661,1.000000,0.000000,0.000000,12.135984,inf,37892096,37892096,861184,4373200,False
703,92,94.200000,0.053483,0.141704,1.189055,1.226201,1.802970,2.411719,3.910793,0.000000,1.189055,1.000000,0.000000,0.000000,13.348499,inf,39614464,39614464,861184,4202900,False
704,106,94.200000,0.052431,0.142428,1.142763,1.189315,1.773824,1.972317,2.871462,0.000000,1.142763,1.000000,0.000000,0.000000,13.416714,inf,45642752,45642752,861184,4920500,False
705,96,94.200000,0.049367,0.126094,1.041823,1.161651,1.748542,1.855117,2.209079,0.000000,1.041823,1.000000,0.000000,0.000000,11.878024,inf,41336832,41336832,861184,4049240,False
706,109,94.200000,0.051061,0.139347,1.094589,1.169409,1.851128,1.964078,2.188468,0.000000,1.094589,1.000000,0.000000,0.000000,13.126522,inf,46934528,46934528,861184,4650620,False
707,104,94.200000,0.049191,0.136615,1.058078,1.099817,1.855364,1.994156,3.032570,0.000000,1.058078,1.000000,0.000000,0.000000,12.869115,inf,44781568,44781568,861184,4573140,False
708,100,94.200000,0.048417,0.132186,1.075234,1.174628,1.811777,1.967268,3.087867,0.000000,1.075234,1.000000,0.000000,0.000000,12.451901,inf,43059200,43059200,861184,3972540,False
709,94,94.200000,0.047065,0.135366,1.154376,1.168258,1.888401,2.126392,3.224219,0.000000,1.154376,1.000000,0.000000,0.000000,12.751517,inf,40475648,40475648,861184,3676140,False
710,97,94.200000,0.050936,0.134512,1.137492,1.240354,1.683832,1.890091,2.865415,0.000000,1.137492,1.000000,0.000000,0.000000,12.671066,inf,41767424,41767424,861184,4298840,False
711,97,94.200000,0.046815,0.127318,1.035600,1.155342,1.614762,2.073438,3.513421,0.000000,1.035600,1.000000,0.000000,0.000000,11.993312,inf,41767424,41767424,861184,3934060,False
712,91,94.200000,0.047427,0.133821,1.163609,1.242421,1.944411,2.070041,2.948825,0.000000,1.163609,1.000000,0.000000,0.000000,12.605915,inf,39183872,39183872,861184,3597360,False
713,93,94.200000,0.047541,0.128841,1.115798,1.218078,1.715018,2.270808,2.605364,0.000000,1.115798,1.000000,0.000000,0.000000,12.136795,inf,40045056,40045056,861184,3619720,False
714,106,94.200000,0.053010,0.141999,1.131763,1.185054,1.796129,2.066873,3.629819,0.000000,1.131763,1.000000,0.000000,0.000000,13.376290,inf,45642752,45642752,861184,4795700,False
715,85,94.200000,0.050542,0.121943,1.065961,1.156494,1.778968,2.033263,2.265671,0.000000,1.065961,1.000000,0.000000,0.000000,11.486998,inf,36600320,36600320,861184,3907020,False
716,88,94.200000,0.047930,0.117615,1.044889,1.121640,1.648341,1.870514,2.783483,0.000000,1.044889,1.000000,0.000000,0.000000,11.079335,inf,37892096,37892096,861184,3833440,False
717,94,94.200000,0.041950,0.119408,0.997323,1.019289,1.744527,1.913007,2.243353,0.000000,0.997323,1.000000,0.000000,0.000000,11.248245,inf,40475648,40475648,861184,3588260,False
718,94,94.200000,0.052179,0.125444,1.088821,1.216253,1.742326,2.044186,2.464646,0.000000,1.088821,1.000000,0.000000,0.000000,11.816869,inf,40475648,40475648,861184,4295200,False
719,105,94.200000,0.054044,0.149635,1.206854,1.137441,1.910006,2.410694,4.004870,0.000000,1.206854,1.000000,0.000000,0.000000,14.095588,inf,45212160,45212160,861184,4954560,False
720,115,94.200000,0.048487,0.136094,1.086562,1.155792,1.788901,2.004181,2.637793,0.000000,1.086562,1.000000,0.000000,0.000000,12.820079,inf,49518080,49518080,861184,4924400,False
721,88,94.200000,0.043133,0.110489,0.975509,1.070679,1.623607,1.812958,2.667511,0.000000,0.975509,1.000000,0.000000,0.000000,10.408108,inf,37892096,37892096,861184,3287180,False
722,82,94.200000,0.050299,0.117828,1.104334,1.148635,1.822035,2.158147,2.449668,0.000000,1.104334,1.000000,0.000000,0.000000,11.099372,inf,35308544,35308544,861184,4025840,False
723,86,94.200000,0.045231,0.120208,1.016738,1.079849,1.707524,2.079740,4.352363,0.000000,1.016738,1.000000,0.000000,0.000000,11.323606,inf,37030912,37030912,861184,3309280,False
724,95,94.200000,0.050177,0.116256,0.955664,1.066676,1.583198,1.669926,3.860783,0.000000,0.955664,1.000000,0.000000,0.000000,10.951270,inf,40906240,40906240,861184,4489160,False
725,83,94.200000,0.049531,0.135549,1.172643,1.241063,2.130193,2.313275,3.901309,0.000000,1.172643,1.000000,0.000000,0.000000,12.768717,inf,35739136,35739136,861184,3304600,False
726,79,94.200000,0.052817,0.115792,1.091608,1.132159,1.707759,1.880211,2.443845,0.000000,1.091608,1.000000,0.000000,0.000000,10.907566,inf,34016768,34016768,861184,3711240,False
727,94,94.200000,0.044809,0.130632,1.094479,1.178830,1.826547,1.991877,3.241376,0.000000,1.094479,1.000000,0.000000,0.000000,12.305501,inf,40475648,40475648,861184,3657940,False
728,95,94.200000,0.038981,0.119146,0.975635,1.013075,1.736322,1.910693,3.200543,0.000000,0.975635,1.000000,0.000000,0.000000,11.223572,inf,40906240,40906240,861184,3385200,False
729,77,94.200000,0.042782,0.106257,1.016599,1.079861,1.604967,1.717417,2.099510,0.000000,1.016599,1.000000,0.000000,0.000000,10.009434,inf,33155584,33155584,861184,3109860,False
730,93,94.200000,0.047734,0.137291,1.138531,1.163669,1.863055,2.161488,3.563104,0.000000,1.138531,1.000000,0.000000,0.000000,12.932843,inf,40045056,40045056,861184,3789500,False
731,81,94.200000,0.041013,0.116275,1.098839,1.197922,1.788736,1.887097,2.041381,0.000000,1.098839,1.000000,0.000000,0.000000,10.953084,inf,34877952,34877952,861184,2612220,False
732,81,94.200000,0.047623,0.131246,1.100037,1.086151,1.695847,1.751135,5.823016,0.000000,1.100037,1.000000,0.000000,0.000000,12.363398,inf,34877952,34877952,861184,3429920,False
733,89,94.200000,0.048507,0.127318,1.098299,1.138092,1.769016,2.282523,2.660602,0.000000,1.098299,1.000000,0.000000,0.000000,11.993372,inf,38322688,38322688,861184,3597880,False
734,89,94.200000,0.047172,0.122790,1.045502,1.088515,1.863993,2.281710,3.407931,0.000000,1.045502,1.000000,0.000000,0.000000,11.566820,inf,38322688,38322688,861184,3915080,False
735,84,94.200000,0.047963,0.117510,1.067388,1.140129,1.774955,1.949437,2.744155,0.000000,1.067388,1.000000,0.000000,0.000000,11.069397,inf,36169728,36169728,861184,3560180,False
736,85,94.200000,0.059517,0.132863,1.236697,1.293076,1.861514,1.978562,2.760934,0.000000,1.236697,1.000000,0.000000,0.000000,12.515659,inf,36600320,36600320,861184,4319900,False
737,96,94.200000,0.049903,0.132629,1.059855,1.165946,1.727645,1.954755,3.054311,0.000000,1.059855,1.000000,0.000000,0.000000,12.493638,inf,41336832,41336832,861184,4202380,False
738,99,94.200000,0.049336,0.128357,1.083292,1.185304,1.721220,1.846984,2.686151,0.000000,1.083292,1.000000,0.000000,0.000000,12.091223,inf,42628608,42628608,861184,4409600,False
739,90,94.200000,0.053365,0.124246,1.110688,1.160153,1.763634,2.112007,3.187100,0.000000,1.110688,1.000000,0.000000,0.000000,11.703974,inf,38753280,38753280,861184,4421560,False
740,79,94.200000,0.053085,0.117694,1.127411,1.197157,1.644808,1.842931,2.856548,0.000000,1.127411,1.000000,0.000000,0.000000,11.086810,inf,34016768,34016768,861184,3673280,False
741,96,94.200000,0.043228,0.124645,1.033674,1.062760,1.694276,1.834693,3.365404,0.000000,1.033674,1.000000,0.000000,0.000000,11.741512,inf,41336832,41336832,861184,3943420,False
742,87,94.200000,0.047837,0.121790,1.067838,1.090185,1.784750,1.955309,3.492778,0.000000,1.067838,1.000000,0.000000,0.000000,11.472587,inf,37461504,37461504,861184,3846960,False
743,97,94.200000,0.049176,0.120842,1.004394,1.101909,1.711665,1.854494,2.282663,0.000000,1.004394,1.000000,0.000000,0.000000,11.383331,inf,41767424,41767424,861184,3996200,False
744,90,94.200000,0.045642,0.120145,1.051070,1.166102,1.788223,2.067725,3.106643,0.000000,1.051070,1.000000,0.000000,0.000000,11.317703,inf,38753280,38753280,861184,3741920,False
745,82,94.200000,0.055625,0.108935,1.004403,1.124184,1.631361,1.868974,2.422617,0.000000,1.004403,1.000000,0.000000,0.000000,10.261691,inf,35308544,35308544,861184,4397640,False
746,81,94.200000,0.056180,0.122976,1.134873,1.152095,1.679386,2.029036,3.348936,0.000000,1.134873,1.000000,0.000000,0.000000,11.584341,inf,34877952,34877952,861184,4061720,False
747,113,94.200000,0.048428,0.147854,1.132619,1.227078,1.757154,1.977593,3.373724,0.000000,1.132619,1.000000,0.000000,0.000000,13.927828,inf,48656896,48656896,861184,4626960,False
748,110,94.200000,0.047733,0.141506,1.055528,1.128767,1.812058,2.088047,2.952294,0.000000,1.055528,1.000000,0.000000,0.000000,13.329888,inf,47365120,47365120,861184,4585100,False
749,109,94.200000,0.055342,0.162542,1.269750,1.242793,1.953244,2.167065,6.542266,0.000000,1.269750,1.000000,0.000000,0.000000,15.311481,inf,46934528,46934528,861184,5085600,False
750,90,94.200000,0.047019,0.115023,0.981939,1.088444,1.719187,1.855143,2.787894,0.000000,0.981939,1.000000,0.000000,0.000000,10.835163,inf,38753280,38753280,861184,3810300,False
751,96,94.200000,0.038952,0.113516,0.940569,1.008263,1.645789,1.722029,1.910676,0.000000,0.940569,1.000000,0.000000,0.000000,10.693198,inf,41336832,41336832,861184,3786640,False
752,80,94.200000,0.043768,0.119986,1.124424,1.120281,1.665846,1.853471,4.013408,0.000000,1.124424,1.000000,0.000000,0.000000,11.302682,inf,34447360,34447360,861184,3156400,False
753,76,94.200000,0.054898,0.129097,1.175888,1.220355,1.940226,2.261755,4.381023,0.000000,1.175888,1.000000,0.000000,0.000000,12.160908,inf,32724992,32724992,861184,3418220,False
754,87,94.200000,0.047631,0.134285,1.128947,1.148341,1.788029,2.550412,4.171780,0.000000,1.128947,1.000000,0.000000,0.000000,12.649629,inf,37461504,37461504,861184,3767400,False
755,101,94.200000,0.044563,0.127426,1.033145,1.130010,1.722034,1.913695,2.966845,0.000000,1.033145,1.000000,0.000000,0.000000,12.003554,inf,43489792,43489792,861184,3901560,False
756,96,94.200000,0.049895,0.125189,1.071441,1.194645,1.716077,1.782997,2.129641,0.000000,1.071441,1.000000,0.000000,0.000000,11.792814,inf,41336832,41336832,861184,4347980,False
757,83,94.200000,0.047069,0.116534,1.039036,1.123536,1.706531,1.856534,2.838499,0.000000,1.039036,1.000000,0.000000,0.000000,10.977539,inf,35739136,35739136,861184,3632200,False
758,104,94.200000,0.049809,0.144423,1.142147,1.188010,1.866178,2.158572,3.646744,0.000000,1.142147,1.000000,0.000000,0.000000,13.604645,inf,44781568,44781568,861184,4554420,False
759,96,94.200000,0.045535,0.125671,1.049980,1.156608,1.747566,1.925480,2.472904,0.000000,1.049980,1.000000,0.000000,0.000000,11.838174,inf,41336832,41336832,861184,3885440,False
760,92,94.200000,0.050679,0.135291,1.156185,1.194115,1.779091,2.203271,3.939086,0.000000,1.156185,1.000000,0.000000,0.000000,12.744376,inf,39614464,39614464,861184,4000620,False
761,104,94.200000,0.048355,0.132673,1.049808,1.118179,1.978763,2.119064,2.515545,0.000000,1.049808,1.000000,0.000000,0.000000,12.497757,inf,44781568,44781568,861184,4515160,False
762,97,94.200000,0.045971,0.119715,0.990930,1.079670,1.660386,1.844748,2.808814,0.000000,0.990930,1.000000,0.000000,0.000000,11.277116,inf,41767424,41767424,861184,4239300,False
763,82,94.200000,0.042508,0.112673,0.997740,1.130426,1.704212,1.863281,2.270356,0.000000,0.997740,1.000000,0.000000,0.000000,10.613750,inf,35308544,35308544,861184,3229720,False
764,84,94.200000,0.052123,0.124368,1.133836,1.281539,1.819046,2.041863,2.576321,0.000000,1.133836,1.000000,0.000000,0.000000,11.715450,inf,36169728,36169728,861184,3766100,False
765,75,94.200000,0.045640,0.104393,0.945760,1.059261,1.683269,1.912960,2.301565,0.000000,0.945760,1.000000,0.000000,0.000000,9.833808,inf,32294400,32294400,861184,2923700,False
766,93,94.200000,0.050723,0.133636,1.139386,1.161629,1.918067,2.111417,2.818223,0.000000,1.139386,1.000000,0.000000,0.000000,12.588474,inf,40045056,40045056,861184,4240340,False
767,100,94.200000,0.048241,0.124297,1.008850,1.222569,1.726709,1.924533,2.232180,0.000000,1.008850,1.000000,0.000000,0.000000,11.708800,inf,43059200,43059200,861184,4255160,False
768,98,94.200000,0.042314,0.130475,1.036095,1.100739,1.789230,2.360482,3.043418,0.000000,1.036095,1.000000,0.000000,0.000000,12.290726,inf,42198016,42198016,861184,3637400,False
769,89,94.200000,0.042939,0.115868,1.004145,1.160544,1.635805,1.756502,2.555297,0.000000,1.004145,1.000000,0.000000,0.000000,10.914774,inf,38322688,38322688,861184,3730220,False
770,90,94.200000,0.045300,0.121957,1.031083,1.110367,1.821455,1.987201,2.992333,0.000000,1.031083,1.000000,0.000000,0.000000,11.488346,inf,38753280,38753280,861184,3649620,False
771,74,94.200000,0.044949,0.111190,1.104483,1.214486,1.785495,1.930861,2.180893,0.000000,1.104483,1.000000,0.000000,0.000000,10.474088,inf,31863808,31863808,861184,2953340,False
772,110,94.200000,0.051853,0.145905,1.126410,1.220178,1.849232,2.009393,3.224362,0.000000,1.126410,1.000000,0.000000,0.000000,13.744279,inf,47365120,47365120,861184,4916600,False
773,98,94.200000,0.041942,0.127018,1.030687,1.108494,1.805167,2.194067,2.679487,0.000000,1.030687,1.000000,0.000000,0.000000,11.965068,inf,42198016,42198016,861184,4028440,False
774,95,94.200000,0.038865,0.123950,0.998918,1.048344,1.796691,2.130155,2.768964,0.000000,0.998918,1.000000,0.000000,0.000000,11.676122,inf,40906240,40906240,861184,3426280,False
775,103,94.200000,0.045663,0.133977,1.090820,1.124603,1.759100,1.996426,2.591571,0.000000,1.090820,1.000000,0.000000,0.000000,12.620666,inf,44350976,44350976,861184,4366960,False
776,74,94.200000,0.040923,0.103209,0.943526,1.084066,1.621736,1.924548,3.234396,0.000000,0.943526,1.000000,0.000000,0.000000,9.722304,inf,31863808,31863808,861184,2985320,False
777,89,94.200000,0.048972,0.125423,1.087543,1.220275,1.770993,2.046305,2.614643,0.000000,1.087543,1.000000,0.000000,0.000000,11.814855,inf,38322688,38322688,861184,3748420,False
778,96,94.200000,0.044654,0.120156,0.975308,1.097365,1.704880,1.856929,2.406759,0.000000,0.975308,1.000000,0.000000,0.000000,11.318715,inf,41336832,41336832,861184,3850340,False
779,98,94.200000,0.038706,0.117742,0.951559,1.032233,1.633625,1.830712,3.193049,0.000000,0.951559,1.000000,0.000000,0.000000,11.091334,inf,42198016,42198016,861184,3611920,False
780,103,94.200000,0.047710,0.130364,1.050557,1.171586,1.742047,2.001719,2.842153,0.000000,1.050557,1.000000,0.000000,0.000000,12.280291,inf,44350976,44350976,861184,4508400,False
781,102,94.200000,0.044797,0.141422,1.095962,1.171732,1.685293,1.855571,4.639494,0.000000,1.095962,1.000000,0.000000,0.000000,13.321938,inf,43920384,43920384,861184,3986320,False
782,90,94.200000,0.049428,0.133930,1.197508,1.203298,1.897350,2.119180,2.836887,0.000000,1.197508,1.000000,0.000000,0.000000,12.616243,inf,38753280,38753280,861184,3718520,False
783,87,94.200000,0.052052,0.128817,1.161571,1.238131,1.812131,2.058199,4.294612,0.000000,1.161571,1.000000,0.000000,0.000000,12.134583,inf,37461504,37461504,861184,4048720,False
784,72,94.200000,0.046111,0.107023,1.086050,1.172795,1.692611,1.857520,2.466740,0.000000,1.086050,1.000000,0.000000,0.000000,10.081533,inf,31002624,31002624,861184,3173820,False
785,116,94.200000,0.044416,0.163101,1.152718,1.097112,1.805382,2.628622,5.869609,0.000000,1.152718,1.000000,0.000000,0.000000,15.364160,inf,49948672,49948672,861184,4622800,False
786,90,94.200000,0.048212,0.125527,1.065163,1.106193,1.591909,1.790024,3.395045,0.000000,1.065163,1.000000,0.000000,0.000000,11.824627,inf,38753280,38753280,861184,4248400,False
787,94,94.200000,0.041445,0.113449,0.967100,0.955680,1.595235,1.732378,2.633012,0.000000,0.967100,1.000000,0.000000,0.000000,10.686922,inf,40475648,40475648,861184,3868800,False
788,106,94.200000,0.047866,0.139612,1.110858,1.208660,1.709979,1.968232,2.795324,0.000000,1.110858,1.000000,0.000000,0.000000,13.151434,inf,45642752,45642752,861184,4528420,False
789,99,94.200000,0.045787,0.123763,1.025881,1.074966,1.757383,1.830020,2.462993,0.000000,1.025881,1.000000,0.000000,0.000000,11.658466,inf,42628608,42628608,861184,4100200,False
790,89,94.200000,0.047585,0.129284,1.097364,1.188433,1.754602,2.172409,3.992034,0.000000,1.097364,1.000000,0.000000,0.000000,12.178512,inf,38322688,38322688,861184,3751800,False
791,90,94.200000,0.044723,0.119510,1.066065,1.143915,1.835928,1.984510,2.534607,0.000000,1.066065,1.000000,0.000000,0.000000,11.257809,inf,38753280,38753280,861184,3941340,False
792,103,94.200000,0.047044,0.131015,1.053056,1.126454,1.808090,2.008891,3.185804,0.000000,1.053056,1.000000,0.000000,0.000000,12.341575,inf,44350976,44350976,861184,4373460,False
793,74,94.200000,0.043524,0.118213,1.117778,1.142870,1.958464,2.124453,2.887434,0.000000,1.117778,1.000000,0.000000,0.000000,11.135680,inf,31863808,31863808,861184,2866240,False
794,85,94.200000,0.043126,0.112661,0.966301,1.093062,1.603252,1.999284,2.658967,0.000000,0.966301,1.000000,0.000000,0.000000,10.612663,inf,36600320,36600320,861184,3711760,False
795,86,94.200000,0.043152,0.118561,1.075538,1.113343,1.670247,1.833362,2.518079,0.000000,1.075538,1.000000,0.000000,0.000000,11.168418,inf,37030912,37030912,861184,3791060,False
796,71,94.200000,0.047920,0.122693,1.151336,1.098354,1.954868,2.439964,3.428064,0.000000,1.151336,1.000000,0.000000,0.000000,11.557657,inf,30572032,30572032,861184,3092440,False
797,97,94.200000,0.053716,0.126475,1.094188,1.147524,1.691429,1.940114,2.644857,0.000000,1.094188,1.000000,0.000000,0.000000,11.913919,inf,41767424,41767424,861184,5450640,False
798,88,94.200000,0.045175,0.115036,1.009025,1.126414,1.673936,2.157134,2.575052,0.000000,1.009025,1.000000,0.000000,0.000000,10.836361,inf,37892096,37892096,861184,3841760,False
799,90,94.200000,0.044700,0.134777,1.175979,1.192271,1.984656,2.487006,2.935214,0.000000,1.175979,1.000000,0.000000,0.000000,12.696032,inf,38753280,38753280,861184,3820180,False
800,99,94.200000,0.042557,0.138841,1.090927,1.147605,1.849872,2.137032,3.449010,0.000000,1.090927,1.000000,0.000000,0.000000,13.078814,inf,42628608,42628608,861184,3712800,False
801,99,94.200000,0.044216,0.125829,1.073547,1.183477,1.793170,1.987896,2.925724,0.000000,1.073547,1.000000,0.000000,0.000000,11.853103,inf,42628608,42628608,861184,4039360,False
802,91,94.200000,0.046159,0.124968,1.089387,1.142746,1.691309,1.912738,3.075012,0.000000,1.089387,1.000000,0.000000,0.000000,11.771961,inf,39183872,39183872,861184,3794440,False
803,77,94.200000,0.054967,0.116971,1.137078,1.257235,1.659425,1.946596,2.526394,0.000000,1.137078,1.000000,0.000000,0.000000,11.018659,inf,33155584,33155584,861184,3729180,False
804,93,94.200000,0.044940,0.128260,1.099985,1.185214,1.819569,1.995195,3.235488,0.000000,1.099985,1.000000,0.000000,0.000000,12.082128,inf,40045056,40045056,861184,3644940,False
805,100,94.200000,0.049182,0.131637,1.060371,1.191235,1.761204,2.021958,2.943166,0.000000,1.060371,1.000000,0.000000,0.000000,12.400247,inf,43059200,43059200,861184,4472780,False
806,97,94.200000,0.038993,0.127096,1.033421,1.057850,1.758467,2.160588,3.019491,0.000000,1.033421,1.000000,0.000000,0.000000,11.972468,inf,41767424,41767424,861184,3515200,False
807,100,94.200000,0.047983,0.131136,1.087202,1.216399,1.783437,1.998730,2.569515,0.000000,1.087202,1.000000,0.000000,0.000000,12.353007,inf,43059200,43059200,861184,4260360,False
808,77,94.200000,0.048836,0.115817,1.133488,1.213735,1.776542,1.923730,2.346721,0.000000,1.133488,1.000000,0.000000,0.000000,10.909920,inf,33155584,33155584,861184,3498820,False
809,88,94.200000,0.040267,0.127384,1.056750,1.135522,1.881952,2.367276,2.992646,0.000000,1.056750,1.000000,0.000000,0.000000,11.999597,inf,37892096,37892096,861184,3252080,False
810,89,94.200000,0.045608,0.122707,1.032600,1.065440,1.704043,1.805559,3.780008,0.000000,1.032600,1.000000,0.000000,0.000000,11.558955,inf,38322688,38322688,861184,3882580,False
811,100,94.200000,0.041267,0.130366,1.073663,1.136712,1.761649,2.032946,2.842326,0.000000,1.073663,1.000000,0.000000,0.000000,12.280502,inf,43059200,43059200,861184,3704480,False
812,105,94.200000,0.046405,0.128303,1.029662,1.100745,1.736387,1.856677,2.406135,0.000000,1.029662,1.000000,0.000000,0.000000,12.086156,inf,45212160,45212160,861184,4720300,False
813,82,94.200000,0.045492,0.115104,1.080463,1.193822,1.723289,1.861433,2.045752,0.000000,1.080463,1.000000,0.000000,0.000000,10.842818,inf,35308544,35308544,861184,3517540,False
814,108,94.200000,0.041232,0.140304,1.054430,1.193739,1.796516,1.929148,2.929459,0.000000,1.054430,1.000000,0.000000,0.000000,13.216653,inf,46503936,46503936,861184,4166760,False
815,96,94.200000,0.046086,0.130491,1.118460,1.162129,1.664772,2.114528,3.527927,0.000000,1.118460,1.000000,0.000000,0.000000,12.292275,inf,41336832,41336832,861184,4157140,False
816,90,94.200000,0.042546,0.153811,1.186896,1.131651,1.998864,2.206335,6.697810,0.000000,1.186896,1.000000,0.000000,0.000000,14.489006,inf,38753280,38753280,861184,3324880,False
817,78,94.200000,0.044573,0.119139,1.056553,1.124835,1.729255,2.135106,4.520714,0.000000,1.056553,1.000000,0.000000,0.000000,11.222861,inf,33586176,33586176,861184,3185520,False
818,97,94.200000,0.048378,0.143967,1.200925,1.192418,1.826498,2.305738,3.497282,0.000000,1.200925,1.000000,0.000000,0.000000,13.561683,inf,41767424,41767424,861184,4378660,False
819,92,94.200000,0.041801,0.113023,0.959136,1.011786,1.715706,1.834960,2.526809,0.000000,0.959136,1.000000,0.000000,0.000000,10.646778,inf,39614464,39614464,861184,3783000,False
820,106,94.200000,0.040306,0.129489,1.009572,1.113092,1.638545,1.767563,3.689832,0.000000,1.009572,1.000000,0.000000,0.000000,12.197834,inf,45642752,45642752,861184,4147260,False
821,96,94.200000,0.038244,0.115785,0.941807,1.069841,1.625168,1.746511,1.945119,0.000000,0.941807,1.000000,0.000000,0.000000,10.906989,inf,41336832,41336832,861184,3737500,False
822,88,94.200000,0.039328,0.113518,1.003889,1.034312,1.664246,1.795788,2.247768,0.000000,1.003889,1.000000,0.000000,0.000000,10.693390,inf,37892096,37892096,861184,3204240,False
823,79,94.200000,0.053420,0.128875,1.221731,1.243234,1.868394,2.064360,2.608479,0.000000,1.221731,1.000000,0.000000,0.000000,12.139984,inf,34016768,34016768,861184,3892980,False
824,89,94.200000,0.046573,0.116248,1.038652,1.172091,1.616884,1.775350,2.197932,0.000000,1.038652,1.000000,0.000000,0.000000,10.950591,inf,38322688,38322688,861184,4041180,False
825,85,94.200000,0.041775,0.122445,1.125297,1.276386,1.756567,1.974433,2.331335,0.000000,1.125297,1.000000,0.000000,0.000000,11.534327,inf,36600320,36600320,861184,3055780,False
826,94,94.200000,0.043621,0.118844,0.996684,1.096192,1.619347,1.724466,2.342537,0.000000,0.996684,1.000000,0.000000,0.000000,11.195116,inf,40475648,40475648,861184,4066920,False
827,108,94.200000,0.049875,0.135969,1.103746,1.221938,1.735174,1.851039,2.534001,0.000000,1.103746,1.000000,0.000000,0.000000,12.808263,inf,46503936,46503936,861184,5015660,False
828,85,94.200000,0.040297,0.107476,0.948704,1.065482,1.513680,1.723945,2.198500,0.000000,0.948704,1.000000,0.000000,0.000000,10.124208,inf,36600320,36600320,861184,3638700,False
829,92,94.200000,0.045595,0.121109,1.050071,1.078505,1.637815,1.783918,2.216241,0.000000,1.050071,1.000000,0.000000,0.000000,11.408491,inf,39614464,39614464,861184,4353700,False
830,92,94.200000,0.042774,0.127643,1.081128,1.116801,1.833299,1.984314,3.290169,0.000000,1.081128,1.000000,0.000000,0.000000,12.023932,inf,39614464,39614464,861184,3645200,False
831,100,94.200000,0.046601,0.124577,0.995885,1.080665,1.764597,1.876481,2.884050,0.000000,0.995885,1.000000,0.000000,0.000000,11.735142,inf,43059200,43059200,861184,4856540,False
832,106,94.200000,0.043350,0.138600,1.043966,1.087060,1.811487,2.070862,2.966420,0.000000,1.043966,1.000000,0.000000,0.000000,13.056104,inf,45642752,45642752,861184,4358380,False
833,104,94.200000,0.048951,0.135922,1.078093,1.155406,1.645639,2.151687,3.708159,0.000000,1.078093,1.000000,0.000000,0.000000,12.803841,inf,44781568,44781568,861184,5167760,False
834,91,94.200000,0.046804,0.124415,1.049359,1.132243,1.681289,1.997254,2.417296,0.000000,1.049359,1.000000,0.000000,0.000000,11.719864,inf,39183872,39183872,861184,3943420,False
835,80,94.200000,0.046496,0.119226,1.083143,1.174441,1.699080,2.026834,3.085107,0.000000,1.083143,1.000000,0.000000,0.000000,11.231092,inf,34447360,34447360,861184,3810560,False
836,89,94.200000,0.049415,0.124048,1.069133,1.140104,1.663825,2.038944,2.977092,0.000000,1.069133,1.000000,0.000000,0.000000,11.685285,inf,38322688,38322688,861184,4346420,False
837,101,94.200000,0.051327,0.126868,1.049425,1.110838,1.718421,1.840144,2.563200,0.000000,1.049425,1.000000,0.000000,0.000000,11.950921,inf,43489792,43489792,861184,5375500,False
838,94,94.200000,0.053143,0.145160,1.200089,1.199702,1.818790,2.105916,4.316766,0.000000,1.200089,1.000000,0.000000,0.000000,13.674084,inf,40475648,40475648,861184,4905420,False
839,85,94.200000,0.042745,0.109437,0.990816,1.122413,1.549938,1.675729,2.364787,0.000000,0.990816,1.000000,0.000000,0.000000,10.308938,inf,36600320,36600320,861184,3812900,False
840,96,94.200000,0.037147,0.123057,1.014128,1.046379,1.674675,1.967029,2.944608,0.000000,1.014128,1.000000,0.000000,0.000000,11.591932,inf,41336832,41336832,861184,3674060,False
841,77,94.200000,0.045146,0.116824,1.092235,1.191150,1.644740,1.983488,3.372752,0.000000,1.092235,1.000000,0.000000,0.000000,11.004790,inf,33155584,33155584,861184,3356600,False
842,82,94.200000,0.034007,0.124720,1.052490,0.985636,1.794058,2.070692,4.908786,0.000000,1.052490,1.000000,0.000000,0.000000,11.748645,inf,35308544,35308544,861184,2634840,False
843,102,94.200000,0.036601,0.111354,0.864747,0.895277,1.612983,1.672793,2.086841,0.000000,0.864747,1.000000,0.000000,0.000000,10.489546,inf,43920384,43920384,861184,3948880,False
844,87,94.200000,0.044611,0.111281,1.017147,1.095559,1.543885,1.721035,2.423490,0.000000,1.017147,1.000000,0.000000,0.000000,10.482663,inf,37461504,37461504,861184,3994120,False
845,90,94.200000,0.043731,0.118258,1.050158,1.153272,1.716791,2.101275,2.204987,0.000000,1.050158,1.000000,0.000000,0.000000,11.139924,inf,38753280,38753280,861184,3739320,False
846,97,94.200000,0.044808,0.121358,0.996427,1.144683,1.586730,1.813259,2.429408,0.000000,0.996427,1.000000,0.000000,0.000000,11.431916,inf,41767424,41767424,861184,4480840,False
847,93,94.200000,0.045778,0.125650,1.063498,1.137695,1.777758,1.933799,3.241696,0.000000,1.063498,1.000000,0.000000,0.000000,11.836243,inf,40045056,40045056,861184,4097080,False
848,100,94.200000,0.043841,0.120621,0.984148,1.060337,1.633215,1.772269,2.798098,0.000000,0.984148,1.000000,0.000000,0.000000,11.362484,inf,43059200,43059200,861184,4569240,False
849,79,94.200000,0.044143,0.116844,1.083033,1.180797,1.822386,2.088095,2.352123,0.000000,1.083033,1.000000,0.000000,0.000000,11.006741,inf,34016768,34016768,861184,3348540,False
850,93,94.200000,0.043201,0.116371,0.984784,1.100084,1.544670,1.688045,2.190220,0.000000,0.984784,1.000000,0.000000,0.000000,10.962170,inf,40045056,40045056,861184,4005040,False
851,99,94.200000,0.050567,0.130427,1.099306,1.172457,1.656601,1.876572,2.624110,0.000000,1.099306,1.000000,0.000000,0.000000,12.286263,inf,42628608,42628608,861184,5012280,False
852,108,94.200000,0.044948,0.131302,1.001060,1.071469,1.686514,1.852648,4.334932,0.000000,1.001060,1.000000,0.000000,0.000000,12.368620,inf,46503936,46503936,861184,4883840,False
853,91,94.200000,0.037508,0.111456,0.961426,1.021473,1.657845,1.763382,2.503521,0.000000,0.961426,1.000000,0.000000,0.000000,10.499119,inf,39183872,39183872,861184,3747380,False
854,85,94.200000,0.028810,0.100494,0.843664,0.845035,1.529197,1.741775,3.325204,0.000000,0.843664,1.000000,0.000000,0.000000,9.466496,inf,36600320,36600320,861184,2715700,False
855,107,94.200000,0.040901,0.121371,0.951950,1.028154,1.576406,1.640634,3.009100,0.000000,0.951950,1.000000,0.000000,0.000000,11.433180,inf,46073344,46073344,861184,4729660,False
856,87,94.200000,0.043350,0.117623,1.030306,1.112777,1.744312,1.834032,2.658843,0.000000,1.030306,1.000000,0.000000,0.000000,11.080059,inf,37461504,37461504,861184,3862300,False
857,98,94.200000,0.036336,0.119859,0.923525,0.893486,1.699730,1.802905,3.189723,0.000000,0.923525,1.000000,0.000000,0.000000,11.290684,inf,42198016,42198016,861184,3764800,False
858,107,94.200000,0.036863,0.130397,1.029382,1.067476,1.703875,1.931037,2.558030,0.000000,1.029382,1.000000,0.000000,0.000000,12.283360,inf,46073344,46073344,861184,4110600,False
859,98,94.200000,0.044067,0.126461,1.004239,1.127231,1.713517,1.816413,3.083256,0.000000,1.004239,1.000000,0.000000,0.000000,11.912592,inf,42198016,42198016,861184,4073680,False
860,90,94.200000,0.046447,0.118219,1.027468,1.159931,1.580200,1.755130,2.925837,0.000000,1.027468,1.000000,0.000000,0.000000,11.136226,inf,38753280,38753280,861184,4285840,False
861,71,94.200000,0.048732,0.110160,1.129530,1.225251,1.678672,1.883905,2.522648,0.000000,1.129530,1.000000,0.000000,0.000000,10.377113,inf,30572032,30572032,861184,3439280,False
862,94,94.200000,0.040280,0.120051,1.020170,1.158973,1.605766,1.762973,2.260152,0.000000,1.020170,1.000000,0.000000,0.000000,11.308846,inf,40475648,40475648,861184,3879200,False
863,113,94.200000,0.039713,0.134617,1.015225,1.117806,1.584540,1.846983,3.526682,0.000000,1.015225,1.000000,0.000000,0.000000,12.680939,inf,48656896,48656896,861184,4598620,False
864,98,94.200000,0.044266,0.125313,1.037524,1.121704,1.793191,1.989313,2.431856,0.000000,1.037524,1.000000,0.000000,0.000000,11.804496,inf,42198016,42198016,861184,4429620,False
865,89,94.200000,0.035630,0.109540,0.896636,1.022415,1.634124,1.710643,2.855617,0.000000,0.896636,1.000000,0.000000,0.000000,10.318694,inf,38322688,38322688,861184,3127020,False
866,89,94.200000,0.049483,0.133032,1.148387,1.182007,1.750101,2.113377,3.643867,0.000000,1.148387,1.000000,0.000000,0.000000,12.531628,inf,38322688,38322688,861184,4435080,False
867,102,94.200000,0.043321,0.141825,1.134596,1.194791,1.849744,2.115486,4.097018,0.000000,1.134596,1.000000,0.000000,0.000000,13.359937,inf,43920384,43920384,861184,4514900,False
868,80,94.200000,0.046718,0.113840,1.042500,1.159627,1.721879,1.913105,2.561174,0.000000,1.042500,1.000000,0.000000,0.000000,10.723688,inf,34447360,34447360,861184,3612180,False
869,82,94.200000,0.029613,0.099423,0.828503,0.745618,1.750335,1.968174,2.843833,0.000000,0.828503,1.000000,0.000000,0.000000,9.365634,inf,35308544,35308544,861184,2753660,False
870,115,94.200000,0.040986,0.136704,0.982593,1.087146,1.691575,1.887030,3.225793,0.000000,0.982593,1.000000,0.000000,0.000000,12.877536,inf,49518080,49518080,861184,4771260,False
871,101,94.200000,0.045701,0.123734,1.011177,1.082207,1.596490,1.656627,2.556780,0.000000,1.011177,1.000000,0.000000,0.000000,11.655705,inf,43489792,43489792,861184,4862780,False
872,96,94.200000,0.037975,0.126008,1.047079,1.129729,1.723401,2.263989,3.438266,0.000000,1.047079,1.000000,0.000000,0.000000,11.869927,inf,41336832,41336832,861184,3560440,False
873,94,94.200000,0.037972,0.114078,0.979404,1.064892,1.661020,1.817415,2.141633,0.000000,0.979404,1.000000,0.000000,0.000000,10.746176,inf,40475648,40475648,861184,3641560,False
874,94,94.200000,0.046759,0.117640,0.984533,1.084340,1.645460,1.758856,2.357095,0.000000,0.984533,1.000000,0.000000,0.000000,11.081733,inf,40475648,40475648,861184,4556760,False
875,97,94.200000,0.043547,0.125892,1.046667,1.081873,1.750028,1.939190,2.449625,0.000000,1.046667,1.000000,0.000000,0.000000,11.859027,inf,41767424,41767424,861184,4198740,False
876,92,94.200000,0.045791,0.124492,1.078762,1.197221,1.628826,2.102302,2.697832,0.000000,1.078762,1.000000,0.000000,0.000000,11.727178,inf,39614464,39614464,861184,4334460,False
877,89,94.200000,0.038749,0.112724,0.984394,1.097480,1.541770,1.711609,2.923665,0.000000,0.984394,1.000000,0.000000,0.000000,10.618647,inf,38322688,38322688,861184,3587480,False
878,93,94.200000,0.039414,0.118346,1.012294,1.118404,1.704160,1.877603,2.834657,0.000000,1.012294,1.000000,0.000000,0.000000,11.148201,inf,40045056,40045056,861184,3648320,False
879,86,94.200000,0.040683,0.125837,1.082136,1.168246,1.678566,1.967962,4.016997,0.000000,1.082136,1.000000,0.000000,0.000000,11.853854,inf,37030912,37030912,861184,3246620,False
880,92,94.200000,0.047047,0.130724,1.135910,1.214228,1.735652,2.091948,3.350093,0.000000,1.135910,1.000000,0.000000,0.000000,12.314179,inf,39614464,39614464,861184,4360980,False
881,98,94.200000,0.033662,0.114846,0.882210,0.951330,1.609627,1.732619,2.998886,0.000000,0.882210,1.000000,0.000000,0.000000,10.818483,inf,42198016,42198016,861184,3537560,False
882,105,94.200000,0.042258,0.125388,0.978565,1.087343,1.678029,1.761094,2.464699,0.000000,0.978565,1.000000,0.000000,0.000000,11.811525,inf,45212160,45212160,861184,4775160,False
883,84,94.200000,0.043414,0.117567,1.012961,0.996918,1.629664,1.861539,4.518037,0.000000,1.012961,1.000000,0.000000,0.000000,11.074787,inf,36169728,36169728,861184,3634020,False
884,89,94.200000,0.038571,0.113830,0.982086,1.062451,1.554853,1.868035,2.757571,0.000000,0.982086,1.000000,0.000000,0.000000,10.722790,inf,38322688,38322688,861184,3877900,False
885,89,94.200000,0.033628,0.115868,0.971773,1.075364,1.794238,1.978750,2.673827,0.000000,0.971773,1.000000,0.000000,0.000000,10.914774,inf,38322688,38322688,861184,3055260,False
886,95,94.200000,0.039691,0.115608,0.977173,1.035075,1.656220,1.834192,2.969828,0.000000,0.977173,1.000000,0.000000,0.000000,10.890237,inf,40906240,40906240,861184,4213820,False
887,86,94.200000,0.043804,0.122348,1.056472,1.096906,1.681478,1.886057,3.321109,0.000000,1.056472,1.000000,0.000000,0.000000,11.525204,inf,37030912,37030912,861184,3746340,False
888,92,94.200000,0.039088,0.113756,0.960776,1.089663,1.766847,1.957776,2.583839,0.000000,0.960776,1.000000,0.000000,0.000000,10.715802,inf,39614464,39614464,861184,3942380,False
889,81,94.200000,0.036955,0.118893,0.996015,1.092642,1.586415,1.998049,4.628265,0.000000,0.996015,1.000000,0.000000,0.000000,11.199735,inf,34877952,34877952,861184,2903160,False
890,104,94.200000,0.038554,0.133381,1.036891,1.020944,1.773143,2.085409,4.261650,0.000000,1.036891,1.000000,0.000000,0.000000,12.564493,inf,44781568,44781568,861184,4074980,False
891,88,94.200000,0.038427,0.119213,0.996257,1.056451,1.815833,1.968529,3.499205,0.000000,0.996257,1.000000,0.000000,0.000000,11.229839,inf,37892096,37892096,861184,3312920,False
892,97,94.200000,0.043624,0.124482,1.030159,1.123030,1.608424,2.024608,3.003010,0.000000,1.030159,1.000000,0.000000,0.000000,11.726226,inf,41767424,41767424,861184,4258800,False
893,84,94.200000,0.037512,0.112997,1.008483,1.035805,1.669193,1.750676,2.449363,0.000000,1.008483,1.000000,0.000000,0.000000,10.644302,inf,36169728,36169728,861184,3278340,False
894,87,94.200000,0.048456,0.129677,1.159670,1.166957,1.780231,2.197133,3.047013,0.000000,1.159670,1.000000,0.000000,0.000000,12.215552,inf,37461504,37461504,861184,4226820,False
895,82,94.200000,0.037045,0.114310,0.992998,1.025324,1.658254,1.796750,3.611300,0.000000,0.992998,1.000000,0.000000,0.000000,10.767962,inf,35308544,35308544,861184,3313960,False
896,94,94.200000,0.038684,0.123428,0.977923,1.050554,1.811378,1.966298,3.069389,0.000000,0.977923,1.000000,0.000000,0.000000,11.626939,inf,40475648,40475648,861184,3776760,False
897,95,94.200000,0.038432,0.111787,0.960130,1.045407,1.622734,1.756017,2.027802,0.000000,0.960130,1.000000,0.000000,0.000000,10.530318,inf,40906240,40906240,861184,3760640,False
898,104,94.200000,0.034161,0.117858,0.929197,1.003779,1.536374,1.899418,2.594732,0.000000,0.929197,1.000000,0.000000,0.000000,11.102185,inf,44781568,44781568,861184,4005820,False
899,87,94.200000,0.034878,0.103005,0.918085,0.924997,1.545373,1.615001,1.888204,0.000000,0.918085,1.000000,0.000000,0.000000,9.703025,inf,37461504,37461504,861184,3571100,False
900,104,94.200000,0.039830,0.130775,1.028600,1.116290,1.666631,1.814957,3.540165,0.000000,1.028600,1.000000,0.000000,0.000000,12.318995,inf,44781568,44781568,861184,4173000,False
901,100,94.200000,0.041780,0.120623,0.967797,1.060654,1.694189,1.902633,2.288873,0.000000,0.967797,1.000000,0.000000,0.000000,11.362663,inf,43059200,43059200,861184,4672200,False
902,101,94.200000,0.041316,0.131654,1.072429,1.156542,1.743926,1.979714,3.724004,0.000000,1.072429,1.000000,0.000000,0.000000,12.401837,inf,43489792,43489792,861184,4395560,False
903,99,94.200000,0.041117,0.116197,0.930776,1.087922,1.641610,1.719665,2.669654,0.000000,0.930776,1.000000,0.000000,0.000000,10.945771,inf,42628608,42628608,861184,4629560,False
904,90,94.200000,0.043769,0.115307,0.992105,1.104537,1.622688,1.897558,2.455234,0.000000,0.992105,1.000000,0.000000,0.000000,10.861880,inf,38753280,38753280,861184,4103840,False
905,92,94.200000,0.039901,0.125792,1.069649,1.189992,1.651616,1.757349,3.860544,0.000000,1.069649,1.000000,0.000000,0.000000,11.849610,inf,39614464,39614464,861184,3900780,False
906,110,94.200000,0.036713,0.133387,0.988079,1.072746,1.627400,2.107487,3.533761,0.000000,0.988079,1.000000,0.000000,0.000000,12.565036,inf,47365120,47365120,861184,4347200,False
907,103,94.200000,0.039250,0.119929,0.969167,0.995709,1.563850,1.781307,3.298043,0.000000,0.969167,1.000000,0.000000,0.000000,11.297302,inf,44350976,44350976,861184,4388540,False
908,102,94.200000,0.042362,0.119273,0.969001,1.107999,1.616993,1.942261,2.504362,0.000000,0.969001,1.000000,0.000000,0.000000,11.235558,inf,43920384,43920384,861184,4449120,False
909,87,94.200000,0.037502,0.109455,0.920842,1.025627,1.607170,1.818214,3.223506,0.000000,0.920842,1.000000,0.000000,0.000000,10.310685,inf,37461504,37461504,861184,3513640,False
910,95,94.200000,0.045748,0.133777,1.065456,1.143469,1.812869,2.432393,3.543754,0.000000,1.065456,1.000000,0.000000,0.000000,12.601757,inf,40906240,40906240,861184,4503460,False
911,96,94.200000,0.038447,0.138533,1.040537,1.037229,1.793251,2.512326,4.874369,0.000000,1.040537,1.000000,0.000000,0.000000,13.049781,inf,41336832,41336832,861184,3686020,False
912,97,94.200000,0.041325,0.117711,0.968633,1.043189,1.638303,1.804703,2.738325,0.000000,0.968633,1.000000,0.000000,0.000000,11.088333,inf,41767424,41767424,861184,4304040,False
913,95,94.200000,0.035543,0.124838,0.988016,1.011497,1.542144,1.720707,4.847300,0.000000,0.988016,1.000000,0.000000,0.000000,11.759697,inf,40906240,40906240,861184,3583060,False
914,89,94.200000,0.032986,0.123571,1.010332,0.964290,1.827313,2.237090,3.481627,0.000000,1.010332,1.000000,0.000000,0.000000,11.640361,inf,38322688,38322688,861184,3077360,False
915,100,94.200000,0.041420,0.119910,0.957564,0.962586,1.746416,1.910509,2.833922,0.000000,0.957564,1.000000,0.000000,0.000000,11.295504,inf,43059200,43059200,861184,4602780,False
916,95,94.200000,0.040589,0.114494,0.935594,0.963183,1.641650,1.824286,2.906197,0.000000,0.935594,1.000000,0.000000,0.000000,10.785303,inf,40906240,40906240,861184,4074980,False
917,97,94.200000,0.038123,0.120173,0.988791,1.067905,1.625452,1.715058,2.878695,0.000000,0.988791,1.000000,0.000000,0.000000,11.320264,inf,41767424,41767424,861184,3914040,False
918,100,94.200000,0.042803,0.136074,1.110927,1.162304,1.821458,2.113027,2.932661,0.000000,1.110927,1.000000,0.000000,0.000000,12.818182,inf,43059200,43059200,861184,4306640,False
919,99,94.200000,0.044343,0.115845,0.975565,1.117523,1.522047,1.696135,2.225741,0.000000,0.975565,1.000000,0.000000,0.000000,10.912552,inf,42628608,42628608,861184,4749940,False
920,104,94.200000,0.037279,0.129584,1.007100,1.121392,1.607518,1.989087,2.807703,0.000000,1.007100,1.000000,0.000000,0.000000,12.206845,inf,44781568,44781568,861184,3985280,False
921,86,94.200000,0.036609,0.102977,0.882463,1.031106,1.507920,1.682006,2.464599,0.000000,0.882463,1.000000,0.000000,0.000000,9.700451,inf,37030912,37030912,861184,3665220,False
922,104,94.200000,0.040125,0.124142,0.992675,1.055483,1.668757,1.787222,2.940403,0.000000,0.992675,1.000000,0.000000,0.000000,11.694221,inf,44781568,44781568,861184,4500080,False
923,97,94.200000,0.044462,0.120506,0.981452,1.122936,1.651266,1.815794,2.574981,0.000000,0.981452,1.000000,0.000000,0.000000,11.351691,inf,41767424,41767424,861184,4704960,False
924,86,94.200000,0.036963,0.102341,0.859776,0.926896,1.483424,1.584915,2.499582,0.000000,0.859776,1.000000,0.000000,0.000000,9.640506,inf,37030912,37030912,861184,3601780,False
925,90,94.200000,0.035466,0.117916,1.020967,1.056721,1.702044,1.990231,3.070864,0.000000,1.020967,1.000000,0.000000,0.000000,11.107695,inf,38753280,38753280,861184,3537040,False
926,92,94.200000,0.041785,0.110692,0.953025,1.100409,1.593481,1.724842,2.349901,0.000000,0.953025,1.000000,0.000000,0.000000,10.427175,inf,39614464,39614464,861184,4286100,False
927,96,94.200000,0.043950,0.120078,0.999615,1.055413,1.627522,1.704725,3.316452,0.000000,0.999615,1.000000,0.000000,0.000000,11.311306,inf,41336832,41336832,861184,4676100,False
928,100,94.200000,0.038112,0.118798,0.993022,1.072988,1.587398,1.953015,2.599818,0.000000,0.993022,1.000000,0.000000,0.000000,11.190784,inf,43059200,43059200,861184,4094740,False
929,82,94.200000,0.040837,0.108406,0.951419,1.098327,1.628902,2.006048,2.658010,0.000000,0.951419,1.000000,0.000000,0.000000,10.211860,inf,35308544,35308544,861184,3728920,False
930,93,94.200000,0.036182,0.113303,0.950315,1.055125,1.621169,1.832763,2.062993,0.000000,0.950315,1.000000,0.000000,0.000000,10.673110,inf,40045056,40045056,861184,3604900,False
931,82,94.200000,0.036844,0.116289,0.995999,1.051217,1.582882,1.905814,4.204669,0.000000,0.995999,1.000000,0.000000,0.000000,10.954459,inf,35308544,35308544,861184,3002480,False
932,100,94.200000,0.036533,0.116125,0.929262,0.961855,1.667661,1.909171,2.512953,0.000000,0.929262,1.000000,0.000000,0.000000,10.938957,inf,43059200,43059200,861184,4067440,False
933,108,94.200000,0.035551,0.111090,0.857143,0.877187,1.450621,1.592425,2.239851,0.000000,0.857143,1.000000,0.000000,0.000000,10.464649,inf,46503936,46503936,861184,4665440,False
934,103,94.200000,0.038010,0.115185,0.908942,0.996749,1.590884,1.703142,1.914163,0.000000,0.908942,1.000000,0.000000,0.000000,10.850435,inf,44350976,44350976,861184,4545840,False
935,93,94.200000,0.032624,0.112210,0.887013,0.955619,1.597972,1.780980,2.916737,0.000000,0.887013,1.000000,0.000000,0.000000,10.570215,inf,40045056,40045056,861184,3309540,False
936,79,94.200000,0.043028,0.116428,1.089823,1.140768,1.755060,1.967989,2.592216,0.000000,1.089823,1.000000,0.000000,0.000000,10.967505,inf,34016768,34016768,861184,3647280,False
937,100,94.200000,0.040587,0.116577,0.953892,1.014427,1.567167,1.768813,2.682950,0.000000,0.953892,1.000000,0.000000,0.000000,10.981585,inf,43059200,43059200,861184,4809220,False
938,95,94.200000,0.035838,0.116231,0.930386,0.977289,1.557406,1.872359,3.456509,0.000000,0.930386,1.000000,0.000000,0.000000,10.948995,inf,40906240,40906240,861184,3791320,False
939,101,94.200000,0.029939,0.115236,0.890580,0.954524,1.599554,1.726219,3.226667,0.000000,0.890580,1.000000,0.000000,0.000000,10.855251,inf,43489792,43489792,861184,3231280,False
940,100,94.200000,0.035858,0.124013,1.016062,1.090125,1.701276,1.883886,2.266584,0.000000,1.016062,1.000000,0.000000,0.000000,11.682005,inf,43059200,43059200,861184,3846440,False
941,102,94.200000,0.037088,0.124828,0.988278,1.001950,1.725518,2.066228,2.769749,0.000000,0.988278,1.000000,0.000000,0.000000,11.758819,inf,43920384,43920384,861184,3871400,False
942,92,94.200000,0.039311,0.116229,0.966595,1.061841,1.599244,2.055795,2.519458,0.000000,0.966595,1.000000,0.000000,0.000000,10.948817,inf,39614464,39614464,861184,4084860,False
943,93,94.200000,0.039124,0.119261,1.031332,1.142666,1.697740,1.881460,2.576324,0.000000,1.031332,1.000000,0.000000,0.000000,11.234391,inf,40045056,40045056,861184,3877900,False
944,108,94.200000,0.042642,0.137090,1.039336,1.128885,1.747929,1.967834,4.323526,0.000000,1.039336,1.000000,0.000000,0.000000,12.913909,inf,46503936,46503936,861184,5281640,False
945,80,94.200000,0.039792,0.110187,0.954901,0.998054,1.532567,1.838836,4.400170,0.000000,0.954901,1.000000,0.000000,0.000000,10.379593,inf,34447360,34447360,861184,3943420,False
946,97,94.200000,0.039379,0.125118,1.029623,1.121895,1.703457,1.813778,2.947161,0.000000,1.029623,1.000000,0.000000,0.000000,11.786072,inf,41767424,41767424,861184,4007900,False
947,107,94.200000,0.038036,0.144748,1.033763,1.091506,1.656888,1.891623,6.583922,0.000000,1.033763,1.000000,0.000000,0.000000,13.635232,inf,46073344,46073344,861184,4495400,False
948,102,94.200000,0.030778,0.119033,0.941073,0.988919,1.577724,2.060256,2.659813,0.000000,0.941073,1.000000,0.000000,0.000000,11.212900,inf,43920384,43920384,861184,3617640,False
949,108,94.200000,0.037400,0.124490,0.953252,1.029526,1.755307,1.863143,2.272370,0.000000,0.953252,1.000000,0.000000,0.000000,11.726946,inf,46503936,46503936,861184,4329780,False
950,89,94.200000,0.041326,0.119533,1.048326,1.145411,1.647994,1.777722,3.894682,0.000000,1.048326,1.000000,0.000000,0.000000,11.259962,inf,38322688,38322688,861184,4136860,False
951,104,94.200000,0.041235,0.122943,0.947182,1.076825,1.608883,1.730431,2.267794,0.000000,0.947182,1.000000,0.000000,0.000000,11.581228,inf,44781568,44781568,861184,4801680,False
952,107,94.200000,0.034689,0.122633,0.918521,0.941033,1.614282,1.830557,4.248051,0.000000,0.918521,1.000000,0.000000,0.000000,11.552056,inf,46073344,46073344,861184,4372420,False
953,106,94.200000,0.040561,0.131064,0.978314,0.991849,1.756300,2.078137,3.176658,0.000000,0.978314,1.000000,0.000000,0.000000,12.346215,inf,45642752,45642752,861184,4523220,False
954,95,94.200000,0.035220,0.111692,0.901300,1.009038,1.460674,1.595398,2.417622,0.000000,0.901300,1.000000,0.000000,0.000000,10.521348,inf,40906240,40906240,861184,4173780,False
955,112,94.200000,0.038980,0.129660,0.989548,1.107286,1.689092,1.996300,2.377436,0.000000,0.989548,1.000000,0.000000,0.000000,12.213952,inf,48226304,48226304,861184,4882540,False
956,105,94.200000,0.036790,0.113765,0.871031,0.964207,1.546202,1.697670,2.620449,0.000000,0.871031,1.000000,0.000000,0.000000,10.716645,inf,45212160,45212160,861184,4344860,False
957,100,94.200000,0.039107,0.126071,1.007491,1.029661,1.868797,2.178060,2.715107,0.000000,1.007491,1.000000,0.000000,0.000000,11.875875,inf,43059200,43059200,861184,4642040,False
958,102,94.200000,0.034911,0.117132,0.944215,0.993711,1.573112,1.774990,2.276794,0.000000,0.944215,1.000000,0.000000,0.000000,11.033828,inf,43920384,43920384,861184,4006860,False
959,84,94.200000,0.043337,0.101827,0.911129,0.975825,1.537146,1.661281,1.989053,0.000000,0.911129,1.000000,0.000000,0.000000,9.592077,inf,36169728,36169728,861184,4144920,False
960,86,94.200000,0.033923,0.100715,0.856920,0.904742,1.540586,1.744781,2.034989,0.000000,0.856920,1.000000,0.000000,0.000000,9.487306,inf,37030912,37030912,861184,3150160,False
961,94,94.200000,0.031576,0.114070,0.909763,0.882246,1.712887,1.909683,3.790745,0.000000,0.909763,1.000000,0.000000,0.000000,10.745382,inf,40475648,40475648,861184,3341520,False
962,95,94.200000,0.035105,0.113947,0.957212,1.086745,1.541054,1.763568,2.488100,0.000000,0.957212,1.000000,0.000000,0.000000,10.733800,inf,40906240,40906240,861184,3996460,False
963,97,94.200000,0.044655,0.143684,1.155179,1.186426,1.682877,2.054653,6.447344,0.000000,1.155179,1.000000,0.000000,0.000000,13.535029,inf,41767424,41767424,861184,4773340,False
964,91,94.200000,0.035732,0.108104,0.965437,0.992124,1.480366,1.703429,2.493324,0.000000,0.965437,1.000000,0.000000,0.000000,10.183369,inf,39183872,39183872,861184,3700320,False
965,99,94.200000,0.043929,0.153580,1.146470,1.213229,1.791896,2.022870,6.883452,0.000000,1.146470,1.000000,0.000000,0.000000,14.467264,inf,42628608,42628608,861184,4559620,False
966,93,94.200000,0.035365,0.119156,0.955495,1.026655,1.668927,1.885648,2.608885,0.000000,0.955495,1.000000,0.000000,0.000000,11.224451,inf,40045056,40045056,861184,3572660,False
967,84,94.200000,0.034774,0.107586,0.948321,1.083871,1.650706,1.837705,2.466340,0.000000,0.948321,1.000000,0.000000,0.000000,10.134601,inf,36169728,36169728,861184,3421340,False
968,95,94.200000,0.035566,0.117967,0.932171,1.022856,1.637791,1.822853,3.517442,0.000000,0.932171,1.000000,0.000000,0.000000,11.112471,inf,40906240,40906240,861184,3644420,False
969,72,94.200000,0.042910,0.112863,1.072786,1.102883,1.762990,2.179878,3.335855,0.000000,1.072786,1.000000,0.000000,0.000000,10.631655,inf,31002624,31002624,861184,3371160,False
970,96,94.200000,0.034396,0.119012,0.976191,1.071951,1.662066,1.866238,2.667802,0.000000,0.976191,1.000000,0.000000,0.000000,11.210939,inf,41336832,41336832,861184,3700580,False
971,98,94.200000,0.038317,0.115671,0.939645,1.048979,1.565657,1.802371,2.597643,0.000000,0.939645,1.000000,0.000000,0.000000,10.896222,inf,42198016,42198016,861184,4397900,False
972,95,94.200000,0.035173,0.126915,1.033516,1.104080,1.660529,1.959160,4.059666,0.000000,1.033516,1.000000,0.000000,0.000000,11.955424,inf,40906240,40906240,861184,3729700,False
973,83,94.200000,0.040908,0.106822,0.962184,1.059897,1.592172,1.608650,1.876019,0.000000,0.962184,1.000000,0.000000,0.000000,10.062617,inf,35739136,35739136,861184,3997500,False
974,101,94.200000,0.039574,0.120840,1.012475,1.079722,1.594966,1.718883,2.442374,0.000000,1.012475,1.000000,0.000000,0.000000,11.383153,inf,43489792,43489792,861184,4785300,False
975,94,94.200000,0.034389,0.125080,0.957988,0.973757,1.628590,1.900399,6.209248,0.000000,0.957988,1.000000,0.000000,0.000000,11.782513,inf,40475648,40475648,861184,3694600,False
976,94,94.200000,0.036159,0.112068,0.933621,1.023842,1.666508,1.824490,2.281192,0.000000,0.933621,1.000000,0.000000,0.000000,10.556792,inf,40475648,40475648,861184,3857880,False
977,80,94.200000,0.038537,0.102935,0.978403,1.109254,1.531928,1.603753,1.951027,0.000000,0.978403,1.000000,0.000000,0.000000,9.696437,inf,34447360,34447360,861184,3704740,False
978,96,94.200000,0.030573,0.107926,0.875888,0.902091,1.601375,1.700822,2.353940,0.000000,0.875888,1.000000,0.000000,0.000000,10.166604,inf,41336832,41336832,861184,3448900,False
979,87,94.200000,0.042349,0.112323,0.970062,1.037132,1.569881,1.892407,2.495838,0.000000,0.970062,1.000000,0.000000,0.000000,10.580852,inf,37461504,37461504,861184,4106440,False
980,100,94.200000,0.039750,0.119826,0.974038,1.061556,1.659354,1.768193,2.701587,0.000000,0.974038,1.000000,0.000000,0.000000,11.287615,inf,43059200,43059200,861184,4378660,False
981,92,94.200000,0.038116,0.110009,0.923226,1.065470,1.535149,1.653271,2.246683,0.000000,0.923226,1.000000,0.000000,0.000000,10.362873,inf,39614464,39614464,861184,4275960,False
982,94,94.200000,0.037407,0.132316,1.102976,1.173490,1.824675,2.079089,3.445204,0.000000,1.102976,1.000000,0.000000,0.000000,12.464205,inf,40475648,40475648,861184,3564080,False
983,95,94.200000,0.033938,0.116034,0.899514,0.851199,1.611807,1.838916,3.367713,0.000000,0.899514,1.000000,0.000000,0.000000,10.930381,inf,40906240,40906240,861184,3957460,False
984,84,94.200000,0.035402,0.107748,0.929492,0.948861,1.524156,1.816108,3.707266,0.000000,0.929492,1.000000,0.000000,0.000000,10.149888,inf,36169728,36169728,861184,3405220,False
985,106,94.200000,0.034683,0.112081,0.878396,0.993703,1.469187,1.709767,2.590595,0.000000,0.878396,1.000000,0.000000,0.000000,10.558041,inf,45642752,45642752,861184,4601740,False
986,98,94.200000,0.038530,0.117386,0.983042,1.021330,1.602162,1.709130,2.896506,0.000000,0.983042,1.000000,0.000000,0.000000,11.057788,inf,42198016,42198016,861184,4433780,False
987,91,94.200000,0.039462,0.108239,0.942465,1.044516,1.555985,1.749642,1.964826,0.000000,0.942465,1.000000,0.000000,0.000000,10.196073,inf,39183872,39183872,861184,4467840,False
988,109,94.200000,0.044124,0.137862,1.069074,1.089188,1.786222,1.988102,3.919547,0.000000,1.069074,1.000000,0.000000,0.000000,12.986572,inf,46934528,46934528,861184,5155800,False
989,80,94.200000,0.034640,0.099500,0.899285,1.023578,1.490941,1.701028,2.378420,0.000000,0.899285,1.000000,0.000000,0.000000,9.372874,inf,34447360,34447360,861184,3456700,False
990,99,94.200000,0.038620,0.123833,1.009463,1.104723,1.660738,1.943482,2.750607,0.000000,1.009463,1.000000,0.000000,0.000000,11.665028,inf,42628608,42628608,861184,4335240,False
991,96,94.200000,0.038535,0.110715,0.912455,0.999255,1.509005,1.674409,2.719746,0.000000,0.912455,1.000000,0.000000,0.000000,10.429323,inf,41336832,41336832,861184,4451980,False
992,95,94.200000,0.038398,0.114833,0.947104,1.077593,1.599511,1.811461,3.506946,0.000000,0.947104,1.000000,0.000000,0.000000,10.817253,inf,40906240,40906240,861184,4274140,False
993,103,94.200000,0.038918,0.135966,1.056667,1.175412,1.722645,1.976700,3.794504,0.000000,1.056667,1.000000,0.000000,0.000000,12.807973,inf,44350976,44350976,861184,4408040,False
994,95,94.200000,0.037923,0.117671,1.010466,1.132087,1.597343,1.703646,2.832816,0.000000,1.010466,1.000000,0.000000,0.000000,11.084562,inf,40906240,40906240,861184,4119440,False
995,106,94.200000,0.037249,0.129272,1.033125,1.118796,1.687426,1.881883,2.568501,0.000000,1.033125,1.000000,0.000000,0.000000,12.177412,inf,45642752,45642752,861184,4220840,False
996,85,94.200000,0.035141,0.114941,1.007081,1.021389,1.640190,1.931747,3.744176,0.000000,1.007081,1.000000,0.000000,0.000000,10.827445,inf,36600320,36600320,861184,3436680,False
997,84,94.200000,0.034370,0.111479,1.001169,1.040628,1.501468,1.820863,2.918532,0.000000,1.001169,1.000000,0.000000,0.000000,10.501286,inf,36169728,36169728,861184,3514940,False
998,88,94.200000,0.040439,0.123594,1.059215,1.163162,1.694115,1.876966,3.632425,0.000000,1.059215,1.000000,0.000000,0.000000,11.642520,inf,37892096,37892096,861184,4056260,False
999,90,94.200000,0.037998,0.113153,0.961395,1.075133,1.596505,1.685236,3.152235,0.000000,0.961395,1.000000,0.000000,0.000000,10.658994,inf,38753280,38753280,861184,3995160,False
1000,108,94.200000,0.036221,0.119483,0.936828,1.045043,1.609916,1.792198,2.035150,0.000000,0.936828,1.000000,0.000000,0.000000,11.255286,inf,46503936,46503936,861184,4416880,False
