round,clients,denominator,local_loss,update_norm,pre_clip_norm_mean,pre_clip_norm_median,pre_clip_norm_p90,pre_clip_norm_p95,pre_clip_norm_max,frac_clipped,post_clip_norm_mean,shrinkage_mean,noise_std,noise_norm,clipped_aggregate_norm,signal_to_noise,download_bytes,upload_bytes,bytes_per_client,sparse_upload_bytes_diag,skipped_empty
1,86,94.200000,0.692843,18.545848,0.096718,0.083330,0.167539,0.185768,0.412501,0.000000,0.096718,1.000000,5.342505,1747.024802,1.056374,0.000605,37030912,37030912,861184,3838640,False
2,91,94.200000,0.674755,18.646310,0.428871,0.293951,0.979046,1.118655,1.802807,0.010989,0.425544,0.998154,5.342505,1756.471030,5.545576,0.003157,39183872,39183872,861184,3728400,False
3,99,94.200000,0.644720,18.565778,0.631151,0.450048,1.388253,1.723834,3.509260,0.070707,0.581904,0.980872,5.342505,1748.858956,8.083019,0.004622,42628608,42628608,861184,4952740,False
4,95,94.200000,0.637144,18.546591,0.636815,0.438841,1.438004,1.716509,3.257549,0.084211,0.600617,0.984755,5.342505,1747.084000,8.131876,0.004655,40906240,40906240,861184,5099120,False
5,93,94.200000,0.585160,18.619834,0.973295,0.924795,1.869469,2.071183,2.346347,0.172043,0.903743,0.965939,5.342505,1753.916176,10.799741,0.006158,40045056,40045056,861184,2905500,False
6,96,94.200000,0.558299,18.666235,1.080705,0.854075,2.145142,2.541747,3.985289,0.270833,0.897493,0.925117,5.342505,1758.311021,11.268557,0.006409,41336832,41336832,861184,3640780,False
7,110,94.200000,0.518151,18.615376,1.258472,1.241998,2.261949,2.513525,3.156879,0.363636,1.062136,0.913154,5.342505,1753.479370,14.066219,0.008022,47365120,47365120,861184,3762200,False
8,92,94.200000,0.542119,18.654980,1.021380,0.809785,2.039611,2.272741,2.936349,0.271739,0.889663,0.939522,5.342505,1757.265441,11.097840,0.006315,39614464,39614464,861184,4335240,False
9,85,94.200000,0.544217,18.506341,1.093800,0.876181,2.081440,2.314247,3.442298,0.258824,0.916762,0.929974,5.342505,1743.287806,11.000292,0.006310,36600320,36600320,861184,4112160,False
10,91,94.200000,0.539257,18.630105,1.187480,0.921636,2.239788,2.467720,4.429126,0.296703,0.991445,0.922727,5.342505,1754.924246,12.067432,0.006876,39183872,39183872,861184,4249700,False
11,100,94.200000,0.511343,18.654557,1.282296,1.180515,2.330877,2.706725,3.928031,0.320000,1.052962,0.910287,5.342505,1757.202264,13.589191,0.007733,43059200,43059200,861184,4602000,False
12,93,94.200000,0.488584,18.610191,1.237859,1.039046,2.232303,2.506263,3.784827,0.354839,1.006307,0.903791,5.342505,1753.061991,12.594597,0.007184,40045056,40045056,861184,4271280,False
13,86,94.200000,0.469968,18.595159,1.526606,1.406958,2.566981,3.054286,5.402522,0.476744,1.138040,0.864422,5.342505,1751.629800,13.199501,0.007536,37030912,37030912,861184,3468140,False
14,93,94.200000,0.498559,18.573540,1.514086,1.363593,2.682729,3.200324,3.815083,0.473118,1.133911,0.853344,5.342505,1749.653401,14.003376,0.008004,40045056,40045056,861184,4298320,False
15,97,94.200000,0.469135,18.645105,1.648273,1.308667,2.950262,3.245689,8.469009,0.463918,1.169433,0.842885,5.342505,1756.271774,14.778921,0.008415,41767424,41767424,861184,4049500,False
16,96,94.200000,0.435112,18.621324,1.720015,1.745299,2.759593,3.108585,5.550024,0.614583,1.240448,0.821961,5.342505,1754.059667,14.770831,0.008421,41336832,41336832,861184,3899220,False
17,94,94.200000,0.462061,18.629596,1.640031,1.500499,2.697801,3.309727,6.343160,0.500000,1.202767,0.845561,5.342505,1754.889255,14.396553,0.008204,40475648,40475648,861184,4100200,False
18,87,94.200000,0.465331,18.583038,1.653152,1.468711,2.951959,3.340049,4.682776,0.482759,1.210897,0.842569,5.342505,1750.457787,14.088950,0.008049,37461504,37461504,861184,3736980,False
19,89,94.200000,0.451601,18.559505,2.026357,1.842763,3.305664,4.286911,8.632791,0.595506,1.273313,0.771991,5.342505,1748.266826,14.246276,0.008149,38322688,38322688,861184,3419780,False
20,92,94.200000,0.483632,18.639111,1.715498,1.469109,3.283789,3.580696,4.815722,0.478261,1.198206,0.825931,5.342505,1755.729925,14.375929,0.008188,39614464,39614464,861184,4245540,False
21,84,94.200000,0.452266,18.636880,2.182076,1.943837,4.009338,4.700326,7.120660,0.607143,1.302697,0.743147,5.342505,1755.657255,14.106256,0.008035,36169728,36169728,861184,3428620,False
22,75,94.200000,0.472987,18.600642,2.000463,1.728884,3.810365,4.885801,5.379540,0.600000,1.235811,0.774333,5.342505,1752.124408,13.005435,0.007423,32294400,32294400,861184,3083860,False
23,117,94.200000,0.494411,18.615598,1.775649,1.507881,3.426305,4.088372,6.164012,0.504274,1.199524,0.823167,5.342505,1753.461545,16.736013,0.009545,50379264,50379264,861184,6016140,False
24,78,94.200000,0.466110,18.586381,2.039640,1.786773,3.411855,3.999666,10.119432,0.551282,1.246355,0.773805,5.342505,1750.782649,13.555558,0.007743,33586176,33586176,861184,3712540,False
25,109,94.200000,0.476508,18.605751,2.239662,1.904762,4.209419,4.623382,5.852716,0.633028,1.321875,0.733117,5.342505,1752.632642,17.240710,0.009837,46934528,46934528,861184,4525820,False
26,86,94.200000,0.472390,18.560808,1.992525,1.645547,3.602490,4.914630,10.543640,0.569767,1.222122,0.787950,5.342505,1748.329591,15.261795,0.008729,37030912,37030912,861184,4435600,False
27,81,94.200000,0.491706,18.609283,2.325401,2.023664,4.087916,6.841521,9.904499,0.691358,1.298553,0.732647,5.342505,1752.959207,14.312347,0.008165,34877952,34877952,861184,3679260,False
28,93,94.200000,0.477707,18.617393,2.419293,2.002430,4.623279,5.814689,6.886851,0.645161,1.295131,0.707388,5.342505,1753.639252,15.120464,0.008622,40045056,40045056,861184,3947320,False
29,86,94.200000,0.471376,18.611628,2.443280,2.020348,4.553780,5.115384,10.174277,0.651163,1.292571,0.704592,5.342505,1753.124796,14.672623,0.008369,37030912,37030912,861184,3364920,False
30,104,94.200000,0.454026,18.629927,2.268709,2.001711,4.016282,4.868605,6.969362,0.644231,1.323880,0.727737,5.342505,1754.899801,16.810993,0.009579,44781568,44781568,861184,4458220,False
31,91,94.200000,0.465369,18.582819,2.388687,2.017969,4.142776,5.143117,6.712255,0.703297,1.330602,0.706843,5.342505,1750.414209,15.467677,0.008837,39183872,39183872,861184,4045080,False
32,86,94.200000,0.491379,18.665965,2.479683,2.349017,4.164429,5.090500,13.485432,0.604651,1.301863,0.698967,5.342505,1758.303091,14.780188,0.008406,37030912,37030912,861184,4125940,False
33,88,94.200000,0.515250,18.530660,2.784563,2.358983,4.874216,5.806691,10.003377,0.738636,1.390658,0.660547,5.342505,1745.481215,15.631423,0.008955,37892096,37892096,861184,3447860,False
34,96,94.200000,0.547885,18.591280,3.177511,2.566852,5.837260,7.760296,15.432893,0.708333,1.346740,0.636879,5.342505,1751.220446,16.480686,0.009411,41336832,41336832,861184,3836560,False
35,113,94.200000,0.507655,18.586867,3.097358,2.615187,5.282765,6.570564,24.209157,0.725664,1.351459,0.638800,5.342505,1750.765704,17.557957,0.010029,48656896,48656896,861184,4724460,False
36,97,94.200000,0.516306,18.535006,2.936013,2.274062,5.992463,8.059161,16.155545,0.731959,1.361480,0.662267,5.342505,1745.914297,16.207676,0.009283,41767424,41767424,861184,4103580,False
37,100,94.200000,0.531646,18.540120,2.977237,2.350341,5.579445,7.049113,12.411661,0.740000,1.376615,0.650084,5.342505,1746.271131,16.884031,0.009669,43059200,43059200,861184,4172220,False
38,92,94.200000,0.544548,18.631970,2.726099,2.287092,4.959135,6.293926,18.555677,0.739130,1.367664,0.673375,5.342505,1755.147506,16.389931,0.009338,39614464,39614464,861184,4183660,False
39,106,94.200000,0.518655,18.594472,3.198243,2.526931,6.717719,8.196882,12.647426,0.735849,1.350352,0.627975,5.342505,1751.510123,17.002988,0.009708,45642752,45642752,861184,4332380,False
40,90,94.200000,0.514507,18.612925,2.979603,2.524688,5.730152,7.177783,11.453391,0.733333,1.359560,0.637382,5.342505,1753.270723,15.784514,0.009003,38753280,38753280,861184,3998540,False
41,107,94.200000,0.595689,18.620202,3.381151,2.551228,6.096429,9.513339,17.764489,0.710280,1.323511,0.629866,5.342505,1753.935105,17.214082,0.009815,46073344,46073344,861184,4820400,False
42,89,94.200000,0.497071,18.578751,3.099997,2.479491,5.994508,7.879197,16.167239,0.741573,1.342358,0.636154,5.342505,1750.029639,14.959188,0.008548,38322688,38322688,861184,3205280,False
43,99,94.200000,0.538145,18.537611,3.142395,2.625032,6.858074,7.794899,11.543212,0.666667,1.293366,0.634122,5.342505,1746.166515,16.079982,0.009209,42628608,42628608,861184,4576780,False
44,95,94.200000,0.596506,18.671402,3.544991,3.004422,6.720275,9.215091,22.118792,0.715789,1.323320,0.591051,5.342505,1758.831524,15.518072,0.008823,40906240,40906240,861184,4669080,False
45,85,94.200000,0.603351,18.561192,3.231000,2.742481,6.196244,8.326920,11.275439,0.729412,1.358115,0.618897,5.342505,1748.417961,15.124467,0.008650,36600320,36600320,861184,3882320,False
46,97,94.200000,0.641044,18.613674,3.697440,2.879691,7.206287,9.658367,18.319127,0.721649,1.334698,0.588792,5.342505,1753.260178,15.907224,0.009073,41767424,41767424,861184,4084600,False
47,96,94.200000,0.621586,18.640005,3.842668,3.174482,6.607053,8.133311,26.757702,0.822917,1.411107,0.549266,5.342505,1755.766030,16.489107,0.009391,41336832,41336832,861184,3834740,False
48,97,94.200000,0.603710,18.665455,3.848381,3.041697,7.472561,10.873037,18.055013,0.804124,1.379516,0.565819,5.342505,1758.160371,16.496869,0.009383,41767424,41767424,861184,3931980,False
49,100,94.200000,0.606045,18.588121,3.845258,3.303400,8.168975,10.016335,23.337391,0.770000,1.380455,0.570670,5.342505,1750.938159,16.248344,0.009280,43059200,43059200,861184,3825640,False
50,85,94.200000,0.603492,18.615779,4.021538,3.037415,6.944509,10.734298,28.835437,0.800000,1.394546,0.559928,5.342505,1753.445843,14.800546,0.008441,36600320,36600320,861184,3323580,False
51,94,94.200000,0.612659,18.639791,4.119009,3.098045,8.679558,10.000422,15.385373,0.819149,1.405873,0.534406,5.342505,1755.747350,15.802777,0.009001,40475648,40475648,861184,3697200,False
52,96,94.200000,0.638950,18.630206,3.726280,2.815779,7.528536,9.484440,19.974080,0.729167,1.325659,0.592772,5.342505,1754.842332,16.151665,0.009204,41336832,41336832,861184,4375280,False
53,94,94.200000,0.587292,18.650864,3.441806,2.752310,7.035221,8.446564,14.702120,0.776596,1.385588,0.591542,5.342505,1756.836968,16.153872,0.009195,40475648,40475648,861184,3830060,False
54,104,94.200000,0.671301,18.593601,4.513168,3.739038,8.328088,11.152993,26.490602,0.817308,1.377775,0.495772,5.342505,1751.451902,16.422158,0.009376,44781568,44781568,861184,4159480,False
55,115,94.200000,0.620350,18.648366,3.912304,3.408498,7.316309,9.319820,17.529972,0.791304,1.401419,0.557949,5.342505,1756.550981,18.389358,0.010469,49518080,49518080,861184,4630600,False
56,95,94.200000,0.619216,18.652722,3.677070,2.876197,7.658204,8.786646,14.963911,0.684211,1.325687,0.599969,5.342505,1757.115105,16.056041,0.009138,40906240,40906240,861184,4547660,False
57,94,94.200000,0.713953,18.596956,4.078560,3.096987,8.798542,10.760083,13.656963,0.755319,1.377733,0.556051,5.342505,1751.769060,16.008076,0.009138,40475648,40475648,861184,4431700,False
58,74,94.200000,0.637242,18.644903,3.878884,3.360384,7.639792,9.462343,16.581928,0.743243,1.336087,0.554137,5.342505,1756.282998,13.391209,0.007625,31863808,31863808,861184,3189160,False
59,89,94.200000,0.770867,18.642891,4.270572,3.061614,7.516257,10.684329,27.327890,0.741573,1.370728,0.570778,5.342505,1756.136379,15.984404,0.009102,38322688,38322688,861184,4196660,False
60,105,94.200000,0.704126,18.618783,3.504930,3.171566,6.194025,7.670204,18.335172,0.809524,1.368250,0.569723,5.342505,1753.754874,17.552090,0.010008,45212160,45212160,861184,4413760,False
61,91,94.200000,0.699721,18.546965,4.556890,3.852718,8.766655,9.836114,30.601398,0.824176,1.397886,0.495022,5.342505,1747.009242,15.334736,0.008778,39183872,39183872,861184,3273660,False
62,89,94.200000,0.706477,18.602945,4.728038,3.668048,8.091709,12.040379,27.262648,0.831461,1.432240,0.497586,5.342505,1752.332547,15.703263,0.008961,38322688,38322688,861184,3703700,False
63,95,94.200000,0.696893,18.564318,4.145656,2.690880,7.940979,10.767806,34.892520,0.810526,1.416404,0.581677,5.342505,1748.626839,17.180287,0.009825,40906240,40906240,861184,4460560,False
64,79,94.200000,0.731266,18.610493,4.962981,4.120665,9.933579,12.670170,24.767593,0.810127,1.358842,0.502318,5.342505,1753.023093,13.696840,0.007813,34016768,34016768,861184,2875600,False
65,103,94.200000,0.726615,18.660681,5.329314,3.693643,8.309833,18.902212,46.670110,0.825243,1.387189,0.503588,5.342505,1757.789462,17.016077,0.009680,44350976,44350976,861184,4049760,False
66,88,94.200000,0.688052,18.640388,4.730612,4.240893,8.114164,9.610860,12.938120,0.886364,1.435045,0.440806,5.342505,1755.909765,15.259826,0.008691,37892096,37892096,861184,2809820,False
67,91,94.200000,0.836997,18.580775,4.949405,3.124588,13.317405,16.647283,24.774994,0.791209,1.364595,0.529857,5.342505,1750.304895,15.737658,0.008991,39183872,39183872,861184,4071340,False
68,93,94.200000,0.828171,18.637442,4.900127,4.062226,9.630433,14.105436,22.050641,0.806452,1.404661,0.487704,5.342505,1755.544812,16.031229,0.009132,40045056,40045056,861184,3901560,False
69,97,94.200000,0.756185,18.656784,4.699189,3.839501,9.620448,12.429724,18.965910,0.793814,1.399426,0.513161,5.342505,1757.319328,16.570013,0.009429,41767424,41767424,861184,3787160,False
70,87,94.200000,0.783654,18.544716,4.699316,3.856558,10.935784,12.594429,23.590018,0.758621,1.369199,0.518891,5.342505,1746.745927,15.246842,0.008729,37461504,37461504,861184,3935880,False
71,101,94.200000,0.801265,18.667936,4.793939,3.700739,11.815643,13.422039,22.366615,0.792079,1.395235,0.520339,5.342505,1758.423614,17.014147,0.009676,43489792,43489792,861184,4637100,False
72,86,94.200000,0.818148,18.620919,3.913552,3.168661,7.904106,9.202981,16.088921,0.720930,1.372953,0.572597,5.342505,1753.884235,15.357383,0.008756,37030912,37030912,861184,4317560,False
73,100,94.200000,0.801291,18.595343,4.685132,3.772226,8.773231,13.151271,16.318403,0.820000,1.417917,0.497071,5.342505,1751.601560,17.465271,0.009971,43059200,43059200,861184,4125160,False
74,92,94.200000,0.793592,18.543362,4.341670,3.161834,7.372291,10.529322,25.224654,0.793478,1.418330,0.551729,5.342505,1746.765360,17.025636,0.009747,39614464,39614464,861184,4675840,False
75,87,94.200000,0.790636,18.654460,5.153139,4.456026,11.008326,13.166329,19.643377,0.804598,1.400937,0.476274,5.342505,1757.185586,15.515531,0.008830,37461504,37461504,861184,3743480,False
76,88,94.200000,0.860923,18.589611,4.753457,3.884269,8.110460,11.794315,22.702986,0.852273,1.436692,0.486761,5.342505,1751.076302,16.042424,0.009161,37892096,37892096,861184,3794700,False
77,92,94.200000,0.842280,18.580618,5.415954,4.163388,9.112974,12.838919,28.165026,0.836957,1.449749,0.455135,5.342505,1750.177463,15.997129,0.009140,39614464,39614464,861184,3580200,False
78,91,94.200000,0.906120,18.574459,5.406112,3.823248,10.808315,15.059812,29.844217,0.802198,1.430652,0.493158,5.342505,1749.698084,16.301474,0.009317,39183872,39183872,861184,4030000,False
79,89,94.200000,0.824971,18.660526,5.389258,4.359299,9.968346,13.708077,24.622638,0.876404,1.419965,0.439891,5.342505,1757.704371,15.566694,0.008856,38322688,38322688,861184,3343600,False
80,90,94.200000,0.813813,18.642845,5.997935,4.632939,11.854303,15.185435,20.905560,0.922222,1.468362,0.398758,5.342505,1756.113757,15.975178,0.009097,38753280,38753280,861184,3110120,False
81,101,94.200000,0.933996,18.590489,5.283274,3.727202,10.456580,15.164872,29.716221,0.851485,1.443012,0.479681,5.342505,1751.116932,17.005285,0.009711,43489792,43489792,861184,4441320,False
82,102,94.200000,1.025343,18.620314,5.816426,4.544553,12.026936,14.661507,25.557372,0.843137,1.395545,0.451496,5.342505,1753.953113,16.827567,0.009594,43920384,43920384,861184,4276740,False
83,99,94.200000,1.004523,18.533014,6.529678,4.441466,12.838168,15.308839,47.302229,0.818182,1.398532,0.459147,5.342505,1745.708435,16.725300,0.009581,42628608,42628608,861184,4240340,False
84,102,94.200000,0.830672,18.642146,5.359340,4.294265,11.810168,15.049157,18.675245,0.833333,1.367841,0.462264,5.342505,1756.051854,16.644183,0.009478,43920384,43920384,861184,4232280,False
85,107,94.200000,0.928477,18.592266,6.064684,5.312834,11.954480,13.908565,25.986646,0.897196,1.442115,0.415302,5.342505,1751.369835,17.314188,0.009886,46073344,46073344,861184,3961620,False
86,79,94.200000,0.882549,18.664928,4.740740,3.898845,9.402666,11.600075,17.438948,0.835443,1.390203,0.505703,5.342505,1758.055729,14.503749,0.008250,34016768,34016768,861184,3220100,False
87,95,94.200000,1.005572,18.651702,6.320779,5.122726,12.641838,18.379036,40.707212,0.863158,1.430408,0.440975,5.342505,1756.867102,16.352658,0.009308,40906240,40906240,861184,3967340,False
88,94,94.200000,0.878059,18.645740,6.359060,4.400725,11.768803,14.820460,66.374065,0.893617,1.409101,0.434110,5.342505,1756.364731,15.913081,0.009060,40475648,40475648,861184,3709160,False
89,109,94.200000,0.858106,18.605634,6.054743,4.617839,12.795135,17.432406,39.753253,0.825688,1.363016,0.455763,5.342505,1752.545312,17.124451,0.009771,46934528,46934528,861184,4053660,False
90,85,94.200000,0.956152,18.581390,5.385461,3.767006,12.136877,14.960229,27.644019,0.847059,1.409967,0.466462,5.342505,1750.273622,15.453149,0.008829,36600320,36600320,861184,3436680,False
91,102,94.200000,1.011026,18.626450,5.513981,4.180631,11.850074,14.055647,33.013315,0.843137,1.403070,0.453658,5.342505,1754.597153,17.003159,0.009691,43920384,43920384,861184,4362800,False
92,88,94.200000,0.967585,18.621844,4.889482,3.289751,10.522192,12.677996,29.871590,0.693182,1.345625,0.552861,5.342505,1754.020428,15.863825,0.009044,37892096,37892096,861184,5151640,False
93,92,94.200000,0.914299,18.630384,6.045119,4.511914,14.178372,16.731109,26.098516,0.826087,1.352747,0.446202,5.342505,1754.891730,15.439324,0.008798,39614464,39614464,861184,3439020,False
94,82,94.200000,1.043381,18.602305,6.150504,5.181946,11.519372,16.227978,28.126000,0.865854,1.421435,0.439505,5.342505,1752.243317,15.027597,0.008576,35308544,35308544,861184,3590860,False
95,96,94.200000,0.991104,18.580870,5.904269,4.170891,11.784035,15.941880,23.282946,0.833333,1.413100,0.447405,5.342505,1750.262119,16.272674,0.009297,41336832,41336832,861184,4115540,False
96,105,94.200000,1.023701,18.618687,5.320757,3.730915,11.542664,12.924578,47.595875,0.838095,1.416266,0.499359,5.342505,1753.738827,18.349605,0.010463,45212160,45212160,861184,4942600,False
97,86,94.200000,0.994362,18.681060,6.100040,4.506173,12.201830,15.487846,48.835244,0.848837,1.385099,0.447095,5.342505,1759.711040,15.004242,0.008527,37030912,37030912,861184,3499340,False
98,97,94.200000,1.013592,18.616632,6.636587,4.622191,14.647683,19.588354,31.911101,0.917526,1.424345,0.419806,5.342505,1753.582569,16.556786,0.009442,41767424,41767424,861184,3864380,False
99,103,94.200000,1.036690,18.640542,5.671504,4.518070,11.873168,14.876221,26.435662,0.854369,1.393142,0.464196,5.342505,1755.881319,16.918924,0.009636,44350976,44350976,861184,4501900,False
100,114,94.200000,1.190622,18.547619,7.380873,4.559425,13.119035,18.796969,69.658983,0.859649,1.417139,0.434511,5.342505,1747.058469,18.657090,0.010679,49087488,49087488,861184,4999800,False
101,86,94.200000,1.007010,18.609303,6.252273,3.465848,14.635635,22.182535,31.976248,0.848837,1.379378,0.491202,5.342505,1752.987951,15.769156,0.008996,37030912,37030912,861184,3932760,False
102,83,94.200000,1.057251,18.626996,6.233105,4.327211,12.142276,17.632053,50.942029,0.843373,1.393177,0.461237,5.342505,1754.719201,14.927989,0.008507,35739136,35739136,861184,3758820,False
103,89,94.200000,1.086182,18.581278,6.543057,4.756597,12.231247,16.480106,36.113745,0.831461,1.420899,0.440127,5.342505,1750.275597,15.900400,0.009085,38322688,38322688,861184,4289740,False
104,93,94.200000,1.092257,18.633735,5.803748,4.363667,11.576739,15.256008,35.595191,0.870968,1.450711,0.468372,5.342505,1755.187121,16.820695,0.009583,40045056,40045056,861184,4708600,False
105,105,94.200000,1.203918,18.597529,6.490920,4.420944,13.163030,18.120972,50.374107,0.866667,1.436726,0.446977,5.342505,1751.839427,17.716641,0.010113,45212160,45212160,861184,5079620,False
106,91,94.200000,1.074673,18.625855,6.591450,4.304390,12.897559,16.492678,111.057575,0.846154,1.383352,0.467428,5.342505,1754.513340,16.274085,0.009276,39183872,39183872,861184,4198220,False
107,98,94.200000,0.998656,18.589719,6.092988,5.196359,11.586996,15.802985,27.628917,0.857143,1.419433,0.422158,5.342505,1751.058032,17.221295,0.009835,42198016,42198016,861184,4426240,False
108,84,94.200000,1.030353,18.633409,6.520484,5.485358,12.980849,15.902210,20.713241,0.904762,1.410406,0.389732,5.342505,1755.174376,14.764796,0.008412,36169728,36169728,861184,3052920,False
109,90,94.200000,1.161663,18.556034,6.548585,5.199452,12.599920,15.621836,24.595694,0.933333,1.453628,0.396997,5.342505,1747.844385,15.970595,0.009137,38753280,38753280,861184,3696940,False
110,103,94.200000,1.153680,18.581955,8.182723,6.105853,15.559219,19.712175,57.358245,0.951456,1.470682,0.323260,5.342505,1750.382398,17.270723,0.009867,44350976,44350976,861184,3411460,False
111,86,94.200000,1.167762,18.598052,6.317316,5.253390,14.203645,15.858740,30.223608,0.860465,1.401520,0.419087,5.342505,1751.918115,15.291370,0.008728,37030912,37030912,861184,3685760,False
112,74,94.200000,1.015911,18.681275,7.453817,6.089469,16.776457,21.349102,27.241818,0.891892,1.386292,0.377211,5.342505,1759.700049,13.596852,0.007727,31863808,31863808,861184,2564640,False
113,88,94.200000,1.223256,18.664127,6.804678,5.004856,12.498580,18.758437,52.375109,0.852273,1.428212,0.423164,5.342505,1758.100484,15.731728,0.008948,37892096,37892096,861184,4087980,False
114,90,94.200000,1.099905,18.592044,6.159224,4.822423,12.821911,15.859004,55.150000,0.900000,1.439288,0.432257,5.342505,1751.332557,16.446255,0.009391,38753280,38753280,861184,4219280,False
115,86,94.200000,1.068310,18.622314,7.005739,5.274049,13.235400,20.135957,49.039316,0.895349,1.444041,0.409145,5.342505,1754.083147,15.638482,0.008915,37030912,37030912,861184,3920280,False
116,84,94.200000,1.194867,18.647828,6.935876,4.860529,14.167920,16.374814,32.952918,0.940476,1.455582,0.396416,5.342505,1756.570225,15.777752,0.008982,36169728,36169728,861184,3720340,False
117,93,94.200000,1.192899,18.644208,6.673716,4.632015,13.030479,17.046839,36.628180,0.913978,1.418781,0.398525,5.342505,1756.219718,16.020535,0.009122,40045056,40045056,861184,3514940,False
118,100,94.200000,1.242808,18.593441,7.085769,5.166965,15.728496,20.532852,31.662205,0.870000,1.430410,0.398491,5.342505,1751.404144,16.931916,0.009668,43059200,43059200,861184,4333160,False
119,91,94.200000,1.222828,18.581248,6.371597,5.019507,13.580643,14.259533,41.864806,0.879121,1.391115,0.414192,5.342505,1750.217517,15.631862,0.008931,39183872,39183872,861184,3621540,False
120,104,94.200000,1.197527,18.622223,6.490698,4.985127,13.844827,17.755518,28.665724,0.884615,1.433926,0.413038,5.342505,1754.183147,18.142475,0.010342,44781568,44781568,861184,4756440,False
121,95,94.200000,1.230992,18.602228,6.341682,5.677976,13.240254,15.269054,25.634090,0.894737,1.424895,0.398318,5.342505,1752.227733,16.335265,0.009323,40906240,40906240,861184,4042220,False
122,95,94.200000,1.200585,18.645001,7.329990,5.626509,11.365935,14.105347,124.325953,0.894737,1.401795,0.380877,5.342505,1756.280651,15.833888,0.009016,40906240,40906240,861184,3680040,False
123,98,94.200000,1.402680,18.645481,7.189459,5.808248,14.720354,18.880866,38.454111,0.908163,1.446802,0.406035,5.342505,1756.349591,17.275052,0.009836,42198016,42198016,861184,4522440,False
124,92,94.200000,1.152724,18.642156,7.707855,5.667078,17.137294,23.799774,31.163458,0.869565,1.392743,0.401056,5.342505,1755.963958,16.111479,0.009175,39614464,39614464,861184,3501680,False
125,104,94.200000,1.305928,18.666162,6.826608,5.618987,13.233418,16.634095,42.470875,0.932692,1.430781,0.387629,5.342505,1758.216184,17.447585,0.009923,44781568,44781568,861184,4339400,False
126,101,94.200000,1.231475,18.704095,6.527153,5.293510,13.865844,16.525984,23.933227,0.900990,1.449581,0.402139,5.342505,1761.888806,18.086955,0.010266,43489792,43489792,861184,4618380,False
127,101,94.200000,1.309846,18.600213,6.982495,5.940774,13.855439,18.039003,25.594535,0.920792,1.417843,0.379889,5.342505,1752.040488,16.977225,0.009690,43489792,43489792,861184,4078620,False
128,87,94.200000,1.343394,18.583487,6.929310,5.879124,16.068321,20.018312,31.106441,0.862069,1.331019,0.441064,5.342505,1750.531693,14.953462,0.008542,37461504,37461504,861184,3473860,False
129,118,94.200000,1.311010,18.572254,6.248392,4.375867,13.014926,16.741761,44.404172,0.898305,1.411176,0.448531,5.342505,1749.335519,19.589043,0.011198,50809856,50809856,861184,5554380,False
130,93,94.200000,1.230743,18.629751,6.590053,5.329711,15.695528,17.060533,23.132640,0.849462,1.369444,0.414132,5.342505,1754.848053,15.707655,0.008951,40045056,40045056,861184,3769740,False
131,94,94.200000,1.300298,18.605171,6.656687,5.129994,13.595639,18.804125,25.901599,0.904255,1.409618,0.408322,5.342505,1752.513753,16.301289,0.009302,40475648,40475648,861184,3991520,False
132,97,94.200000,1.373085,18.602561,7.288820,5.243657,15.571003,19.402428,44.788106,0.927835,1.434964,0.379468,5.342505,1752.301304,16.617793,0.009483,41767424,41767424,861184,3908060,False
133,100,94.200000,1.215816,18.590198,6.327715,5.691040,12.439414,15.313584,40.978445,0.890000,1.377123,0.424222,5.342505,1751.172487,16.503887,0.009424,43059200,43059200,861184,4086160,False
134,108,94.200000,1.371145,18.562360,6.345957,5.278101,12.378818,17.173477,24.660954,0.898148,1.402137,0.407103,5.342505,1748.449948,18.161415,0.010387,46503936,46503936,861184,4941040,False
135,94,94.200000,1.209963,18.623177,7.475613,5.827055,14.227476,20.142144,28.705678,0.904255,1.428366,0.360673,5.342505,1754.225235,16.152978,0.009208,40475648,40475648,861184,3612960,False
136,95,94.200000,1.513198,18.630960,8.976544,6.176444,17.605292,22.670985,75.582138,0.905263,1.470208,0.373489,5.342505,1754.949105,16.907582,0.009634,40906240,40906240,861184,4157920,False
137,117,94.200000,1.372520,18.653193,7.064562,5.564942,14.814013,16.785381,42.122787,0.965812,1.478671,0.366597,5.342505,1756.900693,19.268205,0.010967,50379264,50379264,861184,5192460,False
138,97,94.200000,1.400016,18.695437,6.728874,5.429349,14.028976,15.873792,23.558996,0.958763,1.462027,0.355093,5.342505,1761.003774,17.104457,0.009713,41767424,41767424,861184,4194580,False
139,100,94.200000,1.374954,18.606704,6.712969,4.864627,13.750468,19.427738,32.708620,0.860000,1.388779,0.409141,5.342505,1752.655686,16.643261,0.009496,43059200,43059200,861184,4570540,False
140,98,94.200000,1.322856,18.590405,7.232005,4.571528,15.318043,22.233789,64.671357,0.877551,1.429854,0.427839,5.342505,1751.161695,17.173754,0.009807,42198016,42198016,861184,5221320,False
141,92,94.200000,1.496037,18.570743,8.876101,7.406269,15.919101,23.692149,34.111268,0.913043,1.413530,0.328836,5.342505,1749.348571,15.516326,0.008870,39614464,39614464,861184,3375320,False
142,91,94.200000,1.334549,18.663446,7.404126,5.071247,14.930807,18.834342,41.874804,0.934066,1.430708,0.380191,5.342505,1758.005760,16.180183,0.009204,39183872,39183872,861184,3774160,False
143,87,94.200000,1.414805,18.645513,9.127127,6.883844,18.634378,25.480935,42.062686,0.931034,1.450050,0.337816,5.342505,1756.375139,15.532353,0.008843,37461504,37461504,861184,3606200,False
144,84,94.200000,1.317982,18.642684,6.744875,5.308107,14.636821,15.950182,29.959166,0.916667,1.421212,0.391497,5.342505,1756.140182,15.412143,0.008776,36169728,36169728,861184,3711240,False
145,112,94.200000,1.324241,18.629333,7.700064,5.720449,14.975176,21.436122,29.114538,0.937500,1.435931,0.352226,5.342505,1754.767749,18.196064,0.010370,48226304,48226304,861184,4402320,False
146,87,94.200000,1.300223,18.655161,7.227518,5.367906,15.869843,18.148491,43.846822,0.896552,1.397442,0.393797,5.342505,1757.234219,15.114906,0.008602,37461504,37461504,861184,3900260,False
147,95,94.200000,1.369535,18.635224,5.913348,4.883054,12.778759,15.901015,19.754981,0.915789,1.418591,0.412982,5.342505,1755.459167,16.494695,0.009396,40906240,40906240,861184,4550260,False
148,89,94.200000,1.649573,18.604883,7.796268,5.292659,16.781957,19.774738,60.634326,0.910112,1.393330,0.417407,5.342505,1752.475616,15.768246,0.008998,38322688,38322688,861184,4153760,False
149,84,94.200000,1.535954,18.616466,7.338455,5.735961,14.168610,18.692417,30.580710,0.940476,1.448488,0.348775,5.342505,1753.637344,15.061755,0.008589,36169728,36169728,861184,3775200,False
150,78,94.200000,1.416675,18.613998,7.584426,6.225627,16.395385,21.443892,30.855983,0.846154,1.354226,0.382157,5.342505,1753.387932,13.902270,0.007929,33586176,33586176,861184,2946840,False
151,78,94.200000,1.466931,18.656851,7.459586,5.026841,16.278232,21.056591,32.545999,0.833333,1.359350,0.418342,5.342505,1757.366793,14.378799,0.008182,33586176,33586176,861184,3790280,False
152,91,94.200000,1.432051,18.598979,6.550200,5.080758,13.405419,17.846204,31.747465,0.901099,1.403642,0.404227,5.342505,1751.958252,16.289459,0.009298,39183872,39183872,861184,4354220,False
153,89,94.200000,1.413138,18.624221,7.870941,5.960797,17.742185,19.869171,44.164595,0.887640,1.371360,0.386711,5.342505,1754.284603,15.577842,0.008880,38322688,38322688,861184,3540160,False
154,90,94.200000,1.427806,18.637118,7.513995,6.366211,15.889963,21.712393,39.132969,0.944444,1.428716,0.376737,5.342505,1755.582053,15.664207,0.008923,38753280,38753280,861184,3978780,False
155,91,94.200000,1.404668,18.582854,7.110245,6.628884,15.301600,17.008167,21.143000,0.912088,1.411124,0.374238,5.342505,1750.397193,15.908122,0.009088,39183872,39183872,861184,3812120,False
156,82,94.200000,1.426247,18.621680,8.215890,5.546206,19.381354,25.717497,45.709430,0.878049,1.404921,0.377319,5.342505,1754.124912,14.711021,0.008387,35308544,35308544,861184,3669380,False
157,96,94.200000,1.515192,18.589404,7.047608,5.164512,14.152355,20.975365,29.914292,0.906250,1.448767,0.391620,5.342505,1750.967119,17.589733,0.010046,41336832,41336832,861184,4684940,False
158,95,94.200000,1.588014,18.614237,8.622595,6.702482,19.672780,21.908589,33.369113,0.915789,1.419370,0.342880,5.342505,1753.344629,16.050959,0.009154,40906240,40906240,861184,3667560,False
159,96,94.200000,1.360776,18.490575,7.933435,5.181608,16.494747,20.462018,45.788205,0.885417,1.397628,0.375321,5.342505,1741.772006,16.306656,0.009362,41336832,41336832,861184,4083040,False
160,103,94.200000,1.441626,18.607768,7.268043,4.833267,17.193228,22.026235,36.793339,0.883495,1.401284,0.411197,5.342505,1752.747499,17.343436,0.009895,44350976,44350976,861184,5020340,False
161,91,94.200000,1.654987,18.657839,7.736206,4.261614,18.703913,24.139252,42.881701,0.890110,1.375602,0.410769,5.342505,1757.404137,15.828410,0.009007,39183872,39183872,861184,4310280,False
162,83,94.200000,1.563945,18.632134,8.914233,6.347238,18.632303,26.859337,41.660999,0.879518,1.361003,0.369617,5.342505,1755.085402,14.497344,0.008260,35739136,35739136,861184,3427060,False
163,93,94.200000,1.368675,18.591496,7.668662,5.865564,14.171005,22.595494,41.445565,0.892473,1.375912,0.361889,5.342505,1751.266890,15.793578,0.009018,40045056,40045056,861184,3758820,False
164,92,94.200000,1.451048,18.624937,8.555774,6.380081,20.046894,24.517591,39.755266,0.923913,1.399325,0.336531,5.342505,1754.386175,15.766939,0.008987,39614464,39614464,861184,3567720,False
165,90,94.200000,1.577564,18.675583,8.985227,7.215644,17.245768,24.357814,34.423328,0.966667,1.461753,0.314768,5.342505,1759.129622,16.113177,0.009160,38753280,38753280,861184,3813160,False
166,103,94.200000,1.698181,18.597649,7.776418,6.327401,15.871929,19.203209,31.544565,0.951456,1.458979,0.327144,5.342505,1751.808632,17.407021,0.009937,44350976,44350976,861184,4660760,False
167,95,94.200000,1.692824,18.574063,7.834211,5.714180,17.015755,23.354120,46.739497,0.821053,1.302305,0.425064,5.342505,1749.525382,15.743190,0.008999,40906240,40906240,861184,4311320,False
168,99,94.200000,1.551596,18.589468,7.291406,5.755912,14.239743,21.462687,27.546883,0.909091,1.400665,0.384435,5.342505,1751.057358,16.953335,0.009682,42628608,42628608,861184,4585100,False
169,93,94.200000,1.730820,18.649588,7.743335,5.780010,14.018654,22.212143,37.632104,0.956989,1.447572,0.358937,5.342505,1756.651359,16.715329,0.009515,40045056,40045056,861184,4469920,False
170,96,94.200000,1.282990,18.556027,7.242177,5.971782,14.779382,19.447095,57.487518,0.833333,1.258332,0.412858,5.342505,1747.914318,14.982194,0.008571,41336832,41336832,861184,3381300,False
171,103,94.200000,1.732396,18.603204,8.598014,6.618281,18.400376,21.565260,46.240833,0.932039,1.431821,0.346537,5.342505,1752.292753,17.161163,0.009794,44350976,44350976,861184,4531280,False
172,104,94.200000,1.560462,18.633278,8.228980,5.995635,18.273245,22.433701,50.595347,0.865385,1.363830,0.390181,5.342505,1755.035628,16.974076,0.009672,44781568,44781568,861184,4374760,False
173,90,94.200000,1.554089,18.639965,8.769744,6.000488,20.339231,24.984552,29.499480,0.911111,1.403254,0.355288,5.342505,1755.759830,15.797102,0.008997,38753280,38753280,861184,3876860,False
174,88,94.200000,1.792128,18.594560,9.298487,7.047557,18.350209,25.153003,67.152211,0.931818,1.399196,0.317836,5.342505,1751.428058,15.036205,0.008585,37892096,37892096,861184,3244540,False
175,93,94.200000,1.764694,18.611800,9.977053,6.860502,22.913808,24.917105,40.936071,0.924731,1.401977,0.319252,5.342505,1753.140880,15.880312,0.009058,40045056,40045056,861184,3587220,False
176,105,94.200000,1.604787,18.541544,7.887948,5.625863,16.869922,20.787710,46.926587,0.866667,1.356292,0.410266,5.342505,1746.547988,17.247591,0.009875,45212160,45212160,861184,4828720,False
177,77,94.200000,1.612150,18.644891,8.452597,6.584495,18.019449,19.831188,37.720554,0.948052,1.468696,0.361615,5.342505,1756.290627,14.685193,0.008361,33155584,33155584,861184,3919240,False
178,106,94.200000,1.688788,18.608896,8.281624,6.727754,18.042289,24.887422,36.036053,0.905660,1.370706,0.364148,5.342505,1752.848082,17.177106,0.009800,45642752,45642752,861184,4462380,False
179,111,94.200000,1.600197,18.543222,8.378047,6.392783,18.099937,20.332358,34.431085,0.918919,1.412088,0.352707,5.342505,1746.739441,18.092617,0.010358,47795712,47795712,861184,4847440,False
180,101,94.200000,1.588713,18.628203,8.647465,6.919047,17.260268,24.311900,45.900176,0.920792,1.394290,0.330920,5.342505,1754.755155,16.712535,0.009524,43489792,43489792,861184,3956420,False
181,84,94.200000,1.636619,18.677710,7.988001,6.556915,18.082197,24.376544,40.606915,0.857143,1.372944,0.386365,5.342505,1759.433181,15.079783,0.008571,36169728,36169728,861184,3868800,False
182,97,94.200000,1.681020,18.665206,9.809589,6.948010,21.395560,28.173650,52.037249,0.896907,1.412056,0.347961,5.342505,1758.158614,16.469131,0.009367,41767424,41767424,861184,4144660,False
183,96,94.200000,1.539464,18.496781,7.940007,6.516798,15.707652,24.563793,39.111841,0.885417,1.383087,0.391306,5.342505,1742.258498,16.551686,0.009500,41336832,41336832,861184,4549480,False
184,82,94.200000,1.633416,18.592694,9.081650,6.700245,18.114033,24.103852,58.822641,0.914634,1.378368,0.335044,5.342505,1751.334210,14.284183,0.008156,35308544,35308544,861184,3017300,False
185,112,94.200000,1.538665,18.614968,8.320888,6.031044,16.170326,22.350506,51.038940,0.892857,1.408446,0.382725,5.342505,1753.362912,18.280033,0.010426,48226304,48226304,861184,5552300,False
186,98,94.200000,1.804127,18.611576,9.095933,7.146002,18.820332,28.516313,33.849535,0.928571,1.408628,0.333088,5.342505,1753.003787,16.289561,0.009292,42198016,42198016,861184,3964220,False
187,89,94.200000,1.557533,18.665826,8.357900,6.882343,18.550365,23.788812,35.500305,0.853933,1.386770,0.373412,5.342505,1758.256957,15.695876,0.008927,38322688,38322688,861184,4287140,False
188,86,94.200000,1.974865,18.591622,8.765102,6.998718,18.760997,25.577215,33.157543,0.941860,1.427996,0.328807,5.342505,1751.277510,15.302706,0.008738,37030912,37030912,861184,3750240,False
189,89,94.200000,1.558357,18.603796,7.901183,5.275158,15.516536,21.960571,62.989895,0.853933,1.325123,0.402499,5.342505,1752.381485,15.320712,0.008743,38322688,38322688,861184,3954600,False
190,103,94.200000,1.692672,18.659287,9.354102,7.069969,20.246643,23.387771,45.268976,0.854369,1.355578,0.340181,5.342505,1757.676489,16.319920,0.009285,44350976,44350976,861184,3979820,False
191,99,94.200000,1.863807,18.514357,9.378938,6.750449,19.637269,23.116786,46.101478,0.959596,1.453866,0.301146,5.342505,1744.058876,16.566812,0.009499,42628608,42628608,861184,4048720,False
192,81,94.200000,1.737296,18.562331,7.298111,4.995093,17.405886,20.556098,30.126821,0.876543,1.338421,0.405367,5.342505,1748.491855,14.610021,0.008356,34877952,34877952,861184,3751280,False
193,103,94.200000,1.715457,18.701907,9.641103,7.418993,18.800228,23.336971,54.302722,0.912621,1.404209,0.332946,5.342505,1761.672755,16.471603,0.009350,44350976,44350976,861184,4099160,False
194,94,94.200000,1.757559,18.605842,7.756944,5.878202,18.530900,22.075376,31.928112,0.914894,1.402352,0.364767,5.342505,1752.636966,16.805840,0.009589,40475648,40475648,861184,4474860,False
195,96,94.200000,1.794017,18.662702,8.711587,6.130432,18.725346,23.282299,59.925242,0.895833,1.378282,0.356950,5.342505,1757.987249,15.835808,0.009008,41336832,41336832,861184,4110340,False
196,86,94.200000,1.662272,18.619671,8.462427,5.235435,18.978219,27.987655,57.072695,0.906977,1.382506,0.408571,5.342505,1753.815148,15.634757,0.008915,37030912,37030912,861184,4416880,False
197,107,94.200000,1.667679,18.602465,9.595858,7.188720,19.087358,31.697585,58.938260,0.925234,1.389368,0.316983,5.342505,1752.250991,16.899316,0.009644,46073344,46073344,861184,3946800,False
198,89,94.200000,1.888059,18.601705,8.657196,6.898627,18.135025,24.525861,37.158295,0.898876,1.389353,0.355392,5.342505,1752.255735,15.172598,0.008659,38322688,38322688,861184,3868540,False
199,90,94.200000,1.857612,18.573301,9.079207,6.716038,17.693697,23.002074,40.358795,0.933333,1.416402,0.304303,5.342505,1749.615364,15.759353,0.009007,38753280,38753280,861184,3515200,False
200,105,94.200000,1.753750,18.612338,9.455899,7.109147,18.806914,23.867547,47.113587,0.933333,1.422860,0.312001,5.342505,1753.220495,17.492172,0.009977,45212160,45212160,861184,4386460,False
201,86,94.200000,1.729812,18.589106,9.463589,7.183304,20.657356,24.669840,48.893845,0.895349,1.406017,0.327951,5.342505,1751.039520,15.107025,0.008627,37030912,37030912,861184,3640000,False
202,81,94.200000,1.891378,18.626218,9.054093,6.438419,19.400792,24.226882,30.320221,0.975309,1.462996,0.318666,5.342505,1754.516289,15.227397,0.008679,34877952,34877952,861184,3608020,False
203,103,94.200000,1.807201,18.640768,9.948136,7.444979,20.511282,27.114180,70.407426,0.912621,1.372825,0.330951,5.342505,1755.983171,16.573020,0.009438,44350976,44350976,861184,3973320,False
204,94,94.200000,1.903593,18.645622,7.270474,4.585893,14.591370,25.119822,40.669538,0.904255,1.384255,0.410144,5.342505,1756.264338,16.948961,0.009651,40475648,40475648,861184,5064800,False
205,93,94.200000,1.781281,18.523087,10.174660,7.168217,19.617851,28.764442,53.831925,0.903226,1.386647,0.326766,5.342505,1744.736230,15.409402,0.008832,40045056,40045056,861184,3582280,False
206,89,94.200000,2.038771,18.650655,9.026278,6.720633,17.636033,24.844245,51.963604,0.898876,1.362094,0.326361,5.342505,1756.803218,14.953304,0.008512,38322688,38322688,861184,3485040,False
207,93,94.200000,1.865626,18.603594,10.381871,8.523366,21.364841,28.517989,47.942248,0.913978,1.391789,0.300051,5.342505,1752.465499,15.125183,0.008631,40045056,40045056,861184,3354780,False
208,78,94.200000,1.916044,18.561668,8.973387,6.176359,22.444681,26.527563,42.156574,0.846154,1.336047,0.378102,5.342505,1748.378496,14.221844,0.008134,33586176,33586176,861184,3598660,False
209,88,94.200000,1.926216,18.616840,9.950062,7.501900,24.950747,28.527795,47.157890,0.931818,1.397917,0.334482,5.342505,1753.601134,15.106826,0.008615,37892096,37892096,861184,3720860,False
210,89,94.200000,1.745464,18.600317,7.561287,5.248753,16.684465,19.753431,47.796794,0.842697,1.265751,0.409594,5.342505,1752.039106,15.020460,0.008573,38322688,38322688,861184,3665480,False
211,75,94.200000,1.844692,18.670096,8.905304,7.869875,16.973717,24.130091,38.975985,0.906667,1.395587,0.338694,5.342505,1758.683360,13.895769,0.007901,32294400,32294400,861184,3306940,False
212,89,94.200000,1.788182,18.699471,7.939369,6.675034,15.351865,20.291713,29.020474,0.932584,1.431331,0.331084,5.342505,1761.379318,16.231009,0.009215,38322688,38322688,861184,4035200,False
213,83,94.200000,1.895966,18.549132,9.875379,7.931106,20.119215,26.127781,35.639691,0.963855,1.445825,0.284755,5.342505,1747.210706,14.962133,0.008563,35739136,35739136,861184,3244280,False
214,96,94.200000,2.131792,18.653289,12.070024,8.796379,23.430530,32.213135,47.289033,0.947917,1.444044,0.256375,5.342505,1757.019600,15.933849,0.009069,41336832,41336832,861184,3368820,False
215,94,94.200000,1.773058,18.633808,9.229077,7.975153,19.453490,25.449936,46.898383,0.893617,1.356226,0.339271,5.342505,1755.187927,15.703689,0.008947,40475648,40475648,861184,3601260,False
216,110,94.200000,1.825805,18.604357,9.025395,6.710265,19.557162,28.125702,47.769218,0.909091,1.388935,0.332702,5.342505,1752.385645,17.354492,0.009903,47365120,47365120,861184,4617860,False
217,106,94.200000,1.662817,18.601170,8.915239,7.527925,18.537108,24.008613,58.798679,0.811321,1.249119,0.372232,5.342505,1752.096197,15.721372,0.008973,45642752,45642752,861184,3392480,False
218,80,94.200000,1.858938,18.581776,8.045592,6.371468,14.685967,19.965388,41.119945,0.887500,1.363340,0.348816,5.342505,1750.361305,14.300986,0.008170,34447360,34447360,861184,3407560,False
219,97,94.200000,1.744382,18.593253,8.455199,6.134303,16.796043,22.036640,44.558830,0.907216,1.366677,0.353237,5.342505,1751.385043,16.483867,0.009412,41767424,41767424,861184,4050280,False
220,95,94.200000,2.045041,18.581748,10.720750,7.499221,22.966709,37.085938,49.824772,0.894737,1.358135,0.331095,5.342505,1750.302894,15.759793,0.009004,40906240,40906240,861184,3798080,False
221,99,94.200000,2.033606,18.623221,10.263884,7.867659,18.873383,28.919340,70.052350,0.949495,1.451570,0.307099,5.342505,1754.287890,17.353956,0.009892,42628608,42628608,861184,4346420,False
222,102,94.200000,1.858909,18.576639,8.147912,5.907334,17.355459,20.392435,38.586317,0.872549,1.337885,0.363501,5.342505,1749.859043,17.069858,0.009755,43920384,43920384,861184,4373720,False
223,106,94.200000,1.834639,18.570949,9.488792,6.214776,21.228114,27.322402,54.119616,0.915094,1.374751,0.350545,5.342505,1749.294152,17.486791,0.009996,45642752,45642752,861184,4528940,False
224,104,94.200000,1.784413,18.600037,9.342898,6.843172,19.921431,26.909567,45.035676,0.903846,1.391066,0.347024,5.342505,1752.104724,17.028631,0.009719,44781568,44781568,861184,4695860,False
225,83,94.200000,1.837426,18.593686,9.784610,5.372437,23.511103,29.702954,90.014683,0.903614,1.373248,0.374032,5.342505,1751.519988,15.414023,0.008800,35739136,35739136,861184,3932760,False
226,111,94.200000,1.933116,18.531443,8.696442,5.855111,21.077760,23.240746,34.169744,0.882883,1.363124,0.354164,5.342505,1745.626863,18.024483,0.010326,47795712,47795712,861184,5033080,False
227,97,94.200000,2.136636,18.604821,9.857435,6.933944,19.312294,28.568066,50.241461,0.927835,1.422650,0.314048,5.342505,1752.549817,16.478686,0.009403,41767424,41767424,861184,4395560,False
228,95,94.200000,2.451528,18.674466,9.356254,6.900004,20.072816,24.729578,43.642492,0.926316,1.419003,0.334830,5.342505,1759.084608,16.550526,0.009409,40906240,40906240,861184,4657120,False
229,99,94.200000,1.829752,18.635841,9.856411,9.532253,19.046514,23.355882,43.509337,0.909091,1.378881,0.313160,5.342505,1755.509221,16.131258,0.009189,42628608,42628608,861184,3738800,False
230,106,94.200000,1.845460,18.629489,8.972667,6.606498,21.878360,27.389646,33.504116,0.867925,1.303853,0.369056,5.342505,1754.900907,16.699901,0.009516,45642752,45642752,861184,4286620,False
231,108,94.200000,2.061290,18.690482,9.814006,8.459258,20.044249,29.504691,57.109111,0.888889,1.340092,0.321481,5.342505,1760.570498,16.722033,0.009498,46503936,46503936,861184,3942900,False
232,107,94.200000,1.969210,18.635070,9.851943,7.622811,21.168919,26.705015,40.046352,0.934579,1.425814,0.294676,5.342505,1755.294094,17.587953,0.010020,46073344,46073344,861184,4386980,False
233,98,94.200000,2.003349,18.638397,9.374511,6.276139,20.610426,26.566524,48.130060,0.877551,1.319979,0.349443,5.342505,1755.649955,15.822848,0.009013,42198016,42198016,861184,3940820,False
234,110,94.200000,2.135684,18.602401,11.455410,7.032992,23.745982,42.670736,93.861401,0.963636,1.459543,0.296264,5.342505,1752.310407,19.247897,0.010984,47365120,47365120,861184,5100940,False
235,86,94.200000,1.939261,18.663339,9.336513,6.596815,18.323493,20.122219,39.022406,0.930233,1.409167,0.295821,5.342505,1758.006826,15.211464,0.008653,37030912,37030912,861184,3464240,False
236,104,94.200000,1.699994,18.620253,10.752557,7.893382,24.528701,30.618522,43.634609,0.923077,1.391446,0.288187,5.342505,1753.931197,16.619040,0.009475,44781568,44781568,861184,3531060,False
237,99,94.200000,2.038260,18.526724,9.174162,6.777583,22.461803,25.328315,31.152231,0.858586,1.302156,0.341916,5.342505,1745.148519,15.780764,0.009043,42628608,42628608,861184,3624660,False
238,78,94.200000,2.212532,18.559717,10.800162,8.453465,22.681061,28.617913,45.557004,0.961538,1.444103,0.270572,5.342505,1748.254999,14.197887,0.008121,33586176,33586176,861184,2942680,False
239,102,94.200000,1.917633,18.640546,10.115315,7.676267,19.158126,29.953271,55.965917,0.921569,1.394856,0.313565,5.342505,1755.857912,16.764613,0.009548,43920384,43920384,861184,4315220,False
240,105,94.200000,1.945732,18.603640,8.606803,6.176998,19.367874,22.815422,39.572555,0.923810,1.385815,0.334937,5.342505,1752.384963,17.403196,0.009931,45212160,45212160,861184,4645940,False
241,105,94.200000,2.110605,18.626451,10.796840,8.375146,23.431090,33.796472,49.551737,0.914286,1.404352,0.301239,5.342505,1754.440380,17.002779,0.009691,45212160,45212160,861184,4273360,False
242,92,94.200000,1.919251,18.649790,11.135048,7.431480,22.917684,31.723949,75.808789,0.945652,1.434458,0.303245,5.342505,1756.758864,16.135115,0.009185,39614464,39614464,861184,3985020,False
243,100,94.200000,2.165655,18.562814,10.952723,8.711983,26.045840,31.052776,53.777228,0.920000,1.380142,0.291195,5.342505,1748.564270,15.985153,0.009142,43059200,43059200,861184,3692520,False
244,128,94.200000,2.084525,18.580998,8.650068,5.727578,19.189500,22.379398,34.388810,0.921875,1.413569,0.326765,5.342505,1750.195705,20.502571,0.011714,55115776,55115776,861184,6085040,False
245,84,94.200000,1.829637,18.580760,9.766890,7.708206,21.795811,23.773818,50.544538,0.916667,1.386566,0.313028,5.342505,1750.242306,14.932859,0.008532,36169728,36169728,861184,3279640,False
246,92,94.200000,2.045278,18.603080,9.497270,6.707579,18.871411,29.375503,53.573255,0.902174,1.370121,0.331064,5.342505,1752.332383,15.652391,0.008932,39614464,39614464,861184,3975140,False
247,78,94.200000,2.019464,18.548790,9.398330,7.291081,19.909002,23.081906,39.363895,0.897436,1.362825,0.325444,5.342505,1747.279109,14.021509,0.008025,33586176,33586176,861184,3082300,False
248,96,94.200000,2.111270,18.600899,10.161541,7.764509,21.559056,32.586166,36.554012,0.864583,1.318912,0.349228,5.342505,1752.154631,15.963218,0.009111,41336832,41336832,861184,3820960,False
249,99,94.200000,2.070161,18.671148,11.450477,7.689209,26.634194,31.396286,48.796234,0.898990,1.355573,0.320676,5.342505,1758.763363,15.816671,0.008993,42628608,42628608,861184,3850340,False
250,108,94.200000,2.232475,18.607654,10.751572,7.840853,26.177467,32.629025,57.137951,0.888889,1.349345,0.313799,5.342505,1752.844505,16.428975,0.009373,46503936,46503936,861184,3967080,False
251,91,94.200000,1.983002,18.593968,10.608347,7.449579,22.332026,27.950296,75.364323,0.879121,1.318911,0.321277,5.342505,1751.504865,14.786085,0.008442,39183872,39183872,861184,3255720,False
252,84,94.200000,2.037531,18.604794,8.494164,7.162777,19.016752,22.402668,27.963425,0.928571,1.394067,0.328821,5.342505,1752.496062,15.300931,0.008731,36169728,36169728,861184,3797560,False
253,79,94.200000,2.227867,18.619018,11.790205,7.861352,30.283713,40.615742,52.543773,0.936709,1.405733,0.289431,5.342505,1753.827822,14.391631,0.008206,34016768,34016768,861184,3085680,False
254,105,94.200000,1.965486,18.703056,9.533022,6.254856,25.372790,29.784312,38.154029,0.866667,1.327288,0.368250,5.342505,1761.786498,17.337391,0.009841,45212160,45212160,861184,4774900,False
255,95,94.200000,2.303565,18.685261,10.609296,8.631502,22.662934,26.336162,57.800166,0.926316,1.419255,0.293440,5.342505,1760.086016,16.010541,0.009096,40906240,40906240,861184,3872700,False
256,98,94.200000,2.205991,18.650732,10.211371,8.401481,23.063153,28.051583,34.296883,0.928571,1.408721,0.294477,5.342505,1756.765218,16.358617,0.009312,42198016,42198016,861184,4118400,False
257,84,94.200000,2.068991,18.587566,10.961938,7.663217,22.261463,35.286673,48.463613,0.916667,1.376290,0.302106,5.342505,1750.849691,14.720155,0.008407,36169728,36169728,861184,3273400,False
258,106,94.200000,2.281861,18.607831,8.955460,6.774947,18.178969,21.421166,52.831422,0.896226,1.358326,0.341419,5.342505,1752.671819,17.078954,0.009745,45642752,45642752,861184,4776460,False
259,95,94.200000,1.978856,18.618840,10.297196,7.194319,26.162312,30.723521,49.754682,0.905263,1.408424,0.333134,5.342505,1753.756681,16.808991,0.009585,40906240,40906240,861184,4512040,False
260,91,94.200000,1.877882,18.667343,9.665084,7.358767,22.309714,29.718161,40.442628,0.890110,1.335699,0.326952,5.342505,1758.431148,15.221318,0.008656,39183872,39183872,861184,3539640,False
261,96,94.200000,2.107596,18.712096,8.808655,6.233790,19.599961,23.250178,47.586763,0.895833,1.345497,0.340818,5.342505,1762.615837,16.616220,0.009427,41336832,41336832,861184,4150640,False
262,93,94.200000,2.131412,18.620145,9.290704,5.643773,20.985057,28.231464,50.563747,0.903226,1.370708,0.349104,5.342505,1753.899099,16.020576,0.009134,40045056,40045056,861184,4296500,False
263,88,94.200000,1.986600,18.525728,9.497378,6.936688,19.233043,20.926197,59.590034,0.897727,1.364783,0.313892,5.342505,1745.106102,14.974865,0.008581,37892096,37892096,861184,3592680,False
264,90,94.200000,2.083951,18.613820,8.439078,7.315595,16.019432,24.795147,37.093460,0.888889,1.364943,0.349933,5.342505,1753.420239,15.440502,0.008806,38753280,38753280,861184,4165720,False
265,98,94.200000,2.140946,18.617405,9.243770,6.147296,20.361014,24.754381,41.808096,0.857143,1.301199,0.386706,5.342505,1753.639670,16.108454,0.009186,42198016,42198016,861184,4566380,False
266,89,94.200000,1.999868,18.607980,8.990376,5.779983,18.423474,33.512400,40.579461,0.898876,1.348453,0.363398,5.342505,1752.783562,15.611215,0.008907,38322688,38322688,861184,4144400,False
267,97,94.200000,2.286117,18.591627,11.007275,8.302107,24.067508,31.550116,62.200053,0.917526,1.389681,0.298062,5.342505,1751.279528,15.952193,0.009109,41767424,41767424,861184,4089020,False
268,85,94.200000,2.210942,18.538113,12.342607,9.501354,24.362853,29.441288,103.701634,0.917647,1.378882,0.282606,5.342505,1746.223781,14.461943,0.008282,36600320,36600320,861184,3161080,False
269,97,94.200000,2.145431,18.661575,11.465971,9.118092,24.988171,29.654906,60.491998,0.896907,1.359389,0.298311,5.342505,1757.777829,16.064148,0.009139,41767424,41767424,861184,3572400,False
270,97,94.200000,1.944186,18.650646,9.723373,7.622787,22.666982,27.174391,37.634144,0.886598,1.330959,0.338782,5.342505,1756.763999,15.773746,0.008979,41767424,41767424,861184,3912740,False
271,109,94.200000,2.114253,18.674418,10.291201,6.716993,23.080073,32.336891,43.314496,0.889908,1.357903,0.328474,5.342505,1759.012244,17.110695,0.009727,46934528,46934528,861184,4645940,False
272,85,94.200000,2.246032,18.582741,9.767308,7.616860,21.303197,24.857983,43.179053,0.905882,1.375860,0.315520,5.342505,1750.408430,14.775911,0.008441,36600320,36600320,861184,3739580,False
273,85,94.200000,2.370919,18.715065,11.453259,9.291973,23.538233,41.141930,48.927923,0.882353,1.339983,0.319464,5.342505,1762.954123,14.260705,0.008089,36600320,36600320,861184,3312140,False
274,95,94.200000,1.915854,18.618476,10.408015,7.043830,26.178491,29.296478,65.516681,0.863158,1.326060,0.345555,5.342505,1753.693009,15.512096,0.008845,40906240,40906240,861184,3998800,False
275,92,94.200000,2.208306,18.678546,9.893106,8.364745,17.867896,29.047156,57.107687,0.891304,1.359973,0.319466,5.342505,1759.451353,14.955627,0.008500,39614464,39614464,861184,3853720,False
276,91,94.200000,2.416451,18.564379,12.062630,8.059883,24.997752,35.663941,71.302186,0.934066,1.403277,0.297576,5.342505,1748.810395,15.489236,0.008857,39183872,39183872,861184,3833180,False
277,91,94.200000,2.309912,18.609350,10.504505,6.118951,21.621410,30.827494,80.374984,0.901099,1.368002,0.355428,5.342505,1752.964822,16.120394,0.009196,39183872,39183872,861184,4428320,False
278,83,94.200000,1.937118,18.598611,11.539548,6.384181,23.387943,27.131619,116.888783,0.879518,1.343593,0.337900,5.342505,1751.916189,14.502775,0.008278,35739136,35739136,861184,3541980,False
279,89,94.200000,2.177763,18.589557,8.630170,6.673153,17.139051,22.067624,45.116194,0.887640,1.362337,0.339445,5.342505,1751.122436,15.623410,0.008922,38322688,38322688,861184,4246840,False
280,79,94.200000,2.387670,18.648368,12.223473,9.948849,22.824095,31.068740,59.932953,0.936709,1.405220,0.247801,5.342505,1756.605172,14.135125,0.008047,34016768,34016768,861184,2802280,False
281,103,94.200000,2.349372,18.574641,11.815938,9.445863,25.783459,32.096802,59.125042,0.873786,1.332601,0.307706,5.342505,1749.612185,15.825847,0.009045,44350976,44350976,861184,3695900,False
282,95,94.200000,2.163737,18.651048,8.640471,6.505603,18.899406,25.608196,32.326550,0.863158,1.317392,0.352609,5.342505,1756.843919,15.896026,0.009048,40906240,40906240,861184,4035980,False
283,85,94.200000,2.401195,18.701408,9.133520,6.945576,19.321601,26.241244,36.960669,0.905882,1.361967,0.327326,5.342505,1761.565152,15.063716,0.008551,36600320,36600320,861184,3753360,False
284,83,94.200000,2.442250,18.577284,11.526020,7.152711,27.893588,32.989913,52.751466,0.963855,1.461591,0.295686,5.342505,1749.893222,15.446162,0.008827,35739136,35739136,861184,4166760,False
285,100,94.200000,2.191671,18.612815,9.196961,5.943163,23.783504,26.429769,33.472446,0.850000,1.293798,0.369301,5.342505,1753.268222,15.942912,0.009093,43059200,43059200,861184,4481360,False
286,88,94.200000,2.190453,18.619191,11.177260,6.880956,30.771472,35.264913,55.078802,0.840909,1.280767,0.349169,5.342505,1753.885357,14.493929,0.008264,37892096,37892096,861184,3403920,False
287,99,94.200000,2.587170,18.622584,10.909663,6.980151,23.714020,33.218925,43.148841,0.888889,1.336492,0.313649,5.342505,1754.126938,16.143182,0.009203,42628608,42628608,861184,3949400,False
288,95,94.200000,2.443751,18.646564,10.076668,7.335924,21.901275,28.935491,54.575737,0.873684,1.325812,0.338930,5.342505,1756.457806,15.482361,0.008815,40906240,40906240,861184,4094480,False
289,82,94.200000,2.253376,18.590861,10.530764,8.883088,23.480630,25.959480,35.582254,0.878049,1.317215,0.322257,5.342505,1751.173519,14.110404,0.008058,35308544,35308544,861184,3218020,False
290,103,94.200000,2.675710,18.661411,11.491303,6.389960,28.620801,41.549310,80.516921,0.902913,1.359622,0.334746,5.342505,1757.816027,16.786894,0.009550,44350976,44350976,861184,4819620,False
291,111,94.200000,2.426922,18.660769,11.656724,6.762635,24.857737,33.844434,134.508170,0.891892,1.381998,0.337014,5.342505,1757.719960,17.722230,0.010083,47795712,47795712,861184,5558800,False
292,88,94.200000,2.367922,18.615225,11.513973,7.965382,23.307065,34.582104,68.730062,0.920455,1.382456,0.307473,5.342505,1753.445872,15.359929,0.008760,37892096,37892096,861184,3661580,False
293,98,94.200000,2.490813,18.634201,8.825098,6.914959,21.396207,26.021670,38.233405,0.867347,1.314899,0.370752,5.342505,1755.329604,16.027471,0.009131,42198016,42198016,861184,4821700,False
294,104,94.200000,2.179841,18.655262,11.369415,7.408193,21.609374,31.380182,69.527099,0.903846,1.355902,0.310077,5.342505,1757.233342,16.320426,0.009288,44781568,44781568,861184,3958240,False
295,99,94.200000,2.733303,18.532870,12.068400,8.654271,26.489608,35.253334,73.116375,0.858586,1.307106,0.324181,5.342505,1745.705671,15.266064,0.008745,42628608,42628608,861184,3555500,False
296,71,94.200000,2.269227,18.535041,11.744238,9.191838,25.481049,33.483307,48.154191,0.901408,1.373580,0.288200,5.342505,1745.979109,13.118990,0.007514,30572032,30572032,861184,2716740,False
297,99,94.200000,2.170296,18.564507,11.017706,6.765114,30.127431,34.990972,68.157408,0.858586,1.335508,0.357469,5.342505,1748.690346,16.248063,0.009292,42628608,42628608,861184,4731480,False
298,98,94.200000,2.681941,18.665873,12.425665,9.616089,26.818080,31.568673,62.509431,0.897959,1.361732,0.297135,5.342505,1758.261603,15.714606,0.008938,42198016,42198016,861184,3994380,False
299,113,94.200000,2.281977,18.619121,11.167179,8.757684,22.591491,33.257235,58.934984,0.929204,1.393898,0.287185,5.342505,1753.742511,17.650324,0.010064,48656896,48656896,861184,4648280,False
300,88,94.200000,2.272387,18.629960,9.960862,6.734836,23.484541,29.494849,52.645627,0.875000,1.343698,0.338793,5.342505,1754.919925,14.874942,0.008476,37892096,37892096,861184,3727360,False
301,99,94.200000,2.134020,18.556681,8.893512,6.198530,20.456572,21.962791,42.867322,0.848485,1.301794,0.362740,5.342505,1747.933546,16.039716,0.009176,42628608,42628608,861184,4542980,False
302,92,94.200000,2.568716,18.581150,13.646889,8.504529,34.641539,38.181808,93.830998,0.934783,1.402909,0.286635,5.342505,1750.237386,15.482675,0.008846,39614464,39614464,861184,3953820,False
303,77,94.200000,2.636870,18.584735,10.150298,8.138746,24.503705,25.617896,29.875312,0.909091,1.374369,0.302440,5.342505,1750.581042,13.627728,0.007785,33155584,33155584,861184,3263520,False
304,104,94.200000,2.297423,18.608431,11.040968,7.527408,24.357806,35.378597,75.094462,0.942308,1.420699,0.300187,5.342505,1752.837840,17.287819,0.009863,44781568,44781568,861184,4840160,False
305,105,94.200000,2.747493,18.655495,10.958063,7.746876,21.576677,36.185691,74.690155,0.885714,1.328801,0.344299,5.342505,1757.218721,16.549422,0.009418,45212160,45212160,861184,4734340,False
306,93,94.200000,2.493576,18.644527,10.720878,7.335269,23.791313,32.195529,43.922594,0.892473,1.339235,0.316205,5.342505,1756.231282,15.502931,0.008827,40045056,40045056,861184,3857360,False
307,99,94.200000,2.538761,18.615267,11.879372,8.138175,26.869307,33.658140,68.368835,0.878788,1.345491,0.308653,5.342505,1753.451827,15.596420,0.008895,42628608,42628608,861184,3929640,False
308,87,94.200000,2.757917,18.563351,11.862286,6.538922,28.839268,43.704278,85.864762,0.873563,1.348079,0.350527,5.342505,1748.624847,14.886398,0.008513,37461504,37461504,861184,4082260,False
309,92,94.200000,2.586492,18.541426,10.518330,7.350124,25.430068,30.366272,38.582051,0.869565,1.304530,0.331066,5.342505,1746.531382,15.024969,0.008603,39614464,39614464,861184,3781700,False
310,82,94.200000,2.707860,18.656572,12.499711,9.045811,21.102236,33.195282,118.478290,0.878049,1.317237,0.310970,5.342505,1757.411839,13.769906,0.007835,35308544,35308544,861184,3089060,False
311,89,94.200000,2.171133,18.649179,11.431649,7.760982,28.434170,32.698675,48.393250,0.865169,1.297971,0.332868,5.342505,1756.726138,14.053916,0.008000,38322688,38322688,861184,3234400,False
312,87,94.200000,2.354918,18.658864,9.738781,8.123132,19.139944,26.571135,65.900708,0.850575,1.298894,0.341005,5.342505,1757.684120,14.563835,0.008286,37461504,37461504,861184,3617640,False
313,98,94.200000,2.385729,18.607233,10.526765,7.803671,24.439667,29.891885,54.799693,0.897959,1.347382,0.315383,5.342505,1752.735819,15.889752,0.009066,42198016,42198016,861184,4080180,False
314,96,94.200000,2.229832,18.622420,9.579604,7.364175,22.618088,27.901480,47.779952,0.885417,1.328311,0.339021,5.342505,1754.133276,15.697014,0.008949,41336832,41336832,861184,4204720,False
315,96,94.200000,2.596269,18.530153,10.112339,7.490140,22.282014,31.733754,46.747202,0.875000,1.312897,0.339213,5.342505,1745.421054,15.399299,0.008823,41336832,41336832,861184,4057820,False
316,116,94.200000,2.389137,18.590871,11.677896,8.220923,25.877608,36.447665,53.055647,0.913793,1.371074,0.276764,5.342505,1751.012945,17.282592,0.009870,49948672,49948672,861184,4512040,False
317,95,94.200000,2.420220,18.617500,11.304159,8.273751,23.690546,29.435017,70.072164,0.936842,1.407654,0.284828,5.342505,1753.722979,15.929575,0.009083,40906240,40906240,861184,4206020,False
318,92,94.200000,2.727788,18.521483,11.859938,7.956207,26.821433,32.403948,63.489056,0.902174,1.365174,0.309696,5.342505,1744.658075,15.491467,0.008879,39614464,39614464,861184,3912740,False
319,106,94.200000,2.382832,18.590122,11.441096,8.141647,26.417591,32.362752,57.465488,0.867925,1.317684,0.327415,5.342505,1751.159930,16.464159,0.009402,45642752,45642752,861184,4384900,False
320,87,94.200000,2.471303,18.618162,11.497037,8.346891,26.104524,31.149354,64.294317,0.931034,1.397304,0.286326,5.342505,1753.727676,14.828131,0.008455,37461504,37461504,861184,3689400,False
321,86,94.200000,2.449474,18.543358,11.020574,9.081835,22.183081,28.922295,40.511374,0.930233,1.395449,0.280905,5.342505,1746.741313,14.579044,0.008346,37030912,37030912,861184,3697720,False
322,70,94.200000,2.414829,18.594533,13.177825,9.630434,25.671583,33.153619,138.333259,0.900000,1.366401,0.290903,5.342505,1751.496897,13.050584,0.007451,30141440,30141440,861184,2943200,False
323,110,94.200000,2.439401,18.627377,12.250621,9.134848,25.520797,30.595254,88.714720,0.872727,1.332833,0.320304,5.342505,1754.718312,16.760371,0.009552,47365120,47365120,861184,4568200,False
324,81,94.200000,2.526431,18.608830,10.462451,6.989803,19.994687,24.872799,67.133764,0.864198,1.300297,0.339965,5.342505,1752.848162,14.129119,0.008061,34877952,34877952,861184,3382600,False
325,96,94.200000,2.676668,18.587359,10.911013,7.624125,24.916493,29.438909,67.022773,0.885417,1.328679,0.314665,5.342505,1750.797960,15.575666,0.008896,41336832,41336832,861184,4076280,False
326,92,94.200000,2.398425,18.549497,11.522824,9.628691,23.824343,24.993072,53.737561,0.858696,1.291363,0.325695,5.342505,1747.294031,14.393196,0.008237,39614464,39614464,861184,3355040,False
327,94,94.200000,2.584978,18.543105,12.270189,9.673210,26.685577,34.615061,50.599240,0.914894,1.375979,0.265048,5.342505,1746.631941,15.140074,0.008668,40475648,40475648,861184,3461120,False
328,91,94.200000,2.346472,18.615291,9.363075,8.743214,17.234775,24.809236,32.735111,0.901099,1.364170,0.311898,5.342505,1753.511472,15.141973,0.008635,39183872,39183872,861184,3827720,False
329,92,94.200000,2.316736,18.615154,10.989592,8.067040,22.509427,26.848778,80.907085,0.869565,1.304848,0.331804,5.342505,1753.471534,15.013709,0.008562,39614464,39614464,861184,3865940,False
330,79,94.200000,2.218695,18.570867,9.944005,5.878540,26.943393,35.065191,40.334401,0.848101,1.278221,0.394615,5.342505,1749.313192,13.836990,0.007910,34016768,34016768,861184,3897920,False
331,100,94.200000,2.872010,18.624244,11.094449,7.222130,28.299406,32.396624,53.077976,0.870000,1.305199,0.322817,5.342505,1754.324833,16.051947,0.009150,43059200,43059200,861184,4098380,False
332,89,94.200000,2.225743,18.605918,10.488083,8.417904,25.382793,29.761170,38.677597,0.876404,1.316027,0.312378,5.342505,1752.661521,14.450931,0.008245,38322688,38322688,861184,3458780,False
333,91,94.200000,2.043983,18.639281,10.078109,8.253159,22.489388,25.367750,36.272684,0.824176,1.237074,0.341172,5.342505,1755.779798,14.078577,0.008018,39183872,39183872,861184,2888340,False
334,104,94.200000,2.684018,18.641544,13.464745,9.622306,31.140913,35.418766,63.159402,0.923077,1.384916,0.284460,5.342505,1755.964685,16.451037,0.009369,44781568,44781568,861184,4347980,False
335,97,94.200000,2.577775,18.609420,12.166736,7.646274,27.934225,34.936861,58.341970,0.814433,1.287035,0.348854,5.342505,1752.906844,15.034405,0.008577,41767424,41767424,861184,4045340,False
336,84,94.200000,2.641002,18.626114,11.786432,8.151549,24.880767,33.163320,69.184965,0.880952,1.321591,0.321306,5.342505,1754.536519,14.119809,0.008048,36169728,36169728,861184,3562520,False
337,87,94.200000,2.921427,18.586930,12.428811,8.236273,28.204691,34.448287,76.359269,0.954023,1.447912,0.273189,5.342505,1750.850971,15.396737,0.008794,37461504,37461504,861184,4214860,False
338,86,94.200000,2.817116,18.608776,12.099856,7.923339,27.047548,36.605548,77.272263,0.860465,1.312745,0.315382,5.342505,1752.848965,14.081153,0.008033,37030912,37030912,861184,3260140,False
339,92,94.200000,2.481268,18.642848,11.144744,7.344766,24.551994,35.353736,58.076986,0.891304,1.341982,0.307076,5.342505,1756.169310,14.955304,0.008516,39614464,39614464,861184,3741140,False
340,93,94.200000,2.426474,18.569918,12.216715,8.678298,25.072643,40.478609,66.374788,0.913978,1.371086,0.282388,5.342505,1749.265284,15.601392,0.008919,40045056,40045056,861184,3750240,False
341,90,94.200000,2.401387,18.681386,9.933449,7.375349,23.683975,34.979591,45.627711,0.844444,1.273882,0.350021,5.342505,1759.734657,14.648240,0.008324,38753280,38753280,861184,3660020,False
342,88,94.200000,2.526065,18.632108,11.646943,8.333359,25.199713,38.053609,61.393429,0.875000,1.327927,0.319098,5.342505,1755.067852,14.453473,0.008235,37892096,37892096,861184,3811340,False
343,83,94.200000,2.581610,18.593730,13.072731,9.341662,25.053207,33.658992,71.717075,0.915663,1.389058,0.285020,5.342505,1751.403865,14.692214,0.008389,35739136,35739136,861184,3746340,False
344,94,94.200000,2.889957,18.669680,12.095520,10.812607,25.110048,35.170531,78.214327,0.893617,1.340591,0.304634,5.342505,1758.667046,15.106100,0.008590,40475648,40475648,861184,3872180,False
345,83,94.200000,2.840588,18.620149,10.799295,8.577063,24.550145,36.358851,51.510464,0.915663,1.373669,0.319469,5.342505,1753.968723,14.741723,0.008405,35739136,35739136,861184,4067180,False
346,94,94.200000,2.693026,18.635604,12.150940,8.273778,27.691628,39.585533,59.321118,0.893617,1.355790,0.315612,5.342505,1755.407203,15.612363,0.008894,40475648,40475648,861184,4176900,False
347,97,94.200000,2.716169,18.600962,11.707162,8.853291,28.263333,36.955407,51.042828,0.917526,1.381828,0.293980,5.342505,1752.117499,15.806849,0.009022,41767424,41767424,861184,4311840,False
348,81,94.200000,2.631436,18.588826,11.418414,9.744438,24.153101,31.017280,42.528535,0.864198,1.296481,0.318525,5.342505,1751.002773,13.512967,0.007717,34877952,34877952,861184,3195400,False
349,97,94.200000,2.589820,18.605495,11.637953,8.461065,24.053430,34.239030,58.624788,0.907216,1.360965,0.295407,5.342505,1752.533938,15.859500,0.009049,41767424,41767424,861184,3840980,False
350,98,94.200000,2.944448,18.648384,12.708958,9.919673,27.089026,33.119508,52.265918,0.938776,1.415147,0.259381,5.342505,1756.516834,16.331412,0.009298,42198016,42198016,861184,4117360,False
351,114,94.200000,2.901928,18.637404,14.222096,10.202449,34.898560,40.255243,83.024349,0.956140,1.434278,0.228211,5.342505,1755.644732,17.674578,0.010067,49087488,49087488,861184,4402320,False
352,83,94.200000,2.546336,18.607958,11.604891,7.922999,23.776764,29.318405,112.083075,0.855422,1.283729,0.330790,5.342505,1752.840911,13.890791,0.007925,35739136,35739136,861184,3124160,False
353,87,94.200000,2.475524,18.592853,10.545965,7.659444,24.103476,29.417812,53.321592,0.885057,1.347528,0.340632,5.342505,1751.338186,14.569966,0.008319,37461504,37461504,861184,3934580,False
354,94,94.200000,2.723973,18.621598,11.659398,6.679718,28.190705,40.187692,88.242364,0.893617,1.340582,0.327163,5.342505,1754.175773,15.793551,0.009003,40475648,40475648,861184,4555200,False
355,105,94.200000,2.766066,18.572039,11.644317,7.648359,23.464405,34.990311,71.548837,0.933333,1.400335,0.296946,5.342505,1749.352475,17.352630,0.009919,45212160,45212160,861184,5192720,False
356,97,94.200000,2.422682,18.577475,11.126170,8.742772,24.319448,38.867874,67.963671,0.855670,1.316794,0.332988,5.342505,1749.897286,15.267571,0.008725,41767424,41767424,861184,4302220,False
357,90,94.200000,2.965551,18.627655,13.354127,7.738942,29.650643,37.098835,90.882830,0.888889,1.351793,0.297522,5.342505,1754.776564,14.709694,0.008383,38753280,38753280,861184,3640520,False
358,96,94.200000,2.361667,18.607575,11.169867,7.823710,23.506287,30.281120,91.831391,0.833333,1.252232,0.345432,5.342505,1752.749190,14.653656,0.008360,41336832,41336832,861184,3605160,False
359,102,94.200000,3.171785,18.629898,12.059238,7.702201,27.862299,32.370230,133.145133,0.901961,1.367163,0.302921,5.342505,1754.931651,16.167883,0.009213,43920384,43920384,861184,4651920,False
360,82,94.200000,2.940164,18.646009,13.490114,9.255813,29.206915,32.236667,66.155226,0.865854,1.314220,0.305319,5.342505,1756.436105,13.775263,0.007843,35308544,35308544,861184,3245060,False
361,100,94.200000,2.725453,18.583746,13.420145,10.429166,30.889672,44.011849,86.496027,0.840000,1.266684,0.329058,5.342505,1750.597994,14.860059,0.008489,43059200,43059200,861184,3682640,False
362,100,94.200000,2.467030,18.589580,10.057961,7.026473,21.975616,28.664838,68.145265,0.880000,1.321184,0.336524,5.342505,1751.100397,16.392535,0.009361,43059200,43059200,861184,4687020,False
363,83,94.200000,2.832052,18.632372,11.744859,9.847724,24.710802,28.748597,64.438764,0.903614,1.358984,0.288105,5.342505,1755.123622,14.423686,0.008218,35739136,35739136,861184,3521440,False
364,79,94.200000,2.537851,18.646282,11.891259,8.037490,26.349873,28.188844,90.934381,0.860759,1.291440,0.320512,5.342505,1756.437648,13.477683,0.007673,34016768,34016768,861184,3182140,False
365,90,94.200000,2.593695,18.613547,12.201084,6.572382,26.943353,44.308125,116.385195,0.855556,1.303930,0.352338,5.342505,1753.310424,15.008160,0.008560,38753280,38753280,861184,4279340,False
366,76,94.200000,2.532346,18.610748,10.336879,7.582197,22.077026,28.708822,55.173118,0.921053,1.381703,0.296035,5.342505,1753.074038,13.879318,0.007917,32724992,32724992,861184,3432780,False
367,113,94.200000,3.002624,18.571343,13.157085,9.629722,28.311749,37.024365,58.253803,0.902655,1.354702,0.282288,5.342505,1749.270002,17.018546,0.009729,48656896,48656896,861184,4563780,False
368,76,94.200000,2.539992,18.603058,11.712098,9.271982,26.687582,32.394042,47.817590,0.789474,1.184620,0.372187,5.342505,1752.424380,12.629013,0.007207,32724992,32724992,861184,2663700,False
369,88,94.200000,2.400164,18.576525,11.537474,8.651753,26.329820,33.520275,59.019710,0.863636,1.311553,0.318041,5.342505,1749.824213,14.356393,0.008204,37892096,37892096,861184,3319420,False
370,104,94.200000,2.676822,18.581250,12.299493,8.428980,25.235237,35.216459,79.733095,0.894231,1.341513,0.303792,5.342505,1750.329305,16.280113,0.009301,44781568,44781568,861184,4452500,False
371,108,94.200000,2.921867,18.583867,13.378602,8.129742,28.751533,37.394438,97.017203,0.935185,1.408800,0.276755,5.342505,1750.553355,17.546173,0.010023,46503936,46503936,861184,4938440,False
372,85,94.200000,2.929972,18.653960,10.200859,7.577341,23.914877,29.704510,35.634635,0.905882,1.358989,0.312602,5.342505,1757.071036,15.218955,0.008662,36600320,36600320,861184,4126720,False
373,98,94.200000,2.712943,18.575619,10.938165,8.397762,25.823820,28.127964,52.812847,0.887755,1.332051,0.305811,5.342505,1749.809701,15.536262,0.008879,42198016,42198016,861184,4152200,False
374,73,94.200000,2.754256,18.606955,9.597533,6.693655,25.554147,29.799314,60.405415,0.835616,1.253732,0.372719,5.342505,1752.730888,13.339474,0.007611,31433216,31433216,861184,3343600,False
375,91,94.200000,2.767767,18.615053,12.078262,9.185849,27.996065,30.904155,61.647650,0.879121,1.318874,0.312152,5.342505,1753.463284,14.814008,0.008448,39183872,39183872,861184,3812640,False
376,95,94.200000,2.712913,18.628656,12.363286,9.466486,24.585674,33.649579,51.278598,0.884211,1.336580,0.280813,5.342505,1754.822072,15.312419,0.008726,40906240,40906240,861184,3283800,False
377,86,94.200000,2.931585,18.561351,11.343651,7.861226,27.532382,36.717622,43.303150,0.848837,1.296866,0.329429,5.342505,1748.465716,14.477412,0.008280,37030912,37030912,861184,3624920,False
378,97,94.200000,2.674711,18.688276,12.365523,9.959313,22.418821,33.952196,56.948288,0.907216,1.360969,0.265043,5.342505,1760.267758,15.281853,0.008682,41767424,41767424,861184,3676920,False
379,104,94.200000,2.736836,18.634552,11.694235,8.129369,24.065107,34.875722,76.551720,0.875000,1.312788,0.326777,5.342505,1755.310926,16.405218,0.009346,44781568,44781568,861184,4419480,False
380,93,94.200000,2.704077,18.603810,9.984560,6.272543,23.490298,28.815921,68.003750,0.860215,1.304607,0.353174,5.342505,1752.455856,15.023407,0.008573,40045056,40045056,861184,4363060,False
381,93,94.200000,3.220704,18.611721,13.353244,9.722747,29.818671,39.928509,61.886490,0.924731,1.387194,0.264947,5.342505,1753.176071,15.687333,0.008948,40045056,40045056,861184,3810300,False
382,84,94.200000,2.780703,18.495393,11.101323,7.685746,24.775406,28.023500,74.519444,0.869048,1.318321,0.330773,5.342505,1742.297593,14.301902,0.008209,36169728,36169728,861184,3824600,False
383,99,94.200000,2.632797,18.606281,10.712247,8.244917,21.997911,35.089176,52.816290,0.888889,1.333627,0.322482,5.342505,1752.643808,16.157923,0.009219,42628608,42628608,861184,4664660,False
384,92,94.200000,2.898078,18.560689,12.162335,9.265778,26.313574,29.245773,58.692695,0.913043,1.375226,0.272076,5.342505,1748.371154,15.282064,0.008741,39614464,39614464,861184,3700060,False
385,99,94.200000,2.890124,18.591892,12.152607,8.547355,26.187707,34.148865,80.315762,0.909091,1.367784,0.304056,5.342505,1751.297451,16.404285,0.009367,42628608,42628608,861184,4531800,False
386,89,94.200000,2.755447,18.628462,12.309715,7.683638,32.409347,41.852305,63.745031,0.876404,1.331633,0.326052,5.342505,1754.802714,14.724367,0.008391,38322688,38322688,861184,4077580,False
387,106,94.200000,3.010940,18.616281,12.383218,8.218387,31.477274,38.990145,85.389155,0.858491,1.289948,0.344103,5.342505,1753.552637,16.829797,0.009598,45642752,45642752,861184,4768400,False
388,91,94.200000,3.226976,18.575787,12.993801,9.776058,30.943767,37.338410,45.890155,0.934066,1.401202,0.261685,5.342505,1749.706689,15.263865,0.008724,39183872,39183872,861184,3845920,False
389,94,94.200000,3.043855,18.617702,11.110538,8.308652,26.198157,30.530769,48.873577,0.882979,1.324678,0.319138,5.342505,1753.727621,15.914178,0.009074,40475648,40475648,861184,4319640,False
390,100,94.200000,2.858685,18.611732,11.289814,7.358811,28.639081,33.368075,57.836649,0.870000,1.309459,0.320471,5.342505,1753.135126,15.879254,0.009058,43059200,43059200,861184,4278040,False
391,90,94.200000,2.891606,18.635750,12.242302,9.475519,22.922700,30.555398,82.848247,0.888889,1.334032,0.281898,5.342505,1755.477882,14.537433,0.008281,38753280,38753280,861184,3398720,False
392,76,94.200000,2.936080,18.616528,12.833357,11.180548,29.910168,33.422752,59.834784,0.868421,1.320662,0.296009,5.342505,1753.610911,13.102324,0.007472,32724992,32724992,861184,2843100,False
393,88,94.200000,2.606360,18.581775,13.974581,8.666144,30.125228,41.079388,216.207642,0.806818,1.211393,0.352634,5.342505,1750.333711,13.845449,0.007910,37892096,37892096,861184,2956720,False
394,94,94.200000,2.987214,18.601567,12.491352,12.145669,24.496687,27.035016,43.007110,0.882979,1.337802,0.293762,5.342505,1752.157803,15.311501,0.008739,40475648,40475648,861184,3821740,False
395,91,94.200000,2.785124,18.552573,9.852580,6.662976,22.828592,28.586906,38.076089,0.857143,1.308868,0.346664,5.342505,1747.601409,14.799918,0.008469,39183872,39183872,861184,4209400,False
396,85,94.200000,3.507184,18.588216,13.167664,10.162400,30.846447,38.654783,53.254438,0.894118,1.341350,0.291719,5.342505,1750.871461,14.808537,0.008458,36600320,36600320,861184,3673020,False
397,90,94.200000,2.734647,18.600297,10.917362,8.205990,21.952218,29.176996,65.807332,0.922222,1.383735,0.292867,5.342505,1752.105670,15.339499,0.008755,38753280,38753280,861184,4233580,False
398,82,94.200000,2.787204,18.531951,11.800167,9.308977,26.387777,31.485922,46.423907,0.890244,1.335536,0.286269,5.342505,1745.629005,14.019492,0.008031,35308544,35308544,861184,3167060,False
399,82,94.200000,3.160506,18.559780,13.630253,9.359261,31.843136,43.851902,114.375243,0.853659,1.298625,0.355994,5.342505,1748.291966,14.069418,0.008048,35308544,35308544,861184,4149340,False
400,107,94.200000,3.145471,18.656845,11.221548,8.130504,22.528563,31.811654,104.569317,0.897196,1.359544,0.317846,5.342505,1757.345163,17.407630,0.009906,46073344,46073344,861184,5533580,False
401,93,94.200000,3.018290,18.666058,10.653845,6.563943,23.482893,32.347475,60.047897,0.903226,1.355055,0.318300,5.342505,1758.298047,15.994449,0.009097,40045056,40045056,861184,4625140,False
402,96,94.200000,3.082914,18.635654,13.957103,10.145427,29.423992,39.185936,53.377424,0.937500,1.406526,0.242501,5.342505,1755.411484,15.711717,0.008950,41336832,41336832,861184,3843580,False
403,93,94.200000,3.288943,18.570653,15.118962,10.192004,35.022063,45.272017,86.844665,0.935484,1.403343,0.243438,5.342505,1749.281978,15.524954,0.008875,40045056,40045056,861184,3792620,False
404,90,94.200000,3.110586,18.611445,11.825278,8.531379,26.129041,31.061692,47.203710,0.922222,1.383450,0.285427,5.342505,1753.160004,15.099242,0.008613,38753280,38753280,861184,3983460,False
405,92,94.200000,2.748312,18.617741,11.350219,7.567225,27.491996,31.549732,70.644682,0.858696,1.288556,0.329176,5.342505,1753.748390,14.712494,0.008389,39614464,39614464,861184,4053400,False
406,84,94.200000,2.865941,18.684072,11.761492,10.012152,27.347285,33.936572,50.773512,0.892857,1.339478,0.295282,5.342505,1760.037509,14.351125,0.008154,36169728,36169728,861184,3570320,False
407,114,94.200000,4.423838,18.639901,17.427537,12.129836,37.936892,54.033298,93.219662,0.964912,1.447446,0.222319,5.342505,1755.844189,18.118048,0.010319,49087488,49087488,861184,4951700,False
408,89,94.200000,3.039414,18.669467,12.701108,9.714373,30.933541,36.378603,50.588015,0.887640,1.331638,0.293375,5.342505,1758.635755,14.778178,0.008403,38322688,38322688,861184,3771300,False
409,96,94.200000,2.878147,18.568558,11.493501,8.381804,24.680454,29.603763,44.470319,0.895833,1.363900,0.293070,5.342505,1749.112490,15.583666,0.008909,41336832,41336832,861184,4451460,False
410,100,94.200000,3.319194,18.589327,12.543695,8.849630,24.177660,33.622959,88.397754,0.930000,1.395120,0.281076,5.342505,1750.993791,16.813460,0.009602,43059200,43059200,861184,4889820,False
411,84,94.200000,2.728124,18.613232,12.555457,8.458552,28.312520,38.351409,70.510954,0.845238,1.268527,0.315649,5.342505,1753.322419,13.779543,0.007859,36169728,36169728,861184,3214640,False
412,93,94.200000,2.803222,18.566098,11.802366,7.966811,26.752187,40.968916,48.279748,0.860215,1.290518,0.332031,5.342505,1748.912040,15.094444,0.008631,40045056,40045056,861184,4085640,False
413,83,94.200000,2.958461,18.639714,12.204622,9.600885,24.579599,33.444648,44.918230,0.903614,1.355818,0.295054,5.342505,1755.803181,14.390741,0.008196,35739136,35739136,861184,3775200,False
414,95,94.200000,2.831166,18.638340,12.322915,9.410030,25.248373,36.392560,40.298185,0.873684,1.314435,0.281694,5.342505,1755.572629,14.840936,0.008454,40906240,40906240,861184,3419780,False
415,95,94.200000,3.501763,18.628224,13.284876,9.053696,26.870603,33.370832,95.183864,0.915789,1.379932,0.270253,5.342505,1754.720926,15.543150,0.008858,40906240,40906240,861184,4154280,False
416,87,94.200000,3.244282,18.577269,13.493872,11.515171,26.804429,33.722616,68.298379,0.896552,1.346686,0.261335,5.342505,1749.919177,14.489896,0.008280,37461504,37461504,861184,3213080,False
417,95,94.200000,2.781576,18.591931,12.283109,8.225253,29.783424,38.500889,95.936061,0.831579,1.248781,0.324173,5.342505,1751.283163,14.631546,0.008355,40906240,40906240,861184,3502460,False
418,95,94.200000,2.998725,18.689597,13.402415,8.374063,32.763937,43.884743,65.426856,0.842105,1.271760,0.326295,5.342505,1760.544229,14.893515,0.008460,40906240,40906240,861184,3929380,False
419,98,94.200000,2.902617,18.652464,12.614523,8.520289,28.284264,34.798616,83.590819,0.857143,1.290505,0.310404,5.342505,1756.931556,15.218343,0.008662,42198016,42198016,861184,3905460,False
420,104,94.200000,3.182584,18.638054,11.162669,7.971536,23.345635,27.309434,66.020460,0.894231,1.349034,0.299845,5.342505,1755.653765,16.450936,0.009370,44781568,44781568,861184,4563260,False
421,91,94.200000,2.809639,18.627849,13.300262,11.886178,27.675223,32.501791,41.802327,0.923077,1.393365,0.252381,5.342505,1754.666806,15.317959,0.008730,39183872,39183872,861184,3784560,False
422,116,94.200000,3.495671,18.631448,13.591705,10.374985,31.017347,33.980139,58.012872,0.931034,1.406700,0.243283,5.342505,1755.013228,17.799473,0.010142,49948672,49948672,861184,4596800,False
423,103,94.200000,2.950675,18.621726,10.932091,9.290090,22.626085,29.684472,58.045695,0.805825,1.220138,0.342160,5.342505,1754.021077,15.381327,0.008769,44350976,44350976,861184,3621020,False
424,93,94.200000,2.845049,18.702318,12.607607,9.145324,25.248496,28.849758,70.792845,0.924731,1.404545,0.278040,5.342505,1761.706382,16.175783,0.009182,40045056,40045056,861184,4296500,False
425,76,94.200000,3.128831,18.576531,14.084081,9.130358,27.297652,39.237581,92.272106,0.881579,1.322582,0.273755,5.342505,1749.874871,13.221478,0.007556,32724992,32724992,861184,2840500,False
426,111,94.200000,3.308585,18.588406,13.584961,8.655804,32.332544,39.737543,85.935568,0.882883,1.339702,0.296239,5.342505,1750.932923,16.919830,0.009663,47795712,47795712,861184,4814160,False
427,87,94.200000,3.043852,18.623601,11.876754,7.630017,29.933651,34.633156,49.446549,0.873563,1.326328,0.306821,5.342505,1754.215696,14.896219,0.008492,37461504,37461504,861184,3780400,False
428,98,94.200000,2.997808,18.616596,12.939743,9.581572,31.248952,40.607448,47.992624,0.918367,1.377692,0.276420,5.342505,1753.709383,16.320738,0.009306,42198016,42198016,861184,4415840,False
429,90,94.200000,3.053711,18.654386,14.418160,10.035597,33.808812,40.019636,102.332814,0.844444,1.266899,0.299128,5.342505,1757.112263,14.010988,0.007974,38753280,38753280,861184,3117660,False
430,99,94.200000,3.412882,18.560600,16.306464,11.550201,34.324158,41.624261,79.078941,0.909091,1.377884,0.254602,5.342505,1748.305190,15.855750,0.009069,42628608,42628608,861184,4074460,False
431,99,94.200000,3.156516,18.579147,12.132804,8.797966,27.694652,33.270839,74.715298,0.848485,1.272960,0.323348,5.342505,1750.100166,15.161391,0.008663,42628608,42628608,861184,3865160,False
432,94,94.200000,2.916237,18.611498,10.928820,6.041045,26.687763,38.127961,97.598404,0.829787,1.246491,0.378658,5.342505,1753.127202,14.899583,0.008499,40475648,40475648,861184,4393220,False
433,104,94.200000,3.204327,18.583631,12.770863,9.859272,25.741663,33.995767,72.841968,0.913462,1.370344,0.274079,5.342505,1750.463980,16.693649,0.009537,44781568,44781568,861184,4702880,False
434,100,94.200000,3.059807,18.609438,13.137522,8.059218,32.628281,44.709184,88.557513,0.850000,1.282307,0.309287,5.342505,1752.916145,15.434981,0.008805,43059200,43059200,861184,3821220,False
435,96,94.200000,3.129818,18.562423,12.388832,8.741337,25.404035,31.906063,80.384614,0.895833,1.343929,0.287326,5.342505,1748.602312,15.686317,0.008971,41336832,41336832,861184,4246320,False
436,114,94.200000,3.300468,18.561930,15.309329,10.225021,31.388468,42.652483,146.224215,0.868421,1.302833,0.291328,5.342505,1748.465591,16.462414,0.009415,49087488,49087488,861184,4380220,False
437,90,94.200000,2.865485,18.605787,11.157340,7.022135,26.724038,38.639965,63.409698,0.833333,1.250848,0.348513,5.342505,1752.647685,14.679338,0.008376,38753280,38753280,861184,4033120,False
438,96,94.200000,3.124688,18.654292,13.241130,9.757222,28.008690,39.370736,56.520540,0.906250,1.362744,0.263372,5.342505,1757.224721,15.534780,0.008841,41336832,41336832,861184,3999840,False
439,84,94.200000,3.230854,18.597893,12.779927,8.586296,26.516904,34.279891,84.060363,0.928571,1.402012,0.275551,5.342505,1751.846628,15.157603,0.008652,36169728,36169728,861184,3981120,False
440,94,94.200000,3.059008,18.623062,11.847335,8.522220,26.511844,37.075100,62.614629,0.893617,1.340617,0.297976,5.342505,1754.286311,15.679187,0.008938,40475648,40475648,861184,4370860,False
441,76,94.200000,3.196647,18.606384,14.631200,10.478307,33.309077,41.497634,63.992699,0.947368,1.421208,0.223353,5.342505,1752.688499,13.915891,0.007940,32724992,32724992,861184,3018600,False
442,75,94.200000,2.918388,18.575171,17.172732,13.356282,34.331797,47.220897,101.967720,0.920000,1.380119,0.257104,5.342505,1749.653744,13.195841,0.007542,32294400,32294400,861184,2908880,False
443,99,94.200000,3.252667,18.562855,13.284481,8.575299,31.945379,48.802031,68.161326,0.898990,1.360495,0.300759,5.342505,1748.515738,16.572681,0.009478,42628608,42628608,861184,4822480,False
444,114,94.200000,2.920294,18.659705,12.910497,8.379049,29.776235,34.549296,62.904221,0.859649,1.289702,0.298976,5.342505,1757.645839,16.806462,0.009562,49087488,49087488,861184,4472520,False
445,101,94.200000,3.211217,18.618434,12.335855,10.263278,24.798108,32.252722,55.187368,0.891089,1.336829,0.279120,5.342505,1753.789077,16.071543,0.009164,43489792,43489792,861184,4206280,False
446,90,94.200000,3.491741,18.595736,13.929438,8.367465,27.632537,31.797723,169.449866,0.900000,1.353218,0.281268,5.342505,1751.696766,15.133390,0.008639,38753280,38753280,861184,3771560,False
447,84,94.200000,3.172446,18.654677,12.307024,10.544752,25.074683,31.495027,67.579527,0.880952,1.322030,0.304886,5.342505,1757.228565,14.132228,0.008042,36169728,36169728,861184,3692520,False
448,94,94.200000,2.680417,18.559960,10.663993,5.771083,27.279966,31.534182,44.881966,0.840426,1.260924,0.354313,5.342505,1748.276662,15.017343,0.008590,40475648,40475648,861184,4414540,False
449,88,94.200000,3.272421,18.649901,11.580574,8.399430,20.521620,30.972399,85.792584,0.897727,1.346775,0.300726,5.342505,1756.799533,15.423891,0.008780,37892096,37892096,861184,4071600,False
450,96,94.200000,3.299583,18.613522,12.228597,8.153800,25.553977,33.554425,76.161429,0.916667,1.375383,0.270885,5.342505,1753.348665,16.200384,0.009240,41336832,41336832,861184,4358640,False
451,95,94.200000,3.110414,18.590358,11.832391,8.612397,25.865001,30.249758,72.392297,0.894737,1.349978,0.294159,5.342505,1751.101024,15.640286,0.008932,40906240,40906240,861184,4245540,False
452,100,94.200000,3.293768,18.618888,13.176710,9.110639,24.463162,44.488869,91.797102,0.900000,1.350448,0.291511,5.342505,1753.850153,16.171286,0.009220,43059200,43059200,861184,4535180,False
453,102,94.200000,2.750201,18.515361,12.910492,8.774515,32.175188,36.239458,55.689474,0.852941,1.285467,0.314626,5.342505,1744.095307,15.419528,0.008841,43920384,43920384,861184,4058340,False
454,108,94.200000,3.492317,18.631777,16.209916,11.431294,40.042995,45.661470,76.228828,0.879630,1.319642,0.265442,5.342505,1754.960726,16.213222,0.009239,46503936,46503936,861184,3888560,False
455,88,94.200000,3.352420,18.579720,12.565931,8.403275,27.790974,39.549183,59.171104,0.875000,1.322803,0.309500,5.342505,1750.156443,14.884236,0.008505,37892096,37892096,861184,3908060,False
456,97,94.200000,3.352867,18.599195,13.442482,8.373388,28.257780,39.544634,112.336052,0.917526,1.376421,0.278937,5.342505,1751.969399,16.185826,0.009239,41767424,41767424,861184,4457180,False
457,96,94.200000,3.459613,18.626050,12.708853,9.140709,28.660129,39.054357,67.815652,0.875000,1.312725,0.294193,5.342505,1754.560734,15.463117,0.008813,41336832,41336832,861184,4047160,False
458,88,94.200000,3.043649,18.513200,11.869246,8.383138,29.277641,35.298274,60.804325,0.818182,1.228176,0.348110,5.342505,1743.889702,14.020257,0.008040,37892096,37892096,861184,3604640,False
459,86,94.200000,3.455421,18.565996,14.362064,8.370787,33.668223,47.905229,77.444709,0.883721,1.326027,0.294363,5.342505,1748.859505,14.222642,0.008133,37030912,37030912,861184,3695640,False
460,92,94.200000,3.006164,18.628354,11.541052,8.034113,25.777816,35.741426,54.024991,0.858696,1.288300,0.317079,5.342505,1754.735468,14.690958,0.008372,39614464,39614464,861184,3962140,False
461,82,94.200000,3.591230,18.665318,12.233512,9.333726,24.357442,31.381916,84.796879,0.890244,1.341776,0.276767,5.342505,1758.280498,14.132014,0.008037,35308544,35308544,861184,3586180,False
462,88,94.200000,3.362085,18.603844,13.474982,10.366426,30.242421,32.726156,57.434990,0.954545,1.434228,0.230124,5.342505,1752.449370,15.152924,0.008647,37892096,37892096,861184,3902340,False
463,104,94.200000,3.216636,18.596389,13.559626,9.441158,32.171432,34.475994,69.403000,0.894231,1.344195,0.290978,5.342505,1751.675250,16.377798,0.009350,44781568,44781568,861184,4680780,False
464,98,94.200000,3.209930,18.580861,13.300131,8.842834,31.005818,35.061361,88.039846,0.918367,1.384726,0.275315,5.342505,1750.240166,16.050979,0.009171,42198016,42198016,861184,4550260,False
465,75,94.200000,3.171727,18.677781,13.189230,11.523705,25.550195,38.760917,67.778880,0.893333,1.344638,0.287328,5.342505,1759.441843,13.472106,0.007657,32294400,32294400,861184,3384680,False
466,101,94.200000,3.194308,18.544667,11.431084,8.192479,26.164778,32.483788,38.373391,0.871287,1.307141,0.307792,5.342505,1746.870373,16.051540,0.009189,43489792,43489792,861184,4388540,False
467,102,94.200000,3.279536,18.633173,12.505220,9.182487,29.446004,32.813315,72.671786,0.872549,1.313792,0.305063,5.342505,1755.121532,15.876399,0.009046,43920384,43920384,861184,4477460,False
468,101,94.200000,3.196299,18.677236,13.483341,9.490697,30.356464,39.290162,96.804615,0.920792,1.382930,0.275115,5.342505,1759.371347,16.410984,0.009328,43489792,43489792,861184,4636840,False
469,96,94.200000,3.382066,18.605448,13.185993,9.293668,32.394225,38.167040,63.318500,0.854167,1.281481,0.309401,5.342505,1752.482870,14.803385,0.008447,41336832,41336832,861184,3818100,False
470,98,94.200000,2.913092,18.648775,11.320074,7.904893,26.569526,37.342325,75.415586,0.806122,1.211864,0.362828,5.342505,1756.581395,14.944450,0.008508,42198016,42198016,861184,4119960,False
471,97,94.200000,2.930765,18.551012,11.500029,7.763200,26.266904,35.534888,48.401896,0.824742,1.237421,0.350864,5.342505,1747.398263,14.998663,0.008583,41767424,41767424,861184,4222140,False
472,98,94.200000,2.925412,18.600584,11.259782,8.210545,23.510730,29.308404,76.400102,0.826531,1.242307,0.348961,5.342505,1752.094073,15.325443,0.008747,42198016,42198016,861184,4207320,False
473,98,94.200000,3.463260,18.612446,14.013431,10.124050,30.397408,40.510950,77.090132,0.887755,1.331805,0.267522,5.342505,1753.174152,15.132775,0.008632,42198016,42198016,861184,3893760,False
474,88,94.200000,3.390872,18.606559,12.231012,6.304687,29.786634,40.026942,72.235766,0.840909,1.261654,0.344185,5.342505,1752.705295,14.304707,0.008162,37892096,37892096,861184,4045340,False
475,100,94.200000,3.245279,18.563829,13.724287,9.362718,34.032723,39.009120,76.359602,0.930000,1.395121,0.255898,5.342505,1748.665907,16.430414,0.009396,43059200,43059200,861184,4471740,False
476,103,94.200000,3.010692,18.646662,13.034803,9.145472,28.406200,37.108710,102.585701,0.834951,1.255145,0.327905,5.342505,1756.462260,15.335618,0.008731,44350976,44350976,861184,4044040,False
477,86,94.200000,3.165341,18.616416,12.814341,9.578670,25.435338,38.116564,62.907377,0.883721,1.325772,0.289594,5.342505,1753.734627,14.368548,0.008193,37030912,37030912,861184,3577340,False
478,78,94.200000,3.263751,18.668211,12.262512,9.097825,22.849808,40.599441,68.805134,0.910256,1.366118,0.271589,5.342505,1758.519238,14.107441,0.008022,33586176,33586176,861184,3428620,False
479,96,94.200000,3.046981,18.634534,12.698746,9.517241,26.651077,37.685215,56.381635,0.864583,1.311861,0.290175,5.342505,1755.298322,15.190612,0.008654,41336832,41336832,861184,3906500,False
480,105,94.200000,3.606315,18.645230,14.019748,10.419573,28.210956,36.994576,77.851858,0.885714,1.336206,0.285544,5.342505,1756.272714,16.072296,0.009151,45212160,45212160,861184,4379700,False
481,89,94.200000,3.373069,18.626398,13.462651,8.287603,35.126616,42.396897,67.089687,0.820225,1.247496,0.325887,5.342505,1754.536162,14.079974,0.008025,38322688,38322688,861184,3413540,False
482,81,94.200000,3.388177,18.697568,12.602209,9.753400,31.488775,33.723753,50.008604,0.888889,1.333641,0.292328,5.342505,1761.267582,14.108524,0.008010,34877952,34877952,861184,3874520,False
483,98,94.200000,3.014723,18.606749,13.340286,8.388903,26.881647,34.561384,97.542483,0.897959,1.347084,0.272711,5.342505,1752.692518,15.583508,0.008891,42198016,42198016,861184,4206280,False
484,89,94.200000,3.402442,18.636377,14.263396,9.111610,33.703217,44.370765,70.691608,0.842697,1.265683,0.316230,5.342505,1755.539545,14.101887,0.008033,38322688,38322688,861184,3495960,False
485,83,94.200000,3.473507,18.540014,14.234201,11.431531,30.457624,38.286440,75.497247,0.891566,1.337534,0.289780,5.342505,1746.382978,14.155342,0.008106,35739136,35739136,861184,3905200,False
486,85,94.200000,3.417750,18.580358,14.539793,10.879956,28.516161,41.200310,84.211775,0.894118,1.341338,0.276773,5.342505,1750.262995,14.159267,0.008090,36600320,36600320,861184,3715400,False
487,84,94.200000,3.411954,18.568942,13.399772,9.977411,30.101204,40.478249,60.129285,0.904762,1.357341,0.274634,5.342505,1749.120485,14.331937,0.008194,36169728,36169728,861184,3675880,False
488,80,94.200000,3.387202,18.627202,12.736383,9.412861,29.176792,34.111891,64.359836,0.875000,1.313654,0.290087,5.342505,1754.695484,13.769063,0.007847,34447360,34447360,861184,3348020,False
489,92,94.200000,3.628149,18.674955,14.175215,11.270733,32.081824,37.674092,56.156083,0.934783,1.402407,0.229154,5.342505,1759.060981,15.263308,0.008677,39614464,39614464,861184,3711240,False
490,91,94.200000,3.530685,18.629754,14.582562,8.631022,29.810879,40.139924,270.026820,0.846154,1.271035,0.317071,5.342505,1754.867378,14.367958,0.008187,39183872,39183872,861184,3710200,False
491,102,94.200000,3.805993,18.578176,14.548256,11.388418,30.796213,38.449028,57.222809,0.941176,1.411874,0.223660,5.342505,1750.045265,16.211143,0.009263,43920384,43920384,861184,4164160,False
492,104,94.200000,3.720653,18.633479,15.699255,11.058174,35.762672,46.138653,103.611694,0.903846,1.355948,0.262064,5.342505,1755.243225,16.072495,0.009157,44781568,44781568,861184,4262700,False
493,89,94.200000,3.376102,18.537870,12.776437,8.523796,32.944297,39.700816,51.333722,0.808989,1.222583,0.338365,5.342505,1746.220323,13.788854,0.007896,38322688,38322688,861184,3457740,False
494,90,94.200000,3.569813,18.634844,14.909889,10.741077,30.083894,45.930529,74.462603,0.900000,1.353139,0.264204,5.342505,1755.289880,14.904542,0.008491,38753280,38753280,861184,3841760,False
495,86,94.200000,3.672132,18.640130,12.229243,8.566699,26.221885,30.869318,69.032229,0.906977,1.366926,0.291181,5.342505,1755.910810,14.956602,0.008518,37030912,37030912,861184,4397640,False
496,99,94.200000,3.158416,18.588520,13.841896,10.674564,31.963737,47.381963,77.750783,0.818182,1.227614,0.315010,5.342505,1750.959929,14.771614,0.008436,42628608,42628608,861184,3491540,False
497,88,94.200000,3.176295,18.612061,14.530984,11.251833,30.949596,36.291583,76.440309,0.886364,1.335673,0.276797,5.342505,1753.186322,14.363950,0.008193,37892096,37892096,861184,3641040,False
498,85,94.200000,3.400308,18.649899,14.957223,9.980870,38.341162,50.489914,69.902885,0.847059,1.272752,0.297743,5.342505,1756.761901,13.594451,0.007738,36600320,36600320,861184,2949700,False
499,89,94.200000,3.177069,18.586317,11.256170,7.936442,23.451800,34.746067,55.098685,0.820225,1.230743,0.333693,5.342505,1750.698505,14.064912,0.008034,38322688,38322688,861184,3606200,False
500,92,94.200000,3.760851,18.664341,14.709129,12.352867,30.853936,44.729320,56.583159,0.923913,1.385974,0.252907,5.342505,1758.132522,15.393204,0.008755,39614464,39614464,861184,4020380,False
501,107,94.200000,3.255395,18.556696,12.346310,8.856647,26.684964,35.377164,91.098972,0.887850,1.332401,0.292183,5.342505,1747.972922,17.070372,0.009766,46073344,46073344,861184,4903860,False
502,92,94.200000,3.217010,18.668588,14.073562,10.486969,30.883856,43.809663,59.835401,0.902174,1.353756,0.265050,5.342505,1758.489979,15.157991,0.008620,39614464,39614464,861184,3782220,False
503,95,94.200000,3.145803,18.670515,10.221811,7.280331,23.530378,26.535155,51.699077,0.831579,1.262451,0.353757,5.342505,1758.738401,15.289697,0.008694,40906240,40906240,861184,4617860,False
504,97,94.200000,3.233248,18.676997,14.294338,9.852556,31.901061,46.191197,74.469669,0.845361,1.268318,0.295592,5.342505,1759.278898,14.986187,0.008518,41767424,41767424,861184,3468400,False
505,101,94.200000,3.553648,18.594118,14.489349,10.362313,32.532535,36.996171,76.889898,0.881188,1.322773,0.273003,5.342505,1751.470599,15.710004,0.008970,43489792,43489792,861184,3950960,False
506,98,94.200000,3.559936,18.671215,12.928196,9.793109,26.194563,28.211438,118.755226,0.795918,1.194476,0.341859,5.342505,1758.767342,14.307635,0.008135,42198016,42198016,861184,3565380,False
507,97,94.200000,3.309273,18.644398,13.280061,7.811231,30.774715,38.750534,58.914001,0.886598,1.330136,0.292942,5.342505,1756.324602,15.314634,0.008720,41767424,41767424,861184,4172480,False
508,93,94.200000,3.652205,18.624877,14.166594,8.886031,29.741406,35.332473,86.248059,0.881720,1.322911,0.278928,5.342505,1754.424128,15.027225,0.008565,40045056,40045056,861184,3933540,False
509,72,94.200000,3.940256,18.603141,14.488983,9.695957,31.319559,42.638288,111.273234,0.861111,1.296832,0.287453,5.342505,1752.365447,12.588694,0.007184,31002624,31002624,861184,2668380,False
510,92,94.200000,3.383082,18.594547,12.540549,7.905530,30.281533,45.405792,62.985039,0.804348,1.207053,0.356632,5.342505,1751.574911,14.428122,0.008237,39614464,39614464,861184,3909360,False
511,96,94.200000,3.569078,18.606135,14.298995,9.376511,33.755396,43.447578,80.238191,0.833333,1.250652,0.318573,5.342505,1752.685270,14.855157,0.008476,41336832,41336832,861184,3954860,False
512,91,94.200000,3.576099,18.593318,11.827157,7.612124,26.864668,43.432823,80.437817,0.802198,1.203701,0.354217,5.342505,1751.392397,14.058251,0.008027,39183872,39183872,861184,3864640,False
513,91,94.200000,3.824611,18.634182,15.333912,11.401786,35.614836,42.410646,61.719713,0.835165,1.253218,0.292021,5.342505,1755.254096,13.946181,0.007945,39183872,39183872,861184,2955680,False
514,95,94.200000,3.859180,18.650900,14.777033,10.289218,32.197504,44.269368,106.319920,0.884211,1.334503,0.274412,5.342505,1756.844450,15.152500,0.008625,40906240,40906240,861184,3949920,False
515,87,94.200000,3.752780,18.646616,16.006142,10.935255,35.338688,42.258113,106.123442,0.873563,1.317914,0.263127,5.342505,1756.416110,14.054226,0.008002,37461504,37461504,861184,3103620,False
516,88,94.200000,3.750026,18.603182,15.012451,9.494121,35.160569,47.441241,76.980972,0.875000,1.312774,0.277840,5.342505,1752.393913,13.924992,0.007946,37892096,37892096,861184,3376880,False
517,94,94.200000,3.373579,18.560883,13.261056,8.070147,30.439366,36.793640,79.389836,0.872340,1.328654,0.286821,5.342505,1748.384316,15.158925,0.008670,40475648,40475648,861184,3813420,False
518,90,94.200000,3.551238,18.572605,12.727933,8.337996,27.109642,38.627724,74.721165,0.866667,1.300281,0.322122,5.342505,1749.507350,14.810319,0.008465,38753280,38753280,861184,4417920,False
519,102,94.200000,3.451715,18.587699,13.466539,10.159221,27.460714,36.452750,91.805774,0.833333,1.257987,0.307853,5.342505,1750.864820,15.218246,0.008692,43920384,43920384,861184,3838900,False
520,93,94.200000,3.149129,18.625248,10.483517,6.346156,28.617053,34.662499,47.177386,0.870968,1.309931,0.328207,5.342505,1754.427106,15.261051,0.008699,40045056,40045056,861184,4745780,False
521,92,94.200000,3.648213,18.645343,14.107187,9.721566,28.961083,39.236868,78.055068,0.913043,1.369707,0.261935,5.342505,1756.326651,15.115857,0.008607,39614464,39614464,861184,3917420,False
522,98,94.200000,3.387830,18.609736,11.809360,7.113708,26.776951,37.752501,70.036195,0.836735,1.255401,0.337450,5.342505,1753.052797,15.638144,0.008921,42198016,42198016,861184,4682080,False
523,91,94.200000,3.518202,18.617036,14.544463,10.248096,31.848466,46.464089,64.981619,0.890110,1.349253,0.274541,5.342505,1753.651907,15.027128,0.008569,39183872,39183872,861184,3924440,False
524,85,94.200000,3.081113,18.622996,10.547045,7.567253,24.267756,25.346694,35.309211,0.870588,1.306645,0.305413,5.342505,1754.229779,14.216055,0.008104,36600320,36600320,861184,3833700,False
525,85,94.200000,4.027910,18.599364,15.022210,11.688185,31.264283,36.796961,65.497395,0.929412,1.396896,0.240052,5.342505,1751.973412,14.513561,0.008284,36600320,36600320,861184,3801720,False
526,94,94.200000,3.700333,18.552954,12.434988,7.654938,29.061922,38.444533,51.792469,0.861702,1.293787,0.309538,5.342505,1747.630736,15.033384,0.008602,40475648,40475648,861184,4190420,False
527,97,94.200000,3.430059,18.555678,13.474406,9.866517,29.399424,37.632030,52.658996,0.896907,1.348101,0.282115,5.342505,1747.852593,15.496502,0.008866,41767424,41767424,861184,4310800,False
528,93,94.200000,3.747836,18.598954,12.853883,8.027791,30.181470,40.661755,72.332026,0.849462,1.289893,0.315314,5.342505,1751.926070,14.832130,0.008466,40045056,40045056,861184,4130100,False
529,97,94.200000,3.608572,18.541029,13.767318,7.497342,37.566888,43.329105,99.756578,0.824742,1.237430,0.331416,5.342505,1746.482563,15.113464,0.008654,41767424,41767424,861184,4027400,False
530,105,94.200000,3.331508,18.603947,15.489587,12.572488,34.882505,39.747197,57.471391,0.914286,1.371583,0.239803,5.342505,1752.476590,16.265679,0.009282,45212160,45212160,861184,4187820,False
531,84,94.200000,3.312460,18.657845,10.908852,7.952687,25.455968,34.853357,41.722170,0.809524,1.214638,0.350514,5.342505,1757.480138,13.502955,0.007683,36169728,36169728,861184,3556280,False
532,94,94.200000,4.335300,18.625884,19.135831,10.749199,44.733697,54.603547,212.954476,0.893617,1.347519,0.255528,5.342505,1754.583353,15.049952,0.008578,40475648,40475648,861184,3740880,False
533,79,94.200000,3.606817,18.606662,11.497917,9.049679,24.304919,30.192164,68.784203,0.810127,1.236583,0.353791,5.342505,1752.687474,13.213101,0.007539,34016768,34016768,861184,3571100,False
534,116,94.200000,3.618454,18.598955,13.273812,9.023668,29.982392,33.998647,83.169779,0.905172,1.357991,0.275486,5.342505,1751.940967,17.701379,0.010104,49948672,49948672,861184,5361720,False
535,98,94.200000,3.385992,18.611559,12.848884,10.633503,27.464864,30.879357,67.777751,0.877551,1.316818,0.283219,5.342505,1753.127098,15.407421,0.008789,42198016,42198016,861184,4256200,False
536,82,94.200000,3.928638,18.632809,15.954164,11.903959,37.295599,45.732275,65.279519,0.890244,1.335620,0.276936,5.342505,1755.153363,13.633682,0.007768,35308544,35308544,861184,3644940,False
537,88,94.200000,3.681013,18.563253,15.364732,10.565975,33.225761,49.202174,86.746875,0.852273,1.278682,0.293386,5.342505,1748.550762,14.063877,0.008043,37892096,37892096,861184,3350100,False
538,96,94.200000,4.372881,18.634601,16.243276,10.812832,35.684049,49.496960,100.138377,0.895833,1.344382,0.255867,5.342505,1755.314122,15.242761,0.008684,41336832,41336832,861184,4044300,False
539,99,94.200000,3.834276,18.618527,14.302154,8.642408,29.961666,47.142566,98.096988,0.909091,1.363782,0.277141,5.342505,1753.769407,16.204347,0.009240,42628608,42628608,861184,4927000,False
540,99,94.200000,3.763065,18.637330,13.330410,7.968610,28.393543,33.975839,91.390074,0.848485,1.272994,0.319049,5.342505,1755.591924,15.397540,0.008771,42628608,42628608,861184,4439760,False
541,96,94.200000,3.496110,18.605754,13.346818,8.121510,30.894449,38.671565,84.764225,0.885417,1.330855,0.298377,5.342505,1752.641463,15.581080,0.008890,41336832,41336832,861184,4406480,False
542,90,94.200000,3.716603,18.572518,13.437049,10.636630,25.866994,31.284324,72.193378,0.866667,1.301786,0.275782,5.342505,1749.456928,14.310564,0.008180,38753280,38753280,861184,3533400,False
543,92,94.200000,3.917187,18.598050,14.861048,9.081120,35.557723,42.337098,60.253226,0.913043,1.369741,0.251749,5.342505,1751.913066,15.294422,0.008730,39614464,39614464,861184,4034420,False
544,74,94.200000,3.535004,18.567702,16.046728,10.187132,44.403829,50.112063,63.523973,0.851351,1.277267,0.298959,5.342505,1749.034051,12.948350,0.007403,31863808,31863808,861184,3007160,False
545,109,94.200000,3.886172,18.622778,15.941623,10.834648,39.512154,54.272615,99.522700,0.880734,1.321362,0.273109,5.342505,1754.197693,16.162056,0.009213,46934528,46934528,861184,4605640,False
546,98,94.200000,4.014137,18.611797,11.984361,7.579540,26.172695,38.159800,107.272927,0.857143,1.285946,0.320426,5.342505,1753.137293,15.655880,0.008930,42198016,42198016,861184,4740840,False
547,73,94.200000,3.536932,18.630158,12.202434,9.724282,25.774944,33.212274,56.993495,0.890411,1.335807,0.276739,5.342505,1754.878319,13.196245,0.007520,31433216,31433216,861184,3304860,False
548,107,94.200000,3.614438,18.612594,13.594083,9.485229,29.293750,42.536074,89.429753,0.859813,1.290370,0.300603,5.342505,1753.233220,16.142709,0.009207,46073344,46073344,861184,4643600,False
549,84,94.200000,3.663362,18.617050,13.022207,9.860746,28.009640,34.008588,78.041103,0.904762,1.357342,0.260234,5.342505,1753.705450,14.239277,0.008120,36169728,36169728,861184,3664180,False
550,99,94.200000,3.762799,18.595206,12.732254,7.266632,32.120362,36.043123,65.827251,0.848485,1.273002,0.317587,5.342505,1751.603464,15.311324,0.008741,42628608,42628608,861184,4356300,False
551,104,94.200000,3.334933,18.617448,12.981730,8.450817,28.271000,35.324836,116.753806,0.807692,1.212290,0.343896,5.342505,1753.675420,15.384688,0.008773,44781568,44781568,861184,4293900,False
552,92,94.200000,3.641868,18.590629,16.167741,10.373436,36.360078,47.560877,65.949068,0.923913,1.386933,0.217427,5.342505,1751.212154,15.030488,0.008583,39614464,39614464,861184,3502460,False
553,90,94.200000,3.388446,18.579816,11.942207,8.603229,24.477153,30.321670,58.690859,0.866667,1.300222,0.287149,5.342505,1750.075523,14.836114,0.008477,38753280,38753280,861184,3775720,False
554,103,94.200000,3.883860,18.572321,13.959969,11.180636,29.475346,38.370219,46.109264,0.873786,1.317899,0.273333,5.342505,1749.496538,15.747390,0.009001,44350976,44350976,861184,4184960,False
555,96,94.200000,4.331072,18.538154,17.603043,12.952283,39.480352,53.947884,95.620229,0.916667,1.378249,0.225537,5.342505,1746.253063,15.218765,0.008715,41336832,41336832,861184,3716700,False
556,99,94.200000,3.931278,18.589889,12.647654,9.572906,25.436656,31.456948,66.850230,0.868687,1.303282,0.293794,5.342505,1751.056607,15.655275,0.008940,42628608,42628608,861184,4288700,False
557,89,94.200000,3.663500,18.647908,14.162106,8.777208,31.448894,40.056937,75.334060,0.898876,1.362865,0.277579,5.342505,1756.556487,14.931320,0.008500,38322688,38322688,861184,4156880,False
558,88,94.200000,3.744280,18.603521,13.595268,8.943846,28.214014,50.273843,93.095193,0.852273,1.278668,0.318621,5.342505,1752.373222,14.584289,0.008323,37892096,37892096,861184,4179240,False
559,84,94.200000,2.999218,18.542006,13.298473,11.230587,25.989337,32.325177,52.521421,0.869048,1.303844,0.254480,5.342505,1746.623028,13.614105,0.007795,36169728,36169728,861184,2719080,False
560,97,94.200000,3.557690,18.642603,14.209851,9.263958,30.628984,43.009550,107.437731,0.835052,1.252888,0.303096,5.342505,1756.090239,14.791627,0.008423,41767424,41767424,861184,3679780,False
561,97,94.200000,3.746825,18.644035,15.596922,8.398751,36.470687,46.337480,132.140136,0.865979,1.299194,0.301862,5.342505,1756.238364,15.809544,0.009002,41767424,41767424,861184,4425460,False
562,79,94.200000,4.138816,18.578247,13.169973,8.397313,29.739376,39.783536,56.402309,0.873418,1.321806,0.295926,5.342505,1749.978964,13.616105,0.007781,34016768,34016768,861184,3775980,False
563,107,94.200000,3.626898,18.628067,13.267286,8.015604,29.881674,42.405152,68.228787,0.859813,1.297325,0.309444,5.342505,1754.695442,16.187109,0.009225,46073344,46073344,861184,4749420,False
564,100,94.200000,4.120577,18.633090,16.495779,9.822177,37.189842,66.820246,98.475405,0.890000,1.335202,0.267448,5.342505,1755.276896,15.678040,0.008932,43059200,43059200,861184,4309240,False
565,89,94.200000,3.548549,18.635959,14.689685,9.902354,36.380365,44.586873,73.097933,0.865169,1.301013,0.282050,5.342505,1755.431500,14.262352,0.008125,38322688,38322688,861184,3701620,False
566,82,94.200000,3.749751,18.632087,15.706827,9.091839,37.527964,47.059993,113.694160,0.841463,1.262599,0.295122,5.342505,1755.119927,13.707279,0.007810,35308544,35308544,861184,3095040,False
567,88,94.200000,4.567363,18.557772,15.440105,9.604761,38.229459,59.608721,82.357405,0.886364,1.329742,0.275907,5.342505,1748.111763,14.445170,0.008263,37892096,37892096,861184,3733340,False
568,85,94.200000,3.109223,18.603617,12.186835,9.952819,26.289030,32.857628,48.604383,0.858824,1.292884,0.300687,5.342505,1752.448255,13.910364,0.007938,36600320,36600320,861184,3509480,False
569,113,94.200000,3.728188,18.625443,15.519396,10.074313,35.152914,44.118602,112.263694,0.876106,1.316765,0.280075,5.342505,1754.377897,17.346466,0.009888,48656896,48656896,861184,4796480,False
570,95,94.200000,3.829086,18.628287,17.111939,13.225896,34.141481,49.500683,88.961628,0.894737,1.342307,0.219885,5.342505,1754.674289,14.401869,0.008208,40906240,40906240,861184,3086720,False
571,94,94.200000,3.922631,18.542439,15.713330,11.426103,35.717274,46.232639,67.295796,0.882979,1.324675,0.270219,5.342505,1746.581537,14.964345,0.008568,40475648,40475648,861184,3926260,False
572,103,94.200000,4.011722,18.560679,15.302553,10.097746,33.888474,42.927159,54.020776,0.893204,1.339973,0.265965,5.342505,1748.481826,16.411009,0.009386,44350976,44350976,861184,4569500,False
573,105,94.200000,4.438404,18.612686,15.724615,10.691479,41.335493,50.335589,66.975598,0.923810,1.385835,0.257861,5.342505,1753.224356,17.104814,0.009756,45212160,45212160,861184,5218720,False
574,92,94.200000,3.985075,18.608450,16.683434,11.522098,42.005222,60.429422,82.583226,0.804348,1.210813,0.312123,5.342505,1752.834161,13.814998,0.007882,39614464,39614464,861184,3135860,False
575,118,94.200000,3.622341,18.672896,13.664229,9.920646,30.355692,35.737048,73.945223,0.864407,1.296849,0.291246,5.342505,1758.908823,17.055202,0.009696,50809856,50809856,861184,5138900,False
576,98,94.200000,3.916506,18.650055,12.644970,7.653345,26.322084,39.446747,100.181755,0.816327,1.224845,0.336749,5.342505,1756.733680,15.227006,0.008668,42198016,42198016,861184,4179240,False
577,91,94.200000,3.614173,18.596824,14.353830,11.262586,33.254892,40.339125,53.154157,0.802198,1.212253,0.327351,5.342505,1751.846428,13.864468,0.007914,39183872,39183872,861184,3353220,False
578,92,94.200000,3.619984,18.580331,13.351886,7.552177,32.162995,43.306436,60.008589,0.836957,1.260488,0.329274,5.342505,1750.194848,14.653630,0.008373,39614464,39614464,861184,4248920,False
579,92,94.200000,4.164643,18.572700,17.090814,12.781257,34.222799,53.094767,180.854923,0.902174,1.353406,0.242886,5.342505,1749.462957,14.749859,0.008431,39614464,39614464,861184,3780660,False
580,89,94.200000,3.575246,18.579900,14.584116,10.573001,37.372866,40.880032,59.237481,0.842697,1.264398,0.298938,5.342505,1750.205657,14.300023,0.008170,38322688,38322688,861184,3515980,False
581,95,94.200000,3.836453,18.606995,14.880060,11.511615,34.060748,37.165479,81.396199,0.842105,1.270363,0.305073,5.342505,1752.697700,14.812233,0.008451,40906240,40906240,861184,3886740,False
582,88,94.200000,3.929419,18.564271,15.079792,9.655542,36.235783,40.956904,94.218896,0.840909,1.261734,0.305259,5.342505,1748.643760,14.226962,0.008136,37892096,37892096,861184,3528980,False
583,97,94.200000,4.101397,18.647888,14.285930,11.806045,26.353026,29.625325,104.950000,0.865979,1.299212,0.264591,5.342505,1756.532601,14.929252,0.008499,41767424,41767424,861184,3630640,False
584,100,94.200000,3.652843,18.568113,13.462137,8.148772,28.802755,37.412545,104.913063,0.830000,1.245366,0.319811,5.342505,1749.027184,15.003318,0.008578,43059200,43059200,861184,4059900,False
585,90,94.200000,4.029419,18.566599,15.466124,8.827795,34.382417,41.695099,99.135432,0.900000,1.350163,0.264985,5.342505,1748.949887,14.769132,0.008445,38753280,38753280,861184,4082520,False
586,98,94.200000,3.892540,18.568417,14.489464,10.483449,32.442797,44.162395,79.763865,0.867347,1.301257,0.280441,5.342505,1749.096636,15.234630,0.008710,42198016,42198016,861184,4171960,False
587,95,94.200000,3.165308,18.660856,14.354594,12.382386,30.261803,36.530052,71.451862,0.810526,1.216164,0.312357,5.342505,1757.739815,13.925640,0.007922,40906240,40906240,861184,3289520,False
588,109,94.200000,3.839619,18.606862,14.198802,11.520435,33.133643,37.752011,64.564184,0.844037,1.272990,0.276213,5.342505,1752.727663,15.606198,0.008904,46934528,46934528,861184,3589300,False
589,96,94.200000,3.792107,18.641938,15.960191,8.983163,36.451903,52.481495,101.042580,0.864583,1.297150,0.301330,5.342505,1755.912331,15.237624,0.008678,41336832,41336832,861184,4247620,False
590,92,94.200000,4.002313,18.606567,14.986321,12.261260,34.607727,38.405905,81.027346,0.891304,1.337142,0.254602,5.342505,1752.753297,15.107004,0.008619,39614464,39614464,861184,3735940,False
591,81,94.200000,3.903784,18.670878,14.460249,10.100438,36.978781,41.383353,84.105829,0.864198,1.297298,0.296430,5.342505,1758.783753,13.696193,0.007787,34877952,34877952,861184,3639480,False
592,93,94.200000,3.950582,18.640877,13.395163,10.642165,28.848793,36.964554,85.700400,0.860215,1.290610,0.303655,5.342505,1755.903992,14.618443,0.008325,40045056,40045056,861184,4132180,False
593,101,94.200000,3.729851,18.581048,13.414332,10.410446,33.284956,40.860116,60.243525,0.861386,1.292334,0.297821,5.342505,1750.140975,15.436682,0.008820,43489792,43489792,861184,4269980,False
594,78,94.200000,4.106821,18.514583,15.081224,12.845260,38.705736,41.624178,58.981491,0.923077,1.384786,0.238238,5.342505,1744.013300,13.892633,0.007966,33586176,33586176,861184,3150160,False
595,104,94.200000,3.718664,18.605925,12.720132,9.429686,30.297485,36.154486,59.262709,0.807692,1.217873,0.328988,5.342505,1752.615717,14.799844,0.008444,44781568,44781568,861184,3984240,False
596,90,94.200000,3.690195,18.664900,15.993513,9.878233,37.612319,53.483282,115.323198,0.866667,1.313925,0.294514,5.342505,1758.186436,14.711850,0.008368,38753280,38753280,861184,4152460,False
597,92,94.200000,3.468589,18.659333,14.940634,11.032001,31.185378,38.224211,115.655774,0.880435,1.321087,0.281517,5.342505,1757.704990,14.904686,0.008480,39614464,39614464,861184,4017000,False
598,74,94.200000,3.585602,18.574156,14.017256,10.434794,31.434202,42.091889,66.522184,0.891892,1.338064,0.272493,5.342505,1749.657665,13.112625,0.007494,31863808,31863808,861184,3369600,False
599,98,94.200000,3.856795,18.567887,14.432895,11.087784,31.540898,36.505073,77.118607,0.857143,1.292412,0.289550,5.342505,1749.041425,15.063529,0.008612,42198016,42198016,861184,4196400,False
600,117,94.200000,3.909679,18.576231,16.351541,12.084791,37.438538,47.915716,83.478746,0.863248,1.295171,0.283577,5.342505,1749.788682,17.140620,0.009796,50379264,50379264,861184,4771520,False
601,102,94.200000,3.792667,18.634701,14.778287,9.991458,34.314744,39.026329,62.509034,0.892157,1.338442,0.273597,5.342505,1755.389193,16.295084,0.009283,43920384,43920384,861184,4760860,False
602,82,94.200000,4.651136,18.625983,14.533143,10.563147,30.436580,41.376260,66.022489,0.902439,1.353840,0.255409,5.342505,1754.553018,14.386546,0.008200,35308544,35308544,861184,3656900,False
603,89,94.200000,3.960515,18.638092,14.040038,9.855451,31.701817,44.354270,86.535116,0.853933,1.281186,0.292079,5.342505,1755.618105,14.215105,0.008097,38322688,38322688,861184,3784560,False
604,108,94.200000,4.171181,18.598453,17.613828,11.715628,41.671925,57.904772,126.088703,0.879630,1.319660,0.260011,5.342505,1751.808133,15.929678,0.009093,46503936,46503936,861184,4288960,False
605,98,94.200000,3.889562,18.680340,14.188767,10.051879,37.882965,41.016395,53.209206,0.857143,1.285997,0.304150,5.342505,1759.672415,15.246413,0.008664,42198016,42198016,861184,4260360,False
606,103,94.200000,4.072924,18.594700,13.123004,7.404379,32.877607,42.708628,61.794986,0.893204,1.340448,0.301471,5.342505,1751.640970,16.900249,0.009648,44350976,44350976,861184,5623280,False
607,106,94.200000,3.495354,18.599206,14.042159,9.600763,30.550727,34.191378,86.758641,0.858491,1.288031,0.291058,5.342505,1752.033694,15.970600,0.009115,45642752,45642752,861184,4373460,False
608,94,94.200000,3.584172,18.580273,12.634356,8.756557,29.273226,32.883657,65.982738,0.840426,1.260926,0.314358,5.342505,1750.162615,14.641371,0.008366,40475648,40475648,861184,4069260,False
609,99,94.200000,4.289660,18.559029,13.218856,10.599913,27.864478,40.930218,58.490961,0.858586,1.288163,0.292904,5.342505,1748.152014,15.618017,0.008934,42628608,42628608,861184,4345900,False
610,97,94.200000,3.694784,18.629018,15.914210,12.784613,33.497463,42.860890,75.557092,0.855670,1.284622,0.269685,5.342505,1754.741283,14.696423,0.008375,41767424,41767424,861184,3437720,False
611,109,94.200000,4.003179,18.646301,13.371273,9.386407,31.622741,40.432137,54.933263,0.844037,1.267566,0.312429,5.342505,1756.419226,16.234002,0.009243,46934528,46934528,861184,5029440,False
612,105,94.200000,3.784046,18.609899,13.883546,9.633584,29.784341,37.143375,63.793992,0.866667,1.300231,0.279748,5.342505,1752.953345,15.915039,0.009079,45212160,45212160,861184,4406740,False
613,85,94.200000,4.028875,18.592287,16.783738,11.267268,39.261772,54.409507,96.862284,0.847059,1.274897,0.279674,5.342505,1751.390009,13.645003,0.007791,36600320,36600320,861184,2980380,False
614,106,94.200000,3.815102,18.538602,13.718211,9.567543,31.651355,49.013909,88.531905,0.839623,1.259762,0.302816,5.342505,1746.290846,15.619806,0.008945,45642752,45642752,861184,4248400,False
615,96,94.200000,4.304793,18.537982,16.015449,10.967031,30.790810,43.048919,111.752153,0.906250,1.359526,0.263445,5.342505,1746.252527,15.623852,0.008947,41336832,41336832,861184,4414540,False
616,102,94.200000,4.543074,18.631265,15.779467,9.511545,37.290299,46.800195,74.379606,0.852941,1.279714,0.286140,5.342505,1754.954842,15.373464,0.008760,43920384,43920384,861184,4054180,False
617,87,94.200000,4.040995,18.657599,13.767550,10.536363,33.345066,43.404209,58.457720,0.816092,1.224554,0.311867,5.342505,1757.443245,13.648257,0.007766,37461504,37461504,861184,3266640,False
618,94,94.200000,3.947875,18.621467,15.107508,13.052987,32.420375,46.990727,69.928172,0.882979,1.324680,0.248459,5.342505,1754.069066,14.797900,0.008436,40475648,40475648,861184,3544840,False
619,102,94.200000,3.777474,18.637290,17.177931,11.468874,41.513407,54.916775,92.328308,0.852941,1.279730,0.268440,5.342505,1755.513571,15.131473,0.008619,43920384,43920384,861184,3506100,False
620,99,94.200000,3.542491,18.633523,14.081517,9.462863,30.530476,48.704191,66.591405,0.858586,1.288207,0.307384,5.342505,1755.231089,15.516457,0.008840,42628608,42628608,861184,4548440,False
621,91,94.200000,3.832976,18.535957,18.500388,10.354166,39.141213,53.657128,150.482906,0.934066,1.401230,0.214787,5.342505,1746.005200,15.130177,0.008666,39183872,39183872,861184,3693300,False
622,78,94.200000,3.817648,18.610616,12.987782,7.684381,32.573668,40.690133,82.897833,0.807692,1.211897,0.332469,5.342505,1753.082545,12.768129,0.007283,33586176,33586176,861184,3269500,False
623,100,94.200000,3.721299,18.536548,11.998666,10.105988,26.077420,32.212987,55.266006,0.830000,1.260064,0.313994,5.342505,1746.038312,15.252430,0.008735,43059200,43059200,861184,4143620,False
624,87,94.200000,4.124155,18.608479,16.151149,11.803038,30.968158,39.782272,109.318210,0.839080,1.264620,0.291511,5.342505,1752.826441,13.673246,0.007801,37461504,37461504,861184,3374800,False
625,97,94.200000,4.066379,18.583881,16.747614,12.170571,35.040785,47.253644,120.936827,0.886598,1.331003,0.262355,5.342505,1750.602825,15.305917,0.008743,41767424,41767424,861184,4151420,False
626,85,94.200000,3.817969,18.602461,15.187829,10.667816,37.829541,53.863446,65.305789,0.894118,1.341381,0.272929,5.342505,1752.319618,14.387080,0.008210,36600320,36600320,861184,4039360,False
627,90,94.200000,4.126338,18.684292,13.003070,7.893763,32.913205,37.323167,68.272532,0.888889,1.333554,0.286264,5.342505,1760.027968,15.008740,0.008528,38753280,38753280,861184,4424680,False
628,96,94.200000,4.046752,18.657604,14.934550,10.229870,37.627399,43.150474,77.739477,0.864583,1.297112,0.294997,5.342505,1757.416404,15.239132,0.008671,41336832,41336832,861184,4493320,False
629,106,94.200000,3.622583,18.555985,12.531522,8.727524,28.410136,33.906395,114.119618,0.839623,1.267234,0.324446,5.342505,1747.917192,15.923038,0.009110,45642752,45642752,861184,4930900,False
630,94,94.200000,3.680808,18.644974,12.813255,8.548656,30.533539,39.047405,54.120675,0.808511,1.213233,0.337298,5.342505,1756.326127,14.402080,0.008200,40475648,40475648,861184,3876080,False
631,94,94.200000,3.746557,18.523053,13.275750,7.917546,30.326338,41.752244,71.624262,0.840426,1.260979,0.315377,5.342505,1744.853845,14.860373,0.008517,40475648,40475648,861184,4384640,False
632,77,94.200000,4.006109,18.629113,14.463500,11.727622,31.069583,42.171361,69.713490,0.857143,1.285984,0.284984,5.342505,1754.766074,13.219891,0.007534,33155584,33155584,861184,3135080,False
633,91,94.200000,3.810495,18.593872,14.628636,8.497753,32.389140,44.534430,68.469538,0.868132,1.302453,0.291228,5.342505,1751.513408,14.530991,0.008296,39183872,39183872,861184,3958240,False
634,106,94.200000,3.796363,18.646786,12.861399,9.253772,30.678400,41.315381,49.856960,0.867925,1.302127,0.310641,5.342505,1756.451923,16.436737,0.009358,45642752,45642752,861184,5301660,False
635,83,94.200000,4.363280,18.658959,17.050087,8.366537,43.407034,55.005342,100.191684,0.867470,1.307615,0.282618,5.342505,1757.599561,14.304579,0.008139,35739136,35739136,861184,3708900,False
636,99,94.200000,4.366963,18.610382,15.890006,12.263515,33.396450,41.000346,96.538329,0.858586,1.289381,0.266758,5.342505,1753.038708,14.961489,0.008535,42628608,42628608,861184,3610100,False
637,82,94.200000,4.564429,18.604083,16.857893,14.000185,34.957301,52.827645,81.201440,0.865854,1.303692,0.253480,5.342505,1752.457802,13.464094,0.007683,35308544,35308544,861184,2884700,False
638,85,94.200000,4.069260,18.645245,17.357577,14.166550,34.731694,49.330176,121.195628,0.847059,1.270919,0.270658,5.342505,1756.343615,13.299899,0.007572,36600320,36600320,861184,2877160,False
639,106,94.200000,3.920082,18.678021,14.862376,10.135132,33.979996,44.680873,78.665225,0.877358,1.316421,0.273828,5.342505,1759.379580,15.896387,0.009035,45642752,45642752,861184,4657120,False
640,91,94.200000,4.791234,18.586465,16.493047,10.737208,39.151758,53.231255,101.510671,0.846154,1.270234,0.297592,5.342505,1750.782336,14.502733,0.008284,39183872,39183872,861184,3943940,False
641,98,94.200000,4.336299,18.580252,15.117542,9.652278,32.455063,45.388048,103.652601,0.887755,1.331897,0.284079,5.342505,1750.153723,15.531539,0.008874,42198016,42198016,861184,4591080,False
642,102,94.200000,4.024367,18.636488,13.729863,7.299987,33.759217,55.821786,87.732454,0.803922,1.206273,0.350543,5.342505,1755.558469,15.196836,0.008656,43920384,43920384,861184,4695860,False
643,98,94.200000,4.325287,18.563716,18.140986,13.732807,39.614686,58.291110,86.470901,0.908163,1.372902,0.229955,5.342505,1748.621315,15.679106,0.008967,42198016,42198016,861184,4049500,False
644,84,94.200000,4.141716,18.626365,13.321299,9.373915,27.809450,39.570616,63.667250,0.892857,1.348836,0.272975,5.342505,1754.505923,14.140821,0.008060,36169728,36169728,861184,3973580,False
645,94,94.200000,3.960165,18.627802,13.666619,10.296505,30.225384,38.232256,67.988060,0.840426,1.264233,0.299814,5.342505,1754.683944,14.567035,0.008302,40475648,40475648,861184,3938220,False
646,100,94.200000,3.862546,18.640229,15.793092,9.608119,36.108969,54.893117,74.570167,0.890000,1.335225,0.262785,5.342505,1755.877954,15.536300,0.008848,43059200,43059200,861184,4375280,False
647,84,94.200000,4.214540,18.532491,15.763540,9.033706,37.166934,45.447432,76.071688,0.833333,1.250336,0.314436,5.342505,1745.769449,13.800216,0.007905,36169728,36169728,861184,3582540,False
648,92,94.200000,4.111022,18.675528,15.564432,11.368919,36.712731,40.507866,99.843833,0.858696,1.288311,0.296412,5.342505,1759.090660,14.578912,0.008288,39614464,39614464,861184,4126720,False
649,105,94.200000,4.320478,18.596040,13.846817,10.947374,32.464811,39.179510,73.018568,0.838095,1.257491,0.305807,5.342505,1751.641952,15.604001,0.008908,45212160,45212160,861184,4483440,False
650,89,94.200000,3.786357,18.612109,16.422201,10.667628,33.654108,60.650715,109.002992,0.820225,1.232739,0.314848,5.342505,1753.144962,13.871906,0.007913,38322688,38322688,861184,3570320,False
651,110,94.200000,4.139721,18.639191,14.160464,10.315596,30.269436,45.593027,72.178446,0.836364,1.272901,0.305034,5.342505,1755.741405,16.169208,0.009209,47365120,47365120,861184,4704180,False
652,85,94.200000,3.778640,18.551135,13.837058,8.417373,32.206844,42.115640,70.706311,0.882353,1.323759,0.274763,5.342505,1747.505853,14.569919,0.008338,36600320,36600320,861184,3791060,False
653,89,94.200000,4.404651,18.543253,14.554055,8.166459,39.255663,55.148545,86.973194,0.865169,1.298065,0.306698,5.342505,1746.728238,14.757869,0.008449,38322688,38322688,861184,4340440,False
654,90,94.200000,3.575361,18.605834,14.324064,8.363822,34.997066,38.108126,61.881249,0.855556,1.285199,0.291711,5.342505,1752.631929,14.540006,0.008296,38753280,38753280,861184,3682380,False
655,100,94.200000,3.655082,18.631277,15.078575,11.204768,33.665667,46.085723,74.835197,0.800000,1.201317,0.323911,5.342505,1754.982265,14.517316,0.008272,43059200,43059200,861184,3710720,False
656,90,94.200000,3.961425,18.579978,13.417316,8.574872,26.455367,36.709431,75.300611,0.911111,1.366831,0.276139,5.342505,1750.111556,15.516551,0.008866,38753280,38753280,861184,4825860,False
657,102,94.200000,4.073799,18.590693,13.666370,8.625355,31.726268,43.104885,80.879770,0.862745,1.294457,0.298309,5.342505,1751.224048,15.742565,0.008989,43920384,43920384,861184,4821700,False
658,95,94.200000,5.133391,18.606778,15.357783,9.379352,30.361485,62.308524,90.499652,0.863158,1.295066,0.287959,5.342505,1752.705013,14.911373,0.008508,40906240,40906240,861184,4312620,False
659,87,94.200000,4.060994,18.600631,16.766349,11.358795,39.133105,47.903080,88.382644,0.827586,1.249608,0.295418,5.342505,1752.097641,13.617717,0.007772,37461504,37461504,861184,3198780,False
660,87,94.200000,4.042759,18.616245,14.747764,9.580188,30.145763,47.481661,98.152442,0.908046,1.362306,0.270366,5.342505,1753.569389,14.862423,0.008476,37461504,37461504,861184,4428060,False
661,83,94.200000,4.441678,18.609132,14.144486,9.748540,32.987865,43.655894,62.388240,0.867470,1.304361,0.283357,5.342505,1752.913894,13.847486,0.007900,35739136,35739136,861184,3773380,False
662,95,94.200000,3.786333,18.654849,13.164984,9.366061,28.768751,35.121735,64.863609,0.831579,1.248330,0.307249,5.342505,1757.337974,14.596911,0.008306,40906240,40906240,861184,3936400,False
663,97,94.200000,4.022005,18.552291,15.057166,10.821689,31.972495,44.302111,84.554738,0.835052,1.255268,0.294905,5.342505,1747.511103,14.474876,0.008283,41767424,41767424,861184,3757000,False
664,116,94.200000,3.401510,18.655524,14.864228,10.675267,31.863665,44.542907,85.164684,0.827586,1.249867,0.307889,5.342505,1757.296748,16.459312,0.009366,49948672,49948672,861184,4580680,False
665,96,94.200000,3.869235,18.602239,11.236968,7.674706,27.353003,31.106709,81.040137,0.760417,1.141209,0.373306,5.342505,1752.237297,13.989377,0.007984,41336832,41336832,861184,3866460,False
666,103,94.200000,3.938935,18.569981,14.991361,13.867628,28.556576,33.848200,120.138525,0.873786,1.318153,0.258394,5.342505,1749.215363,15.511490,0.008868,44350976,44350976,861184,4084340,False
667,83,94.200000,3.567312,18.607819,9.992986,6.928838,22.918146,27.381858,61.096240,0.734940,1.120053,0.406119,5.342505,1752.773931,12.451330,0.007104,35739136,35739136,861184,3580460,False
668,98,94.200000,3.968237,18.628288,12.664629,8.293272,29.736813,39.279764,56.294363,0.836735,1.267485,0.313750,5.342505,1754.721939,15.206571,0.008666,42198016,42198016,861184,4220320,False
669,103,94.200000,3.905407,18.562513,15.820760,13.300047,29.804704,38.587652,100.458072,0.864078,1.296441,0.264204,5.342505,1748.504715,15.360455,0.008785,44350976,44350976,861184,3794180,False
670,106,94.200000,3.859874,18.583817,15.396287,11.925997,33.083551,36.934521,61.578172,0.839623,1.262153,0.279184,5.342505,1750.501668,15.026469,0.008584,45642752,45642752,861184,3758560,False
671,106,94.200000,4.422698,18.652703,15.484753,9.978388,37.201066,44.439173,85.493982,0.886792,1.330442,0.258596,5.342505,1757.134326,15.952929,0.009079,45642752,45642752,861184,4412200,False
672,92,94.200000,4.641844,18.628278,17.648341,10.817540,39.843060,53.858982,81.658861,0.891304,1.337162,0.245057,5.342505,1754.771888,14.813679,0.008442,39614464,39614464,861184,3721380,False
673,98,94.200000,3.693384,18.536169,12.271213,8.103855,27.281467,36.802618,69.913159,0.836735,1.257260,0.320722,5.342505,1746.023693,15.433798,0.008839,42198016,42198016,861184,4812600,False
674,104,94.200000,4.375981,18.587747,15.014340,12.246262,32.089839,36.587823,110.226617,0.846154,1.277386,0.280156,5.342505,1750.975368,15.407279,0.008799,44781568,44781568,861184,3936920,False
675,78,94.200000,4.137180,18.606123,14.204794,9.649406,30.605332,37.272840,102.633752,0.871795,1.307978,0.278878,5.342505,1752.615018,13.192999,0.007528,33586176,33586176,861184,3427840,False
676,90,94.200000,4.033836,18.632774,16.957155,10.306348,43.470288,55.706049,149.926885,0.844444,1.266986,0.295294,5.342505,1755.192642,14.313821,0.008155,38753280,38753280,861184,3729700,False
677,88,94.200000,4.214749,18.587594,15.775709,11.483976,34.259333,41.308562,108.430926,0.840909,1.266596,0.289301,5.342505,1750.918494,13.698445,0.007824,37892096,37892096,861184,3376360,False
678,102,94.200000,4.240943,18.572804,18.843298,14.137809,41.579912,57.572294,96.294351,0.862745,1.294621,0.257642,5.342505,1749.506638,15.130883,0.008649,43920384,43920384,861184,3741920,False
679,117,94.200000,3.948344,18.532844,13.565912,8.418722,37.505098,44.154664,70.698328,0.854701,1.287780,0.309517,5.342505,1745.715118,16.941519,0.009705,50379264,50379264,861184,5421520,False
680,83,94.200000,4.052891,18.654980,17.497161,11.405978,43.995725,55.937043,81.565955,0.879518,1.331511,0.260901,5.342505,1757.243559,13.881033,0.007899,35739136,35739136,861184,3448380,False
681,78,94.200000,4.304168,18.628678,15.204706,9.081269,43.021729,50.699779,94.410327,0.833333,1.250336,0.322243,5.342505,1754.719775,13.285196,0.007571,33586176,33586176,861184,3576040,False
682,103,94.200000,4.358490,18.680101,15.247632,12.105719,33.394811,38.606020,90.983759,0.864078,1.296367,0.267796,5.342505,1759.627581,15.704207,0.008925,44350976,44350976,861184,4192500,False
683,95,94.200000,4.213927,18.597897,16.097860,9.831725,34.942990,56.106607,104.183936,0.810526,1.220107,0.326377,5.342505,1751.894765,14.294983,0.008160,40906240,40906240,861184,4071080,False
684,78,94.200000,4.385403,18.548248,14.187405,10.895950,28.967443,45.123635,63.794193,0.833333,1.268073,0.305581,5.342505,1747.181967,12.823539,0.007340,33586176,33586176,861184,3377920,False
685,80,94.200000,4.676875,18.597499,13.669497,8.686556,35.782414,46.190718,89.590372,0.837500,1.256576,0.304551,5.342505,1751.760277,13.142758,0.007503,34447360,34447360,861184,3606460,False
686,99,94.200000,4.070964,18.641856,16.048972,11.490572,37.779308,46.009551,88.554045,0.898990,1.348706,0.244682,5.342505,1756.050071,15.329638,0.008730,42628608,42628608,861184,4191980,False
687,98,94.200000,4.454966,18.617685,15.205780,12.618283,33.954622,43.576186,53.900256,0.887755,1.334399,0.266577,5.342505,1753.690414,15.755999,0.008984,42198016,42198016,861184,4454320,False
688,103,94.200000,4.175187,18.648090,16.943426,13.677219,38.094740,43.248309,89.116302,0.941748,1.412736,0.202761,5.342505,1756.518842,16.184996,0.009214,44350976,44350976,861184,4444700,False
689,90,94.200000,4.497217,18.623017,18.255660,14.990027,39.614156,53.911869,70.325407,0.866667,1.300426,0.240687,5.342505,1754.214487,14.242692,0.008119,38753280,38753280,861184,3150160,False
690,88,94.200000,4.767167,18.553006,16.977048,10.232350,38.988527,52.847979,74.275488,0.886364,1.329785,0.260467,5.342505,1747.613957,14.434828,0.008260,37892096,37892096,861184,3923660,False
691,87,94.200000,4.071401,18.545407,15.514465,10.975076,41.522621,51.990035,69.685037,0.873563,1.310614,0.267806,5.342505,1747.044511,14.138144,0.008093,37461504,37461504,861184,3662100,False
692,92,94.200000,4.259392,18.701813,16.909260,12.207330,38.054224,45.743417,112.383485,0.902174,1.353475,0.244375,5.342505,1761.642328,14.886767,0.008451,39614464,39614464,861184,4031560,False
693,107,94.200000,3.752398,18.675852,12.975632,8.078033,29.272491,42.608174,67.190016,0.813084,1.226240,0.328908,5.342505,1759.173065,15.576626,0.008855,46073344,46073344,861184,4604080,False
694,90,94.200000,4.163186,18.615190,13.976335,12.303336,31.774506,36.919973,66.955493,0.855556,1.283613,0.287663,5.342505,1753.473554,14.229887,0.008115,38753280,38753280,861184,3854500,False
695,88,94.200000,4.081464,18.560927,15.120909,9.577127,37.093912,45.986088,79.199042,0.829545,1.244784,0.310994,5.342505,1748.459103,13.910251,0.007956,37892096,37892096,861184,3726060,False
696,87,94.200000,3.936906,18.638842,12.773740,11.309123,22.797286,25.646540,63.964519,0.931034,1.408628,0.224165,5.342505,1755.779636,14.878661,0.008474,37461504,37461504,861184,3983980,False
697,84,94.200000,3.913111,18.612198,17.562197,12.382306,41.519285,50.907519,66.233783,0.857143,1.287160,0.257238,5.342505,1753.217295,13.378295,0.007631,36169728,36169728,861184,2897180,False
698,94,94.200000,3.882438,18.618562,13.317557,11.430335,26.359904,32.228112,86.746299,0.840426,1.261793,0.300592,5.342505,1753.762790,14.716846,0.008392,40475648,40475648,861184,3893500,False
699,94,94.200000,4.372630,18.656539,16.183241,9.579332,37.966419,49.508796,90.574034,0.851064,1.279461,0.295155,5.342505,1757.425036,14.977951,0.008523,40475648,40475648,861184,3870100,False
700,101,94.200000,4.183957,18.605337,16.778977,11.649347,39.507554,53.149629,74.913763,0.851485,1.279042,0.276288,5.342505,1752.608031,15.334840,0.008750,43489792,43489792,861184,3857620,False
701,82,94.200000,3.986731,18.589129,12.913722,9.649392,26.080074,35.832826,61.190113,0.841463,1.262540,0.306166,5.342505,1751.033268,13.366669,0.007634,35308544,35308544,861184,3596060,False
702,99,94.200000,4.740541,18.663581,14.499450,9.701802,34.548209,49.394650,65.661562,0.878788,1.318430,0.283245,5.342505,1758.009317,15.590189,0.008868,42628608,42628608,861184,4939740,False
703,112,94.200000,4.408207,18.648689,16.852586,11.162766,38.172999,54.858711,98.035961,0.857143,1.286278,0.279430,5.342505,1756.650505,16.548023,0.009420,48226304,48226304,861184,4780880,False
704,98,94.200000,3.815730,18.567126,15.726718,9.636570,38.227767,50.271431,109.973493,0.816327,1.224916,0.321280,5.342505,1748.849161,14.694033,0.008402,42198016,42198016,861184,4074200,False
705,94,94.200000,4.148817,18.539700,14.390624,8.184081,34.864839,44.446203,86.221356,0.840426,1.260914,0.303715,5.342505,1746.378506,14.818245,0.008485,40475648,40475648,861184,4167020,False
706,89,94.200000,4.116061,18.661613,15.800609,13.366296,33.341403,41.417536,69.795288,0.876404,1.314877,0.249904,5.342505,1757.773475,14.281303,0.008125,38322688,38322688,861184,3266640,False
707,104,94.200000,3.968988,18.616872,13.485919,9.679373,31.245070,39.647656,68.317481,0.826923,1.240703,0.315306,5.342505,1753.655700,15.161210,0.008645,44781568,44781568,861184,4409080,False
708,98,94.200000,4.062082,18.618254,16.964854,10.289179,40.076824,59.041072,91.350022,0.816327,1.224889,0.306651,5.342505,1753.764393,14.548190,0.008295,42198016,42198016,861184,3685760,False
709,88,94.200000,4.983266,18.637589,19.636303,13.751573,39.882571,54.041794,174.352196,0.920455,1.382927,0.223500,5.342505,1755.670008,14.678821,0.008361,37892096,37892096,861184,3566420,False
710,105,94.200000,3.866932,18.611578,12.756894,8.886089,32.419521,37.687940,68.604766,0.780952,1.174044,0.353800,5.342505,1753.168075,14.789481,0.008436,45212160,45212160,861184,4314960,False
711,104,94.200000,4.670994,18.625956,18.896597,14.275643,34.694942,56.834122,214.673318,0.894231,1.342603,0.241079,5.342505,1754.481490,15.770785,0.008989,44781568,44781568,861184,4376320,False
712,96,94.200000,3.644477,18.563423,13.949743,9.969267,33.461108,37.467184,68.386333,0.812500,1.220914,0.314165,5.342505,1748.516102,14.732693,0.008426,41336832,41336832,861184,3694340,False
713,117,94.200000,3.956710,18.638050,12.809653,9.010804,28.557871,35.609582,57.393803,0.820513,1.231270,0.320743,5.342505,1755.656157,16.157620,0.009203,50379264,50379264,861184,5029440,False
714,84,94.200000,3.991145,18.625309,14.702233,9.949020,36.351952,47.476455,67.130265,0.809524,1.222479,0.324618,5.342505,1754.437107,13.050957,0.007439,36169728,36169728,861184,3208140,False
715,85,94.200000,3.857274,18.562599,16.657506,11.747510,35.980477,43.601617,84.198353,0.870588,1.306112,0.255529,5.342505,1748.545320,13.469553,0.007703,36600320,36600320,861184,3207880,False
716,89,94.200000,3.889303,18.681975,14.147682,9.930858,33.844781,51.441394,71.005749,0.786517,1.181175,0.345205,5.342505,1759.809131,13.352131,0.007587,38322688,38322688,861184,3554980,False
717,110,94.200000,4.707077,18.668546,18.874144,14.194108,45.330172,59.215575,90.885278,0.836364,1.254951,0.274688,5.342505,1758.539378,15.838066,0.009006,47365120,47365120,861184,3853720,False
718,92,94.200000,4.382507,18.543360,16.217807,11.568420,35.372847,40.073456,114.930330,0.836957,1.257244,0.282695,5.342505,1746.755469,13.946189,0.007984,39614464,39614464,861184,3455140,False
719,87,94.200000,4.157882,18.631548,15.275666,12.390750,34.280494,40.883768,75.147429,0.862069,1.293428,0.272157,5.342505,1755.066635,13.660704,0.007784,37461504,37461504,861184,3476720,False
720,87,94.200000,4.244183,18.624466,10.805864,7.757373,23.582812,32.257172,47.276254,0.804598,1.207384,0.356375,5.342505,1754.353283,13.915975,0.007932,37461504,37461504,861184,4444700,False
721,88,94.200000,4.611990,18.674627,16.219027,11.292684,31.549347,55.195464,74.077643,0.909091,1.363833,0.236575,5.342505,1759.079704,14.577183,0.008287,37892096,37892096,861184,3941340,False
722,95,94.200000,4.120928,18.579166,15.014841,8.985866,37.003036,42.782089,89.489657,0.810526,1.216135,0.315577,5.342505,1750.045576,14.145371,0.008083,40906240,40906240,861184,3763760,False
723,110,94.200000,4.522495,18.563813,17.924121,10.940860,38.194241,53.193272,128.567115,0.909091,1.363819,0.228517,5.342505,1748.617798,16.747550,0.009578,47365120,47365120,861184,4579900,False
724,96,94.200000,4.403619,18.649935,16.500123,9.054974,30.850710,49.492254,110.016406,0.854167,1.281557,0.285065,5.342505,1756.729820,14.982859,0.008529,41336832,41336832,861184,4160780,False
725,107,94.200000,3.614735,18.584407,16.212688,10.282725,41.987714,54.137518,85.451890,0.794393,1.195635,0.326133,5.342505,1750.537425,15.050600,0.008598,46073344,46073344,861184,3980860,False
726,99,94.200000,4.397555,18.601471,17.333220,10.007230,36.336172,58.554189,122.086771,0.848485,1.273085,0.291989,5.342505,1752.161615,15.383189,0.008780,42628608,42628608,861184,4384640,False
727,95,94.200000,4.480572,18.616818,15.797232,12.970103,30.806577,38.181800,103.813676,0.905263,1.358101,0.246767,5.342505,1753.576174,15.218644,0.008679,40906240,40906240,861184,4032340,False
728,100,94.200000,4.494142,18.620094,16.395265,13.862285,36.380283,40.942155,68.863328,0.880000,1.320251,0.242156,5.342505,1753.907039,15.091201,0.008604,43059200,43059200,861184,3817060,False
729,92,94.200000,4.376936,18.608656,17.965798,10.722527,41.127014,59.909762,120.933064,0.847826,1.272092,0.275372,5.342505,1752.917055,14.177433,0.008088,39614464,39614464,861184,3649360,False
730,98,94.200000,3.688521,18.584587,12.027507,8.336595,26.233197,36.466923,63.162602,0.806122,1.209546,0.335870,5.342505,1750.605997,14.895523,0.008509,42198016,42198016,861184,4295460,False
731,80,94.200000,4.360936,18.608565,14.497371,7.853212,32.362686,49.349471,95.104264,0.800000,1.200509,0.337482,5.342505,1752.873546,13.179333,0.007519,34447360,34447360,861184,3512080,False
732,79,94.200000,3.813939,18.633186,11.869810,9.005577,25.384161,32.733951,47.035376,0.822785,1.237007,0.327402,5.342505,1755.213457,13.073687,0.007448,34016768,34016768,861184,3725020,False
733,86,94.200000,4.566395,18.594187,16.703223,8.466289,42.215318,48.905188,98.644017,0.837209,1.256152,0.306271,5.342505,1751.529536,13.759340,0.007856,37030912,37030912,861184,3727620,False
734,81,94.200000,3.898655,18.709964,15.974994,12.080324,31.540681,42.276826,99.198317,0.888889,1.333556,0.245585,5.342505,1762.401242,13.524214,0.007674,34877952,34877952,861184,3333200,False
735,90,94.200000,4.322329,18.529939,12.104430,7.319485,28.060874,42.077270,56.489153,0.800000,1.208109,0.348781,5.342505,1745.520682,14.030300,0.008038,38753280,38753280,861184,4188340,False
736,92,94.200000,4.366844,18.564842,15.350348,13.254415,31.436958,39.943192,70.667656,0.869565,1.320799,0.260856,5.342505,1748.762820,14.594816,0.008346,39614464,39614464,861184,3580720,False
737,109,94.200000,4.827187,18.626381,17.942616,11.805477,38.851138,48.523341,96.278282,0.880734,1.321480,0.248592,5.342505,1754.551813,15.848127,0.009033,46934528,46934528,861184,4270760,False
738,89,94.200000,4.398196,18.568237,16.345817,10.252239,42.531802,47.149376,87.964614,0.853933,1.281173,0.284146,5.342505,1749.056326,14.406135,0.008237,38322688,38322688,861184,3737760,False
739,113,94.200000,4.528589,18.571350,16.610059,12.378119,38.656655,44.260967,88.638736,0.867257,1.301155,0.266261,5.342505,1749.318607,16.411001,0.009381,48656896,48656896,861184,4724980,False
740,102,94.200000,4.419208,18.636214,15.041523,8.890152,38.485020,47.910902,93.991783,0.843137,1.264987,0.303724,5.342505,1755.472912,15.652883,0.008917,43920384,43920384,861184,4723160,False
741,110,94.200000,3.846575,18.632632,14.085012,9.536277,29.559449,40.451235,103.342678,0.818182,1.230886,0.301912,5.342505,1755.126398,15.334599,0.008737,47365120,47365120,861184,4068740,False
742,91,94.200000,4.226813,18.581746,14.955133,8.933468,36.501058,47.384113,97.628900,0.835165,1.253074,0.312710,5.342505,1750.288940,14.456371,0.008259,39183872,39183872,861184,4059380,False
743,99,94.200000,4.583974,18.635282,15.644619,10.035002,34.052168,53.891084,85.910994,0.828283,1.242776,0.301215,5.342505,1755.406313,15.052219,0.008575,42628608,42628608,861184,4035980,False
744,98,94.200000,4.226558,18.606365,14.498662,8.978073,35.845525,49.619520,78.226772,0.867347,1.310709,0.297040,5.342505,1752.621037,15.528758,0.008860,42198016,42198016,861184,4848220,False
745,99,94.200000,4.274332,18.550323,15.997734,14.525699,34.052381,40.797682,69.051406,0.888889,1.334996,0.251545,5.342505,1747.436154,15.304427,0.008758,42628608,42628608,861184,4216160,False
746,103,94.200000,5.020250,18.611649,17.320871,15.191238,36.926787,47.526850,79.832409,0.873786,1.324365,0.254673,5.342505,1753.087473,15.441852,0.008808,44350976,44350976,861184,4012060,False
747,105,94.200000,4.690031,18.647304,16.156285,9.049357,34.545353,47.811728,105.655594,0.847619,1.272876,0.282424,5.342505,1756.594663,15.629427,0.008898,45212160,45212160,861184,4365400,False
748,95,94.200000,4.529560,18.538354,15.187594,10.692751,34.486190,44.618329,70.676508,0.842105,1.263451,0.300621,5.342505,1746.271473,14.479642,0.008292,40906240,40906240,861184,4253860,False
749,109,94.200000,4.554662,18.584146,16.425768,10.767487,38.421260,51.829414,102.728693,0.844037,1.266356,0.298037,5.342505,1750.570356,15.927336,0.009098,46934528,46934528,861184,4710680,False
750,91,94.200000,4.524200,18.634212,17.060379,12.083273,35.346929,49.570892,111.533730,0.912088,1.368299,0.233344,5.342505,1755.336838,14.547162,0.008287,39183872,39183872,861184,3992300,False
751,92,94.200000,4.361584,18.658804,16.226390,8.986273,39.513366,57.734659,90.879061,0.869565,1.304673,0.280831,5.342505,1757.609196,14.604949,0.008310,39614464,39614464,861184,4300920,False
752,92,94.200000,4.303179,18.508001,17.255066,8.983750,51.153990,61.760932,130.585035,0.815217,1.223241,0.320254,5.342505,1743.348527,14.138877,0.008110,39614464,39614464,861184,3930940,False
753,78,94.200000,3.432998,18.618495,12.453659,7.900653,27.444391,37.916223,60.274173,0.769231,1.154554,0.363005,5.342505,1753.833715,12.396633,0.007068,33586176,33586176,861184,3342300,False
754,92,94.200000,4.637409,18.574496,17.621415,11.396116,41.023692,55.729535,77.485755,0.869565,1.304605,0.257344,5.342505,1749.630072,14.349492,0.008201,39614464,39614464,861184,3527420,False
755,119,94.200000,4.180573,18.580475,16.362076,12.047633,36.589815,53.531701,125.291392,0.840336,1.261920,0.276026,5.342505,1750.167546,16.588351,0.009478,51240448,51240448,861184,4398420,False
756,108,94.200000,4.377146,18.632261,16.026821,9.889552,37.557011,49.026389,83.847161,0.888889,1.333766,0.266400,5.342505,1755.083369,16.573515,0.009443,46503936,46503936,861184,5140980,False
757,96,94.200000,4.842379,18.591312,16.006748,11.734830,38.267745,50.127089,75.968008,0.875000,1.317895,0.269257,5.342505,1751.310049,15.097262,0.008621,41336832,41336832,861184,4505800,False
758,97,94.200000,4.860557,18.619914,14.730104,9.560698,33.366942,37.180313,68.386885,0.855670,1.283797,0.278562,5.342505,1753.958386,14.949104,0.008523,41767424,41767424,861184,4260880,False
759,95,94.200000,5.118374,18.650825,18.216405,13.496828,41.093882,50.591827,70.815093,0.905263,1.359793,0.218381,5.342505,1756.871169,14.702789,0.008369,40906240,40906240,861184,3711500,False
760,98,94.200000,4.632589,18.602361,16.156879,11.777944,36.201726,46.640517,71.452385,0.826531,1.240166,0.294791,5.342505,1752.269481,14.764677,0.008426,42198016,42198016,861184,3887520,False
761,94,94.200000,3.869029,18.603865,13.106037,9.301810,32.444997,37.319927,55.033901,0.776596,1.165384,0.344768,5.342505,1752.466221,13.886290,0.007924,40475648,40475648,861184,3657160,False
762,93,94.200000,4.678520,18.634036,14.947047,9.602476,34.238769,44.144368,82.772324,0.913978,1.371180,0.241243,5.342505,1755.224930,15.380694,0.008763,40045056,40045056,861184,4638920,False
763,102,94.200000,4.609687,18.606666,13.945571,10.007405,28.425401,41.093116,96.111219,0.833333,1.250326,0.306354,5.342505,1752.705600,14.781764,0.008434,43920384,43920384,861184,4533620,False
764,108,94.200000,4.989747,18.618637,18.462911,10.920903,47.138613,59.003376,105.712150,0.870370,1.305822,0.273965,5.342505,1753.855597,16.196475,0.009235,46503936,46503936,861184,5048940,False
765,114,94.200000,4.509394,18.553119,15.458089,12.742400,38.248360,44.002729,81.701843,0.824561,1.237209,0.292168,5.342505,1747.538889,15.805876,0.009045,49087488,49087488,861184,4319900,False
766,105,94.200000,4.275386,18.642218,16.122969,9.111620,43.005315,63.272828,107.917619,0.761905,1.153121,0.350770,5.342505,1755.981502,14.652698,0.008344,45212160,45212160,861184,4008680,False
767,86,94.200000,4.300883,18.647130,14.109006,8.949885,29.854011,42.733376,126.811181,0.802326,1.204237,0.346090,5.342505,1756.525145,13.357553,0.007605,37030912,37030912,861184,4037540,False
768,90,94.200000,4.295756,18.570710,16.671274,10.630560,37.683931,49.041051,107.466240,0.888889,1.333589,0.256061,5.342505,1749.226407,14.384757,0.008223,38753280,38753280,861184,3859700,False
769,90,94.200000,4.214919,18.622303,19.823048,13.081361,44.220028,66.676451,240.720368,0.822222,1.233763,0.289533,5.342505,1754.149514,13.575973,0.007739,38753280,38753280,861184,3195660,False
770,93,94.200000,4.964264,18.610855,17.053942,12.810903,36.200917,61.337551,73.861437,0.881720,1.322887,0.261865,5.342505,1753.122212,14.683672,0.008376,40045056,40045056,861184,4251000,False
771,97,94.200000,5.516072,18.569731,19.768177,13.346919,44.371968,62.174190,104.042452,0.907216,1.361032,0.223458,5.342505,1749.216715,15.131508,0.008650,41767424,41767424,861184,3998280,False
772,75,94.200000,4.284762,18.548905,15.540835,11.574448,35.188165,47.452632,97.122841,0.866667,1.300256,0.269965,5.342505,1747.198910,13.096019,0.007495,32294400,32294400,861184,3183960,False
773,104,94.200000,5.211802,18.654322,18.629636,14.697093,41.037105,56.014637,89.884649,0.875000,1.312786,0.238927,5.342505,1757.088431,15.172342,0.008635,44781568,44781568,861184,3918720,False
774,86,94.200000,4.338401,18.585564,15.432322,12.901090,31.143573,41.019334,101.741324,0.802326,1.217552,0.316142,5.342505,1750.721923,13.248137,0.007567,37030912,37030912,861184,3337880,False
775,111,94.200000,4.282460,18.558145,16.937591,10.558563,39.735574,57.161127,96.823842,0.828829,1.243622,0.300311,5.342505,1748.099281,15.440857,0.008833,47795712,47795712,861184,4543760,False
776,91,94.200000,4.291506,18.648360,15.889075,11.819477,31.555308,43.317171,89.114382,0.934066,1.401237,0.206061,5.342505,1756.643700,14.930993,0.008500,39183872,39183872,861184,3790540,False
777,89,94.200000,4.149136,18.616653,14.314478,9.829175,37.325985,49.816290,61.680513,0.808989,1.214693,0.318021,5.342505,1753.637576,13.779016,0.007857,38322688,38322688,861184,3565120,False
778,101,94.200000,4.219941,18.640614,14.924093,9.710106,34.793269,45.414363,74.313222,0.831683,1.247901,0.302349,5.342505,1755.907231,15.018473,0.008553,43489792,43489792,861184,4282980,False
779,93,94.200000,4.762440,18.675389,13.456692,8.196127,34.117650,39.555104,71.600742,0.860215,1.290641,0.300792,5.342505,1759.155110,14.728362,0.008372,40045056,40045056,861184,4558580,False
780,103,94.200000,5.314162,18.626758,18.208799,13.722590,34.604386,44.680687,112.433032,0.883495,1.325471,0.241614,5.342505,1754.574980,15.376752,0.008764,44350976,44350976,861184,4172740,False
781,92,94.200000,4.683187,18.649692,13.332985,9.300665,29.704457,34.641510,59.934694,0.847826,1.275631,0.288530,5.342505,1756.777662,14.194273,0.008080,39614464,39614464,861184,4064320,False
782,88,94.200000,4.364053,18.642625,16.454066,9.645996,38.283143,58.604961,116.296860,0.806818,1.210631,0.314596,5.342505,1756.045706,13.520024,0.007699,37892096,37892096,861184,3396640,False
783,97,94.200000,4.223355,18.620364,15.885126,13.949708,37.185101,40.545514,57.684072,0.907216,1.364033,0.235325,5.342505,1754.000817,15.069198,0.008591,41767424,41767424,861184,4199520,False
784,85,94.200000,5.053002,18.696417,15.357796,10.926226,34.594839,52.239826,66.456338,0.835294,1.253269,0.303278,5.342505,1761.118373,13.627649,0.007738,36600320,36600320,861184,3828240,False
785,103,94.200000,4.850205,18.611801,16.846981,10.984193,38.507374,45.714903,68.542621,0.873786,1.310980,0.253342,5.342505,1753.166841,15.719151,0.008966,44350976,44350976,861184,4346420,False
786,92,94.200000,3.913894,18.587181,16.070684,11.403415,34.207042,55.411634,107.628468,0.771739,1.158083,0.344297,5.342505,1750.861924,13.548155,0.007738,39614464,39614464,861184,3576560,False
787,93,94.200000,4.861963,18.625967,14.472828,9.981011,31.953979,36.064977,70.140177,0.817204,1.226232,0.304192,5.342505,1754.542642,14.020398,0.007991,40045056,40045056,861184,3702920,False
788,100,94.200000,4.356457,18.652423,15.466450,10.510574,32.353717,47.276011,105.057846,0.780000,1.170637,0.326202,5.342505,1757.034931,14.088291,0.008018,43059200,43059200,861184,3539380,False
789,98,94.200000,4.858008,18.624103,14.656881,11.747957,28.049228,37.401591,70.057003,0.836735,1.255462,0.288228,5.342505,1754.312272,14.728948,0.008396,42198016,42198016,861184,4041700,False
790,93,94.200000,4.402669,18.594233,17.494740,11.882801,37.223939,49.038640,94.278453,0.860215,1.290598,0.263186,5.342505,1751.544732,14.570208,0.008318,40045056,40045056,861184,3723460,False
791,95,94.200000,3.984328,18.602652,16.037612,11.060425,36.905468,47.996532,75.410625,0.831579,1.247714,0.283322,5.342505,1752.245706,14.621453,0.008344,40906240,40906240,861184,3508960,False
792,101,94.200000,4.065116,18.610612,14.802704,10.330532,32.517765,50.882342,72.222201,0.831683,1.247889,0.300778,5.342505,1753.018148,14.863147,0.008479,43489792,43489792,861184,4164420,False
793,101,94.200000,4.026041,18.593742,14.548361,10.822478,34.888009,41.533779,60.078066,0.831683,1.247880,0.302280,5.342505,1751.529362,15.062057,0.008599,43489792,43489792,861184,4339920,False
794,93,94.200000,4.494852,18.671999,15.096350,9.232837,36.114492,44.496539,116.363766,0.784946,1.177833,0.339361,5.342505,1758.800896,13.750419,0.007818,40045056,40045056,861184,3536520,False
795,99,94.200000,4.951084,18.655509,16.321252,11.491223,33.324141,47.904009,85.797798,0.909091,1.367282,0.238760,5.342505,1757.269548,15.837194,0.009012,42628608,42628608,861184,4658160,False
796,93,94.200000,4.638715,18.535315,15.869229,13.505897,33.031202,42.010042,68.570922,0.870968,1.306712,0.250599,5.342505,1745.921415,14.549144,0.008333,40045056,40045056,861184,3782740,False
797,71,94.200000,3.457599,18.562815,10.429668,5.989222,29.782660,32.066315,52.302433,0.760563,1.144423,0.392318,5.342505,1748.594308,11.901872,0.006807,30572032,30572032,861184,3488940,False
798,103,94.200000,5.199407,18.615805,18.974478,13.447400,43.354959,53.620209,99.760583,0.912621,1.369159,0.226708,5.342505,1753.571629,15.903862,0.009069,44350976,44350976,861184,4605120,False
799,96,94.200000,4.801938,18.546852,17.551212,11.980157,36.493174,52.994774,125.655941,0.864583,1.297674,0.256420,5.342505,1747.035109,14.698170,0.008413,41336832,41336832,861184,3846700,False
800,78,94.200000,4.104185,18.602293,15.436294,10.431328,36.350978,49.123416,99.207356,0.730769,1.100331,0.374911,5.342505,1752.299457,11.895529,0.006789,33586176,33586176,861184,2773420,False
801,86,94.200000,4.418151,18.611292,17.187079,12.059308,41.947452,45.498892,111.757464,0.860465,1.290965,0.275705,5.342505,1753.088529,13.884175,0.007920,37030912,37030912,861184,3727880,False
802,80,94.200000,4.973229,18.520687,15.832189,10.877958,39.669187,50.830596,84.599414,0.875000,1.312808,0.271239,5.342505,1744.650945,13.270117,0.007606,34447360,34447360,861184,3532100,False
803,110,94.200000,4.857367,18.567217,15.681821,9.855030,36.901875,44.348037,106.337544,0.854545,1.282112,0.282288,5.342505,1748.972687,16.005251,0.009151,47365120,47365120,861184,4846660,False
804,88,94.200000,3.983525,18.646187,13.251516,6.882374,35.678727,52.114055,91.424743,0.738636,1.108967,0.396836,5.342505,1756.428746,13.091555,0.007454,37892096,37892096,861184,3821740,False
805,100,94.200000,5.118191,18.572182,18.006112,11.211108,46.972917,55.712997,104.298337,0.850000,1.275326,0.267007,5.342505,1749.444638,15.060595,0.008609,43059200,43059200,861184,3910140,False
806,104,94.200000,4.442620,18.620592,15.456783,11.884458,30.576445,51.815598,81.149460,0.807692,1.214001,0.319445,5.342505,1753.993745,15.149637,0.008637,44781568,44781568,861184,4360720,False
807,104,94.200000,4.364371,18.671252,15.420248,14.311622,32.143930,38.868153,57.594749,0.817308,1.226371,0.294179,5.342505,1758.823316,14.683135,0.008348,44781568,44781568,861184,3787420,False
808,99,94.200000,5.250840,18.569747,16.983966,13.022040,34.400494,45.351515,106.801739,0.888889,1.333609,0.240473,5.342505,1749.208971,15.586492,0.008911,42628608,42628608,861184,4100980,False
809,81,94.200000,3.946928,18.684222,15.133654,11.992251,33.066187,45.502388,120.672810,0.851852,1.282601,0.291540,5.342505,1760.009498,13.416402,0.007623,34877952,34877952,861184,3714360,False
810,112,94.200000,4.066292,18.626189,15.101123,9.966338,34.624789,42.427050,76.505514,0.848214,1.272646,0.288842,5.342505,1754.522062,16.232815,0.009252,48226304,48226304,861184,4813640,False
811,98,94.200000,5.176087,18.620515,19.305464,15.048520,42.627510,56.298433,87.147800,0.867347,1.301320,0.242581,5.342505,1753.970393,14.795713,0.008436,42198016,42198016,861184,3576820,False
812,109,94.200000,4.703495,18.592371,16.042778,13.004814,35.782017,48.938472,103.687674,0.834862,1.264577,0.279714,5.342505,1751.355460,15.214365,0.008687,46934528,46934528,861184,4138940,False
813,109,94.200000,4.887039,18.591470,14.254026,8.740531,32.285558,48.161050,107.041931,0.834862,1.252675,0.301733,5.342505,1751.299825,15.876456,0.009066,46934528,46934528,861184,4960020,False
814,99,94.200000,4.189695,18.638403,16.311042,8.615269,42.441370,50.680491,130.187190,0.808081,1.212609,0.323302,5.342505,1755.499441,14.904904,0.008490,42628608,42628608,861184,4200820,False
815,99,94.200000,4.879699,18.590209,15.217812,11.647061,32.657318,37.209813,78.832389,0.888889,1.341769,0.261588,5.342505,1751.135182,15.832918,0.009042,42628608,42628608,861184,4859140,False
816,88,94.200000,5.398822,18.511672,16.289824,11.583199,41.041021,51.272653,71.666989,0.909091,1.363806,0.249655,5.342505,1743.670835,14.726925,0.008446,37892096,37892096,861184,4281420,False
817,93,94.200000,5.209465,18.569904,18.723424,12.521509,40.220153,66.941479,109.282325,0.946237,1.419462,0.202413,5.342505,1749.163967,15.276453,0.008734,40045056,40045056,861184,4505280,False
818,102,94.200000,5.362591,18.585825,17.501104,10.593237,44.159737,54.057824,126.818503,0.911765,1.367856,0.229738,5.342505,1750.744232,16.153976,0.009227,43920384,43920384,861184,4657380,False
819,86,94.200000,4.374990,18.648296,15.190440,12.656549,31.075525,37.706471,76.874559,0.837209,1.256231,0.281728,5.342505,1756.621357,13.607315,0.007746,37030912,37030912,861184,3298620,False
820,101,94.200000,4.494842,18.555509,15.993062,11.476891,31.780736,44.477773,101.935700,0.851485,1.277587,0.288872,5.342505,1747.888840,15.044946,0.008607,43489792,43489792,861184,4366700,False
821,97,94.200000,5.055549,18.558889,17.105912,11.710972,44.099281,53.493281,81.208009,0.876289,1.314680,0.259935,5.342505,1748.232387,14.783859,0.008456,41767424,41767424,861184,4202900,False
822,93,94.200000,5.517896,18.672948,17.612737,10.741538,43.597653,55.813652,104.452034,0.849462,1.274505,0.290756,5.342505,1758.951604,14.469533,0.008226,40045056,40045056,861184,4395820,False
823,77,94.200000,5.378722,18.608286,16.935379,14.402319,35.651908,45.192470,78.086048,0.909091,1.363826,0.226147,5.342505,1752.855714,13.165613,0.007511,33155584,33155584,861184,3460600,False
824,107,94.200000,4.895076,18.582592,14.343442,8.783515,35.465325,43.374069,61.833304,0.822430,1.246787,0.314433,5.342505,1750.344117,15.659945,0.008947,46073344,46073344,861184,4731220,False
825,96,94.200000,4.368315,18.556422,15.966971,13.465351,33.296677,39.226137,78.977615,0.843750,1.266010,0.271135,5.342505,1747.954065,14.301923,0.008182,41336832,41336832,861184,3634280,False
826,69,94.200000,5.339502,18.669493,17.890549,8.792297,41.355333,62.368591,95.181920,0.869565,1.304599,0.263496,5.342505,1758.677426,12.438447,0.007073,29710848,29710848,861184,3166540,False
827,112,94.200000,4.659091,18.595128,14.760692,9.258359,36.194216,53.573020,111.940702,0.803571,1.206511,0.327364,5.342505,1751.668665,15.518272,0.008859,48226304,48226304,861184,5006300,False
828,83,94.200000,4.593890,18.644003,18.743651,12.783149,42.982550,58.727408,106.692808,0.855422,1.283629,0.255744,5.342505,1756.192833,13.554916,0.007718,35739136,35739136,861184,3123380,False
829,91,94.200000,4.411655,18.524553,15.317389,7.783927,35.825458,49.685063,63.398531,0.857143,1.286040,0.288374,5.342505,1744.963847,14.475500,0.008296,39183872,39183872,861184,4234360,False
830,103,94.200000,5.179159,18.610352,14.755617,9.104873,31.583618,45.652887,95.682252,0.864078,1.296477,0.287573,5.342505,1753.004906,15.665513,0.008936,44350976,44350976,861184,4907240,False
831,67,94.200000,4.919100,18.620498,14.680416,9.565682,31.028499,46.511404,60.555184,0.925373,1.391570,0.233752,5.342505,1754.064740,12.851265,0.007327,28849664,28849664,861184,3559660,False
832,100,94.200000,4.457015,18.617454,16.022067,11.657757,36.817062,48.534650,80.673074,0.840000,1.260334,0.270644,5.342505,1753.701658,14.578068,0.008313,43059200,43059200,861184,3458000,False
833,107,94.200000,4.966327,18.610458,15.019308,9.621171,33.829138,47.967261,105.817421,0.859813,1.290078,0.288848,5.342505,1753.028900,15.959969,0.009104,46073344,46073344,861184,5101460,False
834,117,94.200000,4.083700,18.603968,14.974251,11.214768,33.044626,40.754044,73.999428,0.794872,1.192809,0.317573,5.342505,1752.406490,15.603548,0.008904,50379264,50379264,861184,4409600,False
835,90,94.200000,4.450744,18.654349,15.353256,8.317857,38.073656,46.165410,82.881701,0.866667,1.300272,0.275475,5.342505,1757.191489,14.525221,0.008266,38753280,38753280,861184,4179760,False
836,95,94.200000,4.709606,18.637799,16.834032,9.145647,42.086978,51.175219,95.769690,0.810526,1.216189,0.315393,5.342505,1755.607922,14.189826,0.008083,40906240,40906240,861184,3949400,False
837,84,94.200000,5.270194,18.610424,19.772831,12.659157,49.155160,59.235762,133.443852,0.880952,1.329873,0.255983,5.342505,1753.093254,13.892985,0.007925,36169728,36169728,861184,3866200,False
838,97,94.200000,4.857686,18.576995,17.401254,9.313642,46.615278,55.261382,106.918066,0.814433,1.222912,0.309092,5.342505,1749.883204,14.642972,0.008368,41767424,41767424,861184,3921060,False
839,95,94.200000,4.519879,18.569428,13.506011,8.116078,27.561871,36.843008,100.572511,0.778947,1.170138,0.351090,5.342505,1749.204675,13.965198,0.007984,40906240,40906240,861184,4131660,False
840,107,94.200000,4.672028,18.643334,14.300555,10.660218,32.796915,38.498498,61.348250,0.859813,1.290038,0.288796,5.342505,1756.195478,15.921049,0.009066,46073344,46073344,861184,5167760,False
841,89,94.200000,4.536402,18.580469,16.327540,13.199552,38.286825,46.552364,75.174320,0.831461,1.247555,0.296098,5.342505,1750.210913,13.775865,0.007871,38322688,38322688,861184,3457480,False
842,90,94.200000,5.127188,18.623731,15.615543,8.943897,34.667463,55.880249,77.950367,0.855556,1.283667,0.290807,5.342505,1754.236980,14.377114,0.008196,38753280,38753280,861184,4270760,False
843,88,94.200000,4.952320,18.554590,17.053962,10.800191,36.765834,51.844703,118.390327,0.829545,1.250417,0.290577,5.342505,1747.774137,13.685675,0.007830,37892096,37892096,861184,3689400,False
844,103,94.200000,4.385848,18.601622,17.454271,10.370107,46.694191,58.098177,133.791361,0.854369,1.281922,0.277843,5.342505,1752.174328,15.509658,0.008852,44350976,44350976,861184,4415840,False
845,93,94.200000,4.157491,18.639046,16.818948,9.825380,42.214267,62.722557,125.016410,0.806452,1.210103,0.320204,5.342505,1755.751877,13.958895,0.007950,40045056,40045056,861184,3856840,False
846,86,94.200000,4.797687,18.649870,16.724249,10.263323,42.114303,51.703481,111.402463,0.813953,1.221317,0.312995,5.342505,1756.801255,13.555499,0.007716,37030912,37030912,861184,3654820,False
847,78,94.200000,5.404130,18.613581,15.830886,11.521797,32.736169,42.038440,77.974014,0.897436,1.346415,0.243574,5.342505,1753.358365,13.363240,0.007622,33586176,33586176,861184,3541200,False
848,100,94.200000,4.780606,18.627063,14.857414,11.621199,30.125055,33.104701,77.807298,0.870000,1.305960,0.260801,5.342505,1754.577943,15.396986,0.008775,43059200,43059200,861184,4258280,False
849,106,94.200000,4.937277,18.568226,13.854924,10.282010,28.667998,36.775679,82.650618,0.830189,1.245723,0.309350,5.342505,1749.092541,15.436032,0.008825,45642752,45642752,861184,4946500,False
850,95,94.200000,4.171220,18.527306,17.111395,9.433087,45.334326,59.917059,81.425390,0.810526,1.216540,0.314362,5.342505,1745.140137,14.332275,0.008213,40906240,40906240,861184,3768440,False
851,108,94.200000,4.275466,18.603667,15.268531,10.923151,37.570082,47.292340,77.596150,0.805556,1.210783,0.317970,5.342505,1752.348503,15.056942,0.008592,46503936,46503936,861184,4136600,False
852,90,94.200000,4.250487,18.646667,15.802755,9.707573,34.760850,51.887304,110.587416,0.844444,1.266964,0.285353,5.342505,1756.520957,14.251488,0.008113,38753280,38753280,861184,3972280,False
853,81,94.200000,4.311222,18.563805,12.663369,8.253116,32.205399,37.104699,47.266104,0.765432,1.148729,0.351920,5.342505,1748.641679,12.608789,0.007211,34877952,34877952,861184,3219580,False
854,111,94.200000,4.887664,18.613927,19.333241,10.438716,49.912990,59.307590,140.948961,0.792793,1.191657,0.326928,5.342505,1753.295444,15.277619,0.008714,47795712,47795712,861184,4527900,False
855,87,94.200000,4.807599,18.641439,14.259515,10.782601,29.635035,40.538894,60.087872,0.839080,1.259114,0.282431,5.342505,1756.015964,13.858381,0.007892,37461504,37461504,861184,3663140,False
856,98,94.200000,4.229527,18.632913,11.437764,7.998160,27.036173,36.680153,48.386885,0.734694,1.102944,0.386811,5.342505,1755.131108,13.710585,0.007812,42198016,42198016,861184,4162860,False
857,85,94.200000,5.160476,18.581162,17.126368,12.771810,37.467677,42.576096,84.666110,0.835294,1.270024,0.271739,5.342505,1750.272135,13.581611,0.007760,36600320,36600320,861184,3153280,False
858,86,94.200000,5.490832,18.593774,19.364426,15.234355,42.120122,47.560339,155.579896,0.872093,1.309140,0.241778,5.342505,1751.495951,13.482207,0.007698,37030912,37030912,861184,3263780,False
859,80,94.200000,4.603936,18.626398,15.480497,11.057728,32.742450,46.885409,61.044013,0.862500,1.294100,0.275300,5.342505,1754.535281,13.342096,0.007604,34447360,34447360,861184,3590600,False
860,84,94.200000,5.171701,18.661584,16.445070,12.207759,39.912852,45.312810,89.432486,0.773810,1.161256,0.331694,5.342505,1757.827633,12.972759,0.007380,36169728,36169728,861184,3199040,False
861,77,94.200000,3.988570,18.525189,16.829488,11.622575,35.440797,47.341402,128.612529,0.844156,1.266642,0.295376,5.342505,1744.957475,12.789320,0.007329,33155584,33155584,861184,3339960,False
862,88,94.200000,4.460103,18.633484,16.294182,10.516966,42.553988,52.839559,72.698670,0.772727,1.164339,0.334039,5.342505,1755.204081,13.189142,0.007514,37892096,37892096,861184,3318900,False
863,90,94.200000,4.219154,18.566445,14.087585,11.344838,32.754592,35.579804,83.529961,0.788889,1.184429,0.329995,5.342505,1748.901802,13.781244,0.007880,38753280,38753280,861184,3468400,False
864,92,94.200000,4.647351,18.633095,15.355419,11.289099,37.852707,43.480624,79.055107,0.782609,1.198199,0.335686,5.342505,1755.210367,13.921241,0.007931,39614464,39614464,861184,3831620,False
865,93,94.200000,4.706875,18.574205,15.320738,10.226063,37.472972,48.578173,74.273374,0.849462,1.274806,0.283737,5.342505,1749.666544,14.268012,0.008155,40045056,40045056,861184,4106180,False
866,87,94.200000,5.194655,18.642777,16.930899,9.218750,43.474046,51.458209,134.449005,0.850575,1.276201,0.299228,5.342505,1756.151711,14.022752,0.007985,37461504,37461504,861184,4380220,False
867,95,94.200000,5.435917,18.679446,18.629697,11.516122,41.333714,62.389596,79.201756,0.842105,1.263543,0.275074,5.342505,1759.532628,14.412969,0.008191,40906240,40906240,861184,3650400,False
868,113,94.200000,4.587341,18.628039,16.938025,11.485924,41.391685,55.870077,121.876319,0.805310,1.208421,0.301932,5.342505,1754.649467,15.499668,0.008833,48656896,48656896,861184,4082260,False
869,97,94.200000,5.942514,18.612016,17.366131,12.207969,40.697483,48.870299,108.040122,0.907216,1.361046,0.233894,5.342505,1753.236384,15.526798,0.008856,41767424,41767424,861184,4618380,False
870,95,94.200000,4.929151,18.691577,16.836735,11.905720,40.062061,55.296345,107.606793,0.863158,1.295037,0.269146,5.342505,1760.596417,14.830450,0.008424,40906240,40906240,861184,4102020,False
871,105,94.200000,4.638616,18.618680,13.725773,10.126973,30.155493,39.605427,83.943531,0.800000,1.200750,0.329728,5.342505,1753.826410,15.079080,0.008598,45212160,45212160,861184,4437160,False
872,107,94.200000,4.110842,18.613978,14.001732,9.866520,33.905602,46.327952,73.663605,0.747664,1.122033,0.358864,5.342505,1753.399847,14.483495,0.008260,46073344,46073344,861184,3843840,False
873,91,94.200000,4.365210,18.639153,15.060385,9.128482,33.456554,40.447779,113.393049,0.780220,1.170849,0.349759,5.342505,1755.718503,13.765315,0.007840,39183872,39183872,861184,3949920,False
874,111,94.200000,5.098776,18.641239,17.444428,10.770633,37.181537,54.789165,159.393089,0.846847,1.270601,0.286432,5.342505,1755.941111,15.990840,0.009107,47795712,47795712,861184,4931680,False
875,86,94.200000,5.439459,18.588499,19.423636,11.701619,42.557321,68.156200,130.445152,0.918605,1.378087,0.235266,5.342505,1750.953288,14.753081,0.008426,37030912,37030912,861184,4419220,False
876,91,94.200000,5.105339,18.591345,17.099236,9.322522,42.136612,58.625395,125.858101,0.868132,1.302524,0.282087,5.342505,1751.279364,14.783700,0.008442,39183872,39183872,861184,4546100,False
877,89,94.200000,4.684921,18.589065,15.639989,10.895781,32.349367,39.752229,81.777261,0.820225,1.233518,0.301240,5.342505,1751.049022,13.986292,0.007987,38322688,38322688,861184,3720860,False
878,92,94.200000,4.819589,18.620319,15.388341,12.352588,32.523171,49.847610,74.434733,0.815217,1.223217,0.302015,5.342505,1753.967634,13.970224,0.007965,39614464,39614464,861184,3755960,False
879,93,94.200000,4.766826,18.628521,15.695668,10.435824,35.288021,44.740733,143.879583,0.870968,1.313445,0.271645,5.342505,1754.674804,14.784103,0.008426,40045056,40045056,861184,4392440,False
880,77,94.200000,5.255083,18.599974,16.970081,11.112528,37.115537,45.187733,79.641004,0.844156,1.266559,0.276069,5.342505,1752.105222,12.780507,0.007294,33155584,33155584,861184,3220360,False
881,98,94.200000,4.728619,18.549581,15.084418,9.279592,33.986077,46.752875,142.668179,0.846939,1.270705,0.300378,5.342505,1747.339570,15.296360,0.008754,42198016,42198016,861184,4920500,False
882,119,94.200000,5.246015,18.616473,19.112616,11.862767,42.315663,73.864742,152.933899,0.823529,1.235746,0.297955,5.342505,1753.662765,15.913959,0.009075,51240448,51240448,861184,4806100,False
883,97,94.200000,5.282578,18.551427,19.635897,13.744450,44.884698,75.312265,92.573661,0.855670,1.284301,0.262555,5.342505,1747.524049,14.729311,0.008429,41767424,41767424,861184,3997240,False
884,84,94.200000,4.639526,18.579555,15.654199,7.697368,36.362044,48.771656,88.473098,0.773810,1.164681,0.346892,5.342505,1750.178359,12.841972,0.007338,36169728,36169728,861184,3625180,False
885,96,94.200000,4.329190,18.607114,17.211729,13.519903,39.484678,44.412985,115.697346,0.812500,1.219143,0.291016,5.342505,1752.799700,13.993675,0.007984,41336832,41336832,861184,3345420,False
886,96,94.200000,4.239499,18.578842,13.299907,8.173909,31.710562,39.084699,80.064803,0.802083,1.203581,0.333907,5.342505,1749.999455,14.292728,0.008167,41336832,41336832,861184,4325360,False
887,91,94.200000,4.539692,18.649149,14.351324,10.329794,27.612700,44.721484,94.858224,0.769231,1.154418,0.358807,5.342505,1756.675920,13.706208,0.007802,39183872,39183872,861184,3869580,False
888,94,94.200000,4.535453,18.576735,15.942149,10.193318,33.096482,58.465955,85.537771,0.861702,1.292859,0.277585,5.342505,1749.922489,14.466462,0.008267,40475648,40475648,861184,4350060,False
889,96,94.200000,5.135674,18.636700,14.757123,10.217993,32.393872,46.631780,75.594726,0.875000,1.312753,0.268723,5.342505,1755.505275,14.849869,0.008459,41336832,41336832,861184,4572880,False
890,98,94.200000,4.918616,18.571498,15.460659,11.192766,41.899125,44.411713,56.475967,0.826531,1.242121,0.296201,5.342505,1749.368320,14.560458,0.008323,42198016,42198016,861184,4183660,False
891,114,94.200000,5.108781,18.668748,15.092066,10.255793,34.556600,39.825520,101.774786,0.824561,1.243854,0.305074,5.342505,1758.627972,16.075432,0.009141,49087488,49087488,861184,5238740,False
892,109,94.200000,5.421030,18.650662,16.038617,9.914738,40.899611,52.684216,80.669666,0.798165,1.197981,0.316862,5.342505,1756.851164,15.174564,0.008637,46934528,46934528,861184,4467580,False
893,112,94.200000,4.670645,18.502932,17.473520,11.903318,39.567146,55.534225,88.785853,0.830357,1.248202,0.282831,5.342505,1742.892540,15.454797,0.008867,48226304,48226304,861184,4270240,False
894,121,94.200000,4.974227,18.638278,17.350274,11.926063,34.408723,43.810648,115.305706,0.834711,1.254507,0.274817,5.342505,1755.759004,16.420126,0.009352,52101632,52101632,861184,4633200,False
895,100,94.200000,5.963760,18.680105,17.832015,12.208940,38.051959,52.212618,102.123729,0.850000,1.287928,0.277563,5.342505,1759.579368,15.091580,0.008577,43059200,43059200,861184,4336280,False
896,97,94.200000,4.107610,18.567006,14.084993,11.184249,35.436324,41.839610,66.196060,0.742268,1.113953,0.367317,5.342505,1748.935978,14.183220,0.008110,41767424,41767424,861184,3718520,False
897,90,94.200000,5.315241,18.546149,16.217764,9.203222,38.180888,43.212399,114.716995,0.855556,1.285100,0.279744,5.342505,1747.023384,14.530808,0.008317,38753280,38753280,861184,4251780,False
898,103,94.200000,4.804572,18.606306,15.863051,8.830655,42.274150,63.426923,109.773212,0.766990,1.150986,0.357170,5.342505,1752.762750,14.605471,0.008333,44350976,44350976,861184,4254900,False
899,110,94.200000,5.765477,18.623239,20.643418,9.601069,48.660849,67.432855,231.863756,0.809091,1.221492,0.295641,5.342505,1754.229641,15.313181,0.008729,47365120,47365120,861184,4144660,False
900,96,94.200000,5.102005,18.649002,17.046621,11.115550,40.988177,50.316928,150.831322,0.843750,1.266042,0.294940,5.342505,1756.668155,14.325534,0.008155,41336832,41336832,861184,4522700,False
901,100,94.200000,4.735003,18.587129,16.424089,10.847442,43.478471,49.369340,85.585999,0.820000,1.230348,0.307347,5.342505,1750.880716,14.523825,0.008295,43059200,43059200,861184,4105660,False
902,90,94.200000,4.864477,18.727594,16.801934,12.143999,42.230714,50.028281,113.674211,0.777778,1.168735,0.321691,5.342505,1764.099405,13.080488,0.007415,38753280,38753280,861184,3277560,False
903,83,94.200000,5.492844,18.637471,19.634026,12.541253,43.345201,58.169069,120.135527,0.831325,1.247313,0.276499,5.342505,1755.641956,12.846551,0.007317,35739136,35739136,861184,3209180,False
904,94,94.200000,5.068349,18.583730,16.244266,10.423751,38.925893,53.650173,85.923095,0.819149,1.232442,0.309554,5.342505,1750.539548,14.324929,0.008183,40475648,40475648,861184,4147260,False
905,90,94.200000,5.779847,18.596982,16.759428,10.822070,39.617113,50.141423,139.968900,0.888889,1.333611,0.239654,5.342505,1751.858560,14.359594,0.008197,38753280,38753280,861184,4010500,False
906,97,94.200000,4.816889,18.648124,17.612486,11.223699,46.518318,61.098051,78.274320,0.835052,1.252919,0.285942,5.342505,1756.515355,14.252324,0.008114,41767424,41767424,861184,3863600,False
907,95,94.200000,5.252275,18.605236,17.041457,10.721710,40.985951,53.144580,85.487982,0.852632,1.279352,0.285103,5.342505,1752.573097,14.582522,0.008321,40906240,40906240,861184,4472260,False
908,85,94.200000,4.477153,18.560290,13.525581,10.622993,32.649408,39.141499,51.422992,0.741176,1.112337,0.352739,5.342505,1748.373424,12.827736,0.007337,36600320,36600320,861184,2952820,False
909,97,94.200000,4.856789,18.621087,16.430389,12.170965,39.374186,53.301613,99.338205,0.814433,1.222894,0.305142,5.342505,1754.045190,14.314310,0.008161,41767424,41767424,861184,4041700,False
910,97,94.200000,5.247194,18.603239,15.988052,9.375464,37.239057,51.900641,75.601751,0.804124,1.210381,0.310596,5.342505,1752.411558,14.170916,0.008087,41767424,41767424,861184,4071340,False
911,98,94.200000,5.296980,18.561814,18.325049,11.038824,36.646723,52.625487,161.645640,0.816327,1.226795,0.296148,5.342505,1748.453182,14.388075,0.008229,42198016,42198016,861184,3974100,False
912,87,94.200000,4.735842,18.643256,13.715161,9.363018,28.803581,36.115141,75.196924,0.862069,1.293393,0.289408,5.342505,1756.148488,14.197934,0.008085,37461504,37461504,861184,4352400,False
913,101,94.200000,5.598760,18.585833,20.448385,12.758195,56.696416,79.396541,103.780087,0.831683,1.247964,0.275293,5.342505,1750.769046,14.671634,0.008380,43489792,43489792,861184,3937700,False
914,107,94.200000,5.842621,18.652309,22.082710,13.162573,54.990630,77.621305,168.241901,0.785047,1.178046,0.310888,5.342505,1756.996686,14.687295,0.008359,46073344,46073344,861184,3780140,False
915,102,94.200000,5.759761,18.617437,16.107283,10.656268,37.197693,45.757096,77.379119,0.843137,1.265040,0.282180,5.342505,1753.633788,15.118701,0.008621,43920384,43920384,861184,4533360,False
916,93,94.200000,4.460114,18.607713,17.327308,11.208653,35.207825,65.147557,122.548105,0.870968,1.306724,0.265694,5.342505,1752.757253,14.743513,0.008412,40045056,40045056,861184,4247880,False
917,90,94.200000,4.549669,18.582033,20.643415,12.788165,53.068469,66.002877,166.656469,0.811111,1.217121,0.292830,5.342505,1750.369602,13.762593,0.007863,38753280,38753280,861184,3269760,False
918,91,94.200000,5.327350,18.579620,16.140118,9.228846,39.063781,44.851319,82.956736,0.824176,1.239072,0.313053,5.342505,1750.110559,14.161973,0.008092,39183872,39183872,861184,4429100,False
919,103,94.200000,5.175502,18.614105,20.029109,13.074572,48.445579,52.568676,205.589947,0.854369,1.281845,0.261971,5.342505,1753.408127,15.471361,0.008824,44350976,44350976,861184,4126980,False
920,101,94.200000,4.656871,18.653843,15.438379,12.220584,30.027500,49.316485,92.574295,0.841584,1.267690,0.280456,5.342505,1757.107548,14.851643,0.008452,43489792,43489792,861184,4311320,False
921,89,94.200000,5.181060,18.617312,16.604405,10.969992,33.346366,61.644773,102.905572,0.775281,1.172921,0.330625,5.342505,1753.755593,13.286985,0.007576,38322688,38322688,861184,3435640,False
922,89,94.200000,5.721497,18.549949,17.416350,10.681199,43.144314,48.506528,87.841077,0.887640,1.331689,0.253034,5.342505,1747.323979,14.753289,0.008443,38322688,38322688,861184,4450680,False
923,98,94.200000,5.087675,18.595887,15.293930,8.453128,30.950529,54.721767,174.063224,0.806122,1.210272,0.319099,5.342505,1751.645424,14.512409,0.008285,42198016,42198016,861184,4303520,False
924,102,94.200000,4.841265,18.571025,14.499596,9.390995,33.584020,44.020184,90.038999,0.803922,1.216985,0.323900,5.342505,1749.309466,15.181394,0.008679,43920384,43920384,861184,4593160,False
925,95,94.200000,4.700597,18.616576,15.405518,9.448999,37.073203,42.418070,77.379621,0.800000,1.200455,0.314326,5.342505,1753.606173,13.940710,0.007950,40906240,40906240,861184,3742180,False
926,90,94.200000,4.680516,18.633895,17.886704,10.622808,42.599467,58.737866,82.858640,0.833333,1.250378,0.286328,5.342505,1755.254968,13.730527,0.007823,38753280,38753280,861184,3539640,False
927,98,94.200000,5.071493,18.619417,16.342743,11.736967,36.829230,52.585614,80.248150,0.816327,1.224922,0.302585,5.342505,1753.876528,14.516663,0.008277,42198016,42198016,861184,4090320,False
928,102,94.200000,4.209050,18.622152,16.444002,8.416697,46.751921,65.523271,112.619834,0.764706,1.157540,0.351869,5.342505,1754.205934,14.134563,0.008058,43920384,43920384,861184,4194840,False
929,87,94.200000,5.344016,18.575123,16.317688,7.920977,37.669685,53.174475,118.183498,0.862069,1.293470,0.294811,5.342505,1749.724437,14.369931,0.008213,37461504,37461504,861184,4501380,False
930,111,94.200000,5.392901,18.593483,15.765560,11.246722,37.568346,44.263020,78.562197,0.837838,1.257286,0.295411,5.342505,1751.423852,15.779435,0.009009,47795712,47795712,861184,4949620,False
931,103,94.200000,5.395218,18.663130,17.911023,10.681807,41.500681,58.045860,90.749348,0.873786,1.310944,0.262440,5.342505,1758.033059,15.210113,0.008652,44350976,44350976,861184,4757740,False
932,94,94.200000,5.513904,18.642465,16.452196,10.511700,43.986747,51.103084,81.597218,0.840426,1.260993,0.283734,5.342505,1756.143460,14.232576,0.008104,40475648,40475648,861184,4038840,False
933,85,94.200000,5.616802,18.668391,17.622690,12.990308,41.559049,48.762322,74.575575,0.847059,1.285612,0.268479,5.342505,1758.487009,13.476120,0.007663,36600320,36600320,861184,3606460,False
934,104,94.200000,5.994258,18.568277,19.044928,11.648108,40.752167,61.970429,275.401587,0.875000,1.312804,0.257188,5.342505,1749.133678,15.580239,0.008907,44781568,44781568,861184,4852120,False
935,92,94.200000,4.906105,18.568575,19.869936,12.062072,44.037192,75.195575,130.561493,0.826087,1.239558,0.282403,5.342505,1748.977219,13.766439,0.007871,39614464,39614464,861184,3521960,False
936,99,94.200000,4.936629,18.535816,14.714739,10.259284,34.457233,41.465940,85.983308,0.808081,1.212544,0.321319,5.342505,1746.004172,14.404369,0.008250,42628608,42628608,861184,4442880,False
937,111,94.200000,4.841997,18.668506,15.660729,9.309167,38.939043,42.639162,96.496666,0.828829,1.243626,0.294133,5.342505,1758.475390,15.449764,0.008786,47795712,47795712,861184,4642560,False
938,97,94.200000,5.401567,18.639525,19.586067,12.869198,44.121548,63.445289,134.728423,0.845361,1.268456,0.267278,5.342505,1755.813739,14.223783,0.008101,41767424,41767424,861184,3612700,False
939,84,94.200000,5.150891,18.637296,15.242987,10.311809,33.040073,44.624608,86.178427,0.785714,1.179094,0.329154,5.342505,1755.620228,12.846036,0.007317,36169728,36169728,861184,3450460,False
940,102,94.200000,5.254537,18.642259,15.228822,9.979716,36.946690,40.135138,84.548116,0.794118,1.191612,0.319945,5.342505,1755.978261,14.612459,0.008322,43920384,43920384,861184,4301960,False
941,91,94.200000,5.672804,18.631379,21.025015,14.601787,47.478874,58.812744,85.283939,0.846154,1.269577,0.261492,5.342505,1755.035033,13.940962,0.007943,39183872,39183872,861184,3480360,False
942,93,94.200000,5.452800,18.581554,20.077266,15.021740,45.405792,55.916436,77.541209,0.849462,1.274599,0.255047,5.342505,1750.296607,14.078855,0.008044,40045056,40045056,861184,3578120,False
943,94,94.200000,5.653782,18.584267,16.756208,10.845394,39.941125,45.007110,82.230695,0.872340,1.309468,0.256576,5.342505,1750.595694,14.914850,0.008520,40475648,40475648,861184,4204980,False
944,83,94.200000,5.334429,18.612119,19.478409,10.521684,65.081244,74.649099,116.899078,0.795181,1.193240,0.318762,5.342505,1753.206353,13.037706,0.007436,35739136,35739136,861184,3333720,False
945,80,94.200000,5.440156,18.557382,16.845511,11.727423,31.330131,46.273486,95.665524,0.887500,1.331518,0.249675,5.342505,1748.071592,13.319810,0.007620,34447360,34447360,861184,3813420,False
946,111,94.200000,5.415542,18.581967,16.982327,12.285861,35.779188,48.276476,128.785752,0.873874,1.313148,0.247748,5.342505,1750.385216,15.980038,0.009129,47795712,47795712,861184,4720040,False
947,81,94.200000,5.001274,18.645016,15.619021,9.003202,38.606682,48.734305,116.459238,0.765432,1.148617,0.345584,5.342505,1756.313614,12.625691,0.007189,34877952,34877952,861184,3265340,False
948,92,94.200000,5.572557,18.587372,19.564618,13.336759,47.255884,57.152290,100.105169,0.869565,1.305008,0.247550,5.342505,1750.857306,14.614605,0.008347,39614464,39614464,861184,3816540,False
949,89,94.200000,5.136451,18.678572,16.238884,10.043698,37.817301,43.647276,180.170941,0.808989,1.214947,0.317829,5.342505,1759.513461,13.842459,0.007867,38322688,38322688,861184,4123340,False
950,80,94.200000,5.375978,18.589943,17.382150,11.055145,42.590132,54.095381,77.882603,0.875000,1.312938,0.260561,5.342505,1751.190038,13.680836,0.007812,34447360,34447360,861184,3743740,False
951,85,94.200000,5.882412,18.630005,18.227518,11.661733,45.427147,56.648078,85.286168,0.847059,1.270930,0.273158,5.342505,1754.860911,13.588341,0.007743,36600320,36600320,861184,3599700,False
952,81,94.200000,5.210745,18.604862,17.293870,13.468436,33.922734,41.770411,98.919977,0.839506,1.259661,0.266646,5.342505,1752.567864,12.908152,0.007365,34877952,34877952,861184,3082300,False
953,90,94.200000,5.401445,18.604986,19.755473,12.222923,55.288607,66.994205,116.836054,0.788889,1.184554,0.321163,5.342505,1752.529717,13.374232,0.007631,38753280,38753280,861184,3538340,False
954,94,94.200000,6.106050,18.654747,16.047058,9.977362,40.361791,48.698835,86.615122,0.882979,1.324781,0.261562,5.342505,1757.171909,15.355551,0.008739,40475648,40475648,861184,4613440,False
955,93,94.200000,4.934095,18.642210,14.596024,9.705341,31.619751,39.423136,124.508036,0.827957,1.243150,0.314320,5.342505,1756.077904,14.304800,0.008146,40045056,40045056,861184,4505280,False
956,86,94.200000,5.204254,18.550140,15.545156,10.564104,33.451462,43.052246,96.396916,0.779070,1.169258,0.322294,5.342505,1747.436867,13.121712,0.007509,37030912,37030912,861184,3124160,False
957,106,94.200000,5.334360,18.663131,18.213575,13.131090,38.321642,57.408563,94.832535,0.811321,1.217458,0.287685,5.342505,1757.991159,14.533522,0.008267,45642752,45642752,861184,3730480,False
958,104,94.200000,5.754336,18.614867,19.383053,14.204299,44.089415,56.417857,109.277891,0.846154,1.269575,0.269538,5.342505,1753.483620,15.175035,0.008654,44781568,44781568,861184,4149340,False
959,103,94.200000,5.507087,18.569613,17.200766,12.435189,38.843319,43.958697,88.496532,0.825243,1.238341,0.285876,5.342505,1749.264349,14.935781,0.008538,44350976,44350976,861184,4004780,False
960,104,94.200000,5.890937,18.563179,18.721778,11.625176,44.738149,53.731423,112.215934,0.855769,1.283982,0.267144,5.342505,1748.548539,15.254646,0.008724,44781568,44781568,861184,4300660,False
961,82,94.200000,4.276905,18.593298,16.645559,9.871829,41.891155,55.917728,83.046565,0.768293,1.153057,0.342825,5.342505,1751.470700,12.579518,0.007182,35308544,35308544,861184,3235960,False
962,99,94.200000,4.491161,18.609883,16.067362,9.602974,43.673723,51.899572,83.875329,0.787879,1.184189,0.340862,5.342505,1752.922722,14.595482,0.008326,42628608,42628608,861184,4439500,False
963,90,94.200000,5.508057,18.602307,16.493155,11.141567,37.511859,50.210216,87.396133,0.855556,1.283659,0.273750,5.342505,1752.261028,14.387757,0.008211,38753280,38753280,861184,4113980,False
964,97,94.200000,4.849064,18.623925,16.531041,10.474933,42.676582,48.730497,92.459410,0.814433,1.222088,0.305788,5.342505,1754.320920,14.532673,0.008284,41767424,41767424,861184,4074460,False
965,94,94.200000,5.595561,18.644769,12.999337,10.430484,24.212084,30.636520,88.907534,0.840426,1.261014,0.285602,5.342505,1756.325257,14.877352,0.008471,40475648,40475648,861184,4391920,False
966,86,94.200000,5.385887,18.659045,18.126476,11.125100,39.057281,49.767965,100.474229,0.813953,1.221432,0.302878,5.342505,1757.597778,13.192035,0.007506,37030912,37030912,861184,3647540,False
967,89,94.200000,5.504831,18.567312,17.869359,15.412614,37.706120,47.653147,64.311161,0.910112,1.365372,0.204674,5.342505,1749.056127,14.595737,0.008345,38322688,38322688,861184,3622060,False
968,86,94.200000,4.735667,18.612822,13.573673,8.845726,31.934908,45.689809,72.387904,0.720930,1.081962,0.392413,5.342505,1753.271323,12.561253,0.007164,37030912,37030912,861184,3604380,False
969,92,94.200000,5.308988,18.512562,16.491761,12.238375,41.468938,48.622821,77.200900,0.782609,1.174371,0.320382,5.342505,1743.832146,13.580935,0.007788,39614464,39614464,861184,3416140,False
970,112,94.200000,5.938872,18.583072,16.714668,11.993680,34.867514,41.486844,111.582841,0.866071,1.311600,0.259512,5.342505,1750.421764,16.496798,0.009424,48226304,48226304,861184,5185440,False
971,93,94.200000,5.765934,18.643758,19.248788,12.669912,45.313549,61.950440,102.914154,0.870968,1.306713,0.250876,5.342505,1756.182685,14.359346,0.008176,40045056,40045056,861184,3984240,False
972,96,94.200000,5.281745,18.600191,16.862705,9.765516,41.505761,47.256632,71.826001,0.843750,1.266004,0.283295,5.342505,1752.081758,14.837824,0.008469,41336832,41336832,861184,4325620,False
973,87,94.200000,5.505312,18.624794,18.231217,11.569665,42.712535,70.542390,90.016590,0.758621,1.153690,0.340069,5.342505,1754.439510,12.968520,0.007392,37461504,37461504,861184,3238040,False
974,94,94.200000,4.803062,18.625456,16.113691,11.510283,32.671009,51.866021,116.861187,0.840426,1.260974,0.284715,5.342505,1754.493168,14.585395,0.008313,40475648,40475648,861184,4056780,False
975,96,94.200000,5.347503,18.619658,18.094243,13.220209,35.319743,52.787319,125.876040,0.843750,1.265953,0.280393,5.342505,1753.943491,14.518242,0.008277,41336832,41336832,861184,4059120,False
976,109,94.200000,4.588142,18.726890,13.759688,9.111080,34.372910,40.131570,60.302083,0.825688,1.238911,0.304962,5.342505,1763.973242,15.565772,0.008824,46934528,46934528,861184,4915820,False
977,105,94.200000,5.367763,18.638391,18.843655,14.117346,43.264560,51.012858,86.469125,0.838095,1.257661,0.286839,5.342505,1755.661575,15.392000,0.008767,45212160,45212160,861184,4668560,False
978,94,94.200000,5.665507,18.528374,17.359098,9.826748,41.492657,49.952531,102.198269,0.840426,1.260984,0.277384,5.342505,1745.367712,14.219722,0.008147,40475648,40475648,861184,4009460,False
979,88,94.200000,5.220412,18.615960,14.973919,10.610482,34.903122,43.459721,73.038710,0.772727,1.159670,0.344676,5.342505,1753.585442,13.482003,0.007688,37892096,37892096,861184,3748420,False
980,79,94.200000,4.919336,18.535859,18.536465,11.019429,46.756555,68.487224,130.152933,0.784810,1.192547,0.327535,5.342505,1746.063043,12.624860,0.007230,34016768,34016768,861184,3286660,False
981,78,94.200000,5.262155,18.604163,15.796387,9.239632,31.927405,46.085390,108.213526,0.858974,1.288955,0.290605,5.342505,1752.361040,13.560464,0.007738,33586176,33586176,861184,3977220,False
982,95,94.200000,5.724295,18.646734,18.642170,11.643439,38.715204,51.500354,118.109371,0.873684,1.311066,0.244303,5.342505,1756.479241,14.948052,0.008510,40906240,40906240,861184,4197440,False
983,104,94.200000,5.441652,18.577601,19.570605,13.461215,46.082502,57.642795,127.730857,0.817308,1.226453,0.292030,5.342505,1749.967732,14.922104,0.008527,44781568,44781568,861184,3847740,False
984,80,94.200000,5.035796,18.541541,19.178147,10.869441,45.997547,65.908699,92.292886,0.850000,1.285273,0.269340,5.342505,1746.489562,13.220632,0.007570,34447360,34447360,861184,3263260,False
985,95,94.200000,6.359341,18.610552,19.229610,12.410914,39.333150,50.732435,166.333070,0.894737,1.342353,0.229611,5.342505,1753.037325,15.261418,0.008706,40906240,40906240,861184,4437940,False
986,102,94.200000,4.930544,18.571820,17.941368,11.591749,45.294345,65.466585,93.866936,0.794118,1.210093,0.307660,5.342505,1749.452174,14.552473,0.008318,43920384,43920384,861184,3743480,False
987,105,94.200000,5.417053,18.638885,18.496240,12.823409,44.635321,56.124368,91.748245,0.819048,1.229056,0.288345,5.342505,1755.648242,14.945414,0.008513,45212160,45212160,861184,4234620,False
988,104,94.200000,5.875920,18.545003,21.188852,12.033874,50.446344,78.897241,122.966984,0.894231,1.341661,0.239684,5.342505,1746.919322,15.548644,0.008901,44781568,44781568,861184,4334720,False
989,76,94.200000,5.543415,18.600143,15.600559,10.612938,34.861285,43.765644,121.229279,0.763158,1.145516,0.344207,5.342505,1752.072589,12.252899,0.006993,32724992,32724992,861184,3021200,False
990,101,94.200000,5.642654,18.641388,17.099610,12.330063,36.578701,61.677917,80.606587,0.811881,1.218244,0.292519,5.342505,1755.950836,14.630389,0.008332,43489792,43489792,861184,3970460,False
991,95,94.200000,5.010184,18.662041,17.671930,13.790366,40.703870,55.250217,76.466826,0.831579,1.247789,0.280760,5.342505,1757.920422,14.240515,0.008101,40906240,40906240,861184,3924960,False
992,87,94.200000,5.365566,18.631163,17.901642,11.391698,43.666661,53.935286,133.968280,0.804598,1.207355,0.294837,5.342505,1755.037038,13.071743,0.007448,37461504,37461504,861184,3402100,False
993,102,94.200000,5.060566,18.544637,18.216840,11.644348,44.906636,60.466267,86.519946,0.803922,1.207072,0.296839,5.342505,1746.889669,14.099587,0.008071,43920384,43920384,861184,3625440,False
994,105,94.200000,5.998341,18.636111,20.679448,11.707039,48.246785,78.090393,145.631188,0.838095,1.257490,0.278805,5.342505,1755.429783,15.248250,0.008686,45212160,45212160,861184,4412200,False
995,106,94.200000,4.851403,18.649220,15.178112,9.343043,35.189135,45.844905,88.085277,0.754717,1.132741,0.355937,5.342505,1756.715041,14.663541,0.008347,45642752,45642752,861184,4331340,False
996,91,94.200000,5.079671,18.677206,18.052100,9.813264,43.054062,63.911047,96.080624,0.857143,1.286088,0.271350,5.342505,1759.335672,14.225403,0.008086,39183872,39183872,861184,4124900,False
997,87,94.200000,4.571359,18.582927,13.861578,9.198970,32.555852,48.706375,86.489001,0.758621,1.143524,0.351696,5.342505,1750.457112,12.968107,0.007408,37461504,37461504,861184,3515720,False
998,93,94.200000,5.353794,18.670057,15.600673,9.453478,37.247274,49.828354,88.469811,0.795699,1.194053,0.323631,5.342505,1758.676037,13.954385,0.007935,40045056,40045056,861184,3937960,False
999,86,94.200000,4.437125,18.612137,14.896033,7.635066,45.747043,58.154403,82.551567,0.709302,1.064634,0.393566,5.342505,1753.255658,12.488637,0.007123,37030912,37030912,861184,3413280,False
1000,86,94.200000,5.255298,18.669829,16.279835,10.244764,50.334236,57.654552,97.849776,0.732558,1.114726,0.373888,5.342505,1758.662990,12.859974,0.007312,37030912,37030912,861184,3455400,False
