round,clients,denominator,local_loss,update_norm,pre_clip_norm_mean,pre_clip_norm_median,pre_clip_norm_p90,pre_clip_norm_p95,pre_clip_norm_max,frac_clipped,post_clip_norm_mean,shrinkage_mean,noise_std,noise_norm,clipped_aggregate_norm,signal_to_noise,download_bytes,upload_bytes,bytes_per_client,sparse_upload_bytes_diag,skipped_empty
1,92,94.200000,0.692751,12.398261,0.109421,0.084978,0.211415,0.252617,0.308415,0.000000,0.109421,1.000000,3.561670,1167.911198,1.260549,0.001079,39614464,39614464,861184,3800420,False
2,79,94.200000,0.688466,12.372869,0.274793,0.146264,0.535586,0.802437,3.542609,0.025316,0.241264,0.989700,3.561670,1165.514191,3.186393,0.002734,34016768,34016768,861184,3072160,False
3,104,94.200000,0.686902,12.461450,0.266378,0.172501,0.699979,0.853814,1.025656,0.009615,0.266131,0.999759,3.561670,1173.863983,3.955917,0.003370,44781568,44781568,861184,4680000,False
4,105,94.200000,0.678591,12.398088,0.390861,0.231816,0.772045,1.398722,2.565964,0.076190,0.331479,0.969672,3.561670,1167.900492,4.873348,0.004173,45212160,45212160,861184,4690920,False
5,91,94.200000,0.674632,12.442393,0.448390,0.280025,0.985571,1.096934,2.331262,0.098901,0.405309,0.976373,3.561670,1172.064478,5.409432,0.004615,39183872,39183872,861184,3770260,False
6,85,94.200000,0.669368,12.388479,0.466904,0.308092,0.987197,1.483682,2.804304,0.094118,0.405209,0.967326,3.561670,1166.986025,5.150242,0.004413,36600320,36600320,861184,3453840,False
7,95,94.200000,0.655242,12.379107,0.656757,0.378988,1.217920,1.851199,7.032253,0.200000,0.498779,0.940148,3.561670,1166.095378,6.615846,0.005674,40906240,40906240,861184,3897400,False
8,94,94.200000,0.635985,12.365818,0.740002,0.439712,1.825370,2.454212,3.260057,0.255319,0.527600,0.903156,3.561670,1164.857497,7.174793,0.006159,40475648,40475648,861184,3838640,False
9,81,94.200000,0.630468,12.446653,0.754345,0.479468,1.727742,2.369541,2.970891,0.271605,0.538948,0.893298,3.561670,1172.495929,6.694367,0.005710,34877952,34877952,861184,3703440,False
10,89,94.200000,0.616385,12.422092,0.803718,0.623420,1.967580,2.456128,2.921846,0.269663,0.584677,0.898061,3.561670,1170.134741,7.289472,0.006230,38322688,38322688,861184,3644160,False
11,108,94.200000,0.599171,12.414656,0.967481,0.703485,2.261348,2.403964,3.143359,0.370370,0.645628,0.847822,3.561670,1169.352619,9.518403,0.008140,46503936,46503936,861184,4690660,False
12,81,94.200000,0.598012,12.404508,0.979017,0.706761,2.143902,2.622665,3.419312,0.419753,0.660024,0.850261,3.561670,1168.506813,7.587353,0.006493,34877952,34877952,861184,3111420,False
13,92,94.200000,0.589643,12.399763,0.980862,0.749779,2.353607,2.552469,2.779857,0.358696,0.671900,0.855969,3.561670,1168.027570,8.863710,0.007589,39614464,39614464,861184,3577340,False
14,83,94.200000,0.585964,12.425889,1.003178,0.770993,2.224929,2.749588,3.450357,0.361446,0.655835,0.842267,3.561670,1170.492130,7.927054,0.006772,35739136,35739136,861184,3630640,False
15,78,94.200000,0.561536,12.414808,1.106738,0.967691,2.163185,2.446786,4.285921,0.500000,0.719809,0.814298,3.561670,1169.436071,8.295994,0.007094,33586176,33586176,861184,3380780,False
16,93,94.200000,0.564230,12.379040,1.133015,0.934121,2.218702,2.333133,2.687519,0.473118,0.724066,0.796276,3.561670,1166.094839,9.359234,0.008026,40045056,40045056,861184,3741140,False
17,102,94.200000,0.561378,12.346159,1.168433,0.962202,2.189164,2.338861,2.749729,0.480392,0.762272,0.796484,3.561670,1162.964983,10.623407,0.009135,43920384,43920384,861184,3841240,False
18,86,94.200000,0.558745,12.419363,1.149277,0.959447,2.406637,2.631267,3.501246,0.488372,0.739939,0.812304,3.561670,1169.868932,9.335859,0.007980,37030912,37030912,861184,4112420,False
19,97,94.200000,0.573404,12.411072,1.046397,0.890886,2.172530,2.365513,3.255737,0.422680,0.727741,0.844349,3.561670,1169.093568,10.158395,0.008689,41767424,41767424,861184,5015400,False
20,96,94.200000,0.516909,12.432222,1.323657,1.248937,2.313850,2.476579,4.005067,0.583333,0.812351,0.756658,3.561670,1171.048994,10.702496,0.009139,41336832,41336832,861184,3838900,False
21,95,94.200000,0.498406,12.387937,1.409908,1.538384,2.445196,2.525768,2.880733,0.610526,0.817460,0.719133,3.561670,1166.851988,10.869440,0.009315,40906240,40906240,861184,3744000,False
22,104,94.200000,0.499753,12.361669,1.331246,1.321232,2.226808,2.575430,3.648410,0.586538,0.802191,0.744561,3.561670,1164.455784,11.299794,0.009704,44781568,44781568,861184,4216940,False
23,90,94.200000,0.509515,12.421762,1.341243,1.180547,2.386297,2.637311,3.960389,0.577778,0.812853,0.756259,3.561670,1170.078905,10.520548,0.008991,38753280,38753280,861184,3971500,False
24,87,94.200000,0.461205,12.373878,1.478942,1.469516,2.520661,2.615287,3.634919,0.643678,0.853151,0.711487,3.561670,1165.517320,10.597540,0.009093,37461504,37461504,861184,3685240,False
25,92,94.200000,0.521020,12.395369,1.222506,1.050448,2.371329,2.597483,3.318886,0.554348,0.787567,0.789862,3.561670,1167.568877,10.796929,0.009247,39614464,39614464,861184,5252520,False
26,103,94.200000,0.501036,12.413099,1.346159,1.280574,2.351359,2.752152,3.524382,0.592233,0.825287,0.750934,3.561670,1169.275676,11.924074,0.010198,44350976,44350976,861184,4596020,False
27,101,94.200000,0.493622,12.413058,1.337940,1.121407,2.570587,2.689417,3.847569,0.554455,0.810161,0.757268,3.561670,1169.265205,12.048530,0.010304,43489792,43489792,861184,5340920,False
28,93,94.200000,0.445003,12.439279,1.616527,1.650262,2.582612,2.961511,3.905463,0.666667,0.875848,0.676125,3.561670,1171.712561,11.336237,0.009675,40045056,40045056,861184,3911960,False
29,79,94.200000,0.444050,12.449502,1.618112,1.582525,2.503068,2.790730,4.027737,0.759494,0.922815,0.680978,3.561670,1172.632394,11.081624,0.009450,34016768,34016768,861184,3180840,False
30,74,94.200000,0.439876,12.388025,1.524764,1.622174,2.328270,2.611610,3.405565,0.702703,0.905274,0.702602,3.561670,1166.936423,10.318373,0.008842,31863808,31863808,861184,3103620,False
31,97,94.200000,0.443692,12.401073,1.612095,1.547993,2.560303,2.903681,3.698226,0.762887,0.917716,0.673522,3.561670,1168.134028,13.008711,0.011136,41767424,41767424,861184,4035980,False
32,98,94.200000,0.442474,12.422547,1.586486,1.574961,2.522853,2.729760,3.987064,0.714286,0.900687,0.682888,3.561670,1170.157386,12.717675,0.010868,42198016,42198016,861184,4629820,False
33,88,94.200000,0.422400,12.423799,1.711607,1.670254,2.776339,3.060904,4.890623,0.750000,0.928218,0.664152,3.561670,1170.230100,11.892762,0.010163,37892096,37892096,861184,3722420,False
34,89,94.200000,0.406940,12.435922,1.746442,1.794416,2.554728,2.798272,4.041235,0.786517,0.942649,0.634724,3.561670,1171.419094,12.253382,0.010460,38322688,38322688,861184,3173300,False
35,90,94.200000,0.412992,12.429592,1.692652,1.672251,2.532708,2.758037,3.536073,0.766667,0.941731,0.650758,3.561670,1170.813514,12.071262,0.010310,38753280,38753280,861184,3436160,False
36,111,94.200000,0.411081,12.414572,1.650086,1.651560,2.573951,2.752935,3.387677,0.810811,0.926775,0.661137,3.561670,1169.365247,14.090741,0.012050,47795712,47795712,861184,4626700,False
37,96,94.200000,0.404449,12.357425,1.723338,1.703899,2.657018,3.116181,4.294064,0.791667,0.933119,0.641448,3.561670,1163.969476,12.835279,0.011027,41336832,41336832,861184,3705780,False
38,104,94.200000,0.398919,12.381812,1.772927,1.832418,2.679914,2.981224,3.253791,0.836538,0.939457,0.621274,3.561670,1166.231525,14.475045,0.012412,44781568,44781568,861184,4533620,False
39,81,94.200000,0.386602,12.406898,1.674080,1.689843,2.477451,2.637945,4.705036,0.790123,0.943156,0.667494,3.561670,1168.707677,11.553935,0.009886,34877952,34877952,861184,3643380,False
40,96,94.200000,0.355251,12.375212,1.833383,1.939228,2.767507,2.942957,3.949103,0.812500,0.948563,0.611437,3.561670,1165.634054,12.722777,0.010915,41336832,41336832,861184,3808740,False
41,96,94.200000,0.378201,12.404862,1.698541,1.749424,2.478041,2.884299,3.249307,0.812500,0.939440,0.643276,3.561670,1168.453109,13.611425,0.011649,41336832,41336832,861184,4103320,False
42,103,94.200000,0.365600,12.417349,1.890814,1.931619,2.807559,3.126776,3.913371,0.893204,0.968306,0.594126,3.561670,1169.628388,13.671275,0.011689,44350976,44350976,861184,3916380,False
43,80,94.200000,0.342704,12.402521,1.792787,1.778963,2.655123,3.147002,3.572201,0.887500,0.957886,0.609128,3.561670,1168.240169,10.952066,0.009375,34447360,34447360,861184,2914340,False
44,101,94.200000,0.357883,12.412607,1.786769,1.824740,2.559608,2.983515,3.302664,0.861386,0.965952,0.615504,3.561670,1169.215881,14.148236,0.012101,43489792,43489792,861184,4246580,False
45,98,94.200000,0.352982,12.411305,1.815371,1.866290,2.691900,2.930815,3.470598,0.846939,0.964753,0.616995,3.561670,1169.058959,13.329179,0.011402,42198016,42198016,861184,3839160,False
46,106,94.200000,0.346841,12.401666,1.772707,1.804161,2.627841,2.910019,3.570042,0.830189,0.955990,0.627283,3.561670,1168.091449,14.141280,0.012106,45642752,45642752,861184,4741880,False
47,96,94.200000,0.372026,12.356281,1.711621,1.718014,2.611957,2.804730,3.508809,0.802083,0.955792,0.648566,3.561670,1163.904417,13.605998,0.011690,41336832,41336832,861184,4570800,False
48,81,94.200000,0.323209,12.429234,1.934396,1.985364,2.753734,3.334140,4.051443,0.864198,0.967344,0.582944,3.561670,1170.748640,11.369620,0.009711,34877952,34877952,861184,2822820,False
49,95,94.200000,0.332090,12.419159,1.837595,1.823157,2.644289,2.910732,3.855409,0.852632,0.972025,0.604898,3.561670,1169.816729,13.017901,0.011128,40906240,40906240,861184,3530280,False
50,88,94.200000,0.343148,12.469442,1.847391,1.904971,2.763188,2.882596,4.350531,0.886364,0.970723,0.600698,3.561670,1174.550751,12.497928,0.010641,37892096,37892096,861184,3499340,False
51,106,94.200000,0.356798,12.468719,1.769723,1.782871,2.473637,2.795625,6.730734,0.886792,0.963114,0.632108,3.561670,1174.504860,14.786955,0.012590,45642752,45642752,861184,4830020,False
52,83,94.200000,0.309866,12.421250,1.920050,1.967626,2.570513,3.298423,3.657175,0.939759,0.981642,0.573935,3.561670,1170.048578,11.763065,0.010053,35739136,35739136,861184,3072940,False
53,94,94.200000,0.340914,12.391690,1.872813,1.868536,2.782233,3.510817,3.955361,0.861702,0.964603,0.602873,3.561670,1167.166387,13.679200,0.011720,40475648,40475648,861184,4483960,False
54,95,94.200000,0.298704,12.407851,1.987323,2.020379,2.837229,3.187463,5.516391,0.894737,0.971697,0.571700,3.561670,1168.741672,12.466720,0.010667,40906240,40906240,861184,3440320,False
55,90,94.200000,0.329089,12.479001,1.837553,1.863474,2.690502,2.905085,3.412167,0.877778,0.968045,0.602689,3.561670,1175.461791,13.014181,0.011072,38753280,38753280,861184,4092660,False
56,77,94.200000,0.307220,12.407414,1.916421,1.815571,2.808417,3.688264,4.464067,0.883117,0.968699,0.598814,3.561670,1168.701565,11.192723,0.009577,33155584,33155584,861184,3275220,False
57,98,94.200000,0.308601,12.399449,1.975162,1.926007,2.996572,3.210665,5.353816,0.918367,0.977536,0.576608,3.561670,1167.955603,13.632210,0.011672,42198016,42198016,861184,3913520,False
58,99,94.200000,0.330894,12.414691,1.964159,1.796464,2.951197,3.954003,4.835638,0.868687,0.973275,0.596389,3.561670,1169.400623,14.103694,0.012061,42628608,42628608,861184,4541680,False
59,101,94.200000,0.295282,12.418896,2.045942,2.002784,3.072731,3.729486,4.859196,0.900990,0.962619,0.546067,3.561670,1169.785167,13.182662,0.011269,43489792,43489792,861184,3985540,False
60,97,94.200000,0.320370,12.364261,1.929036,1.826291,2.899900,3.128968,4.583716,0.886598,0.979321,0.586041,3.561670,1164.620382,13.452898,0.011551,41767424,41767424,861184,4077840,False
61,93,94.200000,0.291196,12.396450,1.933487,2.032746,2.740597,3.223444,4.465990,0.903226,0.984333,0.582200,3.561670,1167.670901,12.790514,0.010954,40045056,40045056,861184,3692780,False
62,94,94.200000,0.299899,12.435050,1.878928,1.759512,2.770199,2.863220,5.865273,0.882979,0.975207,0.598857,3.561670,1171.289670,12.916097,0.011027,40475648,40475648,861184,4382300,False
63,83,94.200000,0.311216,12.425647,1.928559,1.923683,2.658548,2.880542,4.933861,0.903614,0.974940,0.579618,3.561670,1170.423587,12.044161,0.010290,35739136,35739136,861184,3922620,False
64,102,94.200000,0.308754,12.378814,1.916547,1.759177,2.843461,3.106230,5.330930,0.901961,0.983283,0.594375,3.561670,1165.975111,14.170018,0.012153,43920384,43920384,861184,4528940,False
65,86,94.200000,0.290836,12.398264,1.878056,1.865936,2.634254,2.767190,4.773515,0.953488,0.994764,0.591418,3.561670,1167.884948,12.195681,0.010443,37030912,37030912,861184,3636100,False
66,94,94.200000,0.319610,12.412610,1.844292,1.773082,2.779173,3.052291,3.890054,0.882979,0.970751,0.602794,3.561670,1169.138717,13.846767,0.011844,40475648,40475648,861184,4534920,False
67,95,94.200000,0.284762,12.354377,1.853937,1.854273,2.716251,3.237559,4.342436,0.863158,0.965825,0.605442,3.561670,1163.793631,13.364211,0.011483,40906240,40906240,861184,4434300,False
68,107,94.200000,0.287257,12.370869,1.931406,1.904681,2.724485,3.169077,5.308648,0.915888,0.975954,0.579828,3.561670,1165.295541,14.166528,0.012157,46073344,46073344,861184,4608760,False
69,80,94.200000,0.296328,12.423876,2.101923,1.953463,3.222830,3.579226,6.522903,0.900000,0.984877,0.561799,3.561670,1170.334032,11.645960,0.009951,34447360,34447360,861184,3422380,False
70,73,94.200000,0.284293,12.423231,1.942108,1.924105,2.890909,3.299261,4.029703,0.904110,0.973572,0.590045,3.561670,1170.236613,10.990978,0.009392,31433216,31433216,861184,3209700,False
71,98,94.200000,0.300036,12.447667,1.917104,1.819950,3.040969,3.399782,6.103754,0.887755,0.964184,0.602105,3.561670,1172.438903,13.122238,0.011192,42198016,42198016,861184,4454580,False
72,91,94.200000,0.241460,12.381636,1.980402,1.781857,3.190067,3.583448,5.614766,0.912088,0.980733,0.576324,3.561670,1166.350499,12.104910,0.010378,39183872,39183872,861184,3313440,False
73,124,94.200000,0.295663,12.365514,1.915340,1.766935,3.093512,3.606520,5.170710,0.903226,0.974861,0.606744,3.561670,1164.657820,16.977476,0.014577,53393408,53393408,861184,5890820,False
74,81,94.200000,0.291156,12.406692,1.715438,1.642075,2.470865,2.975095,5.487891,0.888889,0.974751,0.644175,3.561670,1168.696096,12.075507,0.010332,34877952,34877952,861184,3971760,False
75,97,94.200000,0.268171,12.411131,2.088410,1.935978,2.915557,3.271302,7.562103,0.938144,0.983073,0.545695,3.561670,1169.108266,12.904098,0.011038,41767424,41767424,861184,3763760,False
76,86,94.200000,0.274858,12.404275,1.975576,1.874690,3.008728,3.453502,4.967141,0.953488,0.987068,0.572824,3.561670,1168.404574,12.070477,0.010331,37030912,37030912,861184,3502720,False
77,90,94.200000,0.257822,12.438757,1.962550,1.950865,2.935048,3.299212,5.729047,0.888889,0.976907,0.590763,3.561670,1171.736265,12.138264,0.010359,38753280,38753280,861184,3661320,False
78,95,94.200000,0.281033,12.372549,1.946973,1.878091,2.661611,3.425848,6.369556,0.873684,0.972136,0.589397,3.561670,1165.390730,13.239254,0.011360,40906240,40906240,861184,4185480,False
79,85,94.200000,0.287537,12.399344,1.881043,1.815600,2.817348,3.003525,5.528066,0.882353,0.959019,0.611450,3.561670,1167.888542,11.903115,0.010192,36600320,36600320,861184,3989440,False
80,94,94.200000,0.271345,12.417887,2.058563,1.876888,3.184220,3.728485,6.080410,0.936170,0.985767,0.559600,3.561670,1169.713580,13.069144,0.011173,40475648,40475648,861184,4180280,False
81,98,94.200000,0.282914,12.422693,1.981377,1.879263,3.089940,3.397239,4.155677,0.948980,0.978251,0.569604,3.561670,1170.188404,13.759366,0.011758,42198016,42198016,861184,4311060,False
82,88,94.200000,0.265050,12.429253,2.119161,2.058127,3.029214,3.547603,4.187451,0.897727,0.970265,0.533323,3.561670,1170.782048,11.591846,0.009901,37892096,37892096,861184,3394040,False
83,112,94.200000,0.283489,12.451531,2.041923,2.012584,3.135078,3.424420,5.128979,0.883929,0.978562,0.566520,3.561670,1172.824570,14.631355,0.012475,48226304,48226304,861184,4837560,False
84,94,94.200000,0.259733,12.391041,2.048368,1.827992,3.058967,4.158327,6.548102,0.893617,0.984332,0.581124,3.561670,1167.189724,12.689760,0.010872,40475648,40475648,861184,3864900,False
85,74,94.200000,0.271835,12.405804,2.025943,1.893706,3.041061,3.344557,5.348346,0.918919,0.970019,0.568841,3.561670,1168.555403,10.712155,0.009167,31863808,31863808,861184,3452800,False
86,93,94.200000,0.296699,12.428517,2.068088,1.961350,3.112091,3.562269,5.842730,0.892473,0.967485,0.561629,3.561670,1170.666355,13.055529,0.011152,40045056,40045056,861184,4377360,False
87,95,94.200000,0.256760,12.368915,2.099965,1.966950,3.468102,3.570925,4.656285,0.936842,0.989141,0.550082,3.561670,1165.110440,12.587198,0.010803,40906240,40906240,861184,3761940,False
88,83,94.200000,0.245654,12.401797,2.203416,2.067682,3.175883,3.518435,7.944588,0.939759,0.983587,0.522838,3.561670,1168.224216,11.274600,0.009651,35739136,35739136,861184,3193580,False
89,96,94.200000,0.256538,12.376018,2.064897,1.929185,3.294735,3.756459,4.583115,0.916667,0.970971,0.567323,3.561670,1165.779834,12.655517,0.010856,41336832,41336832,861184,4176640,False
90,97,94.200000,0.257624,12.384315,2.286958,2.042553,3.587304,4.062518,18.298719,0.886598,0.971290,0.551366,3.561670,1166.488752,12.646799,0.010842,41767424,41767424,861184,3905980,False
91,88,94.200000,0.230251,12.351643,2.217704,2.052761,3.416628,3.980000,9.085063,0.943182,0.972470,0.526169,3.561670,1163.489354,11.190408,0.009618,37892096,37892096,861184,2990520,False
92,81,94.200000,0.244903,12.394518,2.184117,2.157106,3.357971,3.485344,5.710279,0.925926,0.977189,0.536338,3.561670,1167.577052,11.134141,0.009536,34877952,34877952,861184,3021720,False
93,106,94.200000,0.254654,12.371228,2.149522,1.964098,3.254030,4.675434,8.494528,0.915094,0.970259,0.556640,3.561670,1165.280339,13.514856,0.011598,45642752,45642752,861184,4346420,False
94,123,94.200000,0.247570,12.381338,2.116014,2.120018,3.143725,4.005646,6.534619,0.926829,0.977983,0.549323,3.561670,1166.336888,14.978536,0.012842,52962816,52962816,861184,4838340,False
95,84,94.200000,0.270254,12.383954,2.127234,1.946967,3.187046,3.601342,7.759398,0.904762,0.981692,0.561906,3.561670,1166.518683,11.244700,0.009640,36169728,36169728,861184,3650140,False
96,92,94.200000,0.225388,12.399105,2.054347,1.972410,3.064302,3.581677,4.925908,0.956522,0.979409,0.556108,3.561670,1167.981759,11.558124,0.009896,39614464,39614464,861184,3340220,False
97,99,94.200000,0.261736,12.402644,2.056680,2.040048,3.147056,3.370680,4.647613,0.898990,0.974660,0.561615,3.561670,1168.201774,13.195948,0.011296,42628608,42628608,861184,4396080,False
98,84,94.200000,0.271610,12.400608,1.875126,1.766807,2.856264,3.356877,4.937218,0.857143,0.970573,0.626358,3.561670,1168.086271,12.205349,0.010449,36169728,36169728,861184,4321980,False
99,99,94.200000,0.251173,12.436051,2.054767,2.018081,2.961058,3.342942,4.557075,0.919192,0.967061,0.543895,3.561670,1171.403069,12.859741,0.010978,42628608,42628608,861184,3946280,False
100,98,94.200000,0.262703,12.420082,2.196835,1.993642,3.477524,4.552288,5.892027,0.928571,0.975784,0.550120,3.561670,1169.899668,12.933962,0.011056,42198016,42198016,861184,4325360,False
101,110,94.200000,0.271435,12.449428,2.083316,2.038529,3.070138,3.569432,4.418526,0.918182,0.979326,0.549129,3.561670,1172.581181,14.280172,0.012178,47365120,47365120,861184,4998760,False
102,94,94.200000,0.232329,12.377283,2.111200,2.015139,3.456695,4.226127,4.618702,0.872340,0.945104,0.544924,3.561670,1165.818250,11.537465,0.009896,40475648,40475648,861184,3430960,False
103,97,94.200000,0.248681,12.389630,2.093175,2.014883,3.249466,3.595222,4.805179,0.927835,0.983487,0.541983,3.561670,1166.946886,12.662152,0.010851,41767424,41767424,861184,3875040,False
104,83,94.200000,0.250578,12.389154,2.001866,1.927402,3.332739,3.863784,5.170315,0.891566,0.966169,0.583808,3.561670,1166.956616,11.659107,0.009991,35739136,35739136,861184,3857360,False
105,112,94.200000,0.234688,12.359770,2.051066,1.924068,2.934346,3.636503,5.181839,0.919643,0.975384,0.554981,3.561670,1164.231836,13.629481,0.011707,48226304,48226304,861184,4403620,False
106,83,94.200000,0.212806,12.365054,2.162523,2.123114,3.465700,4.139357,4.737094,0.939759,0.968643,0.541984,3.561670,1164.743628,11.014557,0.009457,35739136,35739136,861184,2956460,False
107,85,94.200000,0.228633,12.399343,2.048655,1.927995,3.042627,3.513641,4.870873,0.894118,0.972702,0.558649,3.561670,1167.979355,11.414118,0.009773,36600320,36600320,861184,3363360,False
108,99,94.200000,0.264236,12.395053,2.166944,2.142196,3.078006,3.469720,6.576591,0.929293,0.977122,0.541811,3.561670,1167.596067,13.092898,0.011214,42628608,42628608,861184,4301440,False
109,76,94.200000,0.254994,12.381622,2.084526,2.014516,3.123836,3.928149,10.567759,0.855263,0.959822,0.582587,3.561670,1166.334204,10.996551,0.009428,32724992,32724992,861184,3356600,False
110,77,94.200000,0.236163,12.444850,2.349529,2.045123,3.538325,4.824031,10.476367,0.987013,0.994625,0.520111,3.561670,1172.241741,10.473191,0.008934,33155584,33155584,861184,2947360,False
111,89,94.200000,0.245991,12.449386,1.887837,1.839890,2.895279,3.415192,4.565258,0.887640,0.950082,0.596050,3.561670,1172.695608,12.114424,0.010330,38322688,38322688,861184,3834220,False
112,102,94.200000,0.242662,12.408083,2.125207,2.108805,3.480508,3.747651,8.687758,0.882353,0.963756,0.557738,3.561670,1168.710913,12.541414,0.010731,43920384,43920384,861184,4049760,False
113,94,94.200000,0.235253,12.407429,1.983967,2.035366,2.773163,3.193847,4.777401,0.925532,0.965252,0.562155,3.561670,1168.687111,12.387408,0.010599,40475648,40475648,861184,3866200,False
114,93,94.200000,0.257193,12.463506,2.073671,1.943546,3.221418,3.423167,4.251306,0.935484,0.975632,0.545341,3.561670,1174.022360,12.065064,0.010277,40045056,40045056,861184,3910660,False
115,91,94.200000,0.231025,12.391773,2.150943,1.940964,3.609863,4.052005,5.366814,0.934066,0.978745,0.545841,3.561670,1167.200211,11.910253,0.010204,39183872,39183872,861184,3627000,False
116,85,94.200000,0.246955,12.378937,2.090950,1.839612,3.117692,3.914795,7.143738,0.894118,0.981115,0.573496,3.561670,1166.024121,11.486789,0.009851,36600320,36600320,861184,3648580,False
117,94,94.200000,0.222342,12.362346,2.196754,2.043471,3.482502,4.657945,7.263240,0.882979,0.952511,0.546914,3.561670,1164.541200,11.622973,0.009981,40475648,40475648,861184,3094000,False
118,93,94.200000,0.233412,12.434048,2.022568,1.867558,3.029831,3.638543,6.305043,0.924731,0.976330,0.572374,3.561670,1171.203932,12.277331,0.010483,40045056,40045056,861184,3992300,False
119,118,94.200000,0.236468,12.391847,2.048597,1.870527,3.371353,3.679382,7.014876,0.889831,0.958948,0.574108,3.561670,1167.192483,14.133417,0.012109,50809856,50809856,861184,4665700,False
120,90,94.200000,0.238551,12.417077,2.053572,2.033859,3.048410,3.611616,4.625416,0.900000,0.974731,0.557349,3.561670,1169.607865,12.045324,0.010299,38753280,38753280,861184,3886740,False
121,83,94.200000,0.251697,12.396964,2.252553,2.041823,3.914375,4.089313,6.283473,0.915663,0.978107,0.538670,3.561670,1167.750105,10.807105,0.009255,35739136,35739136,861184,3547440,False
122,92,94.200000,0.247666,12.397779,1.968456,1.988920,2.918072,3.267319,3.894215,0.891304,0.956006,0.571484,3.561670,1167.847420,11.888009,0.010179,39614464,39614464,861184,4215120,False
123,101,94.200000,0.226822,12.380824,2.179055,2.052971,3.531074,4.025334,5.980420,0.940594,0.967769,0.544955,3.561670,1166.191246,12.761324,0.010943,43489792,43489792,861184,3851380,False
124,81,94.200000,0.235399,12.380414,2.156466,2.103506,3.287865,3.843066,4.952564,0.950617,0.977768,0.538612,3.561670,1166.214525,10.852403,0.009306,34877952,34877952,861184,3170180,False
125,99,94.200000,0.232873,12.431096,2.204825,2.027023,3.623279,4.016385,5.236368,0.949495,0.970526,0.525540,3.561670,1170.907235,12.258663,0.010469,42628608,42628608,861184,3901040,False
126,121,94.200000,0.253582,12.345966,1.941589,1.867362,3.142303,3.589178,4.905679,0.876033,0.958427,0.597330,3.561670,1162.873068,15.438698,0.013276,52101632,52101632,861184,5998200,False
127,82,94.200000,0.255449,12.375609,2.008505,1.915424,3.203897,3.859784,4.809814,0.890244,0.962664,0.585303,3.561670,1165.788629,11.768631,0.010095,35308544,35308544,861184,4164160,False
128,89,94.200000,0.254732,12.383964,1.983431,1.774572,3.215367,4.407961,5.471810,0.820225,0.945041,0.605924,3.561670,1166.519801,11.390808,0.009765,38322688,38322688,861184,4171440,False
129,93,94.200000,0.248010,12.445096,2.186824,1.991095,3.875015,4.310456,5.987314,0.870968,0.954435,0.559180,3.561670,1172.276132,11.702911,0.009983,40045056,40045056,861184,4047680,False
130,102,94.200000,0.236242,12.410306,2.166018,1.880313,3.670942,3.980657,8.766068,0.931373,0.959058,0.548343,3.561670,1168.962194,12.480739,0.010677,43920384,43920384,861184,4199520,False
131,105,94.200000,0.212469,12.399198,2.209603,2.067528,3.020022,4.130787,19.180437,0.904762,0.943290,0.547209,3.561670,1167.941378,12.214131,0.010458,45212160,45212160,861184,3854240,False
132,98,94.200000,0.248635,12.432575,1.995777,2.017880,2.970948,3.260867,5.401340,0.857143,0.922873,0.575257,3.561670,1171.077729,12.328386,0.010527,42198016,42198016,861184,4661800,False
133,105,94.200000,0.216601,12.389643,2.208353,1.856311,3.466018,4.780965,21.968836,0.857143,0.926658,0.582678,3.561670,1166.973324,12.757611,0.010932,45212160,45212160,861184,4412720,False
134,81,94.200000,0.255838,12.413310,2.129716,1.983054,3.819053,3.968472,5.073794,0.925926,0.948552,0.548448,3.561670,1169.192132,10.976255,0.009388,34877952,34877952,861184,3569540,False
135,77,94.200000,0.235427,12.439170,1.993311,1.934916,3.385302,3.495488,5.017269,0.883117,0.944470,0.581537,3.561670,1171.740659,10.297555,0.008788,33155584,33155584,861184,3407040,False
136,98,94.200000,0.208698,12.391155,2.088823,1.917416,3.296006,3.908345,5.862662,0.897959,0.960059,0.562501,3.561670,1167.183466,12.109026,0.010375,42198016,42198016,861184,3911440,False
137,104,94.200000,0.248601,12.438504,2.294906,1.976931,3.755498,4.895885,8.933393,0.894231,0.966874,0.553914,3.561670,1171.632958,12.796531,0.010922,44781568,44781568,861184,4586920,False
138,82,94.200000,0.236127,12.437268,2.276700,2.076632,3.503320,4.414565,7.152506,0.926829,0.967440,0.520901,3.561670,1171.596774,10.624608,0.009068,35308544,35308544,861184,3300700,False
139,94,94.200000,0.208998,12.429607,2.206030,2.100410,3.622938,4.348453,5.551811,0.904255,0.942725,0.538574,3.561670,1170.744980,11.471518,0.009798,40475648,40475648,861184,3276520,False
140,105,94.200000,0.222677,12.423610,2.264122,2.058350,3.583178,4.538889,6.124218,0.942857,0.976433,0.541961,3.561670,1170.195963,13.115102,0.011208,45212160,45212160,861184,4251780,False
141,85,94.200000,0.229417,12.461629,2.232337,2.089892,3.745244,4.907254,6.436428,0.894118,0.963390,0.551748,3.561670,1173.813392,10.776988,0.009181,36600320,36600320,861184,3523520,False
142,92,94.200000,0.223726,12.385497,2.132932,1.997147,3.670236,4.192068,6.545573,0.869565,0.930964,0.562333,3.561670,1166.641343,11.249093,0.009642,39614464,39614464,861184,3889080,False
143,85,94.200000,0.237511,12.437599,2.148460,1.990699,3.336960,4.130005,5.888416,0.917647,0.953577,0.539005,3.561670,1171.569082,10.805497,0.009223,36600320,36600320,861184,3397680,False
144,101,94.200000,0.227916,12.386520,2.321123,2.124012,3.934778,4.859494,6.279125,0.910891,0.969145,0.527396,3.561670,1166.688990,11.896451,0.010197,43489792,43489792,861184,4011540,False
145,91,94.200000,0.225296,12.379029,2.317603,2.088907,3.850575,4.398246,5.842355,0.934066,0.971567,0.514878,3.561670,1166.114852,11.174293,0.009582,39183872,39183872,861184,3414060,False
146,99,94.200000,0.227994,12.424763,1.973571,1.836430,3.087281,3.957923,6.584734,0.878788,0.933800,0.592198,3.561670,1170.421764,12.543103,0.010717,42628608,42628608,861184,4530500,False
147,84,94.200000,0.240273,12.425920,2.061010,1.948720,3.289084,3.964586,5.391131,0.857143,0.946933,0.570624,3.561670,1170.460934,10.963726,0.009367,36169728,36169728,861184,3663400,False
148,94,94.200000,0.242593,12.423875,2.141190,1.891696,3.791220,4.010228,8.201229,0.893617,0.941767,0.566310,3.561670,1170.245602,11.895835,0.010165,40475648,40475648,861184,4399720,False
149,86,94.200000,0.213700,12.407289,2.092311,2.108145,3.461164,3.692655,5.042113,0.872093,0.939436,0.562172,3.561670,1168.733615,11.029632,0.009437,37030912,37030912,861184,3590600,False
150,101,94.200000,0.236177,12.403965,2.055231,1.698593,3.645397,4.043879,6.905170,0.881188,0.957765,0.590155,3.561670,1168.419732,12.145575,0.010395,43489792,43489792,861184,4490720,False
151,108,94.200000,0.241369,12.418862,2.320709,1.959988,4.088386,5.186494,9.488094,0.842593,0.944040,0.554930,3.561670,1169.754079,12.272934,0.010492,46503936,46503936,861184,4832100,False
152,84,94.200000,0.195214,12.342819,2.187782,2.063058,3.644473,4.820681,5.546521,0.857143,0.925117,0.556157,3.561670,1162.683906,9.971508,0.008576,36169728,36169728,861184,2802800,False
153,87,94.200000,0.247801,12.438472,2.175157,2.044261,3.388026,3.989940,5.645940,0.885057,0.962456,0.546320,3.561670,1171.662534,11.361938,0.009697,37461504,37461504,861184,3906500,False
154,95,94.200000,0.208553,12.417560,2.125995,1.807839,3.756485,4.836196,8.651917,0.852632,0.931508,0.578065,3.561670,1169.689613,11.461728,0.009799,40906240,40906240,861184,3780400,False
155,86,94.200000,0.214754,12.404727,2.418638,2.131811,4.458364,5.187280,10.915406,0.872093,0.960742,0.544266,3.561670,1168.495052,10.459196,0.008951,37030912,37030912,861184,3040960,False
156,101,94.200000,0.222508,12.372904,2.105771,1.988099,3.261259,4.225589,5.322205,0.861386,0.945684,0.564065,3.561670,1165.476042,12.249807,0.010511,43489792,43489792,861184,4175860,False
157,88,94.200000,0.230249,12.448957,2.231720,1.988680,3.801479,4.627896,7.198572,0.909091,0.970205,0.556666,3.561670,1172.639169,11.508951,0.009815,37892096,37892096,861184,4074720,False
158,85,94.200000,0.226244,12.429228,2.337572,2.108386,3.877895,4.111947,5.146917,0.929412,0.978804,0.522089,3.561670,1170.720772,11.172817,0.009544,36600320,36600320,861184,3534180,False
159,103,94.200000,0.216535,12.374558,2.139325,1.930321,4.150182,4.914425,6.215750,0.844660,0.900294,0.566172,3.561670,1165.614079,11.848683,0.010165,44350976,44350976,861184,4043260,False
160,97,94.200000,0.216809,12.388545,2.189016,2.024639,3.840720,4.601864,7.483591,0.855670,0.921437,0.563477,3.561670,1166.897476,11.237020,0.009630,41767424,41767424,861184,3696940,False
161,100,94.200000,0.255250,12.406898,2.318891,2.139389,3.412842,4.447659,10.288804,0.890000,0.969430,0.531997,3.561670,1168.695681,12.011580,0.010278,43059200,43059200,861184,4314700,False
162,94,94.200000,0.223856,12.427188,2.105270,1.895986,3.692611,4.294700,10.149962,0.882979,0.931587,0.584595,3.561670,1170.581390,11.620450,0.009927,40475648,40475648,861184,3972800,False
163,103,94.200000,0.231542,12.443399,2.125670,2.021379,3.337212,3.535602,5.451756,0.893204,0.957960,0.550468,3.561670,1172.130543,12.236912,0.010440,44350976,44350976,861184,4452760,False
164,92,94.200000,0.208371,12.415835,2.332370,2.013385,4.087811,4.651514,9.848625,0.858696,0.942210,0.538827,3.561670,1169.463855,11.150681,0.009535,39614464,39614464,861184,3580980,False
165,94,94.200000,0.227577,12.414620,2.424540,1.957034,4.872870,5.362667,7.153004,0.925532,0.970196,0.516149,3.561670,1169.414235,11.379613,0.009731,40475648,40475648,861184,3620500,False
166,91,94.200000,0.209616,12.380180,2.056115,1.957390,3.321137,4.075458,6.841284,0.846154,0.931581,0.583114,3.561670,1166.127711,10.734710,0.009205,39183872,39183872,861184,3678480,False
167,101,94.200000,0.229130,12.414060,2.343689,2.052033,4.048109,4.831358,12.365797,0.861386,0.916877,0.545516,3.561670,1169.436155,11.379729,0.009731,43489792,43489792,861184,3616080,False
168,85,94.200000,0.212604,12.364060,2.527624,2.320914,4.699720,5.035467,8.878664,0.905882,0.937900,0.501342,3.561670,1164.645975,10.074431,0.008650,36600320,36600320,861184,2656420,False
169,96,94.200000,0.230325,12.343928,2.194853,1.811881,3.711164,4.414416,7.847542,0.895833,0.954624,0.556048,3.561670,1162.722725,11.710001,0.010071,41336832,41336832,861184,4126460,False
170,98,94.200000,0.226212,12.407510,2.120924,1.946083,3.489839,4.238754,9.896982,0.846939,0.934674,0.573688,3.561670,1168.705704,11.608741,0.009933,42198016,42198016,861184,4244500,False
171,91,94.200000,0.239139,12.370471,2.179361,2.105611,3.672874,4.246006,7.564491,0.901099,0.943753,0.556747,3.561670,1165.283597,11.121150,0.009544,39183872,39183872,861184,3745300,False
172,89,94.200000,0.227251,12.378386,2.278187,2.100661,3.371014,4.782347,9.974330,0.887640,0.944216,0.542427,3.561670,1165.926762,10.910618,0.009358,38322688,38322688,861184,3689920,False
173,101,94.200000,0.229107,12.362731,2.043895,1.912615,3.514500,3.783751,6.441318,0.841584,0.922433,0.578385,3.561670,1164.518503,11.783327,0.010119,43489792,43489792,861184,4281160,False
174,105,94.200000,0.261288,12.428668,2.570962,2.089707,4.482980,5.277366,15.538352,0.914286,0.959914,0.522695,3.561670,1170.759431,12.411179,0.010601,45212160,45212160,861184,4543240,False
175,91,94.200000,0.228150,12.412436,2.220826,1.768698,4.077385,4.972548,8.122506,0.857143,0.942071,0.584032,3.561670,1169.139752,11.651672,0.009966,39183872,39183872,861184,4229680,False
176,94,94.200000,0.211482,12.403507,2.102160,1.816301,3.970200,4.566252,11.262422,0.829787,0.918763,0.593057,3.561670,1168.330598,11.392575,0.009751,40475648,40475648,861184,3971500,False
177,94,94.200000,0.233900,12.390123,2.220153,1.922450,3.951954,4.542727,6.884636,0.904255,0.947862,0.559377,3.561670,1167.070487,11.631080,0.009966,40475648,40475648,861184,4217720,False
178,87,94.200000,0.226391,12.423784,2.322105,1.876415,3.882113,4.697126,18.106308,0.885057,0.938338,0.554564,3.561670,1170.255098,10.617635,0.009073,37461504,37461504,861184,3542760,False
179,103,94.200000,0.242496,12.385926,2.307304,1.957334,4.027255,5.473593,13.197828,0.873786,0.952411,0.564552,3.561670,1166.669407,12.557949,0.010764,44350976,44350976,861184,4606160,False
180,109,94.200000,0.228801,12.370232,1.988174,1.787687,3.738157,4.322183,6.718587,0.770642,0.880672,0.613717,3.561670,1165.259216,12.346000,0.010595,46934528,46934528,861184,4817800,False
181,100,94.200000,0.219366,12.399651,2.236847,1.947367,4.081236,4.832142,6.905814,0.860000,0.952475,0.561825,3.561670,1167.964865,12.093146,0.010354,43059200,43059200,861184,4306900,False
182,91,94.200000,0.202993,12.413740,2.239538,1.954336,3.914712,4.797081,8.908945,0.901099,0.950129,0.553397,3.561670,1169.299388,11.012997,0.009418,39183872,39183872,861184,3531840,False
183,93,94.200000,0.206245,12.465650,2.199418,1.821249,3.868688,4.625828,10.986341,0.903226,0.954367,0.558483,3.561670,1174.235146,11.258448,0.009588,40045056,40045056,861184,3479320,False
184,87,94.200000,0.230214,12.441602,2.060233,1.753987,3.842946,4.715305,7.734505,0.850575,0.916764,0.605336,3.561670,1171.975718,10.761556,0.009182,37461504,37461504,861184,3925740,False
185,103,94.200000,0.235909,12.425760,2.330794,2.114237,3.887105,4.659418,8.399129,0.873786,0.944467,0.533688,3.561670,1170.535165,11.967665,0.010224,44350976,44350976,861184,4364880,False
186,87,94.200000,0.249456,12.379594,1.868404,1.739183,3.131482,3.754226,5.566368,0.850575,0.939107,0.621264,3.561670,1166.072988,11.257479,0.009654,37461504,37461504,861184,4497220,False
187,105,94.200000,0.248421,12.427166,2.208639,2.081209,3.880500,4.271639,6.097921,0.885714,0.925147,0.552466,3.561670,1170.602932,12.408906,0.010600,45212160,45212160,861184,4773600,False
188,101,94.200000,0.217948,12.388542,2.258258,2.060653,3.492497,3.847590,12.453613,0.871287,0.931073,0.554130,3.561670,1166.898346,11.701342,0.010028,43489792,43489792,861184,4065880,False
189,97,94.200000,0.224073,12.388111,2.324029,1.894291,3.504394,5.081226,11.769749,0.865979,0.926390,0.562170,3.561670,1166.858477,11.406811,0.009776,41767424,41767424,861184,4183400,False
190,80,94.200000,0.242290,12.445986,2.369340,1.908603,4.085246,5.256127,8.830073,0.925000,0.958367,0.540777,3.561670,1172.326767,10.500717,0.008957,34447360,34447360,861184,3601260,False
191,101,94.200000,0.235486,12.363397,2.639149,2.072123,4.805049,6.245817,9.906008,0.900990,0.955865,0.507252,3.561670,1164.593896,11.646644,0.010001,43489792,43489792,861184,4053920,False
192,95,94.200000,0.233382,12.438487,2.327747,2.029189,4.254394,5.003520,7.832113,0.873684,0.935226,0.557441,3.561670,1171.655589,11.169337,0.009533,40906240,40906240,861184,3827980,False
193,85,94.200000,0.219807,12.373160,2.512356,1.997785,5.112372,6.187614,8.198767,0.882353,0.927588,0.534833,3.561670,1165.495717,10.100631,0.008666,36600320,36600320,861184,3391960,False
194,114,94.200000,0.218612,12.430449,2.132201,2.015992,4.099723,4.596323,7.767711,0.824561,0.901176,0.578115,3.561670,1170.868884,12.373083,0.010567,49087488,49087488,861184,4544800,False
195,90,94.200000,0.189731,12.406159,2.329007,1.998416,4.166268,4.848534,7.279956,0.855556,0.924517,0.550771,3.561670,1168.625604,10.322619,0.008833,38753280,38753280,861184,3104920,False
196,100,94.200000,0.220255,12.365945,2.347152,2.175279,4.179732,4.995442,7.883360,0.890000,0.945358,0.539377,3.561670,1164.859361,11.190461,0.009607,43059200,43059200,861184,3791580,False
197,80,94.200000,0.240829,12.351432,2.259538,1.797770,4.203943,4.795847,9.507952,0.900000,0.953137,0.570050,3.561670,1163.391200,10.267502,0.008825,34447360,34447360,861184,3501680,False
198,93,94.200000,0.231345,12.390721,2.305393,1.876345,4.350311,5.004220,9.310157,0.881720,0.947073,0.557832,3.561670,1167.138292,11.304372,0.009686,40045056,40045056,861184,4136340,False
199,89,94.200000,0.178051,12.424230,2.166655,1.856183,4.085498,4.951489,7.479099,0.775281,0.884372,0.592609,3.561670,1170.314076,9.825900,0.008396,38322688,38322688,861184,3055000,False
200,95,94.200000,0.253759,12.445063,2.466898,1.866751,3.791926,5.321993,14.698508,0.905263,0.949687,0.540090,3.561670,1172.259795,11.488241,0.009800,40906240,40906240,861184,4395040,False
201,89,94.200000,0.223665,12.420373,2.177887,1.990412,3.444581,4.308909,7.315197,0.876404,0.932293,0.551256,3.561670,1169.980756,10.665462,0.009116,38322688,38322688,861184,3495180,False
202,81,94.200000,0.223033,12.465880,2.275586,1.951131,4.032712,5.627379,6.312016,0.913580,0.949826,0.542208,3.561670,1174.197579,10.157108,0.008650,34877952,34877952,861184,3232320,False
203,74,94.200000,0.221435,12.463256,2.455841,2.147679,4.338775,6.014466,7.643255,0.891892,0.949841,0.530626,3.561670,1173.974656,9.591557,0.008170,31863808,31863808,861184,2976480,False
204,112,94.200000,0.255364,12.391607,2.525910,2.223053,4.029733,5.515913,13.125815,0.901786,0.953221,0.521783,3.561670,1167.279576,12.780248,0.010949,48226304,48226304,861184,4744480,False
205,94,94.200000,0.223328,12.343856,2.478652,2.094193,4.230831,5.368805,13.467809,0.872340,0.945586,0.533887,3.561670,1162.736977,10.970065,0.009435,40475648,40475648,861184,3442660,False
206,93,94.200000,0.223587,12.439987,2.546159,2.077562,4.914297,6.523129,11.435989,0.870968,0.928469,0.526134,3.561670,1171.762963,10.830126,0.009243,40045056,40045056,861184,3598400,False
207,91,94.200000,0.244861,12.402469,2.257967,2.056036,3.941064,4.810891,6.737476,0.835165,0.934819,0.564084,3.561670,1168.235097,10.872692,0.009307,39183872,39183872,861184,4210700,False
208,116,94.200000,0.234172,12.359685,2.179378,2.041558,3.778874,4.240018,6.771797,0.818966,0.919352,0.568492,3.561670,1164.187597,12.530666,0.010763,49948672,49948672,861184,4890080,False
209,89,94.200000,0.231097,12.400578,2.409266,2.167707,4.328761,5.237229,7.203092,0.887640,0.934171,0.524835,3.561670,1168.074340,10.492473,0.008983,38322688,38322688,861184,3688360,False
210,82,94.200000,0.229214,12.412823,2.248410,1.984802,3.882034,5.308519,5.562260,0.841463,0.935723,0.555866,3.561670,1169.245078,9.992540,0.008546,35308544,35308544,861184,3406000,False
211,86,94.200000,0.209214,12.370410,2.519816,2.059185,4.913766,5.978442,10.533628,0.848837,0.939117,0.536009,3.561670,1165.227381,10.208440,0.008761,37030912,37030912,861184,3313960,False
212,79,94.200000,0.249445,12.405577,2.305175,2.065243,4.047462,4.932119,8.275640,0.898734,0.960840,0.549909,3.561670,1168.545949,10.099824,0.008643,34016768,34016768,861184,3754400,False
213,96,94.200000,0.236287,12.406755,2.233792,1.921681,4.094552,4.821875,6.318837,0.781250,0.890624,0.573969,3.561670,1168.669027,10.941719,0.009363,41336832,41336832,861184,4263740,False
214,82,94.200000,0.246880,12.386934,2.337694,1.857124,4.806605,5.830148,9.844985,0.865854,0.932686,0.578361,3.561670,1166.724623,10.740994,0.009206,35308544,35308544,861184,3934320,False
215,97,94.200000,0.228606,12.347955,2.172709,2.072684,3.846465,4.579300,6.052543,0.804124,0.896524,0.562277,3.561670,1163.116402,10.780068,0.009268,41767424,41767424,861184,4280120,False
216,91,94.200000,0.244930,12.365401,2.196361,1.843434,4.057850,4.574437,7.197908,0.857143,0.944121,0.571353,3.561670,1164.819377,11.478524,0.009854,39183872,39183872,861184,4240860,False
217,74,94.200000,0.229445,12.392655,2.188173,2.002081,3.740138,4.260732,5.527353,0.878378,0.944893,0.551874,3.561670,1167.330917,9.520203,0.008156,31863808,31863808,861184,3047460,False
218,110,94.200000,0.234612,12.329652,2.454468,1.996863,4.639506,5.473671,8.932771,0.881818,0.943254,0.538109,3.561670,1161.460782,12.670293,0.010909,47365120,47365120,861184,5175820,False
219,90,94.200000,0.234756,12.412109,2.504687,2.147835,4.649404,5.128334,10.140368,0.922222,0.966762,0.513076,3.561670,1169.174452,11.233264,0.009608,38753280,38753280,861184,3805880,False
220,85,94.200000,0.262139,12.409679,2.550958,2.042271,4.573110,5.562967,12.261090,0.894118,0.955827,0.527440,3.561670,1168.926950,10.452335,0.008942,36600320,36600320,861184,3860480,False
221,81,94.200000,0.246921,12.425384,2.347877,1.814036,5.005937,5.504181,10.590045,0.864198,0.909064,0.564999,3.561670,1170.432476,9.640847,0.008237,34877952,34877952,861184,3424720,False
222,106,94.200000,0.240603,12.415812,2.310229,2.161810,3.596129,4.208691,11.234503,0.867925,0.931590,0.540277,3.561670,1169.535047,12.109003,0.010354,45642752,45642752,861184,4431960,False
223,94,94.200000,0.253480,12.400248,2.377977,1.951546,4.182032,5.826666,8.581003,0.936170,0.964677,0.543470,3.561670,1168.030348,11.663477,0.009986,40475648,40475648,861184,4394260,False
224,101,94.200000,0.237895,12.421786,2.377580,2.175443,3.965120,5.351909,7.206402,0.881188,0.946660,0.538239,3.561670,1170.028730,11.776381,0.010065,43489792,43489792,861184,4476420,False
225,102,94.200000,0.237583,12.413319,2.587636,2.160014,5.151744,6.350248,7.632143,0.852941,0.916411,0.529646,3.561670,1169.292331,11.054294,0.009454,43920384,43920384,861184,3657160,False
226,95,94.200000,0.239796,12.404760,2.485402,2.034623,4.859429,6.413718,13.866303,0.831579,0.911876,0.557481,3.561670,1168.480032,10.848489,0.009284,40906240,40906240,861184,4048720,False
227,87,94.200000,0.252704,12.442975,2.236044,1.665891,4.113180,5.713053,7.359750,0.850575,0.919922,0.585773,3.561670,1172.090864,10.806544,0.009220,37461504,37461504,861184,4143880,False
228,91,94.200000,0.256639,12.364276,2.765280,2.282727,5.461001,6.333146,13.357842,0.912088,0.938235,0.495263,3.561670,1164.643631,10.955150,0.009406,39183872,39183872,861184,3834220,False
229,92,94.200000,0.207280,12.399151,2.496329,1.982529,4.637699,6.502821,11.446421,0.815217,0.877378,0.549886,3.561670,1168.025087,10.051938,0.008606,39614464,39614464,861184,2971280,False
230,97,94.200000,0.258166,12.373753,2.500321,2.102182,4.545656,5.885389,9.471540,0.886598,0.946530,0.537665,3.561670,1165.520016,11.354139,0.009742,41767424,41767424,861184,4312100,False
231,87,94.200000,0.245661,12.408598,2.598595,2.009136,5.325204,5.879376,9.609365,0.850575,0.930600,0.533925,3.561670,1168.855093,10.440979,0.008933,37461504,37461504,861184,3618160,False
232,84,94.200000,0.219477,12.380400,2.171589,1.944371,3.826490,5.263589,5.867262,0.857143,0.932688,0.566970,3.561670,1166.177319,10.193997,0.008741,36169728,36169728,861184,3594500,False
233,93,94.200000,0.236523,12.378214,2.096774,1.770175,3.587534,4.194891,5.864341,0.881720,0.945586,0.578825,3.561670,1165.921313,11.290327,0.009684,40045056,40045056,861184,4417920,False
234,99,94.200000,0.249345,12.393620,2.289248,1.933446,4.096971,5.495249,7.553288,0.868687,0.950063,0.566428,3.561670,1167.410903,11.887070,0.010182,42628608,42628608,861184,4872660,False
235,85,94.200000,0.228608,12.398584,2.655647,2.192120,4.997526,6.919377,10.262594,0.905882,0.944451,0.515325,3.561670,1167.861892,9.845940,0.008431,36600320,36600320,861184,3190720,False
236,99,94.200000,0.248641,12.373582,2.283812,2.019520,4.411508,5.321814,7.110191,0.838384,0.925380,0.561829,3.561670,1165.554338,11.467766,0.009839,42628608,42628608,861184,4434040,False
237,97,94.200000,0.224745,12.417398,2.383897,1.904650,4.782685,5.959924,7.519726,0.783505,0.892147,0.571792,3.561670,1169.672383,10.953304,0.009364,41767424,41767424,861184,4236960,False
238,89,94.200000,0.220462,12.385113,2.209946,1.999764,3.813983,4.472600,6.177999,0.865169,0.931818,0.567065,3.561670,1166.681274,10.757135,0.009220,38322688,38322688,861184,3801460,False
239,87,94.200000,0.233706,12.415041,2.230872,1.983516,4.687849,4.978665,6.563475,0.770115,0.884353,0.573057,3.561670,1169.433588,9.937366,0.008498,37461504,37461504,861184,3764280,False
240,91,94.200000,0.272350,12.407111,2.394084,2.145561,4.577276,4.910278,9.690044,0.868132,0.939833,0.543367,3.561670,1168.690589,11.145462,0.009537,39183872,39183872,861184,4234620,False
241,89,94.200000,0.234705,12.404088,2.342446,1.896095,4.481607,5.923966,8.226669,0.831461,0.911280,0.570313,3.561670,1168.432973,10.572804,0.009049,38322688,38322688,861184,3890900,False
242,96,94.200000,0.246591,12.402996,2.532642,1.974560,4.111959,6.910761,16.480035,0.864583,0.940642,0.548379,3.561670,1168.323439,11.262482,0.009640,41336832,41336832,861184,4121780,False
243,92,94.200000,0.255835,12.401964,2.623148,2.063452,4.598084,6.250446,12.764143,0.836957,0.910238,0.543409,3.561670,1168.205481,10.610812,0.009083,39614464,39614464,861184,3704480,False
244,85,94.200000,0.248046,12.397190,2.299246,1.796516,4.380420,5.298967,10.565843,0.870588,0.926696,0.571988,3.561670,1167.775476,10.466513,0.008963,36600320,36600320,861184,3764540,False
245,98,94.200000,0.247198,12.436062,2.575100,2.133221,4.435979,6.098200,9.333000,0.867347,0.920413,0.510827,3.561670,1171.487000,10.828479,0.009243,42198016,42198016,861184,3908580,False
246,88,94.200000,0.229498,12.404616,2.434084,2.224591,4.611267,6.074446,7.933412,0.806818,0.875315,0.545177,3.561670,1168.517727,9.711714,0.008311,37892096,37892096,861184,3432260,False
247,85,94.200000,0.234117,12.391241,2.386416,2.093698,4.586505,5.482571,6.944215,0.835294,0.923362,0.547923,3.561670,1167.206744,10.146899,0.008693,36600320,36600320,861184,3428360,False
248,104,94.200000,0.243987,12.420262,2.617229,2.238605,4.997719,6.068281,10.935681,0.875000,0.942450,0.518028,3.561670,1169.949282,11.277644,0.009639,44781568,44781568,861184,4269200,False
249,107,94.200000,0.256693,12.377455,2.503247,2.088885,5.339154,5.954035,9.137349,0.859813,0.941742,0.534235,3.561670,1165.929379,12.083574,0.010364,46073344,46073344,861184,4773080,False
250,89,94.200000,0.218403,12.368491,2.513313,2.061374,4.619701,6.675218,10.548415,0.887640,0.927591,0.542776,3.561670,1165.023665,10.359873,0.008892,38322688,38322688,861184,3554460,False
251,101,94.200000,0.242798,12.410082,2.526047,1.970567,4.866683,6.168171,8.917827,0.851485,0.915716,0.538270,3.561670,1168.950099,11.560261,0.009889,43489792,43489792,861184,4124380,False
252,102,94.200000,0.240922,12.404836,2.405821,1.923400,4.418979,6.175202,10.352915,0.803922,0.908751,0.564551,3.561670,1168.473690,11.468164,0.009815,43920384,43920384,861184,4250480,False
253,100,94.200000,0.268126,12.411345,2.586946,2.142901,5.380137,6.911146,14.154714,0.800000,0.893540,0.558942,3.561670,1169.017242,11.139399,0.009529,43059200,43059200,861184,4832880,False
254,86,94.200000,0.215695,12.405211,2.433349,2.104292,5.203890,5.646256,9.947246,0.813953,0.888969,0.557588,3.561670,1168.479785,9.858764,0.008437,37030912,37030912,861184,3369080,False
255,116,94.200000,0.256393,12.417809,2.682726,2.367118,4.503277,6.349893,16.816742,0.862069,0.927039,0.526723,3.561670,1169.700598,12.229987,0.010456,49948672,49948672,861184,4874220,False
256,91,94.200000,0.248821,12.385596,2.552393,2.060011,4.618571,5.432954,15.745706,0.857143,0.938292,0.540387,3.561670,1166.607281,10.752156,0.009217,39183872,39183872,861184,3992820,False
257,88,94.200000,0.231414,12.441167,2.311062,2.307742,3.793546,4.766405,11.034027,0.863636,0.925017,0.549434,3.561670,1171.899317,10.448385,0.008916,37892096,37892096,861184,3772860,False
258,88,94.200000,0.231640,12.384747,2.547521,2.169908,4.818435,5.627724,9.420962,0.909091,0.960367,0.530019,3.561670,1166.567229,10.567678,0.009059,37892096,37892096,861184,3970720,False
259,89,94.200000,0.274305,12.380300,2.575586,2.053480,5.078247,6.581643,8.918814,0.865169,0.937515,0.537235,3.561670,1166.207009,10.678741,0.009157,38322688,38322688,861184,4032340,False
260,96,94.200000,0.251405,12.396188,2.252552,1.995257,3.836878,5.482216,12.015136,0.770833,0.883114,0.592243,3.561670,1167.642097,11.025631,0.009443,41336832,41336832,861184,4653220,False
261,87,94.200000,0.216382,12.424545,2.513954,2.271835,4.758764,5.514029,11.215637,0.850575,0.909522,0.530727,3.561670,1170.351571,10.145754,0.008669,37461504,37461504,861184,3251300,False
262,93,94.200000,0.245952,12.418709,2.289763,1.813957,4.822479,5.241269,7.311671,0.849462,0.927856,0.563065,3.561670,1169.798100,10.997932,0.009402,40045056,40045056,861184,4710420,False
263,86,94.200000,0.247434,12.405927,2.241704,1.920118,3.941474,5.509697,8.696709,0.825581,0.913444,0.583400,3.561670,1168.618177,10.322427,0.008833,37030912,37030912,861184,4146220,False
264,123,94.200000,0.235014,12.355594,2.382504,2.105366,4.478873,5.581592,7.435037,0.845528,0.917260,0.546849,3.561670,1163.854863,12.418313,0.010670,52962816,52962816,861184,5023200,False
265,99,94.200000,0.271203,12.467637,2.535917,2.051076,4.682972,5.500199,10.839835,0.858586,0.911853,0.529092,3.561670,1174.363445,11.125995,0.009474,42628608,42628608,861184,4624360,False
266,113,94.200000,0.230648,12.406476,2.698630,2.309886,4.839340,6.384364,13.283511,0.858407,0.916085,0.514439,3.561670,1168.567414,11.818704,0.010114,48656896,48656896,861184,4232280,False
267,90,94.200000,0.218522,12.388857,2.465549,2.125169,5.161892,6.058548,7.600577,0.833333,0.887656,0.536900,3.561670,1166.951774,9.918007,0.008499,38753280,38753280,861184,3326180,False
268,99,94.200000,0.240034,12.383130,2.859931,2.402237,5.824181,6.567110,9.681754,0.939394,0.974721,0.478793,3.561670,1166.478679,11.232141,0.009629,42628608,42628608,861184,3918200,False
269,81,94.200000,0.250432,12.399877,2.603479,1.952674,5.254872,6.048645,9.771670,0.938272,0.963952,0.531830,3.561670,1168.031834,10.172980,0.008710,34877952,34877952,861184,3645200,False
270,92,94.200000,0.253095,12.417751,2.482820,2.076509,4.758045,5.405237,7.338963,0.902174,0.970291,0.530052,3.561670,1169.723515,11.180818,0.009559,39614464,39614464,861184,4268160,False
271,92,94.200000,0.212524,12.434521,2.115455,1.995513,3.785202,4.217523,5.628774,0.782609,0.887171,0.590344,3.561670,1171.295660,10.626250,0.009072,39614464,39614464,861184,3983460,False
272,95,94.200000,0.233865,12.372569,2.451077,2.079248,4.455277,5.772089,10.415374,0.768421,0.888909,0.564519,3.561670,1165.462235,10.223987,0.008772,40906240,40906240,861184,3910140,False
273,95,94.200000,0.251029,12.368985,2.421512,1.943477,4.872177,5.347728,7.380618,0.842105,0.947416,0.545780,3.561670,1165.132689,11.346502,0.009738,40906240,40906240,861184,4733040,False
274,98,94.200000,0.250018,12.443523,2.266893,1.803954,4.342893,5.860248,11.856751,0.826531,0.918161,0.584317,3.561670,1172.138610,11.358080,0.009690,42198016,42198016,861184,4399980,False
275,82,94.200000,0.268980,12.429079,2.711848,2.164570,4.835094,5.824070,19.999427,0.829268,0.913615,0.537207,3.561670,1170.744141,9.750921,0.008329,35308544,35308544,861184,3705780,False
276,96,94.200000,0.245205,12.419196,2.341161,1.803229,4.450585,4.991599,11.069562,0.854167,0.938537,0.581351,3.561670,1169.808333,11.122245,0.009508,41336832,41336832,861184,4547140,False
277,97,94.200000,0.255477,12.381392,2.906388,2.194470,5.758264,7.553204,14.226365,0.865979,0.931389,0.514083,3.561670,1166.308768,11.050901,0.009475,41767424,41767424,861184,4008420,False
278,109,94.200000,0.243633,12.413715,2.799188,2.087355,6.132203,7.486957,15.569789,0.844037,0.901288,0.524789,3.561670,1169.318437,11.242321,0.009614,46934528,46934528,861184,4240600,False
279,81,94.200000,0.254818,12.378960,2.329232,2.098315,4.174757,5.800344,12.742798,0.839506,0.900396,0.584067,3.561670,1166.072423,9.748920,0.008360,34877952,34877952,861184,3465280,False
280,94,94.200000,0.227946,12.393362,2.367946,2.167132,3.983478,4.982662,8.857209,0.882979,0.943735,0.540504,3.561670,1167.463886,10.758327,0.009215,40475648,40475648,861184,4116580,False
281,89,94.200000,0.230879,12.439970,2.712660,2.264219,5.401180,7.339114,9.831423,0.831461,0.919803,0.522743,3.561670,1171.757972,10.122185,0.008638,38322688,38322688,861184,3451760,False
282,94,94.200000,0.237146,12.385161,2.746452,2.328084,5.493703,6.102790,7.524295,0.851064,0.925612,0.498165,3.561670,1166.634634,10.322343,0.008848,40475648,40475648,861184,3703960,False
283,100,94.200000,0.256658,12.392421,2.570870,1.975213,5.017227,5.667812,11.376435,0.870000,0.943018,0.534531,3.561670,1167.274597,11.194080,0.009590,43059200,43059200,861184,4506060,False
284,87,94.200000,0.243352,12.441601,2.827475,2.428270,6.030424,6.711682,7.257859,0.827586,0.892123,0.510078,3.561670,1171.992528,9.740000,0.008311,37461504,37461504,861184,3408080,False
285,112,94.200000,0.226769,12.457582,2.340909,1.858695,4.338209,5.911191,16.627335,0.794643,0.880105,0.578096,3.561670,1173.416081,11.671720,0.009947,48226304,48226304,861184,4564300,False
286,106,94.200000,0.258227,12.363384,2.753750,2.445197,5.013438,6.499496,9.392918,0.886792,0.950521,0.501244,3.561670,1164.634909,11.783570,0.010118,45642752,45642752,861184,4700020,False
287,97,94.200000,0.234925,12.383883,2.471715,1.973489,5.349924,6.659666,10.267912,0.835052,0.911196,0.572403,3.561670,1166.516753,11.149402,0.009558,41767424,41767424,861184,4392700,False
288,95,94.200000,0.278677,12.371424,2.710942,2.262644,5.007966,5.767051,10.693801,0.884211,0.955246,0.511937,3.561670,1165.337513,11.030773,0.009466,40906240,40906240,861184,4334200,False
289,96,94.200000,0.255410,12.415430,2.710597,2.394249,5.405676,6.638949,10.367740,0.822917,0.888498,0.521422,3.561670,1169.433373,10.452549,0.008938,41336832,41336832,861184,3842280,False
290,87,94.200000,0.219628,12.423363,2.347227,1.906123,4.727116,5.747039,12.174965,0.816092,0.873259,0.583260,3.561670,1170.303593,10.010557,0.008554,37461504,37461504,861184,3510520,False
291,92,94.200000,0.227033,12.399889,2.393844,2.177479,4.826373,5.741828,7.810381,0.826087,0.885733,0.550115,3.561670,1167.982790,10.068482,0.008620,39614464,39614464,861184,3578640,False
292,111,94.200000,0.242352,12.397004,2.598581,2.215814,4.610160,6.181435,10.355442,0.864865,0.942031,0.530247,3.561670,1167.731479,12.332090,0.010561,47795712,47795712,861184,4759820,False
293,97,94.200000,0.265657,12.398756,3.052256,2.170826,6.825503,9.459127,12.124984,0.845361,0.898091,0.512425,3.561670,1167.963493,10.768551,0.009220,41767424,41767424,861184,3816020,False
294,74,94.200000,0.259988,12.371203,2.706367,1.955165,4.678629,7.204134,12.549091,0.851351,0.943636,0.540655,3.561670,1165.351861,9.165677,0.007865,31863808,31863808,861184,3401320,False
295,91,94.200000,0.229919,12.423265,2.447364,2.244571,4.575346,5.042979,6.516608,0.835165,0.900799,0.538391,3.561670,1170.253909,10.199957,0.008716,39183872,39183872,861184,3663660,False
296,83,94.200000,0.259074,12.400518,2.844401,2.531570,5.390076,7.416496,11.311369,0.831325,0.923801,0.520482,3.561670,1168.060595,9.860038,0.008441,35739136,35739136,861184,3627260,False
297,84,94.200000,0.260575,12.425831,2.493643,1.801424,4.509946,5.653264,12.825145,0.833333,0.902930,0.568146,3.561670,1170.463849,10.351917,0.008844,36169728,36169728,861184,4073940,False
298,104,94.200000,0.260661,12.376059,2.656994,2.222584,4.788890,6.406623,11.979745,0.865385,0.924635,0.512838,3.561670,1165.714081,11.368615,0.009752,44781568,44781568,861184,4463940,False
299,101,94.200000,0.257506,12.370410,2.647909,2.173753,5.049111,5.981236,8.934652,0.861386,0.928480,0.517082,3.561670,1165.292007,11.230959,0.009638,43489792,43489792,861184,4254380,False
300,96,94.200000,0.263462,12.371514,3.022495,2.620379,6.305293,7.543149,10.605877,0.864583,0.924509,0.483043,3.561670,1165.302567,10.485995,0.008999,41336832,41336832,861184,3634540,False
301,88,94.200000,0.251810,12.440415,2.683731,2.114200,5.189348,5.823426,9.765251,0.909091,0.941785,0.497480,3.561670,1171.865862,10.200580,0.008705,37892096,37892096,861184,3367260,False
302,104,94.200000,0.260914,12.391613,2.502075,1.953894,4.400561,6.606079,14.614504,0.846154,0.916141,0.556373,3.561670,1167.357640,11.724202,0.010043,44781568,44781568,861184,4963140,False
303,83,94.200000,0.236599,12.409721,2.853172,2.085776,6.014732,6.660787,14.077274,0.855422,0.909809,0.529274,3.561670,1168.910579,9.799922,0.008384,35739136,35739136,861184,3363880,False
304,97,94.200000,0.279454,12.441836,3.040255,2.249547,6.638391,7.633333,12.973905,0.814433,0.909455,0.526850,3.561670,1172.012861,10.831356,0.009242,41767424,41767424,861184,4277520,False
305,96,94.200000,0.295993,12.408666,3.009755,2.225129,5.295647,6.768535,20.031412,0.843750,0.938408,0.513452,3.561670,1168.821003,11.039217,0.009445,41336832,41336832,861184,4299880,False
306,96,94.200000,0.273653,12.410597,2.720661,2.315145,4.955603,6.463149,10.771237,0.875000,0.923552,0.520338,3.561670,1169.052171,11.233748,0.009609,41336832,41336832,861184,4288700,False
307,71,94.200000,0.237636,12.397995,2.491726,2.491434,4.336193,5.139990,8.187211,0.788732,0.879496,0.529978,3.561670,1167.832454,8.680716,0.007433,30572032,30572032,861184,2705820,False
308,100,94.200000,0.259098,12.448124,2.587171,2.181423,4.797474,6.134413,10.187308,0.840000,0.909585,0.537128,3.561670,1172.577756,11.115665,0.009480,43059200,43059200,861184,4250740,False
309,95,94.200000,0.254525,12.445098,2.763021,2.317131,5.718308,6.227281,9.575817,0.863158,0.920967,0.498512,3.561670,1172.312310,10.885376,0.009285,40906240,40906240,861184,3863860,False
310,95,94.200000,0.250587,12.451092,2.625892,1.925324,5.015962,6.572163,11.353969,0.863158,0.937826,0.530928,3.561670,1172.854481,10.829386,0.009233,40906240,40906240,861184,4035460,False
311,91,94.200000,0.249799,12.417476,2.505376,2.170489,4.825267,6.734812,10.345317,0.791209,0.910103,0.567982,3.561670,1169.712109,10.810552,0.009242,39183872,39183872,861184,4218760,False
312,80,94.200000,0.237969,12.429275,2.500052,2.050741,4.886284,6.057807,10.676271,0.800000,0.900962,0.561192,3.561670,1170.758926,9.585038,0.008187,34447360,34447360,861184,3226600,False
313,98,94.200000,0.289526,12.405014,2.771775,2.315446,5.250835,5.913094,10.367725,0.908163,0.924840,0.501840,3.561670,1168.504632,10.810441,0.009252,42198016,42198016,861184,3994120,False
314,80,94.200000,0.250200,12.415871,2.919323,2.431090,5.679201,6.580297,10.167141,0.862500,0.913073,0.503721,3.561670,1169.551307,9.619994,0.008225,34447360,34447360,861184,3152240,False
315,95,94.200000,0.235681,12.417027,2.586196,1.877508,5.392143,7.324630,11.999543,0.778947,0.894939,0.567938,3.561670,1169.687554,10.586183,0.009050,40906240,40906240,861184,3810040,False
316,93,94.200000,0.252138,12.418208,2.792603,2.269465,6.178459,7.416927,15.519611,0.827957,0.908383,0.538059,3.561670,1169.688687,10.555516,0.009024,40045056,40045056,861184,4024280,False
317,97,94.200000,0.264902,12.393156,2.687420,2.132610,5.243952,6.827347,13.030983,0.793814,0.884950,0.548587,3.561670,1167.433869,10.159751,0.008703,41767424,41767424,861184,3715920,False
318,103,94.200000,0.289958,12.464887,3.076135,2.079159,6.537235,8.017380,15.274597,0.854369,0.917561,0.518126,3.561670,1174.107001,11.698149,0.009963,44350976,44350976,861184,4836000,False
319,106,94.200000,0.249363,12.463868,2.658598,2.128587,5.273858,6.152713,12.013732,0.849057,0.910598,0.537778,3.561670,1174.004825,11.318417,0.009641,45642752,45642752,861184,4402320,False
320,92,94.200000,0.283644,12.450159,2.496490,2.004222,4.620714,6.029147,14.155092,0.782609,0.914235,0.588336,3.561670,1172.719453,10.789534,0.009200,39614464,39614464,861184,4714580,False
321,93,94.200000,0.292776,12.404228,2.967638,2.204886,5.682365,8.302406,20.355519,0.838710,0.913012,0.540491,3.561670,1168.417146,10.685618,0.009145,40045056,40045056,861184,4272580,False
322,91,94.200000,0.272508,12.414698,2.606067,2.034284,5.521017,6.535974,9.684905,0.813187,0.926005,0.551678,3.561670,1169.436324,10.826960,0.009258,39183872,39183872,861184,4554160,False
323,109,94.200000,0.252702,12.425676,2.709351,1.882301,6.705057,7.570211,13.570936,0.798165,0.895400,0.571845,3.561670,1170.410842,12.162319,0.010391,46934528,46934528,861184,4954560,False
324,90,94.200000,0.294036,12.368437,2.877712,2.263927,5.915264,7.745030,9.808792,0.866667,0.930086,0.512521,3.561670,1165.122034,10.715555,0.009197,38753280,38753280,861184,4047160,False
325,96,94.200000,0.268606,12.421091,2.638427,1.924891,5.483785,7.244823,14.310070,0.802083,0.920775,0.559647,3.561670,1170.016061,10.791918,0.009224,41336832,41336832,861184,4397380,False
326,91,94.200000,0.242190,12.443709,2.783544,2.326719,5.397170,7.123309,10.873339,0.824176,0.886238,0.507896,3.561670,1172.132602,9.918533,0.008462,39183872,39183872,861184,3253120,False
327,91,94.200000,0.255599,12.391851,2.851671,2.519490,5.748646,6.189594,12.709258,0.846154,0.909793,0.512677,3.561670,1167.218504,10.285675,0.008812,39183872,39183872,861184,3623100,False
328,81,94.200000,0.269242,12.429898,2.831999,2.162067,6.411968,7.534899,15.376545,0.827160,0.914538,0.529339,3.561670,1170.817404,9.341008,0.007978,34877952,34877952,861184,3150940,False
329,92,94.200000,0.257855,12.437092,2.913914,2.533841,4.967667,6.593100,14.399140,0.913043,0.949536,0.492806,3.561670,1171.503297,10.697081,0.009131,39614464,39614464,861184,3487640,False
330,89,94.200000,0.249963,12.414371,2.814908,2.348712,5.109219,6.877357,19.078077,0.831461,0.908858,0.528570,3.561670,1169.377964,10.332301,0.008836,38322688,38322688,861184,3741400,False
331,90,94.200000,0.276399,12.407366,3.142612,2.129426,6.997848,9.637667,18.530357,0.833333,0.919792,0.541700,3.561670,1168.736156,10.319691,0.008830,38753280,38753280,861184,4077320,False
332,99,94.200000,0.276166,12.365814,2.575273,2.171904,5.463607,6.198660,7.878741,0.838384,0.925103,0.547238,3.561670,1164.779457,11.659274,0.010010,42628608,42628608,861184,4845360,False
333,92,94.200000,0.282172,12.394684,3.013384,2.237099,5.992393,8.226365,12.164589,0.847826,0.928310,0.505043,3.561670,1167.526981,10.473713,0.008971,39614464,39614464,861184,4037020,False
334,85,94.200000,0.264665,12.381129,2.989233,2.754020,5.277883,8.193922,14.464261,0.811765,0.869460,0.490025,3.561670,1166.271849,9.344919,0.008013,36600320,36600320,861184,2937480,False
335,86,94.200000,0.266061,12.437293,2.679805,1.996138,5.677666,6.438794,9.641809,0.860465,0.932399,0.543782,3.561670,1171.538476,10.236702,0.008738,37030912,37030912,861184,3857880,False
336,97,94.200000,0.255981,12.362615,2.771920,2.088391,4.693717,7.475515,18.916910,0.845361,0.911313,0.537042,3.561670,1164.491725,10.773812,0.009252,41767424,41767424,861184,3997500,False
337,91,94.200000,0.253335,12.395980,2.832926,2.094290,6.081955,7.270176,23.085284,0.780220,0.904466,0.551762,3.561670,1167.693285,10.479637,0.008975,39183872,39183872,861184,3862300,False
338,99,94.200000,0.245728,12.422611,2.778879,1.945033,5.433133,7.403635,14.951428,0.818182,0.906807,0.542514,3.561670,1170.177033,10.850724,0.009273,42628608,42628608,861184,4206540,False
339,80,94.200000,0.236117,12.365862,2.860096,2.034246,6.011895,6.694190,13.706287,0.787500,0.858137,0.534497,3.561670,1164.828402,8.944595,0.007679,34447360,34447360,861184,3016520,False
340,86,94.200000,0.256902,12.411404,2.982103,2.266046,5.753179,7.039515,16.461816,0.813953,0.899127,0.522570,3.561670,1169.140932,9.898751,0.008467,37030912,37030912,861184,3533920,False
341,98,94.200000,0.280466,12.394746,2.993084,2.388462,5.448211,7.468409,14.456616,0.867347,0.933436,0.488761,3.561670,1167.552927,10.771304,0.009226,42198016,42198016,861184,4005820,False
342,89,94.200000,0.268174,12.409272,2.800920,2.319759,6.052162,7.444599,8.878915,0.876404,0.910330,0.512019,3.561670,1168.876345,10.307359,0.008818,38322688,38322688,861184,3599960,False
343,106,94.200000,0.291874,12.472622,2.683280,2.253635,5.261665,7.230566,11.075003,0.792453,0.883386,0.540578,3.561670,1174.818610,11.355748,0.009666,45642752,45642752,861184,4928560,False
344,91,94.200000,0.287124,12.366152,2.875029,2.006760,5.725176,7.341324,9.997690,0.813187,0.903282,0.532370,3.561670,1164.814973,10.303768,0.008846,39183872,39183872,861184,4206280,False
345,121,94.200000,0.287191,12.430983,3.010861,2.266410,6.015930,7.842492,21.597374,0.834711,0.902325,0.523045,3.561670,1170.907623,12.463258,0.010644,52101632,52101632,861184,5295420,False
346,107,94.200000,0.281692,12.378592,2.996847,2.323649,6.724018,7.435103,10.441774,0.859813,0.932514,0.501660,3.561670,1166.029294,11.357523,0.009740,46073344,46073344,861184,4282460,False
347,99,94.200000,0.265418,12.391267,2.890270,2.076888,5.610666,7.625770,25.617820,0.828283,0.917527,0.548453,3.561670,1167.205107,10.830793,0.009279,42628608,42628608,861184,4395300,False
348,107,94.200000,0.291884,12.374961,2.933764,1.873084,6.600919,7.482590,29.854051,0.841121,0.920896,0.551632,3.561670,1165.635579,12.043274,0.010332,46073344,46073344,861184,4967300,False
349,91,94.200000,0.293471,12.398525,2.905196,2.402294,5.896877,7.102755,11.728041,0.824176,0.898228,0.516306,3.561670,1167.914674,10.360477,0.008871,39183872,39183872,861184,3955380,False
350,90,94.200000,0.299680,12.364684,2.832402,2.096921,5.646553,7.614666,12.763138,0.833333,0.903611,0.529056,3.561670,1164.803356,10.453588,0.008975,38753280,38753280,861184,4076540,False
351,86,94.200000,0.263761,12.436695,2.646014,2.158653,4.804690,6.254707,10.806008,0.848837,0.904937,0.535010,3.561670,1171.516255,10.037485,0.008568,37030912,37030912,861184,3837340,False
352,86,94.200000,0.275253,12.370544,3.959998,2.706171,8.915969,12.194591,16.292792,0.848837,0.913796,0.455312,3.561670,1165.277630,9.723490,0.008344,37030912,37030912,861184,3170700,False
353,104,94.200000,0.293659,12.410421,2.907202,2.132555,6.247889,8.020087,17.737867,0.826923,0.888932,0.539345,3.561670,1169.023655,11.080387,0.009478,44781568,44781568,861184,5096780,False
354,95,94.200000,0.270378,12.420080,2.970289,2.607733,5.934476,6.687253,12.005766,0.905263,0.934830,0.486263,3.561670,1169.900944,10.606382,0.009066,40906240,40906240,861184,4002180,False
355,97,94.200000,0.280470,12.382162,2.523793,2.022999,5.007172,6.430372,10.698819,0.783505,0.881180,0.568750,3.561670,1166.337892,11.028716,0.009456,41767424,41767424,861184,4660760,False
356,104,94.200000,0.291733,12.336798,2.963375,2.478789,6.090383,7.554705,10.657288,0.807692,0.893941,0.509029,3.561670,1162.021467,11.344163,0.009762,44781568,44781568,861184,4484480,False
357,93,94.200000,0.280467,12.406699,3.087677,2.708580,6.027633,7.137900,12.536363,0.827957,0.906298,0.501042,3.561670,1168.691523,10.457380,0.008948,40045056,40045056,861184,3855020,False
358,101,94.200000,0.294207,12.455589,3.101399,2.116687,6.475180,9.121577,26.943945,0.851485,0.918080,0.535673,3.561670,1173.277378,11.119123,0.009477,43489792,43489792,861184,4412720,False
359,88,94.200000,0.282902,12.381314,2.900696,2.364771,6.356897,8.040678,11.093146,0.784091,0.872341,0.552963,3.561670,1166.313532,9.839284,0.008436,37892096,37892096,861184,3811860,False
360,103,94.200000,0.286811,12.446343,2.965903,2.592182,6.261883,6.763368,11.726006,0.815534,0.900807,0.499941,3.561670,1172.387688,11.309263,0.009646,44350976,44350976,861184,4385420,False
361,88,94.200000,0.260730,12.394683,2.729122,2.068436,5.804217,7.224182,11.565398,0.806818,0.883709,0.559302,3.561670,1167.517191,10.001710,0.008567,37892096,37892096,861184,3908840,False
362,97,94.200000,0.311793,12.401078,3.078999,1.954724,5.661826,8.759977,23.384431,0.814433,0.911372,0.545923,3.561670,1168.146280,10.816207,0.009259,41767424,41767424,861184,4441840,False
363,93,94.200000,0.244597,12.397574,3.012687,2.183278,5.418253,7.331281,21.085180,0.795699,0.908237,0.531948,3.561670,1167.829285,10.283484,0.008806,40045056,40045056,861184,3798600,False
364,83,94.200000,0.274728,12.429660,2.976066,2.883014,5.301487,6.255334,10.917955,0.879518,0.924276,0.470230,3.561670,1170.846895,9.569945,0.008174,35739136,35739136,861184,3113760,False
365,113,94.200000,0.290112,12.387223,3.118389,2.295796,6.908520,8.178299,19.410074,0.831858,0.905916,0.521985,3.561670,1166.771388,11.653092,0.009987,48656896,48656896,861184,4864860,False
366,108,94.200000,0.268782,12.378653,2.879004,2.231242,6.452003,6.973360,23.793487,0.740741,0.870715,0.546991,3.561670,1165.996146,11.433260,0.009806,46503936,46503936,861184,5177900,False
367,100,94.200000,0.304711,12.405330,3.089894,2.198493,6.596395,9.409931,14.400504,0.850000,0.938108,0.504092,3.561670,1168.500607,11.279000,0.009653,43059200,43059200,861184,4487080,False
368,89,94.200000,0.304637,12.450192,3.447694,2.665829,6.419386,9.723386,15.893369,0.921348,0.963465,0.457003,3.561670,1172.849640,10.553963,0.008999,38322688,38322688,861184,3984760,False
369,86,94.200000,0.244193,12.450064,3.224806,2.485770,6.505469,7.928505,21.201306,0.779070,0.847995,0.514687,3.561670,1172.795620,9.358127,0.007979,37030912,37030912,861184,3313440,False
370,94,94.200000,0.289155,12.379698,3.018336,1.973548,6.758213,9.072177,16.169142,0.755319,0.864620,0.557622,3.561670,1166.131751,10.573985,0.009068,40475648,40475648,861184,4538820,False
371,96,94.200000,0.299109,12.404102,3.054108,2.208427,6.355120,7.686001,14.682166,0.812500,0.874634,0.521157,3.561670,1168.449685,10.449061,0.008943,41336832,41336832,861184,4327180,False
372,100,94.200000,0.284958,12.419227,3.010111,2.325578,6.000208,8.196844,14.683653,0.830000,0.909070,0.518309,3.561670,1169.847132,10.783515,0.009218,43059200,43059200,861184,4094740,False
373,100,94.200000,0.283616,12.435168,2.849104,2.094808,5.592585,7.290145,21.413672,0.820000,0.872654,0.540960,3.561670,1171.354522,10.467291,0.008936,43059200,43059200,861184,4001140,False
374,78,94.200000,0.285193,12.424316,2.583738,1.924335,5.308279,8.064919,13.957336,0.794872,0.891493,0.571543,3.561670,1170.288041,9.579032,0.008185,33586176,33586176,861184,3781440,False
375,102,94.200000,0.274469,12.410064,3.057494,2.241807,6.597775,8.103077,13.820125,0.764706,0.847984,0.525688,3.561670,1168.952689,10.629819,0.009093,43920384,43920384,861184,3870880,False
376,104,94.200000,0.276225,12.389190,3.236715,2.622351,6.452610,7.425511,15.055923,0.894231,0.954872,0.478931,3.561670,1167.012165,11.143398,0.009549,44781568,44781568,861184,4228900,False
377,100,94.200000,0.286519,12.366067,2.864780,2.342322,5.770339,6.377373,11.335472,0.810000,0.883259,0.515260,3.561670,1164.893455,10.561895,0.009067,43059200,43059200,861184,4066140,False
378,87,94.200000,0.331758,12.418640,3.215039,2.543374,6.264916,8.918055,17.390600,0.827586,0.899020,0.514990,3.561670,1169.800800,10.115793,0.008647,37461504,37461504,861184,3836300,False
379,93,94.200000,0.320492,12.399996,3.180417,2.548745,6.526827,7.279103,15.281830,0.881720,0.938613,0.477127,3.561670,1168.090615,10.872757,0.009308,40045056,40045056,861184,4053920,False
380,93,94.200000,0.285074,12.389327,3.535739,2.486918,8.485082,9.687490,14.052390,0.784946,0.854031,0.480079,3.561670,1167.037530,9.552233,0.008185,40045056,40045056,861184,3220880,False
381,94,94.200000,0.268863,12.384302,2.994032,2.448478,6.046041,7.205424,11.957478,0.808511,0.903658,0.506501,3.561670,1166.597316,10.333667,0.008858,40475648,40475648,861184,4091100,False
382,99,94.200000,0.291175,12.457116,3.241275,2.135985,7.757993,9.179360,12.538786,0.858586,0.921459,0.504108,3.561670,1173.433122,10.898934,0.009288,42628608,42628608,861184,4109300,False
383,92,94.200000,0.290409,12.367635,2.813698,2.521357,5.516203,6.487785,8.912115,0.826087,0.896156,0.505375,3.561670,1164.956609,10.370454,0.008902,39614464,39614464,861184,3786380,False
384,98,94.200000,0.284783,12.437128,2.904395,2.292217,6.408260,7.643627,10.379359,0.826531,0.895696,0.507124,3.561670,1171.512232,10.504722,0.008967,42198016,42198016,861184,3997500,False
385,97,94.200000,0.285865,12.428369,3.243874,2.627559,6.144617,7.785814,15.989847,0.896907,0.934439,0.474846,3.561670,1170.758020,10.867328,0.009282,41767424,41767424,861184,3940560,False
386,93,94.200000,0.257856,12.388988,2.580599,2.006254,5.238695,7.353128,10.942231,0.784946,0.862646,0.565379,3.561670,1166.892181,9.992040,0.008563,40045056,40045056,861184,3479060,False
387,87,94.200000,0.281353,12.416613,3.155234,2.923517,5.406463,9.177451,14.180064,0.827586,0.904561,0.497810,3.561670,1169.549309,9.879816,0.008448,37461504,37461504,861184,3717480,False
388,103,94.200000,0.297479,12.406950,2.891322,2.248853,5.658097,9.313537,14.433092,0.757282,0.897275,0.550832,3.561670,1168.673866,11.504263,0.009844,44350976,44350976,861184,5269420,False
389,94,94.200000,0.254406,12.445499,2.587930,2.026763,5.274765,6.249123,9.664038,0.797872,0.883549,0.556382,3.561670,1172.270536,10.531777,0.008984,40475648,40475648,861184,4216940,False
390,92,94.200000,0.294475,12.443729,3.022361,2.190492,5.613569,8.992575,18.235890,0.869565,0.928407,0.518157,3.561670,1172.115394,10.469594,0.008932,39614464,39614464,861184,4077320,False
391,89,94.200000,0.279730,12.375241,3.143321,2.606422,6.513681,7.523175,14.341882,0.865169,0.931642,0.484682,3.561670,1165.704406,10.050888,0.008622,38322688,38322688,861184,3637140,False
392,88,94.200000,0.333647,12.421273,3.287000,2.212179,6.512402,9.935845,22.166687,0.818182,0.927366,0.517635,3.561670,1170.049406,10.185827,0.008705,37892096,37892096,861184,4012840,False
393,97,94.200000,0.281570,12.364634,3.090183,2.406043,6.492779,7.195944,13.185454,0.824742,0.894013,0.497402,3.561670,1164.738422,10.319886,0.008860,41767424,41767424,861184,3800680,False
394,100,94.200000,0.298033,12.432687,3.327548,3.024393,5.893416,7.102324,16.972243,0.890000,0.926281,0.469959,3.561670,1171.172917,10.823256,0.009241,43059200,43059200,861184,3896880,False
395,110,94.200000,0.283213,12.366514,2.696573,2.070328,5.561719,8.211607,14.707446,0.763636,0.861125,0.564148,3.561670,1164.892813,11.404353,0.009790,47365120,47365120,861184,4634240,False
396,94,94.200000,0.277824,12.411100,3.269203,2.451570,5.620376,8.993777,19.031686,0.882979,0.946839,0.471809,3.561670,1169.047308,10.621547,0.009086,40475648,40475648,861184,3825120,False
397,85,94.200000,0.294890,12.362332,2.951592,2.220375,6.329047,7.192807,14.266093,0.870588,0.933436,0.508028,3.561670,1164.479045,10.087510,0.008663,36600320,36600320,861184,3669380,False
398,96,94.200000,0.252585,12.403022,2.875856,2.381807,6.552383,8.683092,14.475569,0.708333,0.815392,0.562371,3.561670,1168.278999,9.860576,0.008440,41336832,41336832,861184,3868540,False
399,91,94.200000,0.330229,12.391005,3.205504,2.155260,6.280400,7.929982,16.059072,0.879121,0.938107,0.509213,3.561670,1167.191666,10.832103,0.009280,39183872,39183872,861184,4169620,False
400,92,94.200000,0.334986,12.409898,3.898488,2.865830,8.213610,9.651523,34.010117,0.934783,0.950143,0.440187,3.561670,1168.987918,10.536052,0.009013,39614464,39614464,861184,3796780,False
401,93,94.200000,0.276406,12.355191,3.139430,2.960838,6.101340,6.727238,10.033164,0.860215,0.934436,0.474218,3.561670,1163.788241,10.364707,0.008906,40045056,40045056,861184,3966820,False
402,91,94.200000,0.325346,12.455038,3.020739,2.275083,6.067898,6.817434,17.523014,0.824176,0.902171,0.522559,3.561670,1173.251879,10.063035,0.008577,39183872,39183872,861184,4377100,False
403,91,94.200000,0.310727,12.423258,2.990657,2.138052,5.428461,7.427176,17.845217,0.835165,0.935778,0.543038,3.561670,1170.196098,10.490651,0.008965,39183872,39183872,861184,4444440,False
404,104,94.200000,0.267006,12.381857,3.191975,2.466536,6.419095,8.326666,11.244690,0.798077,0.861032,0.502776,3.561670,1166.335778,10.623785,0.009109,44781568,44781568,861184,3610620,False
405,91,94.200000,0.292583,12.399653,3.008056,2.300330,5.880658,7.645189,15.603774,0.791209,0.884976,0.525432,3.561670,1168.001475,10.069719,0.008621,39183872,39183872,861184,3953820,False
406,85,94.200000,0.252260,12.415672,2.863977,2.411842,6.247664,6.708568,11.275355,0.752941,0.847248,0.517150,3.561670,1169.537214,9.223376,0.007886,36600320,36600320,861184,3093740,False
407,98,94.200000,0.317034,12.441140,3.328084,2.512940,6.693112,9.413724,17.225742,0.826531,0.936065,0.510349,3.561670,1171.940683,10.686762,0.009119,42198016,42198016,861184,4640220,False
408,82,94.200000,0.295992,12.374266,3.241297,2.550101,6.851845,7.882165,16.065511,0.865854,0.950885,0.472865,3.561670,1165.604473,9.861483,0.008460,35308544,35308544,861184,3255460,False
409,99,94.200000,0.315976,12.415438,2.827819,2.173548,5.757634,8.079131,10.342585,0.767677,0.865725,0.532502,3.561670,1169.506502,10.618783,0.009080,42628608,42628608,861184,4403100,False
410,107,94.200000,0.321869,12.391824,3.413131,2.478581,7.236441,10.383238,20.680323,0.822430,0.887159,0.498640,3.561670,1167.242537,11.035418,0.009454,46073344,46073344,861184,4381780,False
411,108,94.200000,0.296251,12.411192,3.227325,2.701212,6.400757,7.365411,9.943190,0.861111,0.930407,0.461776,3.561670,1169.121573,11.140300,0.009529,46503936,46503936,861184,4228120,False
412,91,94.200000,0.296202,12.367640,2.766259,1.900631,6.141314,8.482287,18.155856,0.747253,0.868079,0.570645,3.561670,1164.981119,10.565987,0.009070,39183872,39183872,861184,4538820,False
413,95,94.200000,0.308992,12.431629,2.855175,2.136359,5.690104,7.982270,17.060612,0.842105,0.911813,0.539058,3.561670,1170.964615,10.790722,0.009215,40906240,40906240,861184,4617080,False
414,83,94.200000,0.294472,12.408364,3.786425,2.904243,8.553766,10.731680,16.675669,0.843373,0.874159,0.471455,3.561670,1168.806401,9.314744,0.007969,35739136,35739136,861184,2836080,False
415,91,94.200000,0.263373,12.444489,3.071654,2.250078,6.817554,8.564985,11.369892,0.769231,0.866824,0.518322,3.561670,1172.297495,9.665913,0.008245,39183872,39183872,861184,3323580,False
416,87,94.200000,0.292384,12.411663,2.908801,2.092124,6.230059,7.761460,12.195786,0.793103,0.873697,0.542975,3.561670,1169.115162,10.031065,0.008580,37461504,37461504,861184,4102540,False
417,89,94.200000,0.281467,12.412225,3.172615,2.290310,6.405516,8.852102,18.483655,0.786517,0.869350,0.508685,3.561670,1169.166151,9.430375,0.008066,38322688,38322688,861184,3101540,False
418,87,94.200000,0.283980,12.411126,3.021943,2.311562,5.347449,7.562487,25.922196,0.839080,0.907353,0.514781,3.561670,1169.139377,9.964637,0.008523,37461504,37461504,861184,3502200,False
419,99,94.200000,0.286092,12.407996,3.115975,2.066808,6.696799,9.990434,12.769281,0.828283,0.902460,0.520966,3.561670,1168.762330,10.864783,0.009296,42628608,42628608,861184,4429620,False
420,86,94.200000,0.308942,12.420338,3.642884,2.418935,7.249650,11.591187,25.735844,0.767442,0.863616,0.530076,3.561670,1170.003221,9.491300,0.008112,37030912,37030912,861184,3969420,False
421,83,94.200000,0.278583,12.383148,2.822850,2.050912,6.580864,8.742677,13.169953,0.771084,0.842819,0.557018,3.561670,1166.497767,9.567587,0.008202,35739136,35739136,861184,3544580,False
422,85,94.200000,0.270867,12.417418,2.939324,2.144679,6.134892,7.854476,11.931484,0.788235,0.842013,0.527968,3.561670,1169.645836,9.284654,0.007938,36600320,36600320,861184,3195140,False
423,99,94.200000,0.316296,12.427473,3.431636,2.369927,8.247308,10.023357,16.157820,0.848485,0.892559,0.500211,3.561670,1170.642778,10.493726,0.008964,42628608,42628608,861184,3850860,False
424,102,94.200000,0.293343,12.377839,2.830922,2.195367,6.601002,7.557155,13.593523,0.813725,0.882232,0.549383,3.561670,1165.945769,11.022350,0.009454,43920384,43920384,861184,4522700,False
425,86,94.200000,0.329376,12.380354,3.469692,2.656050,7.577757,9.072220,12.415146,0.906977,0.951561,0.466956,3.561670,1166.159813,10.372161,0.008894,37030912,37030912,861184,3754920,False
426,93,94.200000,0.338162,12.380618,3.086980,1.933610,6.998686,8.529498,18.706900,0.817204,0.921326,0.546221,3.561670,1166.220841,10.938387,0.009379,40045056,40045056,861184,4688060,False
427,82,94.200000,0.306584,12.394020,3.266863,2.671648,7.421867,8.526881,12.617611,0.829268,0.914447,0.502144,3.561670,1167.482217,9.598938,0.008222,35308544,35308544,861184,3852680,False
428,99,94.200000,0.328465,12.418976,3.183320,2.172809,6.720560,8.587739,23.110353,0.838384,0.901273,0.524026,3.561670,1169.832025,10.774413,0.009210,42628608,42628608,861184,4332120,False
429,119,94.200000,0.292871,12.436417,3.364740,2.271592,7.290073,11.699400,22.351060,0.789916,0.841730,0.526575,3.561670,1171.461681,11.116330,0.009489,51240448,51240448,861184,4669080,False
430,82,94.200000,0.284662,12.437899,2.663505,2.211630,5.757125,7.123166,10.458789,0.768293,0.852500,0.543418,3.561670,1171.588209,9.308290,0.007945,35308544,35308544,861184,3525860,False
431,87,94.200000,0.323733,12.410917,3.473882,2.638189,7.512767,9.898792,17.233193,0.885057,0.938241,0.477427,3.561670,1169.013586,10.187562,0.008715,37461504,37461504,861184,3707600,False
432,85,94.200000,0.340697,12.376355,4.126327,2.813112,9.013998,11.659388,26.935500,0.847059,0.904301,0.466443,3.561670,1165.837679,9.583107,0.008220,36600320,36600320,861184,3115320,False
433,103,94.200000,0.334526,12.414887,3.337600,2.051405,6.406239,10.157518,22.543518,0.815534,0.888057,0.531950,3.561670,1169.439105,10.871611,0.009296,44350976,44350976,861184,4580940,False
434,88,94.200000,0.310891,12.378991,3.462428,2.214487,9.004516,10.452163,16.414673,0.829545,0.898932,0.512654,3.561670,1166.069257,9.933737,0.008519,37892096,37892096,861184,3966820,False
435,102,94.200000,0.286796,12.439440,3.125503,2.332791,6.517230,8.856210,14.310934,0.803922,0.892529,0.514339,3.561670,1171.704144,10.870816,0.009278,43920384,43920384,861184,4289220,False
436,104,94.200000,0.300397,12.370500,3.095592,2.355785,6.400627,7.671446,21.413028,0.730769,0.818915,0.530856,3.561670,1165.274123,9.944063,0.008534,44781568,44781568,861184,3785080,False
437,94,94.200000,0.295220,12.468585,2.931699,2.447233,6.084199,7.376021,12.032549,0.829787,0.884499,0.515282,3.561670,1174.519829,10.431304,0.008881,40475648,40475648,861184,4106700,False
438,100,94.200000,0.311277,12.397938,2.982498,2.267193,6.202356,7.187613,12.018482,0.830000,0.905982,0.509628,3.561670,1167.857092,10.635803,0.009107,43059200,43059200,861184,4543500,False
439,85,94.200000,0.283788,12.420143,2.949454,2.332094,6.056510,7.231937,12.413342,0.811765,0.887798,0.518118,3.561670,1170.017478,9.509760,0.008128,36600320,36600320,861184,3601000,False
440,86,94.200000,0.331999,12.408304,3.086854,2.243475,5.785881,10.048836,14.550019,0.802326,0.899527,0.520370,3.561670,1168.726800,9.877621,0.008452,37030912,37030912,861184,4059640,False
441,97,94.200000,0.362076,12.431435,3.246728,1.723095,8.217956,11.429914,18.662268,0.804124,0.886662,0.578887,3.561670,1171.050280,11.161014,0.009531,41767424,41767424,861184,5038800,False
442,79,94.200000,0.330285,12.421808,3.281526,2.235889,6.826625,10.198296,21.574131,0.746835,0.856370,0.542737,3.561670,1170.094281,9.040217,0.007726,34016768,34016768,861184,3726580,False
443,101,94.200000,0.381273,12.404060,3.686518,2.384870,8.587481,11.284065,27.765237,0.811881,0.881374,0.506340,3.561670,1168.426391,10.795754,0.009240,43489792,43489792,861184,4357600,False
444,81,94.200000,0.325318,12.401951,3.166071,2.322124,6.616505,9.198476,12.605685,0.839506,0.926384,0.519711,3.561670,1168.196632,9.865105,0.008445,34877952,34877952,861184,3687320,False
445,103,94.200000,0.306432,12.438480,2.830081,1.913044,6.387182,7.315495,16.970887,0.776699,0.859260,0.554754,3.561670,1171.615063,10.824367,0.009239,44350976,44350976,861184,4564820,False
446,100,94.200000,0.331146,12.448146,4.141231,2.760658,8.950819,12.823082,39.307721,0.820000,0.880416,0.479917,3.561670,1172.566729,10.413144,0.008881,43059200,43059200,861184,3841760,False
447,98,94.200000,0.311583,12.438144,2.929339,2.166289,5.998408,8.174363,11.910189,0.806122,0.848617,0.529762,3.561670,1171.649251,10.109617,0.008629,42198016,42198016,861184,4155580,False
448,98,94.200000,0.288994,12.429727,3.520240,2.412417,6.951592,8.335831,27.951461,0.877551,0.918161,0.480547,3.561670,1170.805385,10.420287,0.008900,42198016,42198016,861184,3693300,False
449,103,94.200000,0.303648,12.470038,2.875013,2.122097,6.593319,7.272597,10.018711,0.786408,0.860306,0.535636,3.561670,1174.668040,10.528048,0.008963,44350976,44350976,861184,4616820,False
450,94,94.200000,0.328325,12.387957,3.419914,2.346966,8.300113,10.319211,16.231829,0.829787,0.895816,0.512391,3.561670,1166.936339,10.310563,0.008836,40475648,40475648,861184,4051580,False
451,95,94.200000,0.326248,12.350704,3.624284,2.585099,7.539792,8.528974,21.662726,0.842105,0.898272,0.475575,3.561670,1163.371772,10.111467,0.008692,40906240,40906240,861184,3933280,False
452,96,94.200000,0.245624,12.458414,2.876980,1.756100,5.746597,8.466411,24.826162,0.718750,0.809436,0.581355,3.561670,1173.547341,9.786411,0.008339,41336832,41336832,861184,3777280,False
453,105,94.200000,0.300687,12.382822,3.364812,2.444372,7.573265,9.498200,16.349692,0.838095,0.893951,0.494748,3.561670,1166.441224,10.641343,0.009123,45212160,45212160,861184,4236440,False
454,115,94.200000,0.328923,12.356820,3.234789,1.936726,7.644002,9.339377,19.758941,0.773913,0.884002,0.537181,3.561670,1163.982806,11.761859,0.010105,49518080,49518080,861184,5373680,False
455,105,94.200000,0.324290,12.391580,2.764571,1.687283,6.188739,9.811396,17.281137,0.752381,0.820830,0.597188,3.561670,1167.232142,10.801046,0.009254,45212160,45212160,861184,4828460,False
456,99,94.200000,0.345521,12.432811,3.742582,2.873366,8.972246,12.353752,17.028495,0.818182,0.875865,0.470508,3.561670,1171.059579,10.489601,0.008957,42628608,42628608,861184,3832140,False
457,104,94.200000,0.303209,12.410845,3.493651,2.326058,8.238639,9.508348,21.416808,0.740385,0.828345,0.514986,3.561670,1169.072867,10.082857,0.008625,44781568,44781568,861184,3914300,False
458,91,94.200000,0.355821,12.405060,3.008654,2.276987,5.842295,7.839133,12.544698,0.879121,0.943590,0.501346,3.561670,1168.493279,10.828394,0.009267,39183872,39183872,861184,4511780,False
459,91,94.200000,0.336615,12.419020,3.244225,2.051383,7.876243,10.357536,17.353158,0.769231,0.873725,0.549461,3.561670,1169.803797,10.073439,0.008611,39183872,39183872,861184,4105140,False
460,100,94.200000,0.316488,12.411935,3.272387,2.384003,6.685271,8.406247,13.563111,0.800000,0.892934,0.492217,3.561670,1169.138234,10.592108,0.009060,43059200,43059200,861184,4176120,False
461,80,94.200000,0.298009,12.459366,3.257662,2.548309,6.255498,7.863493,19.127504,0.850000,0.904185,0.483992,3.561670,1173.629975,9.561426,0.008147,34447360,34447360,861184,3428360,False
462,95,94.200000,0.309999,12.427402,3.163469,2.287562,7.322672,9.759583,16.021121,0.821053,0.875551,0.515712,3.561670,1170.585288,10.130882,0.008655,40906240,40906240,861184,3982160,False
463,78,94.200000,0.291797,12.396174,3.207225,1.979762,6.766959,10.174710,24.456170,0.782051,0.879985,0.541021,3.561670,1167.686687,9.094130,0.007788,33586176,33586176,861184,3407560,False
464,101,94.200000,0.306618,12.344646,3.168646,2.754741,6.650416,8.620436,12.029680,0.782178,0.873823,0.511323,3.561670,1162.809511,10.659732,0.009167,43489792,43489792,861184,4482920,False
465,103,94.200000,0.296403,12.381328,2.947580,1.830177,5.768116,9.600859,25.372396,0.766990,0.864746,0.561045,3.561670,1166.265586,10.651344,0.009133,44350976,44350976,861184,4653480,False
466,100,94.200000,0.378113,12.415363,3.377066,2.305669,7.182805,9.622904,20.397890,0.870000,0.944699,0.494559,3.561670,1169.435723,11.156963,0.009540,43059200,43059200,861184,4910100,False
467,97,94.200000,0.318336,12.376265,3.261655,2.388450,6.704234,9.863661,15.524543,0.793814,0.862379,0.514656,3.561670,1165.814798,10.307565,0.008842,41767424,41767424,861184,4136860,False
468,95,94.200000,0.309626,12.398762,3.017832,1.957342,6.565664,8.523425,15.550358,0.800000,0.862546,0.542554,3.561670,1167.928326,10.318346,0.008835,40906240,40906240,861184,4356040,False
469,91,94.200000,0.261603,12.444688,3.270600,2.499991,6.451209,8.804203,25.714940,0.791209,0.872610,0.519917,3.561670,1172.193415,9.912767,0.008457,39183872,39183872,861184,3558100,False
470,92,94.200000,0.322750,12.417691,3.225857,2.245025,6.342180,9.695070,14.921243,0.826087,0.884899,0.507178,3.561670,1169.740717,10.266682,0.008777,39614464,39614464,861184,4060420,False
471,104,94.200000,0.345448,12.379122,3.324606,2.460991,6.237170,9.521725,30.342851,0.826923,0.929145,0.513319,3.561670,1166.108458,11.340854,0.009725,44781568,44781568,861184,4955860,False
472,88,94.200000,0.304893,12.418598,3.039534,2.172997,6.881412,7.846030,12.495832,0.829545,0.917063,0.519299,3.561670,1169.772589,10.164739,0.008690,37892096,37892096,861184,4264520,False
473,82,94.200000,0.265486,12.429615,3.432925,2.423167,7.888847,8.742473,23.046810,0.792683,0.850011,0.507524,3.561670,1170.843415,9.013989,0.007699,35308544,35308544,861184,2789020,False
474,97,94.200000,0.337564,12.454065,3.702006,2.679596,7.235726,9.129442,40.813628,0.814433,0.952783,0.483871,3.561670,1173.083998,10.498961,0.008950,41767424,41767424,861184,4426240,False
475,98,94.200000,0.313264,12.401439,3.582208,2.226122,8.698406,12.015693,17.851258,0.816327,0.891268,0.517945,3.561670,1168.111171,10.562289,0.009042,42198016,42198016,861184,4120220,False
476,82,94.200000,0.339461,12.369449,3.569085,2.796385,8.061612,9.486688,13.885474,0.890244,0.938841,0.453113,3.561670,1165.215627,9.657885,0.008288,35308544,35308544,861184,3566680,False
477,76,94.200000,0.318557,12.328540,2.594224,1.899235,5.735661,6.950570,10.236126,0.763158,0.858847,0.569445,3.561670,1161.306764,8.875033,0.007642,32724992,32724992,861184,3565900,False
478,103,94.200000,0.321352,12.406018,3.423705,2.190942,7.678645,9.604347,17.534421,0.786408,0.843770,0.507679,3.561670,1168.634886,10.326885,0.008837,44350976,44350976,861184,4099680,False
479,101,94.200000,0.314093,12.391135,3.275087,2.493588,6.473721,8.086490,19.569382,0.782178,0.897579,0.519220,3.561670,1167.227603,10.851328,0.009297,43489792,43489792,861184,4780880,False
480,106,94.200000,0.328221,12.418494,3.238377,2.147019,7.269881,8.624934,35.716925,0.745283,0.855382,0.551098,3.561670,1169.722457,10.835603,0.009263,45642752,45642752,861184,4652960,False
481,92,94.200000,0.317759,12.400213,3.077953,2.067668,6.211013,9.351333,15.320867,0.782609,0.842888,0.531268,3.561670,1168.058976,9.768738,0.008363,39614464,39614464,861184,3853720,False
482,95,94.200000,0.314362,12.377829,3.138409,2.099376,7.238536,9.744893,15.644791,0.778947,0.856343,0.536026,3.561670,1165.913855,9.870747,0.008466,40906240,40906240,861184,4029740,False
483,90,94.200000,0.331520,12.388098,3.499069,2.563238,7.841773,10.318973,15.636741,0.800000,0.875540,0.506735,3.561670,1166.929005,9.699267,0.008312,38753280,38753280,861184,3723200,False
484,96,94.200000,0.322528,12.407528,3.492784,2.183645,7.722231,9.704979,20.005195,0.802083,0.905895,0.511542,3.561670,1168.729987,10.438221,0.008931,41336832,41336832,861184,4400500,False
485,95,94.200000,0.306307,12.387611,3.307649,2.650748,6.151127,7.840644,17.544381,0.789474,0.890999,0.492128,3.561670,1166.803933,10.152332,0.008701,40906240,40906240,861184,3984240,False
486,95,94.200000,0.282284,12.374600,3.070892,2.340768,5.813705,8.601557,21.793314,0.778947,0.829812,0.541491,3.561670,1165.643758,9.882290,0.008478,40906240,40906240,861184,3784300,False
487,113,94.200000,0.355441,12.399288,3.746115,2.952669,7.060134,9.628322,25.737726,0.805310,0.881156,0.482801,3.561670,1167.934667,11.227772,0.009613,48656896,48656896,861184,4851080,False
488,103,94.200000,0.325198,12.455516,3.406907,2.451003,6.871751,9.939657,25.030732,0.757282,0.835574,0.541220,3.561670,1173.259096,10.584783,0.009022,44350976,44350976,861184,4690400,False
489,102,94.200000,0.331686,12.359832,4.109192,2.944210,8.656625,12.616280,30.075251,0.823529,0.899508,0.463227,3.561670,1164.239037,10.399953,0.008933,43920384,43920384,861184,4105140,False
490,106,94.200000,0.299964,12.399278,3.543666,2.573555,7.305585,10.407920,21.275307,0.811321,0.897064,0.488302,3.561670,1167.975382,10.806124,0.009252,45642752,45642752,861184,4325360,False
491,88,94.200000,0.330619,12.375314,3.366199,2.598751,8.196642,9.030745,13.465030,0.761364,0.849535,0.513689,3.561670,1165.697917,9.682991,0.008307,37892096,37892096,861184,3916640,False
492,97,94.200000,0.312229,12.438544,3.317768,2.892985,7.179457,7.940463,14.811661,0.804124,0.870579,0.504203,3.561670,1171.593545,10.301177,0.008792,41767424,41767424,861184,4180800,False
493,102,94.200000,0.329140,12.404434,3.249193,2.358094,7.300843,8.977681,12.368789,0.843137,0.897745,0.495520,3.561670,1168.420731,10.542475,0.009023,43920384,43920384,861184,4310800,False
494,117,94.200000,0.309212,12.422595,3.132168,2.545210,6.702411,8.467164,20.339823,0.794872,0.880468,0.515069,3.561670,1170.130800,11.467020,0.009800,50379264,50379264,861184,5040880,False
495,100,94.200000,0.349536,12.355142,3.276964,2.065675,6.817611,9.540969,26.038308,0.780000,0.873210,0.540918,3.561670,1163.826322,10.577577,0.009089,43059200,43059200,861184,4744220,False
496,98,94.200000,0.332792,12.414867,3.696613,2.494764,8.961796,11.751072,21.299011,0.826531,0.893690,0.493467,3.561670,1169.497650,10.361484,0.008860,42198016,42198016,861184,4003740,False
497,103,94.200000,0.331836,12.401683,3.690206,2.564183,8.216570,11.443737,19.387231,0.766990,0.850441,0.494449,3.561670,1168.248833,10.071545,0.008621,44350976,44350976,861184,3920800,False
498,103,94.200000,0.349073,12.395276,3.176016,1.869908,7.101214,8.354216,19.709644,0.776699,0.868490,0.547922,3.561670,1167.539555,11.010986,0.009431,44350976,44350976,861184,5365100,False
499,91,94.200000,0.344888,12.376233,3.374311,2.811167,7.330713,9.415147,17.992802,0.780220,0.855375,0.490939,3.561670,1165.804952,9.402567,0.008065,39183872,39183872,861184,3953040,False
500,88,94.200000,0.364074,12.401013,3.759415,2.968241,9.018307,10.311247,18.255181,0.806818,0.917292,0.471124,3.561670,1168.117957,9.761426,0.008357,37892096,37892096,861184,3912480,False
501,99,94.200000,0.316684,12.450765,3.164507,2.243635,7.914090,8.672243,14.543889,0.828283,0.879072,0.506750,3.561670,1172.859507,10.310021,0.008790,42628608,42628608,861184,4239040,False
502,104,94.200000,0.297135,12.399789,4.057459,3.067274,8.155396,10.434502,23.092362,0.826923,0.887355,0.443706,3.561670,1168.002517,10.405260,0.008909,44781568,44781568,861184,3723980,False
503,80,94.200000,0.325252,12.439164,3.142015,2.675266,7.211312,7.686054,10.758340,0.825000,0.905085,0.506633,3.561670,1171.735025,9.255687,0.007899,34447360,34447360,861184,3339960,False
504,96,94.200000,0.329544,12.376433,3.304368,2.858674,6.519438,8.499979,19.493491,0.802083,0.861789,0.497375,3.561670,1165.808242,10.125856,0.008686,41336832,41336832,861184,3948100,False
505,92,94.200000,0.292539,12.399088,3.341352,2.513906,6.695048,7.876107,15.645749,0.793478,0.848979,0.487254,3.561670,1167.930072,9.508235,0.008141,39614464,39614464,861184,3484520,False
506,107,94.200000,0.315740,12.402161,3.413505,2.748152,7.440597,8.725799,14.685980,0.785047,0.858560,0.493509,3.561670,1168.227269,10.635623,0.009104,46073344,46073344,861184,4156620,False
507,95,94.200000,0.347659,12.418076,3.347674,2.555833,7.647821,9.301002,19.343364,0.768421,0.855570,0.519704,3.561670,1169.729674,9.899567,0.008463,40906240,40906240,861184,4278300,False
508,100,94.200000,0.308904,12.397842,3.125442,2.154111,7.223551,9.857887,15.608867,0.750000,0.843573,0.563367,3.561670,1167.805141,10.551530,0.009035,43059200,43059200,861184,4705480,False
509,99,94.200000,0.351928,12.418922,3.399240,2.720044,7.240239,9.848409,12.798944,0.797980,0.852085,0.512987,3.561670,1169.781107,10.253089,0.008765,42628608,42628608,861184,4018820,False
510,91,94.200000,0.300510,12.444451,2.885671,2.308404,6.410893,7.667775,13.763384,0.769231,0.871109,0.539224,3.561670,1172.247926,9.948704,0.008487,39183872,39183872,861184,3960320,False
511,112,94.200000,0.340761,12.390964,3.444719,2.297359,7.798734,10.376745,12.036056,0.848214,0.901561,0.493442,3.561670,1167.183066,11.242986,0.009633,48226304,48226304,861184,4808440,False
512,108,94.200000,0.308744,12.385470,3.112132,2.187320,6.397745,7.834646,19.694994,0.768519,0.837026,0.531833,3.561670,1166.594516,10.474430,0.008979,46503936,46503936,861184,4432220,False
513,81,94.200000,0.311601,12.421317,3.260638,2.750839,6.506195,9.410816,13.333756,0.777778,0.870040,0.483769,3.561670,1170.045011,8.931330,0.007633,34877952,34877952,861184,3064880,False
514,106,94.200000,0.317627,12.412882,3.306889,2.570491,7.312253,8.586682,14.087154,0.801887,0.862501,0.506436,3.561670,1169.230701,10.689542,0.009142,45642752,45642752,861184,4464200,False
515,98,94.200000,0.330582,12.418515,3.603148,2.659758,8.047927,10.203328,15.450743,0.846939,0.869374,0.471762,3.561670,1169.800745,10.028438,0.008573,42198016,42198016,861184,3485300,False
516,102,94.200000,0.352555,12.430588,3.507408,2.736576,5.994245,10.077111,19.622664,0.852941,0.924173,0.483433,3.561670,1170.894827,11.011600,0.009404,43920384,43920384,861184,4412200,False
517,89,94.200000,0.309770,12.414739,2.928712,2.304679,6.331780,6.964315,16.489974,0.775281,0.878653,0.541244,3.561670,1169.439632,9.811950,0.008390,38322688,38322688,861184,3999060,False
518,89,94.200000,0.363433,12.389909,3.149869,1.739460,7.439584,9.820179,20.309570,0.696629,0.821243,0.572660,3.561670,1167.132305,9.681604,0.008295,38322688,38322688,861184,4073940,False
519,104,94.200000,0.375117,12.384465,4.349800,2.170563,10.665222,15.049085,29.597410,0.817308,0.881453,0.501900,3.561670,1166.526575,10.868817,0.009317,44781568,44781568,861184,4386200,False
520,87,94.200000,0.327210,12.436972,3.009676,2.193593,6.379898,9.443637,12.996333,0.862069,0.900250,0.519791,3.561670,1171.526846,9.641842,0.008230,37461504,37461504,861184,3558100,False
521,93,94.200000,0.359244,12.461285,2.970399,2.286633,5.817694,7.462636,15.565864,0.752688,0.856513,0.524643,3.561670,1173.849243,9.880552,0.008417,40045056,40045056,861184,4443140,False
522,100,94.200000,0.291878,12.382309,2.523370,1.545409,5.982351,8.390614,16.260554,0.660000,0.741405,0.629701,3.561670,1166.339136,9.661567,0.008284,43059200,43059200,861184,4322760,False
523,75,94.200000,0.329151,12.371017,3.199456,2.408953,7.687494,9.836559,14.680740,0.773333,0.827808,0.518643,3.561670,1165.344307,8.409933,0.007217,32294400,32294400,861184,3006120,False
524,106,94.200000,0.349919,12.414379,3.460818,2.434257,7.079208,9.815294,18.158830,0.820755,0.898194,0.499525,3.561670,1169.432064,10.988125,0.009396,45642752,45642752,861184,4774640,False
525,88,94.200000,0.283842,12.387851,2.977594,2.381045,6.262055,9.357595,19.317176,0.727273,0.793283,0.561822,3.561670,1166.897143,9.038900,0.007746,37892096,37892096,861184,3776760,False
526,98,94.200000,0.309826,12.384876,3.035393,2.159524,6.505837,7.997505,12.283906,0.806122,0.887070,0.524034,3.561670,1166.622554,10.567433,0.009058,42198016,42198016,861184,4625400,False
527,91,94.200000,0.351213,12.440300,3.873487,2.413233,8.724190,11.088273,38.349712,0.769231,0.852856,0.504815,3.561670,1171.804165,9.595456,0.008189,39183872,39183872,861184,3784820,False
528,82,94.200000,0.342712,12.395283,3.598047,2.872373,8.381126,9.535953,25.320455,0.792683,0.876076,0.489059,3.561670,1167.572709,9.099103,0.007793,35308544,35308544,861184,3380780,False
529,89,94.200000,0.297669,12.391387,3.028349,1.827163,7.027363,9.045132,22.943430,0.741573,0.838759,0.576053,3.561670,1167.260216,9.442904,0.008090,38322688,38322688,861184,4068480,False
530,107,94.200000,0.295412,12.399747,3.161938,2.429651,6.254253,8.731742,12.420528,0.813084,0.850864,0.493772,3.561670,1168.026771,10.281429,0.008802,46073344,46073344,861184,3876080,False
531,97,94.200000,0.309769,12.450633,3.362688,2.162364,7.379713,8.763044,16.457679,0.783505,0.827325,0.517278,3.561670,1172.770363,9.622787,0.008205,41767424,41767424,861184,3592940,False
532,93,94.200000,0.337941,12.386737,3.377204,2.768492,6.755835,8.115983,10.934607,0.827957,0.903112,0.468873,3.561670,1166.798655,9.929805,0.008510,40045056,40045056,861184,3738800,False
533,94,94.200000,0.310249,12.387418,3.314493,2.461553,7.415810,9.853693,14.629778,0.755319,0.827958,0.520309,3.561670,1166.830975,9.438812,0.008089,40475648,40475648,861184,3636100,False
534,80,94.200000,0.341972,12.434753,3.423890,2.246213,8.073958,9.831188,18.231902,0.825000,0.874885,0.493067,3.561670,1171.333972,8.895659,0.007594,34447360,34447360,861184,3206580,False
535,110,94.200000,0.330795,12.413591,3.011132,2.003281,7.278565,9.266399,17.007629,0.763636,0.847487,0.564996,3.561670,1169.389769,11.050644,0.009450,47365120,47365120,861184,5461040,False
536,79,94.200000,0.335601,12.404485,3.765852,2.673044,7.451697,14.414777,20.987755,0.746835,0.817596,0.524411,3.561670,1168.435307,8.744012,0.007484,34016768,34016768,861184,3063320,False
537,100,94.200000,0.306733,12.395793,3.457399,2.305117,7.934462,8.585620,13.497822,0.800000,0.871160,0.491811,3.561670,1167.672740,10.066319,0.008621,43059200,43059200,861184,3735680,False
538,95,94.200000,0.347425,12.423281,3.606292,2.179276,8.407851,11.385961,19.678083,0.810526,0.907429,0.517992,3.561670,1170.261773,10.158553,0.008681,40906240,40906240,861184,4270240,False
539,102,94.200000,0.342205,12.452581,3.291276,2.118900,7.853404,8.704952,21.640933,0.774510,0.862406,0.520576,3.561670,1173.006545,10.315626,0.008794,43920384,43920384,861184,4441580,False
540,97,94.200000,0.334680,12.420710,3.859147,3.099402,8.045906,10.076906,16.693739,0.855670,0.908005,0.433745,3.561670,1169.966000,9.985378,0.008535,41767424,41767424,861184,3763240,False
541,77,94.200000,0.301387,12.395591,2.889081,2.308332,5.652297,7.872283,16.938881,0.766234,0.864054,0.542737,3.561670,1167.601596,8.819380,0.007553,33155584,33155584,861184,3491540,False
542,85,94.200000,0.319203,12.414553,3.426812,2.355187,6.790087,8.143135,19.270547,0.729412,0.812743,0.519042,3.561670,1169.430496,8.877651,0.007591,36600320,36600320,861184,3252340,False
543,75,94.200000,0.408134,12.407113,3.170020,1.928856,7.001584,8.792724,13.718823,0.826667,0.888027,0.521005,3.561670,1168.728347,8.776107,0.007509,32294400,32294400,861184,3635320,False
544,96,94.200000,0.304640,12.424772,3.097959,2.056801,6.716906,7.986848,12.284292,0.729167,0.826698,0.542692,3.561670,1170.398981,9.971011,0.008519,41336832,41336832,861184,4203680,False
545,100,94.200000,0.340426,12.413970,3.180155,2.031446,7.328460,10.242721,24.946889,0.730000,0.815312,0.560694,3.561670,1169.375111,9.726617,0.008318,43059200,43059200,861184,4032340,False
546,76,94.200000,0.301462,12.385339,3.374313,2.377896,7.790477,8.922041,14.598981,0.802632,0.898319,0.516746,3.561670,1166.666714,8.982902,0.007700,32724992,32724992,861184,3383380,False
547,96,94.200000,0.339866,12.380698,3.478896,2.347489,6.569824,10.831147,20.142118,0.822917,0.872894,0.496999,3.561670,1166.195714,9.868279,0.008462,41336832,41336832,861184,4143620,False
548,87,94.200000,0.314147,12.441190,2.986184,2.365406,6.418473,7.238978,14.526440,0.758621,0.823407,0.514206,3.561670,1171.964628,8.888672,0.007584,37461504,37461504,861184,3028480,False
549,101,94.200000,0.385133,12.401617,3.987371,2.407583,10.002543,10.517300,23.426195,0.841584,0.888502,0.492587,3.561670,1168.218158,10.298078,0.008815,43489792,43489792,861184,4306120,False
550,88,94.200000,0.346559,12.398371,3.712485,2.499818,7.827652,10.843379,18.846943,0.829545,0.879028,0.486886,3.561670,1167.919198,9.533604,0.008163,37892096,37892096,861184,3590860,False
551,81,94.200000,0.394666,12.405798,3.583797,2.004283,8.763670,11.852360,20.761625,0.790123,0.849392,0.524039,3.561670,1168.592059,8.973516,0.007679,34877952,34877952,861184,3548220,False
552,81,94.200000,0.368643,12.407985,3.878901,2.540859,9.155847,12.286729,16.663327,0.839506,0.898973,0.471127,3.561670,1168.790398,8.988068,0.007690,34877952,34877952,861184,3374540,False
553,87,94.200000,0.325547,12.399190,2.717487,1.728066,5.978960,8.135577,19.603583,0.724138,0.800562,0.585629,3.561670,1167.980609,9.289531,0.007953,37461504,37461504,861184,4043000,False
554,84,94.200000,0.318894,12.401787,3.357788,2.387308,7.600120,9.196479,15.662346,0.773810,0.843417,0.509027,3.561670,1168.238418,8.827552,0.007556,36169728,36169728,861184,3187340,False
555,107,94.200000,0.308740,12.414985,3.272348,2.759342,7.144328,10.011129,14.035578,0.775701,0.855536,0.521144,3.561670,1169.463412,10.566216,0.009035,46073344,46073344,861184,4169100,False
556,83,94.200000,0.282933,12.427564,3.489304,2.593494,8.246946,11.783400,18.768294,0.771084,0.813327,0.508686,3.561670,1170.650330,8.616495,0.007360,35739136,35739136,861184,2749760,False
557,91,94.200000,0.329370,12.368556,2.787371,2.130573,6.215232,7.722820,11.582629,0.725275,0.816994,0.564336,3.561670,1165.114291,9.406982,0.008074,39183872,39183872,861184,4226040,False
558,94,94.200000,0.341760,12.394033,3.572686,2.613037,8.361442,10.745835,16.945610,0.776596,0.830161,0.506814,3.561670,1167.501390,9.440520,0.008086,40475648,40475648,861184,3766100,False
559,92,94.200000,0.371262,12.383652,3.346226,2.119902,7.476220,10.425948,31.123945,0.793478,0.891483,0.535394,3.561670,1166.490773,9.914677,0.008500,39614464,39614464,861184,4412200,False
560,99,94.200000,0.388200,12.402840,3.488638,2.621339,8.247930,9.154307,13.590204,0.797980,0.891150,0.482360,3.561670,1168.320113,10.369178,0.008875,42628608,42628608,861184,4342260,False
561,91,94.200000,0.381440,12.390875,4.239560,3.149151,8.928019,13.476008,21.295791,0.868132,0.915921,0.423282,3.561670,1167.151805,9.714254,0.008323,39183872,39183872,861184,3430440,False
562,96,94.200000,0.365424,12.402171,3.585629,2.675390,7.106784,10.107221,20.704083,0.802083,0.871715,0.499569,3.561670,1168.221449,10.135831,0.008676,41336832,41336832,861184,4129060,False
563,91,94.200000,0.335502,12.366216,3.083064,1.677583,7.026261,9.046087,16.776114,0.780220,0.886459,0.575735,3.561670,1164.801885,10.131310,0.008698,39183872,39183872,861184,4685460,False
564,89,94.200000,0.423139,12.391307,3.618739,2.351288,8.170625,9.519280,23.224539,0.842697,0.928374,0.497427,3.561670,1167.243458,10.324458,0.008845,38322688,38322688,861184,4608240,False
565,97,94.200000,0.352227,12.434247,4.508787,3.500815,10.247698,11.575401,19.663833,0.773196,0.837267,0.458948,3.561670,1171.287461,9.631193,0.008223,41767424,41767424,861184,3509740,False
566,91,94.200000,0.416038,12.401933,4.202180,3.621924,8.848616,10.170591,22.491702,0.813187,0.878285,0.441581,3.561670,1168.222144,9.360664,0.008013,39183872,39183872,861184,3597360,False
567,97,94.200000,0.338445,12.404415,3.374907,2.234784,7.289620,10.948772,17.546291,0.824742,0.886686,0.514443,3.561670,1168.428077,10.321898,0.008834,41767424,41767424,861184,4529460,False
568,97,94.200000,0.327574,12.401126,3.138741,2.317311,6.852686,9.169828,12.164845,0.804124,0.878113,0.501311,3.561670,1168.128200,10.033614,0.008589,41767424,41767424,861184,4237740,False
569,101,94.200000,0.340238,12.430782,3.242192,2.176290,7.495559,9.088749,24.482743,0.712871,0.807191,0.548552,3.561670,1170.921295,9.860091,0.008421,43489792,43489792,861184,4312100,False
570,94,94.200000,0.336268,12.451887,3.928201,2.729039,8.760515,13.512695,27.341672,0.819149,0.875374,0.502996,3.561670,1172.892215,9.979706,0.008509,40475648,40475648,861184,4503720,False
571,79,94.200000,0.362975,12.416947,3.084068,2.222789,7.286197,8.720870,15.833642,0.772152,0.851245,0.540717,3.561670,1169.658252,8.848718,0.007565,34016768,34016768,861184,3696940,False
572,97,94.200000,0.343613,12.416338,3.402359,2.609873,7.070000,9.159465,21.302003,0.783505,0.882898,0.500195,3.561670,1169.599922,10.034529,0.008579,41767424,41767424,861184,4441840,False
573,100,94.200000,0.340703,12.442961,4.240234,2.523235,10.341961,12.956138,22.314665,0.810000,0.863683,0.475264,3.561670,1172.066772,10.049573,0.008574,43059200,43059200,861184,3663920,False
574,98,94.200000,0.326891,12.394887,3.484779,2.461534,7.641620,9.669795,27.933295,0.755102,0.831020,0.514426,3.561670,1167.589651,9.627469,0.008246,42198016,42198016,861184,3936400,False
575,88,94.200000,0.314109,12.385325,3.534328,2.995943,6.718331,9.964027,19.758150,0.784091,0.873899,0.503706,3.561670,1166.649531,9.207569,0.007892,37892096,37892096,861184,3460340,False
576,96,94.200000,0.366701,12.410249,3.396850,2.386732,7.863409,9.509464,15.344319,0.833333,0.875491,0.502803,3.561670,1169.009876,10.034994,0.008584,41336832,41336832,861184,4101760,False
577,83,94.200000,0.347631,12.376098,3.451654,2.570946,7.417329,9.889647,16.795127,0.795181,0.858429,0.506806,3.561670,1165.792383,9.074735,0.007784,35739136,35739136,861184,3559660,False
578,88,94.200000,0.330311,12.417008,3.676923,2.632158,7.937917,10.046635,29.308847,0.761364,0.843104,0.519063,3.561670,1169.626575,9.219398,0.007882,37892096,37892096,861184,3625180,False
579,103,94.200000,0.343056,12.417839,3.857300,3.073294,8.053257,9.827659,22.163565,0.834951,0.895569,0.455148,3.561670,1169.728350,10.616812,0.009076,44350976,44350976,861184,4271020,False
580,108,94.200000,0.360219,12.398336,3.793170,2.514388,8.288180,13.231941,30.332731,0.768519,0.870134,0.509858,3.561670,1167.910605,10.838818,0.009281,46503936,46503936,861184,4590040,False
581,95,94.200000,0.319171,12.375255,3.327163,2.024675,7.789656,9.305334,22.648242,0.768421,0.846498,0.537220,3.561670,1165.692960,9.759365,0.008372,40906240,40906240,861184,4138420,False
582,101,94.200000,0.437749,12.480003,4.216791,3.108194,9.623111,12.118316,15.072497,0.831683,0.898484,0.466004,3.561670,1175.544549,10.427516,0.008870,43489792,43489792,861184,4370860,False
583,90,94.200000,0.306544,12.435970,3.453996,1.949794,7.948059,11.636481,22.590711,0.700000,0.824072,0.575013,3.561670,1171.400147,9.257481,0.007903,38753280,38753280,861184,3838120,False
584,97,94.200000,0.382232,12.392433,4.045973,2.926309,9.269955,14.453584,17.352938,0.773196,0.827116,0.485884,3.561670,1167.322080,9.365958,0.008023,41767424,41767424,861184,3408080,False
585,100,94.200000,0.391998,12.407053,4.211562,2.733769,9.282463,14.107395,25.906464,0.840000,0.877940,0.458955,3.561670,1168.648807,10.106347,0.008648,43059200,43059200,861184,3783260,False
586,84,94.200000,0.325639,12.436723,3.181623,2.265022,7.088305,10.792590,16.727476,0.738095,0.833368,0.542199,3.561670,1171.474091,9.007158,0.007689,36169728,36169728,861184,3974880,False
587,77,94.200000,0.362378,12.389850,3.797793,2.627207,8.092146,10.950995,14.433295,0.844156,0.873564,0.445767,3.561670,1167.084695,8.741047,0.007490,33155584,33155584,861184,2854800,False
588,97,94.200000,0.346721,12.390131,4.305597,3.122622,7.991098,11.742141,29.467561,0.824742,0.898689,0.442979,3.561670,1167.058295,9.942195,0.008519,41767424,41767424,861184,3788200,False
589,85,94.200000,0.344158,12.377178,2.672840,2.103555,5.814862,7.360028,12.556159,0.705882,0.826469,0.568906,3.561670,1165.892942,9.331045,0.008003,36600320,36600320,861184,4432220,False
590,88,94.200000,0.360211,12.418615,3.791734,2.639056,8.827593,11.239420,21.084751,0.761364,0.844823,0.508596,3.561670,1169.797115,9.256614,0.007913,37892096,37892096,861184,3531060,False
591,95,94.200000,0.340888,12.444927,3.547227,2.673578,8.220646,8.820092,13.820200,0.757895,0.828048,0.486049,3.561670,1172.246357,9.555548,0.008151,40906240,40906240,861184,3653260,False
592,94,94.200000,0.348753,12.402212,3.594325,2.452054,7.641531,8.717259,29.831438,0.797872,0.870923,0.503501,3.561670,1168.214388,9.946879,0.008515,40475648,40475648,861184,4375020,False
593,101,94.200000,0.366405,12.385133,3.917880,2.600196,9.997024,13.176039,24.338762,0.732673,0.800155,0.518103,3.561670,1166.685431,9.487897,0.008132,43489792,43489792,861184,3614000,False
594,84,94.200000,0.305003,12.426676,3.235329,2.575253,7.815650,8.399382,11.199765,0.750000,0.802639,0.511002,3.561670,1170.587469,8.664155,0.007402,36169728,36169728,861184,2984540,False
595,96,94.200000,0.276075,12.396118,2.752587,1.645805,6.882352,8.024753,12.373411,0.718750,0.781552,0.588881,3.561670,1167.651829,9.432392,0.008078,41336832,41336832,861184,3781180,False
596,104,94.200000,0.381871,12.444727,4.499806,3.227476,9.469927,13.307580,19.531881,0.846154,0.907823,0.429602,3.561670,1172.226375,10.421330,0.008890,44781568,44781568,861184,3917420,False
597,109,94.200000,0.355659,12.418567,3.393308,2.179377,8.122434,10.588938,21.664046,0.798165,0.859356,0.519402,3.561670,1169.764066,10.735172,0.009177,46934528,46934528,861184,4733300,False
598,95,94.200000,0.388640,12.393506,3.628653,2.583575,9.119326,10.936959,27.857531,0.747368,0.817431,0.523461,3.561670,1167.449190,9.461870,0.008105,40906240,40906240,861184,4148300,False
599,97,94.200000,0.319273,12.390377,3.912394,2.494497,8.423724,11.314927,30.216230,0.845361,0.898645,0.475109,3.561670,1167.137400,10.041363,0.008603,41767424,41767424,861184,4181840,False
600,105,94.200000,0.360115,12.438149,3.852512,2.897602,8.832919,11.157210,27.272558,0.800000,0.862415,0.483611,3.561670,1171.629888,10.291686,0.008784,45212160,45212160,861184,4318340,False
601,104,94.200000,0.446575,12.353133,4.112048,3.200780,8.698553,11.866885,23.107342,0.855769,0.900758,0.450519,3.561670,1163.670593,10.285134,0.008839,44781568,44781568,861184,4434040,False
602,95,94.200000,0.301932,12.441743,3.738019,2.784758,8.837770,10.539790,21.317531,0.778947,0.850869,0.491590,3.561670,1171.968277,9.753566,0.008322,40906240,40906240,861184,3668860,False
603,85,94.200000,0.383650,12.401073,3.903046,2.862422,8.242606,10.739682,19.352440,0.858824,0.891805,0.446196,3.561670,1168.186428,9.278389,0.007943,36600320,36600320,861184,3281720,False
604,95,94.200000,0.360185,12.380035,4.088505,3.020974,10.168175,11.620726,23.686720,0.810526,0.865921,0.476555,3.561670,1166.146674,9.738442,0.008351,40906240,40906240,861184,3626480,False
605,113,94.200000,0.374659,12.430663,4.322699,2.407076,9.243594,12.586443,44.026511,0.823009,0.887390,0.474611,3.561670,1170.939981,10.977881,0.009375,48656896,48656896,861184,4859920,False
606,92,94.200000,0.375428,12.427703,3.594869,2.311534,8.643741,9.675174,20.470792,0.750000,0.841382,0.531224,3.561670,1170.653748,9.686969,0.008275,39614464,39614464,861184,4109820,False
607,97,94.200000,0.354930,12.379044,3.618172,3.099943,7.192775,8.953659,13.702828,0.824742,0.890211,0.448523,3.561670,1166.028263,10.056209,0.008624,41767424,41767424,861184,4025320,False
608,87,94.200000,0.393079,12.422999,4.312765,3.316874,7.928924,10.345867,27.721946,0.793103,0.825282,0.446261,3.561670,1170.207738,8.880622,0.007589,37461504,37461504,861184,2811640,False
609,84,94.200000,0.344577,12.396190,3.652245,2.857798,8.540557,9.810546,13.804852,0.773810,0.844110,0.500086,3.561670,1167.693912,8.891040,0.007614,36169728,36169728,861184,3226860,False
610,96,94.200000,0.338135,12.428283,3.077409,1.699916,7.132925,9.211252,26.324871,0.791667,0.806442,0.569617,3.561670,1170.752583,9.678616,0.008267,41336832,41336832,861184,4077580,False
611,109,94.200000,0.374444,12.367875,3.738300,2.338080,8.459207,11.196138,27.391340,0.798165,0.849723,0.507916,3.561670,1165.016130,10.668881,0.009158,46934528,46934528,861184,4979260,False
612,91,94.200000,0.320454,12.378301,3.907138,2.408804,10.094753,12.686111,26.445261,0.802198,0.858862,0.520438,3.561670,1166.012952,9.642556,0.008270,39183872,39183872,861184,3954080,False
613,82,94.200000,0.362250,12.426022,3.060936,1.736493,7.854688,8.914660,11.421729,0.743902,0.848213,0.567898,3.561670,1170.489240,9.157873,0.007824,35308544,35308544,861184,3910140,False
614,92,94.200000,0.378421,12.390932,4.405629,3.005293,11.309245,11.673272,21.063881,0.847826,0.897546,0.440787,3.561670,1167.204567,9.846347,0.008436,39614464,39614464,861184,3719560,False
615,92,94.200000,0.432128,12.392309,3.873114,3.071373,8.704958,10.185230,16.456926,0.836957,0.868751,0.445489,3.561670,1167.335904,9.662911,0.008278,39614464,39614464,861184,3629600,False
616,96,94.200000,0.359309,12.425969,3.875758,2.292725,7.978850,8.787387,46.666358,0.781250,0.857724,0.505929,3.561670,1170.527716,9.898885,0.008457,41336832,41336832,861184,4160000,False
617,85,94.200000,0.389907,12.398893,3.741392,3.117158,8.507649,9.986739,17.835676,0.835294,0.885110,0.457972,3.561670,1167.976048,9.472523,0.008110,36600320,36600320,861184,3652480,False
618,86,94.200000,0.375839,12.444047,3.555672,2.362554,7.698916,10.334812,20.778938,0.755814,0.814314,0.508674,3.561670,1172.201923,9.085922,0.007751,37030912,37030912,861184,3535740,False
619,101,94.200000,0.372830,12.392652,3.333036,2.536169,6.848969,8.334378,14.477691,0.811881,0.894127,0.485888,3.561670,1167.288612,10.568758,0.009054,43489792,43489792,861184,4514640,False
620,89,94.200000,0.460075,12.409052,4.972417,3.956985,11.561731,13.775304,29.083945,0.808989,0.880104,0.463012,3.561670,1168.899495,9.663087,0.008267,38322688,38322688,861184,3794180,False
621,102,94.200000,0.400609,12.468863,4.639055,2.812469,10.327334,13.625112,23.540611,0.823529,0.872990,0.458274,3.561670,1174.520498,10.090482,0.008591,43920384,43920384,861184,3797820,False
622,88,94.200000,0.366158,12.390094,3.547578,2.327747,8.808288,11.278339,16.978092,0.784091,0.824270,0.514823,3.561670,1167.094230,9.327593,0.007992,37892096,37892096,861184,3831620,False
623,102,94.200000,0.405736,12.375809,4.077950,2.921370,9.083009,11.728735,22.712905,0.852941,0.898829,0.453024,3.561670,1165.736681,10.510965,0.009017,43920384,43920384,861184,4238520,False
624,99,94.200000,0.359641,12.401309,3.793972,3.008981,8.241220,10.602566,20.251042,0.818182,0.877555,0.488547,3.561670,1168.165536,10.227619,0.008755,42628608,42628608,861184,4339140,False
625,107,94.200000,0.381853,12.417994,4.112162,3.264052,9.162660,11.704961,18.012891,0.850467,0.898801,0.451282,3.561670,1169.719732,10.794428,0.009228,46073344,46073344,861184,4484220,False
626,87,94.200000,0.359334,12.391427,4.028259,3.075572,7.815524,11.025194,22.466886,0.816092,0.877941,0.460575,3.561670,1167.258043,9.366168,0.008024,37461504,37461504,861184,3489720,False
627,103,94.200000,0.362345,12.423302,2.999228,1.816213,6.549007,8.927212,15.645909,0.747573,0.800664,0.566458,3.561670,1170.276646,9.942801,0.008496,44350976,44350976,861184,4418960,False
628,74,94.200000,0.356800,12.421909,3.862758,2.814548,8.638125,11.174321,15.259766,0.810811,0.830516,0.455095,3.561670,1170.077167,8.346871,0.007134,31863808,31863808,861184,2507440,False
629,106,94.200000,0.394405,12.398939,3.649244,3.241030,7.498205,9.096651,19.419379,0.820755,0.852368,0.464393,3.561670,1167.911745,9.988835,0.008553,45642752,45642752,861184,3765060,False
630,85,94.200000,0.347393,12.368960,4.197654,2.827345,9.823517,12.081932,34.158886,0.823529,0.867783,0.480368,3.561670,1165.154578,9.150457,0.007853,36600320,36600320,861184,3310060,False
631,93,94.200000,0.359640,12.409584,4.302086,3.014434,11.027377,14.822565,18.092411,0.881720,0.920669,0.444184,3.561670,1168.920100,9.917717,0.008485,40045056,40045056,861184,3983980,False
632,97,94.200000,0.362895,12.373325,3.937102,2.905277,9.112649,10.571679,24.316058,0.845361,0.882267,0.458076,3.561670,1165.554257,9.971515,0.008555,41767424,41767424,861184,4087460,False
633,88,94.200000,0.407427,12.489485,5.028036,2.778643,12.894199,14.841408,32.785188,0.806818,0.874557,0.484551,3.561670,1176.528708,9.521953,0.008093,37892096,37892096,861184,3618420,False
634,102,94.200000,0.355896,12.405629,3.774777,2.734513,7.891134,9.968678,26.779899,0.833333,0.892649,0.488709,3.561670,1168.570279,10.448522,0.008941,43920384,43920384,861184,4241120,False
635,97,94.200000,0.409925,12.365804,4.169506,2.636606,8.859083,13.474744,26.518720,0.835052,0.899761,0.464639,3.561670,1164.789451,10.367274,0.008901,41767424,41767424,861184,4349800,False
636,92,94.200000,0.435510,12.395734,3.321884,2.658224,7.752444,9.932048,14.053620,0.739130,0.816246,0.516492,3.561670,1167.646722,9.354783,0.008012,39614464,39614464,861184,3773900,False
637,87,94.200000,0.364167,12.438139,3.636940,2.391753,7.911153,11.624168,20.571848,0.735632,0.801865,0.526921,3.561670,1171.625700,8.811102,0.007520,37461504,37461504,861184,3424720,False
638,87,94.200000,0.359006,12.407591,3.835009,2.117134,9.589684,14.147816,24.089260,0.712644,0.804331,0.537484,3.561670,1168.781897,9.088378,0.007776,37461504,37461504,861184,3869580,False
639,79,94.200000,0.355854,12.391147,3.908232,2.181583,8.647213,11.652060,14.346615,0.810127,0.855474,0.486467,3.561670,1167.236682,8.540065,0.007316,34016768,34016768,861184,2938520,False
640,93,94.200000,0.367551,12.386634,4.273264,3.037652,10.056358,12.893893,30.194372,0.774194,0.827594,0.487144,3.561670,1166.793678,9.157950,0.007849,40045056,40045056,861184,3443180,False
641,102,94.200000,0.362710,12.409560,3.443539,2.494758,7.506614,10.128449,19.760758,0.764706,0.850450,0.514143,3.561670,1168.953791,10.150712,0.008684,43920384,43920384,861184,4733040,False
642,94,94.200000,0.386471,12.423403,4.166946,3.003129,8.323639,11.580707,25.248495,0.840426,0.878428,0.456480,3.561670,1170.264020,10.041047,0.008580,40475648,40475648,861184,3883620,False
643,87,94.200000,0.399389,12.344460,4.277773,2.909795,10.282467,13.210236,19.529959,0.793103,0.890554,0.461077,3.561670,1162.863759,9.463798,0.008138,37461504,37461504,861184,3840720,False
644,111,94.200000,0.443338,12.404740,4.129919,2.412727,9.617623,11.928451,26.327007,0.765766,0.842812,0.504915,3.561670,1168.435575,10.510342,0.008995,47795712,47795712,861184,4955860,False
645,94,94.200000,0.412686,12.432996,3.605742,2.148939,8.026709,9.879865,23.365278,0.840426,0.892497,0.510267,3.561670,1171.183073,10.259327,0.008760,40475648,40475648,861184,4388020,False
646,97,94.200000,0.390481,12.398686,3.503724,2.308720,8.427298,11.688877,14.948020,0.793814,0.852931,0.500472,3.561670,1167.898733,10.101984,0.008650,41767424,41767424,861184,4679220,False
647,76,94.200000,0.432185,12.429605,3.964346,2.690396,9.093294,12.577817,17.794408,0.855263,0.883439,0.469752,3.561670,1170.812092,8.684003,0.007417,32724992,32724992,861184,3588260,False
648,86,94.200000,0.402346,12.372973,4.610231,3.480922,9.402132,10.846109,17.088856,0.848837,0.886398,0.431046,3.561670,1165.516441,9.160423,0.007860,37030912,37030912,861184,3358160,False
649,103,94.200000,0.351605,12.373988,3.313868,2.108485,6.687599,13.216603,16.388572,0.747573,0.815984,0.536074,3.561670,1165.595178,10.193013,0.008745,44350976,44350976,861184,4174300,False
650,101,94.200000,0.389168,12.375196,4.114757,2.969879,9.596799,12.627992,19.699439,0.821782,0.868131,0.444708,3.561670,1165.704944,10.076707,0.008644,43489792,43489792,861184,3876080,False
651,93,94.200000,0.433702,12.406860,4.526658,3.073057,11.123485,13.742137,21.217688,0.827957,0.899868,0.439616,3.561670,1168.712438,9.827752,0.008409,40045056,40045056,861184,4080700,False
652,104,94.200000,0.397939,12.408070,3.653855,2.195986,8.860966,10.129783,18.475400,0.865385,0.902875,0.487620,3.561670,1168.761674,10.930328,0.009352,44781568,44781568,861184,4844840,False
653,97,94.200000,0.381343,12.370302,3.622886,2.388603,8.001711,11.777923,20.031974,0.793814,0.851511,0.517580,3.561670,1165.251041,9.834159,0.008440,41767424,41767424,861184,4128540,False
654,111,94.200000,0.440247,12.429358,4.059206,3.129850,8.596315,10.777210,30.249301,0.891892,0.927407,0.446144,3.561670,1170.754901,11.306648,0.009658,47795712,47795712,861184,5054140,False
655,82,94.200000,0.375947,12.395467,3.874324,2.961916,9.315744,10.674033,18.503925,0.780488,0.835848,0.483292,3.561670,1167.617908,8.851086,0.007580,35308544,35308544,861184,3059680,False
656,79,94.200000,0.371723,12.432385,3.755743,2.759325,6.677131,10.068685,20.511160,0.898734,0.931349,0.438491,3.561670,1171.095962,9.094124,0.007765,34016768,34016768,861184,3132220,False
657,96,94.200000,0.361082,12.426827,2.827492,1.933120,6.715144,8.561144,14.775222,0.718750,0.800088,0.569304,3.561670,1170.536063,9.539883,0.008150,41336832,41336832,861184,4863820,False
658,80,94.200000,0.446735,12.363477,4.919359,3.435857,10.698172,12.952949,24.063770,0.875000,0.910215,0.391382,3.561670,1164.613462,9.051204,0.007772,34447360,34447360,861184,3156660,False
659,95,94.200000,0.408503,12.418832,3.518929,2.229185,9.824633,11.652242,15.982761,0.757895,0.834767,0.536059,3.561670,1169.810085,10.034619,0.008578,40906240,40906240,861184,4598360,False
660,106,94.200000,0.415391,12.405816,4.195904,2.894985,10.665878,12.361841,20.675434,0.858491,0.897949,0.472211,3.561670,1168.611232,11.112127,0.009509,45642752,45642752,861184,4690660,False
661,83,94.200000,0.366381,12.421226,3.791470,2.609891,8.428646,11.468382,16.122447,0.771084,0.853473,0.485250,3.561670,1170.023345,9.081186,0.007762,35739136,35739136,861184,3527940,False
662,104,94.200000,0.372352,12.376892,3.762137,3.019350,7.785744,8.958026,18.573740,0.836538,0.883467,0.458575,3.561670,1165.878424,10.376113,0.008900,44781568,44781568,861184,4017780,False
663,83,94.200000,0.467248,12.426956,4.906616,3.468495,10.606483,11.499454,17.644438,0.879518,0.931351,0.392495,3.561670,1170.578134,9.484519,0.008102,35739136,35739136,861184,3372200,False
664,91,94.200000,0.313615,12.398744,3.128549,2.063730,7.863806,8.669371,14.151832,0.769231,0.808380,0.549875,3.561670,1167.985135,9.278604,0.007944,39183872,39183872,861184,3722680,False
665,92,94.200000,0.422011,12.443994,3.998769,2.900087,8.845736,10.071009,23.289785,0.804348,0.881550,0.462829,3.561670,1172.224897,9.787707,0.008350,39614464,39614464,861184,4058080,False
666,84,94.200000,0.340396,12.381138,3.523981,2.302591,7.775912,9.039835,23.291932,0.714286,0.803249,0.520867,3.561670,1166.305800,8.767481,0.007517,36169728,36169728,861184,3342300,False
667,93,94.200000,0.417592,12.416127,4.809385,4.053224,10.167148,11.972007,18.859149,0.881720,0.899606,0.412020,3.561670,1169.564191,9.751503,0.008338,40045056,40045056,861184,3333460,False
668,91,94.200000,0.434016,12.464450,4.537419,2.763824,10.364983,16.101522,29.941701,0.835165,0.869330,0.450770,3.561670,1174.088364,9.731642,0.008289,39183872,39183872,861184,3574220,False
669,85,94.200000,0.373174,12.412988,3.531546,2.832983,7.370685,9.651435,12.397852,0.835294,0.900688,0.475305,3.561670,1169.285772,9.671380,0.008271,36600320,36600320,861184,3799900,False
670,106,94.200000,0.406610,12.403561,4.088412,3.008807,9.383989,12.223059,25.371902,0.801887,0.837556,0.480606,3.561670,1168.355934,10.201391,0.008731,45642752,45642752,861184,4107740,False
671,108,94.200000,0.394268,12.361273,3.828840,2.362709,8.024047,12.442207,24.382179,0.777778,0.855234,0.512479,3.561670,1164.378131,10.786808,0.009264,46503936,46503936,861184,4958200,False
672,90,94.200000,0.402962,12.399514,3.900174,3.204707,8.736100,11.594484,19.101366,0.777778,0.850807,0.478108,3.561670,1168.016446,9.443131,0.008085,38753280,38753280,861184,4028700,False
673,76,94.200000,0.442029,12.438298,4.843092,3.266668,11.146727,14.233677,34.479679,0.855263,0.890316,0.430375,3.561670,1171.664115,8.899253,0.007595,32724992,32724992,861184,3164720,False
674,87,94.200000,0.433142,12.385966,3.859559,1.891079,9.383110,13.156573,18.788229,0.804598,0.852286,0.524247,3.561670,1166.748251,9.581930,0.008213,37461504,37461504,861184,4189640,False
675,100,94.200000,0.364333,12.390627,3.610382,2.500552,8.460111,9.955604,22.578253,0.760000,0.817749,0.497110,3.561670,1167.188216,9.859786,0.008447,43059200,43059200,861184,3806140,False
676,96,94.200000,0.408325,12.421116,3.950869,2.567766,7.717897,9.966886,44.726073,0.843750,0.872158,0.485210,3.561670,1170.017832,10.032852,0.008575,41336832,41336832,861184,3970720,False
677,91,94.200000,0.442508,12.365377,4.324043,3.633751,9.642586,12.406752,20.279305,0.780220,0.853896,0.457530,3.561670,1164.730145,9.292313,0.007978,39183872,39183872,861184,3652740,False
678,90,94.200000,0.465709,12.388601,4.931604,4.147545,9.726731,13.023238,24.488221,0.788889,0.851270,0.434829,3.561670,1166.983658,9.260355,0.007935,38753280,38753280,861184,3410160,False
679,86,94.200000,0.407230,12.407656,3.683826,2.607502,9.088104,10.438536,15.142290,0.802326,0.847175,0.492183,3.561670,1168.810315,9.144514,0.007824,37030912,37030912,861184,3759080,False
680,79,94.200000,0.403752,12.361129,4.257273,3.336738,9.359628,12.664601,19.386447,0.822785,0.888610,0.447499,3.561670,1164.404714,8.783486,0.007543,34016768,34016768,861184,3051100,False
681,103,94.200000,0.383554,12.428113,3.700213,2.534489,7.917803,9.642627,25.540468,0.805825,0.907297,0.499924,3.561670,1170.704941,10.869196,0.009284,44350976,44350976,861184,4838600,False
682,83,94.200000,0.405469,12.424845,3.919732,2.679153,9.178473,12.545069,23.365269,0.746988,0.840242,0.529469,3.561670,1170.360674,8.948901,0.007646,35739136,35739136,861184,3975140,False
683,97,94.200000,0.405090,12.352108,4.096222,2.800180,9.809220,13.064617,21.786987,0.824742,0.864246,0.467808,3.561670,1163.472933,9.786784,0.008412,41767424,41767424,861184,3774420,False
684,95,94.200000,0.419645,12.335308,3.940365,2.617172,9.122270,10.652704,38.452408,0.789474,0.865162,0.503028,3.561670,1161.985703,9.840573,0.008469,40906240,40906240,861184,4279860,False
685,116,94.200000,0.453287,12.420583,4.254875,2.785476,9.590204,13.538484,21.491909,0.836207,0.897776,0.458780,3.561670,1170.015444,11.479485,0.009811,49948672,49948672,861184,5426980,False
686,95,94.200000,0.424599,12.395960,4.716439,2.700005,9.307660,12.728642,81.330708,0.789474,0.841598,0.480923,3.561670,1167.673389,9.588768,0.008212,40906240,40906240,861184,3740360,False
687,86,94.200000,0.342446,12.387435,3.495572,2.255406,8.843915,10.510720,23.391859,0.779070,0.830954,0.542075,3.561670,1166.837550,9.293328,0.007965,37030912,37030912,861184,3791840,False
688,97,94.200000,0.496019,12.386771,4.258780,2.312297,10.674829,13.745080,27.258798,0.793814,0.876768,0.500405,3.561670,1166.761780,10.590058,0.009076,41767424,41767424,861184,4774380,False
689,86,94.200000,0.454848,12.427177,5.030332,4.220199,11.105071,13.617426,19.225342,0.848837,0.870877,0.378225,3.561670,1170.609232,9.197920,0.007857,37030912,37030912,861184,2748980,False
690,90,94.200000,0.418218,12.402022,4.629451,3.694803,9.649656,10.742373,25.163960,0.844444,0.909503,0.417866,3.561670,1168.285678,9.765638,0.008359,38753280,38753280,861184,3746340,False
691,97,94.200000,0.444647,12.416953,4.099335,3.262833,7.989722,10.459403,23.128564,0.824742,0.881382,0.454959,3.561670,1169.625901,9.940890,0.008499,41767424,41767424,861184,4379960,False
692,96,94.200000,0.416297,12.397731,4.173079,3.205626,9.394712,11.278669,23.274768,0.812500,0.847278,0.453255,3.561670,1167.801925,9.914505,0.008490,41336832,41336832,861184,3948100,False
693,85,94.200000,0.355654,12.382547,3.684564,2.450782,8.784465,11.667509,18.718092,0.823529,0.835834,0.482775,3.561670,1166.424596,9.127348,0.007825,36600320,36600320,861184,3159780,False
694,108,94.200000,0.442306,12.399466,4.008138,2.363294,10.493464,13.403485,27.113434,0.777778,0.852949,0.509401,3.561670,1167.963693,10.441440,0.008940,46503936,46503936,861184,4610840,False
695,94,94.200000,0.437052,12.371653,4.125851,2.757034,9.242616,14.720865,22.617079,0.808511,0.880781,0.477513,3.561670,1165.366659,9.794317,0.008404,40475648,40475648,861184,4271800,False
696,98,94.200000,0.436055,12.400411,4.702878,3.680809,10.068410,12.682089,19.495797,0.826531,0.868705,0.408930,3.561670,1168.085748,9.891101,0.008468,42198016,42198016,861184,3590080,False
697,92,94.200000,0.373668,12.331229,4.007288,2.483262,9.797117,12.838581,20.521458,0.782609,0.818084,0.517532,3.561670,1161.573568,9.281129,0.007990,39614464,39614464,861184,3813420,False
698,97,94.200000,0.440318,12.401391,4.360905,3.601415,9.554236,11.451018,15.643493,0.835052,0.857585,0.427429,3.561670,1168.143684,9.637626,0.008250,41767424,41767424,861184,3283800,False
699,87,94.200000,0.440867,12.438819,4.574034,3.050524,10.418779,14.499161,26.889538,0.816092,0.869319,0.453784,3.561670,1171.715158,9.265774,0.007908,37461504,37461504,861184,3615040,False
700,79,94.200000,0.427302,12.386373,4.755917,3.417276,11.326229,13.742500,19.794648,0.797468,0.876520,0.440885,3.561670,1166.763759,8.804564,0.007546,34016768,34016768,861184,3559400,False
701,89,94.200000,0.476862,12.392777,4.847191,3.196741,12.945262,15.322807,24.380057,0.853933,0.911549,0.442481,3.561670,1167.367215,9.807991,0.008402,38322688,38322688,861184,3890900,False
702,97,94.200000,0.427892,12.362155,4.018296,3.012282,9.006477,9.703785,23.028259,0.835052,0.901395,0.464617,3.561670,1164.458342,10.371718,0.008907,41767424,41767424,861184,4449900,False
703,95,94.200000,0.441155,12.420424,4.268166,2.686875,9.834604,13.875407,26.618860,0.789474,0.878529,0.467771,3.561670,1169.985002,9.799370,0.008376,40906240,40906240,861184,4403100,False
704,85,94.200000,0.386770,12.392607,3.374798,2.370316,7.673213,9.592211,18.223985,0.752941,0.813421,0.534395,3.561670,1167.343122,9.082614,0.007781,36600320,36600320,861184,3940560,False
705,95,94.200000,0.426227,12.388575,4.062835,2.140646,10.183668,14.917365,18.694689,0.778947,0.826720,0.519455,3.561670,1166.951094,9.811750,0.008408,40906240,40906240,861184,4079920,False
706,99,94.200000,0.465771,12.429439,4.882584,3.511210,10.802516,12.592538,28.710891,0.888889,0.896086,0.387653,3.561670,1170.817748,10.248288,0.008753,42628608,42628608,861184,3643640,False
707,99,94.200000,0.428835,12.406787,4.169444,3.135453,8.959487,10.660195,22.065032,0.808081,0.875158,0.436030,3.561670,1168.714378,10.157720,0.008691,42628608,42628608,861184,4198220,False
708,96,94.200000,0.430400,12.445021,4.396116,3.311981,10.934151,12.233480,17.272388,0.833333,0.869880,0.440188,3.561670,1172.271198,9.834501,0.008389,41336832,41336832,861184,3843060,False
709,96,94.200000,0.450418,12.343869,3.984468,2.590031,8.753319,10.709497,27.962018,0.822917,0.873024,0.479347,3.561670,1162.781519,10.208245,0.008779,41336832,41336832,861184,4296500,False
710,97,94.200000,0.472672,12.405864,4.244617,3.080169,9.248275,11.961649,20.293487,0.793814,0.845839,0.470517,3.561670,1168.604555,9.874830,0.008450,41767424,41767424,861184,4171700,False
711,82,94.200000,0.437055,12.431163,4.284571,2.883036,9.486223,11.964661,27.842630,0.853659,0.866787,0.449454,3.561670,1171.064998,9.214583,0.007869,35308544,35308544,861184,3377400,False
712,99,94.200000,0.435943,12.431303,4.755383,3.121359,11.632324,13.559003,27.180335,0.808081,0.890475,0.439499,3.561670,1170.961848,10.153695,0.008671,42628608,42628608,861184,4359160,False
713,92,94.200000,0.442819,12.375164,4.712399,2.772217,10.095744,14.192157,36.132116,0.793478,0.840751,0.460813,3.561670,1165.702789,9.309873,0.007986,39614464,39614464,861184,3481140,False
714,92,94.200000,0.494867,12.421424,4.874104,3.480414,10.721025,12.206470,24.763146,0.858696,0.906904,0.409039,3.561670,1170.057337,9.747411,0.008331,39614464,39614464,861184,3944460,False
715,91,94.200000,0.404337,12.412484,4.116450,2.832003,9.393349,12.105890,24.832410,0.747253,0.790762,0.484600,3.561670,1169.231050,8.927466,0.007635,39183872,39183872,861184,3114540,False
716,89,94.200000,0.441644,12.421054,4.479597,3.765781,10.505924,13.187298,16.305216,0.797753,0.870411,0.455570,3.561670,1170.023663,9.679385,0.008273,38322688,38322688,861184,3755700,False
717,93,94.200000,0.388199,12.342346,4.511153,3.173693,10.376680,12.468511,37.687407,0.817204,0.868695,0.449007,3.561670,1162.663445,9.723827,0.008363,40045056,40045056,861184,3792100,False
718,101,94.200000,0.476720,12.420125,4.978414,3.568374,11.013555,13.540940,22.986588,0.831683,0.867166,0.416601,3.561670,1169.928599,10.150093,0.008676,43489792,43489792,861184,3642080,False
719,91,94.200000,0.446279,12.409188,3.758647,2.326590,9.324603,10.626303,19.612663,0.758242,0.815469,0.528218,3.561670,1168.908443,9.345393,0.007995,39183872,39183872,861184,3964740,False
720,86,94.200000,0.413557,12.449541,5.008359,2.556727,12.066700,17.277050,28.455777,0.825581,0.862613,0.465524,3.561670,1172.686031,9.409901,0.008024,37030912,37030912,861184,3955640,False
721,89,94.200000,0.433683,12.417932,4.423457,2.923391,10.523036,12.236227,21.275155,0.865169,0.890207,0.435136,3.561670,1169.744033,9.771708,0.008354,38322688,38322688,861184,3697980,False
722,105,94.200000,0.431897,12.367178,4.236845,3.237828,8.666057,10.885667,17.605707,0.838095,0.909131,0.433359,3.561670,1165.010271,10.764570,0.009240,45212160,45212160,861184,4533100,False
723,92,94.200000,0.420239,12.395025,4.084389,2.782438,9.755701,11.915215,17.822087,0.836957,0.891281,0.463162,3.561670,1167.520244,9.928702,0.008504,39614464,39614464,861184,4212780,False
724,99,94.200000,0.408181,12.442213,3.826977,2.656597,8.160559,10.181811,21.450005,0.818182,0.870264,0.475968,3.561670,1171.973625,10.117017,0.008632,42628608,42628608,861184,4195620,False
725,83,94.200000,0.492534,12.386590,4.758942,2.997726,11.242138,12.455493,29.469568,0.831325,0.880739,0.433260,3.561670,1166.814736,9.240347,0.007919,35739136,35739136,861184,3336840,False
726,76,94.200000,0.455020,12.413351,4.336914,3.030669,9.983349,14.786942,20.788729,0.776316,0.857763,0.467694,3.561670,1169.288488,8.615989,0.007369,32724992,32724992,861184,3202420,False
727,104,94.200000,0.472505,12.377801,4.769373,3.501038,10.266370,11.654445,26.094298,0.875000,0.913538,0.410182,3.561670,1165.891546,10.762032,0.009231,44781568,44781568,861184,4360720,False
728,85,94.200000,0.415464,12.422275,3.987913,2.408475,9.575584,11.503293,17.858013,0.847059,0.912226,0.491120,3.561670,1170.099839,9.782866,0.008361,36600320,36600320,861184,4214080,False
729,88,94.200000,0.405389,12.403415,3.684450,2.498106,7.953008,10.360844,18.429747,0.761364,0.803360,0.492858,3.561670,1168.368726,9.006592,0.007709,37892096,37892096,861184,3334240,False
730,94,94.200000,0.496624,12.392060,4.919813,3.314819,11.395621,15.101621,39.931134,0.819149,0.863585,0.424200,3.561670,1167.304167,9.595897,0.008221,40475648,40475648,861184,3664440,False
731,87,94.200000,0.468048,12.412082,3.793691,2.784414,8.742603,12.376283,20.938413,0.770115,0.813142,0.499850,3.561670,1169.187178,9.055882,0.007745,37461504,37461504,861184,3531580,False
732,103,94.200000,0.475037,12.425998,5.035860,3.726181,10.534024,14.067603,21.347526,0.834951,0.888945,0.396017,3.561670,1170.428884,10.075595,0.008608,44350976,44350976,861184,3601000,False
733,103,94.200000,0.393114,12.462616,4.015034,2.777727,9.652974,12.738986,22.259715,0.776699,0.832967,0.482132,3.561670,1173.835750,10.173562,0.008667,44350976,44350976,861184,4354480,False
734,95,94.200000,0.409714,12.416936,3.894564,2.522891,9.055524,11.117595,17.834405,0.789474,0.838908,0.477720,3.561670,1169.591855,9.633800,0.008237,40906240,40906240,861184,3696420,False
735,85,94.200000,0.395801,12.410970,4.096539,3.191536,9.307800,11.914440,17.918895,0.788235,0.837291,0.459018,3.561670,1169.113694,8.949627,0.007655,36600320,36600320,861184,3392480,False
736,102,94.200000,0.482622,12.373013,5.557246,3.196484,12.513453,20.927185,27.189657,0.833333,0.876124,0.428616,3.561670,1165.510512,10.070440,0.008640,43920384,43920384,861184,3774420,False
737,84,94.200000,0.430417,12.385836,3.801700,2.607594,8.252860,12.177094,16.529885,0.833333,0.882158,0.477204,3.561670,1166.712991,9.310068,0.007980,36169728,36169728,861184,3729960,False
738,87,94.200000,0.416900,12.384808,4.555554,2.596826,10.391695,14.330338,30.409585,0.758621,0.804237,0.490373,3.561670,1166.613663,8.809906,0.007552,37461504,37461504,861184,3541980,False
739,90,94.200000,0.450569,12.422808,3.874450,2.824077,8.896738,10.452597,17.957943,0.800000,0.834842,0.463246,3.561670,1170.197699,9.411704,0.008043,38753280,38753280,861184,3792880,False
740,95,94.200000,0.432136,12.425571,4.021100,2.261036,10.693934,12.679687,24.162553,0.747368,0.817775,0.520633,3.561670,1170.499590,9.833034,0.008401,40906240,40906240,861184,4392700,False
741,101,94.200000,0.442422,12.370278,3.871886,2.125378,8.076701,10.081771,35.972833,0.772277,0.824187,0.513439,3.561670,1165.218461,9.985800,0.008570,43489792,43489792,861184,4414800,False
742,89,94.200000,0.420373,12.438896,4.279613,2.505136,10.568018,12.582252,31.399609,0.831461,0.859872,0.461880,3.561670,1171.675434,9.250017,0.007895,38322688,38322688,861184,3438240,False
743,87,94.200000,0.422456,12.424192,4.221878,1.869847,9.148690,14.152247,37.892164,0.735632,0.816725,0.528857,3.561670,1170.341938,9.191762,0.007854,37461504,37461504,861184,3950700,False
744,96,94.200000,0.434027,12.388504,4.580350,2.944901,10.795739,13.815916,26.175250,0.843750,0.901426,0.456399,3.561670,1166.980257,10.322259,0.008845,41336832,41336832,861184,4305860,False
745,94,94.200000,0.405885,12.421671,4.148154,2.338933,9.463424,13.139746,28.432747,0.755319,0.845106,0.517955,3.561670,1170.071897,9.862839,0.008429,40475648,40475648,861184,4571580,False
746,91,94.200000,0.394422,12.427514,4.277623,2.259225,10.325899,13.060950,18.172277,0.791209,0.865916,0.491980,3.561670,1170.653404,9.621518,0.008219,39183872,39183872,861184,4042740,False
747,103,94.200000,0.458159,12.421862,4.678537,2.455694,12.242295,17.826309,23.277747,0.834951,0.883566,0.461868,3.561670,1170.067268,10.441623,0.008924,44350976,44350976,861184,4316520,False
748,105,94.200000,0.462526,12.417736,4.475622,2.822191,9.272645,14.059880,28.702553,0.809524,0.869950,0.465181,3.561670,1169.672430,10.467845,0.008949,45212160,45212160,861184,4893460,False
749,68,94.200000,0.418690,12.448191,5.576323,3.501662,12.470129,18.186547,30.777709,0.808824,0.859319,0.433194,3.561670,1172.573889,8.115942,0.006921,29280256,29280256,861184,2761720,False
750,109,94.200000,0.416808,12.384147,4.069434,2.921769,9.209371,11.785973,19.310589,0.834862,0.888235,0.456081,3.561670,1166.497519,10.675872,0.009152,46934528,46934528,861184,4575220,False
751,90,94.200000,0.399209,12.383848,4.055939,2.762408,9.131019,11.735762,17.799357,0.800000,0.844058,0.469821,3.561670,1166.503789,9.252844,0.007932,38753280,38753280,861184,3517800,False
752,97,94.200000,0.485586,12.359900,4.510871,3.790973,9.864195,12.040114,15.399038,0.835052,0.886212,0.414698,3.561670,1164.257844,9.891298,0.008496,41767424,41767424,861184,3903380,False
753,103,94.200000,0.405780,12.412555,4.022554,3.119647,8.722882,13.234963,18.426667,0.786408,0.816652,0.472793,3.561670,1169.229356,9.697516,0.008294,44350976,44350976,861184,4030520,False
754,99,94.200000,0.451551,12.385777,4.299942,2.949217,10.093421,11.717201,21.436503,0.797980,0.841725,0.468297,3.561670,1166.676438,9.965395,0.008542,42628608,42628608,861184,4003480,False
755,111,94.200000,0.452634,12.407107,4.474032,2.757758,10.776130,15.745263,26.636566,0.801802,0.843691,0.469556,3.561670,1168.711795,10.730266,0.009181,47795712,47795712,861184,4515160,False
756,96,94.200000,0.472278,12.398928,4.584587,3.342194,9.017752,11.417914,26.710948,0.864583,0.913273,0.422993,3.561670,1167.931962,10.098646,0.008647,41336832,41336832,861184,3974620,False
757,95,94.200000,0.476088,12.417804,4.076269,2.469524,9.675992,12.165782,27.844109,0.821053,0.848696,0.480972,3.561670,1169.696615,10.044307,0.008587,40906240,40906240,861184,4160260,False
758,110,94.200000,0.437328,12.361159,4.216575,3.095667,9.992961,14.040476,19.220945,0.827273,0.865506,0.464493,3.561670,1164.367468,10.928350,0.009386,47365120,47365120,861184,4958720,False
759,98,94.200000,0.466620,12.357356,4.143386,3.521910,8.813845,11.685483,14.905004,0.806122,0.832534,0.450142,3.561670,1164.037503,9.901463,0.008506,42198016,42198016,861184,3762460,False
760,89,94.200000,0.491679,12.387639,4.696237,2.494125,10.231132,15.837542,27.117841,0.752809,0.844653,0.489525,3.561670,1166.868521,9.460884,0.008108,38322688,38322688,861184,3965780,False
761,79,94.200000,0.496846,12.385194,4.443905,3.369676,10.311516,14.386158,17.717550,0.810127,0.894960,0.463860,3.561670,1166.621925,8.882782,0.007614,34016768,34016768,861184,3576040,False
762,94,94.200000,0.465905,12.391370,4.125753,2.512424,10.455971,12.156540,23.556172,0.797872,0.843766,0.498338,3.561670,1167.292425,9.683613,0.008296,40475648,40475648,861184,4126980,False
763,102,94.200000,0.450230,12.439818,4.106045,2.885020,8.483854,11.839624,40.401284,0.803922,0.841352,0.474392,3.561670,1171.867905,10.114066,0.008631,43920384,43920384,861184,4206540,False
764,103,94.200000,0.485765,12.412954,4.508328,2.949748,9.360789,13.077520,30.326717,0.805825,0.867806,0.462647,3.561670,1169.238394,10.541171,0.009015,44350976,44350976,861184,4778280,False
765,92,94.200000,0.412486,12.387299,4.775615,3.550805,11.104528,12.619706,20.741209,0.847826,0.871035,0.426716,3.561670,1166.838802,9.579780,0.008210,39614464,39614464,861184,3561480,False
766,104,94.200000,0.551566,12.421886,5.620196,3.575380,13.222831,17.309226,36.151860,0.884615,0.911666,0.428411,3.561670,1170.070551,10.857681,0.009280,44781568,44781568,861184,4604080,False
767,91,94.200000,0.491318,12.452239,4.548118,3.256423,11.376142,12.896749,15.808208,0.835165,0.872935,0.441814,3.561670,1172.930838,9.805810,0.008360,39183872,39183872,861184,3649620,False
768,94,94.200000,0.446268,12.412379,3.934645,2.794056,9.481278,12.434966,19.925482,0.744681,0.861300,0.491839,3.561670,1169.162765,10.028651,0.008578,40475648,40475648,861184,4615260,False
769,94,94.200000,0.483377,12.414121,5.924348,4.066277,13.357155,17.222811,38.364950,0.851064,0.889414,0.387466,3.561670,1169.367622,9.761564,0.008348,40475648,40475648,861184,3435640,False
770,88,94.200000,0.454575,12.371693,4.744001,2.642561,11.976741,18.491994,25.009902,0.806818,0.836884,0.466919,3.561670,1165.430120,9.230554,0.007920,37892096,37892096,861184,3557320,False
771,71,94.200000,0.427912,12.384206,4.915511,3.529764,11.487320,17.020759,30.853787,0.774648,0.835368,0.442367,3.561670,1166.547183,8.148515,0.006985,30572032,30572032,861184,2629640,False
772,91,94.200000,0.486388,12.419925,4.883308,3.533001,11.550082,14.435520,22.988663,0.824176,0.887172,0.438093,3.561670,1169.911513,9.563718,0.008175,39183872,39183872,861184,3848520,False
773,94,94.200000,0.429170,12.382529,4.258589,2.699189,8.906978,14.296776,27.976312,0.819149,0.849270,0.469158,3.561670,1166.386094,9.902460,0.008490,40475648,40475648,861184,3954340,False
774,98,94.200000,0.459533,12.442738,4.146728,2.493505,10.299205,12.610425,18.296315,0.816327,0.858273,0.478684,3.561670,1172.107193,10.005341,0.008536,42198016,42198016,861184,4502160,False
775,93,94.200000,0.507762,12.447826,4.770779,3.561023,9.856497,12.988779,46.210742,0.817204,0.845095,0.428210,3.561670,1172.565308,9.454824,0.008063,40045056,40045056,861184,3667560,False
776,90,94.200000,0.454871,12.384015,5.149662,3.589438,10.471765,14.700813,36.740903,0.811111,0.877125,0.429590,3.561670,1166.522334,9.419385,0.008075,38753280,38753280,861184,3814720,False
777,94,94.200000,0.436960,12.400158,4.655910,2.543851,13.507044,16.009637,18.012517,0.765957,0.815516,0.479953,3.561670,1168.064399,9.473176,0.008110,40475648,40475648,861184,3869580,False
778,105,94.200000,0.478675,12.400402,4.816411,2.995884,12.301522,16.155651,32.178063,0.838095,0.880569,0.449041,3.561670,1168.022408,10.410266,0.008913,45212160,45212160,861184,4586140,False
779,94,94.200000,0.440119,12.388864,4.959071,3.524956,11.420845,13.851122,24.428333,0.819149,0.866773,0.432310,3.561670,1166.969174,9.802498,0.008400,40475648,40475648,861184,3602560,False
780,82,94.200000,0.569086,12.380070,6.287962,3.979972,14.931024,16.452572,39.344107,0.853659,0.890000,0.366592,3.561670,1166.170608,8.899813,0.007632,35308544,35308544,861184,3209960,False
781,108,94.200000,0.476535,12.427116,4.506328,3.018782,9.160064,12.198169,30.219273,0.833333,0.857376,0.445456,3.561670,1170.583388,10.764502,0.009196,46503936,46503936,861184,4505540,False
782,87,94.200000,0.495583,12.407138,4.860094,3.484839,10.205156,12.536390,34.449178,0.850575,0.909229,0.412483,3.561670,1168.684904,9.606971,0.008220,37461504,37461504,861184,3378180,False
783,75,94.200000,0.520235,12.403087,4.814452,3.010844,13.083198,14.363356,22.565605,0.826667,0.872184,0.451840,3.561670,1168.292342,8.880592,0.007601,32294400,32294400,861184,3462680,False
784,95,94.200000,0.439575,12.391638,4.303668,2.997313,9.580230,14.069560,22.567430,0.831579,0.886124,0.444759,3.561670,1167.259122,10.022296,0.008586,40906240,40906240,861184,4079400,False
785,100,94.200000,0.467060,12.412519,4.902567,3.015934,10.871878,15.242871,31.253647,0.850000,0.890724,0.441605,3.561670,1169.206351,10.440917,0.008930,43059200,43059200,861184,4663100,False
786,99,94.200000,0.434656,12.421594,4.441968,2.957255,10.729581,13.700024,29.217661,0.787879,0.852765,0.466715,3.561670,1170.085014,10.036810,0.008578,42628608,42628608,861184,4332120,False
787,101,94.200000,0.434695,12.388592,4.331177,2.799120,10.604371,13.832613,21.648331,0.801980,0.821493,0.473423,3.561670,1166.943193,10.008428,0.008577,43489792,43489792,861184,4085120,False
788,92,94.200000,0.412865,12.430332,4.358712,2.975149,10.631072,13.662350,21.329281,0.760870,0.815408,0.487889,3.561670,1170.872986,9.259715,0.007908,39614464,39614464,861184,3871400,False
789,101,94.200000,0.461834,12.464441,3.562983,2.228947,8.479568,11.707258,17.343967,0.821782,0.847347,0.504558,3.561670,1174.161799,10.532660,0.008970,43489792,43489792,861184,4911140,False
790,103,94.200000,0.436333,12.455528,3.745367,2.187597,8.206513,12.659951,21.032366,0.747573,0.854369,0.530059,3.561670,1173.273408,10.571990,0.009011,44350976,44350976,861184,5114460,False
791,88,94.200000,0.430757,12.441982,4.366684,2.951545,9.960247,11.871546,18.348759,0.818182,0.858757,0.447830,3.561670,1172.006333,9.290403,0.007927,37892096,37892096,861184,3679520,False
792,97,94.200000,0.499332,12.410903,5.148025,2.989563,13.324309,17.376037,24.821731,0.773196,0.830496,0.469794,3.561670,1169.104683,9.654105,0.008258,41767424,41767424,861184,4296760,False
793,97,94.200000,0.430784,12.383145,4.944564,3.247015,11.569898,14.741015,35.894337,0.835052,0.858352,0.430557,3.561670,1166.453097,9.943519,0.008525,41767424,41767424,861184,3952260,False
794,95,94.200000,0.439655,12.425375,5.220450,3.171641,10.073920,10.882911,42.185149,0.842105,0.891475,0.421985,3.561670,1170.370546,9.599319,0.008202,40906240,40906240,861184,3595540,False
795,87,94.200000,0.490836,12.451061,4.280273,3.262624,10.724624,12.955988,22.547503,0.793103,0.841710,0.466914,3.561670,1172.858100,9.581813,0.008170,37461504,37461504,861184,3508960,False
796,94,94.200000,0.472083,12.453067,4.933483,3.312435,12.569543,17.304156,22.548439,0.776596,0.856478,0.467582,3.561670,1173.072215,9.738864,0.008302,40475648,40475648,861184,4216940,False
797,87,94.200000,0.493108,12.445471,5.762590,3.750648,12.717067,16.134004,50.824678,0.839080,0.879789,0.410127,3.561670,1172.292571,9.304431,0.007937,37461504,37461504,861184,3381820,False
798,90,94.200000,0.474065,12.364263,5.135925,4.099313,9.454936,15.298421,38.572589,0.811111,0.849441,0.408984,3.561670,1164.639429,9.053744,0.007774,38753280,38753280,861184,2848300,False
799,88,94.200000,0.553509,12.381364,5.000599,2.921138,11.022795,16.133848,44.640504,0.818182,0.884722,0.463138,3.561670,1166.308206,9.667743,0.008289,37892096,37892096,861184,4119700,False
800,81,94.200000,0.461173,12.442247,4.602972,2.239574,10.774720,18.779024,23.679575,0.765432,0.799963,0.485497,3.561670,1172.011224,8.437969,0.007200,34877952,34877952,861184,3300700,False
801,101,94.200000,0.446425,12.452619,4.114172,2.546652,10.166011,12.781001,24.480347,0.762376,0.825420,0.496314,3.561670,1172.980544,9.965169,0.008496,43489792,43489792,861184,4459520,False
802,101,94.200000,0.510665,12.369238,5.525716,3.844802,14.625378,16.684275,21.381366,0.851485,0.887475,0.403715,3.561670,1165.176799,10.280058,0.008823,43489792,43489792,861184,4248140,False
803,83,94.200000,0.472530,12.339959,4.709844,2.789952,10.793929,14.556672,21.752158,0.831325,0.883696,0.463678,3.561670,1162.410510,9.048318,0.007784,35739136,35739136,861184,3682120,False
804,83,94.200000,0.403951,12.395092,4.204756,2.213917,8.249886,14.526389,32.733794,0.819277,0.889796,0.499998,3.561670,1167.501774,9.384778,0.008038,35739136,35739136,861184,4200040,False
805,111,94.200000,0.488194,12.376490,5.024632,3.475851,11.527817,14.413690,24.715771,0.882883,0.909563,0.393462,3.561670,1165.857287,11.106552,0.009527,47795712,47795712,861184,4569500,False
806,105,94.200000,0.577886,12.399908,5.628735,3.744296,13.371610,15.023376,28.803935,0.847619,0.894034,0.402368,3.561670,1168.030408,10.661118,0.009127,45212160,45212160,861184,4372160,False
807,93,94.200000,0.442531,12.384962,5.287723,3.651499,12.655595,14.372441,29.537417,0.752688,0.786017,0.449815,3.561670,1166.653263,8.919427,0.007645,40045056,40045056,861184,3081520,False
808,112,94.200000,0.457063,12.437360,4.239038,2.731195,10.433565,11.574196,19.885436,0.803571,0.867938,0.476700,3.561670,1171.526932,10.787914,0.009208,48226304,48226304,861184,4607980,False
809,92,94.200000,0.439067,12.380352,3.869535,2.338756,8.760926,12.094252,21.192012,0.782609,0.832336,0.505583,3.561670,1166.163974,9.525944,0.008169,39614464,39614464,861184,4112940,False
810,91,94.200000,0.513686,12.385445,4.685152,2.322029,10.493047,14.166966,40.329700,0.835165,0.878764,0.459871,3.561670,1166.683966,9.747757,0.008355,39183872,39183872,861184,4362540,False
811,85,94.200000,0.502969,12.408901,4.646586,2.923832,10.528656,12.851377,31.990172,0.823529,0.847762,0.457901,3.561670,1168.926257,9.127448,0.007808,36600320,36600320,861184,3531840,False
812,101,94.200000,0.467193,12.396310,5.007782,2.744524,12.429448,17.615740,29.614815,0.792079,0.846790,0.475065,3.561670,1167.691869,9.904952,0.008483,43489792,43489792,861184,4207320,False
813,96,94.200000,0.502524,12.402618,4.081729,2.560021,10.134230,11.511555,33.427921,0.760417,0.863351,0.508727,3.561670,1168.291434,10.192615,0.008724,41336832,41336832,861184,5214820,False
814,90,94.200000,0.447465,12.393140,4.018521,2.696360,9.837660,11.750988,25.428362,0.788889,0.846185,0.495219,3.561670,1167.400470,9.575177,0.008202,38753280,38753280,861184,4155320,False
815,83,94.200000,0.521220,12.385946,4.087301,2.535321,10.091728,14.497622,19.262968,0.771084,0.868019,0.500867,3.561670,1166.718035,9.273129,0.007948,35739136,35739136,861184,3923400,False
816,80,94.200000,0.498254,12.389351,4.896417,3.656057,10.160897,12.851644,27.001316,0.825000,0.846983,0.394645,3.561670,1167.063890,8.859203,0.007591,34447360,34447360,861184,2795520,False
817,96,94.200000,0.444169,12.400086,3.731155,2.210174,9.685030,13.090413,17.728082,0.729167,0.813677,0.542580,3.561670,1168.067987,9.816695,0.008404,41336832,41336832,861184,4904380,False
818,107,94.200000,0.540467,12.377914,5.460174,3.956811,13.029034,16.252323,38.079648,0.850467,0.909904,0.404601,3.561670,1165.927097,10.705412,0.009182,46073344,46073344,861184,4144140,False
819,95,94.200000,0.440173,12.360330,4.562584,3.251475,10.690126,14.055696,21.422963,0.778947,0.835248,0.483790,3.561670,1164.366665,9.508591,0.008166,40906240,40906240,861184,4186520,False
820,91,94.200000,0.492972,12.402513,4.200681,3.064242,8.515043,12.073408,18.218354,0.835165,0.881654,0.435589,3.561670,1168.309103,9.616665,0.008231,39183872,39183872,861184,3789760,False
821,99,94.200000,0.433971,12.426304,4.129633,2.820542,11.095752,13.622707,19.052296,0.737374,0.800731,0.501660,3.561670,1170.544146,9.600282,0.008202,42628608,42628608,861184,4214860,False
822,85,94.200000,0.491638,12.413011,4.162024,3.004721,8.915805,14.109647,23.039913,0.800000,0.831484,0.476446,3.561670,1169.261313,9.008887,0.007705,36600320,36600320,861184,3514940,False
823,83,94.200000,0.499675,12.410913,4.882967,3.167646,12.152848,14.888077,26.527201,0.819277,0.845322,0.429431,3.561670,1169.034445,8.826160,0.007550,35739136,35739136,861184,3108040,False
824,88,94.200000,0.600271,12.404010,4.879993,3.480816,8.993320,18.525981,30.639561,0.852273,0.872441,0.410474,3.561670,1168.418386,9.230901,0.007900,37892096,37892096,861184,3778840,False
825,109,94.200000,0.491823,12.384925,5.615743,3.921133,13.540138,15.494820,38.586341,0.807339,0.869433,0.427018,3.561670,1166.580806,10.727497,0.009196,46934528,46934528,861184,4806880,False
826,101,94.200000,0.462019,12.408344,4.546057,3.437356,10.012302,12.168019,24.388773,0.792079,0.840511,0.454300,3.561670,1168.853451,9.891809,0.008463,43489792,43489792,861184,4242160,False
827,97,94.200000,0.455042,12.379962,5.029249,3.680581,11.614251,14.319010,37.253905,0.814433,0.852795,0.438034,3.561670,1166.142222,9.954900,0.008537,41767424,41767424,861184,3853460,False
828,97,94.200000,0.471816,12.420350,4.438327,2.071616,10.156969,15.202240,32.929064,0.783505,0.845151,0.504972,3.561670,1169.940426,10.115456,0.008646,41767424,41767424,861184,4669080,False
829,83,94.200000,0.542599,12.397314,4.766624,3.654094,11.428956,14.111172,21.049296,0.855422,0.881991,0.428931,3.561670,1167.798518,9.355112,0.008011,35739136,35739136,861184,3624660,False
830,85,94.200000,0.488223,12.449301,4.343778,2.737693,8.147824,12.108069,39.682970,0.823529,0.889927,0.479468,3.561670,1172.666264,9.312012,0.007941,36600320,36600320,861184,4032340,False
831,77,94.200000,0.494218,12.432177,4.533056,3.308753,9.952022,14.852817,27.362665,0.753247,0.802092,0.479472,3.561670,1171.079677,8.306432,0.007093,33155584,33155584,861184,3193840,False
832,108,94.200000,0.511254,12.400339,5.031301,2.890295,13.723068,16.032232,20.987676,0.824074,0.850311,0.433205,3.561670,1168.070198,10.359194,0.008869,46503936,46503936,861184,4248920,False
833,116,94.200000,0.480980,12.390901,4.954771,3.690215,12.075359,14.052380,25.108111,0.801724,0.853391,0.416532,3.561670,1167.201269,10.891967,0.009332,49948672,49948672,861184,4426500,False
834,96,94.200000,0.450299,12.395666,3.951472,2.030424,10.998402,13.096545,20.230173,0.729167,0.775092,0.526541,3.561670,1167.624064,9.440926,0.008086,41336832,41336832,861184,4443920,False
835,91,94.200000,0.633019,12.454973,6.511114,4.585744,13.917918,16.539739,56.250682,0.857143,0.901116,0.374617,3.561670,1173.200045,9.721418,0.008286,39183872,39183872,861184,3586440,False
836,93,94.200000,0.486709,12.362829,5.611178,4.018309,12.315505,18.620357,31.257789,0.827957,0.866162,0.429146,3.561670,1164.543428,9.603890,0.008247,40045056,40045056,861184,3669640,False
837,94,94.200000,0.506067,12.427154,5.799229,3.799129,13.770236,16.154989,57.332472,0.755319,0.821036,0.459490,3.561670,1170.630786,9.308762,0.007952,40475648,40475648,861184,3899480,False
838,105,94.200000,0.473042,12.343174,4.642694,3.358648,10.953329,14.881257,19.787704,0.790476,0.845854,0.464078,3.561670,1162.690939,10.362112,0.008912,45212160,45212160,861184,4630600,False
839,89,94.200000,0.507481,12.403935,5.103015,4.030967,11.670120,16.750076,24.724567,0.876404,0.899875,0.390988,3.561670,1168.449655,9.412054,0.008055,38322688,38322688,861184,3395860,False
840,85,94.200000,0.534717,12.399466,4.401656,2.792046,9.720490,13.256869,23.778846,0.858824,0.879982,0.445752,3.561670,1168.002563,9.364612,0.008018,36600320,36600320,861184,3812900,False
841,98,94.200000,0.491748,12.408690,4.997801,3.218842,12.370909,15.160498,19.253774,0.857143,0.892304,0.426037,3.561670,1168.826752,10.340875,0.008847,42198016,42198016,861184,4356040,False
842,101,94.200000,0.541643,12.427423,5.245464,3.328529,11.547648,16.608059,57.422227,0.831683,0.857536,0.438268,3.561670,1170.616702,10.109424,0.008636,43489792,43489792,861184,4127240,False
843,97,94.200000,0.506003,12.487771,4.705980,2.893391,11.076529,13.039689,23.421546,0.835052,0.884967,0.453576,3.561670,1176.332010,10.417984,0.008856,41767424,41767424,861184,4623840,False
844,106,94.200000,0.467709,12.392135,4.469097,2.585411,11.109690,15.015545,22.611392,0.801887,0.852171,0.488039,3.561670,1167.324011,10.492660,0.008989,45642752,45642752,861184,5174520,False
845,105,94.200000,0.475687,12.403104,4.711557,2.837919,12.361768,15.341945,22.828097,0.780952,0.839748,0.466379,3.561670,1168.322579,10.468099,0.008960,45212160,45212160,861184,4451460,False
846,100,94.200000,0.518459,12.420336,4.630196,2.649011,12.049930,15.349860,35.626925,0.760000,0.830588,0.497474,3.561670,1169.937749,10.255005,0.008765,43059200,43059200,861184,4828980,False
847,86,94.200000,0.456759,12.398873,4.179362,2.656492,9.308697,14.199154,27.639343,0.744186,0.819611,0.495585,3.561670,1167.973793,8.921144,0.007638,37030912,37030912,861184,3891160,False
848,90,94.200000,0.391014,12.416582,3.552817,2.144094,8.160971,12.399801,18.670872,0.766667,0.797806,0.518929,3.561670,1169.584827,9.456978,0.008086,38753280,38753280,861184,4037800,False
849,109,94.200000,0.459319,12.411141,3.711992,2.519133,7.774734,12.806034,23.316533,0.724771,0.781280,0.513941,3.561670,1169.115870,10.221247,0.008743,46934528,46934528,861184,4737460,False
850,92,94.200000,0.489951,12.362386,4.512234,2.521360,11.535160,13.371596,36.475952,0.782609,0.818254,0.491249,3.561670,1164.492330,9.383603,0.008058,39614464,39614464,861184,3778840,False
851,104,94.200000,0.520577,12.404296,4.926966,3.022216,11.413311,14.254538,25.011504,0.884615,0.895778,0.429777,3.561670,1168.461545,10.403153,0.008903,44781568,44781568,861184,4495140,False
852,102,94.200000,0.486316,12.407650,4.417042,2.713272,10.884884,14.539339,28.834889,0.745098,0.783095,0.496104,3.561670,1168.714012,9.396856,0.008040,43920384,43920384,861184,3941600,False
853,88,94.200000,0.485022,12.375951,4.605177,3.539109,12.220441,13.267108,21.833894,0.784091,0.835075,0.457234,3.561670,1165.806393,9.003171,0.007723,37892096,37892096,861184,3559660,False
854,97,94.200000,0.544854,12.379370,5.298472,2.925529,10.969722,16.751346,37.279773,0.762887,0.822105,0.470823,3.561670,1166.112068,9.724308,0.008339,41767424,41767424,861184,4304300,False
855,96,94.200000,0.451006,12.402754,4.525365,2.942649,10.900119,13.230189,42.147088,0.770833,0.821925,0.470642,3.561670,1168.266474,9.509288,0.008140,41336832,41336832,861184,3847220,False
856,95,94.200000,0.549423,12.393745,4.732063,3.436205,10.726915,16.000174,35.882002,0.810526,0.860874,0.446226,3.561670,1167.392065,9.796344,0.008392,40906240,40906240,861184,4549740,False
857,112,94.200000,0.476331,12.417818,4.426907,3.208316,9.418366,13.131087,25.131361,0.803571,0.825802,0.451722,3.561670,1169.736471,10.449467,0.008933,48226304,48226304,861184,4342260,False
858,91,94.200000,0.575889,12.434610,5.247398,3.855136,12.221183,15.022441,31.789518,0.824176,0.886700,0.418450,3.561670,1171.292612,9.530182,0.008136,39183872,39183872,861184,3929900,False
859,93,94.200000,0.530324,12.417819,4.283461,2.885449,9.930273,14.319017,25.414218,0.838710,0.888770,0.463316,3.561670,1169.711793,9.923238,0.008483,40045056,40045056,861184,4629300,False
860,87,94.200000,0.575690,12.400864,4.963938,3.280191,11.652131,16.967423,21.532542,0.827586,0.872726,0.413943,3.561670,1168.117071,9.295177,0.007957,37461504,37461504,861184,3727100,False
861,95,94.200000,0.481149,12.362572,4.314336,3.001241,9.668298,14.358311,22.860574,0.852632,0.867815,0.452640,3.561670,1164.519615,9.680393,0.008313,40906240,40906240,861184,3934320,False
862,85,94.200000,0.421515,12.400982,4.597257,3.536496,9.293711,13.362236,22.146807,0.800000,0.843661,0.433125,3.561670,1168.117545,8.928756,0.007644,36600320,36600320,861184,3238040,False
863,81,94.200000,0.533353,12.383400,4.195970,2.789496,10.109158,11.394185,16.814801,0.802469,0.831390,0.443200,3.561670,1166.495283,8.662428,0.007426,34877952,34877952,861184,3237780,False
864,93,94.200000,0.517094,12.403259,4.499068,2.952617,10.171017,12.285690,30.144632,0.817204,0.852990,0.458339,3.561670,1168.349126,9.556600,0.008180,40045056,40045056,861184,3893500,False
865,110,94.200000,0.536492,12.400914,4.575988,2.976461,12.944906,14.468637,22.099367,0.836364,0.878837,0.431191,3.561670,1168.093185,10.907022,0.009337,47365120,47365120,861184,5201040,False
866,87,94.200000,0.553179,12.417908,4.636736,2.051310,10.849084,15.657202,45.929947,0.758621,0.803842,0.512397,3.561670,1169.734866,9.094818,0.007775,37461504,37461504,861184,3841240,False
867,85,94.200000,0.495800,12.462429,5.977651,3.872062,12.982437,16.118776,37.577906,0.823529,0.872032,0.419898,3.561670,1173.935642,9.235119,0.007867,36600320,36600320,861184,3791320,False
868,99,94.200000,0.494094,12.398968,5.097382,2.967916,12.806145,17.417211,33.366100,0.777778,0.824651,0.446440,3.561670,1167.924661,9.498976,0.008133,42628608,42628608,861184,3946280,False
869,86,94.200000,0.500962,12.424243,4.859090,3.528959,10.256802,16.141633,26.445259,0.790698,0.847975,0.443169,3.561670,1170.350454,8.851690,0.007563,37030912,37030912,861184,3178240,False
870,98,94.200000,0.474985,12.329093,4.485606,2.600792,8.745447,12.404300,44.956489,0.775510,0.833481,0.489958,3.561670,1161.332212,9.754765,0.008400,42198016,42198016,861184,4468360,False
871,79,94.200000,0.474262,12.360398,4.457090,2.882126,10.638310,12.238657,16.401916,0.797468,0.854491,0.451532,3.561670,1164.322239,8.748735,0.007514,34016768,34016768,861184,3199040,False
872,93,94.200000,0.474149,12.391486,4.375459,2.956879,8.377345,14.491050,27.603243,0.817204,0.852492,0.451369,3.561670,1167.297137,9.610515,0.008233,40045056,40045056,861184,4326660,False
873,94,94.200000,0.496813,12.428639,4.984849,3.801963,11.447221,13.078080,23.200784,0.797872,0.837417,0.432984,3.561670,1170.735423,9.441422,0.008065,40475648,40475648,861184,3900260,False
874,90,94.200000,0.589595,12.362300,6.170091,3.587898,13.804544,16.460905,80.247155,0.822222,0.860298,0.415556,3.561670,1164.475963,9.370536,0.008047,38753280,38753280,861184,3498820,False
875,109,94.200000,0.511406,12.395108,4.535693,3.023322,10.883441,14.662873,22.632508,0.825688,0.857346,0.451856,3.561670,1167.543165,10.492782,0.008987,46934528,46934528,861184,4500340,False
876,90,94.200000,0.518031,12.394094,5.986820,3.940232,13.352582,17.418418,47.901564,0.844444,0.852941,0.383726,3.561670,1167.447071,9.236286,0.007912,38753280,38753280,861184,3086460,False
877,87,94.200000,0.536521,12.396549,5.332656,3.077964,11.355378,16.388647,51.250061,0.850575,0.890335,0.415016,3.561670,1167.713840,9.437788,0.008082,37461504,37461504,861184,3811340,False
878,104,94.200000,0.553427,12.391791,4.967484,3.139128,12.434575,16.269082,28.838392,0.817308,0.852140,0.447864,3.561670,1167.249645,10.087251,0.008642,44781568,44781568,861184,4551820,False
879,88,94.200000,0.540434,12.382545,4.872859,3.084062,11.914570,14.600432,28.884975,0.818182,0.862100,0.447101,3.561670,1166.421996,9.330639,0.007999,37892096,37892096,861184,3612180,False
880,74,94.200000,0.534374,12.397055,4.368449,3.012721,9.474541,14.022426,19.853081,0.770270,0.830609,0.470953,3.561670,1167.729213,8.427740,0.007217,31863808,31863808,861184,3331900,False
881,98,94.200000,0.483020,12.424925,4.594555,3.004805,10.503447,16.515207,27.515550,0.785714,0.807402,0.456876,3.561670,1170.396481,9.438257,0.008064,42198016,42198016,861184,3492840,False
882,85,94.200000,0.609402,12.400240,5.025546,2.762742,11.151618,19.183056,54.004475,0.788235,0.820404,0.478929,3.561670,1168.090418,8.913764,0.007631,36600320,36600320,861184,3707600,False
883,86,94.200000,0.491321,12.385124,5.772187,2.585698,15.224379,22.189844,45.442721,0.813953,0.850498,0.460881,3.561670,1166.576795,9.227037,0.007909,37030912,37030912,861184,3585140,False
884,96,94.200000,0.473882,12.371455,4.503183,2.586800,10.056813,13.309675,25.029137,0.812500,0.851779,0.470186,3.561670,1165.318914,10.007218,0.008588,41336832,41336832,861184,4486820,False
885,91,94.200000,0.469453,12.404269,4.298341,3.007088,9.778560,11.871658,23.678859,0.813187,0.878929,0.470745,3.561670,1168.424464,9.762917,0.008356,39183872,39183872,861184,4408820,False
886,94,94.200000,0.537470,12.400762,5.395309,3.256918,13.702377,17.286794,23.348053,0.840426,0.867233,0.442538,3.561670,1168.125262,9.620205,0.008236,40475648,40475648,861184,4170660,False
887,87,94.200000,0.638224,12.435952,6.554835,4.914284,15.042532,18.914330,48.083988,0.862069,0.897812,0.368039,3.561670,1171.407695,9.283694,0.007925,37461504,37461504,861184,3356860,False
888,101,94.200000,0.522790,12.402761,5.008674,3.112706,12.709584,15.369165,22.362917,0.792079,0.848232,0.458121,3.561670,1168.305950,10.066032,0.008616,43489792,43489792,861184,4364360,False
889,85,94.200000,0.574275,12.401309,4.855459,3.088250,12.558858,13.567197,24.057849,0.847059,0.870378,0.439992,3.561670,1168.101141,9.227454,0.007900,36600320,36600320,861184,4060940,False
890,83,94.200000,0.499980,12.413681,4.438941,3.029498,9.573814,11.324003,30.159322,0.831325,0.896099,0.445089,3.561670,1169.330095,9.219432,0.007884,35739136,35739136,861184,4028440,False
891,97,94.200000,0.535793,12.421937,4.728595,3.680549,9.588396,14.463801,22.845526,0.783505,0.855020,0.429539,3.561670,1170.054204,9.988217,0.008537,41767424,41767424,861184,4078880,False
892,85,94.200000,0.497207,12.446509,4.726723,3.479842,8.798662,14.907712,36.945454,0.800000,0.868422,0.437241,3.561670,1172.437468,9.158720,0.007812,36600320,36600320,861184,3507140,False
893,88,94.200000,0.497089,12.388590,5.836924,3.792594,13.140369,18.228755,31.076531,0.818182,0.875924,0.429559,3.561670,1166.919694,9.607151,0.008233,37892096,37892096,861184,3745820,False
894,104,94.200000,0.563855,12.396790,4.769844,3.232457,10.657385,13.847603,53.242358,0.798077,0.834858,0.449501,3.561670,1167.712340,10.553562,0.009038,44781568,44781568,861184,4516980,False
895,89,94.200000,0.461323,12.430862,4.488322,2.910864,10.162293,11.362178,21.283918,0.797753,0.847154,0.444301,3.561670,1170.939169,9.065688,0.007742,38322688,38322688,861184,3517540,False
896,105,94.200000,0.568859,12.428192,5.363010,3.833523,11.927124,14.617378,39.515651,0.876190,0.923123,0.389311,3.561670,1170.684289,10.568379,0.009028,45212160,45212160,861184,4542720,False
897,98,94.200000,0.517553,12.447237,4.810983,3.629174,10.966318,12.800208,26.536980,0.836735,0.889095,0.420435,3.561670,1172.498432,10.112839,0.008625,42198016,42198016,861184,4546880,False
898,75,94.200000,0.508758,12.423784,5.059521,3.285908,9.748317,14.151696,26.767204,0.840000,0.876654,0.431664,3.561670,1170.309215,8.605024,0.007353,32294400,32294400,861184,3335540,False
899,104,94.200000,0.586736,12.448583,5.536392,3.332105,13.970981,15.462257,24.684744,0.807692,0.852166,0.416070,3.561670,1172.639937,10.224773,0.008719,44781568,44781568,861184,4224220,False
900,84,94.200000,0.561565,12.355237,4.487276,3.731522,9.851533,11.719989,20.317072,0.773810,0.863227,0.443391,3.561670,1163.833564,9.060083,0.007785,36169728,36169728,861184,3908580,False
901,82,94.200000,0.564298,12.406635,5.084246,3.275867,11.557381,13.739690,24.729127,0.817073,0.862052,0.440725,3.561670,1168.677251,9.130762,0.007813,35308544,35308544,861184,3514160,False
902,69,94.200000,0.617689,12.401459,5.319400,3.021150,11.431538,14.379823,37.238566,0.884058,0.922376,0.435927,3.561670,1168.176364,8.567747,0.007334,29710848,29710848,861184,3435120,False
903,96,94.200000,0.483169,12.456513,4.923541,2.946234,11.080364,15.838266,41.441445,0.812500,0.816820,0.436710,3.561670,1173.409790,9.393953,0.008006,41336832,41336832,861184,3570580,False
904,96,94.200000,0.489847,12.432741,3.509708,1.983851,8.691868,10.931418,14.787948,0.802083,0.861929,0.522758,3.561670,1171.159083,10.301291,0.008796,41336832,41336832,861184,5262140,False
905,93,94.200000,0.542112,12.370369,4.525692,3.511365,8.970950,12.085617,31.086989,0.838710,0.858802,0.422247,3.561670,1165.225351,9.559661,0.008204,40045056,40045056,861184,3818100,False
906,113,94.200000,0.586909,12.406160,5.704915,3.392805,13.952384,17.711908,47.440511,0.823009,0.861384,0.413121,3.561670,1168.563637,10.755553,0.009204,48656896,48656896,861184,4692220,False
907,84,94.200000,0.497854,12.382026,4.468521,3.276101,10.154821,13.983335,24.643125,0.773810,0.824868,0.466010,3.561670,1166.373175,8.854027,0.007591,36169728,36169728,861184,3553420,False
908,81,94.200000,0.506711,12.346264,3.742204,2.462963,9.504427,11.763319,14.811521,0.827160,0.869159,0.478856,3.561670,1162.965842,9.262850,0.007965,34877952,34877952,861184,4035720,False
909,98,94.200000,0.545096,12.386714,4.897768,3.589205,12.388207,17.645865,29.274570,0.765306,0.842925,0.461511,3.561670,1166.757770,10.075832,0.008636,42198016,42198016,861184,4259840,False
910,111,94.200000,0.521381,12.371714,4.835568,3.734510,11.182115,14.486510,20.969562,0.801802,0.872738,0.436629,3.561670,1165.363231,10.641894,0.009132,47795712,47795712,861184,4997720,False
911,105,94.200000,0.589774,12.397307,5.730460,4.634626,11.364393,14.581238,29.893037,0.876190,0.902153,0.362348,3.561670,1167.810285,10.519600,0.009008,45212160,45212160,861184,3947580,False
912,94,94.200000,0.568622,12.431322,4.996119,3.777591,11.541358,13.560703,22.550751,0.861702,0.874342,0.386151,3.561670,1171.008897,9.632063,0.008225,40475648,40475648,861184,3718000,False
913,70,94.200000,0.533236,12.454324,5.644421,3.948973,13.973156,17.603484,24.630387,0.828571,0.850739,0.395410,3.561670,1173.153906,7.975625,0.006798,30141440,30141440,861184,2516020,False
914,96,94.200000,0.615791,12.416340,5.615884,3.932631,12.987298,16.314196,26.172461,0.885417,0.920831,0.367653,3.561670,1169.573049,10.079544,0.008618,41336832,41336832,861184,4223440,False
915,92,94.200000,0.482957,12.398092,5.182269,3.026977,13.495103,15.102599,26.937208,0.804348,0.862253,0.457002,3.561670,1167.867687,9.567604,0.008192,39614464,39614464,861184,4256460,False
916,102,94.200000,0.634413,12.417722,6.871092,3.129690,19.467234,26.065607,35.764651,0.843137,0.877243,0.409595,3.561670,1169.678115,10.109262,0.008643,43920384,43920384,861184,4294420,False
917,92,94.200000,0.571724,12.421950,6.109961,4.192542,14.548683,16.940918,32.616315,0.880435,0.912182,0.368505,3.561670,1170.132405,9.672133,0.008266,39614464,39614464,861184,3505060,False
918,91,94.200000,0.514815,12.385255,5.021132,2.598123,10.520159,12.983141,53.083236,0.802198,0.847102,0.474928,3.561670,1166.643895,9.343889,0.008009,39183872,39183872,861184,3965520,False
919,96,94.200000,0.555250,12.426531,5.155417,3.355704,11.161080,16.486921,37.012416,0.802083,0.848425,0.442733,3.561670,1170.487570,9.679597,0.008270,41336832,41336832,861184,3850860,False
920,106,94.200000,0.572834,12.434994,5.307944,3.234110,13.400028,16.537978,32.205369,0.867925,0.892480,0.433518,3.561670,1171.336132,10.557182,0.009013,45642752,45642752,861184,4928040,False
921,87,94.200000,0.487917,12.384790,4.412515,2.740392,10.303151,15.418612,19.641420,0.827586,0.853070,0.452996,3.561670,1166.642625,9.323327,0.007992,37461504,37461504,861184,3755960,False
922,89,94.200000,0.498653,12.398048,4.532112,2.442344,12.037867,14.112172,22.460023,0.786517,0.819876,0.486880,3.561670,1167.830793,8.985732,0.007694,38322688,38322688,861184,3901820,False
923,102,94.200000,0.554519,12.378203,4.842278,2.857769,9.847993,12.602630,69.198819,0.784314,0.803117,0.473954,3.561670,1166.015201,9.748643,0.008361,43920384,43920384,861184,4243720,False
924,96,94.200000,0.439657,12.414048,3.914786,2.100445,11.157607,15.215148,20.693742,0.739583,0.779541,0.537161,3.561670,1169.353036,9.400068,0.008039,41336832,41336832,861184,4348760,False
925,86,94.200000,0.388075,12.425788,4.493826,2.327327,10.870214,14.094221,32.330673,0.732558,0.777966,0.519871,3.561670,1170.478726,8.716374,0.007447,37030912,37030912,861184,3699800,False
926,87,94.200000,0.561413,12.447592,4.921468,3.672977,11.344040,14.218029,26.585895,0.747126,0.810417,0.460670,3.561670,1172.518672,8.728385,0.007444,37461504,37461504,861184,3390920,False
927,107,94.200000,0.591086,12.429283,5.411187,3.999687,12.733136,19.081461,23.388894,0.859813,0.902865,0.405866,3.561670,1170.781103,10.644621,0.009092,46073344,46073344,861184,4845100,False
928,90,94.200000,0.528976,12.406549,5.793408,3.606809,11.793322,16.682863,58.008409,0.777778,0.803834,0.437158,3.561670,1168.630884,8.795304,0.007526,38753280,38753280,861184,3085420,False
929,85,94.200000,0.548539,12.396326,5.122701,2.863320,14.172906,17.953851,33.909371,0.776471,0.830508,0.479482,3.561670,1167.715730,9.125106,0.007814,36600320,36600320,861184,3760380,False
930,84,94.200000,0.517703,12.405504,4.475178,3.103667,9.525380,13.394577,19.713708,0.797619,0.860986,0.455013,3.561670,1168.561701,9.228923,0.007898,36169728,36169728,861184,3854240,False
931,106,94.200000,0.569815,12.437691,5.739946,3.335024,12.417262,17.152357,52.191190,0.820755,0.827160,0.432471,3.561670,1171.529570,9.990524,0.008528,45642752,45642752,861184,4279860,False
932,88,94.200000,0.594632,12.393934,5.469416,2.995494,12.366258,16.930041,30.261638,0.795455,0.848521,0.442520,3.561670,1167.533060,9.253154,0.007925,37892096,37892096,861184,3759340,False
933,89,94.200000,0.487607,12.393485,4.493907,2.977432,9.623991,13.894684,41.274094,0.752809,0.804573,0.464305,3.561670,1167.426843,8.802862,0.007540,38322688,38322688,861184,3602820,False
934,81,94.200000,0.570772,12.407287,4.553049,2.400853,10.719775,15.630379,22.420607,0.802469,0.840915,0.479743,3.561670,1168.729808,8.900268,0.007615,34877952,34877952,861184,3947320,False
935,91,94.200000,0.547322,12.432091,5.212643,3.151866,12.216539,15.548092,38.165075,0.824176,0.854654,0.415192,3.561670,1171.050075,9.611644,0.008208,39183872,39183872,861184,3791840,False
936,98,94.200000,0.546383,12.407916,5.448218,3.338872,12.034668,16.289080,39.454931,0.816327,0.856410,0.434403,3.561670,1168.824200,9.969069,0.008529,42198016,42198016,861184,4437420,False
937,94,94.200000,0.481377,12.389302,3.369587,2.387332,7.212337,9.623481,15.582442,0.765957,0.794923,0.508416,3.561670,1167.090407,9.398077,0.008053,40475648,40475648,861184,4312620,False
938,90,94.200000,0.590546,12.396142,5.725130,3.565307,14.851051,18.164811,25.483150,0.833333,0.856476,0.396291,3.561670,1167.661313,9.225871,0.007901,38753280,38753280,861184,3450200,False
939,97,94.200000,0.572070,12.426967,7.600482,4.132156,14.053963,23.482375,133.824135,0.886598,0.890806,0.364382,3.561670,1170.533688,9.883670,0.008444,41767424,41767424,861184,3616860,False
940,87,94.200000,0.519776,12.378356,4.497004,2.924243,10.059285,12.389241,18.365274,0.793103,0.847218,0.456696,3.561670,1166.054972,9.217682,0.007905,37461504,37461504,861184,3958240,False
941,102,94.200000,0.529166,12.428986,4.891239,2.359300,12.797331,16.551907,33.199257,0.823529,0.852921,0.472508,3.561670,1170.732260,10.426539,0.008906,43920384,43920384,861184,4930380,False
942,99,94.200000,0.523751,12.455173,3.857606,2.688067,10.260122,13.638364,29.072502,0.747475,0.818422,0.521581,3.561670,1173.197934,9.862255,0.008406,42628608,42628608,861184,4985240,False
943,89,94.200000,0.536603,12.418757,5.904558,3.368301,14.368198,17.802313,28.956768,0.865169,0.880989,0.417195,3.561670,1169.807131,9.380754,0.008019,38322688,38322688,861184,3623620,False
944,99,94.200000,0.574608,12.442375,5.085876,3.297609,12.570818,17.224826,27.175881,0.808081,0.833229,0.434715,3.561670,1172.046377,9.587430,0.008180,42628608,42628608,861184,4074200,False
945,85,94.200000,0.491921,12.390104,4.691296,3.476366,10.244609,11.795850,28.041185,0.729412,0.751993,0.454125,3.561670,1167.124214,8.300365,0.007112,36600320,36600320,861184,2463760,False
946,108,94.200000,0.562512,12.410125,4.680254,3.142157,10.139820,14.538954,25.031993,0.805556,0.828339,0.454946,3.561670,1168.991985,10.189822,0.008717,46503936,46503936,861184,4525300,False
947,100,94.200000,0.515830,12.424672,5.175540,3.412932,12.901273,16.044894,28.066355,0.780000,0.813333,0.446345,3.561670,1170.375556,9.696685,0.008285,43059200,43059200,861184,3773900,False
948,92,94.200000,0.559926,12.395554,5.220906,3.390420,12.874090,18.064002,23.076031,0.826087,0.844756,0.419643,3.561670,1167.635152,9.409112,0.008058,39614464,39614464,861184,3751020,False
949,93,94.200000,0.642962,12.360494,5.709705,3.621247,13.013113,17.299090,24.487442,0.838710,0.844763,0.395656,3.561670,1164.334311,9.432141,0.008101,40045056,40045056,861184,3479060,False
950,96,94.200000,0.537289,12.409606,5.643419,3.569909,12.847033,16.704912,27.998796,0.854167,0.887328,0.400860,3.561670,1168.938663,9.839480,0.008417,41336832,41336832,861184,3811340,False
951,102,94.200000,0.502153,12.429931,4.728864,3.055310,9.652854,11.875203,37.473036,0.813725,0.848323,0.451425,3.561670,1170.873621,10.101078,0.008627,43920384,43920384,861184,4565080,False
952,99,94.200000,0.572158,12.411407,5.636453,3.513703,12.616113,19.318683,41.389288,0.787879,0.825296,0.426239,3.561670,1169.103486,9.823245,0.008402,42628608,42628608,861184,3852680,False
953,103,94.200000,0.526434,12.438471,4.751843,3.158151,11.979295,14.127328,45.019285,0.786408,0.821994,0.462465,3.561670,1171.630954,9.925097,0.008471,44350976,44350976,861184,4429620,False
954,80,94.200000,0.584269,12.430409,4.379791,2.365503,9.119739,12.740316,28.185202,0.762500,0.820632,0.496499,3.561670,1170.881412,8.815487,0.007529,34447360,34447360,861184,3878160,False
955,83,94.200000,0.518960,12.411070,5.218245,3.206374,13.224367,21.012348,27.944173,0.831325,0.846207,0.427550,3.561670,1169.105844,8.822204,0.007546,35739136,35739136,861184,3097900,False
956,98,94.200000,0.609793,12.385794,5.475690,2.847309,14.174842,17.740037,32.752868,0.806122,0.827297,0.451137,3.561670,1166.704091,9.629560,0.008254,42198016,42198016,861184,3816280,False
957,87,94.200000,0.578747,12.377791,4.811915,3.379592,10.520263,12.973190,22.885790,0.850575,0.863681,0.423212,3.561670,1165.958973,9.345969,0.008016,37461504,37461504,861184,3761680,False
958,96,94.200000,0.588257,12.388926,4.918900,2.546525,13.233512,15.947818,24.950432,0.822917,0.845887,0.461193,3.561670,1167.019294,9.640916,0.008261,41336832,41336832,861184,4076800,False
959,84,94.200000,0.453940,12.377092,3.992557,3.038076,8.002700,9.796780,20.131721,0.773810,0.848282,0.453852,3.561670,1165.874249,8.958236,0.007684,36169728,36169728,861184,3691480,False
960,104,94.200000,0.544754,12.411252,5.215702,3.600414,11.500015,16.757475,21.557968,0.836538,0.879985,0.422748,3.561670,1169.094316,10.310339,0.008819,44781568,44781568,861184,4481100,False
961,89,94.200000,0.595801,12.422342,5.891991,3.320062,12.612017,21.267131,51.750123,0.831461,0.882260,0.431260,3.561670,1170.170405,9.388688,0.008023,38322688,38322688,861184,3858400,False
962,92,94.200000,0.599234,12.406295,4.886823,3.404617,10.136080,14.036646,31.461238,0.826087,0.891304,0.431208,3.561670,1168.629772,10.021046,0.008575,39614464,39614464,861184,4607720,False
963,100,94.200000,0.530964,12.363043,5.312675,3.475364,13.539122,16.287497,24.597475,0.820000,0.846307,0.424779,3.561670,1164.548887,9.901175,0.008502,43059200,43059200,861184,3900780,False
964,107,94.200000,0.554281,12.354702,4.915266,3.021969,12.426010,15.726092,19.279876,0.841121,0.871480,0.437858,3.561670,1163.723339,10.371030,0.008912,46073344,46073344,861184,4917380,False
965,96,94.200000,0.556813,12.388119,5.772073,4.442489,12.884780,16.491382,24.275320,0.843750,0.880113,0.400239,3.561670,1166.938028,9.995716,0.008566,41336832,41336832,861184,3970980,False
966,81,94.200000,0.516602,12.375429,4.495200,2.783377,10.237539,12.415338,21.369518,0.802469,0.864133,0.468948,3.561670,1165.753152,8.827994,0.007573,34877952,34877952,861184,3797560,False
967,101,94.200000,0.574002,12.467205,5.029692,3.062280,12.019878,13.891243,47.157634,0.772277,0.818407,0.475014,3.561670,1174.407264,9.719947,0.008276,43489792,43489792,861184,4788420,False
968,98,94.200000,0.440307,12.445429,4.325254,3.181437,10.013515,12.459596,21.339100,0.734694,0.786255,0.484423,3.561670,1172.281324,9.399455,0.008018,42198016,42198016,861184,4176900,False
969,76,94.200000,0.485975,12.401496,3.582237,1.871163,7.833973,10.475658,28.882893,0.763158,0.810718,0.550252,3.561670,1168.164492,8.436727,0.007222,32724992,32724992,861184,3738020,False
970,109,94.200000,0.530987,12.414786,4.980061,3.683627,11.441012,13.630320,29.734446,0.834862,0.881935,0.431882,3.561670,1169.400319,10.783943,0.009222,46934528,46934528,861184,4947020,False
971,100,94.200000,0.528803,12.409086,3.994022,1.910064,10.207068,14.431201,25.267149,0.740000,0.797556,0.537231,3.561670,1168.845604,9.761955,0.008352,43059200,43059200,861184,4957420,False
972,93,94.200000,0.628294,12.428413,5.422920,3.725378,13.073148,15.819979,32.558214,0.849462,0.879242,0.405052,3.561670,1170.760453,9.738848,0.008318,40045056,40045056,861184,4125940,False
973,84,94.200000,0.636984,12.445741,5.709785,3.700277,12.212540,14.578216,40.611631,0.916667,0.927769,0.369960,3.561670,1172.361738,9.250788,0.007891,36169728,36169728,861184,3561480,False
974,80,94.200000,0.503048,12.398024,5.185390,3.013117,12.614710,14.984460,51.412894,0.800000,0.860635,0.461567,3.561670,1167.862855,8.940737,0.007656,34447360,34447360,861184,3691220,False
975,98,94.200000,0.519608,12.378991,4.920707,1.969510,13.868876,19.355912,37.542480,0.765306,0.782431,0.519994,3.561670,1166.031718,9.551916,0.008192,42198016,42198016,861184,4316780,False
976,100,94.200000,0.516571,12.415679,5.025622,3.298137,11.596554,14.536013,24.200315,0.840000,0.872739,0.411339,3.561670,1169.521724,10.228604,0.008746,43059200,43059200,861184,4445220,False
977,97,94.200000,0.537865,12.417620,5.185566,3.164194,10.995609,12.503338,45.336925,0.835052,0.875904,0.432357,3.561670,1169.667723,9.767706,0.008351,41767424,41767424,861184,4279080,False
978,106,94.200000,0.522258,12.413288,4.368685,2.883028,10.337316,13.289423,19.785496,0.811321,0.838450,0.456679,3.561670,1169.239797,10.403903,0.008898,45642752,45642752,861184,4679220,False
979,106,94.200000,0.545922,12.395079,4.612323,3.625343,10.498286,13.880669,22.789603,0.801887,0.821618,0.437820,3.561670,1167.561784,10.000344,0.008565,45642752,45642752,861184,4145960,False
980,86,94.200000,0.593811,12.352023,4.780390,3.701412,9.523608,12.579086,27.284310,0.860465,0.882405,0.423114,3.561670,1163.575690,9.448022,0.008120,37030912,37030912,861184,3885700,False
981,102,94.200000,0.537349,12.436001,4.526277,2.886085,9.879617,11.602444,24.709031,0.813725,0.858574,0.432182,3.561670,1171.427118,10.018255,0.008552,43920384,43920384,861184,4329000,False
982,90,94.200000,0.529024,12.460360,4.849858,3.380281,10.382757,15.833640,29.869135,0.788889,0.807701,0.453644,3.561670,1173.739313,8.977382,0.007649,38753280,38753280,861184,3633240,False
983,87,94.200000,0.538489,12.414649,5.085996,2.492241,13.542520,16.264750,28.268909,0.758621,0.783277,0.480720,3.561670,1169.459813,8.664573,0.007409,37461504,37461504,861184,3350880,False
984,100,94.200000,0.596899,12.431735,6.954022,3.205868,14.386636,19.108355,155.490513,0.860000,0.885786,0.422000,3.561670,1171.000383,10.206788,0.008716,43059200,43059200,861184,4399200,False
985,95,94.200000,0.491103,12.402477,4.523404,2.719033,11.231574,17.216239,28.536222,0.747368,0.775083,0.491860,3.561670,1168.344898,8.947673,0.007658,40906240,40906240,861184,3845140,False
986,96,94.200000,0.571626,12.430345,5.170611,3.171946,12.129383,14.805239,21.413064,0.854167,0.873356,0.420646,3.561670,1170.916902,10.033830,0.008569,41336832,41336832,861184,4291040,False
987,81,94.200000,0.516349,12.376942,5.294492,2.505317,12.593436,19.027074,39.830215,0.753086,0.803930,0.479435,3.561670,1165.845059,8.618044,0.007392,34877952,34877952,861184,3271580,False
988,85,94.200000,0.547372,12.372246,4.779948,3.639887,11.105654,16.419117,26.718996,0.788235,0.806102,0.446076,3.561670,1165.443553,8.645798,0.007418,36600320,36600320,861184,3206060,False
989,91,94.200000,0.637599,12.434486,5.908670,4.243103,13.913439,20.721846,35.131335,0.813187,0.831414,0.396389,3.561670,1171.296602,9.144311,0.007807,39183872,39183872,861184,3243760,False
990,110,94.200000,0.555345,12.393451,6.027250,3.934467,15.908990,17.396878,24.108016,0.818182,0.859531,0.398629,3.561670,1167.454454,10.477467,0.008975,47365120,47365120,861184,4346160,False
991,90,94.200000,0.550455,12.420890,4.522926,2.810498,10.421671,11.600658,29.810644,0.777778,0.846859,0.475336,3.561670,1170.087826,9.417372,0.008048,38753280,38753280,861184,4611100,False
992,93,94.200000,0.587997,12.422754,4.814741,2.458121,13.520019,18.578361,36.004328,0.806452,0.838720,0.488019,3.561670,1170.128048,9.623092,0.008224,40045056,40045056,861184,4647500,False
993,97,94.200000,0.499995,12.401118,4.803395,3.154205,10.011379,11.691035,35.716925,0.773196,0.802125,0.464529,3.561670,1168.122973,9.482869,0.008118,41767424,41767424,861184,3739060,False
994,105,94.200000,0.624709,12.373987,4.730633,3.475737,9.788475,13.238839,36.340112,0.828571,0.846573,0.418081,3.561670,1165.588325,10.203558,0.008754,45212160,45212160,861184,4406480,False
995,87,94.200000,0.556902,12.414523,5.144393,3.048881,13.317608,15.131536,21.430668,0.758621,0.804104,0.452458,3.561670,1169.380288,8.847022,0.007566,37461504,37461504,861184,3635580,False
996,90,94.200000,0.559963,12.403103,4.591529,3.203422,10.934547,12.505102,21.276158,0.788889,0.803321,0.448641,3.561670,1168.388381,8.850531,0.007575,38753280,38753280,861184,3492060,False
997,104,94.200000,0.602606,12.372882,5.299077,3.858925,11.638926,15.897048,38.257351,0.875000,0.909146,0.397541,3.561670,1165.472539,10.615899,0.009109,44781568,44781568,861184,4993040,False
998,94,94.200000,0.560550,12.419773,5.334286,3.538736,14.686334,17.726862,20.061311,0.765957,0.806191,0.445959,3.561670,1169.878964,9.359561,0.008000,40475648,40475648,861184,3591640,False
999,106,94.200000,0.544830,12.407091,5.531473,4.128665,11.175702,17.952909,40.911037,0.820755,0.843381,0.412348,3.561670,1168.700088,10.028678,0.008581,45642752,45642752,861184,4324320,False
1000,122,94.200000,0.542327,12.363552,5.094945,3.088071,12.485223,19.047439,29.912120,0.762295,0.791818,0.453477,3.561670,1164.631324,10.623475,0.009122,52532224,52532224,861184,4579640,False
