round,clients,skipped_empty,download_bytes,upload_bytes,bytes_per_client,sparse_upload_bytes_diag,local_loss,update_norm,mean_touched_rows,client_pos_mean,client_pos_min,client_pos_max,cum_download_bytes,cum_upload_bytes
1,86,False,37030912,37030912,861184,3838640,0.692843,0.012283,171.674419,60.011628,3,320,37030912,37030912
2,91,False,39183872,39183872,861184,3728400,0.692670,0.014126,157.582418,54.593407,5,200,76214784,76214784
3,99,False,42628608,42628608,861184,4952740,0.692494,0.016453,192.414141,67.747475,2,320,118843392,118843392
4,95,False,40906240,40906240,861184,5099120,0.692637,0.014039,206.442105,73.063158,3,376,159749632,159749632
5,93,False,40045056,40045056,861184,2905500,0.692181,0.020268,120.161290,41.311828,5,182,199794688,199794688
6,96,False,41336832,41336832,861184,3640780,0.691208,0.030362,145.864583,50.406250,3,224,241131520,241131520
7,110,False,47365120,47365120,861184,3762200,0.691100,0.030146,131.545455,45.772727,1,272,288496640,288496640
8,92,False,39614464,39614464,861184,4335240,0.688702,0.042923,181.239130,63.119565,1,272,328111104,328111104
9,85,False,36600320,36600320,861184,4112160,0.691128,0.032039,186.070588,65.200000,6,272,364711424,364711424
10,91,False,39183872,39183872,861184,4249700,0.691759,0.024119,179.615385,62.615385,5,242,403895296,403895296
11,100,False,43059200,43059200,861184,4602000,0.691334,0.027100,177.000000,61.890000,3,255,446954496,446954496
12,93,False,40045056,40045056,861184,4271280,0.690226,0.038563,176.645161,61.956989,2,242,486999552,486999552
13,86,False,37030912,37030912,861184,3468140,0.687617,0.055443,155.104651,53.872093,5,278,524030464,524030464
14,93,False,40045056,40045056,861184,4298320,0.689276,0.043502,177.763441,61.924731,5,255,564075520,564075520
15,97,False,41767424,41767424,861184,4049500,0.685411,0.061125,160.567010,55.649485,3,278,605842944,605842944
16,96,False,41336832,41336832,861184,3899220,0.681316,0.076352,156.218750,54.750000,1,272,647179776,647179776
17,94,False,40475648,40475648,861184,4100200,0.686028,0.059827,167.765957,58.244681,6,193,687655424,687655424
18,87,False,37461504,37461504,861184,3736980,0.684077,0.068900,165.206897,57.390805,7,258,725116928,725116928
19,89,False,38322688,38322688,861184,3419780,0.672729,0.110394,147.786517,51.550562,3,272,763439616,763439616
20,92,False,39614464,39614464,861184,4245540,0.685771,0.061764,177.489130,62.021739,5,320,803054080,803054080
21,84,False,36169728,36169728,861184,3428620,0.677975,0.090092,156.988095,54.619048,7,240,839223808,839223808
22,75,False,32294400,32294400,861184,3083860,0.669649,0.121068,158.146667,54.653333,1,182,871518208,871518208
23,117,False,50379264,50379264,861184,6016140,0.684302,0.064530,197.769231,69.358974,6,320,921897472,921897472
24,78,False,33586176,33586176,861184,3712540,0.679004,0.091274,183.064103,64.025641,2,278,955483648,955483648
25,109,False,46934528,46934528,861184,4525820,0.675004,0.095208,159.697248,55.293578,7,184,1002418176,1002418176
26,86,False,37030912,37030912,861184,4435600,0.673160,0.102388,198.372093,70.151163,5,376,1039449088,1039449088
27,81,False,34877952,34877952,861184,3679260,0.672225,0.112777,174.703704,61.283951,3,272,1074327040,1074327040
28,93,False,40045056,40045056,861184,3947320,0.663141,0.130071,163.247312,56.827957,5,212,1114372096,1114372096
29,86,False,37030912,37030912,861184,3364920,0.662911,0.131549,150.488372,52.267442,2,238,1151403008,1151403008
30,104,False,44781568,44781568,861184,4458220,0.662011,0.130790,164.875000,57.278846,5,267,1196184576,1196184576
31,91,False,39183872,39183872,861184,4045080,0.654361,0.146192,170.967033,59.670330,2,249,1235368448,1235368448
32,86,False,37030912,37030912,861184,4125940,0.656414,0.139970,184.523256,64.546512,5,272,1272399360,1272399360
33,88,False,37892096,37892096,861184,3447860,0.655876,0.139741,150.693182,51.931818,7,185,1310291456,1310291456
34,96,False,41336832,41336832,861184,3836560,0.644143,0.155306,153.708333,53.364583,5,249,1351628288,1351628288
35,113,False,48656896,48656896,861184,4724460,0.636440,0.164500,160.805310,56.486726,2,255,1400285184,1400285184
36,97,False,41767424,41767424,861184,4103580,0.635152,0.172230,162.711340,57.041237,2,376,1442052608,1442052608
37,100,False,43059200,43059200,861184,4172220,0.629633,0.178542,160.470000,55.690000,5,238,1485111808,1485111808
38,92,False,39614464,39614464,861184,4183660,0.630063,0.186538,174.902174,60.978261,3,320,1524726272,1524726272
39,106,False,45642752,45642752,861184,4332380,0.601083,0.211302,157.198113,54.811321,1,255,1570369024,1570369024
40,90,False,38753280,38753280,861184,3998540,0.613288,0.195805,170.877778,59.811111,3,272,1609122304,1609122304
41,107,False,46073344,46073344,861184,4820400,0.606473,0.196603,173.271028,60.345794,1,255,1655195648,1655195648
42,89,False,38322688,38322688,861184,3205280,0.585452,0.217354,138.516854,47.831461,5,192,1693518336,1693518336
43,99,False,42628608,42628608,861184,4576780,0.587404,0.220584,177.808081,62.515152,1,272,1736146944,1736146944
44,95,False,40906240,40906240,861184,4669080,0.596028,0.198567,189.031579,67.168421,5,376,1777053184,1777053184
45,85,False,36600320,36600320,861184,3882320,0.583383,0.224857,175.670588,61.376471,2,272,1813653504,1813653504
46,97,False,41767424,41767424,861184,4084600,0.535132,0.256718,161.958763,56.340206,3,242,1855420928,1855420928
47,96,False,41336832,41336832,861184,3834740,0.552166,0.247085,153.635417,53.552083,4,376,1896757760,1896757760
48,97,False,41767424,41767424,861184,3931980,0.527259,0.252836,155.907216,54.505155,1,272,1938525184,1938525184
49,100,False,43059200,43059200,861184,3825640,0.498672,0.259310,147.140000,51.340000,1,320,1981584384,1981584384
50,85,False,36600320,36600320,861184,3323580,0.510931,0.257051,150.388235,52.364706,1,249,2018184704,2018184704
51,94,False,40475648,40475648,861184,3697200,0.507905,0.245454,151.276596,52.691489,3,376,2058660352,2058660352
52,96,False,41336832,41336832,861184,4375280,0.487298,0.251263,175.291667,61.197917,4,240,2099997184,2099997184
53,94,False,40475648,40475648,861184,3830060,0.493088,0.251043,156.712766,54.329787,2,267,2140472832,2140472832
54,104,False,44781568,44781568,861184,4159480,0.459222,0.258032,153.826923,54.163462,1,376,2185254400,2185254400
55,115,False,49518080,49518080,861184,4630600,0.456265,0.245839,154.869565,53.965217,1,278,2234772480,2234772480
56,95,False,40906240,40906240,861184,4547660,0.474925,0.245081,184.115789,64.547368,4,272,2275678720,2275678720
57,94,False,40475648,40475648,861184,4431700,0.448083,0.255815,181.329787,63.340426,3,272,2316154368,2316154368
58,74,False,31863808,31863808,861184,3189160,0.437112,0.248520,165.756757,58.027027,3,272,2348018176,2348018176
59,89,False,38322688,38322688,861184,4196660,0.449873,0.256076,181.359551,63.359551,5,258,2386340864,2386340864
60,105,False,45212160,45212160,861184,4413760,0.431304,0.258698,161.676190,56.095238,1,267,2431553024,2431553024
61,91,False,39183872,39183872,861184,3273660,0.391270,0.263233,138.362637,47.890110,5,195,2470736896,2470736896
62,89,False,38322688,38322688,861184,3703700,0.415922,0.259963,160.056180,55.629213,5,255,2509059584,2509059584
63,95,False,40906240,40906240,861184,4460560,0.407542,0.258241,180.589474,62.842105,3,200,2549965824,2549965824
64,79,False,34016768,34016768,861184,2875600,0.352406,0.267841,140.000000,48.645570,3,230,2583982592,2583982592
65,103,False,44350976,44350976,861184,4049760,0.362760,0.245006,151.223301,52.582524,3,267,2628333568,2628333568
66,88,False,37892096,37892096,861184,2809820,0.351003,0.265494,122.806818,42.215909,5,179,2666225664,2666225664
67,91,False,39183872,39183872,861184,4071340,0.359177,0.245580,172.076923,60.549451,1,272,2705409536,2705409536
68,93,False,40045056,40045056,861184,3901560,0.372960,0.246539,161.354839,56.311828,3,278,2745454592,2745454592
69,97,False,41767424,41767424,861184,3787160,0.336698,0.241208,150.164948,51.917526,1,179,2787222016,2787222016
70,87,False,37461504,37461504,861184,3935880,0.338021,0.238694,174.000000,60.931034,5,255,2824683520,2824683520
71,101,False,43489792,43489792,861184,4637100,0.352392,0.251142,176.584158,61.603960,6,272,2868173312,2868173312
72,86,False,37030912,37030912,861184,4317560,0.365679,0.246881,193.093023,67.360465,5,255,2905204224,2905204224
73,100,False,43059200,43059200,861184,4125160,0.316020,0.243420,158.660000,54.820000,5,195,2948263424,2948263424
74,92,False,39614464,39614464,861184,4675840,0.336445,0.244357,195.478261,68.663043,1,376,2987877888,2987877888
75,87,False,37461504,37461504,861184,3743480,0.305362,0.245887,165.494253,57.735632,6,255,3025339392,3025339392
76,88,False,37892096,37892096,861184,3794700,0.313257,0.244864,165.852273,57.852273,5,255,3063231488,3063231488
77,92,False,39614464,39614464,861184,3580200,0.298461,0.243285,149.673913,52.152174,4,376,3102845952,3102845952
78,91,False,39183872,39183872,861184,4030000,0.300762,0.236619,170.329670,59.604396,5,272,3142029824,3142029824
79,89,False,38322688,38322688,861184,3343600,0.281154,0.235936,144.494382,50.213483,1,242,3180352512,3180352512
80,90,False,38753280,38753280,861184,3110120,0.251597,0.233351,132.911111,45.922222,5,177,3219105792,3219105792
81,101,False,43489792,43489792,861184,4441320,0.301970,0.212636,169.128713,58.871287,5,255,3262595584,3262595584
82,102,False,43920384,43920384,861184,4276740,0.279163,0.212648,161.264706,56.313725,1,320,3306515968,3306515968
83,99,False,42628608,42628608,861184,4240340,0.258774,0.218624,164.737374,57.595960,2,267,3349144576,3349144576
84,102,False,43920384,43920384,861184,4232280,0.245182,0.217195,159.588235,56.049020,1,278,3393064960,3393064960
85,107,False,46073344,46073344,861184,3961620,0.248380,0.217492,142.401869,49.224299,6,214,3439138304,3439138304
86,79,False,34016768,34016768,861184,3220100,0.266466,0.238366,156.772152,54.417722,7,169,3473155072,3473155072
87,95,False,40906240,40906240,861184,3967340,0.252055,0.214897,160.621053,56.042105,3,278,3514061312,3514061312
88,94,False,40475648,40475648,861184,3709160,0.238247,0.216168,151.765957,52.914894,2,278,3554536960,3554536960
89,109,False,46934528,46934528,861184,4053660,0.223457,0.208202,143.036697,49.862385,3,258,3601471488,3601471488
90,85,False,36600320,36600320,861184,3436680,0.247067,0.222126,155.505882,53.917647,7,238,3638071808,3638071808
91,102,False,43920384,43920384,861184,4362800,0.257024,0.209399,164.509804,57.598039,1,376,3681992192,3681992192
92,88,False,37892096,37892096,861184,5151640,0.274624,0.220606,225.159091,79.750000,3,278,3719884288,3719884288
93,92,False,39614464,39614464,861184,3439020,0.227305,0.226090,143.771739,50.413043,1,376,3759498752,3759498752
94,82,False,35308544,35308544,861184,3590860,0.239775,0.222699,168.426829,58.939024,5,267,3794807296,3794807296
95,96,False,41336832,41336832,861184,4115540,0.232388,0.205475,164.885417,57.437500,5,272,3836144128,3836144128
96,105,False,45212160,45212160,861184,4942600,0.237904,0.203993,181.047619,63.009524,4,255,3881356288,3881356288
97,86,False,37030912,37030912,861184,3499340,0.229522,0.210647,156.500000,54.325581,1,230,3918387200,3918387200
98,97,False,41767424,41767424,861184,3864380,0.227675,0.205813,153.226804,53.525773,5,376,3960154624,3960154624
99,103,False,44350976,44350976,861184,4501900,0.223699,0.205499,168.106796,58.815534,4,255,4004505600,4004505600
100,114,False,49087488,49087488,861184,4999800,0.211599,0.191138,168.684211,59.263158,3,376,4053593088,4053593088
101,86,False,37030912,37030912,861184,3932760,0.222961,0.218027,175.883721,61.674419,4,267,4090624000,4090624000
102,83,False,35739136,35739136,861184,3758820,0.229432,0.225359,174.180723,60.915663,4,240,4126363136,4126363136
103,89,False,38322688,38322688,861184,4289740,0.220742,0.207061,185.382022,65.033708,3,267,4164685824,4164685824
104,93,False,40045056,40045056,861184,4708600,0.232065,0.217469,194.731183,68.408602,8,272,4204730880,4204730880
105,105,False,45212160,45212160,861184,5079620,0.226024,0.203464,186.066667,65.161905,2,278,4249943040,4249943040
106,91,False,39183872,39183872,861184,4198220,0.211008,0.209987,177.439560,62.000000,2,320,4289126912,4289126912
107,98,False,42198016,42198016,861184,4426240,0.193026,0.198839,173.714286,60.979592,6,278,4331324928,4331324928
108,84,False,36169728,36169728,861184,3052920,0.193929,0.213881,139.785714,48.559524,3,242,4367494656,4367494656
109,90,False,38753280,38753280,861184,3696940,0.209043,0.208539,157.988889,54.877778,4,255,4406247936,4406247936
110,103,False,44350976,44350976,861184,3411460,0.175189,0.194089,127.388350,44.009709,5,258,4450598912,4450598912
111,86,False,37030912,37030912,861184,3685760,0.199345,0.215717,164.837209,57.616279,5,224,4487629824,4487629824
112,74,False,31863808,31863808,861184,2564640,0.177921,0.235729,133.297297,46.283784,1,278,4519493632,4519493632
113,88,False,37892096,37892096,861184,4087980,0.208858,0.215179,178.670455,62.738636,5,258,4557385728,4557385728
114,90,False,38753280,38753280,861184,4219280,0.206211,0.209566,180.311111,63.255556,3,376,4596139008,4596139008
115,86,False,37030912,37030912,861184,3920280,0.207419,0.214932,175.325581,61.453488,5,320,4633169920,4633169920
116,84,False,36169728,36169728,861184,3720340,0.199368,0.215468,170.345238,59.357143,5,230,4669339648,4669339648
117,93,False,40045056,40045056,861184,3514940,0.186470,0.204269,145.365591,50.064516,2,179,4709384704,4709384704
118,100,False,43059200,43059200,861184,4333160,0.193244,0.203333,166.660000,58.490000,5,376,4752443904,4752443904
119,91,False,39183872,39183872,861184,3621540,0.191589,0.200571,153.065934,53.142857,2,212,4791627776,4791627776
120,104,False,44781568,44781568,861184,4756440,0.197363,0.198034,175.903846,61.461538,3,255,4836409344,4836409344
121,95,False,40906240,40906240,861184,4042220,0.189415,0.201838,163.652632,56.968421,2,242,4877315584,4877315584
122,95,False,40906240,40906240,861184,3680040,0.186029,0.205048,148.989474,52.084211,2,376,4918221824,4918221824
123,98,False,42198016,42198016,861184,4522440,0.195205,0.200141,177.489796,62.000000,5,272,4960419840,4960419840
124,92,False,39614464,39614464,861184,3501680,0.159868,0.208500,146.391304,51.054348,3,255,5000034304,5000034304
125,104,False,44781568,44781568,861184,4339400,0.193092,0.192790,160.480769,55.730769,2,272,5044815872,5044815872
126,101,False,43489792,43489792,861184,4618380,0.178914,0.182339,175.871287,61.445545,7,238,5088305664,5088305664
127,101,False,43489792,43489792,861184,4078620,0.175791,0.195698,155.316832,53.940594,5,255,5131795456,5131795456
128,87,False,37461504,37461504,861184,3473860,0.185936,0.218047,153.574713,53.344828,3,224,5169256960,5169256960
129,118,False,50809856,50809856,861184,5554380,0.182297,0.170101,181.042373,63.059322,5,267,5220066816,5220066816
130,93,False,40045056,40045056,861184,3769740,0.170219,0.218561,155.903226,54.516129,5,267,5260111872,5260111872
131,94,False,40475648,40475648,861184,3991520,0.193120,0.191323,163.319149,56.744681,3,255,5300587520,5300587520
132,97,False,41767424,41767424,861184,3908060,0.183522,0.205165,154.958763,53.680412,2,224,5342354944,5342354944
133,100,False,43059200,43059200,861184,4086160,0.178307,0.195660,157.160000,54.530000,1,179,5385414144,5385414144
134,108,False,46503936,46503936,861184,4941040,0.186097,0.191409,175.962963,61.175926,2,258,5431918080,5431918080
135,94,False,40475648,40475648,861184,3612960,0.161747,0.193789,147.829787,51.308511,1,210,5472393728,5472393728
136,95,False,40906240,40906240,861184,4157920,0.171740,0.196053,168.336842,58.642105,4,255,5513299968,5513299968
137,117,False,50379264,50379264,861184,5192460,0.186643,0.177305,170.692308,59.427350,6,278,5563679232,5563679232
138,97,False,41767424,41767424,861184,4194580,0.177159,0.198821,166.319588,57.670103,5,249,5605446656,5605446656
139,100,False,43059200,43059200,861184,4570540,0.190582,0.196747,175.790000,61.460000,5,272,5648505856,5648505856
140,98,False,42198016,42198016,861184,5221320,0.184768,0.189657,204.918367,72.479592,4,376,5690703872,5690703872
141,92,False,39614464,39614464,861184,3375320,0.159849,0.202663,141.108696,48.989130,5,258,5730318336,5730318336
142,91,False,39183872,39183872,861184,3774160,0.150064,0.187754,159.516484,55.450549,5,238,5769502208,5769502208
143,87,False,37461504,37461504,861184,3606200,0.159196,0.209130,159.425287,55.850575,3,376,5806963712,5806963712
144,84,False,36169728,36169728,861184,3711240,0.172021,0.209988,169.928571,59.250000,5,278,5843133440,5843133440
145,112,False,48226304,48226304,861184,4402320,0.167336,0.194765,151.178571,52.678571,5,320,5891359744,5891359744
146,87,False,37461504,37461504,861184,3900260,0.177456,0.206716,172.425287,60.310345,3,255,5928821248,5928821248
147,95,False,40906240,40906240,861184,4550260,0.193204,0.203427,184.221053,64.389474,3,272,5969727488,5969727488
148,89,False,38322688,38322688,861184,4153760,0.184416,0.214973,179.505618,62.662921,1,255,6008050176,6008050176
149,84,False,36169728,36169728,861184,3775200,0.180430,0.211169,172.857143,60.642857,6,376,6044219904,6044219904
150,78,False,33586176,33586176,861184,2946840,0.152645,0.216851,145.307692,50.602564,3,272,6077806080,6077806080
151,78,False,33586176,33586176,861184,3790280,0.164929,0.224136,186.897436,65.615385,6,255,6111392256,6111392256
152,91,False,39183872,39183872,861184,4354220,0.168923,0.191702,184.032967,64.538462,1,272,6150576128,6150576128
153,89,False,38322688,38322688,861184,3540160,0.152168,0.203159,152.988764,52.910112,1,179,6188898816,6188898816
154,90,False,38753280,38753280,861184,3978780,0.169609,0.183505,170.033333,59.200000,1,278,6227652096,6227652096
155,91,False,39183872,39183872,861184,3812120,0.158761,0.197373,161.120879,56.362637,3,272,6266835968,6266835968
156,82,False,35308544,35308544,861184,3669380,0.153688,0.211972,172.109756,60.780488,2,376,6302144512,6302144512
157,96,False,41336832,41336832,861184,4684940,0.169502,0.192386,187.697917,65.416667,4,224,6343481344,6343481344
158,95,False,40906240,40906240,861184,3667560,0.153738,0.202984,148.484211,51.557895,2,214,6384387584,6384387584
159,96,False,41336832,41336832,861184,4083040,0.158440,0.191310,163.583333,57.135417,4,272,6425724416,6425724416
160,103,False,44350976,44350976,861184,5020340,0.178165,0.200292,187.466019,65.728155,2,272,6470075392,6470075392
161,91,False,39183872,39183872,861184,4310280,0.172238,0.208224,182.175824,63.747253,3,272,6509259264,6509259264
162,83,False,35739136,35739136,861184,3427060,0.152799,0.232191,158.807229,55.771084,2,376,6544998400,6544998400
163,93,False,40045056,40045056,861184,3758820,0.147430,0.189647,155.451613,54.236559,3,376,6585043456,6585043456
164,92,False,39614464,39614464,861184,3567720,0.146711,0.196760,149.152174,51.815217,5,320,6624657920,6624657920
165,90,False,38753280,38753280,861184,3813160,0.155331,0.208502,162.955556,56.733333,8,272,6663411200,6663411200
166,103,False,44350976,44350976,861184,4660760,0.165315,0.188996,174.038835,60.912621,4,376,6707762176,6707762176
167,95,False,40906240,40906240,861184,4311320,0.154191,0.184982,174.547368,61.557895,3,320,6748668416,6748668416
168,99,False,42628608,42628608,861184,4585100,0.161508,0.188273,178.131313,62.212121,5,272,6791297024,6791297024
169,93,False,40045056,40045056,861184,4469920,0.166423,0.188208,184.860215,64.279570,5,258,6831342080,6831342080
170,96,False,41336832,41336832,861184,3381300,0.141979,0.212211,135.468750,46.895833,4,193,6872678912,6872678912
171,103,False,44350976,44350976,861184,4531280,0.161298,0.187596,169.203883,59.291262,1,376,6917029888,6917029888
172,104,False,44781568,44781568,861184,4374760,0.145252,0.187109,161.788462,56.721154,3,255,6961811456,6961811456
173,90,False,38753280,38753280,861184,3876860,0.143353,0.194386,165.677778,58.111111,2,320,7000564736,7000564736
174,88,False,37892096,37892096,861184,3244540,0.139937,0.199582,141.806818,48.875000,5,170,7038456832,7038456832
175,93,False,40045056,40045056,861184,3587220,0.137021,0.206810,148.354839,51.462366,5,258,7078501888,7078501888
176,105,False,45212160,45212160,861184,4828720,0.145525,0.171044,176.876190,61.942857,3,255,7123714048,7123714048
177,77,False,33155584,33155584,861184,3919240,0.154818,0.199394,195.766234,69.064935,6,272,7156869632,7156869632
178,106,False,45642752,45642752,861184,4462380,0.157794,0.187095,161.915094,56.386792,3,267,7202512384,7202512384
179,111,False,47795712,47795712,861184,4847440,0.147087,0.173112,167.963964,58.594595,3,255,7250308096,7250308096
180,101,False,43489792,43489792,861184,3956420,0.151531,0.186245,150.663366,52.257426,5,238,7293797888,7293797888
181,84,False,36169728,36169728,861184,3868800,0.140669,0.192251,177.142857,62.535714,3,320,7329967616,7329967616
182,97,False,41767424,41767424,861184,4144660,0.145986,0.212779,164.340206,57.402062,1,242,7371735040,7371735040
183,96,False,41336832,41336832,861184,4549480,0.142689,0.176377,182.270833,64.020833,5,278,7413071872,7413071872
184,82,False,35308544,35308544,861184,3017300,0.149010,0.207690,141.524390,48.951220,5,179,7448380416,7448380416
185,112,False,48226304,48226304,861184,5552300,0.160808,0.181220,190.669643,67.223214,5,278,7496606720,7496606720
186,98,False,42198016,42198016,861184,3964220,0.144218,0.200614,155.581633,54.091837,2,238,7538804736,7538804736
187,89,False,38322688,38322688,861184,4287140,0.138239,0.192993,185.269663,65.505618,5,272,7577127424,7577127424
188,86,False,37030912,37030912,861184,3750240,0.154247,0.204035,167.720930,58.255814,5,242,7614158336,7614158336
189,89,False,38322688,38322688,861184,3954600,0.141043,0.209621,170.898876,59.887640,5,320,7652481024,7652481024
190,103,False,44350976,44350976,861184,3979820,0.140807,0.216036,148.611650,51.805825,3,267,7696832000,7696832000
191,99,False,42628608,42628608,861184,4048720,0.154623,0.190678,157.292929,54.666667,6,242,7739460608,7739460608
192,81,False,34877952,34877952,861184,3751280,0.155924,0.202760,178.123457,62.172840,3,224,7774338560,7774338560
193,103,False,44350976,44350976,861184,4099160,0.134769,0.184633,153.067961,53.407767,4,255,7818689536,7818689536
194,94,False,40475648,40475648,861184,4474860,0.150138,0.188350,183.095745,63.776596,1,249,7859165184,7859165184
195,96,False,41336832,41336832,861184,4110340,0.144678,0.199485,164.677083,57.541667,5,320,7900502016,7900502016
196,86,False,37030912,37030912,861184,4416880,0.152780,0.206768,197.534884,69.162791,5,242,7937532928,7937532928
197,107,False,46073344,46073344,861184,3946800,0.139413,0.190642,141.869159,49.018692,1,187,7983606272,7983606272
198,89,False,38322688,38322688,861184,3868540,0.152135,0.199956,167.179775,58.202247,1,255,8021928960,8021928960
199,90,False,38753280,38753280,861184,3515200,0.133157,0.203653,150.222222,51.733333,5,200,8060682240,8060682240
200,105,False,45212160,45212160,861184,4386460,0.129476,0.170021,160.676190,55.790476,1,272,8105894400,8105894400
201,86,False,37030912,37030912,861184,3640000,0.139436,0.214978,162.790698,56.872093,3,272,8142925312,8142925312
202,81,False,34877952,34877952,861184,3608020,0.148542,0.205098,171.320988,59.580247,4,195,8177803264,8177803264
203,103,False,44350976,44350976,861184,3973320,0.136454,0.193872,148.368932,51.524272,3,210,8222154240,8222154240
204,94,False,40475648,40475648,861184,5064800,0.169537,0.207923,207.234043,72.744681,6,278,8262629888,8262629888
205,93,False,40045056,40045056,861184,3582280,0.137791,0.206823,148.150538,51.623656,5,242,8302674944,8302674944
206,89,False,38322688,38322688,861184,3485040,0.137575,0.201556,150.606742,52.123596,6,255,8340997632,8340997632
207,93,False,40045056,40045056,861184,3354780,0.136729,0.214740,138.741935,48.172043,1,320,8381042688,8381042688
208,78,False,33586176,33586176,861184,3598660,0.137050,0.201239,177.448718,62.487179,5,278,8414628864,8414628864
209,88,False,37892096,37892096,861184,3720860,0.145858,0.200427,162.625000,56.829545,3,267,8452520960,8452520960
210,89,False,38322688,38322688,861184,3665480,0.122731,0.181317,158.404494,54.977528,3,214,8490843648,8490843648
211,75,False,32294400,32294400,861184,3306940,0.139459,0.237680,169.586667,59.293333,6,272,8523138048,8523138048
212,89,False,38322688,38322688,861184,4035200,0.144117,0.198045,174.382022,60.741573,5,255,8561460736,8561460736
213,83,False,35739136,35739136,861184,3244280,0.126673,0.218913,150.337349,52.132530,8,206,8597199872,8597199872
214,96,False,41336832,41336832,861184,3368820,0.122393,0.204937,134.968750,46.635417,6,267,8638536704,8638536704
215,94,False,40475648,40475648,861184,3601260,0.127282,0.198907,147.351064,51.223404,3,255,8679012352,8679012352
216,110,False,47365120,47365120,861184,4617860,0.135877,0.184556,161.463636,56.536364,1,320,8726377472,8726377472
217,106,False,45642752,45642752,861184,3392480,0.116425,0.197930,123.094340,42.481132,1,267,8772020224,8772020224
218,80,False,34447360,34447360,861184,3407560,0.132409,0.216857,163.825000,57.462500,3,278,8806467584,8806467584
219,97,False,41767424,41767424,861184,4050280,0.128362,0.179557,160.597938,55.680412,3,196,8848235008,8848235008
220,95,False,40906240,40906240,861184,3798080,0.123592,0.193235,153.768421,53.463158,3,242,8889141248,8889141248
221,99,False,42628608,42628608,861184,4346420,0.129171,0.174408,168.858586,59.090909,5,272,8931769856,8931769856
222,102,False,43920384,43920384,861184,4373720,0.129253,0.169805,164.921569,57.401961,1,255,8975690240,8975690240
223,106,False,45642752,45642752,861184,4528940,0.126738,0.175590,164.330189,57.132075,3,238,9021332992,9021332992
224,104,False,44781568,44781568,861184,4695860,0.131239,0.186255,173.663462,61.288462,5,376,9066114560,9066114560
225,83,False,35739136,35739136,861184,3932760,0.128311,0.188036,182.240964,63.855422,5,242,9101853696,9101853696
226,111,False,47795712,47795712,861184,5033080,0.132375,0.192732,174.396396,61.045045,5,272,9149649408,9149649408
227,97,False,41767424,41767424,861184,4395560,0.139547,0.183902,174.288660,61.164948,6,272,9191416832,9191416832
228,95,False,40906240,40906240,861184,4657120,0.151759,0.211367,188.547368,66.126316,6,258,9232323072,9232323072
229,99,False,42628608,42628608,861184,3738800,0.118386,0.192184,145.252525,50.444444,3,179,9274951680,9274951680
230,106,False,45642752,45642752,861184,4286620,0.126813,0.181088,155.537736,54.160377,5,192,9320594432,9320594432
231,108,False,46503936,46503936,861184,3942900,0.121952,0.186045,140.416667,48.583333,1,196,9367098368,9367098368
232,107,False,46073344,46073344,861184,4386980,0.120599,0.175214,157.691589,54.775701,6,272,9413171712,9413171712
233,98,False,42198016,42198016,861184,3940820,0.124396,0.193911,154.663265,53.755102,3,207,9455369728,9455369728
234,110,False,47365120,47365120,861184,5100940,0.130736,0.170015,178.354545,62.090909,5,249,9502734848,9502734848
235,86,False,37030912,37030912,861184,3464240,0.131323,0.205692,154.930233,53.883721,5,278,9539765760,9539765760
236,104,False,44781568,44781568,861184,3531060,0.102324,0.182198,130.586538,45.153846,3,185,9584547328,9584547328
237,99,False,42628608,42628608,861184,3624660,0.124817,0.197958,140.818182,48.666667,3,255,9627175936,9627175936
238,78,False,33586176,33586176,861184,2942680,0.118595,0.213485,145.102564,50.115385,6,179,9660762112,9660762112
239,102,False,43920384,43920384,861184,4315220,0.131851,0.193714,162.715686,56.362745,5,267,9704682496,9704682496
240,105,False,45212160,45212160,861184,4645940,0.134354,0.184872,170.180952,59.295238,2,214,9749894656,9749894656
241,105,False,45212160,45212160,861184,4273360,0.111945,0.178950,156.533333,54.561905,3,272,9795106816,9795106816
242,92,False,39614464,39614464,861184,3985020,0.118732,0.197974,166.597826,58.173913,5,272,9834721280,9834721280
243,100,False,43059200,43059200,861184,3692520,0.114729,0.189509,142.020000,49.180000,4,238,9877780480,9877780480
244,128,False,55115776,55115776,861184,6085040,0.137090,0.168510,182.843750,64.015625,1,320,9932896256,9932896256
245,84,False,36169728,36169728,861184,3279640,0.123390,0.219266,150.166667,51.916667,5,255,9969065984,9969065984
246,92,False,39614464,39614464,861184,3975140,0.126492,0.199089,166.184783,57.760870,5,240,10008680448,10008680448
247,78,False,33586176,33586176,861184,3082300,0.114593,0.224513,151.987179,52.653846,2,177,10042266624,10042266624
248,96,False,41336832,41336832,861184,3820960,0.116462,0.190474,153.083333,53.281250,3,240,10083603456,10083603456
249,99,False,42628608,42628608,861184,3850340,0.119381,0.192732,149.585859,52.101010,4,255,10126232064,10126232064
250,108,False,46503936,46503936,861184,3967080,0.110572,0.174489,141.277778,49.138889,3,272,10172736000,10172736000
251,91,False,39183872,39183872,861184,3255720,0.123335,0.208192,137.604396,47.560440,2,200,10211919872,10211919872
252,84,False,36169728,36169728,861184,3797560,0.122534,0.210197,173.880952,60.523810,5,255,10248089600,10248089600
253,79,False,34016768,34016768,861184,3085680,0.114609,0.211983,150.227848,51.822785,4,183,10282106368,10282106368
254,105,False,45212160,45212160,861184,4774900,0.120388,0.183647,174.904762,61.457143,1,320,10327318528,10327318528
255,95,False,40906240,40906240,861184,3872700,0.123053,0.193285,156.789474,54.484211,2,267,10368224768,10368224768
256,98,False,42198016,42198016,861184,4118400,0.117700,0.190263,161.632653,56.163265,3,255,10410422784,10410422784
257,84,False,36169728,36169728,861184,3273400,0.110494,0.189191,149.880952,52.107143,6,240,10446592512,10446592512
258,106,False,45642752,45642752,861184,4776460,0.126875,0.183798,173.311321,60.292453,2,258,10492235264,10492235264
259,95,False,40906240,40906240,861184,4512040,0.122175,0.202513,182.673684,64.273684,6,376,10533141504,10533141504
260,91,False,39183872,39183872,861184,3539640,0.117671,0.219188,149.604396,51.769231,2,196,10572325376,10572325376
261,96,False,41336832,41336832,861184,4150640,0.122507,0.189472,166.291667,57.677083,1,185,10613662208,10613662208
262,93,False,40045056,40045056,861184,4296500,0.120650,0.175776,177.688172,62.311828,1,272,10653707264,10653707264
263,88,False,37892096,37892096,861184,3592680,0.124102,0.208831,157.022727,54.386364,5,267,10691599360,10691599360
264,90,False,38753280,38753280,861184,4165720,0.125097,0.188618,178.022222,62.288889,5,320,10730352640,10730352640
265,98,False,42198016,42198016,861184,4566380,0.121246,0.193378,179.214286,63.224490,3,267,10772550656,10772550656
266,89,False,38322688,38322688,861184,4144400,0.127164,0.198342,179.101124,62.505618,3,242,10810873344,10810873344
267,97,False,41767424,41767424,861184,4089020,0.120153,0.176822,162.134021,56.711340,1,320,10852640768,10852640768
268,85,False,36600320,36600320,861184,3161080,0.112157,0.215152,143.035294,49.576471,3,192,10889241088,10889241088
269,97,False,41767424,41767424,861184,3572400,0.102411,0.193545,141.649485,49.195876,5,272,10931008512,10931008512
270,97,False,41767424,41767424,861184,3912740,0.104131,0.193033,155.144330,54.072165,5,255,10972775936,10972775936
271,109,False,46934528,46934528,861184,4645940,0.105699,0.175609,163.935780,57.275229,3,376,11019710464,11019710464
272,85,False,36600320,36600320,861184,3739580,0.123982,0.192690,169.211765,59.011765,1,278,11056310784,11056310784
273,85,False,36600320,36600320,861184,3312140,0.113133,0.205846,149.870588,52.282353,1,249,11092911104,11092911104
274,95,False,40906240,40906240,861184,3998800,0.109554,0.179741,161.894737,56.747368,1,320,11133817344,11133817344
275,92,False,39614464,39614464,861184,3853720,0.116846,0.196119,161.108696,56.097826,5,255,11173431808,11173431808
276,91,False,39183872,39183872,861184,3833180,0.119466,0.196353,162.010989,56.516484,3,272,11212615680,11212615680
277,91,False,39183872,39183872,861184,4428320,0.120407,0.184440,187.164835,65.615385,1,242,11251799552,11251799552
278,83,False,35739136,35739136,861184,3541980,0.123396,0.220840,164.132530,57.554217,3,272,11287538688,11287538688
279,89,False,38322688,38322688,861184,4246840,0.124603,0.190411,183.528090,64.370787,1,376,11325861376,11325861376
280,79,False,34016768,34016768,861184,2802280,0.114471,0.214625,136.430380,47.430380,5,255,11359878144,11359878144
281,103,False,44350976,44350976,861184,3695900,0.101980,0.187077,138.009709,48.009709,5,255,11404229120,11404229120
282,95,False,40906240,40906240,861184,4035980,0.117468,0.189547,163.400000,56.894737,1,240,11445135360,11445135360
283,85,False,36600320,36600320,861184,3753360,0.122986,0.217812,169.835294,59.070588,4,212,11481735680,11481735680
284,83,False,35739136,35739136,861184,4166760,0.121588,0.190713,193.084337,67.662651,8,320,11517474816,11517474816
285,100,False,43059200,43059200,861184,4481360,0.116057,0.181131,172.360000,60.320000,5,249,11560534016,11560534016
286,88,False,37892096,37892096,861184,3403920,0.104188,0.200938,148.772727,51.727273,2,255,11598426112,11598426112
287,99,False,42628608,42628608,861184,3949400,0.109079,0.173646,153.434343,53.060606,6,172,11641054720,11641054720
288,95,False,40906240,40906240,861184,4094480,0.108262,0.177749,165.768421,57.884211,1,320,11681960960,11681960960
289,82,False,35308544,35308544,861184,3218020,0.102971,0.201031,150.939024,52.609756,8,255,11717269504,11717269504
290,103,False,44350976,44350976,861184,4819620,0.121621,0.174281,179.970874,63.019417,2,255,11761620480,11761620480
291,111,False,47795712,47795712,861184,5558800,0.117535,0.176378,192.612613,67.927928,2,376,11809416192,11809416192
292,88,False,37892096,37892096,861184,3661580,0.115235,0.212039,160.034091,55.784091,5,255,11847308288,11847308288
293,98,False,42198016,42198016,861184,4821700,0.125178,0.191573,189.234694,66.530612,5,376,11889506304,11889506304
294,104,False,44781568,44781568,861184,3958240,0.099456,0.160855,146.384615,50.682692,4,214,11934287872,11934287872
295,99,False,42628608,42628608,861184,3555500,0.102748,0.177388,138.131313,48.050505,5,278,11976916480,11976916480
296,71,False,30572032,30572032,861184,2716740,0.090009,0.210184,147.169014,51.394366,7,272,12007488512,12007488512
297,99,False,42628608,42628608,861184,4731480,0.111459,0.196697,183.818182,65.070707,4,376,12050117120,12050117120
298,98,False,42198016,42198016,861184,3994380,0.111911,0.192947,156.765306,54.591837,3,272,12092315136,12092315136
299,113,False,48656896,48656896,861184,4648280,0.106320,0.163746,158.212389,55.061947,5,255,12140972032,12140972032
300,88,False,37892096,37892096,861184,3727360,0.113700,0.192875,162.909091,56.659091,3,272,12178864128,12178864128
301,99,False,42628608,42628608,861184,4542980,0.113981,0.174181,176.494949,61.636364,1,278,12221492736,12221492736
302,92,False,39614464,39614464,861184,3953820,0.100840,0.165483,165.293478,57.510870,3,258,12261107200,12261107200
303,77,False,33155584,33155584,861184,3263520,0.119866,0.226552,163.012987,56.571429,3,206,12294262784,12294262784
304,104,False,44781568,44781568,861184,4840160,0.108998,0.174929,179.000000,62.432692,3,224,12339044352,12339044352
305,105,False,45212160,45212160,861184,4734340,0.109005,0.169920,173.419048,60.514286,2,238,12384256512,12384256512
306,93,False,40045056,40045056,861184,3857360,0.105010,0.191148,159.526882,55.365591,5,193,12424301568,12424301568
307,99,False,42628608,42628608,861184,3929640,0.105077,0.180655,152.666667,53.111111,3,278,12466930176,12466930176
308,87,False,37461504,37461504,861184,4082260,0.108946,0.171738,180.471264,63.172414,3,255,12504391680,12504391680
309,92,False,39614464,39614464,861184,3781700,0.108027,0.191940,158.097826,55.032609,2,255,12544006144,12544006144
310,82,False,35308544,35308544,861184,3089060,0.104927,0.209149,144.890244,50.073171,4,179,12579314688,12579314688
311,89,False,38322688,38322688,861184,3234400,0.094329,0.181967,139.775281,48.449438,3,210,12617637376,12617637376
312,87,False,37461504,37461504,861184,3617640,0.104448,0.209542,159.931034,55.816092,3,272,12655098880,12655098880
313,98,False,42198016,42198016,861184,4080180,0.103851,0.175047,160.132653,55.632653,4,242,12697296896,12697296896
314,96,False,41336832,41336832,861184,4204720,0.102114,0.171622,168.458333,58.781250,2,272,12738633728,12738633728
315,96,False,41336832,41336832,861184,4057820,0.113465,0.197475,162.572917,56.531250,1,272,12779970560,12779970560
316,116,False,49948672,49948672,861184,4512040,0.107845,0.172136,149.603448,51.784483,1,206,12829919232,12829919232
317,95,False,40906240,40906240,861184,4206020,0.109605,0.181621,170.284211,59.136842,5,255,12870825472,12870825472
318,92,False,39614464,39614464,861184,3912740,0.110292,0.196125,163.576087,56.869565,3,249,12910439936,12910439936
319,106,False,45642752,45642752,861184,4384900,0.103099,0.174967,159.103774,55.528302,2,255,12956082688,12956082688
320,87,False,37461504,37461504,861184,3689400,0.106602,0.188254,163.103448,56.655172,3,238,12993544192,12993544192
321,86,False,37030912,37030912,861184,3697720,0.110409,0.203364,165.372093,57.848837,4,272,13030575104,13030575104
322,70,False,30141440,30141440,861184,2943200,0.094953,0.217494,161.714286,56.857143,3,376,13060716544,13060716544
323,110,False,47365120,47365120,861184,4568200,0.100114,0.172179,159.727273,56.300000,1,376,13108081664,13108081664
324,81,False,34877952,34877952,861184,3382600,0.106248,0.199636,160.617284,55.950617,5,255,13142959616,13142959616
325,96,False,41336832,41336832,861184,4076280,0.100257,0.180967,163.312500,56.916667,3,272,13184296448,13184296448
326,92,False,39614464,39614464,861184,3355040,0.092969,0.196843,140.260870,48.869565,2,267,13223910912,13223910912
327,94,False,40475648,40475648,861184,3461120,0.099457,0.188776,141.617021,49.127660,6,267,13264386560,13264386560
328,91,False,39183872,39183872,861184,3827720,0.100007,0.184515,161.780220,56.318681,3,267,13303570432,13303570432
329,92,False,39614464,39614464,861184,3865940,0.097014,0.172930,161.619565,56.315217,4,255,13343184896,13343184896
330,79,False,34016768,34016768,861184,3897920,0.099756,0.191144,189.772152,67.329114,3,272,13377201664,13377201664
331,100,False,43059200,43059200,861184,4098380,0.110339,0.188069,157.630000,54.600000,3,176,13420260864,13420260864
332,89,False,38322688,38322688,861184,3458780,0.094148,0.189765,149.471910,52.011236,1,267,13458583552,13458583552
333,91,False,39183872,39183872,861184,2888340,0.090235,0.192607,122.076923,41.890110,1,156,13497767424,13497767424
334,104,False,44781568,44781568,861184,4347980,0.099686,0.169800,160.798077,56.278846,3,267,13542548992,13542548992
335,97,False,41767424,41767424,861184,4045340,0.097984,0.188614,160.402062,56.515464,1,376,13584316416,13584316416
336,84,False,36169728,36169728,861184,3562520,0.098108,0.186002,163.119048,57.071429,5,255,13620486144,13620486144
337,87,False,37461504,37461504,861184,4214860,0.108284,0.194453,186.333333,65.563218,5,320,13657947648,13657947648
338,86,False,37030912,37030912,861184,3260140,0.094168,0.190964,145.802326,50.639535,2,249,13694978560,13694978560
339,92,False,39614464,39614464,861184,3741140,0.100787,0.191802,156.402174,54.184783,3,238,13734593024,13734593024
340,93,False,40045056,40045056,861184,3750240,0.099281,0.186441,155.096774,53.827957,5,230,13774638080,13774638080
341,90,False,38753280,38753280,861184,3660020,0.101001,0.186894,156.411111,54.377778,3,224,13813391360,13813391360
342,88,False,37892096,37892096,861184,3811340,0.100016,0.192194,166.579545,58.284091,3,272,13851283456,13851283456
343,83,False,35739136,35739136,861184,3746340,0.105735,0.202889,173.602410,61.301205,5,376,13887022592,13887022592
344,94,False,40475648,40475648,861184,3872180,0.102098,0.187783,158.436170,55.489362,2,267,13927498240,13927498240
345,83,False,35739136,35739136,861184,4067180,0.112607,0.214084,188.469880,66.204819,1,255,13963237376,13963237376
346,94,False,40475648,40475648,861184,4176900,0.100682,0.183872,170.904255,59.797872,6,320,14003713024,14003713024
347,97,False,41767424,41767424,861184,4311840,0.105202,0.184091,170.969072,59.608247,3,255,14045480448,14045480448
348,81,False,34877952,34877952,861184,3195400,0.101088,0.216128,151.728395,53.333333,5,278,14080358400,14080358400
349,97,False,41767424,41767424,861184,3840980,0.101109,0.181349,152.298969,52.824742,3,196,14122125824,14122125824
350,98,False,42198016,42198016,861184,4117360,0.101304,0.189031,161.591837,56.244898,6,212,14164323840,14164323840
351,114,False,49087488,49087488,861184,4402320,0.093919,0.162127,148.526316,51.438596,5,267,14213411328,14213411328
352,83,False,35739136,35739136,861184,3124160,0.087766,0.177418,144.771084,50.108434,1,196,14249150464,14249150464
353,87,False,37461504,37461504,861184,3934580,0.107022,0.194461,173.942529,60.931034,3,258,14286611968,14286611968
354,94,False,40475648,40475648,861184,4555200,0.104025,0.183367,186.382979,65.244681,5,320,14327087616,14327087616
355,105,False,45212160,45212160,861184,5192720,0.109994,0.169051,190.209524,66.552381,6,258,14372299776,14372299776
356,97,False,41767424,41767424,861184,4302220,0.104063,0.186366,170.587629,60.030928,5,376,14414067200,14414067200
357,90,False,38753280,38753280,861184,3640520,0.102684,0.181932,155.577778,54.077778,3,278,14452820480,14452820480
358,96,False,41336832,41336832,861184,3605160,0.090726,0.179380,144.437500,50.427083,5,272,14494157312,14494157312
359,102,False,43920384,43920384,861184,4651920,0.108437,0.194844,175.411765,61.450980,3,320,14538077696,14538077696
360,82,False,35308544,35308544,861184,3245060,0.081235,0.189588,152.207317,53.841463,1,376,14573386240,14573386240
361,100,False,43059200,43059200,861184,3682640,0.086078,0.178554,141.640000,49.380000,2,258,14616445440,14616445440
362,100,False,43059200,43059200,861184,4687020,0.097832,0.175038,180.270000,62.930000,6,255,14659504640,14659504640
363,83,False,35739136,35739136,861184,3521440,0.099606,0.202564,163.180723,56.771084,2,214,14695243776,14695243776
364,79,False,34016768,34016768,861184,3182140,0.093392,0.190281,154.924051,54.012658,1,278,14729260544,14729260544
365,90,False,38753280,38753280,861184,4279340,0.099877,0.181989,182.877778,64.188889,5,272,14768013824,14768013824
366,76,False,32724992,32724992,861184,3432780,0.096377,0.189505,173.723684,60.631579,5,258,14800738816,14800738816
367,113,False,48656896,48656896,861184,4563780,0.096964,0.168717,155.336283,53.964602,2,255,14849395712,14849395712
368,76,False,32724992,32724992,861184,2663700,0.084335,0.209342,134.802632,47.276316,1,272,14882120704,14882120704
369,88,False,37892096,37892096,861184,3319420,0.083686,0.180275,145.079545,50.420455,3,258,14920012800,14920012800
370,104,False,44781568,44781568,861184,4452500,0.092608,0.166482,164.663462,57.576923,1,320,14964794368,14964794368
371,108,False,46503936,46503936,861184,4938440,0.100175,0.162706,175.870370,61.472222,2,255,15011298304,15011298304
372,85,False,36600320,36600320,861184,4126720,0.102009,0.195310,186.729412,65.235294,2,224,15047898624,15047898624
373,98,False,42198016,42198016,861184,4152200,0.098294,0.170024,162.959184,56.795918,3,278,15090096640,15090096640
374,73,False,31433216,31433216,861184,3343600,0.096279,0.195985,176.164384,61.397260,3,272,15121529856,15121529856
375,91,False,39183872,39183872,861184,3812640,0.096425,0.176064,161.142857,56.439560,3,255,15160713728,15160713728
376,95,False,40906240,40906240,861184,3283800,0.082317,0.201107,132.947368,45.778947,4,240,15201619968,15201619968
377,86,False,37030912,37030912,861184,3624920,0.096505,0.185341,162.116279,56.848837,3,376,15238650880,15238650880
378,97,False,41767424,41767424,861184,3676920,0.101587,0.191742,145.793814,50.515464,3,212,15280418304,15280418304
379,104,False,44781568,44781568,861184,4419480,0.089837,0.170017,163.442308,57.144231,3,272,15325199872,15325199872
380,93,False,40045056,40045056,861184,4363060,0.099393,0.173274,180.440860,63.075269,2,278,15365244928,15365244928
381,93,False,40045056,40045056,861184,3810300,0.096767,0.197539,157.580645,54.784946,6,210,15405289984,15405289984
382,84,False,36169728,36169728,861184,3824600,0.096247,0.197287,175.119048,61.750000,3,376,15441459712,15441459712
383,99,False,42628608,42628608,861184,4664660,0.094420,0.170706,181.222222,63.777778,3,320,15484088320,15484088320
384,92,False,39614464,39614464,861184,3700060,0.088537,0.180331,154.684783,53.630435,6,272,15523702784,15523702784
385,99,False,42628608,42628608,861184,4531800,0.100142,0.184175,176.060606,61.898990,5,320,15566331392,15566331392
386,89,False,38322688,38322688,861184,4077580,0.093428,0.182321,176.213483,61.887640,4,320,15604654080,15604654080
387,106,False,45642752,45642752,861184,4768400,0.090420,0.173700,173.018868,60.660377,5,272,15650296832,15650296832
388,91,False,39183872,39183872,861184,3845920,0.107564,0.204733,162.549451,56.692308,5,272,15689480704,15689480704
389,94,False,40475648,40475648,861184,4319640,0.098485,0.184152,176.744681,61.648936,3,255,15729956352,15729956352
390,100,False,43059200,43059200,861184,4278040,0.093035,0.172773,164.540000,57.230000,2,224,15773015552,15773015552
391,90,False,38753280,38753280,861184,3398720,0.088833,0.186725,145.244444,50.244444,4,238,15811768832,15811768832
392,76,False,32724992,32724992,861184,2843100,0.093703,0.202444,143.881579,49.815789,5,192,15844493824,15844493824
393,88,False,37892096,37892096,861184,2956720,0.077651,0.182477,129.227273,44.613636,2,255,15882385920,15882385920
394,94,False,40475648,40475648,861184,3821740,0.089826,0.185842,156.372340,54.510638,1,272,15922861568,15922861568
395,91,False,39183872,39183872,861184,4209400,0.093916,0.166416,177.912088,62.252747,1,249,15962045440,15962045440
396,85,False,36600320,36600320,861184,3673020,0.084760,0.169777,166.200000,58.282353,3,272,15998645760,15998645760
397,90,False,38753280,38753280,861184,4233580,0.094034,0.171053,180.922222,63.500000,1,255,16037399040,16037399040
398,82,False,35308544,35308544,861184,3167060,0.086194,0.176826,148.548780,51.487805,5,196,16072707584,16072707584
399,82,False,35308544,35308544,861184,4149340,0.089148,0.194906,194.621951,69.304878,3,376,16108016128,16108016128
400,107,False,46073344,46073344,861184,5533580,0.100458,0.165344,198.906542,69.925234,4,320,16154089472,16154089472
401,93,False,40045056,40045056,861184,4625140,0.112640,0.195458,191.279570,66.989247,6,272,16194134528,16194134528
402,96,False,41336832,41336832,861184,3843580,0.093882,0.185276,153.989583,53.375000,6,210,16235471360,16235471360
403,93,False,40045056,40045056,861184,3792620,0.094699,0.178353,156.849462,54.440860,2,240,16275516416,16275516416
404,90,False,38753280,38753280,861184,3983460,0.091718,0.177873,170.233333,59.655556,3,267,16314269696,16314269696
405,92,False,39614464,39614464,861184,4053400,0.100581,0.179426,169.456522,59.380435,1,267,16353884160,16353884160
406,84,False,36169728,36169728,861184,3570320,0.087856,0.192857,163.476190,56.845238,2,184,16390053888,16390053888
407,114,False,49087488,49087488,861184,4951700,0.093933,0.163467,167.061404,58.421053,1,255,16439141376,16439141376
408,89,False,38322688,38322688,861184,3771300,0.085144,0.179287,162.977528,56.910112,4,255,16477464064,16477464064
409,96,False,41336832,41336832,861184,4451460,0.097376,0.185198,178.343750,62.468750,5,376,16518800896,16518800896
410,100,False,43059200,43059200,861184,4889820,0.099763,0.177820,188.070000,65.820000,3,272,16561860096,16561860096
411,84,False,36169728,36169728,861184,3214640,0.082227,0.195709,147.190476,51.023810,4,184,16598029824,16598029824
412,93,False,40045056,40045056,861184,4085640,0.088497,0.170426,168.967742,59.204301,5,278,16638074880,16638074880
413,83,False,35739136,35739136,861184,3775200,0.092574,0.207150,174.939759,61.638554,3,320,16673814016,16673814016
414,95,False,40906240,40906240,861184,3419780,0.090883,0.193240,138.452632,47.821053,1,214,16714720256,16714720256
415,95,False,40906240,40906240,861184,4154280,0.099878,0.187698,168.189474,58.694737,5,255,16755626496,16755626496
416,87,False,37461504,37461504,861184,3213080,0.086888,0.200079,142.045977,49.413793,5,320,16793088000,16793088000
417,95,False,40906240,40906240,861184,3502460,0.089553,0.196114,141.800000,49.063158,4,196,16833994240,16833994240
418,95,False,40906240,40906240,861184,3929380,0.086696,0.184283,159.084211,55.621053,5,249,16874900480,16874900480
419,98,False,42198016,42198016,861184,3905460,0.086581,0.172013,153.275510,53.214286,5,192,16917098496,16917098496
420,104,False,44781568,44781568,861184,4563260,0.097695,0.185390,168.759615,58.894231,2,272,16961880064,16961880064
421,91,False,39183872,39183872,861184,3784560,0.085948,0.178878,159.956044,55.725275,4,240,17001063936,17001063936
422,116,False,49948672,49948672,861184,4596800,0.085994,0.157662,152.413793,52.715517,1,179,17051012608,17051012608
423,103,False,44350976,44350976,861184,3621020,0.078087,0.171347,135.213592,46.640777,3,200,17095363584,17095363584
424,93,False,40045056,40045056,861184,4296500,0.086022,0.170310,177.688172,62.290323,6,258,17135408640,17135408640
425,76,False,32724992,32724992,861184,2840500,0.083556,0.209709,143.750000,49.565789,2,212,17168133632,17168133632
426,111,False,47795712,47795712,861184,4814160,0.085133,0.147041,166.810811,57.882883,6,210,17215929344,17215929344
427,87,False,37461504,37461504,861184,3780400,0.090680,0.188755,167.126437,58.321839,3,193,17253390848,17253390848
428,98,False,42198016,42198016,861184,4415840,0.086921,0.172161,173.306122,60.551020,3,267,17295588864,17295588864
429,90,False,38753280,38753280,861184,3117660,0.077302,0.183577,133.233333,46.200000,4,207,17334342144,17334342144
430,99,False,42628608,42628608,861184,4074460,0.081786,0.174644,158.292929,55.505051,2,376,17376970752,17376970752
431,99,False,42628608,42628608,861184,3865160,0.083636,0.177371,150.161616,52.020202,4,179,17419599360,17419599360
432,94,False,40475648,40475648,861184,4393220,0.085896,0.166179,179.755319,63.053191,1,255,17460075008,17460075008
433,104,False,44781568,44781568,861184,4702880,0.095284,0.168049,173.923077,61.250000,4,376,17504856576,17504856576
434,100,False,43059200,43059200,861184,3821220,0.085276,0.187898,146.970000,50.830000,6,230,17547915776,17547915776
435,96,False,41336832,41336832,861184,4246320,0.096010,0.196134,170.125000,59.302083,3,267,17589252608,17589252608
436,114,False,49087488,49087488,861184,4380220,0.077683,0.162003,147.780702,51.421053,3,272,17638340096,17638340096
437,90,False,38753280,38753280,861184,4033120,0.092367,0.179201,172.355556,60.011111,2,206,17677093376,17677093376
438,96,False,41336832,41336832,861184,3999840,0.094160,0.172394,160.250000,55.750000,4,258,17718430208,17718430208
439,84,False,36169728,36169728,861184,3981120,0.091586,0.190755,182.285714,63.797619,6,255,17754599936,17754599936
440,94,False,40475648,40475648,861184,4370860,0.090605,0.181097,178.840426,62.659574,2,376,17795075584,17795075584
441,76,False,32724992,32724992,861184,3018600,0.085744,0.190905,152.763158,53.092105,5,193,17827800576,17827800576
442,75,False,32294400,32294400,861184,2908880,0.077727,0.216211,149.173333,52.226667,3,278,17860094976,17860094976
443,99,False,42628608,42628608,861184,4822480,0.095476,0.171882,187.353535,66.181818,5,376,17902723584,17902723584
444,114,False,49087488,49087488,861184,4472520,0.086082,0.162625,150.894737,52.333333,3,206,17951811072,17951811072
445,101,False,43489792,43489792,861184,4206280,0.084851,0.166455,160.178218,55.544554,4,207,17995300864,17995300864
446,90,False,38753280,38753280,861184,3771560,0.084247,0.178466,161.177778,55.866667,2,179,18034054144,18034054144
447,84,False,36169728,36169728,861184,3692520,0.088005,0.192531,169.071429,59.214286,1,278,18070223872,18070223872
448,94,False,40475648,40475648,861184,4414540,0.091490,0.166574,180.627660,63.276596,2,255,18110699520,18110699520
449,88,False,37892096,37892096,861184,4071600,0.085150,0.176349,177.954545,62.170455,5,258,18148591616,18148591616
450,96,False,41336832,41336832,861184,4358640,0.087410,0.172273,174.625000,60.604167,2,214,18189928448,18189928448
451,95,False,40906240,40906240,861184,4245540,0.088063,0.182752,171.884211,59.778947,6,255,18230834688,18230834688
452,100,False,43059200,43059200,861184,4535180,0.080757,0.156576,174.430000,60.960000,5,278,18273893888,18273893888
453,102,False,43920384,43920384,861184,4058340,0.083699,0.181853,153.029412,53.147059,3,212,18317814272,18317814272
454,108,False,46503936,46503936,861184,3888560,0.076820,0.173957,138.481481,48.101852,3,249,18364318208,18364318208
455,88,False,37892096,37892096,861184,3908060,0.085618,0.180316,170.806818,59.852273,1,255,18402210304,18402210304
456,97,False,41767424,41767424,861184,4457180,0.083923,0.164367,176.731959,61.649485,1,267,18443977728,18443977728
457,96,False,41336832,41336832,861184,4047160,0.081347,0.162785,162.145833,56.437500,1,258,18485314560,18485314560
458,88,False,37892096,37892096,861184,3604640,0.078017,0.178987,157.545455,54.931818,3,272,18523206656,18523206656
459,86,False,37030912,37030912,861184,3695640,0.088803,0.197426,165.279070,57.709302,2,278,18560237568,18560237568
460,92,False,39614464,39614464,861184,3962140,0.083197,0.183855,165.641304,57.793478,3,238,18599852032,18599852032
461,82,False,35308544,35308544,861184,3586180,0.097961,0.206293,168.207317,58.219512,5,182,18635160576,18635160576
462,88,False,37892096,37892096,861184,3902340,0.087504,0.195862,170.556818,59.465909,7,238,18673052672,18673052672
463,104,False,44781568,44781568,861184,4680780,0.085413,0.170330,173.105769,60.596154,1,255,18717834240,18717834240
464,98,False,42198016,42198016,861184,4550260,0.095062,0.173820,178.581633,62.653061,5,272,18760032256,18760032256
465,75,False,32294400,32294400,861184,3384680,0.091406,0.215584,173.573333,60.880000,2,255,18792326656,18792326656
466,101,False,43489792,43489792,861184,4388540,0.083654,0.175605,167.118812,58.168317,5,255,18835816448,18835816448
467,102,False,43920384,43920384,861184,4477460,0.086291,0.162587,168.833333,58.764706,5,230,18879736832,18879736832
468,101,False,43489792,43489792,861184,4636840,0.086916,0.160508,176.574257,61.722772,3,272,18923226624,18923226624
469,96,False,41336832,41336832,861184,3818100,0.080774,0.182133,152.968750,53.166667,5,255,18964563456,18964563456
470,98,False,42198016,42198016,861184,4119960,0.084325,0.172760,161.693878,56.367347,4,255,19006761472,19006761472
471,97,False,41767424,41767424,861184,4222140,0.079985,0.178482,167.412371,58.876289,3,376,19048528896,19048528896
472,98,False,42198016,42198016,861184,4207320,0.077715,0.168819,165.122449,57.867347,2,255,19090726912,19090726912
473,98,False,42198016,42198016,861184,3893760,0.078353,0.168916,152.816327,53.306122,6,320,19132924928,19132924928
474,88,False,37892096,37892096,861184,4045340,0.088701,0.181765,176.806818,61.806818,2,272,19170817024,19170817024
475,100,False,43059200,43059200,861184,4471740,0.090582,0.177379,171.990000,59.860000,3,242,19213876224,19213876224
476,103,False,44350976,44350976,861184,4044040,0.077910,0.163267,151.009709,52.524272,3,255,19258227200,19258227200
477,86,False,37030912,37030912,861184,3577340,0.081433,0.182568,159.988372,55.674419,5,224,19295258112,19295258112
478,78,False,33586176,33586176,861184,3428620,0.087284,0.201786,169.064103,58.705128,6,206,19328844288,19328844288
479,96,False,41336832,41336832,861184,3906500,0.081456,0.187581,156.510417,54.781250,1,376,19370181120,19370181120
480,105,False,45212160,45212160,861184,4379700,0.077810,0.158175,160.428571,55.885714,1,272,19415393280,19415393280
481,89,False,38322688,38322688,861184,3413540,0.077295,0.174956,147.516854,51.022472,7,183,19453715968,19453715968
482,81,False,34877952,34877952,861184,3874520,0.087019,0.189963,183.975309,64.506173,8,255,19488593920,19488593920
483,98,False,42198016,42198016,861184,4206280,0.080538,0.183276,165.081633,57.530612,5,320,19530791936,19530791936
484,89,False,38322688,38322688,861184,3495960,0.072666,0.168612,151.078652,52.730337,5,278,19569114624,19569114624
485,83,False,35739136,35739136,861184,3905200,0.092214,0.193467,180.963855,64.240964,3,376,19604853760,19604853760
486,85,False,36600320,36600320,861184,3715400,0.078380,0.175705,168.117647,58.917647,5,255,19641454080,19641454080
487,84,False,36169728,36169728,861184,3675880,0.089593,0.196990,168.309524,58.833333,1,272,19677623808,19677623808
488,80,False,34447360,34447360,861184,3348020,0.074829,0.176109,160.962500,55.762500,5,230,19712071168,19712071168
489,92,False,39614464,39614464,861184,3711240,0.083543,0.187033,155.152174,53.782609,6,196,19751685632,19751685632
490,91,False,39183872,39183872,861184,3710200,0.081207,0.175817,156.813187,54.406593,1,170,19790869504,19790869504
491,102,False,43920384,43920384,861184,4164160,0.082344,0.175923,157.019608,54.382353,3,258,19834789888,19834789888
492,104,False,44781568,44781568,861184,4262700,0.070808,0.162629,157.644231,54.942308,3,272,19879571456,19879571456
493,89,False,38322688,38322688,861184,3457740,0.079731,0.180088,149.426966,52.235955,4,278,19917894144,19917894144
494,90,False,38753280,38753280,861184,3841760,0.086302,0.202904,164.177778,57.200000,5,272,19956647424,19956647424
495,86,False,37030912,37030912,861184,4397640,0.091595,0.199411,196.674419,69.244186,5,278,19993678336,19993678336
496,99,False,42628608,42628608,861184,3491540,0.072800,0.167941,135.646465,46.989899,1,249,20036306944,20036306944
497,88,False,37892096,37892096,861184,3641040,0.074716,0.170095,159.136364,55.318182,1,193,20074199040,20074199040
498,85,False,36600320,36600320,861184,2949700,0.064464,0.184498,133.470588,46.047059,5,179,20110799360,20110799360
499,89,False,38322688,38322688,861184,3606200,0.081153,0.168277,155.842697,54.033708,3,179,20149122048,20149122048
500,92,False,39614464,39614464,861184,4020380,0.076880,0.182626,168.076087,58.891304,8,255,20188736512,20188736512
501,107,False,46073344,46073344,861184,4903860,0.084994,0.166977,176.271028,61.626168,3,278,20234809856,20234809856
502,92,False,39614464,39614464,861184,3782220,0.079660,0.182241,158.119565,54.923913,6,272,20274424320,20274424320
503,95,False,40906240,40906240,861184,4617860,0.090981,0.182580,186.957895,65.600000,4,376,20315330560,20315330560
504,97,False,41767424,41767424,861184,3468400,0.073940,0.185822,137.525773,47.639175,1,255,20357097984,20357097984
505,101,False,43489792,43489792,861184,3950960,0.075749,0.168615,150.455446,52.257426,2,272,20400587776,20400587776
506,98,False,42198016,42198016,861184,3565380,0.074573,0.171555,139.928571,48.632653,2,272,20442785792,20442785792
507,97,False,41767424,41767424,861184,4172480,0.082998,0.183310,165.443299,57.680412,7,224,20484553216,20484553216
508,93,False,40045056,40045056,861184,3933540,0.076524,0.167667,162.677419,56.602151,5,255,20524598272,20524598272
509,72,False,31002624,31002624,861184,2668380,0.074423,0.204047,142.541667,49.291667,1,185,20555600896,20555600896
510,92,False,39614464,39614464,861184,3909360,0.081452,0.180082,163.434783,57.445652,1,278,20595215360,20595215360
511,96,False,41336832,41336832,861184,3954860,0.079276,0.182418,158.447917,55.583333,1,272,20636552192,20636552192
512,91,False,39183872,39183872,861184,3864640,0.078478,0.172935,163.340659,56.890110,1,258,20675736064,20675736064
513,91,False,39183872,39183872,861184,2955680,0.066505,0.166781,124.923077,43.197802,1,255,20714919936,20714919936
514,95,False,40906240,40906240,861184,3949920,0.079108,0.173600,159.915789,55.589474,1,210,20755826176,20755826176
515,87,False,37461504,37461504,861184,3103620,0.077235,0.215825,137.206897,47.540230,3,278,20793287680,20793287680
516,88,False,37892096,37892096,861184,3376880,0.073896,0.171001,147.590909,51.261364,1,258,20831179776,20831179776
517,94,False,40475648,40475648,861184,3813420,0.076751,0.178548,156.031915,54.223404,2,255,20871655424,20871655424
518,90,False,38753280,38753280,861184,4417920,0.082747,0.173899,188.800000,66.444444,6,278,20910408704,20910408704
519,102,False,43920384,43920384,861184,3838900,0.072739,0.173348,144.754902,50.137255,3,278,20954329088,20954329088
520,93,False,40045056,40045056,861184,4745780,0.090767,0.173504,196.268817,68.827957,5,376,20994374144,20994374144
521,92,False,39614464,39614464,861184,3917420,0.079855,0.182911,163.771739,56.782609,5,224,21033988608,21033988608
522,98,False,42198016,42198016,861184,4682080,0.088347,0.169577,183.755102,64.510204,3,242,21076186624,21076186624
523,91,False,39183872,39183872,861184,3924440,0.076132,0.168645,165.868132,57.857143,6,255,21115370496,21115370496
524,85,False,36600320,36600320,861184,3833700,0.081293,0.181584,173.470588,60.435294,5,267,21151970816,21151970816
525,85,False,36600320,36600320,861184,3801720,0.078169,0.194763,172.023529,59.952941,6,255,21188571136,21188571136
526,94,False,40475648,40475648,861184,4190420,0.082265,0.168329,171.457447,59.829787,4,255,21229046784,21229046784
527,97,False,41767424,41767424,861184,4310800,0.075025,0.161902,170.927835,59.762887,6,255,21270814208,21270814208
528,93,False,40045056,40045056,861184,4130100,0.080938,0.177349,170.806452,59.548387,6,255,21310859264,21310859264
529,97,False,41767424,41767424,861184,4027400,0.073072,0.152225,159.690722,55.845361,4,272,21352626688,21352626688
530,105,False,45212160,45212160,861184,4187820,0.072808,0.164189,153.400000,53.590476,3,267,21397838848,21397838848
531,84,False,36169728,36169728,861184,3556280,0.078849,0.185042,162.833333,57.238095,2,376,21434008576,21434008576
532,94,False,40475648,40475648,861184,3740880,0.070387,0.166900,153.063830,53.500000,3,376,21474484224,21474484224
533,79,False,34016768,34016768,861184,3571100,0.082507,0.196104,173.860759,61.050633,1,255,21508500992,21508500992
534,116,False,49948672,49948672,861184,5361720,0.078861,0.145898,177.775862,62.215517,2,255,21558449664,21558449664
535,98,False,42198016,42198016,861184,4256200,0.081890,0.171729,167.040816,58.285714,4,272,21600647680,21600647680
536,82,False,35308544,35308544,861184,3644940,0.083848,0.202338,170.963415,60.304878,5,376,21635956224,21635956224
537,88,False,37892096,37892096,861184,3350100,0.068940,0.176813,146.420455,50.806818,3,185,21673848320,21673848320
538,96,False,41336832,41336832,861184,4044300,0.079125,0.168625,162.031250,56.375000,5,230,21715185152,21715185152
539,99,False,42628608,42628608,861184,4927000,0.081958,0.163846,191.414141,67.121212,5,272,21757813760,21757813760
540,99,False,42628608,42628608,861184,4439760,0.079806,0.178308,172.484848,60.585859,3,272,21800442368,21800442368
541,96,False,41336832,41336832,861184,4406480,0.077850,0.172154,176.541667,61.750000,6,320,21841779200,21841779200
542,90,False,38753280,38753280,861184,3533400,0.078456,0.179645,151.000000,52.444444,5,267,21880532480,21880532480
543,92,False,39614464,39614464,861184,4034420,0.075401,0.158526,168.663043,58.641304,2,242,21920146944,21920146944
544,74,False,31863808,31863808,861184,3007160,0.069936,0.191053,156.297297,54.324324,7,240,21952010752,21952010752
545,109,False,46934528,46934528,861184,4605640,0.081740,0.167248,162.513761,56.678899,3,255,21998945280,21998945280
546,98,False,42198016,42198016,861184,4740840,0.084801,0.177155,186.061224,65.122449,6,320,22041143296,22041143296
547,73,False,31433216,31433216,861184,3304860,0.080382,0.186488,174.123288,60.726027,6,255,22072576512,22072576512
548,107,False,46073344,46073344,861184,4643600,0.075914,0.150308,166.915888,58.392523,3,278,22118649856,22118649856
549,84,False,36169728,36169728,861184,3664180,0.082400,0.211285,167.773810,58.464286,3,255,22154819584,22154819584
550,99,False,42628608,42628608,861184,4356300,0.075373,0.169342,169.242424,59.121212,3,255,22197448192,22197448192
551,104,False,44781568,44781568,861184,4293900,0.072806,0.162106,158.798077,55.528846,3,267,22242229760,22242229760
552,92,False,39614464,39614464,861184,3502460,0.074120,0.186020,146.423913,50.532609,5,206,22281844224,22281844224
553,90,False,38753280,38753280,861184,3775720,0.076923,0.185273,161.355556,55.722222,4,182,22320597504,22320597504
554,103,False,44350976,44350976,861184,4184960,0.072638,0.164391,156.271845,54.223301,1,278,22364948480,22364948480
555,96,False,41336832,41336832,861184,3716700,0.073685,0.173319,148.906250,51.645833,5,255,22406285312,22406285312
556,99,False,42628608,42628608,861184,4288700,0.071833,0.160289,166.616162,58.151515,4,255,22448913920,22448913920
557,89,False,38322688,38322688,861184,4156880,0.083007,0.187378,179.640449,63.235955,3,272,22487236608,22487236608
558,88,False,37892096,37892096,861184,4179240,0.081109,0.179255,182.659091,64.261364,3,320,22525128704,22525128704
559,84,False,36169728,36169728,861184,2719080,0.059135,0.172154,124.500000,42.678571,1,155,22561298432,22561298432
560,97,False,41767424,41767424,861184,3679780,0.067192,0.165974,145.907216,50.701031,5,255,22603065856,22603065856
561,97,False,41767424,41767424,861184,4425460,0.077336,0.169591,175.474227,61.319588,3,278,22644833280,22644833280
562,79,False,34016768,34016768,861184,3775980,0.084514,0.195749,183.835443,64.240506,4,258,22678850048,22678850048
563,107,False,46073344,46073344,861184,4749420,0.080861,0.158265,170.719626,59.598131,5,320,22724923392,22724923392
564,100,False,43059200,43059200,861184,4309240,0.080101,0.172158,165.740000,57.700000,2,255,22767982592,22767982592
565,89,False,38322688,38322688,861184,3701620,0.074206,0.167307,159.966292,55.595506,1,255,22806305280,22806305280
566,82,False,35308544,35308544,861184,3095040,0.068676,0.185612,145.170732,50.256098,1,255,22841613824,22841613824
567,88,False,37892096,37892096,861184,3733340,0.074631,0.173429,163.170455,57.147727,6,376,22879505920,22879505920
568,85,False,36600320,36600320,861184,3509480,0.076257,0.201384,158.800000,55.447059,3,267,22916106240,22916106240
569,113,False,48656896,48656896,861184,4796480,0.067659,0.157777,163.256637,57.088496,3,258,22964763136,22964763136
570,95,False,40906240,40906240,861184,3086720,0.064323,0.172994,124.968421,42.873684,5,156,23005669376,23005669376
571,94,False,40475648,40475648,861184,3926260,0.072170,0.183495,160.648936,55.957447,3,255,23046145024,23046145024
572,103,False,44350976,44350976,861184,4569500,0.074130,0.174430,170.631068,60.203883,6,376,23090496000,23090496000
573,105,False,45212160,45212160,861184,5218720,0.084566,0.163385,191.161905,67.238095,6,278,23135708160,23135708160
574,92,False,39614464,39614464,861184,3135860,0.066923,0.181850,131.097826,45.184783,5,175,23175322624,23175322624
575,118,False,50809856,50809856,861184,5138900,0.076798,0.158560,167.500000,58.296610,5,230,23226132480,23226132480
576,98,False,42198016,42198016,861184,4179240,0.081349,0.178167,164.020408,56.938776,1,192,23268330496,23268330496
577,91,False,39183872,39183872,861184,3353220,0.065718,0.176790,141.725275,49.659341,2,320,23307514368,23307514368
578,92,False,39614464,39614464,861184,4248920,0.074792,0.166095,177.630435,62.554348,4,376,23347128832,23347128832
579,92,False,39614464,39614464,861184,3780660,0.071336,0.167962,158.054348,55.000000,3,255,23386743296,23386743296
580,89,False,38322688,38322688,861184,3515980,0.064244,0.168159,151.943820,53.146067,1,255,23425065984,23425065984
581,95,False,40906240,40906240,861184,3886740,0.069357,0.178512,157.357895,55.136842,5,376,23465972224,23465972224
582,88,False,37892096,37892096,861184,3528980,0.067171,0.163330,154.238636,53.625000,1,278,23503864320,23503864320
583,97,False,41767424,41767424,861184,3630640,0.064993,0.162734,143.958763,49.721649,3,206,23545631744,23545631744
584,100,False,43059200,43059200,861184,4059900,0.071539,0.165675,156.150000,54.410000,3,267,23588690944,23588690944
585,90,False,38753280,38753280,861184,4082520,0.076239,0.169079,174.466667,61.077778,6,278,23627444224,23627444224
586,98,False,42198016,42198016,861184,4171960,0.071455,0.156492,163.734694,56.775510,5,206,23669642240,23669642240
587,95,False,40906240,40906240,861184,3289520,0.061045,0.170852,133.178947,46.178947,2,224,23710548480,23710548480
588,109,False,46934528,46934528,861184,3589300,0.066250,0.168371,126.651376,43.706422,2,207,23757483008,23757483008
589,96,False,41336832,41336832,861184,4247620,0.072173,0.163711,170.177083,59.864583,2,278,23798819840,23798819840
590,92,False,39614464,39614464,861184,3735940,0.066871,0.173413,156.184783,54.086957,5,192,23838434304,23838434304
591,81,False,34877952,34877952,861184,3639480,0.073688,0.189529,172.814815,60.370370,2,272,23873312256,23873312256
592,93,False,40045056,40045056,861184,4132180,0.073327,0.156955,170.892473,59.860215,6,320,23913357312,23913357312
593,101,False,43489792,43489792,861184,4269980,0.070240,0.162095,162.603960,56.722772,4,255,23956847104,23956847104
594,78,False,33586176,33586176,861184,3150160,0.074002,0.192911,155.333333,53.884615,5,195,23990433280,23990433280
595,104,False,44781568,44781568,861184,3984240,0.069798,0.172017,147.346154,51.163462,1,278,24035214848,24035214848
596,90,False,38753280,38753280,861184,4152460,0.072625,0.152758,177.455556,62.188889,5,278,24073968128,24073968128
597,92,False,39614464,39614464,861184,4017000,0.069530,0.165160,167.934783,58.836957,4,272,24113582592,24113582592
598,74,False,31863808,31863808,861184,3369600,0.081123,0.191699,175.135135,61.256757,3,238,24145446400,24145446400
599,98,False,42198016,42198016,861184,4196400,0.074107,0.174710,164.693878,57.540816,4,272,24187644416,24187644416
600,117,False,50379264,50379264,861184,4771520,0.063075,0.138091,156.854701,54.982906,3,320,24238023680,24238023680
601,102,False,43920384,43920384,861184,4760860,0.076793,0.172070,179.519608,63.245098,6,376,24281944064,24281944064
602,82,False,35308544,35308544,861184,3656900,0.073926,0.185565,171.524390,59.609756,4,242,24317252608,24317252608
603,89,False,38322688,38322688,861184,3784560,0.072342,0.167140,163.550562,57.146067,2,255,24355575296,24355575296
604,108,False,46503936,46503936,861184,4288960,0.067800,0.156107,152.740741,53.157407,3,258,24402079232,24402079232
605,98,False,42198016,42198016,861184,4260360,0.068946,0.163826,167.204082,58.857143,3,376,24444277248,24444277248
606,103,False,44350976,44350976,861184,5623280,0.085789,0.179378,209.980583,74.116505,5,320,24488628224,24488628224
607,106,False,45642752,45642752,861184,4373460,0.071202,0.160665,158.688679,55.367925,1,255,24534270976,24534270976
608,94,False,40475648,40475648,861184,4069260,0.069124,0.173242,166.500000,58.106383,4,240,24574746624,24574746624
609,99,False,42628608,42628608,861184,4345900,0.073077,0.169034,168.838384,58.797980,3,238,24617375232,24617375232
610,97,False,41767424,41767424,861184,3437720,0.058267,0.158513,136.309278,47.340206,4,255,24659142656,24659142656
611,109,False,46934528,46934528,861184,5029440,0.076156,0.156340,177.467890,62.238532,5,255,24706077184,24706077184
612,105,False,45212160,45212160,861184,4406740,0.072291,0.166011,161.419048,56.095238,7,376,24751289344,24751289344
613,85,False,36600320,36600320,861184,2980380,0.062793,0.195073,134.858824,46.400000,3,195,24787889664,24787889664
614,106,False,45642752,45642752,861184,4248400,0.067914,0.151445,154.150943,53.783019,2,267,24833532416,24833532416
615,96,False,41336832,41336832,861184,4414540,0.074756,0.172821,176.864583,62.145833,5,278,24874869248,24874869248
616,102,False,43920384,43920384,861184,4054180,0.068659,0.171643,152.872549,53.107843,3,272,24918789632,24918789632
617,87,False,37461504,37461504,861184,3266640,0.060228,0.180629,144.413793,50.057471,1,224,24956251136,24956251136
618,94,False,40475648,40475648,861184,3544840,0.068259,0.170904,145.042553,49.978723,5,185,24996726784,24996726784
619,102,False,43920384,43920384,861184,3506100,0.062604,0.166372,132.205882,45.686275,1,272,25040647168,25040647168
620,99,False,42628608,42628608,861184,4548440,0.069788,0.165716,176.707071,62.030303,1,320,25083275776,25083275776
621,91,False,39183872,39183872,861184,3693300,0.069479,0.188699,156.098901,54.098901,5,272,25122459648,25122459648
622,78,False,33586176,33586176,861184,3269500,0.068674,0.180955,161.217949,56.051282,4,255,25156045824,25156045824
623,100,False,43059200,43059200,861184,4143620,0.065439,0.166933,159.370000,55.260000,5,255,25199105024,25199105024
624,87,False,37461504,37461504,861184,3374800,0.064122,0.176032,149.195402,52.103448,5,272,25236566528,25236566528
625,97,False,41767424,41767424,861184,4151420,0.070620,0.160464,164.608247,57.628866,1,267,25278333952,25278333952
626,85,False,36600320,36600320,861184,4039360,0.075548,0.184390,182.776471,64.105882,4,272,25314934272,25314934272
627,90,False,38753280,38753280,861184,4424680,0.080941,0.171408,189.088889,66.188889,5,255,25353687552,25353687552
628,96,False,41336832,41336832,861184,4493320,0.073924,0.168531,180.020833,63.010417,6,272,25395024384,25395024384
629,106,False,45642752,45642752,861184,4930900,0.072468,0.154488,178.915094,62.754717,3,278,25440667136,25440667136
630,94,False,40475648,40475648,861184,3876080,0.064401,0.159084,158.595745,55.617021,1,376,25481142784,25481142784
631,94,False,40475648,40475648,861184,4384640,0.073518,0.168153,179.404255,62.776596,2,267,25521618432,25521618432
632,77,False,33155584,33155584,861184,3135080,0.065238,0.186952,156.597403,54.701299,5,278,25554774016,25554774016
633,91,False,39183872,39183872,861184,3958240,0.069063,0.165272,167.296703,58.252747,5,212,25593957888,25593957888
634,106,False,45642752,45642752,861184,5301660,0.073105,0.154611,192.367925,68.226415,5,376,25639600640,25639600640
635,83,False,35739136,35739136,861184,3708900,0.072764,0.191441,171.867470,59.951807,6,255,25675339776,25675339776
636,99,False,42628608,42628608,861184,3610100,0.067008,0.172916,140.252525,48.585859,1,242,25717968384,25717968384
637,82,False,35308544,35308544,861184,2884700,0.061094,0.181108,135.304878,46.804878,5,278,25753276928,25753276928
638,85,False,36600320,36600320,861184,2877160,0.057628,0.173443,130.188235,45.117647,2,185,25789877248,25789877248
639,106,False,45642752,45642752,861184,4657120,0.068204,0.153838,168.981132,59.084906,2,272,25835520000,25835520000
640,91,False,39183872,39183872,861184,3943940,0.068024,0.178055,166.692308,58.538462,1,376,25874703872,25874703872
641,98,False,42198016,42198016,861184,4591080,0.074004,0.161059,180.183673,63.357143,1,376,25916901888,25916901888
642,102,False,43920384,43920384,861184,4695860,0.070626,0.167077,177.068627,62.294118,1,376,25960822272,25960822272
643,98,False,42198016,42198016,861184,4049500,0.070874,0.177363,158.928571,55.755102,3,376,26003020288,26003020288
644,84,False,36169728,36169728,861184,3973580,0.076609,0.178990,181.940476,63.464286,7,267,26039190016,26039190016
645,94,False,40475648,40475648,861184,3938220,0.066139,0.156348,161.138298,55.797872,5,255,26079665664,26079665664
646,100,False,43059200,43059200,861184,4375280,0.070700,0.158419,168.280000,58.630000,4,212,26122724864,26122724864
647,84,False,36169728,36169728,861184,3582540,0.067690,0.178022,164.035714,57.750000,3,376,26158894592,26158894592
648,92,False,39614464,39614464,861184,4126720,0.074849,0.179735,172.521739,60.684783,5,376,26198509056,26198509056
649,105,False,45212160,45212160,861184,4483440,0.061821,0.152355,164.228571,57.638095,3,376,26243721216,26243721216
650,89,False,38322688,38322688,861184,3570320,0.063589,0.166933,154.292135,53.752809,5,320,26282043904,26282043904
651,110,False,47365120,47365120,861184,4704180,0.067579,0.155117,164.481818,57.327273,3,258,26329409024,26329409024
652,85,False,36600320,36600320,861184,3791060,0.067479,0.163856,171.541176,59.717647,3,255,26366009344,26366009344
653,89,False,38322688,38322688,861184,4340440,0.069748,0.157468,187.573034,65.696629,1,272,26404332032,26404332032
654,90,False,38753280,38753280,861184,3682380,0.064550,0.183614,157.366667,54.700000,3,210,26443085312,26443085312
655,100,False,43059200,43059200,861184,3710720,0.053621,0.135016,142.720000,49.700000,2,376,26486144512,26486144512
656,90,False,38753280,38753280,861184,4825860,0.078889,0.170039,206.233333,72.400000,5,272,26524897792,26524897792
657,102,False,43920384,43920384,861184,4821700,0.071472,0.151972,181.813725,63.578431,1,278,26568818176,26568818176
658,95,False,40906240,40906240,861184,4312620,0.071562,0.159449,174.600000,61.000000,2,258,26609724416,26609724416
659,87,False,37461504,37461504,861184,3198780,0.054165,0.157467,141.413793,49.057471,2,278,26647185920,26647185920
660,87,False,37461504,37461504,861184,4428060,0.071963,0.162282,195.758621,68.747126,1,278,26684647424,26684647424
661,83,False,35739136,35739136,861184,3773380,0.074180,0.180237,174.855422,60.987952,1,195,26720386560,26720386560
662,95,False,40906240,40906240,861184,3936400,0.063068,0.157536,159.368421,55.642105,1,320,26761292800,26761292800
663,97,False,41767424,41767424,861184,3757000,0.064721,0.172318,148.969072,51.597938,6,255,26803060224,26803060224
664,116,False,49948672,49948672,861184,4580680,0.062958,0.155032,151.879310,52.939655,2,320,26853008896,26853008896
665,96,False,41336832,41336832,861184,3866460,0.070418,0.172025,154.906250,54.031250,1,255,26894345728,26894345728
666,103,False,44350976,44350976,861184,4084340,0.063319,0.153177,152.514563,52.980583,5,258,26938696704,26938696704
667,83,False,35739136,35739136,861184,3580460,0.066187,0.165943,165.915663,57.843373,2,255,26974435840,26974435840
668,98,False,42198016,42198016,861184,4220320,0.069790,0.166243,165.632653,57.673469,5,185,27016633856,27016633856
669,103,False,44350976,44350976,861184,3794180,0.060448,0.158611,141.679612,49.145631,5,255,27060984832,27060984832
670,106,False,45642752,45642752,861184,3758560,0.057641,0.153594,136.377358,47.320755,5,242,27106627584,27106627584
671,106,False,45642752,45642752,861184,4412200,0.070413,0.158953,160.094340,55.462264,6,187,27152270336,27152270336
672,92,False,39614464,39614464,861184,3721380,0.060674,0.161882,155.576087,54.043478,5,255,27191884800,27191884800
673,98,False,42198016,42198016,861184,4812600,0.074851,0.160857,188.877551,66.224490,5,278,27234082816,27234082816
674,104,False,44781568,44781568,861184,3936920,0.062229,0.163004,145.596154,50.480769,3,272,27278864384,27278864384
675,78,False,33586176,33586176,861184,3427840,0.065675,0.184167,169.025641,59.025641,3,272,27312450560,27312450560
676,90,False,38753280,38753280,861184,3729700,0.066659,0.177792,159.388889,55.744444,5,278,27351203840,27351203840
677,88,False,37892096,37892096,861184,3376360,0.063192,0.181858,147.568182,51.261364,4,240,27389095936,27389095936
678,102,False,43920384,43920384,861184,3741920,0.063446,0.166522,141.098039,48.882353,5,255,27433016320,27433016320
679,117,False,50379264,50379264,861184,5421520,0.068267,0.152838,178.222222,62.205128,1,258,27483395584,27483395584
680,83,False,35739136,35739136,861184,3448380,0.062108,0.173823,159.795181,55.722892,5,255,27519134720,27519134720
681,78,False,33586176,33586176,861184,3576040,0.068730,0.200142,176.333333,62.025641,4,267,27552720896,27552720896
682,103,False,44350976,44350976,861184,4192500,0.064102,0.160531,156.553398,54.407767,3,278,27597071872,27597071872
683,95,False,40906240,40906240,861184,4071080,0.068994,0.182189,164.821053,57.915789,5,376,27637978112,27637978112
684,78,False,33586176,33586176,861184,3377920,0.069043,0.185423,166.564103,58.448718,1,376,27671564288,27671564288
685,80,False,34447360,34447360,861184,3606460,0.073311,0.183057,173.387500,60.400000,2,255,27706011648,27706011648
686,99,False,42628608,42628608,861184,4191980,0.062204,0.158108,162.858586,56.484848,3,255,27748640256,27748640256
687,98,False,42198016,42198016,861184,4454320,0.063045,0.152715,174.816327,61.755102,4,376,27790838272,27790838272
688,103,False,44350976,44350976,861184,4444700,0.067900,0.158303,165.970874,57.815534,4,278,27835189248,27835189248
689,90,False,38753280,38753280,861184,3150160,0.060507,0.176245,134.622222,46.533333,6,242,27873942528,27873942528
690,88,False,37892096,37892096,861184,3923660,0.067745,0.170696,171.488636,60.000000,2,272,27911834624,27911834624
691,87,False,37461504,37461504,861184,3662100,0.064370,0.172190,161.896552,56.310345,3,212,27949296128,27949296128
692,92,False,39614464,39614464,861184,4031560,0.060226,0.146191,168.543478,58.771739,3,255,27988910592,27988910592
693,107,False,46073344,46073344,861184,4604080,0.061388,0.144127,165.495327,57.588785,5,258,28034983936,28034983936
694,90,False,38753280,38753280,861184,3854500,0.061679,0.160232,164.722222,57.777778,5,272,28073737216,28073737216
695,88,False,37892096,37892096,861184,3726060,0.062563,0.155640,162.852273,56.829545,6,255,28111629312,28111629312
696,87,False,37461504,37461504,861184,3983980,0.072700,0.185680,176.126437,61.517241,6,320,28149090816,28149090816
697,84,False,36169728,36169728,861184,2897180,0.056171,0.170951,132.654762,45.857143,5,242,28185260544,28185260544
698,94,False,40475648,40475648,861184,3893500,0.058388,0.152504,159.308511,55.382979,5,278,28225736192,28225736192
699,94,False,40475648,40475648,861184,3870100,0.062680,0.160854,158.351064,55.063830,2,240,28266211840,28266211840
700,101,False,43489792,43489792,861184,3857620,0.055646,0.149314,146.900990,50.980198,1,272,28309701632,28309701632
701,82,False,35308544,35308544,861184,3596060,0.064144,0.178424,168.670732,59.231707,5,278,28345010176,28345010176
702,99,False,42628608,42628608,861184,4939740,0.069265,0.153597,191.909091,67.222222,3,255,28387638784,28387638784
703,112,False,48226304,48226304,861184,4780880,0.063712,0.148871,164.178571,57.232143,5,278,28435865088,28435865088
704,98,False,42198016,42198016,861184,4074200,0.065686,0.164685,159.897959,56.112245,1,376,28478063104,28478063104
705,94,False,40475648,40475648,861184,4167020,0.066246,0.160062,170.500000,59.382979,6,212,28518538752,28518538752
706,89,False,38322688,38322688,861184,3266640,0.054326,0.158796,141.168539,48.921348,3,255,28556861440,28556861440
707,104,False,44781568,44781568,861184,4409080,0.062285,0.154734,163.057692,57.067308,6,255,28601643008,28601643008
708,98,False,42198016,42198016,861184,3685760,0.054783,0.152372,144.653061,50.397959,1,258,28643841024,28643841024
709,88,False,37892096,37892096,861184,3566420,0.058183,0.164662,155.875000,54.318182,2,240,28681733120,28681733120
710,105,False,45212160,45212160,861184,4314960,0.061899,0.163939,158.057143,54.914286,3,240,28726945280,28726945280
711,104,False,44781568,44781568,861184,4376320,0.059678,0.139084,161.846154,56.730769,2,376,28771726848,28771726848
712,96,False,41336832,41336832,861184,3694340,0.057636,0.156589,148.010417,51.343750,5,196,28813063680,28813063680
713,117,False,50379264,50379264,861184,5029440,0.063735,0.144733,165.333333,57.735043,3,255,28863442944,28863442944
714,84,False,36169728,36169728,861184,3208140,0.065025,0.176839,146.892857,50.976190,1,267,28899612672,28899612672
715,85,False,36600320,36600320,861184,3207880,0.055771,0.168151,145.152941,50.200000,6,212,28936212992,28936212992
716,89,False,38322688,38322688,861184,3554980,0.057895,0.165173,153.629213,53.651685,1,320,28974535680,28974535680
717,110,False,47365120,47365120,861184,3853720,0.047682,0.139498,134.745455,46.918182,2,255,29021900800,29021900800
718,92,False,39614464,39614464,861184,3455140,0.058884,0.170077,144.445652,50.173913,3,258,29061515264,29061515264
719,87,False,37461504,37461504,861184,3476720,0.060966,0.173454,153.701149,53.666667,1,278,29098976768,29098976768
720,87,False,37461504,37461504,861184,4444700,0.071572,0.157720,196.494253,69.425287,3,272,29136438272,29136438272
721,88,False,37892096,37892096,861184,3941340,0.067277,0.178125,172.261364,60.500000,5,376,29174330368,29174330368
722,95,False,40906240,40906240,861184,3763760,0.058617,0.157132,152.378947,52.852632,5,206,29215236608,29215236608
723,110,False,47365120,47365120,861184,4579900,0.062594,0.162634,160.136364,55.509091,5,255,29262601728,29262601728
724,96,False,41336832,41336832,861184,4160780,0.068209,0.169182,166.697917,58.145833,4,258,29303938560,29303938560
725,107,False,46073344,46073344,861184,3980860,0.051510,0.148718,143.093458,49.738318,3,272,29350011904,29350011904
726,99,False,42628608,42628608,861184,4384640,0.066249,0.166160,170.343434,59.646465,5,258,29392640512,29392640512
727,95,False,40906240,40906240,861184,4032340,0.062110,0.159554,163.252632,56.884211,3,258,29433546752,29433546752
728,100,False,43059200,43059200,861184,3817060,0.058273,0.159897,146.810000,50.870000,3,255,29476605952,29476605952
729,92,False,39614464,39614464,861184,3649360,0.064078,0.168443,152.565217,52.630435,4,172,29516220416,29516220416
730,98,False,42198016,42198016,861184,4295460,0.065610,0.161539,168.581633,59.000000,6,320,29558418432,29558418432
731,80,False,34447360,34447360,861184,3512080,0.063073,0.180928,168.850000,58.925000,5,272,29592865792,29592865792
732,79,False,34016768,34016768,861184,3725020,0.063675,0.163631,181.354430,63.506329,5,272,29626882560,29626882560
733,86,False,37030912,37030912,861184,3727620,0.062303,0.175437,166.709302,58.325581,3,278,29663913472,29663913472
734,81,False,34877952,34877952,861184,3333200,0.056957,0.164104,158.271605,54.876543,5,255,29698791424,29698791424
735,90,False,38753280,38753280,861184,4188340,0.066150,0.178730,178.988889,62.733333,3,249,29737544704,29737544704
736,92,False,39614464,39614464,861184,3580720,0.060572,0.186625,149.695652,51.913043,4,255,29777159168,29777159168
737,109,False,46934528,46934528,861184,4270760,0.056959,0.163183,150.697248,52.596330,6,376,29824093696,29824093696
738,89,False,38322688,38322688,861184,3737760,0.060864,0.172308,161.528090,56.191011,7,210,29862416384,29862416384
739,113,False,48656896,48656896,861184,4724980,0.060601,0.151959,160.823009,56.070796,4,255,29911073280,29911073280
740,102,False,43920384,43920384,861184,4723160,0.066006,0.153636,178.098039,62.294118,6,376,29954993664,29954993664
741,110,False,47365120,47365120,861184,4068740,0.057311,0.157960,142.263636,49.145455,3,240,30002358784,30002358784
742,91,False,39183872,39183872,861184,4059380,0.061981,0.161750,171.571429,59.989011,5,272,30041542656,30041542656
743,99,False,42628608,42628608,861184,4035980,0.057903,0.153971,156.797980,54.606061,5,230,30084171264,30084171264
744,98,False,42198016,42198016,861184,4848220,0.072154,0.163467,190.275510,66.775510,2,267,30126369280,30126369280
745,99,False,42628608,42628608,861184,4216160,0.060355,0.161163,163.797980,57.535354,2,320,30168997888,30168997888
746,103,False,44350976,44350976,861184,4012060,0.057569,0.159964,149.815534,52.126214,6,272,30213348864,30213348864
747,105,False,45212160,45212160,861184,4365400,0.061101,0.147889,159.904762,55.561905,5,224,30258561024,30258561024
748,95,False,40906240,40906240,861184,4253860,0.066004,0.166601,172.221053,60.315789,4,267,30299467264,30299467264
749,109,False,46934528,46934528,861184,4710680,0.061367,0.143059,166.220183,58.311927,6,255,30346401792,30346401792
750,91,False,39183872,39183872,861184,3992300,0.060681,0.152599,168.736264,58.901099,6,267,30385585664,30385585664
751,92,False,39614464,39614464,861184,4300920,0.060025,0.143773,179.804348,62.728261,1,267,30425200128,30425200128
752,92,False,39614464,39614464,861184,3930940,0.059675,0.154994,164.336957,57.413043,1,272,30464814592,30464814592
753,78,False,33586176,33586176,861184,3342300,0.060026,0.173444,164.807692,57.615385,3,255,30498400768,30498400768
754,92,False,39614464,39614464,861184,3527420,0.056461,0.165697,147.467391,51.043478,4,179,30538015232,30538015232
755,119,False,51240448,51240448,861184,4398420,0.061011,0.158206,142.159664,48.983193,2,154,30589255680,30589255680
756,108,False,46503936,46503936,861184,5140980,0.064453,0.145619,183.083333,63.935185,5,258,30635759616,30635759616
757,96,False,41336832,41336832,861184,4505800,0.067791,0.156470,180.520833,63.520833,2,376,30677096448,30677096448
758,97,False,41767424,41767424,861184,4260880,0.067512,0.168314,168.948454,58.742268,5,214,30718863872,30718863872
759,95,False,40906240,40906240,861184,3711500,0.056938,0.161525,150.263158,52.010526,6,212,30759770112,30759770112
760,98,False,42198016,42198016,861184,3887520,0.056790,0.160430,152.571429,52.928571,2,249,30801968128,30801968128
761,94,False,40475648,40475648,861184,3657160,0.053882,0.153684,149.638298,52.063830,2,249,30842443776,30842443776
762,93,False,40045056,40045056,861184,4638920,0.069590,0.160669,191.849462,67.096774,8,320,30882488832,30882488832
763,102,False,43920384,43920384,861184,4533620,0.062550,0.163773,170.950980,59.598039,6,255,30926409216,30926409216
764,108,False,46503936,46503936,861184,5048940,0.061199,0.137314,179.805556,63.462963,3,267,30972913152,30972913152
765,114,False,49087488,49087488,861184,4319900,0.053556,0.142517,145.745614,50.605263,4,238,31022000640,31022000640
766,105,False,45212160,45212160,861184,4008680,0.055677,0.180119,146.838095,50.847619,2,240,31067212800,31067212800
767,86,False,37030912,37030912,861184,4037540,0.059403,0.166329,180.569767,63.558140,3,320,31104243712,31104243712
768,90,False,38753280,38753280,861184,3859700,0.059452,0.166948,164.944444,57.244444,3,224,31142996992,31142996992
769,90,False,38753280,38753280,861184,3195660,0.055754,0.171599,136.566667,47.455556,1,272,31181750272,31181750272
770,93,False,40045056,40045056,861184,4251000,0.060873,0.157586,175.806452,61.838710,1,320,31221795328,31221795328
771,97,False,41767424,41767424,861184,3998280,0.060978,0.168358,158.536082,55.237113,3,255,31263562752,31263562752
772,75,False,32294400,32294400,861184,3183960,0.061172,0.186964,163.280000,57.053333,5,320,31295857152,31295857152
773,104,False,44781568,44781568,861184,3918720,0.053276,0.158821,144.923077,50.528846,1,267,31340638720,31340638720
774,86,False,37030912,37030912,861184,3337880,0.055792,0.180513,149.279070,52.081395,1,278,31377669632,31377669632
775,111,False,47795712,47795712,861184,4543760,0.055779,0.143111,157.441441,54.972973,3,272,31425465344,31425465344
776,91,False,39183872,39183872,861184,3790540,0.059257,0.166528,160.208791,55.494505,3,240,31464649216,31464649216
777,89,False,38322688,38322688,861184,3565120,0.054335,0.155280,154.067416,53.550562,3,272,31502971904,31502971904
778,101,False,43489792,43489792,861184,4282980,0.058680,0.146513,163.099010,56.722772,3,255,31546461696,31546461696
779,93,False,40045056,40045056,861184,4558580,0.065836,0.169799,188.526882,66.559140,2,376,31586506752,31586506752
780,103,False,44350976,44350976,861184,4172740,0.058022,0.162659,155.815534,54.242718,5,272,31630857728,31630857728
781,92,False,39614464,39614464,861184,4064320,0.062176,0.159695,169.913043,59.054348,6,255,31670472192,31670472192
782,88,False,37892096,37892096,861184,3396640,0.058502,0.176764,148.454545,51.715909,4,376,31708364288,31708364288
783,97,False,41767424,41767424,861184,4199520,0.057114,0.160202,166.515464,58.185567,1,376,31750131712,31750131712
784,85,False,36600320,36600320,861184,3828240,0.058368,0.169303,173.223529,60.929412,5,320,31786732032,31786732032
785,103,False,44350976,44350976,861184,4346420,0.055130,0.141789,162.300971,56.466019,1,249,31831083008,31831083008
786,92,False,39614464,39614464,861184,3576560,0.050232,0.148387,149.521739,52.173913,3,255,31870697472,31870697472
787,93,False,40045056,40045056,861184,3702920,0.059376,0.163366,153.139785,53.043011,3,238,31910742528,31910742528
788,100,False,43059200,43059200,861184,3539380,0.051621,0.155838,136.130000,47.080000,3,182,31953801728,31953801728
789,98,False,42198016,42198016,861184,4041700,0.059726,0.159623,158.622449,55.367347,2,320,31995999744,31995999744
790,93,False,40045056,40045056,861184,3723460,0.052880,0.165836,153.989247,53.795699,5,376,32036044800,32036044800
791,95,False,40906240,40906240,861184,3508960,0.056525,0.166961,142.063158,49.052632,4,187,32076951040,32076951040
792,101,False,43489792,43489792,861184,4164420,0.058337,0.150187,158.584158,55.336634,3,320,32120440832,32120440832
793,101,False,43489792,43489792,861184,4339920,0.062013,0.152821,165.267327,57.960396,3,376,32163930624,32163930624
794,93,False,40045056,40045056,861184,3536520,0.058496,0.165479,146.258065,50.677419,5,224,32203975680,32203975680
795,99,False,42628608,42628608,861184,4658160,0.063121,0.154567,180.969697,62.989899,3,238,32246604288,32246604288
796,93,False,40045056,40045056,861184,3782740,0.060497,0.161007,156.440860,54.376344,5,267,32286649344,32286649344
797,71,False,30572032,30572032,861184,3488940,0.063073,0.180585,189.000000,66.239437,5,212,32317221376,32317221376
798,103,False,44350976,44350976,861184,4605120,0.059282,0.150878,171.961165,59.834951,1,224,32361572352,32361572352
799,96,False,41336832,41336832,861184,3846700,0.056362,0.163046,154.114583,53.427083,5,210,32402909184,32402909184
800,78,False,33586176,33586176,861184,2773420,0.046680,0.154700,136.756410,47.679487,2,272,32436495360,32436495360
801,86,False,37030912,37030912,861184,3727880,0.059868,0.162767,166.720930,58.418605,6,320,32473526272,32473526272
802,80,False,34447360,34447360,861184,3532100,0.058522,0.182825,169.812500,59.250000,1,278,32507973632,32507973632
803,110,False,47365120,47365120,861184,4846660,0.055641,0.152563,169.463636,59.227273,5,376,32555338752,32555338752
804,88,False,37892096,37892096,861184,3821740,0.055162,0.142729,167.034091,58.784091,3,272,32593230848,32593230848
805,100,False,43059200,43059200,861184,3910140,0.052618,0.150766,150.390000,52.110000,3,267,32636290048,32636290048
806,104,False,44781568,44781568,861184,4360720,0.056458,0.158719,161.269231,56.548077,1,267,32681071616,32681071616
807,104,False,44781568,44781568,861184,3787420,0.052112,0.169200,140.067308,48.846154,2,272,32725853184,32725853184
808,99,False,42628608,42628608,861184,4100980,0.055349,0.151242,159.323232,55.101010,1,179,32768481792,32768481792
809,81,False,34877952,34877952,861184,3714360,0.063975,0.185061,176.370370,62.049383,1,376,32803359744,32803359744
810,112,False,48226304,48226304,861184,4813640,0.056469,0.144667,165.303571,57.678571,5,272,32851586048,32851586048
811,98,False,42198016,42198016,861184,3576820,0.051795,0.158787,140.377551,48.530612,5,230,32893784064,32893784064
812,109,False,46934528,46934528,861184,4138940,0.052633,0.148433,146.045872,50.541284,3,242,32940718592,32940718592
813,109,False,46934528,46934528,861184,4960020,0.058777,0.141172,175.018349,60.862385,1,240,32987653120,32987653120
814,99,False,42628608,42628608,861184,4200820,0.057170,0.148004,163.202020,57.161616,2,267,33030281728,33030281728
815,99,False,42628608,42628608,861184,4859140,0.061989,0.151336,188.777778,66.242424,1,258,33072910336,33072910336
816,88,False,37892096,37892096,861184,4281420,0.059301,0.161329,187.125000,66.136364,6,376,33110802432,33110802432
817,93,False,40045056,40045056,861184,4505280,0.064732,0.164513,186.322581,65.440860,7,267,33150847488,33150847488
818,102,False,43920384,43920384,861184,4657380,0.062938,0.164965,175.617647,61.323529,2,320,33194767872,33194767872
819,86,False,37030912,37030912,861184,3298620,0.051966,0.164205,147.523256,51.337209,1,320,33231798784,33231798784
820,101,False,43489792,43489792,861184,4366700,0.061236,0.155741,166.287129,58.009901,2,240,33275288576,33275288576
821,97,False,41767424,41767424,861184,4202900,0.057760,0.162515,166.649485,58.484536,5,278,33317056000,33317056000
822,93,False,40045056,40045056,861184,4395820,0.064892,0.166778,181.795699,63.892473,4,376,33357101056,33357101056
823,77,False,33155584,33155584,861184,3460600,0.058374,0.172905,172.857143,60.480519,6,267,33390256640,33390256640
824,107,False,46073344,46073344,861184,4731220,0.061427,0.153571,170.065421,59.570093,4,267,33436329984,33436329984
825,96,False,41336832,41336832,861184,3634280,0.055328,0.155119,145.604167,50.437500,6,255,33477666816,33477666816
826,69,False,29710848,29710848,861184,3166540,0.063350,0.181352,176.507246,61.420290,6,179,33507377664,33507377664
827,112,False,48226304,48226304,861184,5006300,0.059376,0.139850,171.919643,60.276786,5,376,33555603968,33555603968
828,83,False,35739136,35739136,861184,3123380,0.054864,0.173632,144.734940,50.216867,2,255,33591343104,33591343104
829,91,False,39183872,39183872,861184,4234360,0.061162,0.162355,178.967033,62.483516,3,255,33630526976,33630526976
830,103,False,44350976,44350976,861184,4907240,0.062312,0.154506,183.242718,64.320388,1,272,33674877952,33674877952
831,67,False,28849664,28849664,861184,3559660,0.068018,0.192253,204.343284,71.626866,7,238,33703727616,33703727616
832,100,False,43059200,43059200,861184,3458000,0.049971,0.155279,133.000000,45.740000,5,238,33746786816,33746786816
833,107,False,46073344,46073344,861184,5101460,0.064785,0.163397,183.373832,64.327103,2,240,33792860160,33792860160
834,117,False,50379264,50379264,861184,4409600,0.045138,0.124564,144.957265,50.598291,1,272,33843239424,33843239424
835,90,False,38753280,38753280,861184,4179760,0.058873,0.148653,178.622222,62.400000,7,267,33881992704,33881992704
836,95,False,40906240,40906240,861184,3949400,0.050956,0.143602,159.894737,56.189474,5,376,33922898944,33922898944
837,84,False,36169728,36169728,861184,3866200,0.059183,0.164405,177.023810,62.119048,4,320,33959068672,33959068672
838,97,False,41767424,41767424,861184,3921060,0.051649,0.148279,155.474227,53.917526,2,214,34000836096,34000836096
839,95,False,40906240,40906240,861184,4131660,0.055588,0.146747,167.273684,58.778947,3,376,34041742336,34041742336
840,107,False,46073344,46073344,861184,5167760,0.062388,0.146581,185.757009,65.289720,2,320,34087815680,34087815680
841,89,False,38322688,38322688,861184,3457480,0.048285,0.147378,149.415730,52.033708,3,272,34126138368,34126138368
842,90,False,38753280,38753280,861184,4270760,0.056692,0.148835,182.511111,64.288889,3,376,34164891648,34164891648
843,88,False,37892096,37892096,861184,3689400,0.056719,0.163361,161.250000,56.136364,1,267,34202783744,34202783744
844,103,False,44350976,44350976,861184,4415840,0.056040,0.146727,164.893204,57.718447,1,376,34247134720,34247134720
845,93,False,40045056,40045056,861184,3856840,0.056686,0.151530,159.505376,55.569892,3,255,34287179776,34287179776
846,86,False,37030912,37030912,861184,3654820,0.051926,0.166598,163.453488,57.000000,3,255,34324210688,34324210688
847,78,False,33586176,33586176,861184,3541200,0.061701,0.169352,174.615385,60.820513,3,255,34357796864,34357796864
848,100,False,43059200,43059200,861184,4258280,0.059473,0.169819,163.780000,57.210000,4,272,34400856064,34400856064
849,106,False,45642752,45642752,861184,4946500,0.057129,0.142593,179.481132,62.877358,1,272,34446498816,34446498816
850,95,False,40906240,40906240,861184,3768440,0.050810,0.164156,152.568421,53.157895,5,272,34487405056,34487405056
851,108,False,46503936,46503936,861184,4136600,0.048398,0.136864,147.314815,51.055556,5,255,34533908992,34533908992
852,90,False,38753280,38753280,861184,3972280,0.059725,0.163656,169.755556,59.222222,5,320,34572662272,34572662272
853,81,False,34877952,34877952,861184,3219580,0.051696,0.167139,152.876543,52.938272,2,238,34607540224,34607540224
854,111,False,47795712,47795712,861184,4527900,0.049896,0.145714,156.891892,55.225225,5,320,34655335936,34655335936
855,87,False,37461504,37461504,861184,3663140,0.057162,0.174696,161.942529,56.298851,5,258,34692797440,34692797440
856,98,False,42198016,42198016,861184,4162860,0.054538,0.138832,163.377551,57.112245,2,376,34734995456,34734995456
857,85,False,36600320,36600320,861184,3153280,0.050203,0.161377,142.682353,49.400000,2,212,34771595776,34771595776
858,86,False,37030912,37030912,861184,3263780,0.050657,0.166305,145.965116,50.569767,1,267,34808626688,34808626688
859,80,False,34447360,34447360,861184,3590600,0.056955,0.170013,172.625000,60.287500,8,214,34843074048,34843074048
860,84,False,36169728,36169728,861184,3199040,0.049005,0.157916,146.476190,51.011905,1,272,34879243776,34879243776
861,77,False,33155584,33155584,861184,3339960,0.050966,0.160938,166.831169,58.727273,5,320,34912399360,34912399360
862,88,False,37892096,37892096,861184,3318900,0.049257,0.162645,145.056818,50.681818,3,267,34950291456,34950291456
863,90,False,38753280,38753280,861184,3468400,0.048737,0.155042,148.222222,51.433333,5,238,34989044736,34989044736
864,92,False,39614464,39614464,861184,3831620,0.054014,0.158438,160.184783,56.065217,3,320,35028659200,35028659200
865,93,False,40045056,40045056,861184,4106180,0.057700,0.164561,169.817204,59.182796,1,267,35068704256,35068704256
866,87,False,37461504,37461504,861184,4380220,0.063289,0.155873,193.643678,68.218391,3,278,35106165760,35106165760
867,95,False,40906240,40906240,861184,3650400,0.046409,0.151359,147.789474,51.157895,1,196,35147072000,35147072000
868,113,False,48656896,48656896,861184,4082260,0.045892,0.136322,138.946903,47.955752,2,184,35195728896,35195728896
869,97,False,41767424,41767424,861184,4618380,0.060741,0.157083,183.123711,63.979381,1,267,35237496320,35237496320
870,95,False,40906240,40906240,861184,4102020,0.054755,0.154055,166.073684,57.726316,3,272,35278402560,35278402560
871,105,False,45212160,45212160,861184,4437160,0.052736,0.148682,162.533333,56.504762,5,255,35323614720,35323614720
872,107,False,46073344,46073344,861184,3843840,0.044987,0.148787,138.168224,47.887850,2,238,35369688064,35369688064
873,91,False,39183872,39183872,861184,3949920,0.051170,0.157896,166.945055,58.604396,2,255,35408871936,35408871936
874,111,False,47795712,47795712,861184,4931680,0.053092,0.139229,170.882883,59.792793,3,320,35456667648,35456667648
875,86,False,37030912,37030912,861184,4419220,0.063126,0.158400,197.639535,69.906977,5,376,35493698560,35493698560
876,91,False,39183872,39183872,861184,4546100,0.057554,0.154364,192.142857,67.549451,2,255,35532882432,35532882432
877,89,False,38322688,38322688,861184,3720860,0.049933,0.159770,160.797753,56.123596,3,272,35571205120,35571205120
878,92,False,39614464,39614464,861184,3755960,0.051195,0.155892,157.021739,54.663043,4,240,35610819584,35610819584
879,93,False,40045056,40045056,861184,4392440,0.060107,0.165791,181.655914,63.709677,5,267,35650864640,35650864640
880,77,False,33155584,33155584,861184,3220360,0.053971,0.178999,160.857143,56.000000,5,278,35684020224,35684020224
881,98,False,42198016,42198016,861184,4920500,0.058418,0.142297,193.112245,67.846939,4,272,35726218240,35726218240
882,119,False,51240448,51240448,861184,4806100,0.047762,0.128688,155.336134,54.344538,1,320,35777458688,35777458688
883,97,False,41767424,41767424,861184,3997240,0.051342,0.152521,158.494845,55.278351,3,258,35819226112,35819226112
884,84,False,36169728,36169728,861184,3625180,0.054358,0.163755,165.988095,58.035714,1,255,35855395840,35855395840
885,96,False,41336832,41336832,861184,3345420,0.046616,0.166771,134.031250,46.333333,5,196,35896732672,35896732672
886,96,False,41336832,41336832,861184,4325360,0.055709,0.164304,173.291667,60.520833,5,242,35938069504,35938069504
887,91,False,39183872,39183872,861184,3869580,0.051096,0.163055,163.549451,57.362637,4,255,35977253376,35977253376
888,94,False,40475648,40475648,861184,4350060,0.056423,0.150395,177.989362,62.074468,3,255,36017729024,36017729024
889,96,False,41336832,41336832,861184,4572880,0.062974,0.169278,183.208333,64.000000,7,272,36059065856,36059065856
890,98,False,42198016,42198016,861184,4183660,0.053647,0.145224,164.193878,57.377551,5,255,36101263872,36101263872
891,114,False,49087488,49087488,861184,5238740,0.058224,0.143147,176.745614,61.894737,5,272,36150351360,36150351360
892,109,False,46934528,46934528,861184,4467580,0.052368,0.142163,157.642202,55.018349,5,376,36197285888,36197285888
893,112,False,48226304,48226304,861184,4270240,0.049054,0.144997,146.642857,51.035714,1,272,36245512192,36245512192
894,121,False,52101632,52101632,861184,4633200,0.051544,0.138277,147.272727,50.958678,5,238,36297613824,36297613824
895,100,False,43059200,43059200,861184,4336280,0.051105,0.145314,166.780000,58.270000,3,272,36340673024,36340673024
896,97,False,41767424,41767424,861184,3718520,0.045463,0.142237,147.443299,51.329897,3,320,36382440448,36382440448
897,90,False,38753280,38753280,861184,4251780,0.059379,0.158734,181.700000,63.166667,5,184,36421193728,36421193728
898,103,False,44350976,44350976,861184,4254900,0.050021,0.146457,158.883495,55.407767,2,258,36465544704,36465544704
899,110,False,47365120,47365120,861184,4144660,0.049669,0.142183,144.918182,50.136364,1,214,36512909824,36512909824
900,96,False,41336832,41336832,861184,4522700,0.054494,0.140548,181.197917,63.218750,2,258,36554246656,36554246656
901,100,False,43059200,43059200,861184,4105660,0.050827,0.164647,157.910000,55.230000,7,278,36597305856,36597305856
902,90,False,38753280,38753280,861184,3277560,0.045123,0.147422,140.066667,48.411111,1,214,36636059136,36636059136
903,83,False,35739136,35739136,861184,3209180,0.050438,0.154565,148.710843,51.855422,7,267,36671798272,36671798272
904,94,False,40475648,40475648,861184,4147260,0.051242,0.147960,169.691489,59.393617,5,272,36712273920,36712273920
905,90,False,38753280,38753280,861184,4010500,0.056199,0.166756,171.388889,59.544444,6,272,36751027200,36751027200
906,97,False,41767424,41767424,861184,3863600,0.050167,0.148863,153.195876,53.309278,5,238,36792794624,36792794624
907,95,False,40906240,40906240,861184,4472260,0.059664,0.166817,181.063158,63.873684,2,376,36833700864,36833700864
908,85,False,36600320,36600320,861184,2952820,0.043862,0.154321,133.611765,46.058824,5,214,36870301184,36870301184
909,97,False,41767424,41767424,861184,4041700,0.048595,0.139842,160.257732,55.876289,5,255,36912068608,36912068608
910,97,False,41767424,41767424,861184,4071340,0.057356,0.169757,161.432990,56.154639,2,255,36953836032,36953836032
911,98,False,42198016,42198016,861184,3974100,0.050925,0.151588,155.969388,54.163265,4,255,36996034048,36996034048
912,87,False,37461504,37461504,861184,4352400,0.054888,0.153345,192.413793,67.344828,5,272,37033495552,37033495552
913,101,False,43489792,43489792,861184,3937700,0.044763,0.134443,149.950495,51.861386,1,175,37076985344,37076985344
914,107,False,46073344,46073344,861184,3780140,0.042498,0.140066,135.878505,47.299065,4,267,37123058688,37123058688
915,102,False,43920384,43920384,861184,4533360,0.055274,0.152394,170.941176,59.803922,5,376,37166979072,37166979072
916,93,False,40045056,40045056,861184,4247880,0.051774,0.145326,175.677419,61.451613,1,255,37207024128,37207024128
917,90,False,38753280,38753280,861184,3269760,0.043526,0.147291,139.733333,48.633333,2,267,37245777408,37245777408
918,91,False,39183872,39183872,861184,4429100,0.053478,0.138531,187.197802,65.692308,5,272,37284961280,37284961280
919,103,False,44350976,44350976,861184,4126980,0.049798,0.143606,154.106796,53.427184,5,212,37329312256,37329312256
920,101,False,43489792,43489792,861184,4311320,0.051456,0.144154,164.178218,57.207921,3,224,37372802048,37372802048
921,89,False,38322688,38322688,861184,3435640,0.049174,0.154493,148.471910,51.494382,1,249,37411124736,37411124736
922,89,False,38322688,38322688,861184,4450680,0.062574,0.167169,192.337079,67.808989,3,376,37449447424,37449447424
923,98,False,42198016,42198016,861184,4303520,0.054766,0.148591,168.897959,58.653061,1,206,37491645440,37491645440
924,102,False,43920384,43920384,861184,4593160,0.053054,0.145305,173.196078,60.696078,5,376,37535565824,37535565824
925,95,False,40906240,40906240,861184,3742180,0.047804,0.154792,151.505263,52.821053,3,267,37576472064,37576472064
926,90,False,38753280,38753280,861184,3539640,0.049758,0.164767,151.266667,52.600000,2,242,37615225344,37615225344
927,98,False,42198016,42198016,861184,4090320,0.049241,0.149004,160.530612,56.030612,3,249,37657423360,37657423360
928,102,False,43920384,43920384,861184,4194840,0.046602,0.133198,158.176471,55.166667,3,272,37701343744,37701343744
929,87,False,37461504,37461504,861184,4501380,0.057340,0.155009,199.000000,70.068966,6,376,37738805248,37738805248
930,111,False,47795712,47795712,861184,4949620,0.054220,0.135630,171.504505,59.882883,1,255,37786600960,37786600960
931,103,False,44350976,44350976,861184,4757740,0.054405,0.141764,177.660194,62.242718,5,320,37830951936,37830951936
932,94,False,40475648,40475648,861184,4038840,0.053425,0.156012,165.255319,57.393617,3,242,37871427584,37871427584
933,85,False,36600320,36600320,861184,3606460,0.048083,0.154379,163.188235,56.988235,6,255,37908027904,37908027904
934,104,False,44781568,44781568,861184,4852120,0.053962,0.144509,179.442308,62.855769,3,267,37952809472,37952809472
935,92,False,39614464,39614464,861184,3521960,0.047354,0.151313,147.239130,51.271739,3,210,37992423936,37992423936
936,99,False,42628608,42628608,861184,4442880,0.054497,0.150485,172.606061,60.474747,2,278,38035052544,38035052544
937,111,False,47795712,47795712,861184,4642560,0.048451,0.137765,160.864865,55.792793,2,242,38082848256,38082848256
938,97,False,41767424,41767424,861184,3612700,0.044608,0.146186,143.247423,49.711340,5,210,38124615680,38124615680
939,84,False,36169728,36169728,861184,3450460,0.047680,0.154555,157.988095,54.904762,3,212,38160785408,38160785408
940,102,False,43920384,43920384,861184,4301960,0.053711,0.149153,162.215686,56.490196,5,230,38204705792,38204705792
941,91,False,39183872,39183872,861184,3480360,0.044511,0.154144,147.098901,51.153846,5,255,38243889664,38243889664
942,93,False,40045056,40045056,861184,3578120,0.045663,0.156254,147.978495,51.494624,1,196,38283934720,38283934720
943,94,False,40475648,40475648,861184,4204980,0.052726,0.152731,172.053191,59.946809,2,258,38324410368,38324410368
944,83,False,35739136,35739136,861184,3333720,0.045473,0.155418,154.481928,53.855422,3,240,38360149504,38360149504
945,80,False,34447360,34447360,861184,3813420,0.058542,0.167546,183.337500,64.000000,6,212,38394596864,38394596864
946,111,False,47795712,47795712,861184,4720040,0.052404,0.146543,163.549550,57.090090,1,320,38442392576,38442392576
947,81,False,34877952,34877952,861184,3265340,0.045890,0.145997,155.049383,53.901235,5,242,38477270528,38477270528
948,92,False,39614464,39614464,861184,3816540,0.052545,0.165821,159.554348,55.380435,2,207,38516884992,38516884992
949,89,False,38322688,38322688,861184,4123340,0.052906,0.152649,178.191011,62.584270,4,258,38555207680,38555207680
950,80,False,34447360,34447360,861184,3743740,0.054880,0.170767,179.987500,62.925000,2,320,38589655040,38589655040
951,85,False,36600320,36600320,861184,3599700,0.048406,0.158674,162.882353,56.788235,2,258,38626255360,38626255360
952,81,False,34877952,34877952,861184,3082300,0.045550,0.162454,146.358025,50.950617,1,207,38661133312,38661133312
953,90,False,38753280,38753280,861184,3538340,0.045870,0.156829,151.211111,53.022222,5,320,38699886592,38699886592
954,94,False,40475648,40475648,861184,4613440,0.054146,0.145770,188.765957,65.882979,3,272,38740362240,38740362240
955,93,False,40045056,40045056,861184,4505280,0.053673,0.149409,186.322581,65.322581,7,272,38780407296,38780407296
956,86,False,37030912,37030912,861184,3124160,0.046541,0.158639,139.720930,48.360465,1,240,38817438208,38817438208
957,106,False,45642752,45642752,861184,3730480,0.043886,0.138699,135.358491,46.849057,3,255,38863080960,38863080960
958,104,False,44781568,44781568,861184,4149340,0.047192,0.147531,153.451923,53.605769,5,278,38907862528,38907862528
959,103,False,44350976,44350976,861184,4004780,0.046701,0.155241,149.543689,51.864078,1,238,38952213504,38952213504
960,104,False,44781568,44781568,861184,4300660,0.051298,0.148196,159.048077,55.480769,3,376,38996995072,38996995072
961,82,False,35308544,35308544,861184,3235960,0.046500,0.158621,151.780488,53.219512,1,258,39032303616,39032303616
962,99,False,42628608,42628608,861184,4439500,0.046165,0.132498,172.474747,60.626263,2,255,39074932224,39074932224
963,90,False,38753280,38753280,861184,4113980,0.052619,0.145232,175.811111,61.188889,3,249,39113685504,39113685504
964,97,False,41767424,41767424,861184,4074460,0.046892,0.136445,161.556701,56.587629,3,320,39155452928,39155452928
965,94,False,40475648,40475648,861184,4391920,0.056836,0.163578,179.702128,62.361702,5,230,39195928576,39195928576
966,86,False,37030912,37030912,861184,3647540,0.048610,0.151375,163.127907,57.313953,1,267,39232959488,39232959488
967,89,False,38322688,38322688,861184,3622060,0.047348,0.155081,156.528090,54.157303,8,230,39271282176,39271282176
968,86,False,37030912,37030912,861184,3604380,0.046081,0.140510,161.197674,56.290698,3,278,39308313088,39308313088
969,92,False,39614464,39614464,861184,3416140,0.046292,0.153497,142.815217,49.597826,5,249,39347927552,39347927552
970,112,False,48226304,48226304,861184,5185440,0.057164,0.149890,178.071429,62.125000,4,278,39396153856,39396153856
971,93,False,40045056,40045056,861184,3984240,0.046649,0.146971,164.774194,57.924731,6,376,39436198912,39436198912
972,96,False,41336832,41336832,861184,4325620,0.047821,0.144179,173.302083,60.416667,2,272,39477535744,39477535744
973,87,False,37461504,37461504,861184,3238040,0.042229,0.149723,143.149425,49.988506,3,320,39514997248,39514997248
974,94,False,40475648,40475648,861184,4056780,0.045202,0.135082,165.989362,57.617021,6,267,39555472896,39555472896
975,96,False,41336832,41336832,861184,4059120,0.049006,0.144637,162.625000,57.114583,6,376,39596809728,39596809728
976,109,False,46934528,46934528,861184,4915820,0.051772,0.137988,173.458716,60.403670,3,195,39643744256,39643744256
977,105,False,45212160,45212160,861184,4668560,0.047514,0.132861,171.009524,60.361905,4,278,39688956416,39688956416
978,94,False,40475648,40475648,861184,4009460,0.050950,0.158405,164.053191,57.031915,5,200,39729432064,39729432064
979,88,False,37892096,37892096,861184,3748420,0.047881,0.153147,163.829545,57.340909,2,278,39767324160,39767324160
980,79,False,34016768,34016768,861184,3286660,0.046695,0.158642,160.012658,55.974684,1,267,39801340928,39801340928
981,78,False,33586176,33586176,861184,3977220,0.056456,0.165501,196.115385,69.217949,1,278,39834927104,39834927104
982,95,False,40906240,40906240,861184,4197440,0.054724,0.156303,169.936842,58.915789,4,182,39875833344,39875833344
983,104,False,44781568,44781568,861184,3847740,0.040532,0.129444,142.298077,49.240385,1,193,39920614912,39920614912
984,80,False,34447360,34447360,861184,3263260,0.044360,0.155645,156.887500,54.362500,5,214,39955062272,39955062272
985,95,False,40906240,40906240,861184,4437940,0.054426,0.156434,179.673684,62.715789,2,242,39995968512,39995968512
986,102,False,43920384,43920384,861184,3743480,0.041186,0.128329,141.156863,48.764706,1,193,40039888896,40039888896
987,105,False,45212160,45212160,861184,4234620,0.045706,0.140452,155.114286,54.142857,3,272,40085101056,40085101056
988,104,False,44781568,44781568,861184,4334720,0.048921,0.148681,160.307692,55.557692,1,212,40129882624,40129882624
989,76,False,32724992,32724992,861184,3021200,0.039122,0.142722,152.894737,53.276316,1,320,40162607616,40162607616
990,101,False,43489792,43489792,861184,3970460,0.047041,0.148322,151.198020,52.237624,5,210,40206097408,40206097408
991,95,False,40906240,40906240,861184,3924960,0.046596,0.146952,158.905263,55.357895,1,278,40247003648,40247003648
992,87,False,37461504,37461504,861184,3402100,0.045553,0.151499,150.402299,52.011494,2,207,40284465152,40284465152
993,102,False,43920384,43920384,861184,3625440,0.040778,0.140265,136.705882,47.196078,5,179,40328385536,40328385536
994,105,False,45212160,45212160,861184,4412200,0.048438,0.139973,161.619048,56.285714,4,240,40373597696,40373597696
995,106,False,45642752,45642752,861184,4331340,0.045005,0.144403,157.160377,55.066038,2,320,40419240448,40419240448
996,91,False,39183872,39183872,861184,4124900,0.050556,0.143208,174.340659,60.769231,1,193,40458424320,40458424320
997,87,False,37461504,37461504,861184,3515720,0.043210,0.141189,155.425287,53.896552,1,164,40495885824,40495885824
998,93,False,40045056,40045056,861184,3937960,0.043861,0.156135,162.860215,56.892473,2,272,40535930880,40535930880
999,86,False,37030912,37030912,861184,3413280,0.042116,0.135150,152.651163,53.406977,3,267,40572961792,40572961792
1000,86,False,37030912,37030912,861184,3455400,0.043567,0.151789,154.534884,54.372093,3,376,40609992704,40609992704
1001,103,False,44350976,44350976,861184,4665180,0.050335,0.137495,174.203883,60.893204,2,267,40654343680,40654343680
1002,88,False,37892096,37892096,861184,3812120,0.047933,0.147381,166.613636,58.193182,2,278,40692235776,40692235776
1003,83,False,35739136,35739136,861184,3524820,0.049358,0.166199,163.337349,56.578313,3,196,40727974912,40727974912
1004,99,False,42628608,42628608,861184,4469140,0.049673,0.143247,173.626263,60.929293,3,376,40770603520,40770603520
1005,86,False,37030912,37030912,861184,4374240,0.049525,0.151846,195.627907,69.441860,5,376,40807634432,40807634432
1006,95,False,40906240,40906240,861184,4266600,0.052349,0.160143,172.736842,60.200000,6,320,40848540672,40848540672
1007,108,False,46503936,46503936,861184,4442360,0.046342,0.129109,158.203704,54.768519,5,210,40895044608,40895044608
1008,79,False,34016768,34016768,861184,3185520,0.048615,0.166146,155.088608,54.037975,3,255,40929061376,40929061376
1009,101,False,43489792,43489792,861184,4768140,0.052957,0.150915,181.574257,63.594059,5,255,40972551168,40972551168
1010,89,False,38322688,38322688,861184,3486340,0.044861,0.150713,150.662921,52.471910,3,258,41010873856,41010873856
1011,102,False,43920384,43920384,861184,4440540,0.048878,0.144233,167.441176,58.058824,1,177,41054794240,41054794240
1012,99,False,42628608,42628608,861184,4749420,0.048637,0.139992,184.515152,65.252525,1,376,41097422848,41097422848
1013,80,False,34447360,34447360,861184,3373760,0.049369,0.158129,162.200000,56.362500,4,182,41131870208,41131870208
1014,86,False,37030912,37030912,861184,3622320,0.045936,0.158324,162.000000,56.674419,3,255,41168901120,41168901120
1015,89,False,38322688,38322688,861184,3877640,0.045441,0.147491,167.573034,58.584270,3,278,41207223808,41207223808
1016,94,False,40475648,40475648,861184,3745560,0.047667,0.151729,153.255319,53.191489,4,240,41247699456,41247699456
1017,104,False,44781568,44781568,861184,4900220,0.050532,0.137797,181.221154,63.048077,5,255,41292481024,41292481024
1018,64,False,27557888,27557888,861184,2738580,0.045116,0.173673,164.578125,57.812500,3,376,41320038912,41320038912
1019,94,False,40475648,40475648,861184,4868760,0.060167,0.161328,199.212766,70.170213,5,320,41360514560,41360514560
1020,72,False,31002624,31002624,861184,2740920,0.044497,0.178801,146.416667,50.652778,5,179,41391517184,41391517184
1021,107,False,46073344,46073344,861184,4222140,0.045447,0.146292,151.766355,52.757009,4,267,41437590528,41437590528
1022,106,False,45642752,45642752,861184,4717960,0.047855,0.142097,171.188679,59.839623,2,255,41483233280,41483233280
1023,107,False,46073344,46073344,861184,4242160,0.044769,0.135295,152.485981,52.915888,5,242,41529306624,41529306624
1024,93,False,40045056,40045056,861184,3742960,0.047313,0.148821,154.795699,53.989247,3,255,41569351680,41569351680
1025,99,False,42628608,42628608,861184,3569540,0.040345,0.139739,138.676768,47.828283,3,200,41611980288,41611980288
1026,98,False,42198016,42198016,861184,4509440,0.048737,0.141399,176.979592,62.061224,3,376,41654178304,41654178304
1027,91,False,39183872,39183872,861184,4315220,0.052640,0.158270,182.384615,63.626374,3,255,41693362176,41693362176
1028,95,False,40906240,40906240,861184,4176640,0.048548,0.151005,169.094737,59.126316,2,278,41734268416,41734268416
1029,94,False,40475648,40475648,861184,4101760,0.045553,0.142127,167.829787,58.702128,2,258,41774744064,41774744064
1030,75,False,32294400,32294400,861184,3079180,0.043691,0.164502,157.906667,55.053333,4,255,41807038464,41807038464
1031,95,False,40906240,40906240,861184,4500340,0.048258,0.136762,182.200000,64.084211,1,272,41847944704,41847944704
1032,112,False,48226304,48226304,861184,4985760,0.043096,0.124387,171.214286,60.044643,7,272,41896171008,41896171008
1033,97,False,41767424,41767424,861184,4476160,0.051492,0.158159,177.484536,62.061856,6,376,41937938432,41937938432
1034,77,False,33155584,33155584,861184,3705780,0.051708,0.159886,185.103896,65.363636,1,320,41971094016,41971094016
1035,89,False,38322688,38322688,861184,3913520,0.050298,0.158687,169.123596,59.078652,2,242,42009416704,42009416704
1036,103,False,44350976,44350976,861184,3841500,0.040050,0.134717,143.446602,49.883495,1,255,42053767680,42053767680
1037,82,False,35308544,35308544,861184,3881540,0.051616,0.175270,182.060976,64.060976,5,320,42089076224,42089076224
1038,93,False,40045056,40045056,861184,4373460,0.049130,0.148675,180.870968,62.924731,2,272,42129121280,42129121280
1039,96,False,41336832,41336832,861184,4194060,0.051224,0.165164,168.031250,58.802083,3,258,42170458112,42170458112
1040,79,False,34016768,34016768,861184,2957500,0.041491,0.156487,143.987342,50.139241,1,249,42204474880,42204474880
1041,97,False,41767424,41767424,861184,4365920,0.048244,0.146896,173.113402,60.350515,5,207,42246242304,42246242304
1042,92,False,39614464,39614464,861184,3774160,0.041969,0.144484,157.782609,55.163043,5,278,42285856768,42285856768
1043,97,False,41767424,41767424,861184,4470700,0.047961,0.138365,177.268041,62.360825,3,272,42327624192,42327624192
1044,94,False,40475648,40475648,861184,4574180,0.058650,0.163275,187.159574,65.340426,2,224,42368099840,42368099840
1045,104,False,44781568,44781568,861184,4181580,0.041904,0.139739,154.644231,53.711538,3,320,42412881408,42412881408
1046,114,False,49087488,49087488,861184,4748640,0.044138,0.127590,160.210526,56.271930,1,376,42461968896,42461968896
1047,127,False,54685184,54685184,861184,5148260,0.041649,0.114001,155.913386,54.393701,1,376,42516654080,42516654080
1048,107,False,46073344,46073344,861184,4957420,0.050038,0.149045,178.196262,62.485981,3,258,42562727424,42562727424
1049,114,False,49087488,49087488,861184,5167760,0.044474,0.125010,174.350877,61.087719,4,272,42611814912,42611814912
1050,91,False,39183872,39183872,861184,3300960,0.040921,0.161484,139.516484,48.340659,7,255,42650998784,42650998784
1051,100,False,43059200,43059200,861184,4431440,0.045383,0.131959,170.440000,59.500000,5,376,42694057984,42694057984
1052,85,False,36600320,36600320,861184,2993900,0.039610,0.201834,135.470588,47.070588,2,278,42730658304,42730658304
1053,94,False,40475648,40475648,861184,3695900,0.041260,0.135259,151.223404,52.861702,3,272,42771133952,42771133952
1054,99,False,42628608,42628608,861184,4073940,0.042097,0.130869,158.272727,55.242424,2,278,42813762560,42813762560
1055,88,False,37892096,37892096,861184,3753880,0.049237,0.160698,164.068182,57.431818,1,320,42851654656,42851654656
1056,91,False,39183872,39183872,861184,3604380,0.046664,0.155970,152.340659,52.813187,6,200,42890838528,42890838528
1057,109,False,46934528,46934528,861184,4401800,0.045654,0.139358,155.321101,53.889908,2,255,42937773056,42937773056
1058,81,False,34877952,34877952,861184,3862040,0.051617,0.170081,183.382716,64.037037,6,272,42972651008,42972651008
1059,98,False,42198016,42198016,861184,4268420,0.042915,0.129586,167.520408,58.520408,1,278,43014849024,43014849024
1060,90,False,38753280,38753280,861184,3761160,0.042423,0.140820,160.733333,55.855556,5,255,43053602304,43053602304
1061,97,False,41767424,41767424,861184,3923140,0.039826,0.124062,155.556701,54.092784,1,187,43095369728,43095369728
1062,113,False,48656896,48656896,861184,4835480,0.046194,0.132813,164.584071,57.566372,3,249,43144026624,43144026624
1063,88,False,37892096,37892096,861184,3404440,0.043100,0.153020,148.795455,51.704545,2,272,43181918720,43181918720
1064,80,False,34447360,34447360,861184,3461640,0.044880,0.161496,166.425000,58.325000,3,320,43216366080,43216366080
1065,100,False,43059200,43059200,861184,3896100,0.045187,0.150462,149.850000,52.390000,5,258,43259425280,43259425280
1066,102,False,43920384,43920384,861184,4788420,0.051558,0.157214,180.558824,63.431373,3,320,43303345664,43303345664
1067,103,False,44350976,44350976,861184,4551820,0.045878,0.131991,169.970874,59.533981,6,255,43347696640,43347696640
1068,104,False,44781568,44781568,861184,4539860,0.047204,0.141288,167.894231,58.788462,5,376,43392478208,43392478208
1069,95,False,40906240,40906240,861184,4100200,0.046146,0.151812,166.000000,58.147368,1,278,43433384448,43433384448
1070,90,False,38753280,38753280,861184,3205020,0.038265,0.141394,136.966667,47.422222,2,224,43472137728,43472137728
1071,90,False,38753280,38753280,861184,4307160,0.047872,0.148573,184.066667,64.688889,2,272,43510891008,43510891008
1072,94,False,40475648,40475648,861184,3852940,0.046774,0.162403,157.648936,54.659574,3,238,43551366656,43551366656
1073,92,False,39614464,39614464,861184,3550300,0.039985,0.137853,148.423913,51.706522,1,376,43590981120,43590981120
1074,103,False,44350976,44350976,861184,4389320,0.046894,0.143990,163.902913,57.165049,1,210,43635332096,43635332096
1075,95,False,40906240,40906240,861184,4150900,0.044667,0.142939,168.052632,58.463158,2,207,43676238336,43676238336
1076,94,False,40475648,40475648,861184,4235660,0.050171,0.157325,173.308511,60.659574,3,255,43716713984,43716713984
1077,99,False,42628608,42628608,861184,4031040,0.044848,0.145939,156.606061,54.222222,5,255,43759342592,43759342592
1078,102,False,43920384,43920384,861184,4266600,0.043231,0.134930,160.882353,56.176471,3,272,43803262976,43803262976
1079,85,False,36600320,36600320,861184,3864900,0.047678,0.155693,174.882353,60.811765,2,224,43839863296,43839863296
1080,88,False,37892096,37892096,861184,4105140,0.051332,0.155385,179.420455,62.477273,4,210,43877755392,43877755392
1081,98,False,42198016,42198016,861184,4119440,0.045483,0.151392,161.673469,56.295918,3,278,43919953408,43919953408
1082,94,False,40475648,40475648,861184,4072640,0.044717,0.141901,166.638298,58.106383,5,255,43960429056,43960429056
1083,93,False,40045056,40045056,861184,3856580,0.042892,0.135857,159.494624,55.451613,5,267,44000474112,44000474112
1084,109,False,46934528,46934528,861184,5250960,0.048651,0.138981,185.284404,65.238532,2,320,44047408640,44047408640
1085,87,False,37461504,37461504,861184,3393000,0.042255,0.156090,150.000000,51.919540,5,242,44084870144,44084870144
1086,89,False,38322688,38322688,861184,3859700,0.045089,0.149257,166.797753,58.662921,5,376,44123192832,44123192832
1087,105,False,45212160,45212160,861184,3937180,0.038560,0.129340,144.219048,50.028571,1,267,44168404992,44168404992
1088,86,False,37030912,37030912,861184,3665740,0.041503,0.136817,163.941860,57.058140,3,255,44205435904,44205435904
1089,105,False,45212160,45212160,861184,3552120,0.037593,0.134311,130.114286,44.952381,5,238,44250648064,44250648064
1090,68,False,29280256,29280256,861184,2543060,0.038733,0.154433,143.838235,50.117647,5,255,44279928320,44279928320
1091,98,False,42198016,42198016,861184,4265040,0.047372,0.153682,167.387755,58.448980,5,255,44322126336,44322126336
1092,100,False,43059200,43059200,861184,4144920,0.045163,0.144988,159.420000,55.510000,2,272,44365185536,44365185536
1093,96,False,41336832,41336832,861184,4213300,0.040578,0.134970,168.802083,59.302083,6,278,44406522368,44406522368
1094,86,False,37030912,37030912,861184,4222400,0.051286,0.159352,188.837209,66.441860,6,376,44443553280,44443553280
1095,93,False,40045056,40045056,861184,3950960,0.043558,0.149134,163.397849,57.043011,3,278,44483598336,44483598336
1096,97,False,41767424,41767424,861184,4552080,0.048779,0.148362,180.494845,63.123711,2,267,44525365760,44525365760
1097,103,False,44350976,44350976,861184,4473300,0.041309,0.127959,167.038835,58.359223,2,255,44569716736,44569716736
1098,79,False,34016768,34016768,861184,3469700,0.047982,0.164093,168.924051,58.822785,5,255,44603733504,44603733504
1099,98,False,42198016,42198016,861184,4843540,0.048055,0.135331,190.091837,66.663265,3,376,44645931520,44645931520
1100,80,False,34447360,34447360,861184,2982460,0.037935,0.150092,143.387500,49.862500,5,320,44680378880,44680378880
1101,96,False,41336832,41336832,861184,4075500,0.044371,0.149124,163.281250,56.885417,5,258,44721715712,44721715712
1102,90,False,38753280,38753280,861184,3736200,0.044098,0.145811,159.666667,55.411111,4,179,44760468992,44760468992
1103,111,False,47795712,47795712,861184,5291520,0.048330,0.137145,183.351351,64.549550,1,376,44808264704,44808264704
1104,91,False,39183872,39183872,861184,3468660,0.040056,0.145955,146.604396,51.263736,7,376,44847448576,44847448576
1105,91,False,39183872,39183872,861184,3734900,0.041721,0.133512,157.857143,55.098901,3,376,44886632448,44886632448
1106,96,False,41336832,41336832,861184,4354480,0.045471,0.136269,174.458333,61.125000,2,278,44927969280,44927969280
1107,97,False,41767424,41767424,861184,3534960,0.037846,0.137959,140.164948,48.505155,4,207,44969736704,44969736704
1108,104,False,44781568,44781568,861184,3815240,0.037643,0.126938,141.096154,48.711538,5,172,45014518272,45014518272
1109,95,False,40906240,40906240,861184,4334460,0.044093,0.137272,175.484211,61.673684,1,278,45055424512,45055424512
1110,100,False,43059200,43059200,861184,4362540,0.044975,0.148147,167.790000,58.550000,1,255,45098483712,45098483712
1111,74,False,31863808,31863808,861184,2594280,0.035924,0.160358,134.837838,46.621622,4,230,45130347520,45130347520
1112,101,False,43489792,43489792,861184,4644120,0.048694,0.146595,176.851485,62.237624,3,376,45173837312,45173837312
1113,93,False,40045056,40045056,861184,3334500,0.035794,0.133842,137.903226,47.881720,5,255,45213882368,45213882368
1114,95,False,40906240,40906240,861184,4610840,0.045780,0.131585,186.673684,65.694737,3,376,45254788608,45254788608
1115,84,False,36169728,36169728,861184,4237740,0.051825,0.159807,194.035714,67.821429,4,255,45290958336,45290958336
1116,92,False,39614464,39614464,861184,3855280,0.042342,0.143859,161.173913,56.456522,2,238,45330572800,45330572800
1117,88,False,37892096,37892096,861184,3985020,0.042299,0.144221,174.170455,60.875000,1,272,45368464896,45368464896
1118,113,False,48656896,48656896,861184,4455360,0.043251,0.131819,151.646018,52.628319,1,255,45417121792,45417121792
1119,90,False,38753280,38753280,861184,4211740,0.047088,0.149752,179.988889,62.933333,6,255,45455875072,45455875072
1120,87,False,37461504,37461504,861184,4097080,0.047723,0.148364,181.126437,63.448276,5,272,45493336576,45493336576
1121,104,False,44781568,44781568,861184,3519360,0.032711,0.128517,130.153846,45.009615,1,224,45538118144,45538118144
1122,93,False,40045056,40045056,861184,3625700,0.039257,0.143534,149.946237,52.365591,3,272,45578163200,45578163200
1123,84,False,36169728,36169728,861184,3098680,0.036973,0.139144,141.880952,49.500000,3,258,45614332928,45614332928
1124,106,False,45642752,45642752,861184,4427280,0.040812,0.127679,160.641509,55.924528,1,249,45659975680,45659975680
1125,88,False,37892096,37892096,861184,3666000,0.041710,0.151573,160.227273,55.977273,6,255,45697867776,45697867776
1126,100,False,43059200,43059200,861184,4236700,0.041522,0.141785,162.950000,56.580000,1,278,45740926976,45740926976
1127,91,False,39183872,39183872,861184,3608020,0.039727,0.136189,152.494505,53.252747,3,272,45780110848,45780110848
1128,92,False,39614464,39614464,861184,4033380,0.046016,0.147454,168.619565,58.663043,5,272,45819725312,45819725312
1129,86,False,37030912,37030912,861184,3838380,0.044018,0.145058,171.662791,59.755814,5,258,45856756224,45856756224
1130,96,False,41336832,41336832,861184,3824860,0.041058,0.147152,153.239583,53.479167,2,249,45898093056,45898093056
1131,82,False,35308544,35308544,861184,3517800,0.041406,0.159200,165.000000,57.280488,5,255,45933401600,45933401600
1132,95,False,40906240,40906240,861184,3804580,0.038140,0.142943,154.031579,53.978947,5,255,45974307840,45974307840
1133,83,False,35739136,35739136,861184,3418480,0.038328,0.146433,158.409639,55.771084,3,320,46010046976,46010046976
1134,79,False,34016768,34016768,861184,3287700,0.042555,0.155686,160.063291,55.392405,4,240,46044063744,46044063744
1135,98,False,42198016,42198016,861184,4052360,0.043715,0.148502,159.040816,55.377551,5,224,46086261760,46086261760
1136,93,False,40045056,40045056,861184,4376840,0.045708,0.152350,181.010753,63.870968,5,376,46126306816,46126306816
1137,105,False,45212160,45212160,861184,4804020,0.045870,0.136540,175.971429,61.523810,6,230,46171518976,46171518976
1138,96,False,41336832,41336832,861184,4194320,0.043333,0.137243,168.041667,58.864583,1,255,46212855808,46212855808
1139,97,False,41767424,41767424,861184,4448600,0.047538,0.148128,176.391753,61.762887,2,272,46254623232,46254623232
1140,101,False,43489792,43489792,861184,4054960,0.040832,0.146720,154.415842,53.801980,5,255,46298113024,46298113024
1141,87,False,37461504,37461504,861184,4031040,0.045342,0.144586,178.206897,62.908046,2,272,46335574528,46335574528
1142,86,False,37030912,37030912,861184,3555500,0.038937,0.146428,159.011628,55.511628,2,320,46372605440,46372605440
1143,98,False,42198016,42198016,861184,3785080,0.040807,0.145909,148.551020,51.428571,6,249,46414803456,46414803456
1144,90,False,38753280,38753280,861184,3842280,0.044872,0.151953,164.200000,57.111111,3,267,46453556736,46453556736
1145,84,False,36169728,36169728,861184,3534960,0.036330,0.131179,161.857143,57.107143,6,376,46489726464,46489726464
1146,100,False,43059200,43059200,861184,3987620,0.038800,0.133130,153.370000,53.540000,2,278,46532785664,46532785664
1147,101,False,43489792,43489792,861184,4597060,0.046883,0.131842,175.059406,61.326733,5,267,46576275456,46576275456
1148,95,False,40906240,40906240,861184,4015960,0.041810,0.132780,162.589474,56.684211,2,278,46617181696,46617181696
1149,72,False,31002624,31002624,861184,3134300,0.039901,0.148689,167.430556,58.638889,5,267,46648184320,46648184320
1150,93,False,40045056,40045056,861184,3995420,0.040419,0.135588,165.236559,57.924731,2,272,46688229376,46688229376
1151,91,False,39183872,39183872,861184,3454620,0.038666,0.140265,146.010989,50.538462,2,267,46727413248,46727413248
1152,100,False,43059200,43059200,861184,4928820,0.046642,0.130872,189.570000,66.590000,4,278,46770472448,46770472448
1153,102,False,43920384,43920384,861184,5124340,0.048821,0.142683,193.225490,67.500000,2,272,46814392832,46814392832
1154,100,False,43059200,43059200,861184,4413240,0.045140,0.140355,169.740000,59.490000,5,278,46857452032,46857452032
1155,86,False,37030912,37030912,861184,3092180,0.036196,0.145946,138.290698,47.895349,3,206,46894482944,46894482944
1156,92,False,39614464,39614464,861184,3567720,0.040438,0.144420,149.152174,51.923913,2,255,46934097408,46934097408
1157,93,False,40045056,40045056,861184,3897400,0.041994,0.152206,161.182796,56.172043,3,230,46974142464,46974142464
1158,90,False,38753280,38753280,861184,4514380,0.048687,0.154331,192.922222,68.333333,1,376,47012895744,47012895744
1159,83,False,35739136,35739136,861184,3556280,0.042087,0.149582,164.795181,57.385542,1,206,47048634880,47048634880
1160,92,False,39614464,39614464,861184,3214380,0.036103,0.141607,134.380435,46.489130,1,272,47088249344,47088249344
1161,94,False,40475648,40475648,861184,4079660,0.044461,0.140400,166.925532,57.968085,6,212,47128724992,47128724992
1162,88,False,37892096,37892096,861184,3069560,0.033281,0.136170,134.159091,46.159091,1,139,47166617088,47166617088
1163,101,False,43489792,43489792,861184,4942860,0.048972,0.143331,188.227723,66.396040,3,376,47210106880,47210106880
1164,82,False,35308544,35308544,861184,3165240,0.037795,0.145981,148.463415,51.304878,2,212,47245415424,47245415424
1165,80,False,34447360,34447360,861184,3650400,0.043951,0.147127,175.500000,61.012500,7,258,47279862784,47279862784
1166,95,False,40906240,40906240,861184,4578860,0.046358,0.141833,185.378947,65.115789,3,376,47320769024,47320769024
1167,98,False,42198016,42198016,861184,4162080,0.043901,0.156835,163.346939,56.877551,2,240,47362967040,47362967040
1168,99,False,42628608,42628608,861184,4556500,0.044634,0.136039,177.020202,61.757576,4,258,47405595648,47405595648
1169,98,False,42198016,42198016,861184,3414060,0.035344,0.135583,133.989796,46.224490,3,196,47447793664,47447793664
1170,92,False,39614464,39614464,861184,3919760,0.039212,0.137692,163.869565,57.902174,5,320,47487408128,47487408128
1171,99,False,42628608,42628608,861184,4169620,0.042856,0.148379,161.989899,56.646465,5,320,47530036736,47530036736
1172,97,False,41767424,41767424,861184,4334980,0.040215,0.142989,171.886598,60.639175,3,376,47571804160,47571804160
1173,89,False,38322688,38322688,861184,3749720,0.041337,0.128630,162.044944,56.831461,2,320,47610126848,47610126848
1174,80,False,34447360,34447360,861184,3585400,0.042820,0.147494,172.375000,60.000000,1,238,47644574208,47644574208
1175,98,False,42198016,42198016,861184,4403360,0.043262,0.128517,172.816327,60.285714,5,240,47686772224,47686772224
1176,88,False,37892096,37892096,861184,3388060,0.036662,0.146533,148.079545,51.693182,3,242,47724664320,47724664320
1177,103,False,44350976,44350976,861184,4574700,0.042784,0.124223,170.825243,59.582524,5,258,47769015296,47769015296
1178,94,False,40475648,40475648,861184,3715660,0.041348,0.150608,152.031915,52.840426,1,272,47809490944,47809490944
1179,72,False,31002624,31002624,861184,3368040,0.043384,0.146164,179.916667,63.458333,6,267,47840493568,47840493568
1180,105,False,45212160,45212160,861184,4307160,0.037711,0.131373,157.771429,54.733333,5,272,47885705728,47885705728
1181,110,False,47365120,47365120,861184,3877120,0.035682,0.127611,135.563636,46.890909,1,376,47933070848,47933070848
1182,82,False,35308544,35308544,861184,3389100,0.039659,0.154753,158.963415,55.329268,3,272,47968379392,47968379392
1183,85,False,36600320,36600320,861184,3985280,0.047517,0.153201,180.329412,63.152941,5,242,48004979712,48004979712
1184,75,False,32294400,32294400,861184,2626520,0.034296,0.144143,134.693333,46.400000,2,242,48037274112,48037274112
1185,105,False,45212160,45212160,861184,3777020,0.036279,0.130295,138.352381,48.114286,3,272,48082486272,48082486272
1186,106,False,45642752,45642752,861184,4513860,0.044609,0.136798,163.783019,56.792453,2,195,48128129024,48128129024
1187,82,False,35308544,35308544,861184,3327480,0.037971,0.138746,156.073171,54.414634,7,240,48163437568,48163437568
1188,106,False,45642752,45642752,861184,4177940,0.035594,0.116304,151.594340,52.556604,3,207,48209080320,48209080320
1189,81,False,34877952,34877952,861184,3250260,0.042024,0.148318,154.333333,53.407407,6,278,48243958272,48243958272
1190,92,False,39614464,39614464,861184,4752540,0.050730,0.152515,198.684783,70.195652,5,376,48283572736,48283572736
1191,98,False,42198016,42198016,861184,4131400,0.040648,0.130770,162.142857,56.153061,3,184,48325770752,48325770752
1192,85,False,36600320,36600320,861184,3307980,0.037779,0.147655,149.682353,51.917647,3,255,48362371072,48362371072
1193,98,False,42198016,42198016,861184,4102280,0.038483,0.135231,161.000000,56.316327,5,272,48404569088,48404569088
1194,95,False,40906240,40906240,861184,4693520,0.048694,0.149399,190.021053,66.600000,5,320,48445475328,48445475328
1195,119,False,51240448,51240448,861184,4180020,0.036590,0.132143,135.100840,46.445378,5,161,48496715776,48496715776
1196,95,False,40906240,40906240,861184,4264780,0.044325,0.170583,172.663158,60.336842,6,272,48537622016,48537622016
1197,83,False,35739136,35739136,861184,3558880,0.040882,0.146073,164.915663,57.626506,2,320,48573361152,48573361152
1198,100,False,43059200,43059200,861184,3740880,0.034610,0.138768,143.880000,49.920000,3,272,48616420352,48616420352
1199,84,False,36169728,36169728,861184,3837860,0.044866,0.153246,175.726190,60.976190,1,176,48652590080,48652590080
1200,101,False,43489792,43489792,861184,4547400,0.041694,0.136141,173.168317,60.534653,1,255,48696079872,48696079872
1201,99,False,42628608,42628608,861184,3915860,0.035481,0.124643,152.131313,53.000000,2,272,48738708480,48738708480
1202,91,False,39183872,39183872,861184,3579420,0.035703,0.133017,151.285714,52.626374,1,267,48777892352,48777892352
1203,87,False,37461504,37461504,861184,3713580,0.041881,0.150956,164.172414,57.183908,6,230,48815353856,48815353856
1204,69,False,29710848,29710848,861184,3556540,0.044363,0.149289,198.246377,69.246377,9,242,48845064704,48845064704
1205,87,False,37461504,37461504,861184,3767660,0.040753,0.148615,166.563218,58.091954,3,242,48882526208,48882526208
1206,98,False,42198016,42198016,861184,4223180,0.040266,0.137377,165.744898,58.102041,2,278,48924724224,48924724224
1207,93,False,40045056,40045056,861184,3548220,0.039432,0.146299,146.741935,50.602151,5,162,48964769280,48964769280
1208,103,False,44350976,44350976,861184,4265820,0.041360,0.140395,159.291262,55.388350,4,278,49009120256,49009120256
1209,94,False,40475648,40475648,861184,3776240,0.037051,0.131831,154.510638,53.755319,2,249,49049595904,49049595904
1210,94,False,40475648,40475648,861184,3866460,0.037879,0.142239,158.202128,54.936170,4,210,49090071552,49090071552
1211,84,False,36169728,36169728,861184,3473080,0.037458,0.138780,159.023810,55.666667,5,272,49126241280,49126241280
1212,92,False,39614464,39614464,861184,3865160,0.042047,0.145569,161.586957,56.043478,6,255,49165855744,49165855744
1213,97,False,41767424,41767424,861184,4262960,0.040161,0.142747,169.030928,58.917526,5,238,49207623168,49207623168
1214,77,False,33155584,33155584,861184,2681640,0.031216,0.130852,133.948052,46.246753,3,174,49240778752,49240778752
1215,96,False,41336832,41336832,861184,3989440,0.037806,0.134700,159.833333,55.500000,1,179,49282115584,49282115584
1216,88,False,37892096,37892096,861184,3296800,0.037235,0.141001,144.090909,49.875000,2,196,49320007680,49320007680
1217,109,False,46934528,46934528,861184,4671680,0.041513,0.134675,164.844037,57.605505,3,255,49366942208,49366942208
1218,74,False,31863808,31863808,861184,3676660,0.046595,0.159665,191.094595,66.905405,2,214,49398806016,49398806016
1219,101,False,43489792,43489792,861184,3798600,0.036079,0.130818,144.653465,50.099010,2,214,49442295808,49442295808
1220,105,False,45212160,45212160,861184,4885400,0.041259,0.128153,178.952381,62.638095,1,255,49487507968,49487507968
1221,93,False,40045056,40045056,861184,3895060,0.040163,0.135571,161.086022,55.967742,3,196,49527553024,49527553024
1222,111,False,47795712,47795712,861184,4947280,0.041979,0.122364,171.423423,59.882883,5,320,49575348736,49575348736
1223,79,False,34016768,34016768,861184,3164460,0.035806,0.144609,154.063291,53.240506,5,160,49609365504,49609365504
1224,104,False,44781568,44781568,861184,4372160,0.039760,0.139602,161.692308,56.115385,5,238,49654147072,49654147072
1225,97,False,41767424,41767424,861184,3577340,0.033501,0.122152,141.845361,49.298969,2,278,49695914496,49695914496
1226,82,False,35308544,35308544,861184,3413800,0.042314,0.152964,160.121951,55.524390,6,206,49731223040,49731223040
1227,75,False,32294400,32294400,861184,3109860,0.038184,0.154211,159.480000,55.413333,5,255,49763517440,49763517440
1228,95,False,40906240,40906240,861184,3659500,0.035106,0.136241,148.157895,51.463158,4,255,49804423680,49804423680
1229,84,False,36169728,36169728,861184,3734900,0.040075,0.143854,171.011905,59.630952,5,258,49840593408,49840593408
1230,97,False,41767424,41767424,861184,3997240,0.039396,0.137173,158.494845,55.154639,5,214,49882360832,49882360832
1231,91,False,39183872,39183872,861184,3855800,0.038821,0.142566,162.967033,56.989011,4,320,49921544704,49921544704
1232,100,False,43059200,43059200,861184,4072380,0.034924,0.121045,156.630000,54.630000,4,238,49964603904,49964603904
1233,101,False,43489792,43489792,861184,4418700,0.039459,0.134015,168.267327,58.435644,5,230,50008093696,50008093696
1234,85,False,36600320,36600320,861184,3499600,0.039636,0.148958,158.352941,55.411765,5,267,50044694016,50044694016
1235,99,False,42628608,42628608,861184,4283240,0.037883,0.134268,166.404040,58.323232,4,376,50087322624,50087322624
1236,87,False,37461504,37461504,861184,4126720,0.041132,0.134213,182.436782,64.000000,6,320,50124784128,50124784128
1237,104,False,44781568,44781568,861184,4494100,0.039286,0.134381,166.201923,58.634615,3,376,50169565696,50169565696
1238,91,False,39183872,39183872,861184,4014920,0.041356,0.152334,169.692308,58.846154,6,258,50208749568,50208749568
1239,94,False,40475648,40475648,861184,3705000,0.037650,0.132037,151.595745,52.765957,2,240,50249225216,50249225216
1240,90,False,38753280,38753280,861184,3903900,0.042363,0.147248,166.833333,58.388889,4,278,50287978496,50287978496
1241,102,False,43920384,43920384,861184,4445740,0.038492,0.135202,167.637255,58.431373,5,258,50331898880,50331898880
1242,110,False,47365120,47365120,861184,5311800,0.040907,0.117618,185.727273,65.545455,3,376,50379264000,50379264000
1243,101,False,43489792,43489792,861184,4422340,0.041110,0.132746,168.405941,58.643564,1,214,50422753792,50422753792
1244,97,False,41767424,41767424,861184,4171960,0.043481,0.148302,165.422680,57.773196,1,376,50464521216,50464521216
1245,107,False,46073344,46073344,861184,4621500,0.038477,0.120942,166.121495,58.018692,1,376,50510594560,50510594560
1246,104,False,44781568,44781568,861184,4185220,0.035394,0.135298,154.778846,53.798077,3,278,50555376128,50555376128
1247,104,False,44781568,44781568,861184,4294680,0.037767,0.125984,158.826923,55.413462,2,255,50600157696,50600157696
1248,106,False,45642752,45642752,861184,4644120,0.041474,0.134473,168.509434,58.462264,5,267,50645800448,50645800448
1249,87,False,37461504,37461504,861184,4147780,0.040058,0.136544,183.367816,64.804598,1,320,50683261952,50683261952
1250,83,False,35739136,35739136,861184,3465540,0.038716,0.144025,160.590361,56.084337,5,272,50719001088,50719001088
1251,112,False,48226304,48226304,861184,4747340,0.034916,0.115660,163.026786,56.991071,3,258,50767227392,50767227392
1252,100,False,43059200,43059200,861184,4059380,0.039695,0.143213,156.130000,54.200000,2,278,50810286592,50810286592
1253,103,False,44350976,44350976,861184,3589300,0.031812,0.128564,134.029126,46.213592,3,192,50854637568,50854637568
1254,83,False,35739136,35739136,861184,3404440,0.041814,0.153868,157.759036,54.734940,3,214,50890376704,50890376704
1255,92,False,39614464,39614464,861184,3355300,0.033823,0.145869,140.271739,48.815217,1,255,50929991168,50929991168
1256,99,False,42628608,42628608,861184,4862780,0.043333,0.135588,188.919192,65.929293,5,255,50972619776,50972619776
1257,100,False,43059200,43059200,861184,3814720,0.033751,0.126525,146.720000,51.200000,3,320,51015678976,51015678976
1258,92,False,39614464,39614464,861184,4343560,0.042162,0.134957,181.586957,63.543478,2,240,51055293440,51055293440
1259,75,False,32294400,32294400,861184,2966600,0.040407,0.167746,152.133333,52.840000,5,240,51087587840,51087587840
1260,98,False,42198016,42198016,861184,3869060,0.038072,0.148099,151.846939,52.775510,5,224,51129785856,51129785856
1261,89,False,38322688,38322688,861184,4354740,0.042337,0.138088,188.191011,66.044944,5,267,51168108544,51168108544
1262,94,False,40475648,40475648,861184,4478500,0.041965,0.147568,183.244681,63.957447,5,238,51208584192,51208584192
1263,87,False,37461504,37461504,861184,4269200,0.041274,0.145850,188.735632,66.206897,1,278,51246045696,51246045696
1264,102,False,43920384,43920384,861184,4824300,0.039835,0.122906,181.911765,63.774510,3,255,51289966080,51289966080
1265,100,False,43059200,43059200,861184,4457700,0.042483,0.139615,171.450000,59.650000,1,240,51333025280,51333025280
1266,93,False,40045056,40045056,861184,4182880,0.042261,0.143579,172.989247,60.462366,1,278,51373070336,51373070336
1267,89,False,38322688,38322688,861184,3341000,0.033722,0.134296,144.382022,50.056180,3,255,51411393024,51411393024
1268,92,False,39614464,39614464,861184,3486080,0.034801,0.146629,145.739130,50.456522,3,200,51451007488,51451007488
1269,93,False,40045056,40045056,861184,3995680,0.035582,0.124559,165.247312,57.817204,1,320,51491052544,51491052544
1270,98,False,42198016,42198016,861184,3976440,0.033495,0.125813,156.061224,54.357143,5,249,51533250560,51533250560
1271,86,False,37030912,37030912,861184,3490500,0.034968,0.134811,156.104651,54.569767,5,376,51570281472,51570281472
1272,93,False,40045056,40045056,861184,4329000,0.044347,0.140143,179.032258,62.354839,2,206,51610326528,51610326528
1273,106,False,45642752,45642752,861184,4750200,0.039963,0.130872,172.358491,60.169811,1,255,51655969280,51655969280
1274,97,False,41767424,41767424,861184,4509440,0.039853,0.125520,178.804124,62.989691,5,376,51697736704,51697736704
1275,105,False,45212160,45212160,861184,4230720,0.035290,0.123547,154.971429,53.961905,3,267,51742948864,51742948864
1276,107,False,46073344,46073344,861184,4777500,0.038568,0.120069,171.728972,59.869159,1,272,51789022208,51789022208
1277,96,False,41336832,41336832,861184,4105140,0.036027,0.124735,164.468750,57.114583,1,193,51830359040,51830359040
1278,109,False,46934528,46934528,861184,4834960,0.038521,0.125924,170.605505,59.412844,3,242,51877293568,51877293568
1279,108,False,46503936,46503936,861184,4518020,0.035701,0.119446,160.898148,56.185185,1,224,51923797504,51923797504
1280,92,False,39614464,39614464,861184,3332940,0.032328,0.136376,139.336957,48.380435,4,230,51963411968,51963411968
1281,92,False,39614464,39614464,861184,3744260,0.035095,0.135230,156.532609,55.076087,1,376,52003026432,52003026432
1282,91,False,39183872,39183872,861184,3856060,0.037845,0.131767,162.978022,57.032967,5,376,52042210304,52042210304
1283,92,False,39614464,39614464,861184,3968380,0.036331,0.132961,165.902174,57.978261,1,242,52081824768,52081824768
1284,112,False,48226304,48226304,861184,4354740,0.033665,0.122676,149.544643,52.017857,4,212,52130051072,52130051072
1285,114,False,49087488,49087488,861184,4870580,0.040604,0.134277,164.324561,57.561404,1,272,52179138560,52179138560
1286,85,False,36600320,36600320,861184,3936400,0.040439,0.144664,178.117647,62.752941,5,272,52215738880,52215738880
1287,101,False,43489792,43489792,861184,3827980,0.032780,0.123030,145.772277,50.782178,5,255,52259228672,52259228672
1288,98,False,42198016,42198016,861184,4123340,0.038998,0.136623,161.826531,56.540816,5,320,52301426688,52301426688
1289,86,False,37030912,37030912,861184,3529760,0.035849,0.141891,157.860465,55.058140,1,240,52338457600,52338457600
1290,89,False,38322688,38322688,861184,3462160,0.034007,0.130384,149.617978,52.629213,3,376,52376780288,52376780288
1291,95,False,40906240,40906240,861184,4085120,0.036332,0.125972,165.389474,57.610526,1,255,52417686528,52417686528
1292,105,False,45212160,45212160,861184,4722120,0.039301,0.134871,172.971429,60.323810,4,258,52462898688,52462898688
1293,87,False,37461504,37461504,861184,3590600,0.035312,0.132377,158.735632,55.436782,2,258,52500360192,52500360192
1294,86,False,37030912,37030912,861184,3048500,0.031131,0.139205,136.337209,47.058140,2,162,52537391104,52537391104
1295,90,False,38753280,38753280,861184,3353740,0.036635,0.148271,143.322222,49.666667,7,207,52576144384,52576144384
1296,96,False,41336832,41336832,861184,4091620,0.039889,0.140260,163.927083,57.250000,2,267,52617481216,52617481216
1297,103,False,44350976,44350976,861184,3846960,0.032432,0.127038,143.650485,50.087379,6,278,52661832192,52661832192
1298,113,False,48656896,48656896,861184,4269200,0.035870,0.132374,145.309735,50.699115,5,272,52710489088,52710489088
1299,89,False,38322688,38322688,861184,3812120,0.035596,0.140426,164.741573,57.224719,5,267,52748811776,52748811776
1300,88,False,37892096,37892096,861184,4616300,0.045298,0.138442,201.761364,70.965909,5,255,52786703872,52786703872
1301,71,False,30572032,30572032,861184,2994940,0.038815,0.168736,162.239437,56.098592,6,255,52817275904,52817275904
1302,93,False,40045056,40045056,861184,4904380,0.045356,0.140241,202.827957,72.032258,3,320,52857320960,52857320960
1303,89,False,38322688,38322688,861184,3157180,0.032324,0.140039,136.438202,47.359551,1,272,52895643648,52895643648
1304,112,False,48226304,48226304,861184,4275700,0.033419,0.118169,146.830357,50.919643,1,255,52943869952,52943869952
1305,91,False,39183872,39183872,861184,3701100,0.034587,0.129664,156.428571,54.681319,3,376,52983053824,52983053824
1306,92,False,39614464,39614464,861184,3523780,0.033951,0.146496,147.315217,51.076087,7,255,53022668288,53022668288
1307,103,False,44350976,44350976,861184,4638400,0.036123,0.116486,173.203883,60.854369,1,272,53067019264,53067019264
1308,101,False,43489792,43489792,861184,4620460,0.037942,0.126369,175.950495,61.603960,1,272,53110509056,53110509056
1309,87,False,37461504,37461504,861184,3537560,0.036516,0.137514,156.390805,54.379310,1,255,53147970560,53147970560
1310,94,False,40475648,40475648,861184,3253380,0.031401,0.132817,133.117021,45.936170,5,207,53188446208,53188446208
1311,90,False,38753280,38753280,861184,4003480,0.036996,0.134782,171.088889,60.455556,3,376,53227199488,53227199488
1312,105,False,45212160,45212160,861184,4551040,0.039159,0.119658,166.704762,58.009524,2,238,53272411648,53272411648
1313,90,False,38753280,38753280,861184,4254120,0.039546,0.137223,181.800000,64.111111,5,272,53311164928,53311164928
1314,101,False,43489792,43489792,861184,4047940,0.035553,0.134381,154.148515,53.564356,6,207,53354654720,53354654720
1315,84,False,36169728,36169728,861184,3824080,0.038292,0.153918,175.095238,60.916667,3,230,53390824448,53390824448
1316,96,False,41336832,41336832,861184,3692260,0.032670,0.120752,147.927083,51.562500,2,272,53432161280,53432161280
1317,99,False,42628608,42628608,861184,4374240,0.036171,0.131111,169.939394,59.545455,3,376,53474789888,53474789888
1318,96,False,41336832,41336832,861184,3585920,0.029244,0.122170,143.666667,49.947917,1,212,53516126720,53516126720
1319,92,False,39614464,39614464,861184,4005040,0.035881,0.144043,167.434783,58.521739,6,278,53555741184,53555741184
1320,97,False,41767424,41767424,861184,4619940,0.042226,0.138823,183.185567,64.742268,5,376,53597508608,53597508608
1321,104,False,44781568,44781568,861184,3874520,0.031202,0.119922,143.288462,49.884615,1,376,53642290176,53642290176
1322,121,False,52101632,52101632,861184,4823260,0.034337,0.110916,153.314050,53.198347,3,272,53694391808,53694391808
1323,93,False,40045056,40045056,861184,3662880,0.034760,0.138069,151.483871,52.462366,5,212,53734436864,53734436864
1324,97,False,41767424,41767424,861184,4491240,0.039606,0.134503,178.082474,62.597938,1,376,53776204288,53776204288
1325,115,False,49518080,49518080,861184,5419960,0.039544,0.118437,181.269565,63.634783,3,376,53825722368,53825722368
1326,96,False,41336832,41336832,861184,4221100,0.037777,0.134994,169.114583,58.770833,4,255,53867059200,53867059200
1327,97,False,41767424,41767424,861184,3729180,0.033496,0.129641,147.865979,51.742268,1,278,53908826624,53908826624
1328,87,False,37461504,37461504,861184,3715660,0.035035,0.127463,164.264368,57.298851,2,320,53946288128,53946288128
1329,88,False,37892096,37892096,861184,3872440,0.038158,0.150218,169.250000,59.056818,5,255,53984180224,53984180224
1330,99,False,42628608,42628608,861184,4253340,0.035756,0.127580,165.242424,57.343434,2,193,54026808832,54026808832
1331,110,False,47365120,47365120,861184,4757480,0.037366,0.128128,166.345455,58.036364,5,272,54074173952,54074173952
1332,80,False,34447360,34447360,861184,4012320,0.044715,0.152597,192.900000,67.462500,1,278,54108621312,54108621312
1333,110,False,47365120,47365120,861184,4458740,0.035212,0.126339,155.900000,54.245455,2,272,54155986432,54155986432
1334,94,False,40475648,40475648,861184,3781440,0.034083,0.131938,154.723404,54.223404,1,376,54196462080,54196462080
1335,98,False,42198016,42198016,861184,3675620,0.034614,0.136154,144.255102,50.275510,2,278,54238660096,54238660096
1336,93,False,40045056,40045056,861184,3831360,0.037234,0.137599,158.451613,55.397849,2,376,54278705152,54278705152
1337,94,False,40475648,40475648,861184,4438460,0.040006,0.132009,181.606383,63.212766,5,272,54319180800,54319180800
1338,84,False,36169728,36169728,861184,3970720,0.041418,0.152167,181.809524,63.880952,5,255,54355350528,54355350528
1339,86,False,37030912,37030912,861184,3654300,0.035428,0.129618,163.430233,56.860465,5,255,54392381440,54392381440
1340,94,False,40475648,40475648,861184,3744780,0.032991,0.130596,153.223404,53.074468,5,272,54432857088,54432857088
1341,83,False,35739136,35739136,861184,3957980,0.040067,0.142614,183.409639,64.168675,1,240,54468596224,54468596224
1342,99,False,42628608,42628608,861184,4006600,0.032008,0.136195,155.656566,54.676768,7,320,54511224832,54511224832
1343,85,False,36600320,36600320,861184,3672240,0.036731,0.142314,166.164706,57.847059,6,230,54547825152,54547825152
1344,99,False,42628608,42628608,861184,3771300,0.034416,0.132812,146.515152,50.595960,4,255,54590453760,54590453760
1345,88,False,37892096,37892096,861184,3579680,0.033840,0.138562,156.454545,54.465909,4,207,54628345856,54628345856
1346,95,False,40906240,40906240,861184,3724500,0.032274,0.124693,150.789474,52.368421,5,258,54669252096,54669252096
1347,93,False,40045056,40045056,861184,4485000,0.043830,0.146136,185.483871,64.795699,5,278,54709297152,54709297152
1348,81,False,34877952,34877952,861184,3145220,0.032676,0.137814,149.345679,52.037037,4,210,54744175104,54744175104
1349,93,False,40045056,40045056,861184,4213300,0.038938,0.138699,174.247312,60.989247,2,267,54784220160,54784220160
1350,89,False,38322688,38322688,861184,4029220,0.036892,0.134922,174.123596,60.820225,5,278,54822542848,54822542848
1351,109,False,46934528,46934528,861184,4223440,0.032094,0.115571,149.027523,51.972477,3,255,54869477376,54869477376
1352,81,False,34877952,34877952,861184,3167320,0.032503,0.135300,150.395062,52.481481,3,272,54904355328,54904355328
1353,92,False,39614464,39614464,861184,4055220,0.042486,0.145093,169.532609,59.065217,1,258,54943969792,54943969792
1354,98,False,42198016,42198016,861184,4625140,0.039226,0.133852,181.520408,63.418367,1,258,54986167808,54986167808
1355,82,False,35308544,35308544,861184,4110600,0.040764,0.138559,192.804878,67.463415,3,255,55021476352,55021476352
1356,82,False,35308544,35308544,861184,3689140,0.039629,0.149269,173.036585,60.926829,5,376,55056784896,55056784896
1357,83,False,35739136,35739136,861184,3790280,0.039002,0.139756,175.638554,61.289157,8,255,55092524032,55092524032
1358,86,False,37030912,37030912,861184,3609060,0.038458,0.144068,161.406977,56.000000,3,177,55129554944,55129554944
1359,99,False,42628608,42628608,861184,4348240,0.039546,0.138799,168.929293,58.676768,1,210,55172183552,55172183552
1360,104,False,44781568,44781568,861184,4604600,0.038352,0.130358,170.288462,59.500000,3,255,55216965120,55216965120
1361,89,False,38322688,38322688,861184,3482700,0.030936,0.124616,150.505618,52.887640,2,320,55255287808,55255287808
1362,92,False,39614464,39614464,861184,4059640,0.038299,0.136939,169.717391,59.108696,2,187,55294902272,55294902272
1363,94,False,40475648,40475648,861184,3655340,0.031791,0.125744,149.563830,51.904255,3,255,55335377920,55335377920
1364,94,False,40475648,40475648,861184,4402840,0.039784,0.136335,180.148936,63.138298,3,272,55375853568,55375853568
1365,87,False,37461504,37461504,861184,3826680,0.037941,0.142748,169.172414,59.068966,1,255,55413315072,55413315072
1366,93,False,40045056,40045056,861184,4799860,0.042923,0.135583,198.505376,69.903226,6,320,55453360128,55453360128
1367,93,False,40045056,40045056,861184,4403360,0.036671,0.128136,182.107527,63.612903,1,255,55493405184,55493405184
1368,83,False,35739136,35739136,861184,3888040,0.036807,0.132743,180.168675,63.072289,2,320,55529144320,55529144320
1369,97,False,41767424,41767424,861184,4230460,0.035662,0.120682,167.742268,58.659794,1,249,55570911744,55570911744
1370,99,False,42628608,42628608,861184,4233580,0.032990,0.120963,164.474747,57.242424,1,255,55613540352,55613540352
1371,97,False,41767424,41767424,861184,4781920,0.037487,0.125004,189.608247,66.804124,3,278,55655307776,55655307776
1372,84,False,36169728,36169728,861184,4105660,0.041723,0.137234,187.988095,65.619048,3,196,55691477504,55691477504
1373,101,False,43489792,43489792,861184,3584100,0.030873,0.129546,136.485149,47.554455,5,278,55734967296,55734967296
1374,85,False,36600320,36600320,861184,3899220,0.038613,0.134522,176.435294,61.764706,3,249,55771567616,55771567616
1375,102,False,43920384,43920384,861184,4624620,0.037666,0.129437,174.382353,61.029412,1,272,55815488000,55815488000
1376,105,False,45212160,45212160,861184,4954560,0.038837,0.122849,181.485714,63.323810,5,278,55860700160,55860700160
1377,103,False,44350976,44350976,861184,4319380,0.032456,0.116331,161.291262,56.135922,2,272,55905051136,55905051136
1378,94,False,40475648,40475648,861184,3491540,0.032305,0.141511,142.861702,49.510638,3,267,55945526784,55945526784
1379,86,False,37030912,37030912,861184,3755700,0.036976,0.141244,167.965116,58.511628,2,278,55982557696,55982557696
1380,77,False,33155584,33155584,861184,3642600,0.039565,0.152068,181.948052,63.961039,3,320,56015713280,56015713280
1381,97,False,41767424,41767424,861184,3824860,0.030798,0.130471,151.659794,52.917526,2,278,56057480704,56057480704
1382,87,False,37461504,37461504,861184,3310320,0.030265,0.119744,146.344828,50.850575,3,240,56094942208,56094942208
1383,95,False,40906240,40906240,861184,3440320,0.031109,0.129102,139.284211,48.221053,5,249,56135848448,56135848448
1384,81,False,34877952,34877952,861184,3617120,0.032812,0.133114,171.753086,60.777778,5,320,56170726400,56170726400
1385,101,False,43489792,43489792,861184,3710460,0.028207,0.122494,141.297030,48.930693,3,230,56214216192,56214216192
1386,104,False,44781568,44781568,861184,4158700,0.031904,0.124293,153.798077,53.490385,5,255,56258997760,56258997760
1387,84,False,36169728,36169728,861184,4425460,0.041563,0.139397,202.630952,71.440476,5,320,56295167488,56295167488
1388,80,False,34447360,34447360,861184,3099460,0.029427,0.134095,149.012500,52.037500,6,267,56329614848,56329614848
1389,86,False,37030912,37030912,861184,3264560,0.032116,0.138396,146.000000,50.348837,5,195,56366645760,56366645760
1390,90,False,38753280,38753280,861184,3670160,0.036642,0.149675,156.844444,55.044444,1,376,56405399040,56405399040
1391,92,False,39614464,39614464,861184,3856840,0.033998,0.133467,161.239130,56.010870,2,230,56445013504,56445013504
1392,98,False,42198016,42198016,861184,4540640,0.039346,0.135126,178.204082,62.510204,1,320,56487211520,56487211520
1393,91,False,39183872,39183872,861184,3663920,0.033822,0.144845,154.857143,54.395604,1,272,56526395392,56526395392
1394,88,False,37892096,37892096,861184,3977220,0.034552,0.130465,173.829545,60.943182,2,278,56564287488,56564287488
1395,105,False,45212160,45212160,861184,4414280,0.034600,0.121609,161.695238,56.885714,5,376,56609499648,56609499648
1396,105,False,45212160,45212160,861184,4590040,0.035597,0.121573,168.133333,58.371429,1,249,56654711808,56654711808
1397,103,False,44350976,44350976,861184,4315740,0.033355,0.115075,161.155340,56.213592,2,206,56699062784,56699062784
1398,107,False,46073344,46073344,861184,4573920,0.035593,0.121096,164.411215,57.691589,5,376,56745136128,56745136128
1399,100,False,43059200,43059200,861184,5035160,0.038828,0.126186,193.660000,68.200000,3,320,56788195328,56788195328
1400,97,False,41767424,41767424,861184,4209140,0.034445,0.125259,166.896907,58.237113,5,230,56829962752,56829962752
1401,84,False,36169728,36169728,861184,3476720,0.032395,0.131099,159.190476,55.738095,1,242,56866132480,56866132480
1402,82,False,35308544,35308544,861184,3223480,0.029516,0.124934,151.195122,52.475610,3,255,56901441024,56901441024
1403,94,False,40475648,40475648,861184,3675100,0.031113,0.122106,150.372340,52.053191,2,193,56941916672,56941916672
1404,104,False,44781568,44781568,861184,4413760,0.034256,0.116299,163.230769,57.278846,3,376,56986698240,56986698240
1405,97,False,41767424,41767424,861184,4072120,0.033714,0.126612,161.463918,56.082474,6,255,57028465664,57028465664
1406,91,False,39183872,39183872,861184,3605420,0.035164,0.143410,152.384615,53.054945,1,255,57067649536,57067649536
1407,92,False,39614464,39614464,861184,4262440,0.036313,0.128508,178.195652,62.141304,2,207,57107264000,57107264000
1408,93,False,40045056,40045056,861184,4609280,0.041417,0.140580,190.623656,66.989247,5,272,57147309056,57147309056
1409,88,False,37892096,37892096,861184,3999060,0.038459,0.144994,174.784091,61.136364,2,272,57185201152,57185201152
1410,84,False,36169728,36169728,861184,3596060,0.033119,0.135032,164.654762,57.357143,3,255,57221370880,57221370880
1411,86,False,37030912,37030912,861184,3461380,0.034070,0.141253,154.802326,53.534884,6,242,57258401792,57258401792
1412,84,False,36169728,36169728,861184,4206020,0.041595,0.140500,192.583333,67.940476,2,320,57294571520,57294571520
1413,96,False,41336832,41336832,861184,3793400,0.033419,0.141040,151.979167,52.812500,4,258,57335908352,57335908352
1414,97,False,41767424,41767424,861184,4160000,0.034223,0.124265,164.948454,57.608247,4,255,57377675776,57377675776
1415,80,False,34447360,34447360,861184,3009760,0.030796,0.138926,144.700000,50.137500,6,255,57412123136,57412123136
1416,98,False,42198016,42198016,861184,3732040,0.029607,0.122895,146.469388,50.979592,2,214,57454321152,57454321152
1417,100,False,43059200,43059200,861184,4681560,0.039409,0.137372,180.060000,62.830000,2,249,57497380352,57497380352
1418,95,False,40906240,40906240,861184,4369040,0.037534,0.132704,176.884211,61.810526,5,267,57538286592,57538286592
1419,96,False,41336832,41336832,861184,3896620,0.032229,0.125373,156.114583,54.520833,3,278,57579623424,57579623424
1420,96,False,41336832,41336832,861184,4264780,0.034255,0.132049,170.864583,59.614583,2,255,57620960256,57620960256
1421,87,False,37461504,37461504,861184,3883620,0.032411,0.125863,171.689655,60.494253,2,376,57658421760,57658421760
1422,95,False,40906240,40906240,861184,3717220,0.030017,0.121560,150.494737,52.589474,5,278,57699328000,57699328000
1423,87,False,37461504,37461504,861184,3223220,0.030946,0.133635,142.494253,49.689655,4,320,57736789504,57736789504
1424,86,False,37030912,37030912,861184,3549000,0.033197,0.128888,158.720930,55.220930,3,255,57773820416,57773820416
1425,100,False,43059200,43059200,861184,4291040,0.034831,0.138177,165.040000,58.240000,1,376,57816879616,57816879616
1426,97,False,41767424,41767424,861184,3788720,0.032237,0.127951,150.226804,52.134021,2,238,57858647040,57858647040
1427,105,False,45212160,45212160,861184,4388280,0.033186,0.125806,160.742857,56.161905,1,272,57903859200,57903859200
1428,93,False,40045056,40045056,861184,4113200,0.032919,0.119373,170.107527,59.946237,4,376,57943904256,57943904256
1429,94,False,40475648,40475648,861184,4079400,0.033568,0.122506,166.914894,58.457447,5,272,57984379904,57984379904
1430,82,False,35308544,35308544,861184,3144440,0.031518,0.163352,147.487805,51.243902,1,272,58019688448,58019688448
1431,94,False,40475648,40475648,861184,4047680,0.034978,0.129146,165.617021,58.180851,3,376,58060164096,58060164096
1432,93,False,40045056,40045056,861184,4087720,0.032379,0.128172,169.053763,58.978495,5,258,58100209152,58100209152
1433,98,False,42198016,42198016,861184,4572360,0.037418,0.128729,179.448980,62.653061,5,240,58142407168,58142407168
1434,93,False,40045056,40045056,861184,3780400,0.031284,0.118241,156.344086,54.290323,1,192,58182452224,58182452224
1435,85,False,36600320,36600320,861184,3061240,0.030085,0.139619,138.517647,47.882353,1,278,58219052544,58219052544
1436,101,False,43489792,43489792,861184,4124900,0.034027,0.124632,157.079208,54.792079,7,255,58262542336,58262542336
1437,80,False,34447360,34447360,861184,3310580,0.034427,0.149192,159.162500,55.225000,2,255,58296989696,58296989696
1438,116,False,49948672,49948672,861184,5039840,0.035151,0.116879,167.103448,58.258621,3,320,58346938368,58346938368
1439,110,False,47365120,47365120,861184,4073420,0.028261,0.108977,142.427273,49.590909,5,278,58394303488,58394303488
1440,98,False,42198016,42198016,861184,4861740,0.038527,0.127253,190.806122,67.255102,5,376,58436501504,58436501504
1441,96,False,41336832,41336832,861184,4212000,0.037307,0.135833,168.750000,58.937500,5,278,58477838336,58477838336
1442,91,False,39183872,39183872,861184,3714880,0.034235,0.137165,157.010989,54.505495,1,230,58517022208,58517022208
1443,93,False,40045056,40045056,861184,3736200,0.031300,0.120223,154.516129,53.537634,6,242,58557067264,58557067264
1444,82,False,35308544,35308544,861184,4156880,0.037991,0.134840,194.975610,67.914634,2,210,58592375808,58592375808
1445,80,False,34447360,34447360,861184,3338660,0.032064,0.131957,160.512500,56.137500,1,272,58626823168,58626823168
1446,84,False,36169728,36169728,861184,3394560,0.033154,0.147285,155.428571,54.107143,5,320,58662992896,58662992896
1447,110,False,47365120,47365120,861184,4827680,0.035363,0.121402,168.800000,58.590909,4,249,58710358016,58710358016
1448,86,False,37030912,37030912,861184,3699280,0.033582,0.142799,165.441860,58.069767,2,376,58747388928,58747388928
1449,98,False,42198016,42198016,861184,4296760,0.031938,0.116989,168.632653,59.142857,1,320,58789586944,58789586944
1450,92,False,39614464,39614464,861184,4197180,0.035619,0.129031,175.467391,61.391304,5,196,58829201408,58829201408
1451,96,False,41336832,41336832,861184,3908320,0.034436,0.135887,156.583333,54.625000,4,267,58870538240,58870538240
1452,92,False,39614464,39614464,861184,4319120,0.037551,0.138876,180.565217,63.206522,5,278,58910152704,58910152704
1453,102,False,43920384,43920384,861184,4559620,0.034439,0.124463,171.931373,60.225490,5,272,58954073088,58954073088
1454,96,False,41336832,41336832,861184,3966820,0.033413,0.139610,158.927083,55.583333,2,267,58995409920,58995409920
1455,84,False,36169728,36169728,861184,4218240,0.040546,0.139488,193.142857,67.476190,5,267,59031579648,59031579648
1456,87,False,37461504,37461504,861184,3237520,0.030074,0.135028,143.126437,49.344828,5,212,59069041152,59069041152
1457,87,False,37461504,37461504,861184,4489420,0.037307,0.131484,198.471264,69.827586,1,320,59106502656,59106502656
1458,97,False,41767424,41767424,861184,4922320,0.038979,0.138711,195.175258,68.649485,5,278,59148270080,59148270080
1459,96,False,41336832,41336832,861184,3568240,0.030285,0.130091,142.958333,49.406250,5,249,59189606912,59189606912
1460,89,False,38322688,38322688,861184,3555240,0.031019,0.127506,153.640449,53.505618,1,240,59227929600,59227929600
1461,96,False,41336832,41336832,861184,3783520,0.028788,0.114897,151.583333,52.750000,4,255,59269266432,59269266432
1462,74,False,31863808,31863808,861184,2749500,0.032369,0.162391,142.905405,49.472973,5,179,59301130240,59301130240
1463,108,False,46503936,46503936,861184,4667000,0.033129,0.115343,166.203704,57.796296,5,267,59347634176,59347634176
1464,82,False,35308544,35308544,861184,3439280,0.031976,0.136860,161.317073,56.134146,8,249,59382942720,59382942720
1465,103,False,44350976,44350976,861184,4436120,0.033155,0.132035,165.650485,58.097087,3,376,59427293696,59427293696
1466,80,False,34447360,34447360,861184,3753620,0.037430,0.145336,180.462500,63.325000,5,278,59461741056,59461741056
1467,102,False,43920384,43920384,861184,4347460,0.033636,0.117009,163.931373,57.421569,4,272,59505661440,59505661440
1468,92,False,39614464,39614464,861184,3140800,0.026032,0.124416,131.304348,45.326087,2,179,59545275904,59545275904
1469,93,False,40045056,40045056,861184,4130620,0.032620,0.120819,170.827957,60.301075,5,376,59585320960,59585320960
1470,104,False,44781568,44781568,861184,4220320,0.032737,0.125883,156.076923,54.423077,1,255,59630102528,59630102528
1471,98,False,42198016,42198016,861184,4865640,0.038441,0.134028,190.959184,66.806122,4,272,59672300544,59672300544
1472,89,False,38322688,38322688,861184,4159480,0.034038,0.119556,179.752809,62.842697,4,258,59710623232,59710623232
1473,91,False,39183872,39183872,861184,3709940,0.030600,0.126542,156.802198,54.329670,5,195,59749807104,59749807104
1474,94,False,40475648,40475648,861184,4256460,0.034102,0.130824,174.159574,60.914894,3,278,59790282752,59790282752
1475,101,False,43489792,43489792,861184,3481140,0.026093,0.113289,132.564356,45.861386,1,255,59833772544,59833772544
1476,77,False,33155584,33155584,861184,3392220,0.035474,0.145068,169.441558,58.974026,1,255,59866928128,59866928128
1477,81,False,34877952,34877952,861184,3319940,0.034640,0.151155,157.641975,54.679012,5,242,59901806080,59901806080
1478,82,False,35308544,35308544,861184,3458780,0.035137,0.144363,162.231707,56.597561,3,272,59937114624,59937114624
1479,93,False,40045056,40045056,861184,4129840,0.033347,0.123307,170.795699,59.322581,5,255,59977159680,59977159680
1480,98,False,42198016,42198016,861184,3810040,0.032820,0.118519,149.530612,51.918367,2,249,60019357696,60019357696
1481,103,False,44350976,44350976,861184,4259840,0.033571,0.126544,159.067961,55.621359,1,272,60063708672,60063708672
1482,94,False,40475648,40475648,861184,3921320,0.032307,0.133322,160.446809,56.063830,5,255,60104184320,60104184320
1483,82,False,35308544,35308544,861184,3132220,0.030870,0.133772,146.914634,50.756098,1,179,60139492864,60139492864
1484,111,False,47795712,47795712,861184,4977960,0.034226,0.115327,172.486486,60.387387,3,272,60187288576,60187288576
1485,92,False,39614464,39614464,861184,4501900,0.037186,0.129995,188.206522,66.347826,3,376,60226903040,60226903040
1486,97,False,41767424,41767424,861184,4289480,0.034585,0.129267,170.082474,59.257732,6,214,60268670464,60268670464
1487,94,False,40475648,40475648,861184,3744780,0.029709,0.116871,153.223404,53.510638,1,320,60309146112,60309146112
1488,102,False,43920384,43920384,861184,3950700,0.030112,0.123668,148.970588,51.950980,3,320,60353066496,60353066496
1489,100,False,43059200,43059200,861184,4367480,0.033231,0.119233,167.980000,58.620000,7,272,60396125696,60396125696
1490,107,False,46073344,46073344,861184,4287400,0.033207,0.128020,154.112150,53.514019,1,255,60442199040,60442199040
1491,101,False,43489792,43489792,861184,4264520,0.033855,0.125051,162.396040,56.346535,3,240,60485688832,60485688832
1492,76,False,32724992,32724992,861184,3507660,0.034972,0.153895,177.513158,62.105263,6,267,60518413824,60518413824
1493,91,False,39183872,39183872,861184,3379220,0.027659,0.119502,142.824176,49.516484,3,278,60557597696,60557597696
1494,97,False,41767424,41767424,861184,3721640,0.028884,0.122236,147.567010,51.391753,5,255,60599365120,60599365120
1495,98,False,42198016,42198016,861184,4442100,0.033546,0.131660,174.336735,60.744898,5,242,60641563136,60641563136
1496,102,False,43920384,43920384,861184,4619160,0.032670,0.126095,174.176471,61.039216,4,272,60685483520,60685483520
1497,96,False,41336832,41336832,861184,3591120,0.028757,0.116357,143.875000,50.041667,2,255,60726820352,60726820352
1498,92,False,39614464,39614464,861184,3552900,0.029439,0.141802,148.532609,51.478261,5,255,60766434816,60766434816
1499,96,False,41336832,41336832,861184,4427280,0.036398,0.130680,177.375000,62.000000,1,255,60807771648,60807771648
1500,82,False,35308544,35308544,861184,3894280,0.037607,0.145703,182.658537,64.170732,2,272,60843080192,60843080192
1501,89,False,38322688,38322688,861184,3703180,0.030332,0.131577,160.033708,55.741573,3,272,60881402880,60881402880
1502,96,False,41336832,41336832,861184,4092140,0.031914,0.122762,163.947917,57.427083,3,376,60922739712,60922739712
1503,97,False,41767424,41767424,861184,3472820,0.028769,0.133475,137.701031,47.597938,3,176,60964507136,60964507136
1504,96,False,41336832,41336832,861184,4247880,0.032825,0.123268,170.187500,59.437500,1,272,61005843968,61005843968
1505,93,False,40045056,40045056,861184,3786900,0.030102,0.116048,156.612903,54.548387,1,196,61045889024,61045889024
1506,91,False,39183872,39183872,861184,3742700,0.032158,0.126508,158.186813,54.758242,3,238,61085072896,61085072896
1507,86,False,37030912,37030912,861184,3817580,0.032819,0.138739,170.732558,59.744186,5,272,61122103808,61122103808
1508,95,False,40906240,40906240,861184,3441880,0.028874,0.128313,139.347368,48.178947,5,159,61163010048,61163010048
1509,90,False,38753280,38753280,861184,3581760,0.031280,0.138429,153.066667,53.100000,6,267,61201763328,61201763328
1510,105,False,45212160,45212160,861184,4443920,0.031791,0.122593,162.780952,56.800000,1,272,61246975488,61246975488
1511,101,False,43489792,43489792,861184,3930940,0.028629,0.122619,149.693069,51.900990,2,272,61290465280,61290465280
1512,107,False,46073344,46073344,861184,4947020,0.036632,0.121248,177.822430,62.635514,4,376,61336538624,61336538624
1513,92,False,39614464,39614464,861184,3704480,0.032240,0.133775,154.869565,54.010870,5,272,61376153088,61376153088
1514,90,False,38753280,38753280,861184,4154020,0.034918,0.132434,177.522222,62.266667,5,278,61414906368,61414906368
1515,86,False,37030912,37030912,861184,3262220,0.029609,0.131639,145.895349,50.569767,5,196,61451937280,61451937280
1516,107,False,46073344,46073344,861184,4110340,0.031592,0.127525,147.747664,51.037383,5,224,61498010624,61498010624
1517,87,False,37461504,37461504,861184,3356080,0.028820,0.131716,148.367816,51.597701,5,255,61535472128,61535472128
1518,113,False,48656896,48656896,861184,4994600,0.032254,0.112918,170.000000,59.230088,5,278,61584129024,61584129024
1519,94,False,40475648,40475648,861184,4130100,0.031505,0.123192,168.989362,59.138298,1,272,61624604672,61624604672
1520,80,False,34447360,34447360,861184,2493920,0.025889,0.140522,119.900000,41.325000,5,206,61659052032,61659052032
